Start,End,Start (sec),End (sec),Speaker,Role,Dialogue,Diarized As,Video URL
0:00:05.92,0:00:08.88,5.92,8.88,Michelle Pierce,"Claremont School Board member (self-ID 'My name is Michelle Pierce' [73, 140]; 'Michelle' recognitions [397, 464, 719, 735]; answers 'Michelle Pierce' in roll-call vote [230-231])",The high profile case.,Speaker 1,https://reflect-claremont.cablecast.tv/internetchannel/show/10093?site=1&seekto=5
0:00:08.96,0:00:18.68,8.96,18.68,Frank Sprague,"Claremont School Board Chair (self-ID 'I'm Frank Sprague' [89, 159]; calls meeting to order [1], runs agenda, hearing and votes; addressed 'Mister chair' [171], 'Mr. Sprague' [291])",To bring the school board meeting to order. Please rise for the Pledge of Allegiance.,Speaker 2,https://reflect-claremont.cablecast.tv/internetchannel/show/10093?site=1&seekto=8
0:00:18.76,0:00:28.56,18.76,28.56,Frank Sprague,"Claremont School Board Chair (self-ID 'I'm Frank Sprague' [89, 159]; calls meeting to order [1], runs agenda, hearing and votes; addressed 'Mister chair' [171], 'Mr. Sprague' [291])","I pledge allegiance to the flag of the United States of America, and to the Republic for which it stands. One nation under God, indivisible.",Speaker 2,https://reflect-claremont.cablecast.tv/internetchannel/show/10093?site=1&seekto=18
0:00:28.76,0:00:29.84,28.76,29.84,Michelle Pierce,"Claremont School Board member (self-ID 'My name is Michelle Pierce' [73, 140]; 'Michelle' recognitions [397, 464, 719, 735]; answers 'Michelle Pierce' in roll-call vote [230-231])",With liberty and.,Speaker 1,https://reflect-claremont.cablecast.tv/internetchannel/show/10093?site=1&seekto=28
0:00:29.84,0:00:41.58,29.84,41.58,Frank Sprague,"Claremont School Board Chair (self-ID 'I'm Frank Sprague' [89, 159]; calls meeting to order [1], runs agenda, hearing and votes; addressed 'Mister chair' [171], 'Mr. Sprague' [291])",Justice for all. Okay.,Speaker 2,https://reflect-claremont.cablecast.tv/internetchannel/show/10093?site=1&seekto=29
0:00:41.66,0:01:03.24,41.66,63.24,Michelle Pierce,"Claremont School Board member (self-ID 'My name is Michelle Pierce' [73, 140]; 'Michelle' recognitions [397, 464, 719, 735]; answers 'Michelle Pierce' in roll-call vote [230-231])",You cut down.,Speaker 1,https://reflect-claremont.cablecast.tv/internetchannel/show/10093?site=1&seekto=41
0:01:03.32,0:01:05.20,63.32,65.20,Michelle Pierce,"Claremont School Board member (self-ID 'My name is Michelle Pierce' [73, 140]; 'Michelle' recognitions [397, 464, 719, 735]; answers 'Michelle Pierce' in roll-call vote [230-231])",During this time.,Speaker 1,https://reflect-claremont.cablecast.tv/internetchannel/show/10093?site=1&seekto=63
0:01:05.28,0:01:10.20,65.28,70.20,Frank Sprague,"Claremont School Board Chair (self-ID 'I'm Frank Sprague' [89, 159]; calls meeting to order [1], runs agenda, hearing and votes; addressed 'Mister chair' [171], 'Mr. Sprague' [291])",Okay.,Speaker 2,https://reflect-claremont.cablecast.tv/internetchannel/show/10093?site=1&seekto=65
0:01:10.28,0:01:19.32,70.28,79.32,Frank Sprague,"Claremont School Board Chair (self-ID 'I'm Frank Sprague' [89, 159]; calls meeting to order [1], runs agenda, hearing and votes; addressed 'Mister chair' [171], 'Mr. Sprague' [291])",So I guess this time.,Speaker 2,https://reflect-claremont.cablecast.tv/internetchannel/show/10093?site=1&seekto=70
0:01:19.40,0:01:33.04,79.40,93.04,Frank Sprague,"Claremont School Board Chair (self-ID 'I'm Frank Sprague' [89, 159]; calls meeting to order [1], runs agenda, hearing and votes; addressed 'Mister chair' [171], 'Mr. Sprague' [291])","Food service. Donation. And as for point of information for those watching, whenever we have a donation, that's over $500.",Speaker 2,https://reflect-claremont.cablecast.tv/internetchannel/show/10093?site=1&seekto=79
0:01:33.12,0:01:39.52,93.12,99.52,Michelle Pierce,"Claremont School Board member (self-ID 'My name is Michelle Pierce' [73, 140]; 'Michelle' recognitions [397, 464, 719, 735]; answers 'Michelle Pierce' in roll-call vote [230-231])","Whenever we have a donation of over $500, we require a board approval. But any donation over 5005 via a public.",Speaker 1,https://reflect-claremont.cablecast.tv/internetchannel/show/10093?site=1&seekto=93
0:01:39.52,0:02:08.84,99.52,128.84,Frank Sprague,"Claremont School Board Chair (self-ID 'I'm Frank Sprague' [89, 159]; calls meeting to order [1], runs agenda, hearing and votes; addressed 'Mister chair' [171], 'Mr. Sprague' [291])","Hearing requires a public hearing. So  at this point, we have, received some donations that exceed that amount. So we are having a hard hearing. So any citizens would like to comment only on topic of food service donations. You do have a list in your folder of those other than we have one other. If you would approach in stage or one.",Speaker 2,https://reflect-claremont.cablecast.tv/internetchannel/show/10093?site=1&seekto=99
0:02:08.92,0:02:21.66,128.92,141.66,Frank Sprague,"Claremont School Board Chair (self-ID 'I'm Frank Sprague' [89, 159]; calls meeting to order [1], runs agenda, hearing and votes; addressed 'Mister chair' [171], 'Mr. Sprague' [291])","Seeing none, I will close the public hearing and we will open the school board meeting.",Speaker 2,https://reflect-claremont.cablecast.tv/internetchannel/show/10093?site=1&seekto=128
0:02:21.74,0:02:37.67,141.74,157.67,Frank Sprague,"Claremont School Board Chair (self-ID 'I'm Frank Sprague' [89, 159]; calls meeting to order [1], runs agenda, hearing and votes; addressed 'Mister chair' [171], 'Mr. Sprague' [291])","We already did the Pledge of Allegiance, and I would remind folks to turn off cell phones and electronic devices. Mrs. Goodman, just a little walk on, please.",Speaker 2,https://reflect-claremont.cablecast.tv/internetchannel/show/10093?site=1&seekto=141
0:02:37.75,0:02:49.66,157.75,169.66,Michelle Pierce,"Claremont School Board member (self-ID 'My name is Michelle Pierce' [73, 140]; 'Michelle' recognitions [397, 464, 719, 735]; answers 'Michelle Pierce' in roll-call vote [230-231])","Here, here, here, here, here, here.",Speaker 1,https://reflect-claremont.cablecast.tv/internetchannel/show/10093?site=1&seekto=157
0:02:49.74,0:02:54.52,169.74,174.52,Frank Sprague,"Claremont School Board Chair (self-ID 'I'm Frank Sprague' [89, 159]; calls meeting to order [1], runs agenda, hearing and votes; addressed 'Mister chair' [171], 'Mr. Sprague' [291])",Okay.,Speaker 2,https://reflect-claremont.cablecast.tv/internetchannel/show/10093?site=1&seekto=169
0:02:54.60,0:03:03.48,174.60,183.48,Frank Sprague,"Claremont School Board Chair (self-ID 'I'm Frank Sprague' [89, 159]; calls meeting to order [1], runs agenda, hearing and votes; addressed 'Mister chair' [171], 'Mr. Sprague' [291])",Would review the agenda. Is there any adjustments to the agenda?,Speaker 2,https://reflect-claremont.cablecast.tv/internetchannel/show/10093?site=1&seekto=174
0:03:03.56,0:03:05.36,183.56,185.36,Frank Sprague,"Claremont School Board Chair (self-ID 'I'm Frank Sprague' [89, 159]; calls meeting to order [1], runs agenda, hearing and votes; addressed 'Mister chair' [171], 'Mr. Sprague' [291])",We'll look for a motion to approve that.,Speaker 2,https://reflect-claremont.cablecast.tv/internetchannel/show/10093?site=1&seekto=183
0:03:05.52,0:03:07.44,185.52,187.44,Unidentified,Unidentified - board member beginning the agenda motion [18],I move that we approve the.,Speaker 3,https://reflect-claremont.cablecast.tv/internetchannel/show/10093?site=1&seekto=185
0:03:07.52,0:03:09.24,187.52,189.24,Jason Benware,"Claremont School Board member (chair: 'Jason and Michelle want to make...' [532] -> [533]; 'Okay, Jason' [593] -> [596]; first in roll-call vote order [228]; budget subcommittee member with Sprague and Petrin [584])",Agenda as it's written.,Speaker 4,https://reflect-claremont.cablecast.tv/internetchannel/show/10093?site=1&seekto=187
0:03:09.45,0:03:10.56,189.45,190.56,Michelle Pierce,"Claremont School Board member (self-ID 'My name is Michelle Pierce' [73, 140]; 'Michelle' recognitions [397, 464, 719, 735]; answers 'Michelle Pierce' in roll-call vote [230-231])","Well, second.",Speaker 1,https://reflect-claremont.cablecast.tv/internetchannel/show/10093?site=1&seekto=189
0:03:10.64,0:03:14.32,190.64,194.32,Frank Sprague,"Claremont School Board Chair (self-ID 'I'm Frank Sprague' [89, 159]; calls meeting to order [1], runs agenda, hearing and votes; addressed 'Mister chair' [171], 'Mr. Sprague' [291])",Any further discussion? All those in favor?,Speaker 2,https://reflect-claremont.cablecast.tv/internetchannel/show/10093?site=1&seekto=190
0:03:14.44,0:03:15.16,194.44,195.16,Michelle Pierce,"Claremont School Board member (self-ID 'My name is Michelle Pierce' [73, 140]; 'Michelle' recognitions [397, 464, 719, 735]; answers 'Michelle Pierce' in roll-call vote [230-231])",Aye.,Speaker 1,https://reflect-claremont.cablecast.tv/internetchannel/show/10093?site=1&seekto=194
0:03:15.24,0:03:19.40,195.24,199.40,Frank Sprague,"Claremont School Board Chair (self-ID 'I'm Frank Sprague' [89, 159]; calls meeting to order [1], runs agenda, hearing and votes; addressed 'Mister chair' [171], 'Mr. Sprague' [291])",Opposed? Okay.,Speaker 2,https://reflect-claremont.cablecast.tv/internetchannel/show/10093?site=1&seekto=195
0:03:19.48,0:03:32.75,199.48,212.75,Frank Sprague,"Claremont School Board Chair (self-ID 'I'm Frank Sprague' [89, 159]; calls meeting to order [1], runs agenda, hearing and votes; addressed 'Mister chair' [171], 'Mr. Sprague' [291])","So, approval of minutes from October 14th and October 17th. That would be our, retreat and then our regular board meeting. Right. Yes.",Speaker 2,https://reflect-claremont.cablecast.tv/internetchannel/show/10093?site=1&seekto=199
0:03:32.83,0:03:37.98,212.83,217.98,Michelle Pierce,"Claremont School Board member (self-ID 'My name is Michelle Pierce' [73, 140]; 'Michelle' recognitions [397, 464, 719, 735]; answers 'Michelle Pierce' in roll-call vote [230-231])",On.,Speaker 1,https://reflect-claremont.cablecast.tv/internetchannel/show/10093?site=1&seekto=212
0:03:38.06,0:03:59.94,218.06,239.94,Michelle Pierce,"Claremont School Board member (self-ID 'My name is Michelle Pierce' [73, 140]; 'Michelle' recognitions [397, 464, 719, 735]; answers 'Michelle Pierce' in roll-call vote [230-231])","Something. And there are several places in the minutes where it says Assistant Superintendent Doctor Fifer and there are like one, two, three, four, five, six different places. So I don't know what happened, but the spot to be corrected to Adrian. Superintendent. Okay. Not assistant.",Speaker 1,https://reflect-claremont.cablecast.tv/internetchannel/show/10093?site=1&seekto=218
0:03:59.98,0:04:01.70,239.98,241.70,Frank Sprague,"Claremont School Board Chair (self-ID 'I'm Frank Sprague' [89, 159]; calls meeting to order [1], runs agenda, hearing and votes; addressed 'Mister chair' [171], 'Mr. Sprague' [291])",Thank you for catching that.,Speaker 2,https://reflect-claremont.cablecast.tv/internetchannel/show/10093?site=1&seekto=239
0:04:01.78,0:04:06.27,241.78,246.27,Michelle Pierce,"Claremont School Board member (self-ID 'My name is Michelle Pierce' [73, 140]; 'Michelle' recognitions [397, 464, 719, 735]; answers 'Michelle Pierce' in roll-call vote [230-231])",Thank you. Doctor.,Speaker 1,https://reflect-claremont.cablecast.tv/internetchannel/show/10093?site=1&seekto=241
0:04:06.35,0:04:08.08,246.35,248.08,Frank Sprague,"Claremont School Board Chair (self-ID 'I'm Frank Sprague' [89, 159]; calls meeting to order [1], runs agenda, hearing and votes; addressed 'Mister chair' [171], 'Mr. Sprague' [291])",So okay.,Speaker 2,https://reflect-claremont.cablecast.tv/internetchannel/show/10093?site=1&seekto=246
0:04:08.16,0:04:13.64,248.16,253.64,Michelle Pierce,"Claremont School Board member (self-ID 'My name is Michelle Pierce' [73, 140]; 'Michelle' recognitions [397, 464, 719, 735]; answers 'Michelle Pierce' in roll-call vote [230-231])",Make a motion to accept them as adjusted. Yes. Or Miss Mary.,Speaker 1,https://reflect-claremont.cablecast.tv/internetchannel/show/10093?site=1&seekto=248
0:04:13.80,0:04:15.52,253.80,255.52,Jason Benware,"Claremont School Board member (chair: 'Jason and Michelle want to make...' [532] -> [533]; 'Okay, Jason' [593] -> [596]; first in roll-call vote order [228]; budget subcommittee member with Sprague and Petrin [584])",I'll second that.,Speaker 4,https://reflect-claremont.cablecast.tv/internetchannel/show/10093?site=1&seekto=253
0:04:15.60,0:04:20.47,255.60,260.47,Frank Sprague,"Claremont School Board Chair (self-ID 'I'm Frank Sprague' [89, 159]; calls meeting to order [1], runs agenda, hearing and votes; addressed 'Mister chair' [171], 'Mr. Sprague' [291])","All those in favor?  Aye, aye.",Speaker 2,https://reflect-claremont.cablecast.tv/internetchannel/show/10093?site=1&seekto=255
0:04:20.55,0:04:24.52,260.55,264.52,Unidentified,Unidentified - cluster mixes short interjections from several board members and others; see overrides,In front of you.,Speaker 5,https://reflect-claremont.cablecast.tv/internetchannel/show/10093?site=1&seekto=260
0:04:24.60,0:05:03.62,264.60,303.62,Frank Sprague,"Claremont School Board Chair (self-ID 'I'm Frank Sprague' [89, 159]; calls meeting to order [1], runs agenda, hearing and votes; addressed 'Mister chair' [171], 'Mr. Sprague' [291])","So, student, I don't see a student rep tonight, so bypass that and go to the superintendent's report.",Speaker 2,https://reflect-claremont.cablecast.tv/internetchannel/show/10093?site=1&seekto=264
0:05:03.70,0:05:08.90,303.70,308.90,Frank Sprague,"Claremont School Board Chair (self-ID 'I'm Frank Sprague' [89, 159]; calls meeting to order [1], runs agenda, hearing and votes; addressed 'Mister chair' [171], 'Mr. Sprague' [291])",Superintendent's report? Oh. I'm sorry. Okay.,Speaker 2,https://reflect-claremont.cablecast.tv/internetchannel/show/10093?site=1&seekto=303
0:05:08.98,0:05:09.70,308.98,309.70,Frank Sprague,"Claremont School Board Chair (self-ID 'I'm Frank Sprague' [89, 159]; calls meeting to order [1], runs agenda, hearing and votes; addressed 'Mister chair' [171], 'Mr. Sprague' [291])",The fall.,Speaker 2,https://reflect-claremont.cablecast.tv/internetchannel/show/10093?site=1&seekto=308
0:05:09.70,0:05:36.62,309.70,336.62,Keith Pfeifer,"Interim Superintendent, SAU 6 (gives the superintendent's report [37-41] when the chair calls it [35]; chair thanks 'Doctor Pfeiffer' [99]; speaks for 'administration' [631])","Is flying by, I guess. First knowledge the effort of the girls on Sunday night against Hoffman. They played their hearts out, and they came up. And in short.  But, you know, they played with termination. And to get to the state finals is a reward. And to itself, I'm sure they're disappointed, but well done. And I let them know that to the coach.",Speaker 6,https://reflect-claremont.cablecast.tv/internetchannel/show/10093?site=1&seekto=309
0:05:36.70,0:06:04.42,336.70,364.42,Keith Pfeifer,"Interim Superintendent, SAU 6 (gives the superintendent's report [37-41] when the chair calls it [35]; chair thanks 'Doctor Pfeiffer' [99]; speaks for 'administration' [631])","The Budget committee has met twice so far and have a third meeting on  on Friday,  9 to 12 at here.  We are proceeding through the budget program by program and level by level, do the loss of stabilization funds and catastrophic aid will be challenged to produce a level funded budget. But we are proceeding with that in mind for the direction of the port.",Speaker 6,https://reflect-claremont.cablecast.tv/internetchannel/show/10093?site=1&seekto=336
0:06:04.50,0:06:35.14,364.50,395.14,Keith Pfeifer,"Interim Superintendent, SAU 6 (gives the superintendent's report [37-41] when the chair calls it [35]; chair thanks 'Doctor Pfeiffer' [99]; speaks for 'administration' [631])","On Monday, first quarter, parent conferences  were held and had excellent attendance. You know, face to face parent Guardian conferences are essential element to connecting with parents and guardians. We gain a lot of understanding about children's and families through these conferences. So well done to our staff.  One to let you know under Corey's leadership  that we have multiple things we're working on in terms of curriculum.",Speaker 6,https://reflect-claremont.cablecast.tv/internetchannel/show/10093?site=1&seekto=364
0:06:35.22,0:07:11.30,395.22,431.30,Keith Pfeifer,"Interim Superintendent, SAU 6 (gives the superintendent's report [37-41] when the chair calls it [35]; chair thanks 'Doctor Pfeiffer' [99]; speaks for 'administration' [631])","Certainly development of a comprehensive cycle. So you can see that and we'll provide that to you. Once approved, full invitation of the K through five writing curriculum.  We're working on development and implementation of the writing curriculum in grades five through eight.  Development of a reading curriculum in grades five through eight.  We're restructuring some of the CTE curriculum and continuing of work around embedded credits.",Speaker 6,https://reflect-claremont.cablecast.tv/internetchannel/show/10093?site=1&seekto=395
0:07:11.38,0:07:49.14,431.38,469.14,Keith Pfeifer,"Interim Superintendent, SAU 6 (gives the superintendent's report [37-41] when the chair calls it [35]; chair thanks 'Doctor Pfeiffer' [99]; speaks for 'administration' [631])","We do have two curriculum coordinators, and the team members talk with these other school board sessions that will be here to talk to you about their work.  We have completed a state of New Hampshire DOE special education and last week a title 3SOL. We are awaiting the results. I you know the title 311 particularly well. So we're pleased we have now entered the second semester and continue to focus on student learning and results moving forward.",Speaker 6,https://reflect-claremont.cablecast.tv/internetchannel/show/10093?site=1&seekto=431
0:07:49.22,0:07:53.35,469.22,473.35,Frank Sprague,"Claremont School Board Chair (self-ID 'I'm Frank Sprague' [89, 159]; calls meeting to order [1], runs agenda, hearing and votes; addressed 'Mister chair' [171], 'Mr. Sprague' [291])","Sorry. Years gone by fast, right?",Speaker 2,https://reflect-claremont.cablecast.tv/internetchannel/show/10093?site=1&seekto=469
0:07:53.38,0:07:55.54,473.38,475.54,Michelle Pierce,"Claremont School Board member (self-ID 'My name is Michelle Pierce' [73, 140]; 'Michelle' recognitions [397, 464, 719, 735]; answers 'Michelle Pierce' in roll-call vote [230-231])",Yeah.,Speaker 1,https://reflect-claremont.cablecast.tv/internetchannel/show/10093?site=1&seekto=473
0:07:55.62,0:08:13.05,475.62,493.05,Frank Sprague,"Claremont School Board Chair (self-ID 'I'm Frank Sprague' [89, 159]; calls meeting to order [1], runs agenda, hearing and votes; addressed 'Mister chair' [171], 'Mr. Sprague' [291])","I mean, speaking of the girls soccer game, I want to thank Mr. Osgood, who was posted to Facebook so the whole community could sort of still ask it so the whole community could see what was happening in real time. So thank you for doing that, Mr. Osgood. I know I was watching.",Speaker 2,https://reflect-claremont.cablecast.tv/internetchannel/show/10093?site=1&seekto=475
0:08:13.06,0:08:15.78,493.06,495.78,Michelle Pierce,"Claremont School Board member (self-ID 'My name is Michelle Pierce' [73, 140]; 'Michelle' recognitions [397, 464, 719, 735]; answers 'Michelle Pierce' in roll-call vote [230-231])",So thank you. Was awesome.,Speaker 1,https://reflect-claremont.cablecast.tv/internetchannel/show/10093?site=1&seekto=493
0:08:15.86,0:08:18.54,495.86,498.54,Frank Sprague,"Claremont School Board Chair (self-ID 'I'm Frank Sprague' [89, 159]; calls meeting to order [1], runs agenda, hearing and votes; addressed 'Mister chair' [171], 'Mr. Sprague' [291])",Okay.,Speaker 2,https://reflect-claremont.cablecast.tv/internetchannel/show/10093?site=1&seekto=495
0:08:18.62,0:08:20.74,498.62,500.74,Michelle Pierce,"Claremont School Board member (self-ID 'My name is Michelle Pierce' [73, 140]; 'Michelle' recognitions [397, 464, 719, 735]; answers 'Michelle Pierce' in roll-call vote [230-231])",Continue here.,Speaker 1,https://reflect-claremont.cablecast.tv/internetchannel/show/10093?site=1&seekto=498
0:08:20.82,0:08:34.36,500.82,514.36,Frank Sprague,"Claremont School Board Chair (self-ID 'I'm Frank Sprague' [89, 159]; calls meeting to order [1], runs agenda, hearing and votes; addressed 'Mister chair' [171], 'Mr. Sprague' [291])","Citizens comments. If we have any citizens that would like to, approach to the board seeing none.",Speaker 2,https://reflect-claremont.cablecast.tv/internetchannel/show/10093?site=1&seekto=500
0:08:34.44,0:09:03.04,514.44,543.04,Frank Sprague,"Claremont School Board Chair (self-ID 'I'm Frank Sprague' [89, 159]; calls meeting to order [1], runs agenda, hearing and votes; addressed 'Mister chair' [171], 'Mr. Sprague' [291])","I'll close citizens comments. At this time we're going to transition into discussion action items in the first, of which is appointment of a new board member. So we have two candidates here tonight. And, I guess I would ask that, one of you would, leave the room, not leave the building, but leave the room while, here.",Speaker 2,https://reflect-claremont.cablecast.tv/internetchannel/show/10093?site=1&seekto=514
0:09:03.04,0:09:04.92,543.04,544.92,Keith Pfeifer,"Interim Superintendent, SAU 6 (gives the superintendent's report [37-41] when the chair calls it [35]; chair thanks 'Doctor Pfeiffer' [99]; speaks for 'administration' [631])",We go. Take care.,Speaker 6,https://reflect-claremont.cablecast.tv/internetchannel/show/10093?site=1&seekto=543
0:09:05.00,0:09:12.28,545.00,552.28,Frank Sprague,"Claremont School Board Chair (self-ID 'I'm Frank Sprague' [89, 159]; calls meeting to order [1], runs agenda, hearing and votes; addressed 'Mister chair' [171], 'Mr. Sprague' [291])",While we speak. So we would like to go. Who wants to go first?,Speaker 2,https://reflect-claremont.cablecast.tv/internetchannel/show/10093?site=1&seekto=545
0:09:12.36,0:09:16.52,552.36,556.52,Frank Sprague,"Claremont School Board Chair (self-ID 'I'm Frank Sprague' [89, 159]; calls meeting to order [1], runs agenda, hearing and votes; addressed 'Mister chair' [171], 'Mr. Sprague' [291])",How are we?,Speaker 2,https://reflect-claremont.cablecast.tv/internetchannel/show/10093?site=1&seekto=552
0:09:16.60,0:09:17.76,556.60,557.76,Frank Sprague,"Claremont School Board Chair (self-ID 'I'm Frank Sprague' [89, 159]; calls meeting to order [1], runs agenda, hearing and votes; addressed 'Mister chair' [171], 'Mr. Sprague' [291])",Okay.,Speaker 2,https://reflect-claremont.cablecast.tv/internetchannel/show/10093?site=1&seekto=556
0:09:17.84,0:09:19.28,557.84,559.28,Michelle Pierce,"Claremont School Board member (self-ID 'My name is Michelle Pierce' [73, 140]; 'Michelle' recognitions [397, 464, 719, 735]; answers 'Michelle Pierce' in roll-call vote [230-231])",Thank you.,Speaker 1,https://reflect-claremont.cablecast.tv/internetchannel/show/10093?site=1&seekto=557
0:09:19.36,0:09:22.44,559.36,562.44,Unidentified,Unidentified - cluster mixes short interjections from several board members and others; see overrides,Yeah. Just curious. How are we going to have a third person?,Speaker 5,https://reflect-claremont.cablecast.tv/internetchannel/show/10093?site=1&seekto=559
0:09:22.52,0:09:23.84,562.52,563.84,Michelle Pierce,"Claremont School Board member (self-ID 'My name is Michelle Pierce' [73, 140]; 'Michelle' recognitions [397, 464, 719, 735]; answers 'Michelle Pierce' in roll-call vote [230-231])","Yeah, we're. Are we going to do that?",Speaker 1,https://reflect-claremont.cablecast.tv/internetchannel/show/10093?site=1&seekto=562
0:09:23.92,0:09:46.32,563.92,586.32,Frank Sprague,"Claremont School Board Chair (self-ID 'I'm Frank Sprague' [89, 159]; calls meeting to order [1], runs agenda, hearing and votes; addressed 'Mister chair' [171], 'Mr. Sprague' [291])","Okay, so let me just show everybody. Well, what we're going to do is we're going to hear from both of you, and then we will, go into nonpublic deliberate and then come back into session. And if  you are the person that is going to be our new board member, you get to stay and finish the meeting with us.",Speaker 2,https://reflect-claremont.cablecast.tv/internetchannel/show/10093?site=1&seekto=563
0:09:46.36,0:09:47.01,586.36,587.01,Michelle Pierce,"Claremont School Board member (self-ID 'My name is Michelle Pierce' [73, 140]; 'Michelle' recognitions [397, 464, 719, 735]; answers 'Michelle Pierce' in roll-call vote [230-231])",Okay.,Speaker 1,https://reflect-claremont.cablecast.tv/internetchannel/show/10093?site=1&seekto=586
0:09:47.09,0:09:49.12,587.09,589.12,Frank Sprague,"Claremont School Board Chair (self-ID 'I'm Frank Sprague' [89, 159]; calls meeting to order [1], runs agenda, hearing and votes; addressed 'Mister chair' [171], 'Mr. Sprague' [291])",So as a new board member. So if.,Speaker 2,https://reflect-claremont.cablecast.tv/internetchannel/show/10093?site=1&seekto=587
0:09:49.12,0:09:50.48,589.12,590.48,Unidentified,Unidentified - cluster mixes short interjections from several board members and others; see overrides,You.,Speaker 5,https://reflect-claremont.cablecast.tv/internetchannel/show/10093?site=1&seekto=589
0:09:50.56,0:09:51.24,590.56,591.24,Michelle Pierce,"Claremont School Board member (self-ID 'My name is Michelle Pierce' [73, 140]; 'Michelle' recognitions [397, 464, 719, 735]; answers 'Michelle Pierce' in roll-call vote [230-231])",Sorry.,Speaker 1,https://reflect-claremont.cablecast.tv/internetchannel/show/10093?site=1&seekto=590
0:09:51.32,0:09:53.92,591.32,593.92,Frank Sprague,"Claremont School Board Chair (self-ID 'I'm Frank Sprague' [89, 159]; calls meeting to order [1], runs agenda, hearing and votes; addressed 'Mister chair' [171], 'Mr. Sprague' [291])","If you'd like, go ahead and introduce yourself.",Speaker 2,https://reflect-claremont.cablecast.tv/internetchannel/show/10093?site=1&seekto=591
0:09:54.00,0:10:10.87,594.00,610.87,Sally Bouchard,"Candidate for school board vacancy, executive director of Community Dental Care (self-ID 'I'm Sally Bouchard' [63]; addressed 'Hi, Sally' [77])","Good evening. I'm Sally Bouchard, member of the community and here in Claremont for about 25 years.",Speaker 7,https://reflect-claremont.cablecast.tv/internetchannel/show/10093?site=1&seekto=594
0:10:10.95,0:10:12.62,610.95,612.62,Michelle Pierce,"Claremont School Board member (self-ID 'My name is Michelle Pierce' [73, 140]; 'Michelle' recognitions [397, 464, 719, 735]; answers 'Michelle Pierce' in roll-call vote [230-231])",Keep going.,Speaker 1,https://reflect-claremont.cablecast.tv/internetchannel/show/10093?site=1&seekto=610
0:10:12.70,0:10:13.74,612.70,613.74,Sally Bouchard,"Candidate for school board vacancy, executive director of Community Dental Care (self-ID 'I'm Sally Bouchard' [63]; addressed 'Hi, Sally' [77])",Okay.,Speaker 7,https://reflect-claremont.cablecast.tv/internetchannel/show/10093?site=1&seekto=612
0:10:13.82,0:10:15.74,613.82,615.74,Michelle Pierce,"Claremont School Board member (self-ID 'My name is Michelle Pierce' [73, 140]; 'Michelle' recognitions [397, 464, 719, 735]; answers 'Michelle Pierce' in roll-call vote [230-231])",So.,Speaker 1,https://reflect-claremont.cablecast.tv/internetchannel/show/10093?site=1&seekto=613
0:10:15.82,0:10:44.58,615.82,644.58,Sally Bouchard,"Candidate for school board vacancy, executive director of Community Dental Care (self-ID 'I'm Sally Bouchard' [63]; addressed 'Hi, Sally' [77])","I started my career teaching gymnastics, dance in ballet, tap and jazz to kids of all ages, from 2 to 20.  I also was a coach for the cheerleading program at Fall Mountain, and  I was taught gymnastics and dance for about 20 years and then moved into dentistry, which brought me here to Claremont. At Community Dental Care, where I'm the executive director.",Speaker 7,https://reflect-claremont.cablecast.tv/internetchannel/show/10093?site=1&seekto=615
0:10:44.66,0:11:16.10,644.66,676.10,Sally Bouchard,"Candidate for school board vacancy, executive director of Community Dental Care (self-ID 'I'm Sally Bouchard' [63]; addressed 'Hi, Sally' [77])","I am also the executive director of the Sullivan County Dental Initiative, which a lot of you are probably familiar with as we go into the schools in Sullivan County.  We've made great impact with the program. One of our biggest impacts has been that under management of Kyle Messier, our hygienist, the program has taken a decay rate for students from 65% over the past nine years, down to 7%.",Speaker 7,https://reflect-claremont.cablecast.tv/internetchannel/show/10093?site=1&seekto=644
0:11:16.18,0:11:58.46,676.18,718.46,Sally Bouchard,"Candidate for school board vacancy, executive director of Community Dental Care (self-ID 'I'm Sally Bouchard' [63]; addressed 'Hi, Sally' [77])","So that's been a really, huge accomplishment. And that was the goal we had set out to do. Most recently,  our program has been invited by NYU to join the second largest research program in the history of the United States. The goal of the program is, again, to reduce the carries rate in children  and how we are devising this plan is that right now,  our program in the school systems takes about 40 minutes per child and costs about $70 per child.",Speaker 7,https://reflect-claremont.cablecast.tv/internetchannel/show/10093?site=1&seekto=676
0:11:58.54,0:12:32.54,718.54,752.54,Sally Bouchard,"Candidate for school board vacancy, executive director of Community Dental Care (self-ID 'I'm Sally Bouchard' [63]; addressed 'Hi, Sally' [77])","We think that we can prove over a five year span  that we can reduce that to a $20 per child at 20 minutes per child. So again, it's really about economics, what you have for finances and being able to bring care to kids and serve the most children you can.  We are also in this program because we know that the New Hampshire Medicaid rate  for dental benefits for children is at about $14 billion a year.",Speaker 7,https://reflect-claremont.cablecast.tv/internetchannel/show/10093?site=1&seekto=718
0:12:32.62,0:12:55.78,752.62,775.78,Sally Bouchard,"Candidate for school board vacancy, executive director of Community Dental Care (self-ID 'I'm Sally Bouchard' [63]; addressed 'Hi, Sally' [77])","We think over our five year research program that we can bring that rate down to $4 billion. So New Hampshire Medicaid is very interested in seeing our statistics when we're through with our research program. And that's where we're currently at right now, just doing dental and hoping to  provide more care to kids and access to care.",Speaker 7,https://reflect-claremont.cablecast.tv/internetchannel/show/10093?site=1&seekto=752
0:12:55.86,0:13:07.10,775.86,787.10,Frank Sprague,"Claremont School Board Chair (self-ID 'I'm Frank Sprague' [89, 159]; calls meeting to order [1], runs agenda, hearing and votes; addressed 'Mister chair' [171], 'Mr. Sprague' [291])","We've got a few questions that you'd like to ask you. So we're going to going around the room and we'll be asking for candidates for all the candidates, the same questions. Okay. Charlie is going to start.",Speaker 2,https://reflect-claremont.cablecast.tv/internetchannel/show/10093?site=1&seekto=775
0:13:07.18,0:13:27.98,787.18,807.98,Michelle Pierce,"Claremont School Board member (self-ID 'My name is Michelle Pierce' [73, 140]; 'Michelle' recognitions [397, 464, 719, 735]; answers 'Michelle Pierce' in roll-call vote [230-231])","Hi. Hi. Hi. I'm Michelle Pierce. Hi. I met you a long time ago, actually. And. Yes. Good to see you.  So what pressing issues do you see as priorities for the Claremont School Board at this point?",Speaker 1,https://reflect-claremont.cablecast.tv/internetchannel/show/10093?site=1&seekto=787
0:13:28.06,0:13:51.38,808.06,831.38,Sally Bouchard,"Candidate for school board vacancy, executive director of Community Dental Care (self-ID 'I'm Sally Bouchard' [63]; addressed 'Hi, Sally' [77])","I think. I one of the obvious would be to find the new superintendent  and  know that his strategic goals and plans for any operate or he or she, district operating expenses and budgetary restrictions are held within the the school board's decisions.",Speaker 7,https://reflect-claremont.cablecast.tv/internetchannel/show/10093?site=1&seekto=808
0:13:51.46,0:13:52.10,831.46,832.10,Michelle Pierce,"Claremont School Board member (self-ID 'My name is Michelle Pierce' [73, 140]; 'Michelle' recognitions [397, 464, 719, 735]; answers 'Michelle Pierce' in roll-call vote [230-231])",Thank you.,Speaker 1,https://reflect-claremont.cablecast.tv/internetchannel/show/10093?site=1&seekto=831
0:13:52.26,0:13:53.74,832.26,833.74,Sally Bouchard,"Candidate for school board vacancy, executive director of Community Dental Care (self-ID 'I'm Sally Bouchard' [63]; addressed 'Hi, Sally' [77])",Thank you.,Speaker 7,https://reflect-claremont.cablecast.tv/internetchannel/show/10093?site=1&seekto=832
0:13:53.82,0:13:54.94,833.82,834.94,Michelle Pierce,"Claremont School Board member (self-ID 'My name is Michelle Pierce' [73, 140]; 'Michelle' recognitions [397, 464, 719, 735]; answers 'Michelle Pierce' in roll-call vote [230-231])","Hi, Sally. Hi.",Speaker 1,https://reflect-claremont.cablecast.tv/internetchannel/show/10093?site=1&seekto=833
0:13:55.02,0:14:10.66,835.02,850.66,Carolyn Towle,"Claremont School Board member (self-ID 'I'm Carolyn Toll' [78], 'I'm Carol' [145]; answers 'Carolyn Tull' in roll-call vote [232-233]; search-committee update [284-286])","I'm Carolyn Toll. Hi. Glad you applied. Thank you. Thank you for doing that. My question is, on what other committees or boards have you served? And you've answered this a little bit, but maybe you could  involve more of an answer?",Speaker 8,https://reflect-claremont.cablecast.tv/internetchannel/show/10093?site=1&seekto=835
0:14:10.78,0:14:42.06,850.78,882.06,Sally Bouchard,"Candidate for school board vacancy, executive director of Community Dental Care (self-ID 'I'm Sally Bouchard' [63]; addressed 'Hi, Sally' [77])","Sure. This would be my first board seat. I do serve on the Public Health Advisory Council and community partners.  I am a recent member of the PTO for the middle school. Good for you. Thank you.  And, we're the Public Health Advisory Council does a lot throughout our region, not just Sullivan County. We work on emergency preparedness, access to care.",Speaker 7,https://reflect-claremont.cablecast.tv/internetchannel/show/10093?site=1&seekto=850
0:14:42.14,0:15:09.86,882.14,909.86,Sally Bouchard,"Candidate for school board vacancy, executive director of Community Dental Care (self-ID 'I'm Sally Bouchard' [63]; addressed 'Hi, Sally' [77])","Looking at how to bring in recovery beds into our communities. And what that really looks like for our emergency room departments, whereas they're being filled by, mental health disorders and recovery issues rather than emergent emergency medical care. So that's one of our biggest challenges right now. Thank you. Thank you.",Speaker 7,https://reflect-claremont.cablecast.tv/internetchannel/show/10093?site=1&seekto=882
0:15:09.94,0:15:23.54,909.94,923.54,Jason Benware,"Claremont School Board member (chair: 'Jason and Michelle want to make...' [532] -> [533]; 'Okay, Jason' [593] -> [596]; first in roll-call vote order [228]; budget subcommittee member with Sprague and Petrin [584])","Hello. What is your level of involvement and awareness of the Claremont School? What has been your level of involvement in awareness of the Claremont School Board, and have you attended any meetings or other school board events?",Speaker 4,https://reflect-claremont.cablecast.tv/internetchannel/show/10093?site=1&seekto=909
0:15:24.42,0:15:55.90,924.42,955.90,Sally Bouchard,"Candidate for school board vacancy, executive director of Community Dental Care (self-ID 'I'm Sally Bouchard' [63]; addressed 'Hi, Sally' [77])","My, I've not attended any meetings of the board to date. My goal is to really become more aware of where our school board challenges are  and bring any, presence to help in that, that I can. I know that we have a lot going on with student overcrowding, bullying, violence in our schools, and I most recently, I'm just aware of those things.",Speaker 7,https://reflect-claremont.cablecast.tv/internetchannel/show/10093?site=1&seekto=924
0:15:55.98,0:16:01.26,955.98,961.26,Sally Bouchard,"Candidate for school board vacancy, executive director of Community Dental Care (self-ID 'I'm Sally Bouchard' [63]; addressed 'Hi, Sally' [77])",The older that my own child gets.,Speaker 7,https://reflect-claremont.cablecast.tv/internetchannel/show/10093?site=1&seekto=955
0:16:01.34,0:16:02.46,961.34,962.46,Jason Benware,"Claremont School Board member (chair: 'Jason and Michelle want to make...' [532] -> [533]; 'Okay, Jason' [593] -> [596]; first in roll-call vote order [228]; budget subcommittee member with Sprague and Petrin [584])",Hello. Thanks for coming.,Speaker 4,https://reflect-claremont.cablecast.tv/internetchannel/show/10093?site=1&seekto=961
0:16:02.50,0:16:04.30,962.50,964.30,Unidentified,Unidentified - cluster mixes short interjections from several board members and others; see overrides,I like.,Speaker 5,https://reflect-claremont.cablecast.tv/internetchannel/show/10093?site=1&seekto=962
0:16:04.38,0:16:13.42,964.38,973.42,Michael Petrin,"Claremont School Board member (self-ID 'I'm Mike patron' [153]; chair: 'Mike, you haven't spoken' [661] -> [662]; 'Mike.' [725] -> [726])",This position. Requires a lot of research and follow through. Please tell me how you think you'll be able to address those two issues.,Speaker 9,https://reflect-claremont.cablecast.tv/internetchannel/show/10093?site=1&seekto=964
0:16:13.50,0:16:37.90,973.50,997.90,Sally Bouchard,"Candidate for school board vacancy, executive director of Community Dental Care (self-ID 'I'm Sally Bouchard' [63]; addressed 'Hi, Sally' [77])","I think with our modern technology, the the research is a lot of internet, email, phone and text, and I'm pretty available.  I don't have a problem with research or follow through,  and I am willing to take on the challenges that would help this board move forward.",Speaker 7,https://reflect-claremont.cablecast.tv/internetchannel/show/10093?site=1&seekto=973
0:16:37.98,0:16:46.58,997.98,1006.58,Frank Sprague,"Claremont School Board Chair (self-ID 'I'm Frank Sprague' [89, 159]; calls meeting to order [1], runs agenda, hearing and votes; addressed 'Mister chair' [171], 'Mr. Sprague' [291])",I'm Frank Sprague. What special thing would you bring to our to our group dynamic that we have here at the board?,Speaker 2,https://reflect-claremont.cablecast.tv/internetchannel/show/10093?site=1&seekto=997
0:16:46.66,0:17:10.14,1006.66,1030.14,Sally Bouchard,"Candidate for school board vacancy, executive director of Community Dental Care (self-ID 'I'm Sally Bouchard' [63]; addressed 'Hi, Sally' [77])","I'd like a district that is responsive to values, beliefs, and priorities for our children and community.  And to work with the district to improve student achievement. I don't think that this position is anything to be taken lightly. We must be willing to listen and to work together, as well as being adept and active problem solvers.",Speaker 7,https://reflect-claremont.cablecast.tv/internetchannel/show/10093?site=1&seekto=1006
0:17:10.22,0:17:12.26,1030.22,1032.26,Unidentified,Unidentified - cluster mixes short interjections from several board members and others; see overrides,Thank you.,Speaker 5,https://reflect-claremont.cablecast.tv/internetchannel/show/10093?site=1&seekto=1030
0:17:12.34,0:17:21.78,1032.34,1041.78,Michelle Pierce,"Claremont School Board member (self-ID 'My name is Michelle Pierce' [73, 140]; 'Michelle' recognitions [397, 464, 719, 735]; answers 'Michelle Pierce' in roll-call vote [230-231])","Okay, so one more for you. Did you fill out the survey for criteria for a new superintendent?",Speaker 1,https://reflect-claremont.cablecast.tv/internetchannel/show/10093?site=1&seekto=1032
0:17:21.86,0:17:25.74,1041.86,1045.74,Sally Bouchard,"Candidate for school board vacancy, executive director of Community Dental Care (self-ID 'I'm Sally Bouchard' [63]; addressed 'Hi, Sally' [77])","I did that was emailed to me, and I filled that out online.",Speaker 7,https://reflect-claremont.cablecast.tv/internetchannel/show/10093?site=1&seekto=1041
0:17:25.78,0:17:32.82,1045.78,1052.82,Michelle Pierce,"Claremont School Board member (self-ID 'My name is Michelle Pierce' [73, 140]; 'Michelle' recognitions [397, 464, 719, 735]; answers 'Michelle Pierce' in roll-call vote [230-231])",Okay. And what did you like about it? And what could have been approved?,Speaker 1,https://reflect-claremont.cablecast.tv/internetchannel/show/10093?site=1&seekto=1045
0:17:32.90,0:17:53.38,1052.90,1073.38,Sally Bouchard,"Candidate for school board vacancy, executive director of Community Dental Care (self-ID 'I'm Sally Bouchard' [63]; addressed 'Hi, Sally' [77])","I think it had an easy, natural flow of questions that made it very quick to get through. I know everybody has huge time constraints these days, so I think that was probably very helpful for most people. And it seems like so long ago that we did that now, but  improvements, I, I thought it was  well done.",Speaker 7,https://reflect-claremont.cablecast.tv/internetchannel/show/10093?site=1&seekto=1052
0:17:53.42,0:18:01.74,1073.42,1081.74,Sally Bouchard,"Candidate for school board vacancy, executive director of Community Dental Care (self-ID 'I'm Sally Bouchard' [63]; addressed 'Hi, Sally' [77])",I don't think there was anything that really stood out to me that I'm remembering now. That felt.,Speaker 7,https://reflect-claremont.cablecast.tv/internetchannel/show/10093?site=1&seekto=1073
0:18:01.82,0:18:03.50,1081.82,1083.50,Sally Bouchard,"Candidate for school board vacancy, executive director of Community Dental Care (self-ID 'I'm Sally Bouchard' [63]; addressed 'Hi, Sally' [77])",Needed improving.,Speaker 7,https://reflect-claremont.cablecast.tv/internetchannel/show/10093?site=1&seekto=1081
0:18:03.58,0:18:07.02,1083.58,1087.02,Michelle Pierce,"Claremont School Board member (self-ID 'My name is Michelle Pierce' [73, 140]; 'Michelle' recognitions [397, 464, 719, 735]; answers 'Michelle Pierce' in roll-call vote [230-231])",You. Thank you. Thank you so much. Thank you.,Speaker 1,https://reflect-claremont.cablecast.tv/internetchannel/show/10093?site=1&seekto=1083
0:18:07.10,0:18:12.90,1087.10,1092.90,Frank Sprague,"Claremont School Board Chair (self-ID 'I'm Frank Sprague' [89, 159]; calls meeting to order [1], runs agenda, hearing and votes; addressed 'Mister chair' [171], 'Mr. Sprague' [291])","That's all we have. So. All right. I think, Doctor Pfeiffer. Yes. Thank you.",Speaker 2,https://reflect-claremont.cablecast.tv/internetchannel/show/10093?site=1&seekto=1087
0:18:13.14,0:18:13.42,1093.14,1093.42,Sally Bouchard,"Candidate for school board vacancy, executive director of Community Dental Care (self-ID 'I'm Sally Bouchard' [63]; addressed 'Hi, Sally' [77])",All right.,Speaker 7,https://reflect-claremont.cablecast.tv/internetchannel/show/10093?site=1&seekto=1093
0:18:13.44,0:18:19.42,1093.44,1099.42,Frank Sprague,"Claremont School Board Chair (self-ID 'I'm Frank Sprague' [89, 159]; calls meeting to order [1], runs agenda, hearing and votes; addressed 'Mister chair' [171], 'Mr. Sprague' [291])","Thank you. Thank you so much. We really, as Carolyn said, we really appreciate your interest.",Speaker 2,https://reflect-claremont.cablecast.tv/internetchannel/show/10093?site=1&seekto=1093
0:18:19.50,0:18:41.38,1099.50,1121.38,Unidentified,Unidentified - cluster mixes short interjections from several board members and others; see overrides,Here.,Speaker 5,https://reflect-claremont.cablecast.tv/internetchannel/show/10093?site=1&seekto=1099
0:18:41.46,0:18:54.34,1121.46,1134.34,Jason Benware,"Claremont School Board member (chair: 'Jason and Michelle want to make...' [532] -> [533]; 'Okay, Jason' [593] -> [596]; first in roll-call vote order [228]; budget subcommittee member with Sprague and Petrin [584])","Before they bring the next one in. I think we should give some. You know, there's a third candidate as well. We can't be here who answered all the questions? I think we should probably go through those and at least read them and listen to the response.",Speaker 4,https://reflect-claremont.cablecast.tv/internetchannel/show/10093?site=1&seekto=1121
0:18:54.38,0:18:54.62,1134.38,1134.62,Unidentified,Unidentified - cluster mixes short interjections from several board members and others; see overrides,Yeah.,Speaker 5,https://reflect-claremont.cablecast.tv/internetchannel/show/10093?site=1&seekto=1134
0:18:54.78,0:18:59.90,1134.78,1139.90,Michelle Pierce,"Claremont School Board member (self-ID 'My name is Michelle Pierce' [73, 140]; 'Michelle' recognitions [397, 464, 719, 735]; answers 'Michelle Pierce' in roll-call vote [230-231])","Well, maybe after we have the third one goes this, this one goes through, then we can do that.",Speaker 1,https://reflect-claremont.cablecast.tv/internetchannel/show/10093?site=1&seekto=1134
0:18:59.98,0:19:00.65,1139.98,1140.65,Jason Benware,"Claremont School Board member (chair: 'Jason and Michelle want to make...' [532] -> [533]; 'Okay, Jason' [593] -> [596]; first in roll-call vote order [228]; budget subcommittee member with Sprague and Petrin [584])",That's what I'm saying.,Speaker 4,https://reflect-claremont.cablecast.tv/internetchannel/show/10093?site=1&seekto=1139
0:19:00.66,0:19:01.38,1140.66,1141.38,Unidentified,Unidentified - cluster mixes short interjections from several board members and others; see overrides,I just needed.,Speaker 5,https://reflect-claremont.cablecast.tv/internetchannel/show/10093?site=1&seekto=1140
0:19:01.38,0:19:02.38,1141.38,1142.38,Frank Sprague,"Claremont School Board Chair (self-ID 'I'm Frank Sprague' [89, 159]; calls meeting to order [1], runs agenda, hearing and votes; addressed 'Mister chair' [171], 'Mr. Sprague' [291])",To hear it is there.,Speaker 2,https://reflect-claremont.cablecast.tv/internetchannel/show/10093?site=1&seekto=1141
0:19:02.46,0:19:05.22,1142.46,1145.22,Unidentified,Unidentified - cluster mixes short interjections from several board members and others; see overrides,I think that's I believe so because.,Speaker 5,https://reflect-claremont.cablecast.tv/internetchannel/show/10093?site=1&seekto=1142
0:19:05.30,0:19:08.23,1145.30,1148.23,Jason Benware,"Claremont School Board member (chair: 'Jason and Michelle want to make...' [532] -> [533]; 'Okay, Jason' [593] -> [596]; first in roll-call vote order [228]; budget subcommittee member with Sprague and Petrin [584])","There is three, not two. It just happens that one's traveling for business.",Speaker 4,https://reflect-claremont.cablecast.tv/internetchannel/show/10093?site=1&seekto=1145
0:19:08.26,0:19:09.70,1148.26,1149.70,Unidentified,Unidentified - cluster mixes short interjections from several board members and others; see overrides,That's a really good point.,Speaker 5,https://reflect-claremont.cablecast.tv/internetchannel/show/10093?site=1&seekto=1148
0:19:09.78,0:19:16.74,1149.78,1156.74,Michelle Pierce,"Claremont School Board member (self-ID 'My name is Michelle Pierce' [73, 140]; 'Michelle' recognitions [397, 464, 719, 735]; answers 'Michelle Pierce' in roll-call vote [230-231])","Yeah. Great. Well, we didn't answer. Thank you. Thank you.",Speaker 1,https://reflect-claremont.cablecast.tv/internetchannel/show/10093?site=1&seekto=1149
0:19:16.82,0:19:17.22,1156.82,1157.22,Unidentified,Unidentified - cluster mixes short interjections from several board members and others; see overrides,Hello.,Speaker 5,https://reflect-claremont.cablecast.tv/internetchannel/show/10093?site=1&seekto=1156
0:19:17.30,0:19:17.86,1157.30,1157.86,Frank Sprague,"Claremont School Board Chair (self-ID 'I'm Frank Sprague' [89, 159]; calls meeting to order [1], runs agenda, hearing and votes; addressed 'Mister chair' [171], 'Mr. Sprague' [291])",Good evening.,Speaker 2,https://reflect-claremont.cablecast.tv/internetchannel/show/10093?site=1&seekto=1157
0:19:17.90,0:19:20.22,1157.90,1160.22,Michelle Pierce,"Claremont School Board member (self-ID 'My name is Michelle Pierce' [73, 140]; 'Michelle' recognitions [397, 464, 719, 735]; answers 'Michelle Pierce' in roll-call vote [230-231])",Good evening. Good evening everyone.,Speaker 1,https://reflect-claremont.cablecast.tv/internetchannel/show/10093?site=1&seekto=1157
0:19:20.30,0:19:23.18,1160.30,1163.18,Sultana,"Candidate for school board vacancy, Unity parent (self-ID 'My name is Sultana' [132]; also heard as 'Ezeiza, Missouri' [116], 'Ezeiza' [118], last name 'Wilton' [120]; surname not recoverable from ASR)","My name is Ezeiza, Missouri.",Speaker 10,https://reflect-claremont.cablecast.tv/internetchannel/show/10093?site=1&seekto=1160
0:19:23.22,0:19:25.14,1163.22,1165.14,Michelle Pierce,"Claremont School Board member (self-ID 'My name is Michelle Pierce' [73, 140]; 'Michelle' recognitions [397, 464, 719, 735]; answers 'Michelle Pierce' in roll-call vote [230-231])",Can you say your name again?,Speaker 1,https://reflect-claremont.cablecast.tv/internetchannel/show/10093?site=1&seekto=1163
0:19:25.22,0:19:27.62,1165.22,1167.62,Sultana,"Candidate for school board vacancy, Unity parent (self-ID 'My name is Sultana' [132]; also heard as 'Ezeiza, Missouri' [116], 'Ezeiza' [118], last name 'Wilton' [120]; surname not recoverable from ASR)",My name is Ezeiza.,Speaker 10,https://reflect-claremont.cablecast.tv/internetchannel/show/10093?site=1&seekto=1165
0:19:27.70,0:19:28.14,1167.70,1168.14,Michelle Pierce,"Claremont School Board member (self-ID 'My name is Michelle Pierce' [73, 140]; 'Michelle' recognitions [397, 464, 719, 735]; answers 'Michelle Pierce' in roll-call vote [230-231])",Yes.,Speaker 1,https://reflect-claremont.cablecast.tv/internetchannel/show/10093?site=1&seekto=1167
0:19:28.34,0:19:33.58,1168.34,1173.58,Sultana,"Candidate for school board vacancy, Unity parent (self-ID 'My name is Sultana' [132]; also heard as 'Ezeiza, Missouri' [116], 'Ezeiza' [118], last name 'Wilton' [120]; surname not recoverable from ASR)",And my last name is Wilton.,Speaker 10,https://reflect-claremont.cablecast.tv/internetchannel/show/10093?site=1&seekto=1168
0:19:33.66,0:19:35.06,1173.66,1175.06,Frank Sprague,"Claremont School Board Chair (self-ID 'I'm Frank Sprague' [89, 159]; calls meeting to order [1], runs agenda, hearing and votes; addressed 'Mister chair' [171], 'Mr. Sprague' [291])",Could you tell? Could you.,Speaker 2,https://reflect-claremont.cablecast.tv/internetchannel/show/10093?site=1&seekto=1173
0:19:35.06,0:19:37.50,1175.06,1177.50,Sultana,"Candidate for school board vacancy, Unity parent (self-ID 'My name is Sultana' [132]; also heard as 'Ezeiza, Missouri' [116], 'Ezeiza' [118], last name 'Wilton' [120]; surname not recoverable from ASR)",Tell you? You want me to spell it?,Speaker 10,https://reflect-claremont.cablecast.tv/internetchannel/show/10093?site=1&seekto=1175
0:19:37.58,0:19:40.10,1177.58,1180.10,Michelle Pierce,"Claremont School Board member (self-ID 'My name is Michelle Pierce' [73, 140]; 'Michelle' recognitions [397, 464, 719, 735]; answers 'Michelle Pierce' in roll-call vote [230-231])","Oh, she.",Speaker 1,https://reflect-claremont.cablecast.tv/internetchannel/show/10093?site=1&seekto=1177
0:19:40.18,0:19:41.82,1180.18,1181.82,Carolyn Towle,"Claremont School Board member (self-ID 'I'm Carolyn Toll' [78], 'I'm Carol' [145]; answers 'Carolyn Tull' in roll-call vote [232-233]; search-committee update [284-286])",She takes the minutes.,Speaker 8,https://reflect-claremont.cablecast.tv/internetchannel/show/10093?site=1&seekto=1180
0:19:41.90,0:19:42.40,1181.90,1182.40,Michelle Pierce,"Claremont School Board member (self-ID 'My name is Michelle Pierce' [73, 140]; 'Michelle' recognitions [397, 464, 719, 735]; answers 'Michelle Pierce' in roll-call vote [230-231])","Oh, I.",Speaker 1,https://reflect-claremont.cablecast.tv/internetchannel/show/10093?site=1&seekto=1181
0:19:42.48,0:19:47.10,1182.48,1187.10,Sultana,"Candidate for school board vacancy, Unity parent (self-ID 'My name is Sultana' [132]; also heard as 'Ezeiza, Missouri' [116], 'Ezeiza' [118], last name 'Wilton' [120]; surname not recoverable from ASR)",I will definitely yes. My name is different. I will definitely give you the spellings. Yes.,Speaker 10,https://reflect-claremont.cablecast.tv/internetchannel/show/10093?site=1&seekto=1182
0:19:47.10,0:19:55.02,1187.10,1195.02,Frank Sprague,"Claremont School Board Chair (self-ID 'I'm Frank Sprague' [89, 159]; calls meeting to order [1], runs agenda, hearing and votes; addressed 'Mister chair' [171], 'Mr. Sprague' [291])",I'll tell you. Let me stop you. I'll tell you a little bit about what we're going to do. We're going to give us an opening statement about yourself. Then we're going to ask you a few questions.,Speaker 2,https://reflect-claremont.cablecast.tv/internetchannel/show/10093?site=1&seekto=1187
0:19:55.10,0:19:55.58,1195.10,1195.58,Unidentified,Unidentified - cluster mixes short interjections from several board members and others; see overrides,Sure.,Speaker 5,https://reflect-claremont.cablecast.tv/internetchannel/show/10093?site=1&seekto=1195
0:19:55.74,0:20:15.42,1195.74,1215.42,Frank Sprague,"Claremont School Board Chair (self-ID 'I'm Frank Sprague' [89, 159]; calls meeting to order [1], runs agenda, hearing and votes; addressed 'Mister chair' [171], 'Mr. Sprague' [291])","And then, we have a third candidate that has, offered some written responses to the questions we're going to. Originally, I was thinking we would do that privately, but we think it's important, my colleagues, that we also share that with the community. So, sure, we'll hear your statement and then ask you questions and move on to that.",Speaker 2,https://reflect-claremont.cablecast.tv/internetchannel/show/10093?site=1&seekto=1195
0:20:15.46,0:20:20.50,1215.46,1220.50,Sultana,"Candidate for school board vacancy, Unity parent (self-ID 'My name is Sultana' [132]; also heard as 'Ezeiza, Missouri' [116], 'Ezeiza' [118], last name 'Wilton' [120]; surname not recoverable from ASR)","Sure. I'm not aware that I have to, make a statement, but.",Speaker 10,https://reflect-claremont.cablecast.tv/internetchannel/show/10093?site=1&seekto=1215
0:20:20.58,0:20:21.86,1220.58,1221.86,Frank Sprague,"Claremont School Board Chair (self-ID 'I'm Frank Sprague' [89, 159]; calls meeting to order [1], runs agenda, hearing and votes; addressed 'Mister chair' [171], 'Mr. Sprague' [291])",Just a little bit about when.,Speaker 2,https://reflect-claremont.cablecast.tv/internetchannel/show/10093?site=1&seekto=1220
0:20:21.90,0:20:55.06,1221.90,1255.06,Sultana,"Candidate for school board vacancy, Unity parent (self-ID 'My name is Sultana' [132]; also heard as 'Ezeiza, Missouri' [116], 'Ezeiza' [118], last name 'Wilton' [120]; surname not recoverable from ASR)","Yes. My name is Sultana and I from the back and from Pakistan.  And in this country, it's almost seven years.  And in this community, almost two years in October. So I work with the schools, government school and NGO schools, non-government schools. I work as a community mobilization.  My primary role was to mobilize the community towards the education, fundraising, almost the same thing which is here, maybe in a different way.",Speaker 10,https://reflect-claremont.cablecast.tv/internetchannel/show/10093?site=1&seekto=1221
0:20:55.14,0:21:23.30,1255.14,1283.30,Sultana,"Candidate for school board vacancy, Unity parent (self-ID 'My name is Sultana' [132]; also heard as 'Ezeiza, Missouri' [116], 'Ezeiza' [118], last name 'Wilton' [120]; surname not recoverable from ASR)","And the other thing is, when I saw the post, I consider myself because my son goes in the school, one of the Unity school, and he's six years old. So the question popped when Stephen High School students once in a week come to meet the students, the juniors. So I ask for access to that students, the Stephen students, before meeting my son because he's six years old.",Speaker 10,https://reflect-claremont.cablecast.tv/internetchannel/show/10093?site=1&seekto=1255
0:21:23.38,0:21:46.46,1283.38,1306.46,Sultana,"Candidate for school board vacancy, Unity parent (self-ID 'My name is Sultana' [132]; also heard as 'Ezeiza, Missouri' [116], 'Ezeiza' [118], last name 'Wilton' [120]; surname not recoverable from ASR)","But I've been told that he is minor from Stephen, the student who is coming. So they don't permit give me permission to meet the student. So the question popped in my mind that in the board we can go and make access, especially for the parents, because my son is minor as compared to the high school student. So I have no access to the high school student.",Speaker 10,https://reflect-claremont.cablecast.tv/internetchannel/show/10093?site=1&seekto=1283
0:21:46.46,0:22:14.06,1306.46,1334.06,Sultana,"Candidate for school board vacancy, Unity parent (self-ID 'My name is Sultana' [132]; also heard as 'Ezeiza, Missouri' [116], 'Ezeiza' [118], last name 'Wilton' [120]; surname not recoverable from ASR)","But the high school student has access to my six years old for 45 minutes once in a week. So that a little bit bothers me. I mean, it bothered me, but they give me a written information about the student.  And the second thing is, being in this community, I saw many other communities. I mean, I was community living in  Claremont, community from Nepal, community from Pakistan, community from  India.",Speaker 10,https://reflect-claremont.cablecast.tv/internetchannel/show/10093?site=1&seekto=1306
0:22:14.14,0:22:25.66,1334.14,1345.66,Sultana,"Candidate for school board vacancy, Unity parent (self-ID 'My name is Sultana' [132]; also heard as 'Ezeiza, Missouri' [116], 'Ezeiza' [118], last name 'Wilton' [120]; surname not recoverable from ASR)",I think I will be a big plus to this board  to make the system easy for them as well as to the school institutions.,Speaker 10,https://reflect-claremont.cablecast.tv/internetchannel/show/10093?site=1&seekto=1334
0:22:25.74,0:22:27.90,1345.74,1347.90,Unidentified,Unidentified - cluster mixes short interjections from several board members and others; see overrides,Thank you.,Speaker 5,https://reflect-claremont.cablecast.tv/internetchannel/show/10093?site=1&seekto=1345
0:22:27.98,0:22:29.38,1347.98,1349.38,Frank Sprague,"Claremont School Board Chair (self-ID 'I'm Frank Sprague' [89, 159]; calls meeting to order [1], runs agenda, hearing and votes; addressed 'Mister chair' [171], 'Mr. Sprague' [291])",I'm going to ask you a few questions now.,Speaker 2,https://reflect-claremont.cablecast.tv/internetchannel/show/10093?site=1&seekto=1347
0:22:29.42,0:22:30.63,1349.42,1350.63,Unidentified,Unidentified - cluster mixes short interjections from several board members and others; see overrides,Sure.,Speaker 5,https://reflect-claremont.cablecast.tv/internetchannel/show/10093?site=1&seekto=1349
0:22:30.71,0:22:47.70,1350.71,1367.70,Michelle Pierce,"Claremont School Board member (self-ID 'My name is Michelle Pierce' [73, 140]; 'Michelle' recognitions [397, 464, 719, 735]; answers 'Michelle Pierce' in roll-call vote [230-231])","Hey, thank you for signing up and being interested in making a difference. My name is Michelle Pierce. What pressing issues. Do you see as priorities for the Claremont School Board at this moment?",Speaker 1,https://reflect-claremont.cablecast.tv/internetchannel/show/10093?site=1&seekto=1350
0:22:47.78,0:22:54.08,1367.78,1374.08,Sultana,"Candidate for school board vacancy, Unity parent (self-ID 'My name is Sultana' [132]; also heard as 'Ezeiza, Missouri' [116], 'Ezeiza' [118], last name 'Wilton' [120]; surname not recoverable from ASR)","As a parent, I think it's a community involvement.",Speaker 10,https://reflect-claremont.cablecast.tv/internetchannel/show/10093?site=1&seekto=1367
0:22:54.16,0:23:10.76,1374.16,1390.76,Sultana,"Candidate for school board vacancy, Unity parent (self-ID 'My name is Sultana' [132]; also heard as 'Ezeiza, Missouri' [116], 'Ezeiza' [118], last name 'Wilton' [120]; surname not recoverable from ASR)","That's my community involvement. I mean, community mobilization, either resources as a volunteer, as a human, I mean resource as a material resource. That's what I feel in business school because my son goes there. That's what I feel.",Speaker 10,https://reflect-claremont.cablecast.tv/internetchannel/show/10093?site=1&seekto=1374
0:23:10.84,0:23:11.44,1390.84,1391.44,Michelle Pierce,"Claremont School Board member (self-ID 'My name is Michelle Pierce' [73, 140]; 'Michelle' recognitions [397, 464, 719, 735]; answers 'Michelle Pierce' in roll-call vote [230-231])",Thank you.,Speaker 1,https://reflect-claremont.cablecast.tv/internetchannel/show/10093?site=1&seekto=1390
0:23:11.52,0:23:15.66,1391.52,1395.66,Sultana,"Candidate for school board vacancy, Unity parent (self-ID 'My name is Sultana' [132]; also heard as 'Ezeiza, Missouri' [116], 'Ezeiza' [118], last name 'Wilton' [120]; surname not recoverable from ASR)",You're welcome.,Speaker 10,https://reflect-claremont.cablecast.tv/internetchannel/show/10093?site=1&seekto=1391
0:23:15.74,0:23:30.02,1395.74,1410.02,Carolyn Towle,"Claremont School Board member (self-ID 'I'm Carolyn Toll' [78], 'I'm Carol' [145]; answers 'Carolyn Tull' in roll-call vote [232-233]; search-committee update [284-286])","Hi there.  I'm Carol, and thank you for applying for the position.  Thank you. My question is, on what other committees or boards have you served in Claremont?",Speaker 8,https://reflect-claremont.cablecast.tv/internetchannel/show/10093?site=1&seekto=1395
0:23:30.10,0:23:53.46,1410.10,1433.46,Sultana,"Candidate for school board vacancy, Unity parent (self-ID 'My name is Sultana' [132]; also heard as 'Ezeiza, Missouri' [116], 'Ezeiza' [118], last name 'Wilton' [120]; surname not recoverable from ASR)","No, it has been almost two years. Less than two years. In October, it would be two years. Not really, but I have been a we are donating soup kitchen. I we used to delete  and I used to go to school and give some donation. Yes. In that form yes  I involved but not in a particular platform.",Speaker 10,https://reflect-claremont.cablecast.tv/internetchannel/show/10093?site=1&seekto=1410
0:23:53.50,0:23:54.78,1433.50,1434.78,Carolyn Towle,"Claremont School Board member (self-ID 'I'm Carolyn Toll' [78], 'I'm Carol' [145]; answers 'Carolyn Tull' in roll-call vote [232-233]; search-committee update [284-286])",Okay. Thank you.,Speaker 8,https://reflect-claremont.cablecast.tv/internetchannel/show/10093?site=1&seekto=1433
0:23:54.86,0:23:57.70,1434.86,1437.70,Michelle Pierce,"Claremont School Board member (self-ID 'My name is Michelle Pierce' [73, 140]; 'Michelle' recognitions [397, 464, 719, 735]; answers 'Michelle Pierce' in roll-call vote [230-231])",You're welcome.,Speaker 1,https://reflect-claremont.cablecast.tv/internetchannel/show/10093?site=1&seekto=1434
0:23:57.78,0:23:58.22,1437.78,1438.22,Unidentified,Unidentified - cluster mixes short interjections from several board members and others; see overrides,Hello?,Speaker 5,https://reflect-claremont.cablecast.tv/internetchannel/show/10093?site=1&seekto=1437
0:23:58.46,0:23:59.78,1438.46,1439.78,Sally Bouchard,"Candidate for school board vacancy, executive director of Community Dental Care (self-ID 'I'm Sally Bouchard' [63]; addressed 'Hi, Sally' [77])",Yes.,Speaker 7,https://reflect-claremont.cablecast.tv/internetchannel/show/10093?site=1&seekto=1438
0:23:59.86,0:24:08.02,1439.86,1448.02,Jason Benware,"Claremont School Board member (chair: 'Jason and Michelle want to make...' [532] -> [533]; 'Okay, Jason' [593] -> [596]; first in roll-call vote order [228]; budget subcommittee member with Sprague and Petrin [584])",What is your Ben? Your level of involvement and awareness of the Claremont School Board. Have you attended any meetings or other school board events?,Speaker 4,https://reflect-claremont.cablecast.tv/internetchannel/show/10093?site=1&seekto=1439
0:24:08.18,0:24:13.38,1448.18,1453.38,Unidentified,Unidentified - cluster mixes short interjections from several board members and others; see overrides,No. Okay.,Speaker 5,https://reflect-claremont.cablecast.tv/internetchannel/show/10093?site=1&seekto=1448
0:24:13.46,0:24:22.98,1453.46,1462.98,Michael Petrin,"Claremont School Board member (self-ID 'I'm Mike patron' [153]; chair: 'Mike, you haven't spoken' [661] -> [662]; 'Mike.' [725] -> [726])","Hello, I'm Mike patron. My question is, this position requires a lot of research and follow through. Please tell me how you think you'll be able to address these two issues.",Speaker 9,https://reflect-claremont.cablecast.tv/internetchannel/show/10093?site=1&seekto=1453
0:24:23.06,0:24:24.58,1463.06,1464.58,Sultana,"Candidate for school board vacancy, Unity parent (self-ID 'My name is Sultana' [132]; also heard as 'Ezeiza, Missouri' [116], 'Ezeiza' [118], last name 'Wilton' [120]; surname not recoverable from ASR)",Which two issues?,Speaker 10,https://reflect-claremont.cablecast.tv/internetchannel/show/10093?site=1&seekto=1463
0:24:24.66,0:24:29.96,1464.66,1469.96,Michael Petrin,"Claremont School Board member (self-ID 'I'm Mike patron' [153]; chair: 'Mike, you haven't spoken' [661] -> [662]; 'Mike.' [725] -> [726])","The, research and follow through that we have to do as part of the board.",Speaker 9,https://reflect-claremont.cablecast.tv/internetchannel/show/10093?site=1&seekto=1464
0:24:30.04,0:24:33.54,1470.04,1473.54,Sultana,"Candidate for school board vacancy, Unity parent (self-ID 'My name is Sultana' [132]; also heard as 'Ezeiza, Missouri' [116], 'Ezeiza' [118], last name 'Wilton' [120]; surname not recoverable from ASR)",Research you means community based research or.,Speaker 10,https://reflect-claremont.cablecast.tv/internetchannel/show/10093?site=1&seekto=1470
0:24:33.62,0:24:36.10,1473.62,1476.10,Michael Petrin,"Claremont School Board member (self-ID 'I'm Mike patron' [153]; chair: 'Mike, you haven't spoken' [661] -> [662]; 'Mike.' [725] -> [726])",Research on different topics that are brought to us.,Speaker 9,https://reflect-claremont.cablecast.tv/internetchannel/show/10093?site=1&seekto=1473
0:24:36.18,0:24:51.52,1476.18,1491.52,Sultana,"Candidate for school board vacancy, Unity parent (self-ID 'My name is Sultana' [132]; also heard as 'Ezeiza, Missouri' [116], 'Ezeiza' [118], last name 'Wilton' [120]; surname not recoverable from ASR)","I love research, by the way, because I did my master's from Brandeis  in Waltham. So if you do master's, I think so you have, you know, how to do research.",Speaker 10,https://reflect-claremont.cablecast.tv/internetchannel/show/10093?site=1&seekto=1476
0:24:51.60,0:24:54.56,1491.60,1494.56,Frank Sprague,"Claremont School Board Chair (self-ID 'I'm Frank Sprague' [89, 159]; calls meeting to order [1], runs agenda, hearing and votes; addressed 'Mister chair' [171], 'Mr. Sprague' [291])",I'm Frank Sprague. Thank you for coming.,Speaker 2,https://reflect-claremont.cablecast.tv/internetchannel/show/10093?site=1&seekto=1491
0:24:54.64,0:24:56.32,1494.64,1496.32,Sultana,"Candidate for school board vacancy, Unity parent (self-ID 'My name is Sultana' [132]; also heard as 'Ezeiza, Missouri' [116], 'Ezeiza' [118], last name 'Wilton' [120]; surname not recoverable from ASR)",Thank you for having me.,Speaker 10,https://reflect-claremont.cablecast.tv/internetchannel/show/10093?site=1&seekto=1494
0:24:56.40,0:25:08.20,1496.40,1508.20,Frank Sprague,"Claremont School Board Chair (self-ID 'I'm Frank Sprague' [89, 159]; calls meeting to order [1], runs agenda, hearing and votes; addressed 'Mister chair' [171], 'Mr. Sprague' [291])","What would you add to our group dynamic? We have a, I think a special dynamic in this board. And what would you bring to it with your personality?",Speaker 2,https://reflect-claremont.cablecast.tv/internetchannel/show/10093?site=1&seekto=1496
0:25:08.28,0:25:31.28,1508.28,1531.28,Sultana,"Candidate for school board vacancy, Unity parent (self-ID 'My name is Sultana' [132]; also heard as 'Ezeiza, Missouri' [116], 'Ezeiza' [118], last name 'Wilton' [120]; surname not recoverable from ASR)","I think so it would be diverse when I would be in because I am from different culture, from different backgrounds. I'm bilingual and I can serve food, traditional food.  I can, if someone is interested to learn, although or do is my national language, not my first language because English and a third language, my native language is different, but my natural language is different.",Speaker 10,https://reflect-claremont.cablecast.tv/internetchannel/show/10093?site=1&seekto=1508
0:25:31.36,0:25:39.80,1531.36,1539.80,Sultana,"Candidate for school board vacancy, Unity parent (self-ID 'My name is Sultana' [132]; also heard as 'Ezeiza, Missouri' [116], 'Ezeiza' [118], last name 'Wilton' [120]; surname not recoverable from ASR)","So I speak, I speak Persian, I speak. If anyone is interested, I can teach, although to.",Speaker 10,https://reflect-claremont.cablecast.tv/internetchannel/show/10093?site=1&seekto=1531
0:25:39.88,0:25:40.72,1539.88,1540.72,Unidentified,Unidentified - cluster mixes short interjections from several board members and others; see overrides,Thank you.,Speaker 5,https://reflect-claremont.cablecast.tv/internetchannel/show/10093?site=1&seekto=1539
0:25:40.80,0:25:56.60,1540.80,1556.60,Michelle Pierce,"Claremont School Board member (self-ID 'My name is Michelle Pierce' [73, 140]; 'Michelle' recognitions [397, 464, 719, 735]; answers 'Michelle Pierce' in roll-call vote [230-231])","You're welcome. Did you fill out the survey for criteria for a new serpent attendant? Yes, I offered. Yes. What do you like about it? And what could have or possibly be improved about it?",Speaker 1,https://reflect-claremont.cablecast.tv/internetchannel/show/10093?site=1&seekto=1540
0:25:56.68,0:26:09.32,1556.68,1569.32,Sultana,"Candidate for school board vacancy, Unity parent (self-ID 'My name is Sultana' [132]; also heard as 'Ezeiza, Missouri' [116], 'Ezeiza' [118], last name 'Wilton' [120]; surname not recoverable from ASR)","I think so it was covered almost all but I in the space I mentioned honesty and unbiased, I think. So that will be the plus point.",Speaker 10,https://reflect-claremont.cablecast.tv/internetchannel/show/10093?site=1&seekto=1556
0:26:09.40,0:26:10.20,1569.40,1570.20,Unidentified,Unidentified - cluster mixes short interjections from several board members and others; see overrides,Okay.,Speaker 5,https://reflect-claremont.cablecast.tv/internetchannel/show/10093?site=1&seekto=1569
0:26:10.28,0:26:10.74,1570.28,1570.74,Michelle Pierce,"Claremont School Board member (self-ID 'My name is Michelle Pierce' [73, 140]; 'Michelle' recognitions [397, 464, 719, 735]; answers 'Michelle Pierce' in roll-call vote [230-231])",Thank you.,Speaker 1,https://reflect-claremont.cablecast.tv/internetchannel/show/10093?site=1&seekto=1570
0:26:10.76,0:26:11.52,1570.76,1571.52,Unidentified,Unidentified - cluster mixes short interjections from several board members and others; see overrides,Thank you.,Speaker 5,https://reflect-claremont.cablecast.tv/internetchannel/show/10093?site=1&seekto=1570
0:26:11.60,0:26:13.36,1571.60,1573.36,Sultana,"Candidate for school board vacancy, Unity parent (self-ID 'My name is Sultana' [132]; also heard as 'Ezeiza, Missouri' [116], 'Ezeiza' [118], last name 'Wilton' [120]; surname not recoverable from ASR)",Welcome. Thank you.,Speaker 10,https://reflect-claremont.cablecast.tv/internetchannel/show/10093?site=1&seekto=1571
0:26:13.44,0:26:16.84,1573.44,1576.84,Keith Pfeifer,"Interim Superintendent, SAU 6 (gives the superintendent's report [37-41] when the chair calls it [35]; chair thanks 'Doctor Pfeiffer' [99]; speaks for 'administration' [631])",Are they welcome to stay? Mister chair.,Speaker 6,https://reflect-claremont.cablecast.tv/internetchannel/show/10093?site=1&seekto=1573
0:26:16.92,0:26:17.52,1576.92,1577.52,Unidentified,Unidentified - cluster mixes short interjections from several board members and others; see overrides,We have one more.,Speaker 5,https://reflect-claremont.cablecast.tv/internetchannel/show/10093?site=1&seekto=1576
0:26:17.56,0:26:18.28,1577.56,1578.28,Frank Sprague,"Claremont School Board Chair (self-ID 'I'm Frank Sprague' [89, 159]; calls meeting to order [1], runs agenda, hearing and votes; addressed 'Mister chair' [171], 'Mr. Sprague' [291])",One more. Two.,Speaker 2,https://reflect-claremont.cablecast.tv/internetchannel/show/10093?site=1&seekto=1577
0:26:18.32,0:26:19.12,1578.32,1579.12,Unidentified,Unidentified - cluster mixes short interjections from several board members and others; see overrides,Okay.,Speaker 5,https://reflect-claremont.cablecast.tv/internetchannel/show/10093?site=1&seekto=1578
0:26:19.20,0:26:21.76,1579.20,1581.76,Frank Sprague,"Claremont School Board Chair (self-ID 'I'm Frank Sprague' [89, 159]; calls meeting to order [1], runs agenda, hearing and votes; addressed 'Mister chair' [171], 'Mr. Sprague' [291])",Then we're going to have we're going to be going right in a minute.,Speaker 2,https://reflect-claremont.cablecast.tv/internetchannel/show/10093?site=1&seekto=1579
0:26:21.80,0:26:23.60,1581.80,1583.60,Michelle Pierce,"Claremont School Board member (self-ID 'My name is Michelle Pierce' [73, 140]; 'Michelle' recognitions [397, 464, 719, 735]; answers 'Michelle Pierce' in roll-call vote [230-231])",What do you just read all this to get through it.,Speaker 1,https://reflect-claremont.cablecast.tv/internetchannel/show/10093?site=1&seekto=1581
0:26:23.79,0:26:26.12,1583.79,1586.12,Unidentified,Unidentified - cluster mixes short interjections from several board members and others; see overrides,Okay.,Speaker 5,https://reflect-claremont.cablecast.tv/internetchannel/show/10093?site=1&seekto=1583
0:26:26.20,0:26:27.40,1586.20,1587.40,Unidentified,Unidentified - cluster mixes short interjections from several board members and others; see overrides,Play the role of.,Speaker 5,https://reflect-claremont.cablecast.tv/internetchannel/show/10093?site=1&seekto=1586
0:26:27.48,0:26:28.76,1587.48,1588.76,Michelle Pierce,"Claremont School Board member (self-ID 'My name is Michelle Pierce' [73, 140]; 'Michelle' recognitions [397, 464, 719, 735]; answers 'Michelle Pierce' in roll-call vote [230-231])",Me to read it.,Speaker 1,https://reflect-claremont.cablecast.tv/internetchannel/show/10093?site=1&seekto=1587
0:26:28.84,0:26:29.20,1588.84,1589.20,Frank Sprague,"Claremont School Board Chair (self-ID 'I'm Frank Sprague' [89, 159]; calls meeting to order [1], runs agenda, hearing and votes; addressed 'Mister chair' [171], 'Mr. Sprague' [291])",I can.,Speaker 2,https://reflect-claremont.cablecast.tv/internetchannel/show/10093?site=1&seekto=1588
0:26:29.20,0:26:34.56,1589.20,1594.56,Unidentified,Unidentified - cluster mixes short interjections from several board members and others; see overrides,Read it. Okay.,Speaker 5,https://reflect-claremont.cablecast.tv/internetchannel/show/10093?site=1&seekto=1589
0:26:34.64,0:26:36.82,1594.64,1596.82,Michelle Pierce,"Claremont School Board member (self-ID 'My name is Michelle Pierce' [73, 140]; 'Michelle' recognitions [397, 464, 719, 735]; answers 'Michelle Pierce' in roll-call vote [230-231])",Proceeding to question. You had a couple.,Speaker 1,https://reflect-claremont.cablecast.tv/internetchannel/show/10093?site=1&seekto=1594
0:26:36.90,0:26:38.24,1596.90,1598.24,Unidentified,Unidentified - cluster mixes short interjections from several board members and others; see overrides,Oh.,Speaker 5,https://reflect-claremont.cablecast.tv/internetchannel/show/10093?site=1&seekto=1596
0:26:38.32,0:26:43.76,1598.32,1603.76,Unidentified,Unidentified - comment on the third candidate's written responses [184],I did not ask this candidate to give a general statement. I just asked them to respond to the questions.,Speaker 11,https://reflect-claremont.cablecast.tv/internetchannel/show/10093?site=1&seekto=1598
0:26:43.88,0:26:45.72,1603.88,1605.72,Unidentified,Unidentified - cluster mixes short interjections from several board members and others; see overrides,"So, so so do we have.",Speaker 5,https://reflect-claremont.cablecast.tv/internetchannel/show/10093?site=1&seekto=1603
0:26:45.80,0:27:16.40,1605.80,1636.40,Frank Sprague,"Claremont School Board Chair (self-ID 'I'm Frank Sprague' [89, 159]; calls meeting to order [1], runs agenda, hearing and votes; addressed 'Mister chair' [171], 'Mr. Sprague' [291])","We have a third candidate who cannot be here with us tonight. And his name is Rob Lovett Junior.  And he starts with, thank you for this opportunity. And I apologize for the poor timing on my travel. I just moved to Claremont this summer, and one of the primary issues I've heard is maximizing the current school budget that's available while finding ways to increase the budget with no negative impact on current or future residents.",Speaker 2,https://reflect-claremont.cablecast.tv/internetchannel/show/10093?site=1&seekto=1605
0:27:16.48,0:27:48.68,1636.48,1668.68,Frank Sprague,"Claremont School Board Chair (self-ID 'I'm Frank Sprague' [89, 159]; calls meeting to order [1], runs agenda, hearing and votes; addressed 'Mister chair' [171], 'Mr. Sprague' [291])","I have served on small inter-departmental committees for several for previous employers, mainly in the drug and alcohol rehab industry. My focus was on communicating with families and offering support through the period of transition while their loved one was in treatment. It was a difficult task as we were bound by HIPAA regulations to never disclose client sensitive information. My primary involvement to date has been through email communication, which has been very helpful and appreciated.",Speaker 2,https://reflect-claremont.cablecast.tv/internetchannel/show/10093?site=1&seekto=1636
0:27:48.76,0:27:49.96,1668.76,1669.96,Frank Sprague,"Claremont School Board Chair (self-ID 'I'm Frank Sprague' [89, 159]; calls meeting to order [1], runs agenda, hearing and votes; addressed 'Mister chair' [171], 'Mr. Sprague' [291])",Why should be reading the question.,Speaker 2,https://reflect-claremont.cablecast.tv/internetchannel/show/10093?site=1&seekto=1668
0:27:49.96,0:27:50.68,1669.96,1670.68,Unidentified,Unidentified - cluster mixes short interjections from several board members and others; see overrides,Should I?,Speaker 5,https://reflect-claremont.cablecast.tv/internetchannel/show/10093?site=1&seekto=1669
0:27:50.76,0:27:54.92,1670.76,1674.92,Jason Benware,"Claremont School Board member (chair: 'Jason and Michelle want to make...' [532] -> [533]; 'Okay, Jason' [593] -> [596]; first in roll-call vote order [228]; budget subcommittee member with Sprague and Petrin [584])",Would you like me to read the questions and you can answer them? Number three.,Speaker 4,https://reflect-claremont.cablecast.tv/internetchannel/show/10093?site=1&seekto=1670
0:27:55.00,0:27:55.88,1675.00,1675.88,Unidentified,Unidentified - cluster mixes short interjections from several board members and others; see overrides,Can you.,Speaker 5,https://reflect-claremont.cablecast.tv/internetchannel/show/10093?site=1&seekto=1675
0:27:55.96,0:27:58.81,1675.96,1678.81,Jason Benware,"Claremont School Board member (chair: 'Jason and Michelle want to make...' [532] -> [533]; 'Okay, Jason' [593] -> [596]; first in roll-call vote order [228]; budget subcommittee member with Sprague and Petrin [584])","Start at the beginning or do you want to know? Okay, I'm going to start at number three.",Speaker 4,https://reflect-claremont.cablecast.tv/internetchannel/show/10093?site=1&seekto=1675
0:27:58.97,0:27:59.92,1678.97,1679.92,Unidentified,Unidentified - cluster mixes short interjections from several board members and others; see overrides,I'm just.,Speaker 5,https://reflect-claremont.cablecast.tv/internetchannel/show/10093?site=1&seekto=1678
0:28:00.00,0:28:09.00,1680.00,1689.00,Jason Benware,"Claremont School Board member (chair: 'Jason and Michelle want to make...' [532] -> [533]; 'Okay, Jason' [593] -> [596]; first in roll-call vote order [228]; budget subcommittee member with Sprague and Petrin [584])","Really nice to meet you, Rob. What has been your level of involvement and awareness of the Claremont School Board? Have you attended any meetings or other school board events?",Speaker 4,https://reflect-claremont.cablecast.tv/internetchannel/show/10093?site=1&seekto=1680
0:28:09.08,0:28:34.00,1689.08,1714.00,Frank Sprague,"Claremont School Board Chair (self-ID 'I'm Frank Sprague' [89, 159]; calls meeting to order [1], runs agenda, hearing and votes; addressed 'Mister chair' [171], 'Mr. Sprague' [291])","I didn't notice we needed the prompt until this particular answer. So my primary involvement to date has been through email communication, which has been very helpful and appreciated. And while I have attended several of the school focused events, open house, movie night, etc., I've only seen televised and previously recorded school board meetings before.",Speaker 2,https://reflect-claremont.cablecast.tv/internetchannel/show/10093?site=1&seekto=1689
0:28:34.08,0:28:40.96,1714.08,1720.96,Jason Benware,"Claremont School Board member (chair: 'Jason and Michelle want to make...' [532] -> [533]; 'Okay, Jason' [593] -> [596]; first in roll-call vote order [228]; budget subcommittee member with Sprague and Petrin [584])",I'll read it. This position requires a lot of research and follow through. Please tell me how you think you will be able to address these two issues.,Speaker 4,https://reflect-claremont.cablecast.tv/internetchannel/show/10093?site=1&seekto=1714
0:28:41.04,0:29:00.08,1721.04,1740.08,Frank Sprague,"Claremont School Board Chair (self-ID 'I'm Frank Sprague' [89, 159]; calls meeting to order [1], runs agenda, hearing and votes; addressed 'Mister chair' [171], 'Mr. Sprague' [291])","Well, living in Florida, I was the sole income provider for my family, working a full time position while also attending three college classes per semester.  I had to learn how to balance and prioritize my time effectively. I believe this position would require the same level of focus and involvement.",Speaker 2,https://reflect-claremont.cablecast.tv/internetchannel/show/10093?site=1&seekto=1721
0:29:00.16,0:29:04.40,1740.16,1744.40,Jason Benware,"Claremont School Board member (chair: 'Jason and Michelle want to make...' [532] -> [533]; 'Okay, Jason' [593] -> [596]; first in roll-call vote order [228]; budget subcommittee member with Sprague and Petrin [584])",Number five. What do you think that you would bring to the board?,Speaker 4,https://reflect-claremont.cablecast.tv/internetchannel/show/10093?site=1&seekto=1740
0:29:04.48,0:29:32.52,1744.48,1772.52,Frank Sprague,"Claremont School Board Chair (self-ID 'I'm Frank Sprague' [89, 159]; calls meeting to order [1], runs agenda, hearing and votes; addressed 'Mister chair' [171], 'Mr. Sprague' [291])","In my time working with addicts and their families. I learned valuable skills and dealing with a multitude of personalities under stressful conditions. I especially pride myself in being able to hear and understand multiple sides of an argument and coming to a solution that is beneficial to everyone. If I am passionate about an issue, I will speak up and offer a factual based argument while still listening and attempting to see an alternative point of view.",Speaker 2,https://reflect-claremont.cablecast.tv/internetchannel/show/10093?site=1&seekto=1744
0:29:32.60,0:29:39.16,1772.60,1779.16,Frank Sprague,"Claremont School Board Chair (self-ID 'I'm Frank Sprague' [89, 159]; calls meeting to order [1], runs agenda, hearing and votes; addressed 'Mister chair' [171], 'Mr. Sprague' [291])","I work well in team settings, and would like to think that I can bring the best out of others while staying on task.",Speaker 2,https://reflect-claremont.cablecast.tv/internetchannel/show/10093?site=1&seekto=1772
0:29:39.24,0:29:48.16,1779.24,1788.16,Jason Benware,"Claremont School Board member (chair: 'Jason and Michelle want to make...' [532] -> [533]; 'Okay, Jason' [593] -> [596]; first in roll-call vote order [228]; budget subcommittee member with Sprague and Petrin [584])",Number six. Do you feel did you fill out the survey for criteria for the new superintendent? What did you like about it and what could be improved?,Speaker 4,https://reflect-claremont.cablecast.tv/internetchannel/show/10093?site=1&seekto=1779
0:29:48.24,0:30:08.72,1788.24,1808.72,Frank Sprague,"Claremont School Board Chair (self-ID 'I'm Frank Sprague' [89, 159]; calls meeting to order [1], runs agenda, hearing and votes; addressed 'Mister chair' [171], 'Mr. Sprague' [291])","I reviewed the survey, however I did not fill it out. It felt disingenuous as I am a new resident and did not have enough exposure to the previous superintendent or the issues facing the district to accurately share feedback. I enjoyed the layout of the survey in the open format of most of the questions that allowed participants  to fill in their own answers.",Speaker 2,https://reflect-claremont.cablecast.tv/internetchannel/show/10093?site=1&seekto=1788
0:30:08.80,0:30:27.56,1808.80,1827.56,Frank Sprague,"Claremont School Board Chair (self-ID 'I'm Frank Sprague' [89, 159]; calls meeting to order [1], runs agenda, hearing and votes; addressed 'Mister chair' [171], 'Mr. Sprague' [291])","As for improvements, I'm not a fan of pre-arranged answers. While I understand the necessity of rate from 1 to 10 system, it forces people to think within a range, perhaps leaving the fields open to have people list what attributes their most looking forward to would be a better approach.",Speaker 2,https://reflect-claremont.cablecast.tv/internetchannel/show/10093?site=1&seekto=1808
0:30:27.64,0:30:30.24,1827.64,1830.24,Jason Benware,"Claremont School Board member (chair: 'Jason and Michelle want to make...' [532] -> [533]; 'Okay, Jason' [593] -> [596]; first in roll-call vote order [228]; budget subcommittee member with Sprague and Petrin [584])",Thank you Rob.,Speaker 4,https://reflect-claremont.cablecast.tv/internetchannel/show/10093?site=1&seekto=1827
0:30:30.32,0:30:33.95,1830.32,1833.95,Michelle Pierce,"Claremont School Board member (self-ID 'My name is Michelle Pierce' [73, 140]; 'Michelle' recognitions [397, 464, 719, 735]; answers 'Michelle Pierce' in roll-call vote [230-231])",So that was Rob. Robert. Juniors. Dancers.,Speaker 1,https://reflect-claremont.cablecast.tv/internetchannel/show/10093?site=1&seekto=1830
0:30:34.03,0:30:34.64,1834.03,1834.64,Unidentified,Unidentified - cluster mixes short interjections from several board members and others; see overrides,Yes.,Speaker 5,https://reflect-claremont.cablecast.tv/internetchannel/show/10093?site=1&seekto=1834
0:30:34.72,0:30:35.76,1834.72,1835.76,Michelle Pierce,"Claremont School Board member (self-ID 'My name is Michelle Pierce' [73, 140]; 'Michelle' recognitions [397, 464, 719, 735]; answers 'Michelle Pierce' in roll-call vote [230-231])",Thank you too.,Speaker 1,https://reflect-claremont.cablecast.tv/internetchannel/show/10093?site=1&seekto=1834
0:30:35.88,0:30:41.84,1835.88,1841.84,Frank Sprague,"Claremont School Board Chair (self-ID 'I'm Frank Sprague' [89, 159]; calls meeting to order [1], runs agenda, hearing and votes; addressed 'Mister chair' [171], 'Mr. Sprague' [291])","So at this point in time, I would like to entertain a motion to win a nonpublic.",Speaker 2,https://reflect-claremont.cablecast.tv/internetchannel/show/10093?site=1&seekto=1835
0:30:41.92,0:30:44.12,1841.92,1844.12,Jason Benware,"Claremont School Board member (chair: 'Jason and Michelle want to make...' [532] -> [533]; 'Okay, Jason' [593] -> [596]; first in roll-call vote order [228]; budget subcommittee member with Sprague and Petrin [584])",I'd like to make a motion to go into nonpublic.,Speaker 4,https://reflect-claremont.cablecast.tv/internetchannel/show/10093?site=1&seekto=1841
0:30:44.16,0:30:47.16,1844.16,1847.16,Frank Sprague,"Claremont School Board Chair (self-ID 'I'm Frank Sprague' [89, 159]; calls meeting to order [1], runs agenda, hearing and votes; addressed 'Mister chair' [171], 'Mr. Sprague' [291])",Second under.,Speaker 2,https://reflect-claremont.cablecast.tv/internetchannel/show/10093?site=1&seekto=1844
0:30:47.24,0:30:48.64,1847.24,1848.64,Jason Benware,"Claremont School Board member (chair: 'Jason and Michelle want to make...' [532] -> [533]; 'Okay, Jason' [593] -> [596]; first in roll-call vote order [228]; budget subcommittee member with Sprague and Petrin [584])","Oh, sorry. Is there an RSA there?",Speaker 4,https://reflect-claremont.cablecast.tv/internetchannel/show/10093?site=1&seekto=1847
0:30:48.68,0:30:49.52,1848.68,1849.52,Unidentified,Unidentified - cluster mixes short interjections from several board members and others; see overrides,There is. I'll read it.,Speaker 5,https://reflect-claremont.cablecast.tv/internetchannel/show/10093?site=1&seekto=1848
0:30:49.56,0:30:55.08,1849.56,1855.08,Frank Sprague,"Claremont School Board Chair (self-ID 'I'm Frank Sprague' [89, 159]; calls meeting to order [1], runs agenda, hearing and votes; addressed 'Mister chair' [171], 'Mr. Sprague' [291])","It's RSA 91-A colon, three comma.",Speaker 2,https://reflect-claremont.cablecast.tv/internetchannel/show/10093?site=1&seekto=1849
0:30:55.16,0:30:55.92,1855.16,1855.92,Unidentified,Unidentified - cluster mixes short interjections from several board members and others; see overrides,Two.,Speaker 5,https://reflect-claremont.cablecast.tv/internetchannel/show/10093?site=1&seekto=1855
0:30:56.00,0:30:59.36,1856.00,1859.36,Frank Sprague,"Claremont School Board Chair (self-ID 'I'm Frank Sprague' [89, 159]; calls meeting to order [1], runs agenda, hearing and votes; addressed 'Mister chair' [171], 'Mr. Sprague' [291])",C parentheses with a one.,Speaker 2,https://reflect-claremont.cablecast.tv/internetchannel/show/10093?site=1&seekto=1856
0:30:59.44,0:31:01.03,1859.44,1861.03,Unidentified,Unidentified - cluster mixes short interjections from several board members and others; see overrides,Subscript one subsequent.,Speaker 5,https://reflect-claremont.cablecast.tv/internetchannel/show/10093?site=1&seekto=1859
0:31:01.20,0:31:02.32,1861.20,1862.32,Keith Pfeifer,"Interim Superintendent, SAU 6 (gives the superintendent's report [37-41] when the chair calls it [35]; chair thanks 'Doctor Pfeiffer' [99]; speaks for 'administration' [631])",So  you have.,Speaker 6,https://reflect-claremont.cablecast.tv/internetchannel/show/10093?site=1&seekto=1861
0:31:02.32,0:31:02.48,1862.32,1862.48,Unidentified,Unidentified - cluster mixes short interjections from several board members and others; see overrides,That.,Speaker 5,https://reflect-claremont.cablecast.tv/internetchannel/show/10093?site=1&seekto=1862
0:31:02.48,0:31:04.24,1862.48,1864.24,Keith Pfeifer,"Interim Superintendent, SAU 6 (gives the superintendent's report [37-41] when the chair calls it [35]; chair thanks 'Doctor Pfeiffer' [99]; speaks for 'administration' [631])",In your folder. So you can always.,Speaker 6,https://reflect-claremont.cablecast.tv/internetchannel/show/10093?site=1&seekto=1862
0:31:04.28,0:31:04.96,1864.28,1864.96,Unidentified,Unidentified - cluster mixes short interjections from several board members and others; see overrides,Refer.,Speaker 5,https://reflect-claremont.cablecast.tv/internetchannel/show/10093?site=1&seekto=1864
0:31:05.04,0:31:06.28,1865.04,1866.28,Jason Benware,"Claremont School Board member (chair: 'Jason and Michelle want to make...' [532] -> [533]; 'Okay, Jason' [593] -> [596]; first in roll-call vote order [228]; budget subcommittee member with Sprague and Petrin [584])",It's I just.,Speaker 4,https://reflect-claremont.cablecast.tv/internetchannel/show/10093?site=1&seekto=1865
0:31:06.40,0:31:06.80,1866.40,1866.80,Unidentified,Unidentified - cluster mixes short interjections from several board members and others; see overrides,Yeah.,Speaker 5,https://reflect-claremont.cablecast.tv/internetchannel/show/10093?site=1&seekto=1866
0:31:06.84,0:31:08.76,1866.84,1868.76,Carolyn Towle,"Claremont School Board member (self-ID 'I'm Carolyn Toll' [78], 'I'm Carol' [145]; answers 'Carolyn Tull' in roll-call vote [232-233]; search-committee update [284-286])",Right there.,Speaker 8,https://reflect-claremont.cablecast.tv/internetchannel/show/10093?site=1&seekto=1866
0:31:08.84,0:31:14.96,1868.84,1874.96,Frank Sprague,"Claremont School Board Chair (self-ID 'I'm Frank Sprague' [89, 159]; calls meeting to order [1], runs agenda, hearing and votes; addressed 'Mister chair' [171], 'Mr. Sprague' [291])",Roll call. Vote on that Mrs. Woodman please.,Speaker 2,https://reflect-claremont.cablecast.tv/internetchannel/show/10093?site=1&seekto=1868
0:31:15.04,0:31:20.42,1875.04,1880.42,Unidentified,Unidentified - cluster mixes short interjections from several board members and others; see overrides,Is there.,Speaker 5,https://reflect-claremont.cablecast.tv/internetchannel/show/10093?site=1&seekto=1875
0:31:20.50,0:31:22.34,1880.50,1882.34,Unidentified,Unidentified - cluster mixes short interjections from several board members and others; see overrides,Next door.,Speaker 5,https://reflect-claremont.cablecast.tv/internetchannel/show/10093?site=1&seekto=1880
0:31:22.42,0:31:25.58,1882.42,1885.58,Mary Woodman,School District Clerk and recording secretary (chair asks 'Mrs. Goodman' for roll [13] and 'Mrs. Woodman' for the roll-call vote [224] -> calls names [227-240]; as clerk offers to swear in the new member [265-281]),Is not here. In that way?,Speaker 12,https://reflect-claremont.cablecast.tv/internetchannel/show/10093?site=1&seekto=1882
0:31:25.62,0:31:28.94,1885.62,1888.94,Jason Benware,"Claremont School Board member (chair: 'Jason and Michelle want to make...' [532] -> [533]; 'Okay, Jason' [593] -> [596]; first in roll-call vote order [228]; budget subcommittee member with Sprague and Petrin [584])","Yes, Michael.",Speaker 4,https://reflect-claremont.cablecast.tv/internetchannel/show/10093?site=1&seekto=1885
0:31:29.02,0:31:30.22,1889.02,1890.22,Michael Petrin,"Claremont School Board member (self-ID 'I'm Mike patron' [153]; chair: 'Mike, you haven't spoken' [661] -> [662]; 'Mike.' [725] -> [726])",Yes.,Speaker 5,https://reflect-claremont.cablecast.tv/internetchannel/show/10093?site=1&seekto=1889
0:31:30.30,0:31:31.26,1890.30,1891.26,Mary Woodman,School District Clerk and recording secretary (chair asks 'Mrs. Goodman' for roll [13] and 'Mrs. Woodman' for the roll-call vote [224] -> calls names [227-240]; as clerk offers to swear in the new member [265-281]),Michelle Pierce.,Speaker 12,https://reflect-claremont.cablecast.tv/internetchannel/show/10093?site=1&seekto=1890
0:31:31.50,0:31:32.78,1891.50,1892.78,Michelle Pierce,"Claremont School Board member (self-ID 'My name is Michelle Pierce' [73, 140]; 'Michelle' recognitions [397, 464, 719, 735]; answers 'Michelle Pierce' in roll-call vote [230-231])",Yes.,Speaker 1,https://reflect-claremont.cablecast.tv/internetchannel/show/10093?site=1&seekto=1891
0:31:32.86,0:31:33.78,1892.86,1893.78,Mary Woodman,School District Clerk and recording secretary (chair asks 'Mrs. Goodman' for roll [13] and 'Mrs. Woodman' for the roll-call vote [224] -> calls names [227-240]; as clerk offers to swear in the new member [265-281]),Carolyn. Tull.,Speaker 12,https://reflect-claremont.cablecast.tv/internetchannel/show/10093?site=1&seekto=1892
0:31:33.86,0:31:35.22,1893.86,1895.22,Carolyn Towle,"Claremont School Board member (self-ID 'I'm Carolyn Toll' [78], 'I'm Carol' [145]; answers 'Carolyn Tull' in roll-call vote [232-233]; search-committee update [284-286])",Yes.,Speaker 8,https://reflect-claremont.cablecast.tv/internetchannel/show/10093?site=1&seekto=1893
0:31:35.30,0:31:36.42,1895.30,1896.42,Mary Woodman,School District Clerk and recording secretary (chair asks 'Mrs. Goodman' for roll [13] and 'Mrs. Woodman' for the roll-call vote [224] -> calls names [227-240]; as clerk offers to swear in the new member [265-281]),And Frank Sprague.,Speaker 12,https://reflect-claremont.cablecast.tv/internetchannel/show/10093?site=1&seekto=1895
0:31:36.66,0:32:06.10,1896.66,1926.10,Frank Sprague,"Claremont School Board Chair (self-ID 'I'm Frank Sprague' [89, 159]; calls meeting to order [1], runs agenda, hearing and votes; addressed 'Mister chair' [171], 'Mr. Sprague' [291])",Yes. Okay. We'll go deliberate.,Speaker 5,https://reflect-claremont.cablecast.tv/internetchannel/show/10093?site=1&seekto=1896
0:32:06.18,0:32:46.96,1926.18,1966.96,Jason Benware,"Claremont School Board member (chair: 'Jason and Michelle want to make...' [532] -> [533]; 'Okay, Jason' [593] -> [596]; first in roll-call vote order [228]; budget subcommittee member with Sprague and Petrin [584])",I'd like to make a motion to come out of nonpublic.,Speaker 4,https://reflect-claremont.cablecast.tv/internetchannel/show/10093?site=1&seekto=1926
0:32:47.04,0:32:48.20,1967.04,1968.20,Michael Petrin,"Claremont School Board member (self-ID 'I'm Mike patron' [153]; chair: 'Mike, you haven't spoken' [661] -> [662]; 'Mike.' [725] -> [726])",Yes.,Speaker 9,https://reflect-claremont.cablecast.tv/internetchannel/show/10093?site=1&seekto=1967
0:32:48.28,0:32:49.20,1968.28,1969.20,Mary Woodman,School District Clerk and recording secretary (chair asks 'Mrs. Goodman' for roll [13] and 'Mrs. Woodman' for the roll-call vote [224] -> calls names [227-240]; as clerk offers to swear in the new member [265-281]),The shell. Pierce.,Speaker 12,https://reflect-claremont.cablecast.tv/internetchannel/show/10093?site=1&seekto=1968
0:32:49.28,0:32:50.72,1969.28,1970.72,Michelle Pierce,"Claremont School Board member (self-ID 'My name is Michelle Pierce' [73, 140]; 'Michelle' recognitions [397, 464, 719, 735]; answers 'Michelle Pierce' in roll-call vote [230-231])",Yes.,Speaker 1,https://reflect-claremont.cablecast.tv/internetchannel/show/10093?site=1&seekto=1969
0:32:50.80,0:32:54.08,1970.80,1974.08,Mary Woodman,School District Clerk and recording secretary (chair asks 'Mrs. Goodman' for roll [13] and 'Mrs. Woodman' for the roll-call vote [224] -> calls names [227-240]; as clerk offers to swear in the new member [265-281]),Carolyn. Charles. Yes. And Frank Sprague.,Speaker 12,https://reflect-claremont.cablecast.tv/internetchannel/show/10093?site=1&seekto=1970
0:32:54.16,0:32:54.84,1974.16,1974.84,Frank Sprague,"Claremont School Board Chair (self-ID 'I'm Frank Sprague' [89, 159]; calls meeting to order [1], runs agenda, hearing and votes; addressed 'Mister chair' [171], 'Mr. Sprague' [291])",Yes.,Speaker 5,https://reflect-claremont.cablecast.tv/internetchannel/show/10093?site=1&seekto=1974
0:32:54.92,0:33:00.72,1974.92,1980.72,Jason Benware,"Claremont School Board member (chair: 'Jason and Michelle want to make...' [532] -> [533]; 'Okay, Jason' [593] -> [596]; first in roll-call vote order [228]; budget subcommittee member with Sprague and Petrin [584])",I'd like to make a motion to seal the minutes of the nonpublic for 83 years.,Speaker 4,https://reflect-claremont.cablecast.tv/internetchannel/show/10093?site=1&seekto=1974
0:33:00.80,0:33:02.24,1980.80,1982.24,Michelle Pierce,"Claremont School Board member (self-ID 'My name is Michelle Pierce' [73, 140]; 'Michelle' recognitions [397, 464, 719, 735]; answers 'Michelle Pierce' in roll-call vote [230-231])",Second.,Speaker 1,https://reflect-claremont.cablecast.tv/internetchannel/show/10093?site=1&seekto=1980
0:33:02.32,0:33:06.80,1982.32,1986.80,Unidentified,Unidentified - cluster mixes short interjections from several board members and others; see overrides,All those in favor?  I.,Speaker 5,https://reflect-claremont.cablecast.tv/internetchannel/show/10093?site=1&seekto=1982
0:33:06.88,0:33:08.56,1986.88,1988.56,Unidentified,Unidentified - cluster mixes short interjections from several board members and others; see overrides,83. Okay.,Speaker 5,https://reflect-claremont.cablecast.tv/internetchannel/show/10093?site=1&seekto=1986
0:33:08.68,0:33:09.04,1988.68,1989.04,Jason Benware,"Claremont School Board member (chair: 'Jason and Michelle want to make...' [532] -> [533]; 'Okay, Jason' [593] -> [596]; first in roll-call vote order [228]; budget subcommittee member with Sprague and Petrin [584])",Seems like.,Speaker 4,https://reflect-claremont.cablecast.tv/internetchannel/show/10093?site=1&seekto=1988
0:33:09.04,0:33:27.72,1989.04,2007.72,Frank Sprague,"Claremont School Board Chair (self-ID 'I'm Frank Sprague' [89, 159]; calls meeting to order [1], runs agenda, hearing and votes; addressed 'Mister chair' [171], 'Mr. Sprague' [291])","A good. So we've we've completed our deliberations, and I want to let the, community know  that, filing for. We're going to have this this position we're filling tonight is only till March till the public hearing. And then, Michelle, see your your.",Speaker 2,https://reflect-claremont.cablecast.tv/internetchannel/show/10093?site=1&seekto=1989
0:33:27.88,0:33:28.36,2007.88,2008.36,Michelle Pierce,"Claremont School Board member (self-ID 'My name is Michelle Pierce' [73, 140]; 'Michelle' recognitions [397, 464, 719, 735]; answers 'Michelle Pierce' in roll-call vote [230-231])",I'm running.,Speaker 1,https://reflect-claremont.cablecast.tv/internetchannel/show/10093?site=1&seekto=2007
0:33:28.48,0:33:30.20,2008.48,2010.20,Frank Sprague,"Claremont School Board Chair (self-ID 'I'm Frank Sprague' [89, 159]; calls meeting to order [1], runs agenda, hearing and votes; addressed 'Mister chair' [171], 'Mr. Sprague' [291])",Running again. But that's a vacancy so.,Speaker 2,https://reflect-claremont.cablecast.tv/internetchannel/show/10093?site=1&seekto=2008
0:33:30.24,0:33:30.88,2010.24,2010.88,Unidentified,Unidentified - cluster mixes short interjections from several board members and others; see overrides,Yes.,Speaker 5,https://reflect-claremont.cablecast.tv/internetchannel/show/10093?site=1&seekto=2010
0:33:30.96,0:33:32.07,2010.96,2012.07,Michelle Pierce,"Claremont School Board member (self-ID 'My name is Michelle Pierce' [73, 140]; 'Michelle' recognitions [397, 464, 719, 735]; answers 'Michelle Pierce' in roll-call vote [230-231])",And Carol. Carolyn.,Speaker 1,https://reflect-claremont.cablecast.tv/internetchannel/show/10093?site=1&seekto=2010
0:33:32.08,0:33:32.24,2012.08,2012.24,Unidentified,Unidentified - cluster mixes short interjections from several board members and others; see overrides,Yes.,Speaker 5,https://reflect-claremont.cablecast.tv/internetchannel/show/10093?site=1&seekto=2012
0:33:32.28,0:33:36.44,2012.28,2016.44,Frank Sprague,"Claremont School Board Chair (self-ID 'I'm Frank Sprague' [89, 159]; calls meeting to order [1], runs agenda, hearing and votes; addressed 'Mister chair' [171], 'Mr. Sprague' [291])",So we have actually three. There'll be three vacancies.,Speaker 2,https://reflect-claremont.cablecast.tv/internetchannel/show/10093?site=1&seekto=2012
0:33:36.52,0:33:37.56,2016.52,2017.56,Michelle Pierce,"Claremont School Board member (self-ID 'My name is Michelle Pierce' [73, 140]; 'Michelle' recognitions [397, 464, 719, 735]; answers 'Michelle Pierce' in roll-call vote [230-231])","Two, three and one.",Speaker 1,https://reflect-claremont.cablecast.tv/internetchannel/show/10093?site=1&seekto=2016
0:33:37.60,0:33:39.04,2017.60,2019.04,Carolyn Towle,"Claremont School Board member (self-ID 'I'm Carolyn Toll' [78], 'I'm Carol' [145]; answers 'Carolyn Tull' in roll-call vote [232-233]; search-committee update [284-286])","I will be running again, too.",Speaker 8,https://reflect-claremont.cablecast.tv/internetchannel/show/10093?site=1&seekto=2017
0:33:39.08,0:33:39.80,2019.08,2019.80,Unidentified,Unidentified - cluster mixes short interjections from several board members and others; see overrides,Yeah.,Speaker 5,https://reflect-claremont.cablecast.tv/internetchannel/show/10093?site=1&seekto=2019
0:33:39.88,0:33:41.52,2019.88,2021.52,Jason Benware,"Claremont School Board member (chair: 'Jason and Michelle want to make...' [532] -> [533]; 'Okay, Jason' [593] -> [596]; first in roll-call vote order [228]; budget subcommittee member with Sprague and Petrin [584])","It'll be a two year and two, three years.",Speaker 4,https://reflect-claremont.cablecast.tv/internetchannel/show/10093?site=1&seekto=2019
0:33:41.60,0:34:07.84,2021.60,2047.84,Frank Sprague,"Claremont School Board Chair (self-ID 'I'm Frank Sprague' [89, 159]; calls meeting to order [1], runs agenda, hearing and votes; addressed 'Mister chair' [171], 'Mr. Sprague' [291])","A two year and 2 or 3 years. So the filing, the filing window for the for school board. Is between January 23rd and February 1st. So we would encourage members of the community that are interested in being on the school board  for, any of the three seats, that that would be the window of opportunity. And even though January may seem like a long ways away, it is not.",Speaker 2,https://reflect-claremont.cablecast.tv/internetchannel/show/10093?site=1&seekto=2021
0:34:07.92,0:34:09.28,2047.92,2049.28,Frank Sprague,"Claremont School Board Chair (self-ID 'I'm Frank Sprague' [89, 159]; calls meeting to order [1], runs agenda, hearing and votes; addressed 'Mister chair' [171], 'Mr. Sprague' [291])",That being said.,Speaker 2,https://reflect-claremont.cablecast.tv/internetchannel/show/10093?site=1&seekto=2047
0:34:10.00,0:34:34.28,2050.00,2074.28,Frank Sprague,"Claremont School Board Chair (self-ID 'I'm Frank Sprague' [89, 159]; calls meeting to order [1], runs agenda, hearing and votes; addressed 'Mister chair' [171], 'Mr. Sprague' [291])","We would like to thank our candidates for coming in tonight. We have made a decision. The board has made a decision that we will be opting for Mr. Lovett, who is not here tonight. But we certainly would encourage you ladies to run for the vacancies in, March. And thank you so much for taking the time in trouble to come in.",Speaker 2,https://reflect-claremont.cablecast.tv/internetchannel/show/10093?site=1&seekto=2050
0:34:34.44,0:34:36.20,2074.44,2076.20,Frank Sprague,"Claremont School Board Chair (self-ID 'I'm Frank Sprague' [89, 159]; calls meeting to order [1], runs agenda, hearing and votes; addressed 'Mister chair' [171], 'Mr. Sprague' [291])",We really appreciate it.,Speaker 2,https://reflect-claremont.cablecast.tv/internetchannel/show/10093?site=1&seekto=2074
0:34:36.28,0:34:40.88,2076.28,2080.88,Michelle Pierce,"Claremont School Board member (self-ID 'My name is Michelle Pierce' [73, 140]; 'Michelle' recognitions [397, 464, 719, 735]; answers 'Michelle Pierce' in roll-call vote [230-231])",And thank you for your work and the community to. That's just wonderful. Thank you both.,Speaker 1,https://reflect-claremont.cablecast.tv/internetchannel/show/10093?site=1&seekto=2076
0:34:40.96,0:34:43.24,2080.96,2083.24,Unidentified,Unidentified - cluster mixes short interjections from several board members and others; see overrides,Thank you.,Speaker 5,https://reflect-claremont.cablecast.tv/internetchannel/show/10093?site=1&seekto=2080
0:34:43.32,0:34:56.04,2083.32,2096.04,Mary Woodman,School District Clerk and recording secretary (chair asks 'Mrs. Goodman' for roll [13] and 'Mrs. Woodman' for the roll-call vote [224] -> calls names [227-240]; as clerk offers to swear in the new member [265-281]),"Just one comment. When Mr. Lovett is available, he needs to be sworn in. And it has to be done by,",Speaker 12,https://reflect-claremont.cablecast.tv/internetchannel/show/10093?site=1&seekto=2083
0:34:56.12,0:35:00.84,2096.12,2100.84,Mary Woodman,School District Clerk and recording secretary (chair asks 'Mrs. Goodman' for roll [13] and 'Mrs. Woodman' for the roll-call vote [224] -> calls names [227-240]; as clerk offers to swear in the new member [265-281]),"The school district clerk, a justice of the peace of the moderator.",Speaker 12,https://reflect-claremont.cablecast.tv/internetchannel/show/10093?site=1&seekto=2096
0:35:01.04,0:35:02.48,2101.04,2102.48,Frank Sprague,"Claremont School Board Chair (self-ID 'I'm Frank Sprague' [89, 159]; calls meeting to order [1], runs agenda, hearing and votes; addressed 'Mister chair' [171], 'Mr. Sprague' [291])",So it would be at the next meeting.,Speaker 2,https://reflect-claremont.cablecast.tv/internetchannel/show/10093?site=1&seekto=2101
0:35:02.68,0:35:05.56,2102.68,2105.56,Mary Woodman,School District Clerk and recording secretary (chair asks 'Mrs. Goodman' for roll [13] and 'Mrs. Woodman' for the roll-call vote [224] -> calls names [227-240]; as clerk offers to swear in the new member [265-281]),We don't actually have a moderator.,Speaker 12,https://reflect-claremont.cablecast.tv/internetchannel/show/10093?site=1&seekto=2102
0:35:05.64,0:35:06.60,2105.64,2106.60,Frank Sprague,"Claremont School Board Chair (self-ID 'I'm Frank Sprague' [89, 159]; calls meeting to order [1], runs agenda, hearing and votes; addressed 'Mister chair' [171], 'Mr. Sprague' [291])",But you've sworn you.,Speaker 2,https://reflect-claremont.cablecast.tv/internetchannel/show/10093?site=1&seekto=2105
0:35:06.68,0:35:07.12,2106.68,2107.12,Unidentified,Unidentified - cluster mixes short interjections from several board members and others; see overrides,Want to.,Speaker 5,https://reflect-claremont.cablecast.tv/internetchannel/show/10093?site=1&seekto=2106
0:35:07.12,0:35:07.88,2107.12,2107.88,Mary Woodman,School District Clerk and recording secretary (chair asks 'Mrs. Goodman' for roll [13] and 'Mrs. Woodman' for the roll-call vote [224] -> calls names [227-240]; as clerk offers to swear in the new member [265-281]),Give me a call.,Speaker 12,https://reflect-claremont.cablecast.tv/internetchannel/show/10093?site=1&seekto=2107
0:35:08.04,0:35:08.48,2108.04,2108.48,Unidentified,Unidentified - cluster mixes short interjections from several board members and others; see overrides,Yeah.,Speaker 5,https://reflect-claremont.cablecast.tv/internetchannel/show/10093?site=1&seekto=2108
0:35:08.52,0:35:09.76,2108.52,2109.76,Mary Woodman,School District Clerk and recording secretary (chair asks 'Mrs. Goodman' for roll [13] and 'Mrs. Woodman' for the roll-call vote [224] -> calls names [227-240]; as clerk offers to swear in the new member [265-281]),Because I can do that.,Speaker 12,https://reflect-claremont.cablecast.tv/internetchannel/show/10093?site=1&seekto=2108
0:35:09.80,0:35:10.16,2109.80,2110.16,Unidentified,Unidentified - cluster mixes short interjections from several board members and others; see overrides,Okay.,Speaker 5,https://reflect-claremont.cablecast.tv/internetchannel/show/10093?site=1&seekto=2109
0:35:10.36,0:35:13.32,2110.36,2113.32,Mary Woodman,School District Clerk and recording secretary (chair asks 'Mrs. Goodman' for roll [13] and 'Mrs. Woodman' for the roll-call vote [224] -> calls names [227-240]; as clerk offers to swear in the new member [265-281]),And I have the form right here. Okay.,Speaker 12,https://reflect-claremont.cablecast.tv/internetchannel/show/10093?site=1&seekto=2110
0:35:13.44,0:35:14.00,2113.44,2114.00,Unidentified,Unidentified - cluster mixes short interjections from several board members and others; see overrides,All right.,Speaker 5,https://reflect-claremont.cablecast.tv/internetchannel/show/10093?site=1&seekto=2113
0:35:14.04,0:35:16.80,2114.04,2116.80,Frank Sprague,"Claremont School Board Chair (self-ID 'I'm Frank Sprague' [89, 159]; calls meeting to order [1], runs agenda, hearing and votes; addressed 'Mister chair' [171], 'Mr. Sprague' [291])",So he could be sworn in before the next board meeting.,Speaker 2,https://reflect-claremont.cablecast.tv/internetchannel/show/10093?site=1&seekto=2114
0:35:16.80,0:35:17.76,2116.80,2117.76,Unidentified,Unidentified - cluster mixes short interjections from several board members and others; see overrides,Is any time.,Speaker 5,https://reflect-claremont.cablecast.tv/internetchannel/show/10093?site=1&seekto=2116
0:35:17.92,0:35:21.52,2117.92,2121.52,Mary Woodman,School District Clerk and recording secretary (chair asks 'Mrs. Goodman' for roll [13] and 'Mrs. Woodman' for the roll-call vote [224] -> calls names [227-240]; as clerk offers to swear in the new member [265-281]),When he's available. As far as I know.,Speaker 12,https://reflect-claremont.cablecast.tv/internetchannel/show/10093?site=1&seekto=2117
0:35:21.60,0:35:22.84,2121.60,2122.84,Michelle Pierce,"Claremont School Board member (self-ID 'My name is Michelle Pierce' [73, 140]; 'Michelle' recognitions [397, 464, 719, 735]; answers 'Michelle Pierce' in roll-call vote [230-231])",Be helpful around.,Speaker 1,https://reflect-claremont.cablecast.tv/internetchannel/show/10093?site=1&seekto=2121
0:35:23.00,0:35:26.80,2123.00,2126.80,Mary Woodman,School District Clerk and recording secretary (chair asks 'Mrs. Goodman' for roll [13] and 'Mrs. Woodman' for the roll-call vote [224] -> calls names [227-240]; as clerk offers to swear in the new member [265-281]),Just give me a call an hour or so before hand. You find me.,Speaker 12,https://reflect-claremont.cablecast.tv/internetchannel/show/10093?site=1&seekto=2123
0:35:26.92,0:35:27.60,2126.92,2127.60,Unidentified,Unidentified - cluster mixes short interjections from several board members and others; see overrides,Okay.,Speaker 5,https://reflect-claremont.cablecast.tv/internetchannel/show/10093?site=1&seekto=2126
0:35:27.68,0:35:38.40,2127.68,2138.40,Frank Sprague,"Claremont School Board Chair (self-ID 'I'm Frank Sprague' [89, 159]; calls meeting to order [1], runs agenda, hearing and votes; addressed 'Mister chair' [171], 'Mr. Sprague' [291])",Great. Thank you for sharing that. Okay. Update on superintendent search process.,Speaker 2,https://reflect-claremont.cablecast.tv/internetchannel/show/10093?site=1&seekto=2127
0:35:38.48,0:36:13.24,2138.48,2173.24,Carolyn Towle,"Claremont School Board member (self-ID 'I'm Carolyn Toll' [78], 'I'm Carol' [145]; answers 'Carolyn Tull' in roll-call vote [232-233]; search-committee update [284-286])","I guess that comes to me because Rebecca is not here tonight. Rebecca is the chairman of the communications and media portion of the search committee, but  we had a,  for our, meeting last week.  Working on the search process and developing the  system for the criteria. To develop the ads that are going out. There's very, very enlightening.",Speaker 8,https://reflect-claremont.cablecast.tv/internetchannel/show/10093?site=1&seekto=2138
0:36:13.32,0:36:39.12,2173.32,2199.12,Carolyn Towle,"Claremont School Board member (self-ID 'I'm Carolyn Toll' [78], 'I'm Carol' [145]; answers 'Carolyn Tull' in roll-call vote [232-233]; search-committee update [284-286])",Rebecca and I are  working on right now. We we've done our part on the survey and got those out and had very good response. And we're really pleased with the the survey that we put together.  But are now our focus is on the forums that are going to be coming up.  And I sent Rebecca an outline today of things that need to be done for the forum.,Speaker 8,https://reflect-claremont.cablecast.tv/internetchannel/show/10093?site=1&seekto=2173
0:36:39.12,0:36:42.76,2199.12,2202.76,Carolyn Towle,"Claremont School Board member (self-ID 'I'm Carolyn Toll' [78], 'I'm Carol' [145]; answers 'Carolyn Tull' in roll-call vote [232-233]; search-committee update [284-286])",So I'm waiting for her to get back to me. And she's not feeling well.,Speaker 8,https://reflect-claremont.cablecast.tv/internetchannel/show/10093?site=1&seekto=2199
0:36:42.76,0:36:49.42,2202.76,2209.42,Unidentified,Unidentified - cluster mixes short interjections from several board members and others; see overrides,So great. Thank you. Thank you.,Speaker 5,https://reflect-claremont.cablecast.tv/internetchannel/show/10093?site=1&seekto=2202
0:36:49.50,0:36:51.90,2209.50,2211.90,Unidentified,Unidentified - cluster mixes short interjections from several board members and others; see overrides,Doctor Herzog.,Speaker 5,https://reflect-claremont.cablecast.tv/internetchannel/show/10093?site=1&seekto=2209
0:36:51.98,0:36:55.54,2211.98,2215.54,Frank Sprague,"Claremont School Board Chair (self-ID 'I'm Frank Sprague' [89, 159]; calls meeting to order [1], runs agenda, hearing and votes; addressed 'Mister chair' [171], 'Mr. Sprague' [291])",S v Arctic Goals and strategic plan presentation.,Speaker 2,https://reflect-claremont.cablecast.tv/internetchannel/show/10093?site=1&seekto=2211
0:36:55.59,0:36:56.29,2215.59,2216.29,Jason Benware,"Claremont School Board member (chair: 'Jason and Michelle want to make...' [532] -> [533]; 'Okay, Jason' [593] -> [596]; first in roll-call vote order [228]; budget subcommittee member with Sprague and Petrin [584])",Just give me a minute.,Speaker 4,https://reflect-claremont.cablecast.tv/internetchannel/show/10093?site=1&seekto=2215
0:36:56.30,0:36:58.92,2216.30,2218.92,Alex Herzog,"Director, Sugar River Valley Regional Technical Center of Claremont (setup remarks during his presentation [291, 352, 356])","Mr. Sprague. Well, I get my PowerPoint set up, please.",Speaker 13,https://reflect-claremont.cablecast.tv/internetchannel/show/10093?site=1&seekto=2216
0:36:59.00,0:37:00.34,2219.00,2220.34,Unidentified,Unidentified - cluster mixes short interjections from several board members and others; see overrides,Thanks.,Speaker 5,https://reflect-claremont.cablecast.tv/internetchannel/show/10093?site=1&seekto=2219
0:37:00.42,0:37:01.70,2220.42,2221.70,Frank Sprague,"Claremont School Board Chair (self-ID 'I'm Frank Sprague' [89, 159]; calls meeting to order [1], runs agenda, hearing and votes; addressed 'Mister chair' [171], 'Mr. Sprague' [291])",Thank you for being here tonight.,Speaker 2,https://reflect-claremont.cablecast.tv/internetchannel/show/10093?site=1&seekto=2220
0:37:01.82,0:37:02.74,2221.82,2222.74,Unidentified,Unidentified - cluster mixes short interjections from several board members and others; see overrides,Thank you for having me.,Speaker 5,https://reflect-claremont.cablecast.tv/internetchannel/show/10093?site=1&seekto=2221
0:37:02.86,0:37:03.30,2222.86,2223.30,Michael Petrin,"Claremont School Board member (self-ID 'I'm Mike patron' [153]; chair: 'Mike, you haven't spoken' [661] -> [662]; 'Mike.' [725] -> [726])",I have the.,Speaker 9,https://reflect-claremont.cablecast.tv/internetchannel/show/10093?site=1&seekto=2222
0:37:03.30,0:37:06.90,2223.30,2226.90,Unidentified,Unidentified - cluster mixes short interjections from several board members and others; see overrides,Clock on.,Speaker 5,https://reflect-claremont.cablecast.tv/internetchannel/show/10093?site=1&seekto=2223
0:37:06.98,0:37:11.38,2226.98,2231.38,Carolyn Towle,"Claremont School Board member (self-ID 'I'm Carolyn Toll' [78], 'I'm Carol' [145]; answers 'Carolyn Tull' in roll-call vote [232-233]; search-committee update [284-286])",Ten minutes. Good luck with that.,Speaker 8,https://reflect-claremont.cablecast.tv/internetchannel/show/10093?site=1&seekto=2226
0:37:11.46,0:37:19.12,2231.46,2239.12,Jason Benware,"Claremont School Board member (chair: 'Jason and Michelle want to make...' [532] -> [533]; 'Okay, Jason' [593] -> [596]; first in roll-call vote order [228]; budget subcommittee member with Sprague and Petrin [584])",It's a minute.,Speaker 4,https://reflect-claremont.cablecast.tv/internetchannel/show/10093?site=1&seekto=2231
0:37:19.20,0:37:25.17,2239.20,2245.17,Unidentified,Unidentified - cluster mixes short interjections from several board members and others; see overrides,That's right.,Speaker 5,https://reflect-claremont.cablecast.tv/internetchannel/show/10093?site=1&seekto=2239
0:37:25.25,0:37:27.20,2245.25,2247.20,Jason Benware,"Claremont School Board member (chair: 'Jason and Michelle want to make...' [532] -> [533]; 'Okay, Jason' [593] -> [596]; first in roll-call vote order [228]; budget subcommittee member with Sprague and Petrin [584])",It's only smart board.,Speaker 4,https://reflect-claremont.cablecast.tv/internetchannel/show/10093?site=1&seekto=2245
0:37:27.28,0:37:39.00,2247.28,2259.00,Unidentified,Unidentified - cluster mixes short interjections from several board members and others; see overrides,That's cool.,Speaker 5,https://reflect-claremont.cablecast.tv/internetchannel/show/10093?site=1&seekto=2247
0:37:39.08,0:37:44.44,2259.08,2264.44,Jason Benware,"Claremont School Board member (chair: 'Jason and Michelle want to make...' [532] -> [533]; 'Okay, Jason' [593] -> [596]; first in roll-call vote order [228]; budget subcommittee member with Sprague and Petrin [584])",Be fun to watch football game.,Speaker 4,https://reflect-claremont.cablecast.tv/internetchannel/show/10093?site=1&seekto=2259
0:37:44.52,0:38:03.88,2264.52,2283.88,Alex Herzog,"Director, Sugar River Valley Regional Technical Center of Claremont (self-ID 'I'm doctor Alex Herzog. I am the director of the sugar River Valley Regional Technical Center' [303])","Good evening everybody.  I have copies of the PowerPoint, but I'll give those to you after, because as a good instructor, a teacher would do is say, follow along, and then you can take notes afterwards. But I have the notes here for you. So good evening. I'm doctor Alex Herzog. I am the director of the sugar River Valley Regional Technical Center of Claremont.",Speaker 14,https://reflect-claremont.cablecast.tv/internetchannel/show/10093?site=1&seekto=2264
0:38:03.92,0:38:38.92,2283.92,2318.92,Alex Herzog,"Director, Sugar River Valley Regional Technical Center of Claremont (self-ID 'I'm doctor Alex Herzog. I am the director of the sugar River Valley Regional Technical Center' [303])","As you know, there's two. There's one in Newport and one here. And  in front of you, you'll have the sugar River Valley Regional Tech Center handout, where this is a booklet of materials. I think this was printed a little while ago, maybe a year ago.  And that is outline of all our programs. But I want to show you today a little about our goals, what we're accomplishing here, things that we're doing at the tech center in 2017, January 2017, a strategic plan was put together by the the previous director, full of great data and statistics.",Speaker 14,https://reflect-claremont.cablecast.tv/internetchannel/show/10093?site=1&seekto=2283
0:38:39.04,0:38:53.36,2319.04,2333.36,Alex Herzog,"Director, Sugar River Valley Regional Technical Center of Claremont (self-ID 'I'm doctor Alex Herzog. I am the director of the sugar River Valley Regional Technical Center' [303])","I'm going to kind of give you an overview. I don't know if I have this electronically, but I know they're around a little bit so we can share, but it's a real good base from where we're going. Let's get started here and hopefully this will look nicely here.",Speaker 14,https://reflect-claremont.cablecast.tv/internetchannel/show/10093?site=1&seekto=2319
0:38:53.44,0:38:55.92,2333.44,2335.92,Alex Herzog,"Director, Sugar River Valley Regional Technical Center of Claremont (self-ID 'I'm doctor Alex Herzog. I am the director of the sugar River Valley Regional Technical Center' [303])",That's not there we go.,Speaker 5,https://reflect-claremont.cablecast.tv/internetchannel/show/10093?site=1&seekto=2333
0:38:56.00,0:39:18.44,2336.00,2358.44,Alex Herzog,"Director, Sugar River Valley Regional Technical Center of Claremont (self-ID 'I'm doctor Alex Herzog. I am the director of the sugar River Valley Regional Technical Center' [303])","There we go. So who we are.  So here we are in the office. Myself is the director. I have a administrative assistant, Beverly Janelle. And she's a world of knowledge. She's got 42 years in the tech center. In addition, I have Doctor Diane Edwards, who's the director of the preschool. And although she reports to Ben, we work closely in this building as kind of the second administrator.",Speaker 14,https://reflect-claremont.cablecast.tv/internetchannel/show/10093?site=1&seekto=2336
0:39:18.52,0:39:40.68,2358.52,2380.68,Alex Herzog,"Director, Sugar River Valley Regional Technical Center of Claremont (self-ID 'I'm doctor Alex Herzog. I am the director of the sugar River Valley Regional Technical Center' [303])","So when we're dealing with fire alarms or evacuations or those kinds of activities, she's helping me out with those. And then finally, we have a director of adult Ed, which is open that position right now. And we are working with Doctor Pfeiffer and really looking at how we're going to do adult ed in the future. Myself and Pat Berry  are working on creating that job description.",Speaker 14,https://reflect-claremont.cablecast.tv/internetchannel/show/10093?site=1&seekto=2358
0:39:40.76,0:40:04.72,2380.76,2404.72,Alex Herzog,"Director, Sugar River Valley Regional Technical Center of Claremont (self-ID 'I'm doctor Alex Herzog. I am the director of the sugar River Valley Regional Technical Center' [303])","We didn't find a current one. So we're looking around the state and Doctor Fischer has given us some direction. So that's who's here right now. About a week and a half ago. Two weeks ago. Ed moved out of our building and assimilated into the high school. So we do have some open classrooms upstairs. Those need to be cleaned up and revamped, but we're thinking about how we want to grow our programs and what kind of classes do we want to put in there.",Speaker 14,https://reflect-claremont.cablecast.tv/internetchannel/show/10093?site=1&seekto=2380
0:40:04.80,0:40:15.98,2404.80,2415.98,Alex Herzog,"Director, Sugar River Valley Regional Technical Center of Claremont (self-ID 'I'm doctor Alex Herzog. I am the director of the sugar River Valley Regional Technical Center' [303])","And that's based on, you know, community need responsive to the workforce as well as what our student interests are. We kind of got to balance those two things.",Speaker 14,https://reflect-claremont.cablecast.tv/internetchannel/show/10093?site=1&seekto=2404
0:40:16.06,0:40:19.26,2416.06,2419.26,Alex Herzog,"Director, Sugar River Valley Regional Technical Center of Claremont (self-ID 'I'm doctor Alex Herzog. I am the director of the sugar River Valley Regional Technical Center' [303])",So we get this going.,Speaker 5,https://reflect-claremont.cablecast.tv/internetchannel/show/10093?site=1&seekto=2416
0:40:19.34,0:40:43.91,2419.34,2443.91,Alex Herzog,"Director, Sugar River Valley Regional Technical Center of Claremont (self-ID 'I'm doctor Alex Herzog. I am the director of the sugar River Valley Regional Technical Center' [303])","So programs and staff, we have five programs in the building carpentry construction which is headed up by Mr. Michael Bennett, a fantastic young man out of Maine. He was at a charter school there  almost as a finishing his bachelor's degree right now. But as a world of knowledge in regards to carpentry  has done  cabinets and such. So it was a really good hire for us for our HVAC plumber.",Speaker 14,https://reflect-claremont.cablecast.tv/internetchannel/show/10093?site=1&seekto=2419
0:40:43.94,0:41:02.26,2443.94,2462.26,Alex Herzog,"Director, Sugar River Valley Regional Technical Center of Claremont (self-ID 'I'm doctor Alex Herzog. I am the director of the sugar River Valley Regional Technical Center' [303])","We have Arnold Craig, who is a graduate of our program about ten years ago. So he's been around a little bit. He really connects well with our students, has worked for Hinckley in the past and just brings a real good expertise. For machine tool, we have Mr. Scott Pope and you know, Mr. Pope, he's a real expert in his field for culinary.",Speaker 14,https://reflect-claremont.cablecast.tv/internetchannel/show/10093?site=1&seekto=2443
0:41:02.30,0:41:25.42,2462.30,2485.42,Alex Herzog,"Director, Sugar River Valley Regional Technical Center of Claremont (self-ID 'I'm doctor Alex Herzog. I am the director of the sugar River Valley Regional Technical Center' [303])","We hired a canoe. She worked for Santos as assistant, and then that position was eliminated. So when this position came open, she applied again. And she really had the most education experience of all our candidates. And then Mr. Jim Galla is our accounting teacher. And one of the things we have on our CTE accounting, he also does a lot of personal finance classes, which are quarter classes.",Speaker 14,https://reflect-claremont.cablecast.tv/internetchannel/show/10093?site=1&seekto=2462
0:41:25.50,0:41:48.94,2485.50,2508.94,Alex Herzog,"Director, Sugar River Valley Regional Technical Center of Claremont (self-ID 'I'm doctor Alex Herzog. I am the director of the sugar River Valley Regional Technical Center' [303])","And those are all our intro classes to accounting. That's where students get excited about maybe studying accounting. Just quickly, I want to show you a little bit about our enrollment. As you can see, it's kind of gone up and down a little bit.  This is from 2001 to 2017. So we've got a great span. It has its cycles, just like the economy all over the state.",Speaker 14,https://reflect-claremont.cablecast.tv/internetchannel/show/10093?site=1&seekto=2485
0:41:48.94,0:42:09.62,2508.94,2529.62,Alex Herzog,"Director, Sugar River Valley Regional Technical Center of Claremont (self-ID 'I'm doctor Alex Herzog. I am the director of the sugar River Valley Regional Technical Center' [303])","Right now we're seeing a dip in CTE enrollment, but it's all of a sudden the state's putting some more money into it about advertising, about looking at CTE options. And all my colleagues are seeing some growth in the numbers. Some of it has to do with attrition with three staff retiring plus the director. Some students may have decided they didn't want to continue in programs.",Speaker 14,https://reflect-claremont.cablecast.tv/internetchannel/show/10093?site=1&seekto=2508
0:42:09.70,0:42:28.86,2529.70,2548.86,Alex Herzog,"Director, Sugar River Valley Regional Technical Center of Claremont (self-ID 'I'm doctor Alex Herzog. I am the director of the sugar River Valley Regional Technical Center' [303])","I believe the students that decided to come to the year two from my assessment, walking around, talking, and every day I'm in the classrooms or walking around meeting with the students, watching what they're doing, talking to them to see what they're achieving. And I'm asking them questions because not necessarily do I know, but I know to say, why are you putting in the pipe that way?",Speaker 14,https://reflect-claremont.cablecast.tv/internetchannel/show/10093?site=1&seekto=2529
0:42:28.94,0:42:48.94,2548.94,2568.94,Alex Herzog,"Director, Sugar River Valley Regional Technical Center of Claremont (self-ID 'I'm doctor Alex Herzog. I am the director of the sugar River Valley Regional Technical Center' [303])","Oh, because we have to start from the bottom up and they explain it back to me. So we've got some great ideas down the line in regards to how we're going to incorporate those students in the future. But as you can see, we trended downwards and I'm hoping that that's where we are going to stay because we are  making some great plans to move forward.",Speaker 14,https://reflect-claremont.cablecast.tv/internetchannel/show/10093?site=1&seekto=2548
0:42:49.02,0:43:12.58,2569.02,2592.58,Alex Herzog,"Director, Sugar River Valley Regional Technical Center of Claremont (self-ID 'I'm doctor Alex Herzog. I am the director of the sugar River Valley Regional Technical Center' [303])","So the enrollment for 1819, as we're looking at it, we are seeing out of 173 possible seats. We have 140 filled. And these include our intro classes. So that's a good thing for us to show. We have three new teachers and they are only teaching two blocks each instead of the normal three. And the reason we did that was so that we could get them up to speed this year and make them even better teachers.",Speaker 14,https://reflect-claremont.cablecast.tv/internetchannel/show/10093?site=1&seekto=2569
0:43:12.70,0:43:22.30,2592.70,2602.30,Alex Herzog,"Director, Sugar River Valley Regional Technical Center of Claremont (self-ID 'I'm doctor Alex Herzog. I am the director of the sugar River Valley Regional Technical Center' [303])","So if you think about those other three blocks they would teach, they could be anywhere between 15 class seats more so we could be at a higher number in the future.",Speaker 14,https://reflect-claremont.cablecast.tv/internetchannel/show/10093?site=1&seekto=2592
0:43:22.38,0:43:25.30,2602.38,2605.30,Frank Sprague,"Claremont School Board Chair (self-ID 'I'm Frank Sprague' [89, 159]; calls meeting to order [1], runs agenda, hearing and votes; addressed 'Mister chair' [171], 'Mr. Sprague' [291])","I was going to ask you, do you mind if we ask questions during.",Speaker 2,https://reflect-claremont.cablecast.tv/internetchannel/show/10093?site=1&seekto=2602
0:43:25.30,0:43:25.74,2605.30,2605.74,Unidentified,Unidentified - cluster mixes short interjections from several board members and others; see overrides,The you know.,Speaker 5,https://reflect-claremont.cablecast.tv/internetchannel/show/10093?site=1&seekto=2605
0:43:25.74,0:43:26.82,2605.74,2606.82,Alex Herzog,"Director, Sugar River Valley Regional Technical Center of Claremont (self-ID 'I'm doctor Alex Herzog. I am the director of the sugar River Valley Regional Technical Center' [303])","What, please do it.",Speaker 14,https://reflect-claremont.cablecast.tv/internetchannel/show/10093?site=1&seekto=2605
0:43:26.86,0:43:27.94,2606.86,2607.94,Unidentified,Unidentified - cluster mixes short interjections from several board members and others; see overrides,So.,Speaker 5,https://reflect-claremont.cablecast.tv/internetchannel/show/10093?site=1&seekto=2606
0:43:28.02,0:43:28.64,2608.02,2608.64,Frank Sprague,"Claremont School Board Chair (self-ID 'I'm Frank Sprague' [89, 159]; calls meeting to order [1], runs agenda, hearing and votes; addressed 'Mister chair' [171], 'Mr. Sprague' [291])",Go ahead. Oh.,Speaker 2,https://reflect-claremont.cablecast.tv/internetchannel/show/10093?site=1&seekto=2608
0:43:28.66,0:43:30.26,2608.66,2610.26,Unidentified,Unidentified - cluster mixes short interjections from several board members and others; see overrides,You go first.,Speaker 5,https://reflect-claremont.cablecast.tv/internetchannel/show/10093?site=1&seekto=2608
0:43:30.34,0:43:38.02,2610.34,2618.02,Jason Benware,"Claremont School Board member (chair: 'Jason and Michelle want to make...' [532] -> [533]; 'Okay, Jason' [593] -> [596]; first in roll-call vote order [228]; budget subcommittee member with Sprague and Petrin [584])",So I noticed that the the lowest enrollments are in the honors classes. What what separates an honors culinary class from a culinary arts class?,Speaker 4,https://reflect-claremont.cablecast.tv/internetchannel/show/10093?site=1&seekto=2610
0:43:38.18,0:44:00.66,2618.18,2640.66,Alex Herzog,"Director, Sugar River Valley Regional Technical Center of Claremont (self-ID 'I'm doctor Alex Herzog. I am the director of the sugar River Valley Regional Technical Center' [303])",So they're called honors classes. And because there's a level two okay. So the level two class. So usually we've got and they just require a little bit more intense time in regards to what they're learning for instance with the plumbing and heating. First year is mostly the plumbing. Understanding how plumbing works. The second year is heating. And so that's really a focus on learning how to use those heat heat pumps or heats and all that.,Speaker 14,https://reflect-claremont.cablecast.tv/internetchannel/show/10093?site=1&seekto=2618
0:44:00.66,0:44:05.22,2640.66,2645.22,Alex Herzog,"Director, Sugar River Valley Regional Technical Center of Claremont (self-ID 'I'm doctor Alex Herzog. I am the director of the sugar River Valley Regional Technical Center' [303])",So it's a lot more. From what I understand a little bit more intense.,Speaker 14,https://reflect-claremont.cablecast.tv/internetchannel/show/10093?site=1&seekto=2640
0:44:05.30,0:44:12.82,2645.30,2652.82,Jason Benware,"Claremont School Board member (chair: 'Jason and Michelle want to make...' [532] -> [533]; 'Okay, Jason' [593] -> [596]; first in roll-call vote order [228]; budget subcommittee member with Sprague and Petrin [584])","So according to the numbers we're looking at, all of your interest stuff is pretty full. Yes. So we could perhaps infer that the following year.",Speaker 4,https://reflect-claremont.cablecast.tv/internetchannel/show/10093?site=1&seekto=2645
0:44:13.02,0:44:30.62,2653.02,2670.62,Alex Herzog,"Director, Sugar River Valley Regional Technical Center of Claremont (self-ID 'I'm doctor Alex Herzog. I am the director of the sugar River Valley Regional Technical Center' [303])","Right. There is no rate. Right. We're going to we're trying to with retention. Well, we try to do with their initial classes and get them excited about it. Especially right now we have an intro class for carpentry and construction. So the students are excited about it. And what we want to do is take that class and move that into our level one tech class, which they will do.",Speaker 14,https://reflect-claremont.cablecast.tv/internetchannel/show/10093?site=1&seekto=2653
0:44:30.70,0:44:49.26,2670.70,2689.26,Alex Herzog,"Director, Sugar River Valley Regional Technical Center of Claremont (self-ID 'I'm doctor Alex Herzog. I am the director of the sugar River Valley Regional Technical Center' [303])","Right now they're working on different projects. They're actually getting some college credit for it through Maine. They had to make a sawhorse, which we use at a presentation to show how light they are, but how strong they are, because how they're built. Those kinds of activities right now is what they're working on. And then in the tech one class, they would look at building construction more.",Speaker 14,https://reflect-claremont.cablecast.tv/internetchannel/show/10093?site=1&seekto=2670
0:44:49.44,0:44:53.58,2689.44,2693.58,Frank Sprague,"Claremont School Board Chair (self-ID 'I'm Frank Sprague' [89, 159]; calls meeting to order [1], runs agenda, hearing and votes; addressed 'Mister chair' [171], 'Mr. Sprague' [291])",So is the intro to manufacturing. Is that when they go to Wayland.,Speaker 2,https://reflect-claremont.cablecast.tv/internetchannel/show/10093?site=1&seekto=2689
0:44:53.78,0:44:55.70,2693.78,2695.70,Alex Herzog,"Director, Sugar River Valley Regional Technical Center of Claremont (self-ID 'I'm doctor Alex Herzog. I am the director of the sugar River Valley Regional Technical Center' [303])",That's correct. When they go over to Wieland. Sure.,Speaker 14,https://reflect-claremont.cablecast.tv/internetchannel/show/10093?site=1&seekto=2693
0:44:55.78,0:44:58.78,2695.78,2698.78,Frank Sprague,"Claremont School Board Chair (self-ID 'I'm Frank Sprague' [89, 159]; calls meeting to order [1], runs agenda, hearing and votes; addressed 'Mister chair' [171], 'Mr. Sprague' [291])",So are the honors classes weighted GPA wise?,Speaker 2,https://reflect-claremont.cablecast.tv/internetchannel/show/10093?site=1&seekto=2695
0:44:58.82,0:45:05.90,2698.82,2705.90,Alex Herzog,"Director, Sugar River Valley Regional Technical Center of Claremont (self-ID 'I'm doctor Alex Herzog. I am the director of the sugar River Valley Regional Technical Center' [303])","I don't believe they're weighted in our CTE. I think they're just designated as honors classes only. Corey, can you. I don't believe they are.",Speaker 14,https://reflect-claremont.cablecast.tv/internetchannel/show/10093?site=1&seekto=2698
0:45:06.02,0:45:08.62,2706.02,2708.62,Cory LeClair,"Assistant Superintendent, SAU 6 (Herzog: 'Corey, can you' [336] -> [337]; introduces the special-education director [501]; lunch-debt figures [609-612]; scheduling [688-730])","Oh, my head. I don't have the answer to that, but I will get it for you.",Speaker 15,https://reflect-claremont.cablecast.tv/internetchannel/show/10093?site=1&seekto=2706
0:45:08.70,0:45:10.98,2708.70,2710.98,Frank Sprague,"Claremont School Board Chair (self-ID 'I'm Frank Sprague' [89, 159]; calls meeting to order [1], runs agenda, hearing and votes; addressed 'Mister chair' [171], 'Mr. Sprague' [291])",Suspect that they are.,Speaker 2,https://reflect-claremont.cablecast.tv/internetchannel/show/10093?site=1&seekto=2708
0:45:11.06,0:45:13.90,2711.06,2713.90,Alex Herzog,"Director, Sugar River Valley Regional Technical Center of Claremont (self-ID 'I'm doctor Alex Herzog. I am the director of the sugar River Valley Regional Technical Center' [303])","Do you? I don't,  I,",Speaker 14,https://reflect-claremont.cablecast.tv/internetchannel/show/10093?site=1&seekto=2711
0:45:13.98,0:45:15.22,2713.98,2715.22,Unidentified,Unidentified - cluster mixes short interjections from several board members and others; see overrides,They were. Maybe they're not.,Speaker 5,https://reflect-claremont.cablecast.tv/internetchannel/show/10093?site=1&seekto=2713
0:45:15.30,0:45:36.90,2715.30,2736.90,Alex Herzog,"Director, Sugar River Valley Regional Technical Center of Claremont (self-ID 'I'm doctor Alex Herzog. I am the director of the sugar River Valley Regional Technical Center' [303])","Maybe not anymore. There was a discussion early on right now in a CTE course. Say your level one. You get two credits for that. You're 90 minutes class per day,  and you get credit for the first semester and for the second. And do we want to go to just one credit with that? But seats across the state go with two per class.",Speaker 14,https://reflect-claremont.cablecast.tv/internetchannel/show/10093?site=1&seekto=2715
0:45:36.98,0:46:03.14,2736.98,2763.14,Jason Benware,"Claremont School Board member (chair: 'Jason and Michelle want to make...' [532] -> [533]; 'Okay, Jason' [593] -> [596]; first in roll-call vote order [228]; budget subcommittee member with Sprague and Petrin [584])","Are the numbers the 16 numbers the max you can put into a carpentry and finishing class, for instance. And the reason I asked this is because if you've got 16 in your  first level class and you have 16 available in your honors classes, and you know there's an attrition rate,  then if you had more in your entry level classes and then you had still had attrition, you'd be more likely to fill your second level classes.",Speaker 4,https://reflect-claremont.cablecast.tv/internetchannel/show/10093?site=1&seekto=2736
0:46:03.22,0:46:13.66,2763.22,2773.66,Alex Herzog,"Director, Sugar River Valley Regional Technical Center of Claremont (self-ID 'I'm doctor Alex Herzog. I am the director of the sugar River Valley Regional Technical Center' [303])",Correct. Right. We talked about that funnel. Right. We want to get as many here. And hopefully when we get down here we're going to have a real dedicated CTE bunch. That's what the focus.,Speaker 14,https://reflect-claremont.cablecast.tv/internetchannel/show/10093?site=1&seekto=2763
0:46:13.74,0:46:16.66,2773.74,2776.66,Frank Sprague,"Claremont School Board Chair (self-ID 'I'm Frank Sprague' [89, 159]; calls meeting to order [1], runs agenda, hearing and votes; addressed 'Mister chair' [171], 'Mr. Sprague' [291])",But the problem I think the difficulty with that is you've only got one teacher.,Speaker 2,https://reflect-claremont.cablecast.tv/internetchannel/show/10093?site=1&seekto=2773
0:46:16.86,0:46:18.86,2776.86,2778.86,Jason Benware,"Claremont School Board member (chair: 'Jason and Michelle want to make...' [532] -> [533]; 'Okay, Jason' [593] -> [596]; first in roll-call vote order [228]; budget subcommittee member with Sprague and Petrin [584])",So I was asking what do we have for numbers as far as what.,Speaker 4,https://reflect-claremont.cablecast.tv/internetchannel/show/10093?site=1&seekto=2776
0:46:18.86,0:46:19.86,2778.86,2779.86,Unidentified,Unidentified - cluster mixes short interjections from several board members and others; see overrides,We can do. Yeah.,Speaker 5,https://reflect-claremont.cablecast.tv/internetchannel/show/10093?site=1&seekto=2778
0:46:19.94,0:46:24.86,2779.94,2784.86,Frank Sprague,"Claremont School Board Chair (self-ID 'I'm Frank Sprague' [89, 159]; calls meeting to order [1], runs agenda, hearing and votes; addressed 'Mister chair' [171], 'Mr. Sprague' [291])","When you've got kids with power source and drills and such, you can't.",Speaker 2,https://reflect-claremont.cablecast.tv/internetchannel/show/10093?site=1&seekto=2779
0:46:24.98,0:46:26.58,2784.98,2786.58,Unidentified,Unidentified - cluster mixes short interjections from several board members and others; see overrides,Remember it on space.,Speaker 5,https://reflect-claremont.cablecast.tv/internetchannel/show/10093?site=1&seekto=2784
0:46:26.66,0:46:46.58,2786.66,2806.58,Alex Herzog,"Director, Sugar River Valley Regional Technical Center of Claremont (self-ID 'I'm doctor Alex Herzog. I am the director of the sugar River Valley Regional Technical Center' [303])","For instance, for the plumbing, we have 3 or 4 students working together in the level one to put the basic shower toilet sink in as opposed to they could do it on their own. And so you're limited by how many you can get in there to do that. If there's multiple students working on that one project, they don't always learn as much as they should as if they're working on their own.",Speaker 14,https://reflect-claremont.cablecast.tv/internetchannel/show/10093?site=1&seekto=2786
0:46:46.70,0:46:50.02,2806.70,2810.02,Alex Herzog,"Director, Sugar River Valley Regional Technical Center of Claremont (self-ID 'I'm doctor Alex Herzog. I am the director of the sugar River Valley Regional Technical Center' [303])",Right. So that's I think that's where the challenge comes in.,Speaker 14,https://reflect-claremont.cablecast.tv/internetchannel/show/10093?site=1&seekto=2806
0:46:50.10,0:46:52.74,2810.10,2812.74,Unidentified,Unidentified - cluster mixes short interjections from several board members and others; see overrides,Okay.,Speaker 5,https://reflect-claremont.cablecast.tv/internetchannel/show/10093?site=1&seekto=2810
0:46:52.82,0:46:54.98,2812.82,2814.98,Alex Herzog,"Director, Sugar River Valley Regional Technical Center of Claremont (setup remarks during his presentation [291, 352, 356])",Ready? Can I keep moving?,Speaker 13,https://reflect-claremont.cablecast.tv/internetchannel/show/10093?site=1&seekto=2812
0:46:55.06,0:46:56.10,2815.06,2816.10,Jason Benware,"Claremont School Board member (chair: 'Jason and Michelle want to make...' [532] -> [533]; 'Okay, Jason' [593] -> [596]; first in roll-call vote order [228]; budget subcommittee member with Sprague and Petrin [584])",Yes.,Speaker 4,https://reflect-claremont.cablecast.tv/internetchannel/show/10093?site=1&seekto=2815
0:46:56.18,0:46:57.06,2816.18,2817.06,Unidentified,Unidentified - cluster mixes short interjections from several board members and others; see overrides,So this.,Speaker 5,https://reflect-claremont.cablecast.tv/internetchannel/show/10093?site=1&seekto=2816
0:46:57.06,0:47:00.90,2817.06,2820.90,Alex Herzog,"Director, Sugar River Valley Regional Technical Center of Claremont (self-ID 'I'm doctor Alex Herzog. I am the director of the sugar River Valley Regional Technical Center' [303])","Is total enrollment. When you look at, the next slide.",Speaker 14,https://reflect-claremont.cablecast.tv/internetchannel/show/10093?site=1&seekto=2817
0:47:00.98,0:47:03.26,2820.98,2823.26,Alex Herzog,"Director, Sugar River Valley Regional Technical Center of Claremont (setup remarks during his presentation [291, 352, 356])",Soon as I get it to click over.,Speaker 13,https://reflect-claremont.cablecast.tv/internetchannel/show/10093?site=1&seekto=2820
0:47:03.34,0:47:10.78,2823.34,2830.78,Alex Herzog,"Director, Sugar River Valley Regional Technical Center of Claremont (self-ID 'I'm doctor Alex Herzog. I am the director of the sugar River Valley Regional Technical Center' [303])",There we go. This is just for the CTE programs. So we have 66 out of 101 seats. And as you can look.,Speaker 14,https://reflect-claremont.cablecast.tv/internetchannel/show/10093?site=1&seekto=2823
0:47:10.86,0:47:11.38,2830.86,2831.38,Alex Herzog,"Director, Sugar River Valley Regional Technical Center of Claremont (self-ID 'I'm doctor Alex Herzog. I am the director of the sugar River Valley Regional Technical Center' [303])",At this.,Speaker 5,https://reflect-claremont.cablecast.tv/internetchannel/show/10093?site=1&seekto=2830
0:47:11.38,0:47:32.42,2831.38,2852.42,Alex Herzog,"Director, Sugar River Valley Regional Technical Center of Claremont (self-ID 'I'm doctor Alex Herzog. I am the director of the sugar River Valley Regional Technical Center' [303])","You can see accounting. We can do some work there. And growing our numbers in the accounting role. When we look at honors building construction, although it was full I understand last year.  Now this is the second year and a bunch of students didn't return and then honors culinary. And hopefully what we'll do is double up on the culinary, because I think that's an easy one that students can get into and get excited.",Speaker 14,https://reflect-claremont.cablecast.tv/internetchannel/show/10093?site=1&seekto=2831
0:47:32.42,0:47:52.44,2852.42,2872.44,Alex Herzog,"Director, Sugar River Valley Regional Technical Center of Claremont (self-ID 'I'm doctor Alex Herzog. I am the director of the sugar River Valley Regional Technical Center' [303])","So we could have two intro classes in that, and that's what they've done in the past. So one of the things you asked for is what's the vision? What are we looking to do here? One of the things I wanted to start is I've been working on a vision with the staff, and we're not we're far from saying this is what we want to do, but this is kind of the words we're feeling right now.",Speaker 14,https://reflect-claremont.cablecast.tv/internetchannel/show/10093?site=1&seekto=2852
0:47:52.52,0:48:16.36,2872.52,2896.36,Alex Herzog,"Director, Sugar River Valley Regional Technical Center of Claremont (self-ID 'I'm doctor Alex Herzog. I am the director of the sugar River Valley Regional Technical Center' [303])","We want to.  Sugar River Tech of Claremont will be the community's choice for quality education, focusing on career exploration, career preparation, and continuing education leading to successful employment. One of the things we always see, and I've gone out to to meet with businesses, not only is it there's some challenges all the way across. There's the drug test, it's the soft skills, it's the skill set.",Speaker 14,https://reflect-claremont.cablecast.tv/internetchannel/show/10093?site=1&seekto=2872
0:48:16.40,0:48:32.64,2896.40,2912.64,Alex Herzog,"Director, Sugar River Valley Regional Technical Center of Claremont (self-ID 'I'm doctor Alex Herzog. I am the director of the sugar River Valley Regional Technical Center' [303])","But they're very happy because a lot of those players say your graduates, no matter what program they're in, we know that it can work with their hands and will hire them. So that's a good thing. Some of the other things we're the real reason here is to grow the tech. And I wish I had the there we go.",Speaker 14,https://reflect-claremont.cablecast.tv/internetchannel/show/10093?site=1&seekto=2896
0:48:32.72,0:48:53.36,2912.72,2933.36,Alex Herzog,"Director, Sugar River Valley Regional Technical Center of Claremont (self-ID 'I'm doctor Alex Herzog. I am the director of the sugar River Valley Regional Technical Center' [303])","We want to develop new programs in the regional and regional demand. So for us it's about okay. So the state we see that there's a nationwide there may be a gigantic increase in the need for cybersecurity, but in the region maybe not. So that's what we have to look at. One of the things we're talking about about construction is not new construction but repairing.",Speaker 14,https://reflect-claremont.cablecast.tv/internetchannel/show/10093?site=1&seekto=2912
0:48:53.44,0:49:18.23,2933.44,2958.23,Alex Herzog,"Director, Sugar River Valley Regional Technical Center of Claremont (self-ID 'I'm doctor Alex Herzog. I am the director of the sugar River Valley Regional Technical Center' [303])","So changing what we're learning or teaching from new construction to how do you repair something. And that's where we're going to be in the community, more helping to repair to get that experience, improve the exposure in the community. I'll show you some examples of how we're doing that. Obviously, increase enrollment, develop partnerships with regional businesses. And I think what we're trying to do is focus on work based learning.",Speaker 14,https://reflect-claremont.cablecast.tv/internetchannel/show/10093?site=1&seekto=2933
0:49:18.24,0:49:32.72,2958.24,2972.72,Alex Herzog,"Director, Sugar River Valley Regional Technical Center of Claremont (self-ID 'I'm doctor Alex Herzog. I am the director of the sugar River Valley Regional Technical Center' [303])","We've got some levels to get through there because we're always up against the they're not 18 yet, so they can't really intern with us yet. So although we can do that at Wheeling, we're trying I believe someone was hired. The former it was the director.",Speaker 14,https://reflect-claremont.cablecast.tv/internetchannel/show/10093?site=1&seekto=2958
0:49:32.72,0:49:33.96,2972.72,2973.96,Unidentified,Unidentified - cluster mixes short interjections from several board members and others; see overrides,Of the Riverside.,Speaker 5,https://reflect-claremont.cablecast.tv/internetchannel/show/10093?site=1&seekto=2972
0:49:34.00,0:49:38.36,2974.00,2978.36,Alex Herzog,"Director, Sugar River Valley Regional Technical Center of Claremont (self-ID 'I'm doctor Alex Herzog. I am the director of the sugar River Valley Regional Technical Center' [303])","Or the former superintendent or somebody a former principal, I don't recall.",Speaker 14,https://reflect-claremont.cablecast.tv/internetchannel/show/10093?site=1&seekto=2974
0:49:38.44,0:49:39.21,2978.44,2979.21,Unidentified,Unidentified - cluster mixes short interjections from several board members and others; see overrides,Oh.,Speaker 5,https://reflect-claremont.cablecast.tv/internetchannel/show/10093?site=1&seekto=2978
0:49:39.29,0:49:39.80,2979.29,2979.80,Alex Herzog,"Director, Sugar River Valley Regional Technical Center of Claremont (self-ID 'I'm doctor Alex Herzog. I am the director of the sugar River Valley Regional Technical Center' [303])",Yes.,Speaker 14,https://reflect-claremont.cablecast.tv/internetchannel/show/10093?site=1&seekto=2979
0:49:40.04,0:49:41.00,2980.04,2981.00,Cory LeClair,"Assistant Superintendent, SAU 6 (Herzog: 'Corey, can you' [336] -> [337]; introduces the special-education director [501]; lunch-debt figures [609-612]; scheduling [688-730])",Former principal of the.,Speaker 15,https://reflect-claremont.cablecast.tv/internetchannel/show/10093?site=1&seekto=2980
0:49:41.00,0:49:41.40,2981.00,2981.40,Unidentified,Unidentified - cluster mixes short interjections from several board members and others; see overrides,High school.,Speaker 5,https://reflect-claremont.cablecast.tv/internetchannel/show/10093?site=1&seekto=2981
0:49:41.40,0:49:44.04,2981.40,2984.04,Alex Herzog,"Director, Sugar River Valley Regional Technical Center of Claremont (self-ID 'I'm doctor Alex Herzog. I am the director of the sugar River Valley Regional Technical Center' [303])",So she's working with these companies to see how we.,Speaker 14,https://reflect-claremont.cablecast.tv/internetchannel/show/10093?site=1&seekto=2981
0:49:44.04,0:49:44.36,2984.04,2984.36,Unidentified,Unidentified - cluster mixes short interjections from several board members and others; see overrides,Can get.,Speaker 5,https://reflect-claremont.cablecast.tv/internetchannel/show/10093?site=1&seekto=2984
0:49:44.36,0:49:53.12,2984.36,2993.12,Cory LeClair,"Assistant Superintendent, SAU 6 (Herzog: 'Corey, can you' [336] -> [337]; introduces the special-education director [501]; lunch-debt figures [609-612]; scheduling [688-730])",To talking about Jackie. Thank you. Jackie Middleton and so she works as a consultant with correct to try to build those partnerships.,Speaker 15,https://reflect-claremont.cablecast.tv/internetchannel/show/10093?site=1&seekto=2984
0:49:53.16,0:50:10.36,2993.16,3010.36,Alex Herzog,"Director, Sugar River Valley Regional Technical Center of Claremont (self-ID 'I'm doctor Alex Herzog. I am the director of the sugar River Valley Regional Technical Center' [303])","So I'm keeping my ear to the ground to see where that goes, because I got students that want to go out and learn and want to. I'd love to take a sophomore who goes in tech level one to tech level two, and then put them into some sort of work based program for their  senior year. So they're having something to do and they're gaining experience.",Speaker 14,https://reflect-claremont.cablecast.tv/internetchannel/show/10093?site=1&seekto=2993
0:50:10.44,0:50:25.59,3010.44,3025.59,Alex Herzog,"Director, Sugar River Valley Regional Technical Center of Claremont (self-ID 'I'm doctor Alex Herzog. I am the director of the sugar River Valley Regional Technical Center' [303])","One of the things we're throwing the idea around to see how we can do a tech diploma, a 24 credit, one that allows them to take a couple of classes here, not only tech one, tech two, but then another tech program to kind of add to the whole deal here.",Speaker 14,https://reflect-claremont.cablecast.tv/internetchannel/show/10093?site=1&seekto=3010
0:50:25.68,0:50:26.36,3025.68,3026.36,Alex Herzog,"Director, Sugar River Valley Regional Technical Center of Claremont (self-ID 'I'm doctor Alex Herzog. I am the director of the sugar River Valley Regional Technical Center' [303])",Let's see.,Speaker 5,https://reflect-claremont.cablecast.tv/internetchannel/show/10093?site=1&seekto=3025
0:50:26.44,0:50:27.72,3026.44,3027.72,Alex Herzog,"Director, Sugar River Valley Regional Technical Center of Claremont (self-ID 'I'm doctor Alex Herzog. I am the director of the sugar River Valley Regional Technical Center' [303])",Talking about tech English.,Speaker 14,https://reflect-claremont.cablecast.tv/internetchannel/show/10093?site=1&seekto=3026
0:50:27.72,0:50:29.20,3027.72,3029.20,Alex Herzog,"Director, Sugar River Valley Regional Technical Center of Claremont (self-ID 'I'm doctor Alex Herzog. I am the director of the sugar River Valley Regional Technical Center' [303])",Here and.,Speaker 5,https://reflect-claremont.cablecast.tv/internetchannel/show/10093?site=1&seekto=3027
0:50:29.40,0:50:38.68,3029.40,3038.68,Alex Herzog,"Director, Sugar River Valley Regional Technical Center of Claremont (self-ID 'I'm doctor Alex Herzog. I am the director of the sugar River Valley Regional Technical Center' [303])",Let's get this rolling. There we go. So we'll jump into our plans and our goals for this year. We were looking to.,Speaker 14,https://reflect-claremont.cablecast.tv/internetchannel/show/10093?site=1&seekto=3029
0:50:38.76,0:50:55.16,3038.76,3055.16,Alex Herzog,"Director, Sugar River Valley Regional Technical Center of Claremont (self-ID 'I'm doctor Alex Herzog. I am the director of the sugar River Valley Regional Technical Center' [303])",Here we go. Hello. Oh no. I'm sorry. What's that?,Speaker 5,https://reflect-claremont.cablecast.tv/internetchannel/show/10093?site=1&seekto=3038
0:50:55.24,0:51:16.76,3055.24,3076.76,Alex Herzog,"Director, Sugar River Valley Regional Technical Center of Claremont (self-ID 'I'm doctor Alex Herzog. I am the director of the sugar River Valley Regional Technical Center' [303])","So our goals this year were simple. We wanted to hire and train new teachers. So the three teachers we hired all need to go through all four certification. So we're going through that process with them. It's a three year process usually to get them that certification. Some can do it sooner, but making sure they have the resources available to be to to achieve that goal next is to make them good teachers because the focus is quality.",Speaker 14,https://reflect-claremont.cablecast.tv/internetchannel/show/10093?site=1&seekto=3055
0:51:16.88,0:51:39.44,3076.88,3099.44,Alex Herzog,"Director, Sugar River Valley Regional Technical Center of Claremont (self-ID 'I'm doctor Alex Herzog. I am the director of the sugar River Valley Regional Technical Center' [303])","We had a great quality before. We want to maintain that or improve it going from good to great. That's the goal, that's the vision. We want to evaluate the current curriculum,  align that curriculum, make sure it's strongly competency based, which CTE usually is and has been. We want to integrate math and English, evaluate current CTE programs. So the programs do we have are they still a demand in our community.",Speaker 14,https://reflect-claremont.cablecast.tv/internetchannel/show/10093?site=1&seekto=3076
0:51:39.48,0:51:59.04,3099.48,3119.04,Alex Herzog,"Director, Sugar River Valley Regional Technical Center of Claremont (self-ID 'I'm doctor Alex Herzog. I am the director of the sugar River Valley Regional Technical Center' [303])","For that we want to look at researching new CTE programs. One of the things that the region ten meeting that Jason was able to attend with me, we talked about perhaps adding a couple of programs or adding one program. And right now we're thinking the teacher prep. That was one of the things that we were proposing as a possibility, the development of marketing plan and a brand.",Speaker 14,https://reflect-claremont.cablecast.tv/internetchannel/show/10093?site=1&seekto=3099
0:51:59.12,0:52:14.56,3119.12,3134.56,Alex Herzog,"Director, Sugar River Valley Regional Technical Center of Claremont (self-ID 'I'm doctor Alex Herzog. I am the director of the sugar River Valley Regional Technical Center' [303])","I'm working with a student that was recommended to me and creating that little bit of a marketing plan. It's hard because we're really grassroots. You've got to see the pen, right? That's the extent of my marketing budget. So enjoy.",Speaker 14,https://reflect-claremont.cablecast.tv/internetchannel/show/10093?site=1&seekto=3119
0:52:14.64,0:52:36.88,3134.64,3156.88,Alex Herzog,"Director, Sugar River Valley Regional Technical Center of Claremont (self-ID 'I'm doctor Alex Herzog. I am the director of the sugar River Valley Regional Technical Center' [303])","So, we needed a little bit of swag to give away. So that's our swag this year. But yes, developing some sort of marketing plan brand. But part of that is getting out in the community more  developing tech pathways. We talked about the tech diploma. Meet with the regional businesses. We've been out there meeting with them, listening to them, what they're looking for in skill sets, our craft committees or our program advisory committees.",Speaker 14,https://reflect-claremont.cablecast.tv/internetchannel/show/10093?site=1&seekto=3134
0:52:37.00,0:52:56.32,3157.00,3176.32,Alex Herzog,"Director, Sugar River Valley Regional Technical Center of Claremont (self-ID 'I'm doctor Alex Herzog. I am the director of the sugar River Valley Regional Technical Center' [303])","They're going to be meeting soon there. I ask the staff to put those together in November and early December to start meeting with those groups, reviewing our resources. That's the one thing we're we're running up against. How do we extend the resources we have and what community members can help us with other things that we need, community outreach and support.",Speaker 14,https://reflect-claremont.cablecast.tv/internetchannel/show/10093?site=1&seekto=3157
0:52:56.32,0:53:14.52,3176.32,3194.52,Alex Herzog,"Director, Sugar River Valley Regional Technical Center of Claremont (self-ID 'I'm doctor Alex Herzog. I am the director of the sugar River Valley Regional Technical Center' [303])","We try to be at everything. We can be in the community just to get out there, because I believe, you know, that visibility equals credibility. And that's one thing we're trying to achieve. We have a program, advisory committees, development. And then, of course, one of the things that we've been doing is visiting the regional tech centers in  the state and in Vermont.",Speaker 14,https://reflect-claremont.cablecast.tv/internetchannel/show/10093?site=1&seekto=3176
0:53:14.64,0:53:31.36,3194.64,3211.36,Alex Herzog,"Director, Sugar River Valley Regional Technical Center of Claremont (self-ID 'I'm doctor Alex Herzog. I am the director of the sugar River Valley Regional Technical Center' [303])","We do have the Hartford one in line. And so that's coming up that we had to schedule earlier, but we had to they had something going on there. We had to reschedule. So we do have that in our alignment. But as part of a CTE director group, we get to meet once a month that all these different seats in the state.",Speaker 14,https://reflect-claremont.cablecast.tv/internetchannel/show/10093?site=1&seekto=3194
0:53:31.36,0:53:40.44,3211.36,3220.44,Alex Herzog,"Director, Sugar River Valley Regional Technical Center of Claremont (self-ID 'I'm doctor Alex Herzog. I am the director of the sugar River Valley Regional Technical Center' [303])",And I really get to take a look at what everybody else is doing and share ideas. And that's a great resource to have for us.,Speaker 14,https://reflect-claremont.cablecast.tv/internetchannel/show/10093?site=1&seekto=3211
0:53:40.52,0:53:48.88,3220.52,3228.88,Alex Herzog,"Director, Sugar River Valley Regional Technical Center of Claremont (self-ID 'I'm doctor Alex Herzog. I am the director of the sugar River Valley Regional Technical Center' [303])",The next step for us is to look at 3 to 5 years out.,Speaker 14,https://reflect-claremont.cablecast.tv/internetchannel/show/10093?site=1&seekto=3220
0:53:48.96,0:53:56.84,3228.96,3236.84,Alex Herzog,"Director, Sugar River Valley Regional Technical Center of Claremont (self-ID 'I'm doctor Alex Herzog. I am the director of the sugar River Valley Regional Technical Center' [303])","Sorry about that. So 3 or 5 years, I'll bring them all up.",Speaker 5,https://reflect-claremont.cablecast.tv/internetchannel/show/10093?site=1&seekto=3228
0:53:56.92,0:53:58.56,3236.92,3238.56,Alex Herzog,"Director, Sugar River Valley Regional Technical Center of Claremont (self-ID 'I'm doctor Alex Herzog. I am the director of the sugar River Valley Regional Technical Center' [303])",Spent all this time to make it fancy and I.,Speaker 14,https://reflect-claremont.cablecast.tv/internetchannel/show/10093?site=1&seekto=3236
0:53:58.56,0:54:01.16,3238.56,3241.16,Alex Herzog,"Director, Sugar River Valley Regional Technical Center of Claremont (self-ID 'I'm doctor Alex Herzog. I am the director of the sugar River Valley Regional Technical Center' [303])",Can't do it.,Speaker 5,https://reflect-claremont.cablecast.tv/internetchannel/show/10093?site=1&seekto=3238
0:54:01.24,0:54:25.54,3241.24,3265.54,Alex Herzog,"Director, Sugar River Valley Regional Technical Center of Claremont (self-ID 'I'm doctor Alex Herzog. I am the director of the sugar River Valley Regional Technical Center' [303])","So we were looking at building renovation, planning and development. We have for 2022 the lineup for funding to renovate this building and add programs. And the state will give us 50 to 75% of that cost. It has been the precedent has been 75% of that cost. If you compare our building to Newport that was built two years after hours,  I think art looks pretty good.",Speaker 14,https://reflect-claremont.cablecast.tv/internetchannel/show/10093?site=1&seekto=3241
0:54:25.61,0:54:44.44,3265.61,3284.44,Alex Herzog,"Director, Sugar River Valley Regional Technical Center of Claremont (self-ID 'I'm doctor Alex Herzog. I am the director of the sugar River Valley Regional Technical Center' [303])","We do a great job of maintaining it. We just want to use it more. Right. So I've been meeting with Corey and community members from here and they're talking from the industry. What other businesses were we looking at or I'm sorry, what other programs we can implement to help support and grow the businesses in the area. And so that's something that we've been working on.",Speaker 14,https://reflect-claremont.cablecast.tv/internetchannel/show/10093?site=1&seekto=3265
0:54:44.48,0:54:47.12,3284.48,3287.12,Alex Herzog,"Director, Sugar River Valley Regional Technical Center of Claremont (self-ID 'I'm doctor Alex Herzog. I am the director of the sugar River Valley Regional Technical Center' [303])",Michelle.,Speaker 14,https://reflect-claremont.cablecast.tv/internetchannel/show/10093?site=1&seekto=3284
0:54:47.20,0:54:59.12,3287.20,3299.12,Michelle Pierce,"Claremont School Board member (self-ID 'My name is Michelle Pierce' [73, 140]; 'Michelle' recognitions [397, 464, 719, 735]; answers 'Michelle Pierce' in roll-call vote [230-231])",Two part series there. When you're looking at the programs or are you looking in about PCA and see any sort of certifications which could be one year and two year?,Speaker 1,https://reflect-claremont.cablecast.tv/internetchannel/show/10093?site=1&seekto=3287
0:54:59.20,0:55:00.16,3299.20,3300.16,Alex Herzog,"Director, Sugar River Valley Regional Technical Center of Claremont (self-ID 'I'm doctor Alex Herzog. I am the director of the sugar River Valley Regional Technical Center' [303])",So tell me what that is.,Speaker 14,https://reflect-claremont.cablecast.tv/internetchannel/show/10093?site=1&seekto=3299
0:55:00.23,0:55:01.32,3300.23,3301.32,Unidentified,Unidentified - cluster mixes short interjections from several board members and others; see overrides,I follow.,Speaker 5,https://reflect-claremont.cablecast.tv/internetchannel/show/10093?site=1&seekto=3300
0:55:01.40,0:55:05.08,3301.40,3305.08,Michelle Pierce,"Claremont School Board member (self-ID 'My name is Michelle Pierce' [73, 140]; 'Michelle' recognitions [397, 464, 719, 735]; answers 'Michelle Pierce' in roll-call vote [230-231])","Certified nursing assistant, which is what I explained to you.",Speaker 1,https://reflect-claremont.cablecast.tv/internetchannel/show/10093?site=1&seekto=3301
0:55:05.12,0:55:05.60,3305.12,3305.60,Unidentified,Unidentified - cluster mixes short interjections from several board members and others; see overrides,So our.,Speaker 5,https://reflect-claremont.cablecast.tv/internetchannel/show/10093?site=1&seekto=3305
0:55:05.60,0:55:23.48,3305.60,3323.48,Alex Herzog,"Director, Sugar River Valley Regional Technical Center of Claremont (self-ID 'I'm doctor Alex Herzog. I am the director of the sugar River Valley Regional Technical Center' [303])","Partnership with Newport so specifically that we are not to duplicate programs unless we can show a real need or we can get money from outside sources, not the state to run those programs. So right now,  Newport does have a nursing assistant program there.",Speaker 14,https://reflect-claremont.cablecast.tv/internetchannel/show/10093?site=1&seekto=3305
0:55:23.56,0:55:51.52,3323.56,3351.52,Michelle Pierce,"Claremont School Board member (self-ID 'My name is Michelle Pierce' [73, 140]; 'Michelle' recognitions [397, 464, 719, 735]; answers 'Michelle Pierce' in roll-call vote [230-231])","So they have the LNA. Yes. And  so the PCA is actually a personal care attendant, and I'm not sure that it has to be a licensed physician through an, I don't know all of that. However, it would be interesting to see because kids can, you know, kiddos can graduate and become helpers for elderly by going to the grocery stores for them,  driving for them.",Speaker 1,https://reflect-claremont.cablecast.tv/internetchannel/show/10093?site=1&seekto=3323
0:55:51.52,0:56:07.12,3351.52,3367.12,Michelle Pierce,"Claremont School Board member (self-ID 'My name is Michelle Pierce' [73, 140]; 'Michelle' recognitions [397, 464, 719, 735]; answers 'Michelle Pierce' in roll-call vote [230-231])","And then so the other thing was, are are you also looking at the middle school kiddos and seeing how maybe, I guess, that they could be incorporated in some of the things, especially, I think when we start.",Speaker 1,https://reflect-claremont.cablecast.tv/internetchannel/show/10093?site=1&seekto=3351
0:56:07.20,0:56:16.28,3367.20,3376.28,Alex Herzog,"Director, Sugar River Valley Regional Technical Center of Claremont (self-ID 'I'm doctor Alex Herzog. I am the director of the sugar River Valley Regional Technical Center' [303])","Looking at middle school and elementary. So when my students, we have already the carpentry construction guys went over to Maple Ave because they needed it. They needed some.",Speaker 14,https://reflect-claremont.cablecast.tv/internetchannel/show/10093?site=1&seekto=3367
0:56:17.40,0:56:38.16,3377.40,3398.16,Alex Herzog,"Director, Sugar River Valley Regional Technical Center of Claremont (self-ID 'I'm doctor Alex Herzog. I am the director of the sugar River Valley Regional Technical Center' [303])","Busch covers, whatever you call those. And so they built them here. They took them over there. We've got great pictures of them, those kinds of things where they needed a they have a food shelf there and they needed a shelf. So we built it, our students built it. And that's the kind of things we're trying to do. The grant that got funded from the foundation, that's where we're going to tap those monies to use those kinds of activities.",Speaker 14,https://reflect-claremont.cablecast.tv/internetchannel/show/10093?site=1&seekto=3377
0:56:38.20,0:56:39.56,3398.20,3399.56,Alex Herzog,"Director, Sugar River Valley Regional Technical Center of Claremont (self-ID 'I'm doctor Alex Herzog. I am the director of the sugar River Valley Regional Technical Center' [303])",So our students get experience.,Speaker 14,https://reflect-claremont.cablecast.tv/internetchannel/show/10093?site=1&seekto=3398
0:56:39.56,0:56:40.04,3399.56,3400.04,Alex Herzog,"Director, Sugar River Valley Regional Technical Center of Claremont (self-ID 'I'm doctor Alex Herzog. I am the director of the sugar River Valley Regional Technical Center' [303])",In there.,Speaker 5,https://reflect-claremont.cablecast.tv/internetchannel/show/10093?site=1&seekto=3399
0:56:40.12,0:57:00.88,3400.12,3420.88,Alex Herzog,"Director, Sugar River Valley Regional Technical Center of Claremont (self-ID 'I'm doctor Alex Herzog. I am the director of the sugar River Valley Regional Technical Center' [303])","So I did a presentation every Friday and Monday morning. They do an assembly at the middle school. And I was there when Friday morning, and we did a whole bunch of activities with the kids, more of a presentation, but just exposed the CTE,  what we're doing. I've got a plan to speak on November 19th to the ninth and 10th graders, because they're the next students that are going to be going in line.",Speaker 14,https://reflect-claremont.cablecast.tv/internetchannel/show/10093?site=1&seekto=3400
0:57:00.96,0:57:06.84,3420.96,3426.84,Alex Herzog,"Director, Sugar River Valley Regional Technical Center of Claremont (self-ID 'I'm doctor Alex Herzog. I am the director of the sugar River Valley Regional Technical Center' [303])","So we're bringing all our staff over during our flex time, and we're going to be making that presentation awesome.",Speaker 14,https://reflect-claremont.cablecast.tv/internetchannel/show/10093?site=1&seekto=3420
0:57:06.92,0:57:11.44,3426.92,3431.44,Michelle Pierce,"Claremont School Board member (self-ID 'My name is Michelle Pierce' [73, 140]; 'Michelle' recognitions [397, 464, 719, 735]; answers 'Michelle Pierce' in roll-call vote [230-231])","It's amazing, a great job.",Speaker 1,https://reflect-claremont.cablecast.tv/internetchannel/show/10093?site=1&seekto=3426
0:57:11.52,0:57:15.13,3431.52,3435.13,Alex Herzog,"Director, Sugar River Valley Regional Technical Center of Claremont (self-ID 'I'm doctor Alex Herzog. I am the director of the sugar River Valley Regional Technical Center' [303])",So we're looking at hiring a training new staff. Sorry to.,Speaker 5,https://reflect-claremont.cablecast.tv/internetchannel/show/10093?site=1&seekto=3431
0:57:15.28,0:57:27.76,3435.28,3447.76,Alex Herzog,"Director, Sugar River Valley Regional Technical Center of Claremont (self-ID 'I'm doctor Alex Herzog. I am the director of the sugar River Valley Regional Technical Center' [303])","Jump away. That's a if especially if we grow and look at our new building and add some programs, we're going to have to train and hire new staff.  We are looking at continuing to build our brand and marketing. I think what we're going to.",Speaker 14,https://reflect-claremont.cablecast.tv/internetchannel/show/10093?site=1&seekto=3435
0:57:27.76,0:57:28.24,3447.76,3448.24,Alex Herzog,"Director, Sugar River Valley Regional Technical Center of Claremont (self-ID 'I'm doctor Alex Herzog. I am the director of the sugar River Valley Regional Technical Center' [303])",Be.,Speaker 5,https://reflect-claremont.cablecast.tv/internetchannel/show/10093?site=1&seekto=3447
0:57:28.32,0:57:50.24,3448.32,3470.24,Alex Herzog,"Director, Sugar River Valley Regional Technical Center of Claremont (self-ID 'I'm doctor Alex Herzog. I am the director of the sugar River Valley Regional Technical Center' [303])","Looking at also is improve outreach to regional communities. We've got to look at how do we improve. And every employer I talked to is dying for people right now, but we want to do is make sure they get the people they need. And what we can do is provide the best students, educated and technically savvy, so that they can go out there and go to work right away.",Speaker 14,https://reflect-claremont.cablecast.tv/internetchannel/show/10093?site=1&seekto=3448
0:57:50.32,0:57:51.48,3470.32,3471.48,Unidentified,Unidentified - cluster mixes short interjections from several board members and others; see overrides,Michelle I'm sorry.,Speaker 5,https://reflect-claremont.cablecast.tv/internetchannel/show/10093?site=1&seekto=3470
0:57:51.64,0:57:58.92,3471.64,3478.92,Michelle Pierce,"Claremont School Board member (self-ID 'My name is Michelle Pierce' [73, 140]; 'Michelle' recognitions [397, 464, 719, 735]; answers 'Michelle Pierce' in roll-call vote [230-231])","Sorry. So is that part of the Red River program to where, kids from the tech center will be able to you.",Speaker 1,https://reflect-claremont.cablecast.tv/internetchannel/show/10093?site=1&seekto=3471
0:57:59.12,0:58:15.92,3479.12,3495.92,Alex Herzog,"Director, Sugar River Valley Regional Technical Center of Claremont (self-ID 'I'm doctor Alex Herzog. I am the director of the sugar River Valley Regional Technical Center' [303])","I am aware of the Red River, but it is not connected to the tech center right now. There's some things to think about with that. I think River Valley Community College has spent a lot of money on creating some brand new labs there. I don't want to duplicate that process. I don't want to use state money to kind of recreate that when they could do.",Speaker 14,https://reflect-claremont.cablecast.tv/internetchannel/show/10093?site=1&seekto=3479
0:58:15.92,0:58:38.00,3495.92,3518.00,Alex Herzog,"Director, Sugar River Valley Regional Technical Center of Claremont (self-ID 'I'm doctor Alex Herzog. I am the director of the sugar River Valley Regional Technical Center' [303])","But there are some partnerships that could happen, especially with the running start or the dual  dual enrollment ability. So if there's a student that has an interest in that, we could definitely work something out with River Valley. I know they'd be very open to to hearing from it. One of the things like cybersecurity is so hot right now, they say you just need a high school diploma and you can get right into it.",Speaker 14,https://reflect-claremont.cablecast.tv/internetchannel/show/10093?site=1&seekto=3495
0:58:38.08,0:58:52.40,3518.08,3532.40,Alex Herzog,"Director, Sugar River Valley Regional Technical Center of Claremont (self-ID 'I'm doctor Alex Herzog. I am the director of the sugar River Valley Regional Technical Center' [303])","It may be hot in the big cities, but right now in the region here, all we were doing is training somebody to leave the area. And I think the vision here is to train folks to stay here and be contributing members.",Speaker 14,https://reflect-claremont.cablecast.tv/internetchannel/show/10093?site=1&seekto=3518
0:58:52.48,0:59:21.10,3532.48,3561.10,Alex Herzog,"Director, Sugar River Valley Regional Technical Center of Claremont (self-ID 'I'm doctor Alex Herzog. I am the director of the sugar River Valley Regional Technical Center' [303])","And then, you know, making sure they get their teacher full certifications and then continuous, professional development. So when I look at what we've done so far, we've been here. Let's see, I started in June, 4th June, July, August, September, October. So five months time. I've hired three excellent staff. We're building a strong team of educators. They're helping each other.",Speaker 14,https://reflect-claremont.cablecast.tv/internetchannel/show/10093?site=1&seekto=3532
0:59:21.22,0:59:37.50,3561.22,3577.50,Alex Herzog,"Director, Sugar River Valley Regional Technical Center of Claremont (self-ID 'I'm doctor Alex Herzog. I am the director of the sugar River Valley Regional Technical Center' [303])","Sometimes I'll walk down and when one has a free block, they'll go talk to the other one about how do I do this again? Or can you help me with this? And they all come with different skill sets. So it's amazing to watch that team happen. And it's my job to either guide that to happen or to empower it to happen.",Speaker 14,https://reflect-claremont.cablecast.tv/internetchannel/show/10093?site=1&seekto=3561
0:59:37.54,0:59:57.66,3577.54,3597.66,Alex Herzog,"Director, Sugar River Valley Regional Technical Center of Claremont (self-ID 'I'm doctor Alex Herzog. I am the director of the sugar River Valley Regional Technical Center' [303])","And that's what I've been doing every day working with US staff. We've been able to raise outside funds. Our culinary catering is happening. We don't really have the student population in there yet to open for lunch. I'd love to see that someday, but right now I think we can do any catering and we're getting some good requests for catering, which is nice.",Speaker 14,https://reflect-claremont.cablecast.tv/internetchannel/show/10093?site=1&seekto=3577
0:59:57.66,1:00:20.30,3597.66,3620.30,Alex Herzog,"Director, Sugar River Valley Regional Technical Center of Claremont (self-ID 'I'm doctor Alex Herzog. I am the director of the sugar River Valley Regional Technical Center' [303])","So our students are getting some experiences there. The building trade projects we do right now, we're building a shed.  Students are doing smaller projects. We have a dog house that was built. They are making me a new podium because I said, we need podiums that have the tech on it, so we're working on that. Projects like that that we could reinvest in our own school and kind of create that pride.",Speaker 14,https://reflect-claremont.cablecast.tv/internetchannel/show/10093?site=1&seekto=3597
1:00:20.38,1:00:42.02,3620.38,3642.02,Alex Herzog,"Director, Sugar River Valley Regional Technical Center of Claremont (self-ID 'I'm doctor Alex Herzog. I am the director of the sugar River Valley Regional Technical Center' [303])","We had Mr. Pope's teacher award this year. I saw that come up. I immediately nominated he did all the work over 30 years, but I think it was an opportunity to get him recognized in plumbing, which was interesting. Our second year students are moving a little faster than they then than anticipated. So we're looking at projects. And one of the things our culinary kitchen sinks were all stopped up.",Speaker 14,https://reflect-claremont.cablecast.tv/internetchannel/show/10093?site=1&seekto=3620
1:00:42.14,1:00:58.14,3642.14,3658.14,Alex Herzog,"Director, Sugar River Valley Regional Technical Center of Claremont (self-ID 'I'm doctor Alex Herzog. I am the director of the sugar River Valley Regional Technical Center' [303])","So they sent three students down. Mr. Craig said, here's the work order. You got sinks that are plugged up down there. That's what the call was. Go check it out and fix it. And that's what they did. Three guys went down there, looked at it, cleaned it out. And that's the kind of stuff we're going to be doing more of.",Speaker 14,https://reflect-claremont.cablecast.tv/internetchannel/show/10093?site=1&seekto=3642
1:00:58.22,1:01:17.30,3658.22,3677.30,Alex Herzog,"Director, Sugar River Valley Regional Technical Center of Claremont (self-ID 'I'm doctor Alex Herzog. I am the director of the sugar River Valley Regional Technical Center' [303])","We're going to be getting that hands on experience for them to to do that. We're beginning partnerships with Habitat Humanity and Cover Home Repair. Although I just got by email today, there's going to be some heavy duty regulations regarding students who want to do construction in the community. So I've just received that today and it's just started looking at it.",Speaker 14,https://reflect-claremont.cablecast.tv/internetchannel/show/10093?site=1&seekto=3658
1:01:17.30,1:01:30.90,3677.30,3690.90,Alex Herzog,"Director, Sugar River Valley Regional Technical Center of Claremont (self-ID 'I'm doctor Alex Herzog. I am the director of the sugar River Valley Regional Technical Center' [303])","So hopefully we'll be able to continue that. And then finally, some potential partnerships with Sullivan County Prison doing inmate training either at night or during the summer, during the day so they can come in, they want to build a gazebo and then will teach them how.",Speaker 14,https://reflect-claremont.cablecast.tv/internetchannel/show/10093?site=1&seekto=3677
1:01:30.90,1:01:31.50,3690.90,3691.50,Alex Herzog,"Director, Sugar River Valley Regional Technical Center of Claremont (self-ID 'I'm doctor Alex Herzog. I am the director of the sugar River Valley Regional Technical Center' [303])",To do that.,Speaker 5,https://reflect-claremont.cablecast.tv/internetchannel/show/10093?site=1&seekto=3690
1:01:31.66,1:01:35.78,3691.66,3695.78,Alex Herzog,"Director, Sugar River Valley Regional Technical Center of Claremont (self-ID 'I'm doctor Alex Herzog. I am the director of the sugar River Valley Regional Technical Center' [303])","Zeebo. And then of course, the teacher development training.",Speaker 14,https://reflect-claremont.cablecast.tv/internetchannel/show/10093?site=1&seekto=3691
1:01:35.86,1:01:49.34,3695.86,3709.34,Alex Herzog,"Director, Sugar River Valley Regional Technical Center of Claremont (self-ID 'I'm doctor Alex Herzog. I am the director of the sugar River Valley Regional Technical Center' [303])","I think I know that we're short on time, so we're going to move along here. We did some great promoting of the tech recently. You'll see all sorts of that's our Facebook page. This is we were at CMS at the open house.",Speaker 5,https://reflect-claremont.cablecast.tv/internetchannel/show/10093?site=1&seekto=3695
1:01:49.34,1:01:50.34,3709.34,3710.34,Alex Herzog,"Director, Sugar River Valley Regional Technical Center of Claremont (self-ID 'I'm doctor Alex Herzog. I am the director of the sugar River Valley Regional Technical Center' [303])",Every opportunity.,Speaker 14,https://reflect-claremont.cablecast.tv/internetchannel/show/10093?site=1&seekto=3709
1:01:50.58,1:01:51.70,3710.58,3711.70,Alex Herzog,"Director, Sugar River Valley Regional Technical Center of Claremont (self-ID 'I'm doctor Alex Herzog. I am the director of the sugar River Valley Regional Technical Center' [303])",That Mr. Romeo will give.,Speaker 5,https://reflect-claremont.cablecast.tv/internetchannel/show/10093?site=1&seekto=3710
1:01:51.70,1:01:54.22,3711.70,3714.22,Alex Herzog,"Director, Sugar River Valley Regional Technical Center of Claremont (self-ID 'I'm doctor Alex Herzog. I am the director of the sugar River Valley Regional Technical Center' [303])","Us to get in there, we're in there.",Speaker 14,https://reflect-claremont.cablecast.tv/internetchannel/show/10093?site=1&seekto=3711
1:01:54.30,1:01:54.86,3714.30,3714.86,Alex Herzog,"Director, Sugar River Valley Regional Technical Center of Claremont (self-ID 'I'm doctor Alex Herzog. I am the director of the sugar River Valley Regional Technical Center' [303])",This.,Speaker 5,https://reflect-claremont.cablecast.tv/internetchannel/show/10093?site=1&seekto=3714
1:01:55.02,1:02:13.98,3715.02,3733.98,Alex Herzog,"Director, Sugar River Valley Regional Technical Center of Claremont (self-ID 'I'm doctor Alex Herzog. I am the director of the sugar River Valley Regional Technical Center' [303])","We were at the chili festival, the chili cookoff. Mr. Ben, where you joined us on that one? And I think you had some of their chili. You said it was pretty good, so.  And then, of course, getting in the paper. And sometimes, you know, when there's confusion, we want to make sure that we are out there educating the public.",Speaker 14,https://reflect-claremont.cablecast.tv/internetchannel/show/10093?site=1&seekto=3715
1:02:13.98,1:02:34.78,3733.98,3754.78,Alex Herzog,"Director, Sugar River Valley Regional Technical Center of Claremont (self-ID 'I'm doctor Alex Herzog. I am the director of the sugar River Valley Regional Technical Center' [303])","And so there was some misinformation about the tech that went out this summer. And so while Corey was here, we worked together on spinning that the correct way, giving the correct information. And then finally, as we're looking at our brand, this is something we came up off the cuff. We're trying to kind of expand who we are. Our hallways when you walk down, are kind of sterile.",Speaker 14,https://reflect-claremont.cablecast.tv/internetchannel/show/10093?site=1&seekto=3733
1:02:34.78,1:02:51.46,3754.78,3771.46,Alex Herzog,"Director, Sugar River Valley Regional Technical Center of Claremont (self-ID 'I'm doctor Alex Herzog. I am the director of the sugar River Valley Regional Technical Center' [303])","So we're trying to change that, but we're limited on our funds in doing that. So am I running out of time? Is that what you're looking at me like? Better hurry. Are we good? Okay. And then let's see. I think that's about it. Do you have any questions?",Speaker 14,https://reflect-claremont.cablecast.tv/internetchannel/show/10093?site=1&seekto=3754
1:02:51.54,1:02:55.54,3771.54,3775.54,Cory LeClair,"Assistant Superintendent, SAU 6 (Herzog: 'Corey, can you' [336] -> [337]; introduces the special-education director [501]; lunch-debt figures [609-612]; scheduling [688-730])",Clarification. Honors. Level two courses are weighted.,Speaker 15,https://reflect-claremont.cablecast.tv/internetchannel/show/10093?site=1&seekto=3771
1:02:55.58,1:03:01.10,3775.58,3781.10,Alex Herzog,"Director, Sugar River Valley Regional Technical Center of Claremont (self-ID 'I'm doctor Alex Herzog. I am the director of the sugar River Valley Regional Technical Center' [303])","Oh, good.",Speaker 14,https://reflect-claremont.cablecast.tv/internetchannel/show/10093?site=1&seekto=3775
1:03:01.18,1:03:52.54,3781.18,3832.54,Carolyn Towle,"Claremont School Board member (self-ID 'I'm Carolyn Toll' [78], 'I'm Carol' [145]; answers 'Carolyn Tull' in roll-call vote [232-233]; search-committee update [284-286])","My question is, twofold. One, when I, came out of retirement and and had to go back to work, I was lacking some skills in office mechanics,  like Excel spreadsheets. And a lot of the QuickBooks mechanics. And I think that they're  taught at certain levels in the high school. But unless you have a certain mechanical background in  how the office operates and what kind of programing that you would have to have for that, say, QuickBooks, they're all different as to how they're being applied.",Speaker 8,https://reflect-claremont.cablecast.tv/internetchannel/show/10093?site=1&seekto=3781
1:03:52.66,1:03:53.54,3832.66,3833.54,Alex Herzog,"Director, Sugar River Valley Regional Technical Center of Claremont (self-ID 'I'm doctor Alex Herzog. I am the director of the sugar River Valley Regional Technical Center' [303])",Okay.,Speaker 14,https://reflect-claremont.cablecast.tv/internetchannel/show/10093?site=1&seekto=3832
1:03:53.62,1:04:40.46,3833.62,3880.46,Carolyn Towle,"Claremont School Board member (self-ID 'I'm Carolyn Toll' [78], 'I'm Carol' [145]; answers 'Carolyn Tull' in roll-call vote [232-233]; search-committee update [284-286])","So there's a lot of, if you look at a ad for an administrative assistant,  they want a  word, they want Excel and they want QuickBooks. All three of those, they they want you advanced enough. So  my concern is that, if somebody were to figure out that they could not or did not care about going to school, a college, could we give them enough applications so that they would know what the office mechanics were and could step into  a $32,000 a year job?",Speaker 8,https://reflect-claremont.cablecast.tv/internetchannel/show/10093?site=1&seekto=3833
1:04:40.54,1:04:46.58,3880.54,3886.58,Carolyn Towle,"Claremont School Board member (self-ID 'I'm Carolyn Toll' [78], 'I'm Carol' [145]; answers 'Carolyn Tull' in roll-call vote [232-233]; search-committee update [284-286])",And I'm I'm concerned that there isn't enough  that happening.,Speaker 8,https://reflect-claremont.cablecast.tv/internetchannel/show/10093?site=1&seekto=3880
1:04:46.70,1:05:06.26,3886.70,3906.26,Alex Herzog,"Director, Sugar River Valley Regional Technical Center of Claremont (self-ID 'I'm doctor Alex Herzog. I am the director of the sugar River Valley Regional Technical Center' [303])","So I can't tell you the curriculum of the business department and maybe you could jump in if you. I know they teach intro to computer applications. I think there's another course that there, if I remember correctly. I don't have it in front of me. But there are those courses where they learn the Google Docs, they learn how to use Excel and all those pieces, the personal finance class.",Speaker 14,https://reflect-claremont.cablecast.tv/internetchannel/show/10093?site=1&seekto=3886
1:05:06.26,1:05:33.10,3906.26,3933.10,Alex Herzog,"Director, Sugar River Valley Regional Technical Center of Claremont (self-ID 'I'm doctor Alex Herzog. I am the director of the sugar River Valley Regional Technical Center' [303])","They have to learn how to program Excel. So it depends on what classes that they're taking now to create a whole CTE program for right now, I think the one of the things that we talked about was business management, but that Newport kind of has that program in their realm, and we have the accounting, the number side, learning that accounting number side going through the CTE would get you that skill set that you're talking about knowing how to use Excel, learning how to use the programs, how to manipulate Excel and use it for that.",Speaker 14,https://reflect-claremont.cablecast.tv/internetchannel/show/10093?site=1&seekto=3906
1:05:33.14,1:05:51.02,3933.14,3951.02,Alex Herzog,"Director, Sugar River Valley Regional Technical Center of Claremont (self-ID 'I'm doctor Alex Herzog. I am the director of the sugar River Valley Regional Technical Center' [303])","So I think and that's one of the things we can get, and we've looked into it, is to get the QuickBooks.  We get it at no cost for us as an educational institute because what we, the QuickBooks thinks, hey, if they get used to QuickBooks, then when they go to work, they're going to say, hey, I can do this, but I need QuickBooks and they're going to buy the program.",Speaker 14,https://reflect-claremont.cablecast.tv/internetchannel/show/10093?site=1&seekto=3933
1:05:51.10,1:05:55.38,3951.10,3955.38,Alex Herzog,"Director, Sugar River Valley Regional Technical Center of Claremont (self-ID 'I'm doctor Alex Herzog. I am the director of the sugar River Valley Regional Technical Center' [303])",So that's I think that's not the exact answer you're looking for. But I do know.,Speaker 14,https://reflect-claremont.cablecast.tv/internetchannel/show/10093?site=1&seekto=3951
1:05:55.54,1:06:24.02,3955.54,3984.02,Carolyn Towle,"Claremont School Board member (self-ID 'I'm Carolyn Toll' [78], 'I'm Carol' [145]; answers 'Carolyn Tull' in roll-call vote [232-233]; search-committee update [284-286])","That it opens up the the thought process and that. And that's exactly why I brought it up, because I  don't think the adult educational program, touches it enough for somebody that has to go back to work. And they've had a completely different, you know. Absolutely work ethic,  I agree.  Or a job before. And now they're stepping into a different situation and they don't have the Excel.",Speaker 8,https://reflect-claremont.cablecast.tv/internetchannel/show/10093?site=1&seekto=3955
1:06:24.02,1:06:31.62,3984.02,3991.62,Carolyn Towle,"Claremont School Board member (self-ID 'I'm Carolyn Toll' [78], 'I'm Carol' [145]; answers 'Carolyn Tull' in roll-call vote [232-233]; search-committee update [284-286])","They don't have word they, you know, or QuickBooks.  I think it's a tough road for them to walk into that type of job.",Speaker 8,https://reflect-claremont.cablecast.tv/internetchannel/show/10093?site=1&seekto=3984
1:06:31.66,1:06:50.86,3991.66,4010.86,Alex Herzog,"Director, Sugar River Valley Regional Technical Center of Claremont (self-ID 'I'm doctor Alex Herzog. I am the director of the sugar River Valley Regional Technical Center' [303])","Agreed. And that's where we will, you know, sit on that line. So where's the community college? Come in. You know, how much of that training are they supposed to provide? Because our focus is K through 12 right now. They dealt dad part. We've always been stepped up and did the high set or the GED equivalent. And they've actually you know and I went to the state meetings and I asked them, how did you know?",Speaker 14,https://reflect-claremont.cablecast.tv/internetchannel/show/10093?site=1&seekto=3991
1:06:50.90,1:07:06.42,4010.90,4026.42,Alex Herzog,"Director, Sugar River Valley Regional Technical Center of Claremont (self-ID 'I'm doctor Alex Herzog. I am the director of the sugar River Valley Regional Technical Center' [303])","I want to look at some other good programs in the state. They said, Claremont is actually a really good program. They had some really good numbers there. And that's how they evaluate the state. They look at the numbers. Right. But you're right. I felt that automatically. I believe that to get more people in the tech center, you got to have more traffic up here.",Speaker 14,https://reflect-claremont.cablecast.tv/internetchannel/show/10093?site=1&seekto=4010
1:07:06.50,1:07:23.10,4026.50,4043.10,Alex Herzog,"Director, Sugar River Valley Regional Technical Center of Claremont (self-ID 'I'm doctor Alex Herzog. I am the director of the sugar River Valley Regional Technical Center' [303])","So my vision is to create Ed so that we're doing evening of classes. One of the things I pitched early on, we just haven't had the opportunity to do it, is to offer a Women in Power Tools class so that they're going to understand how to use power tools safely and feel confident when they leave, how to use them.",Speaker 14,https://reflect-claremont.cablecast.tv/internetchannel/show/10093?site=1&seekto=4026
1:07:23.22,1:07:26.46,4043.22,4046.46,Alex Herzog,"Director, Sugar River Valley Regional Technical Center of Claremont (self-ID 'I'm doctor Alex Herzog. I am the director of the sugar River Valley Regional Technical Center' [303])",So those are the things we're looking at. If it's 1 or 2 night.,Speaker 14,https://reflect-claremont.cablecast.tv/internetchannel/show/10093?site=1&seekto=4043
1:07:26.54,1:07:56.94,4046.54,4076.94,Carolyn Towle,"Claremont School Board member (self-ID 'I'm Carolyn Toll' [78], 'I'm Carol' [145]; answers 'Carolyn Tull' in roll-call vote [232-233]; search-committee update [284-286])","The other thing I just as a marketing thing, and the second part was, you know, I love the idea of you going to the elementary classes and everything and, and exposing the elements, the kids that are working here to those classrooms and doing different projects because it gets them thinking.  Sure. But I would also like to just have you think about the fact that  a lot of those kids will never come through this building.",Speaker 8,https://reflect-claremont.cablecast.tv/internetchannel/show/10093?site=1&seekto=4046
1:07:57.02,1:08:09.30,4077.02,4089.30,Carolyn Towle,"Claremont School Board member (self-ID 'I'm Carolyn Toll' [78], 'I'm Carol' [145]; answers 'Carolyn Tull' in roll-call vote [232-233]; search-committee update [284-286])",Maybe. So maybe you would have a situation where a classroom came to this building and saw what was going on inside here. I don't know if.,Speaker 8,https://reflect-claremont.cablecast.tv/internetchannel/show/10093?site=1&seekto=4077
1:08:09.34,1:08:09.78,4089.34,4089.78,Cory LeClair,"Assistant Superintendent, SAU 6 (Herzog: 'Corey, can you' [336] -> [337]; introduces the special-education director [501]; lunch-debt figures [609-612]; scheduling [688-730])",You've.,Speaker 15,https://reflect-claremont.cablecast.tv/internetchannel/show/10093?site=1&seekto=4089
1:08:09.90,1:08:28.46,4089.90,4108.46,Alex Herzog,"Director, Sugar River Valley Regional Technical Center of Claremont (self-ID 'I'm doctor Alex Herzog. I am the director of the sugar River Valley Regional Technical Center' [303])",So you can join us next end of the month or maybe early December. The preschool will be walking to all the classrooms and we're going to do a little career day. So I think what we're sometimes it's logistics and bussing and taking them out of the classroom to do that takes away from their learning. And we also know that they need to be learning all that.,Speaker 14,https://reflect-claremont.cablecast.tv/internetchannel/show/10093?site=1&seekto=4089
1:08:28.50,1:08:47.66,4108.50,4127.66,Alex Herzog,"Director, Sugar River Valley Regional Technical Center of Claremont (self-ID 'I'm doctor Alex Herzog. I am the director of the sugar River Valley Regional Technical Center' [303])","If we can take an instructor that's on a free block and go over and do a little demonstration, and for us, it's just using the basic, I want to call it a Bunsen burner, but whatever that burner is that they use to, to to weld the pipes together, you know, and just clicking and it makes a fire. The kids are like, oh, those kinds of things so that they see and it's safe.",Speaker 14,https://reflect-claremont.cablecast.tv/internetchannel/show/10093?site=1&seekto=4108
1:08:47.66,1:08:53.54,4127.66,4133.54,Alex Herzog,"Director, Sugar River Valley Regional Technical Center of Claremont (self-ID 'I'm doctor Alex Herzog. I am the director of the sugar River Valley Regional Technical Center' [303])","It's a good, safe environment. We talk about safety all the time if they're going to do these things at home. But yes, I agree.",Speaker 14,https://reflect-claremont.cablecast.tv/internetchannel/show/10093?site=1&seekto=4127
1:08:53.66,1:08:55.02,4133.66,4135.02,Cory LeClair,"Assistant Superintendent, SAU 6 (Herzog: 'Corey, can you' [336] -> [337]; introduces the special-education director [501]; lunch-debt figures [609-612]; scheduling [688-730])",Good.,Speaker 15,https://reflect-claremont.cablecast.tv/internetchannel/show/10093?site=1&seekto=4133
1:08:55.10,1:08:56.38,4135.10,4136.38,Alex Herzog,"Director, Sugar River Valley Regional Technical Center of Claremont (self-ID 'I'm doctor Alex Herzog. I am the director of the sugar River Valley Regional Technical Center' [303])",So Michelle.,Speaker 14,https://reflect-claremont.cablecast.tv/internetchannel/show/10093?site=1&seekto=4135
1:08:56.46,1:09:00.54,4136.46,4140.54,Michelle Pierce,"Claremont School Board member (self-ID 'My name is Michelle Pierce' [73, 140]; 'Michelle' recognitions [397, 464, 719, 735]; answers 'Michelle Pierce' in roll-call vote [230-231])","Not to correct you, but it's a torch. What's that? You want to use a torch.",Speaker 1,https://reflect-claremont.cablecast.tv/internetchannel/show/10093?site=1&seekto=4136
1:09:00.70,1:09:03.26,4140.70,4143.26,Alex Herzog,"Director, Sugar River Valley Regional Technical Center of Claremont (self-ID 'I'm doctor Alex Herzog. I am the director of the sugar River Valley Regional Technical Center' [303])",Yeah the torch. Torch. Right.,Speaker 14,https://reflect-claremont.cablecast.tv/internetchannel/show/10093?site=1&seekto=4140
1:09:03.34,1:09:25.34,4143.34,4165.34,Michelle Pierce,"Claremont School Board member (self-ID 'My name is Michelle Pierce' [73, 140]; 'Michelle' recognitions [397, 464, 719, 735]; answers 'Michelle Pierce' in roll-call vote [230-231])","So I guess I had a couple more questions. Well, I just have one big question. I hear you talking about going to different places and looking at different  areas and how they, do things. And, you know, I guess my, my curiosity is, is that I don't know what the statistics would be or the amount of time.",Speaker 1,https://reflect-claremont.cablecast.tv/internetchannel/show/10093?site=1&seekto=4143
1:09:25.42,1:09:58.78,4165.42,4198.78,Michelle Pierce,"Claremont School Board member (self-ID 'My name is Michelle Pierce' [73, 140]; 'Michelle' recognitions [397, 464, 719, 735]; answers 'Michelle Pierce' in roll-call vote [230-231])","And I hadn't seen anything really at the college. For young adults to get into alcohol and drug training and become certified counselors, as you know, the our community is, in desperate need of that type of folk to help. People are backed up for years, sometimes waiting just to have someone to talk to. And there are groups and people are trying the hardest.",Speaker 1,https://reflect-claremont.cablecast.tv/internetchannel/show/10093?site=1&seekto=4165
1:09:58.78,1:10:06.27,4198.78,4206.27,Michelle Pierce,"Claremont School Board member (self-ID 'My name is Michelle Pierce' [73, 140]; 'Michelle' recognitions [397, 464, 719, 735]; answers 'Michelle Pierce' in roll-call vote [230-231])","However, it would just be so wonderful if we could  maybe even look at having that certificate.",Speaker 1,https://reflect-claremont.cablecast.tv/internetchannel/show/10093?site=1&seekto=4198
1:10:06.50,1:10:29.30,4206.50,4229.30,Alex Herzog,"Director, Sugar River Valley Regional Technical Center of Claremont (self-ID 'I'm doctor Alex Herzog. I am the director of the sugar River Valley Regional Technical Center' [303])","Jason talked to me about a human services program where we talked about, the looking at, like, a teacher prep program, a multi-level. And they don't have a UN services track and CTE in New Hampshire.  That doesn't mean there's not a federal one that we could bring in if we really wanted to. I would eventually guess that what you're kind of field you're talking usually is a higher level degree, in my experience.",Speaker 14,https://reflect-claremont.cablecast.tv/internetchannel/show/10093?site=1&seekto=4206
1:10:29.30,1:10:43.02,4229.30,4243.02,Alex Herzog,"Director, Sugar River Valley Regional Technical Center of Claremont (self-ID 'I'm doctor Alex Herzog. I am the director of the sugar River Valley Regional Technical Center' [303])","And I could be wrong, but I don't know enough about alcohol and drug rehabilitation and in that field. But from what I do know of it, working in colleges and universities is usually master's level. You got to be a counselor at that level. Somebody's got to be.",Speaker 14,https://reflect-claremont.cablecast.tv/internetchannel/show/10093?site=1&seekto=4229
1:10:43.06,1:10:46.22,4243.06,4246.22,Michelle Pierce,"Claremont School Board member (self-ID 'My name is Michelle Pierce' [73, 140]; 'Michelle' recognitions [397, 464, 719, 735]; answers 'Michelle Pierce' in roll-call vote [230-231])","In, and it can be in a two year program.",Speaker 1,https://reflect-claremont.cablecast.tv/internetchannel/show/10093?site=1&seekto=4243
1:10:46.26,1:10:51.50,4246.26,4251.50,Alex Herzog,"Director, Sugar River Valley Regional Technical Center of Claremont (self-ID 'I'm doctor Alex Herzog. I am the director of the sugar River Valley Regional Technical Center' [303])",So and so perhaps that would be.,Speaker 14,https://reflect-claremont.cablecast.tv/internetchannel/show/10093?site=1&seekto=4246
1:10:51.58,1:10:53.46,4251.58,4253.46,Alex Herzog,"Director, Sugar River Valley Regional Technical Center of Claremont (self-ID 'I'm doctor Alex Herzog. I am the director of the sugar River Valley Regional Technical Center' [303])",So it could be a two year college.,Speaker 14,https://reflect-claremont.cablecast.tv/internetchannel/show/10093?site=1&seekto=4251
1:10:53.54,1:11:18.10,4253.54,4278.10,Michelle Pierce,"Claremont School Board member (self-ID 'My name is Michelle Pierce' [73, 140]; 'Michelle' recognitions [397, 464, 719, 735]; answers 'Michelle Pierce' in roll-call vote [230-231])","I believe the difference between being a psychologist or a doctor of it or a counselor in that there's  there is and I might be wrong, but I'm been looking a lot at it that there are opportunities for certificates, counseling, which is like MSW or lower. MSW is like being in L.A., but in the, in the  on this side of it, on the mental health side of it.",Speaker 1,https://reflect-claremont.cablecast.tv/internetchannel/show/10093?site=1&seekto=4253
1:11:18.14,1:11:25.66,4278.14,4285.66,Frank Sprague,"Claremont School Board Chair (self-ID 'I'm Frank Sprague' [89, 159]; calls meeting to order [1], runs agenda, hearing and votes; addressed 'Mister chair' [171], 'Mr. Sprague' [291])","Just to  clarify, so people know MSW is a master's, a two year program after four years, after a four year bachelor's.",Speaker 2,https://reflect-claremont.cablecast.tv/internetchannel/show/10093?site=1&seekto=4278
1:11:25.82,1:11:26.74,4285.82,4286.74,Michelle Pierce,"Claremont School Board member (self-ID 'My name is Michelle Pierce' [73, 140]; 'Michelle' recognitions [397, 464, 719, 735]; answers 'Michelle Pierce' in roll-call vote [230-231])",I don't.,Speaker 1,https://reflect-claremont.cablecast.tv/internetchannel/show/10093?site=1&seekto=4285
1:11:26.82,1:11:29.62,4286.82,4289.62,Frank Sprague,"Claremont School Board Chair (self-ID 'I'm Frank Sprague' [89, 159]; calls meeting to order [1], runs agenda, hearing and votes; addressed 'Mister chair' [171], 'Mr. Sprague' [291])",It is okay.,Speaker 2,https://reflect-claremont.cablecast.tv/internetchannel/show/10093?site=1&seekto=4286
1:11:29.70,1:11:39.18,4289.70,4299.18,Michelle Pierce,"Claremont School Board member (self-ID 'My name is Michelle Pierce' [73, 140]; 'Michelle' recognitions [397, 464, 719, 735]; answers 'Michelle Pierce' in roll-call vote [230-231])","But there are other programs out there that you could become certified without having to have a master's, you know, for counseling. So anyway, and.",Speaker 1,https://reflect-claremont.cablecast.tv/internetchannel/show/10093?site=1&seekto=4289
1:11:39.22,1:11:40.87,4299.22,4300.87,Alex Herzog,"Director, Sugar River Valley Regional Technical Center of Claremont (self-ID 'I'm doctor Alex Herzog. I am the director of the sugar River Valley Regional Technical Center' [303])",When I have a conversation with.,Speaker 14,https://reflect-claremont.cablecast.tv/internetchannel/show/10093?site=1&seekto=4299
1:11:40.95,1:11:42.38,4300.95,4302.38,Michelle Pierce,"Claremont School Board member (self-ID 'My name is Michelle Pierce' [73, 140]; 'Michelle' recognitions [397, 464, 719, 735]; answers 'Michelle Pierce' in roll-call vote [230-231])",Elena Programs.,Speaker 1,https://reflect-claremont.cablecast.tv/internetchannel/show/10093?site=1&seekto=4300
1:11:42.42,1:11:59.90,4302.42,4319.90,Alex Herzog,"Director, Sugar River Valley Regional Technical Center of Claremont (self-ID 'I'm doctor Alex Herzog. I am the director of the sugar River Valley Regional Technical Center' [303])","I hear what you're saying. What I'll do is I'll have a conversation with the president at  River Valley, Alfred, and I'll have a conversation with him and see. But off the cuff, having worked in higher ed for many years, I don't recall that. Now, can you get certifications? Absolutely. But are those certifications worth anything? That's the other thing.",Speaker 14,https://reflect-claremont.cablecast.tv/internetchannel/show/10093?site=1&seekto=4302
1:11:59.94,1:12:17.10,4319.94,4337.10,Alex Herzog,"Director, Sugar River Valley Regional Technical Center of Claremont (self-ID 'I'm doctor Alex Herzog. I am the director of the sugar River Valley Regional Technical Center' [303])","Can you really go to work in that field now? I also know, and especially in alcohol and drug rehabilitation, if you've had a dependency issue before, those counselors are usually the best counselors in that realm, and they don't have an educational their land, that life experience, but they're usually overseen by someone who does. Right.",Speaker 14,https://reflect-claremont.cablecast.tv/internetchannel/show/10093?site=1&seekto=4319
1:12:17.18,1:12:45.22,4337.18,4365.22,Michelle Pierce,"Claremont School Board member (self-ID 'My name is Michelle Pierce' [73, 140]; 'Michelle' recognitions [397, 464, 719, 735]; answers 'Michelle Pierce' in roll-call vote [230-231])","So yeah, correct. There are abilities for, young adults to become counselors  at a young age in that respect. If they're coming out of the climate  that for, say, is low income and has been dealt with drugs and, jailing and, you know, things that we, you know, need to be talked about and, and that's how we heal is to talk about things.",Speaker 1,https://reflect-claremont.cablecast.tv/internetchannel/show/10093?site=1&seekto=4337
1:12:45.22,1:12:49.38,4365.22,4369.38,Michelle Pierce,"Claremont School Board member (self-ID 'My name is Michelle Pierce' [73, 140]; 'Michelle' recognitions [397, 464, 719, 735]; answers 'Michelle Pierce' in roll-call vote [230-231])",So I would be really curious to  to find out more about that.,Speaker 1,https://reflect-claremont.cablecast.tv/internetchannel/show/10093?site=1&seekto=4365
1:12:49.38,1:12:56.50,4369.38,4376.50,Alex Herzog,"Director, Sugar River Valley Regional Technical Center of Claremont (self-ID 'I'm doctor Alex Herzog. I am the director of the sugar River Valley Regional Technical Center' [303])","And  I will look into it. Michelle. And I promise you offline, I'll look into it and I'll pull you in when I see what comes out of that so we.",Speaker 14,https://reflect-claremont.cablecast.tv/internetchannel/show/10093?site=1&seekto=4369
1:12:56.50,1:12:57.58,4376.50,4377.58,Cory LeClair,"Assistant Superintendent, SAU 6 (Herzog: 'Corey, can you' [336] -> [337]; introduces the special-education director [501]; lunch-debt figures [609-612]; scheduling [688-730])",Can share that information.,Speaker 15,https://reflect-claremont.cablecast.tv/internetchannel/show/10093?site=1&seekto=4376
1:12:57.62,1:12:59.22,4377.62,4379.22,Frank Sprague,"Claremont School Board Chair (self-ID 'I'm Frank Sprague' [89, 159]; calls meeting to order [1], runs agenda, hearing and votes; addressed 'Mister chair' [171], 'Mr. Sprague' [291])",Sure. Okay. Thank you doctor.,Speaker 2,https://reflect-claremont.cablecast.tv/internetchannel/show/10093?site=1&seekto=4377
1:12:59.30,1:13:00.26,4379.30,4380.26,Jason Benware,"Claremont School Board member (chair: 'Jason and Michelle want to make...' [532] -> [533]; 'Okay, Jason' [593] -> [596]; first in roll-call vote order [228]; budget subcommittee member with Sprague and Petrin [584])","Thank you, thank you.",Speaker 4,https://reflect-claremont.cablecast.tv/internetchannel/show/10093?site=1&seekto=4379
1:13:00.38,1:13:01.30,4380.38,4381.30,Michelle Pierce,"Claremont School Board member (self-ID 'My name is Michelle Pierce' [73, 140]; 'Michelle' recognitions [397, 464, 719, 735]; answers 'Michelle Pierce' in roll-call vote [230-231])","Yes, doctor.",Speaker 1,https://reflect-claremont.cablecast.tv/internetchannel/show/10093?site=1&seekto=4380
1:13:01.38,1:13:04.50,4381.38,4384.50,Frank Sprague,"Claremont School Board Chair (self-ID 'I'm Frank Sprague' [89, 159]; calls meeting to order [1], runs agenda, hearing and votes; addressed 'Mister chair' [171], 'Mr. Sprague' [291])",Can I get you to handle.,Speaker 2,https://reflect-claremont.cablecast.tv/internetchannel/show/10093?site=1&seekto=4381
1:13:04.58,1:13:05.06,4384.58,4385.06,Michelle Pierce,"Claremont School Board member (self-ID 'My name is Michelle Pierce' [73, 140]; 'Michelle' recognitions [397, 464, 719, 735]; answers 'Michelle Pierce' in roll-call vote [230-231])",Alex?,Speaker 1,https://reflect-claremont.cablecast.tv/internetchannel/show/10093?site=1&seekto=4384
1:13:05.06,1:13:05.34,4385.06,4385.34,Cory LeClair,"Assistant Superintendent, SAU 6 (Herzog: 'Corey, can you' [336] -> [337]; introduces the special-education director [501]; lunch-debt figures [609-612]; scheduling [688-730])",Are you.,Speaker 15,https://reflect-claremont.cablecast.tv/internetchannel/show/10093?site=1&seekto=4385
1:13:05.34,1:13:06.38,4385.34,4386.38,Michelle Pierce,"Claremont School Board member (self-ID 'My name is Michelle Pierce' [73, 140]; 'Michelle' recognitions [397, 464, 719, 735]; answers 'Michelle Pierce' in roll-call vote [230-231])",Going to be here till the end?,Speaker 1,https://reflect-claremont.cablecast.tv/internetchannel/show/10093?site=1&seekto=4385
1:13:06.58,1:13:07.02,4386.58,4387.02,Cory LeClair,"Assistant Superintendent, SAU 6 (Herzog: 'Corey, can you' [336] -> [337]; introduces the special-education director [501]; lunch-debt figures [609-612]; scheduling [688-730])",What's that?,Speaker 15,https://reflect-claremont.cablecast.tv/internetchannel/show/10093?site=1&seekto=4386
1:13:07.06,1:13:08.02,4387.06,4388.02,Michelle Pierce,"Claremont School Board member (self-ID 'My name is Michelle Pierce' [73, 140]; 'Michelle' recognitions [397, 464, 719, 735]; answers 'Michelle Pierce' in roll-call vote [230-231])",Are you here till the end?,Speaker 1,https://reflect-claremont.cablecast.tv/internetchannel/show/10093?site=1&seekto=4387
1:13:08.14,1:13:13.74,4388.14,4393.74,Alex Herzog,"Director, Sugar River Valley Regional Technical Center of Claremont (self-ID 'I'm doctor Alex Herzog. I am the director of the sugar River Valley Regional Technical Center' [303])",I can be if you need me to.,Speaker 14,https://reflect-claremont.cablecast.tv/internetchannel/show/10093?site=1&seekto=4388
1:13:13.82,1:13:24.54,4393.82,4404.54,Frank Sprague,"Claremont School Board Chair (self-ID 'I'm Frank Sprague' [89, 159]; calls meeting to order [1], runs agenda, hearing and votes; addressed 'Mister chair' [171], 'Mr. Sprague' [291])","It's okay. So draft and capital, all caps, special caps, special ed, alternative programing model. Emphasis on drafts.",Speaker 2,https://reflect-claremont.cablecast.tv/internetchannel/show/10093?site=1&seekto=4393
1:13:24.58,1:13:26.98,4404.58,4406.98,Cory LeClair,"Assistant Superintendent, SAU 6 (Herzog: 'Corey, can you' [336] -> [337]; introduces the special-education director [501]; lunch-debt figures [609-612]; scheduling [688-730])",The draft. Draft.,Speaker 15,https://reflect-claremont.cablecast.tv/internetchannel/show/10093?site=1&seekto=4404
1:13:27.06,1:13:27.32,4407.06,4407.32,Frank Sprague,"Claremont School Board Chair (self-ID 'I'm Frank Sprague' [89, 159]; calls meeting to order [1], runs agenda, hearing and votes; addressed 'Mister chair' [171], 'Mr. Sprague' [291])",Mr..,Speaker 2,https://reflect-claremont.cablecast.tv/internetchannel/show/10093?site=1&seekto=4407
1:13:27.44,1:13:47.02,4407.44,4427.02,Cory LeClair,"Assistant Superintendent, SAU 6 (Herzog: 'Corey, can you' [336] -> [337]; introduces the special-education director [501]; lunch-debt figures [609-612]; scheduling [688-730])",Mr.. So Ben is here. Our director of special education. And in your in your folder you should have two pieces of paper. One says alt program elementary level and it has a Venn diagram on it. And the other is a spreadsheet. We'll have Ben.,Speaker 15,https://reflect-claremont.cablecast.tv/internetchannel/show/10093?site=1&seekto=4407
1:13:47.10,1:13:50.46,4427.10,4430.46,Cory LeClair,"Assistant Superintendent, SAU 6 (Herzog: 'Corey, can you' [336] -> [337]; introduces the special-education director [501]; lunch-debt figures [609-612]; scheduling [688-730])",Move his stuff out of the way. So Benton's it down.,Speaker 15,https://reflect-claremont.cablecast.tv/internetchannel/show/10093?site=1&seekto=4427
1:13:50.54,1:13:55.38,4430.54,4435.38,Jason Benware,"Claremont School Board member (chair: 'Jason and Michelle want to make...' [532] -> [533]; 'Okay, Jason' [593] -> [596]; first in roll-call vote order [228]; budget subcommittee member with Sprague and Petrin [584])",I'm only going to send one of these down because we'll tell you don't want to be Patrick.,Speaker 4,https://reflect-claremont.cablecast.tv/internetchannel/show/10093?site=1&seekto=4430
1:13:55.42,1:14:00.10,4435.42,4440.10,Cory LeClair,"Assistant Superintendent, SAU 6 (Herzog: 'Corey, can you' [336] -> [337]; introduces the special-education director [501]; lunch-debt figures [609-612]; scheduling [688-730])","Why did I use it on this? Yeah, sure.",Speaker 15,https://reflect-claremont.cablecast.tv/internetchannel/show/10093?site=1&seekto=4435
1:14:00.18,1:14:06.10,4440.18,4446.10,Jason Benware,"Claremont School Board member (chair: 'Jason and Michelle want to make...' [532] -> [533]; 'Okay, Jason' [593] -> [596]; first in roll-call vote order [228]; budget subcommittee member with Sprague and Petrin [584])","Would you like one? I would try to throw it to you, but I don't think I will.",Speaker 4,https://reflect-claremont.cablecast.tv/internetchannel/show/10093?site=1&seekto=4440
1:14:07.94,1:14:08.42,4447.94,4448.42,Jason Benware,"Claremont School Board member (chair: 'Jason and Michelle want to make...' [532] -> [533]; 'Okay, Jason' [593] -> [596]; first in roll-call vote order [228]; budget subcommittee member with Sprague and Petrin [584])",Anybody else.,Speaker 4,https://reflect-claremont.cablecast.tv/internetchannel/show/10093?site=1&seekto=4447
1:14:08.42,1:14:08.74,4448.42,4448.74,Michael Petrin,"Claremont School Board member (self-ID 'I'm Mike patron' [153]; chair: 'Mike, you haven't spoken' [661] -> [662]; 'Mike.' [725] -> [726])",Over there?,Speaker 9,https://reflect-claremont.cablecast.tv/internetchannel/show/10093?site=1&seekto=4448
1:14:08.78,1:14:10.86,4448.78,4450.86,Jason Benware,"Claremont School Board member (chair: 'Jason and Michelle want to make...' [532] -> [533]; 'Okay, Jason' [593] -> [596]; first in roll-call vote order [228]; budget subcommittee member with Sprague and Petrin [584])","One, one. Got two more.",Speaker 4,https://reflect-claremont.cablecast.tv/internetchannel/show/10093?site=1&seekto=4448
1:14:10.94,1:14:46.78,4450.94,4486.78,Cory LeClair,"Assistant Superintendent, SAU 6 (Herzog: 'Corey, can you' [336] -> [337]; introduces the special-education director [501]; lunch-debt figures [609-612]; scheduling [688-730])","Sally, would you like one to look out? Yeah, sure. I can speak to some of the bigger picture things, and Ben can speak to more of the details and special ed related, specifics. As you know, last summer we pursued an opportunity with a regional provider to essentially create an out of district placement in district. So we were looking at  taking two elementary classrooms,  creating a smaller environment, therapeutic environment to support the needs of some of our students.",Speaker 15,https://reflect-claremont.cablecast.tv/internetchannel/show/10093?site=1&seekto=4450
1:14:47.02,1:15:18.62,4487.02,4518.62,Cory LeClair,"Assistant Superintendent, SAU 6 (Herzog: 'Corey, can you' [336] -> [337]; introduces the special-education director [501]; lunch-debt figures [609-612]; scheduling [688-730])","And that fell through when the cost structures that we originally presented shifted dramatically. When it was time to sign on the dotted line. As you also know, we spend the fair amount of money, significant amount of money on students who we send to different programs around the region and the cross the state because their needs are such that they need more specialized training and support.",Speaker 15,https://reflect-claremont.cablecast.tv/internetchannel/show/10093?site=1&seekto=4487
1:15:18.70,1:15:23.62,4518.70,4523.62,Cory LeClair,"Assistant Superintendent, SAU 6 (Herzog: 'Corey, can you' [336] -> [337]; introduces the special-education director [501]; lunch-debt figures [609-612]; scheduling [688-730])",And so we have.,Speaker 15,https://reflect-claremont.cablecast.tv/internetchannel/show/10093?site=1&seekto=4518
1:15:23.70,1:15:51.34,4523.70,4551.34,Cory LeClair,"Assistant Superintendent, SAU 6 (Herzog: 'Corey, can you' [336] -> [337]; introduces the special-education director [501]; lunch-debt figures [609-612]; scheduling [688-730])","A big problem in terms of the financial side of things and can take some incremental steps to potentially improve the outcomes for our students, keep them in our own community, and ultimately, over time, reduce our expenditures on out of district placements and sending kids out. So this is a draft in all caps because this is really looking at a year one.",Speaker 15,https://reflect-claremont.cablecast.tv/internetchannel/show/10093?site=1&seekto=4523
1:15:51.34,1:16:14.78,4551.34,4574.78,Cory LeClair,"Assistant Superintendent, SAU 6 (Herzog: 'Corey, can you' [336] -> [337]; introduces the special-education director [501]; lunch-debt figures [609-612]; scheduling [688-730])","What can we do for next year? And a lot more research needs to be done and more players need to come to the table to look beyond next year. Because there are so many moving parts. It's not just staff and kids, it's also space. It's also,  a continuum from PK all the way through 12.  It's also meeting the needs of individual students.",Speaker 15,https://reflect-claremont.cablecast.tv/internetchannel/show/10093?site=1&seekto=4551
1:16:14.78,1:16:41.22,4574.78,4601.22,Cory LeClair,"Assistant Superintendent, SAU 6 (Herzog: 'Corey, can you' [336] -> [337]; introduces the special-education director [501]; lunch-debt figures [609-612]; scheduling [688-730])","Right now, I think we have roughly 35 students who are placed at a district, and in many ways, 35 different profiles. And so we can't create 35 in-house programs. So what can we create to support those students? And what do we still have for students in our district, who we might not currently be meeting their needs to the to to a degree that works for them and the students around them.",Speaker 15,https://reflect-claremont.cablecast.tv/internetchannel/show/10093?site=1&seekto=4574
1:16:41.30,1:16:57.62,4601.30,4617.62,Cory LeClair,"Assistant Superintendent, SAU 6 (Herzog: 'Corey, can you' [336] -> [337]; introduces the special-education director [501]; lunch-debt figures [609-612]; scheduling [688-730])","So I'm going to have Ben explain the model here.  It should sound familiar to you for what we could potentially do for next year. And then we need to think about bigger picture, longer term solutions as well. And we can talk about costs.",Speaker 15,https://reflect-claremont.cablecast.tv/internetchannel/show/10093?site=1&seekto=4601
1:16:57.82,1:16:58.30,4617.82,4618.30,Alex Herzog,"Director, Sugar River Valley Regional Technical Center of Claremont (self-ID 'I'm doctor Alex Herzog. I am the director of the sugar River Valley Regional Technical Center' [303])",Yeah.,Speaker 14,https://reflect-claremont.cablecast.tv/internetchannel/show/10093?site=1&seekto=4617
1:16:59.50,1:17:26.38,4619.50,4646.38,Ben,"Director of Special Education, SAU 6 (LeClair: 'So Ben is here. Our director of special education' [501] -> explains the model [519-547]; surname not on this recording; possibly Ben Nester, who holds the post from 2019 per roster - H)","The model is exactly what you've seen before, except for the addition of one administrator. Originally the staff was at nine. It's ten now because that Brattleboro would have brought in their own administrative to hand out. So we would need to add that administrative positions. Other than that, it looks exactly the same  as what you. Yeah. Other than that, it looks exactly what you guys saw before.",Speaker 16,https://reflect-claremont.cablecast.tv/internetchannel/show/10093?site=1&seekto=4619
1:17:26.46,1:17:43.70,4646.46,4663.70,Ben,"Director of Special Education, SAU 6 (LeClair: 'So Ben is here. Our director of special education' [501] -> explains the model [519-547]; surname not on this recording; possibly Ben Nester, who holds the post from 2019 per roster - H)","And like Corey said, we we we've identified locations. We have that. So we've got some of the infrastructure in place, and, I think that's all I have to say about the basic structure. Any questions on that specifically?",Speaker 16,https://reflect-claremont.cablecast.tv/internetchannel/show/10093?site=1&seekto=4646
1:17:43.78,1:18:17.06,4663.78,4697.06,Frank Sprague,"Claremont School Board Chair (self-ID 'I'm Frank Sprague' [89, 159]; calls meeting to order [1], runs agenda, hearing and votes; addressed 'Mister chair' [171], 'Mr. Sprague' [291])","Have some, some comments and questions. Yeah. I think one of the things that, that's really, really important here, and people will question to the number of mental or social workers, mental health workers. And it's really important to know, from the successful alternative programs that I have seen, that the most important thing is are the mental health supports, really, superseding the educational, needs of the program as well.",Speaker 2,https://reflect-claremont.cablecast.tv/internetchannel/show/10093?site=1&seekto=4663
1:18:17.14,1:18:47.02,4697.14,4727.02,Frank Sprague,"Claremont School Board Chair (self-ID 'I'm Frank Sprague' [89, 159]; calls meeting to order [1], runs agenda, hearing and votes; addressed 'Mister chair' [171], 'Mr. Sprague' [291])","These, these students, if they're going to be here, cannot be, using school principals, playing up school counselors. Because the problem is you don't have then don't have an appropriate response, a timely response, because the goal in any program like this is when someone's in crisis is to stabilize them and get and get them back into the learning environment as quickly as possible.",Speaker 2,https://reflect-claremont.cablecast.tv/internetchannel/show/10093?site=1&seekto=4697
1:18:47.08,1:19:06.90,4727.08,4746.90,Frank Sprague,"Claremont School Board Chair (self-ID 'I'm Frank Sprague' [89, 159]; calls meeting to order [1], runs agenda, hearing and votes; addressed 'Mister chair' [171], 'Mr. Sprague' [291])","Yeah. So in order to do that, you've got to have sufficient staff to deal with these very, very frequent outbursts, shutdowns, whatever. What however the the disability manifests itself with the student.  We've got to be able to respond to that effectively and immediately.",Speaker 2,https://reflect-claremont.cablecast.tv/internetchannel/show/10093?site=1&seekto=4727
1:19:06.98,1:19:28.10,4746.98,4768.10,Ben,"Director of Special Education, SAU 6 (LeClair: 'So Ben is here. Our director of special education' [501] -> explains the model [519-547]; surname not on this recording; possibly Ben Nester, who holds the post from 2019 per roster - H)","100% agree, Frank. And I mean, alternative programs are notorious for going under after a year or two because they're often just not staffed appropriately. And that's we see that I've seen that in multiple districts. We've seen that in this district. There's been many iterations at different levels here. So if we're going to do it like we talked about last time, we would do it right.",Speaker 16,https://reflect-claremont.cablecast.tv/internetchannel/show/10093?site=1&seekto=4746
1:19:28.14,1:19:33.30,4768.14,4773.30,Ben,"Director of Special Education, SAU 6 (LeClair: 'So Ben is here. Our director of special education' [501] -> explains the model [519-547]; surname not on this recording; possibly Ben Nester, who holds the post from 2019 per roster - H)","You know, we we don't want to do a half baked version of this thing that's going to fall apart in a couple of years.",Speaker 16,https://reflect-claremont.cablecast.tv/internetchannel/show/10093?site=1&seekto=4768
1:19:33.38,1:19:58.82,4773.38,4798.82,Cory LeClair,"Assistant Superintendent, SAU 6 (Herzog: 'Corey, can you' [336] -> [337]; introduces the special-education director [501]; lunch-debt figures [609-612]; scheduling [688-730])","So we before  you speak, if I could just,  we're speaking of this. I'm realizing with the context and background, but I don't know that everybody  watching right now has the context and background that we have. So if I could just take a minute. So we're looking at creating an out of district program in district. So instead of sending kids out, we'll bring them we'll keep them in our own district.",Speaker 15,https://reflect-claremont.cablecast.tv/internetchannel/show/10093?site=1&seekto=4773
1:19:58.86,1:20:09.86,4798.86,4809.86,Cory LeClair,"Assistant Superintendent, SAU 6 (Herzog: 'Corey, can you' [336] -> [337]; introduces the special-education director [501]; lunch-debt figures [609-612]; scheduling [688-730])","But it will be its own self-contained program and and based on behavioral and emotional needs, not academic disabilities or other,",Speaker 15,https://reflect-claremont.cablecast.tv/internetchannel/show/10093?site=1&seekto=4798
1:20:09.94,1:20:10.38,4809.94,4810.38,Frank Sprague,"Claremont School Board Chair (self-ID 'I'm Frank Sprague' [89, 159]; calls meeting to order [1], runs agenda, hearing and votes; addressed 'Mister chair' [171], 'Mr. Sprague' [291])",Medical.,Speaker 2,https://reflect-claremont.cablecast.tv/internetchannel/show/10093?site=1&seekto=4809
1:20:10.62,1:20:37.38,4810.62,4837.38,Cory LeClair,"Assistant Superintendent, SAU 6 (Herzog: 'Corey, can you' [336] -> [337]; introduces the special-education director [501]; lunch-debt figures [609-612]; scheduling [688-730])",Medical fragility or other disabilities or not creating a Perkins School of the blind in district. We're really looking at our students with emotional and behavioral needs and mental health needs that need those supports.  And we're looking at the elementary level. And so the the first go would be for supporting our elementary students and looking potentially having two classrooms.,Speaker 15,https://reflect-claremont.cablecast.tv/internetchannel/show/10093?site=1&seekto=4810
1:20:37.50,1:21:13.86,4837.50,4873.86,Cory LeClair,"Assistant Superintendent, SAU 6 (Herzog: 'Corey, can you' [336] -> [337]; introduces the special-education director [501]; lunch-debt figures [609-612]; scheduling [688-730])","And the profile that each of those two classrooms would support would be different. So it would be a level two and a level three, meaning that one  classroom would have  students with more severe needs than the other classrooms. So there's a progression  there. And all of these environments, these two classrooms are really therapeutic environments first, academic environments second, which was what Frank was speaking to,  is that our first goal is to help the students stabilize and then be able to learn.",Speaker 15,https://reflect-claremont.cablecast.tv/internetchannel/show/10093?site=1&seekto=4837
1:21:13.86,1:21:23.62,4873.86,4883.62,Cory LeClair,"Assistant Superintendent, SAU 6 (Herzog: 'Corey, can you' [336] -> [337]; introduces the special-education director [501]; lunch-debt figures [609-612]; scheduling [688-730])","So I didn't mean to cut you off those of you with your hands up, but I was realizing that we're talking about this because we've talked about it before, but I don't know that everybody had the same good point context.",Speaker 15,https://reflect-claremont.cablecast.tv/internetchannel/show/10093?site=1&seekto=4873
1:21:23.66,1:21:24.18,4883.66,4884.18,Frank Sprague,"Claremont School Board Chair (self-ID 'I'm Frank Sprague' [89, 159]; calls meeting to order [1], runs agenda, hearing and votes; addressed 'Mister chair' [171], 'Mr. Sprague' [291])",Jason and.,Speaker 2,https://reflect-claremont.cablecast.tv/internetchannel/show/10093?site=1&seekto=4883
1:21:24.20,1:21:54.02,4884.20,4914.02,Jason Benware,"Claremont School Board member (chair: 'Jason and Michelle want to make...' [532] -> [533]; 'Okay, Jason' [593] -> [596]; first in roll-call vote order [228]; budget subcommittee member with Sprague and Petrin [584])","Michelle want to make two points or make a point and then ask a question. Perhaps. I think it's important that people understand that, by setting this up this way, I think that not only is it going to give these particular students a, a better quality of life to some degree, but it's also going to potentially increase the quality of life to the other students that are in the school, because without those disruptions in the classroom, they'll be able to have a least restrictive learning environment as well.",Speaker 4,https://reflect-claremont.cablecast.tv/internetchannel/show/10093?site=1&seekto=4884
1:21:54.10,1:22:16.74,4914.10,4936.74,Jason Benware,"Claremont School Board member (chair: 'Jason and Michelle want to make...' [532] -> [533]; 'Okay, Jason' [593] -> [596]; first in roll-call vote order [228]; budget subcommittee member with Sprague and Petrin [584])","That's number one. Number two, when I look at the numbers. So you're looking at six in each classroom for the pilot, I guess you'd call it. And I see there's two mental health workers, a dual certified teacher, and then sort of shared a shared social worker and a mental health worker. So I guess my question is going forward.",Speaker 4,https://reflect-claremont.cablecast.tv/internetchannel/show/10093?site=1&seekto=4914
1:22:16.82,1:22:26.02,4936.82,4946.02,Jason Benware,"Claremont School Board member (chair: 'Jason and Michelle want to make...' [532] -> [533]; 'Okay, Jason' [593] -> [596]; first in roll-call vote order [228]; budget subcommittee member with Sprague and Petrin [584])",What is the capacity for those classrooms with that number of staff? How many more could you scale it up to each classroom?,Speaker 4,https://reflect-claremont.cablecast.tv/internetchannel/show/10093?site=1&seekto=4936
1:22:26.10,1:22:55.94,4946.10,4975.94,Ben,"Director of Special Education, SAU 6 (LeClair: 'So Ben is here. Our director of special education' [501] -> explains the model [519-547]; surname not on this recording; possibly Ben Nester, who holds the post from 2019 per roster - H)","I think I'll start and Corey can jump in.  I think we start with the lower numbers section, each classroom, as we've laid out here with the intent to to scale up, because God knows we have some kiddos that could benefit from a program like this, but it's often a little tough to to quantify exactly, because the dynamic that you have with six kids can look with this particular group of six.",Speaker 16,https://reflect-claremont.cablecast.tv/internetchannel/show/10093?site=1&seekto=4946
1:22:55.94,1:23:13.50,4975.94,4993.50,Ben,"Director of Special Education, SAU 6 (LeClair: 'So Ben is here. Our director of special education' [501] -> explains the model [519-547]; surname not on this recording; possibly Ben Nester, who holds the post from 2019 per roster - H)","Kids can look very different than the dynamic you have with these six kids over here. So it's hard to completely nail down, like, yeah, we could scale up two per year and get at ten eventually per classroom.  I think it might depend on who walks through the door. Is that.",Speaker 16,https://reflect-claremont.cablecast.tv/internetchannel/show/10093?site=1&seekto=4975
1:23:13.58,1:23:36.38,4993.58,5016.38,Jason Benware,"Claremont School Board member (chair: 'Jason and Michelle want to make...' [532] -> [533]; 'Okay, Jason' [593] -> [596]; first in roll-call vote order [228]; budget subcommittee member with Sprague and Petrin [584])","Yes. I'm just I'm simply trying to, you know, from the person who's looking at this from home. Yeah. And they see and they're looking at, a cost  over the first year of about $125,000. If I were sitting at home, I would also go, okay, that's great, but  what are we going to look at? Where it's going to actually start saving us money as a district?",Speaker 4,https://reflect-claremont.cablecast.tv/internetchannel/show/10093?site=1&seekto=4993
1:23:36.50,1:23:55.10,5016.50,5035.10,Jason Benware,"Claremont School Board member (chair: 'Jason and Michelle want to make...' [532] -> [533]; 'Okay, Jason' [593] -> [596]; first in roll-call vote order [228]; budget subcommittee member with Sprague and Petrin [584])","Right. And you know, what year might that be at? And these are just projections I understand. But I think that quality of life for the kids very important. Yeah. Savings for the community also a major bonus. So that's all I'm just trying to figure out where we're headed.",Speaker 4,https://reflect-claremont.cablecast.tv/internetchannel/show/10093?site=1&seekto=5016
1:23:55.18,1:23:55.66,5035.18,5035.66,Ben,"Director of Special Education, SAU 6 (LeClair: 'So Ben is here. Our director of special education' [501] -> explains the model [519-547]; surname not on this recording; possibly Ben Nester, who holds the post from 2019 per roster - H)",I gotcha.,Speaker 16,https://reflect-claremont.cablecast.tv/internetchannel/show/10093?site=1&seekto=5035
1:23:55.84,1:23:56.11,5035.84,5036.11,Alex Herzog,"Director, Sugar River Valley Regional Technical Center of Claremont (self-ID 'I'm doctor Alex Herzog. I am the director of the sugar River Valley Regional Technical Center' [303])",Yeah.,Speaker 14,https://reflect-claremont.cablecast.tv/internetchannel/show/10093?site=1&seekto=5035
1:23:56.26,1:23:57.30,5036.26,5037.30,Ben,"Director of Special Education, SAU 6 (LeClair: 'So Ben is here. Our director of special education' [501] -> explains the model [519-547]; surname not on this recording; possibly Ben Nester, who holds the post from 2019 per roster - H)",So the Jason.,Speaker 16,https://reflect-claremont.cablecast.tv/internetchannel/show/10093?site=1&seekto=5036
1:23:57.38,1:24:16.46,5037.38,5056.46,Cory LeClair,"Assistant Superintendent, SAU 6 (Herzog: 'Corey, can you' [336] -> [337]; introduces the special-education director [501]; lunch-debt figures [609-612]; scheduling [688-730])",There are a couple of positions that you could add multiple more classrooms and not have to change. You don't need to add a new administrator every time you add a new classroom. So those are sort of initial costs that as you scale up you're not going to have to replicate and duplicate. And that's when you're going to start to see more of the savings.,Speaker 15,https://reflect-claremont.cablecast.tv/internetchannel/show/10093?site=1&seekto=5037
1:24:16.46,1:24:37.94,5056.46,5077.94,Cory LeClair,"Assistant Superintendent, SAU 6 (Herzog: 'Corey, can you' [336] -> [337]; introduces the special-education director [501]; lunch-debt figures [609-612]; scheduling [688-730])","Same with the social worker. The social worker, you might be able to have yet another classroom have three classrooms where the students working with a social worker before you have to add a second one. So again, it's it's difficult to say exactly which kids could come back or exactly how many could come back, because a lot of things can change.",Speaker 15,https://reflect-claremont.cablecast.tv/internetchannel/show/10093?site=1&seekto=5056
1:24:38.14,1:25:12.66,5078.14,5112.66,Cory LeClair,"Assistant Superintendent, SAU 6 (Herzog: 'Corey, can you' [336] -> [337]; introduces the special-education director [501]; lunch-debt figures [609-612]; scheduling [688-730])","But we also know that we put roughly three students out every  year or more because of their needs. And at roughly $90,000 per student per placement just for the tuition pieces of it, $270,000 for three students every year. The cost of running the program doesn't necessarily increase $270,000 every year. So I think you you're looking at a savings potentially within 2 to 2 years, three years.",Speaker 15,https://reflect-claremont.cablecast.tv/internetchannel/show/10093?site=1&seekto=5078
1:25:12.74,1:25:31.46,5112.74,5131.46,Cory LeClair,"Assistant Superintendent, SAU 6 (Herzog: 'Corey, can you' [336] -> [337]; introduces the special-education director [501]; lunch-debt figures [609-612]; scheduling [688-730])","Now you're looking at saving significant dollars for the district and our students. All of our students are having a potential better experience because  they're not sitting on a  in a minivan for an hour and a half every day,  traveling to and from a foreign location there. They're here.",Speaker 15,https://reflect-claremont.cablecast.tv/internetchannel/show/10093?site=1&seekto=5112
1:25:31.54,1:25:43.82,5131.54,5143.82,Ben,"Director of Special Education, SAU 6 (LeClair: 'So Ben is here. Our director of special education' [501] -> explains the model [519-547]; surname not on this recording; possibly Ben Nester, who holds the post from 2019 per roster - H)","Yeah.  It's like a 45 minute drive on average to our placement. Sometimes we're looking at an hour plus for a lot of these, and that's two hours added on to these young kiddos day. Just tough on them and the families.",Speaker 16,https://reflect-claremont.cablecast.tv/internetchannel/show/10093?site=1&seekto=5131
1:25:43.90,1:25:47.22,5143.90,5147.22,Michelle Pierce,"Claremont School Board member (self-ID 'My name is Michelle Pierce' [73, 140]; 'Michelle' recognitions [397, 464, 719, 735]; answers 'Michelle Pierce' in roll-call vote [230-231])",Including inclement weather. Yeah.,Speaker 1,https://reflect-claremont.cablecast.tv/internetchannel/show/10093?site=1&seekto=5143
1:25:47.30,1:25:48.82,5147.30,5148.82,Frank Sprague,"Claremont School Board Chair (self-ID 'I'm Frank Sprague' [89, 159]; calls meeting to order [1], runs agenda, hearing and votes; addressed 'Mister chair' [171], 'Mr. Sprague' [291])",Can I ask Mike? Mike.,Speaker 2,https://reflect-claremont.cablecast.tv/internetchannel/show/10093?site=1&seekto=5147
1:25:48.90,1:25:52.50,5148.90,5152.50,Michelle Pierce,"Claremont School Board member (self-ID 'My name is Michelle Pierce' [73, 140]; 'Michelle' recognitions [397, 464, 719, 735]; answers 'Michelle Pierce' in roll-call vote [230-231])","I was okay, fine.",Speaker 1,https://reflect-claremont.cablecast.tv/internetchannel/show/10093?site=1&seekto=5148
1:25:52.58,1:25:53.73,5152.58,5153.73,Keith Pfeifer,"Interim Superintendent, SAU 6 (gives the superintendent's report [37-41] when the chair calls it [35]; chair thanks 'Doctor Pfeiffer' [99]; speaks for 'administration' [631])",Go ahead.,Speaker 6,https://reflect-claremont.cablecast.tv/internetchannel/show/10093?site=1&seekto=5152
1:25:53.81,1:25:55.62,5153.81,5155.62,Mary Woodman,School District Clerk and recording secretary (chair asks 'Mrs. Goodman' for roll [13] and 'Mrs. Woodman' for the roll-call vote [224] -> calls names [227-240]; as clerk offers to swear in the new member [265-281]),Okay.,Speaker 12,https://reflect-claremont.cablecast.tv/internetchannel/show/10093?site=1&seekto=5153
1:25:55.70,1:26:15.94,5155.70,5175.94,Michael Petrin,"Claremont School Board member (self-ID 'I'm Mike patron' [153]; chair: 'Mike, you haven't spoken' [661] -> [662]; 'Mike.' [725] -> [726])","Just I guess point two is that some of the if we're looking at dollars and cents, some of the savings that we're going to see is you don't see it up front, because what you're doing is also preventing kids from being tuition out. So, you know, some of these kids that are being in this program aren't tuition out yet, but may be headed that direction.",Speaker 9,https://reflect-claremont.cablecast.tv/internetchannel/show/10093?site=1&seekto=5155
1:26:15.94,1:26:39.66,5175.94,5199.66,Michael Petrin,"Claremont School Board member (self-ID 'I'm Mike patron' [153]; chair: 'Mike, you haven't spoken' [661] -> [662]; 'Mike.' [725] -> [726])","And if we can prevent that at $90,000 roughly per kid, that's not necessarily the savings you're seeing on paper because you're not incurring that cost yet, but it's preventing that cost in the future. And I think another thing, part of where the direction may be in the future of this program would be also the ability to possibly tuition any students.",Speaker 9,https://reflect-claremont.cablecast.tv/internetchannel/show/10093?site=1&seekto=5175
1:26:39.66,1:26:50.22,5199.66,5210.22,Michael Petrin,"Claremont School Board member (self-ID 'I'm Mike patron' [153]; chair: 'Mike, you haven't spoken' [661] -> [662]; 'Mike.' [725] -> [726])","So taking students from local areas to help, you know, Newport or anywhere locally to  tuition kids in and that being a revenue source as well.",Speaker 9,https://reflect-claremont.cablecast.tv/internetchannel/show/10093?site=1&seekto=5199
1:26:50.26,1:27:10.34,5210.26,5230.34,Cory LeClair,"Assistant Superintendent, SAU 6 (Herzog: 'Corey, can you' [336] -> [337]; introduces the special-education director [501]; lunch-debt figures [609-612]; scheduling [688-730])","So we're going to have to be very specific with the profile of student in each of these rooms so that the room dynamic can be successful. I heard it from you all earlier today about how your dynamic as a board is now. And if you if everyone thinks about a year ago what the board dynamic was, it was very different.",Speaker 15,https://reflect-claremont.cablecast.tv/internetchannel/show/10093?site=1&seekto=5210
1:27:10.42,1:27:33.02,5230.42,5253.02,Cory LeClair,"Assistant Superintendent, SAU 6 (Herzog: 'Corey, can you' [336] -> [337]; introduces the special-education director [501]; lunch-debt figures [609-612]; scheduling [688-730])","Couple different faces at the table. It can change things dramatically. And so that's the same thing with any population, including our students. And so we we  need to be specific with that profile. And it might not mean that we have six students September 4th or fifth, whatever that first day is enrolled in this program because we might not have six kids.",Speaker 15,https://reflect-claremont.cablecast.tv/internetchannel/show/10093?site=1&seekto=5230
1:27:33.02,1:27:53.14,5253.02,5273.14,Cory LeClair,"Assistant Superintendent, SAU 6 (Herzog: 'Corey, can you' [336] -> [337]; introduces the special-education director [501]; lunch-debt figures [609-612]; scheduling [688-730])","With the right profile for here, it might be three to start, and then you build from there. And people need to understand that on the front side  so that we're not all getting the questions in November. Why are there only four kids in this program or, you know, because they have to be the right mix of kids for all of those kids to be successful.",Speaker 15,https://reflect-claremont.cablecast.tv/internetchannel/show/10093?site=1&seekto=5253
1:27:53.22,1:28:06.74,5273.22,5286.74,Keith Pfeifer,"Interim Superintendent, SAU 6 (gives the superintendent's report [37-41] when the chair calls it [35]; chair thanks 'Doctor Pfeiffer' [99]; speaks for 'administration' [631])","And you also have to consider it vis a vis what the cost for out of district placement is. If they're not with us, we can do it here. All right.",Speaker 6,https://reflect-claremont.cablecast.tv/internetchannel/show/10093?site=1&seekto=5273
1:28:06.82,1:28:07.54,5286.82,5287.54,Frank Sprague,"Claremont School Board Chair (self-ID 'I'm Frank Sprague' [89, 159]; calls meeting to order [1], runs agenda, hearing and votes; addressed 'Mister chair' [171], 'Mr. Sprague' [291])",Okay.,Speaker 2,https://reflect-claremont.cablecast.tv/internetchannel/show/10093?site=1&seekto=5286
1:28:07.62,1:28:40.98,5287.62,5320.98,Michelle Pierce,"Claremont School Board member (self-ID 'My name is Michelle Pierce' [73, 140]; 'Michelle' recognitions [397, 464, 719, 735]; answers 'Michelle Pierce' in roll-call vote [230-231])","So I guess this kind of goes back to with the, you know, the tech center here also is that, you know, it would be interesting to maybe get the text center,  you know,  programs involved, maybe in finding a when a place is found or when we get to that point and have those guys be a part of that construction and, and the overall, however, the sensory room here was just a dynamic thing that's been helping out a lot.",Speaker 1,https://reflect-claremont.cablecast.tv/internetchannel/show/10093?site=1&seekto=5287
1:28:41.02,1:29:05.26,5321.02,5345.26,Michelle Pierce,"Claremont School Board member (self-ID 'My name is Michelle Pierce' [73, 140]; 'Michelle' recognitions [397, 464, 719, 735]; answers 'Michelle Pierce' in roll-call vote [230-231])","I've heard so many really cool things about it that you know it. I guess it's important to know that, you know, if we could get that, make sure that each one of those classrooms had that sensory section or the the, you know, the get up and leave and,  and,",Speaker 1,https://reflect-claremont.cablecast.tv/internetchannel/show/10093?site=1&seekto=5321
1:29:05.34,1:29:10.15,5345.34,5350.15,Michelle Pierce,"Claremont School Board member (self-ID 'My name is Michelle Pierce' [73, 140]; 'Michelle' recognitions [397, 464, 719, 735]; answers 'Michelle Pierce' in roll-call vote [230-231])",A a.,Speaker 1,https://reflect-claremont.cablecast.tv/internetchannel/show/10093?site=1&seekto=5345
1:29:10.23,1:29:38.40,5350.23,5378.40,Michelle Pierce,"Claremont School Board member (self-ID 'My name is Michelle Pierce' [73, 140]; 'Michelle' recognitions [397, 464, 719, 735]; answers 'Michelle Pierce' in roll-call vote [230-231])","And having the ot, the pt the speech therapist and things like that, that could actually be here, coming here all in one place, not being shifted at a different place. I mean, my goal has always been to see the kids come back home to to our community. That is our kids. It's our responsibility  as, as human beings to make sure that all of the children get an education that's fair and right.",Speaker 1,https://reflect-claremont.cablecast.tv/internetchannel/show/10093?site=1&seekto=5350
1:29:38.40,1:29:52.00,5378.40,5392.00,Michelle Pierce,"Claremont School Board member (self-ID 'My name is Michelle Pierce' [73, 140]; 'Michelle' recognitions [397, 464, 719, 735]; answers 'Michelle Pierce' in roll-call vote [230-231])","And I think that this is awesome. I, I just want to make sure that we, we have  that folks understand rate now what the cost is and what it could be with placement back here.",Speaker 1,https://reflect-claremont.cablecast.tv/internetchannel/show/10093?site=1&seekto=5378
1:29:52.08,1:30:19.68,5392.08,5419.68,Frank Sprague,"Claremont School Board Chair (self-ID 'I'm Frank Sprague' [89, 159]; calls meeting to order [1], runs agenda, hearing and votes; addressed 'Mister chair' [171], 'Mr. Sprague' [291])","I think I think it's all of our jobs. I think when we, when we're asked in the community, because I think at least, we've heard it a couple of times now, those of us on the budget committee, heard an additional time. So I certainly can speak to it. And I'm hoping everybody can so that we can be advocates for it, because I think it's pretty, unanimous that the board thinks this is a great idea.",Speaker 2,https://reflect-claremont.cablecast.tv/internetchannel/show/10093?site=1&seekto=5392
1:30:19.76,1:30:20.16,5419.76,5420.16,Keith Pfeifer,"Interim Superintendent, SAU 6 (gives the superintendent's report [37-41] when the chair calls it [35]; chair thanks 'Doctor Pfeiffer' [99]; speaks for 'administration' [631])",Great.,Speaker 6,https://reflect-claremont.cablecast.tv/internetchannel/show/10093?site=1&seekto=5419
1:30:20.30,1:30:54.44,5420.30,5454.44,Cory LeClair,"Assistant Superintendent, SAU 6 (Herzog: 'Corey, can you' [336] -> [337]; introduces the special-education director [501]; lunch-debt figures [609-612]; scheduling [688-730])","So, so just to reiterate, for those who are seeing this piece of paper, we're looking at 665,000 and change  for  the staffing costs for annually for the first year, and hopefully able to save around 540,000. So there's a difference of around 125,000 that we would need to budget. That would be that initial investment for longer term savings.",Speaker 15,https://reflect-claremont.cablecast.tv/internetchannel/show/10093?site=1&seekto=5420
1:30:54.52,1:30:54.84,5454.52,5454.84,Mary Woodman,School District Clerk and recording secretary (chair asks 'Mrs. Goodman' for roll [13] and 'Mrs. Woodman' for the roll-call vote [224] -> calls names [227-240]; as clerk offers to swear in the new member [265-281]),And the.,Speaker 12,https://reflect-claremont.cablecast.tv/internetchannel/show/10093?site=1&seekto=5454
1:30:54.84,1:30:59.56,5454.84,5459.56,Cory LeClair,"Assistant Superintendent, SAU 6 (Herzog: 'Corey, can you' [336] -> [337]; introduces the special-education director [501]; lunch-debt figures [609-612]; scheduling [688-730])","Breakdown of the staff and classes, the spreadsheet, just so you know, where the numbers are coming from.",Speaker 15,https://reflect-claremont.cablecast.tv/internetchannel/show/10093?site=1&seekto=5454
1:30:59.68,1:31:11.96,5459.68,5471.96,Ben,"Director of Special Education, SAU 6 (LeClair: 'So Ben is here. Our director of special education' [501] -> explains the model [519-547]; surname not on this recording; possibly Ben Nester, who holds the post from 2019 per roster - H)",And just for the record. That last figure should read $389.59. I did not correct that on your copy.,Speaker 16,https://reflect-claremont.cablecast.tv/internetchannel/show/10093?site=1&seekto=5459
1:31:12.04,1:31:12.76,5472.04,5472.76,Frank Sprague,"Claremont School Board Chair (self-ID 'I'm Frank Sprague' [89, 159]; calls meeting to order [1], runs agenda, hearing and votes; addressed 'Mister chair' [171], 'Mr. Sprague' [291])",One last thing.,Speaker 2,https://reflect-claremont.cablecast.tv/internetchannel/show/10093?site=1&seekto=5472
1:31:12.84,1:31:14.56,5472.84,5474.56,Michelle Pierce,"Claremont School Board member (self-ID 'My name is Michelle Pierce' [73, 140]; 'Michelle' recognitions [397, 464, 719, 735]; answers 'Michelle Pierce' in roll-call vote [230-231])",Yeah.,Speaker 1,https://reflect-claremont.cablecast.tv/internetchannel/show/10093?site=1&seekto=5472
1:31:14.64,1:31:15.36,5474.64,5475.36,Carolyn Towle,"Claremont School Board member (self-ID 'I'm Carolyn Toll' [78], 'I'm Carol' [145]; answers 'Carolyn Tull' in roll-call vote [232-233]; search-committee update [284-286])",389.,Speaker 8,https://reflect-claremont.cablecast.tv/internetchannel/show/10093?site=1&seekto=5474
1:31:15.40,1:31:16.98,5475.40,5476.98,Mary Woodman,School District Clerk and recording secretary (chair asks 'Mrs. Goodman' for roll [13] and 'Mrs. Woodman' for the roll-call vote [224] -> calls names [227-240]; as clerk offers to swear in the new member [265-281]),59..,Speaker 12,https://reflect-claremont.cablecast.tv/internetchannel/show/10093?site=1&seekto=5475
1:31:17.06,1:31:21.92,5477.06,5481.92,Michelle Pierce,"Claremont School Board member (self-ID 'My name is Michelle Pierce' [73, 140]; 'Michelle' recognitions [397, 464, 719, 735]; answers 'Michelle Pierce' in roll-call vote [230-231])",The total.,Speaker 1,https://reflect-claremont.cablecast.tv/internetchannel/show/10093?site=1&seekto=5477
1:31:22.00,1:31:26.14,5482.00,5486.14,Unidentified,Unidentified - two-word interjection [577],That one.,Speaker 17,https://reflect-claremont.cablecast.tv/internetchannel/show/10093?site=1&seekto=5482
1:31:26.22,1:31:27.18,5486.22,5487.18,Ben,"Director of Special Education, SAU 6 (LeClair: 'So Ben is here. Our director of special education' [501] -> explains the model [519-547]; surname not on this recording; possibly Ben Nester, who holds the post from 2019 per roster - H)","Sorry, sorry, Michelle.",Speaker 16,https://reflect-claremont.cablecast.tv/internetchannel/show/10093?site=1&seekto=5486
1:31:27.26,1:32:01.38,5487.26,5521.38,Michelle Pierce,"Claremont School Board member (self-ID 'My name is Michelle Pierce' [73, 140]; 'Michelle' recognitions [397, 464, 719, 735]; answers 'Michelle Pierce' in roll-call vote [230-231])","No, sorry. I just want to. So is there. You know, everybody loves this word. However, is there a committee? Do you guys have a community forums for this to help  with you guys  in the looking in the extra. And I guess a suggestion would be maybe to, to offer, you know, some a committee where you could get a couple of stakeholders, parents special ed even and, you know, hold meetings to help, you know, locate a place or what.",Speaker 1,https://reflect-claremont.cablecast.tv/internetchannel/show/10093?site=1&seekto=5487
1:32:01.46,1:32:14.66,5521.46,5534.66,Michelle Pierce,"Claremont School Board member (self-ID 'My name is Michelle Pierce' [73, 140]; 'Michelle' recognitions [397, 464, 719, 735]; answers 'Michelle Pierce' in roll-call vote [230-231])","I guess whatever we could do is a community is a board, you know, or I think  I'd like to see something where, you know, you can get a group of people together to help you with this. I think it would move a lot quicker to.",Speaker 1,https://reflect-claremont.cablecast.tv/internetchannel/show/10093?site=1&seekto=5521
1:32:14.74,1:32:47.30,5534.74,5567.30,Cory LeClair,"Assistant Superintendent, SAU 6 (Herzog: 'Corey, can you' [336] -> [337]; introduces the special-education director [501]; lunch-debt figures [609-612]; scheduling [688-730])","To meet with the city manager next week to, Ben hasn't had the opportunity  to sit down with him and talk about what our program needs are for. Not as much next year, but future next year. We can certainly house this in district two classrooms. We can accommodate. If this were to or when this is successful and grows, we're going to get to a point where we won't be able to accommodate it with our current structures and facilities.",Speaker 15,https://reflect-claremont.cablecast.tv/internetchannel/show/10093?site=1&seekto=5534
1:32:47.38,1:33:04.54,5567.38,5584.54,Cory LeClair,"Assistant Superintendent, SAU 6 (Herzog: 'Corey, can you' [336] -> [337]; introduces the special-education director [501]; lunch-debt figures [609-612]; scheduling [688-730])","I'm not saying we need to go out and get a new facility or structure. We just we can't do it the way we're currently configured, structured and housed and roofed. So we would just need to consider that as a larger conversation.",Speaker 15,https://reflect-claremont.cablecast.tv/internetchannel/show/10093?site=1&seekto=5567
1:33:04.62,1:33:08.22,5584.62,5588.22,Frank Sprague,"Claremont School Board Chair (self-ID 'I'm Frank Sprague' [89, 159]; calls meeting to order [1], runs agenda, hearing and votes; addressed 'Mister chair' [171], 'Mr. Sprague' [291])",Okay. Thank you.,Speaker 2,https://reflect-claremont.cablecast.tv/internetchannel/show/10093?site=1&seekto=5584
1:33:08.30,1:33:33.51,5588.30,5613.51,Frank Sprague,"Claremont School Board Chair (self-ID 'I'm Frank Sprague' [89, 159]; calls meeting to order [1], runs agenda, hearing and votes; addressed 'Mister chair' [171], 'Mr. Sprague' [291])","So  good. Okay. Fiscal year 20 budget discussion. Doctor Pfeiffer already talked about this to a degree. Mike, Jason and I have met twice. We're going to be meeting again this Friday. We're taking it, piece by piece. And we've met with Ben and Corey and fiber, and we met with Lisa.",Speaker 2,https://reflect-claremont.cablecast.tv/internetchannel/show/10093?site=1&seekto=5588
1:33:33.74,1:33:42.70,5613.74,5622.70,Cory LeClair,"Assistant Superintendent, SAU 6 (Herzog: 'Corey, can you' [336] -> [337]; introduces the special-education director [501]; lunch-debt figures [609-612]; scheduling [688-730])","We've done technology curriculum, special education,  the three elementary schools,",Speaker 15,https://reflect-claremont.cablecast.tv/internetchannel/show/10093?site=1&seekto=5613
1:33:42.78,1:33:44.98,5622.78,5624.98,Keith Pfeifer,"Interim Superintendent, SAU 6 (gives the superintendent's report [37-41] when the chair calls it [35]; chair thanks 'Doctor Pfeiffer' [99]; speaks for 'administration' [631])",Special ed.,Speaker 6,https://reflect-claremont.cablecast.tv/internetchannel/show/10093?site=1&seekto=5622
1:33:45.06,1:34:03.90,5625.06,5643.90,Cory LeClair,"Assistant Superintendent, SAU 6 (Herzog: 'Corey, can you' [336] -> [337]; introduces the special-education director [501]; lunch-debt figures [609-612]; scheduling [688-730])","I think that's what we've done this Friday. We're doing the tech center in the high school and then hopefully meeting again the following Friday the 16th to look at, middle school maintenance. And so then I think we'll have almost every area addressed.",Speaker 15,https://reflect-claremont.cablecast.tv/internetchannel/show/10093?site=1&seekto=5625
1:34:03.94,1:34:27.66,5643.94,5667.66,Frank Sprague,"Claremont School Board Chair (self-ID 'I'm Frank Sprague' [89, 159]; calls meeting to order [1], runs agenda, hearing and votes; addressed 'Mister chair' [171], 'Mr. Sprague' [291])","And I know, I know, it's important to many in the community when we've stated before that we go through the budget line by line by line and look at it,  that is happening, department by department. And that's why we're dedicating so much time to this. We've already spent five hours, another three hours this Friday.  And so we're getting detailed explanations to our questions.",Speaker 2,https://reflect-claremont.cablecast.tv/internetchannel/show/10093?site=1&seekto=5643
1:34:27.66,1:34:35.42,5667.66,5675.42,Frank Sprague,"Claremont School Board Chair (self-ID 'I'm Frank Sprague' [89, 159]; calls meeting to order [1], runs agenda, hearing and votes; addressed 'Mister chair' [171], 'Mr. Sprague' [291])","It's a very, very efficient,  and, productive exercise.",Speaker 2,https://reflect-claremont.cablecast.tv/internetchannel/show/10093?site=1&seekto=5667
1:34:35.42,1:34:39.10,5675.42,5679.10,Michael Petrin,"Claremont School Board member (self-ID 'I'm Mike patron' [153]; chair: 'Mike, you haven't spoken' [661] -> [662]; 'Mike.' [725] -> [726])",So it's better than last year.,Speaker 9,https://reflect-claremont.cablecast.tv/internetchannel/show/10093?site=1&seekto=5675
1:34:39.18,1:34:40.78,5679.18,5680.78,Keith Pfeifer,"Interim Superintendent, SAU 6 (gives the superintendent's report [37-41] when the chair calls it [35]; chair thanks 'Doctor Pfeiffer' [99]; speaks for 'administration' [631])",Yes.,Speaker 6,https://reflect-claremont.cablecast.tv/internetchannel/show/10093?site=1&seekto=5679
1:34:40.86,1:34:41.58,5680.86,5681.58,Michael Petrin,"Claremont School Board member (self-ID 'I'm Mike patron' [153]; chair: 'Mike, you haven't spoken' [661] -> [662]; 'Mike.' [725] -> [726])",A whole lot better.,Speaker 9,https://reflect-claremont.cablecast.tv/internetchannel/show/10093?site=1&seekto=5680
1:34:41.58,1:34:46.32,5681.58,5686.32,Frank Sprague,"Claremont School Board Chair (self-ID 'I'm Frank Sprague' [89, 159]; calls meeting to order [1], runs agenda, hearing and votes; addressed 'Mister chair' [171], 'Mr. Sprague' [291])","Than last year. Anything else to add besides that? Okay, Jason. But it's.",Speaker 2,https://reflect-claremont.cablecast.tv/internetchannel/show/10093?site=1&seekto=5681
1:34:46.38,1:34:47.38,5686.38,5687.38,Carolyn Towle,"Claremont School Board member (self-ID 'I'm Carolyn Toll' [78], 'I'm Carol' [145]; answers 'Carolyn Tull' in roll-call vote [232-233]; search-committee update [284-286])",Been.,Speaker 8,https://reflect-claremont.cablecast.tv/internetchannel/show/10093?site=1&seekto=5686
1:34:47.46,1:34:48.42,5687.46,5688.42,Frank Sprague,"Claremont School Board Chair (self-ID 'I'm Frank Sprague' [89, 159]; calls meeting to order [1], runs agenda, hearing and votes; addressed 'Mister chair' [171], 'Mr. Sprague' [291])",It's been very good.,Speaker 2,https://reflect-claremont.cablecast.tv/internetchannel/show/10093?site=1&seekto=5687
1:34:48.58,1:34:49.46,5688.58,5689.46,Jason Benware,"Claremont School Board member (chair: 'Jason and Michelle want to make...' [532] -> [533]; 'Okay, Jason' [593] -> [596]; first in roll-call vote order [228]; budget subcommittee member with Sprague and Petrin [584])",Putting our time in and.,Speaker 4,https://reflect-claremont.cablecast.tv/internetchannel/show/10093?site=1&seekto=5688
1:34:49.46,1:34:50.46,5689.46,5690.46,Frank Sprague,"Claremont School Board Chair (self-ID 'I'm Frank Sprague' [89, 159]; calls meeting to order [1], runs agenda, hearing and votes; addressed 'Mister chair' [171], 'Mr. Sprague' [291])",We're very informative.,Speaker 2,https://reflect-claremont.cablecast.tv/internetchannel/show/10093?site=1&seekto=5689
1:34:50.58,1:34:52.98,5690.58,5692.98,Jason Benware,"Claremont School Board member (chair: 'Jason and Michelle want to make...' [532] -> [533]; 'Okay, Jason' [593] -> [596]; first in roll-call vote order [228]; budget subcommittee member with Sprague and Petrin [584])",A lot of work in doing so.,Speaker 4,https://reflect-claremont.cablecast.tv/internetchannel/show/10093?site=1&seekto=5690
1:34:53.06,1:35:08.62,5693.06,5708.62,Cory LeClair,"Assistant Superintendent, SAU 6 (Herzog: 'Corey, can you' [336] -> [337]; introduces the special-education director [501]; lunch-debt figures [609-612]; scheduling [688-730])","Paying a lot of, excuse me, paying a lot of attention to what we're actually spending versus what we're budgeting and looking at the historical figures and making sure that they're as accurate as possible moving forward.",Speaker 15,https://reflect-claremont.cablecast.tv/internetchannel/show/10093?site=1&seekto=5693
1:35:08.66,1:35:10.78,5708.66,5710.78,Carolyn Towle,"Claremont School Board member (self-ID 'I'm Carolyn Toll' [78], 'I'm Carol' [145]; answers 'Carolyn Tull' in roll-call vote [232-233]; search-committee update [284-286])",So there isn't any fluff out there.,Speaker 8,https://reflect-claremont.cablecast.tv/internetchannel/show/10093?site=1&seekto=5708
1:35:10.86,1:35:11.62,5710.86,5711.62,Frank Sprague,"Claremont School Board Chair (self-ID 'I'm Frank Sprague' [89, 159]; calls meeting to order [1], runs agenda, hearing and votes; addressed 'Mister chair' [171], 'Mr. Sprague' [291])",Well.,Speaker 2,https://reflect-claremont.cablecast.tv/internetchannel/show/10093?site=1&seekto=5710
1:35:11.70,1:35:14.02,5711.70,5714.02,Carolyn Towle,"Claremont School Board member (self-ID 'I'm Carolyn Toll' [78], 'I'm Carol' [145]; answers 'Carolyn Tull' in roll-call vote [232-233]; search-committee update [284-286])","Because sometimes you have to have fluff, but.",Speaker 8,https://reflect-claremont.cablecast.tv/internetchannel/show/10093?site=1&seekto=5711
1:35:14.10,1:35:14.74,5714.10,5714.74,Frank Sprague,"Claremont School Board Chair (self-ID 'I'm Frank Sprague' [89, 159]; calls meeting to order [1], runs agenda, hearing and votes; addressed 'Mister chair' [171], 'Mr. Sprague' [291])",A little bit.,Speaker 2,https://reflect-claremont.cablecast.tv/internetchannel/show/10093?site=1&seekto=5714
1:35:14.86,1:35:21.26,5714.86,5721.26,Carolyn Towle,"Claremont School Board member (self-ID 'I'm Carolyn Toll' [78], 'I'm Carol' [145]; answers 'Carolyn Tull' in roll-call vote [232-233]; search-committee update [284-286])","But by averaging it over the past few years, that really gives you a good idea of where it should be.",Speaker 8,https://reflect-claremont.cablecast.tv/internetchannel/show/10093?site=1&seekto=5714
1:35:21.34,1:35:40.22,5721.34,5740.22,Frank Sprague,"Claremont School Board Chair (self-ID 'I'm Frank Sprague' [89, 159]; calls meeting to order [1], runs agenda, hearing and votes; addressed 'Mister chair' [171], 'Mr. Sprague' [291])","So but I think the important message to to folks in the schools is that, instead of rubber stamping, you know, this is what I did last year, so I'm going to do it this year, or ordering things that you don't need, you know, just because you've got the money, make sure you're spending it only if you need it.",Speaker 2,https://reflect-claremont.cablecast.tv/internetchannel/show/10093?site=1&seekto=5721
1:35:40.22,1:35:50.30,5740.22,5750.30,Frank Sprague,"Claremont School Board Chair (self-ID 'I'm Frank Sprague' [89, 159]; calls meeting to order [1], runs agenda, hearing and votes; addressed 'Mister chair' [171], 'Mr. Sprague' [291])",Don't buy don't buy it if you don't need it. So that discussion is taking place as well. So it's it's productive. Michelle you have something.,Speaker 2,https://reflect-claremont.cablecast.tv/internetchannel/show/10093?site=1&seekto=5740
1:35:50.38,1:35:52.98,5750.38,5752.98,Michelle Pierce,"Claremont School Board member (self-ID 'My name is Michelle Pierce' [73, 140]; 'Michelle' recognitions [397, 464, 719, 735]; answers 'Michelle Pierce' in roll-call vote [230-231])",Yeah. Missed it okay.,Speaker 1,https://reflect-claremont.cablecast.tv/internetchannel/show/10093?site=1&seekto=5750
1:35:53.06,1:36:14.35,5753.06,5774.35,Frank Sprague,"Claremont School Board Chair (self-ID 'I'm Frank Sprague' [89, 159]; calls meeting to order [1], runs agenda, hearing and votes; addressed 'Mister chair' [171], 'Mr. Sprague' [291])","Moving on to acceptance of food service donations okay. We've already had our public, hearing. So I would like a a volunteer to make a motion. What I would like to do is I'd like to read the people's names that we have on our sheet. Okay. But not the amount. Unless.",Speaker 2,https://reflect-claremont.cablecast.tv/internetchannel/show/10093?site=1&seekto=5753
1:36:14.46,1:36:43.98,5774.46,5803.98,Cory LeClair,"Assistant Superintendent, SAU 6 (Herzog: 'Corey, can you' [336] -> [337]; introduces the special-education director [501]; lunch-debt figures [609-612]; scheduling [688-730])","That's fine. I just in front of you. We had, there's been a lot of questions about what is the current student lunch debt from 1718. And so Mike was able to prepare a spreadsheet. He removed this any of the staff debt that still existed. And so, we had $32,596.23 of student  lunch debt from 1718. As of June 30th, 2018.",Speaker 15,https://reflect-claremont.cablecast.tv/internetchannel/show/10093?site=1&seekto=5774
1:36:44.06,1:37:08.18,5804.06,5828.18,Cory LeClair,"Assistant Superintendent, SAU 6 (Herzog: 'Corey, can you' [336] -> [337]; introduces the special-education director [501]; lunch-debt figures [609-612]; scheduling [688-730])","We've received $3,530 total in donations from individuals and locally. And then we have an anonymous donor  who has stepped forward and is willing to contribute the balance, which will be $29,066.23.",Speaker 15,https://reflect-claremont.cablecast.tv/internetchannel/show/10093?site=1&seekto=5804
1:37:08.26,1:37:21.30,5828.26,5841.30,Jason Benware,"Claremont School Board member (chair: 'Jason and Michelle want to make...' [532] -> [533]; 'Okay, Jason' [593] -> [596]; first in roll-call vote order [228]; budget subcommittee member with Sprague and Petrin [584])","So I would like to make a motion that we accept $29,066.23 from the anonymous donor, with a big thank you to clear this lunch debt as it stands.",Speaker 4,https://reflect-claremont.cablecast.tv/internetchannel/show/10093?site=1&seekto=5828
1:37:21.42,1:37:24.38,5841.42,5844.38,Cory LeClair,"Assistant Superintendent, SAU 6 (Herzog: 'Corey, can you' [336] -> [337]; introduces the special-education director [501]; lunch-debt figures [609-612]; scheduling [688-730])","And you need to accept the $3,530.",Speaker 15,https://reflect-claremont.cablecast.tv/internetchannel/show/10093?site=1&seekto=5841
1:37:24.46,1:37:26.74,5844.46,5846.74,Jason Benware,"Claremont School Board member (chair: 'Jason and Michelle want to make...' [532] -> [533]; 'Okay, Jason' [593] -> [596]; first in roll-call vote order [228]; budget subcommittee member with Sprague and Petrin [584])",And I would also like to accept.,Speaker 4,https://reflect-claremont.cablecast.tv/internetchannel/show/10093?site=1&seekto=5844
1:37:26.82,1:37:30.10,5846.82,5850.10,Frank Sprague,"Claremont School Board Chair (self-ID 'I'm Frank Sprague' [89, 159]; calls meeting to order [1], runs agenda, hearing and votes; addressed 'Mister chair' [171], 'Mr. Sprague' [291])","I would like to recognize these people, not the amount, but the name.",Speaker 2,https://reflect-claremont.cablecast.tv/internetchannel/show/10093?site=1&seekto=5846
1:37:30.18,1:37:33.86,5850.18,5853.86,Mary Woodman,School District Clerk and recording secretary (chair asks 'Mrs. Goodman' for roll [13] and 'Mrs. Woodman' for the roll-call vote [224] -> calls names [227-240]; as clerk offers to swear in the new member [265-281]),Can we?,Speaker 12,https://reflect-claremont.cablecast.tv/internetchannel/show/10093?site=1&seekto=5850
1:37:33.94,1:37:34.50,5853.94,5854.50,Jason Benware,"Claremont School Board member (chair: 'Jason and Michelle want to make...' [532] -> [533]; 'Okay, Jason' [593] -> [596]; first in roll-call vote order [228]; budget subcommittee member with Sprague and Petrin [584])",Can I finish.,Speaker 4,https://reflect-claremont.cablecast.tv/internetchannel/show/10093?site=1&seekto=5853
1:37:34.50,1:37:35.61,5854.50,5855.61,Unidentified,Unidentified - cluster mixes short responses from several board members late in the meeting,My motion? Go ahead.,Speaker 18,https://reflect-claremont.cablecast.tv/internetchannel/show/10093?site=1&seekto=5854
1:37:35.82,1:37:44.90,5855.82,5864.90,Jason Benware,"Claremont School Board member (chair: 'Jason and Michelle want to make...' [532] -> [533]; 'Okay, Jason' [593] -> [596]; first in roll-call vote order [228]; budget subcommittee member with Sprague and Petrin [584])","And I would also like to accept the $3,530 that was donated by several other generous donors.",Speaker 4,https://reflect-claremont.cablecast.tv/internetchannel/show/10093?site=1&seekto=5855
1:37:44.98,1:37:47.54,5864.98,5867.54,Unidentified,Unidentified - board member seconding the donations motion; diarized with the clerk,Second.,Speaker 12,https://reflect-claremont.cablecast.tv/internetchannel/show/10093?site=1&seekto=5864
1:37:47.62,1:37:51.82,5867.62,5871.82,Frank Sprague,"Claremont School Board Chair (self-ID 'I'm Frank Sprague' [89, 159]; calls meeting to order [1], runs agenda, hearing and votes; addressed 'Mister chair' [171], 'Mr. Sprague' [291])",Further discussion. I would like to read the name of.,Speaker 2,https://reflect-claremont.cablecast.tv/internetchannel/show/10093?site=1&seekto=5867
1:37:51.90,1:37:52.86,5871.90,5872.86,Cory LeClair,"Assistant Superintendent, SAU 6 (Herzog: 'Corey, can you' [336] -> [337]; introduces the special-education director [501]; lunch-debt figures [609-612]; scheduling [688-730])","I think yes, please.",Speaker 15,https://reflect-claremont.cablecast.tv/internetchannel/show/10093?site=1&seekto=5871
1:37:52.90,1:37:54.50,5872.90,5874.50,Carolyn Towle,"Claremont School Board member (self-ID 'I'm Carolyn Toll' [78], 'I'm Carol' [145]; answers 'Carolyn Tull' in roll-call vote [232-233]; search-committee update [284-286])",Now would be an appropriate time.,Speaker 8,https://reflect-claremont.cablecast.tv/internetchannel/show/10093?site=1&seekto=5872
1:37:54.70,1:37:55.46,5874.70,5875.46,Unidentified,Unidentified - cluster mixes short responses from several board members late in the meeting,"So, Laura.",Speaker 18,https://reflect-claremont.cablecast.tv/internetchannel/show/10093?site=1&seekto=5874
1:37:55.54,1:38:29.54,5875.54,5909.54,Frank Sprague,"Claremont School Board Chair (self-ID 'I'm Frank Sprague' [89, 159]; calls meeting to order [1], runs agenda, hearing and votes; addressed 'Mister chair' [171], 'Mr. Sprague' [291])","Laura and Albert Belliveau, Daniel and Ellen Rockmore, James and Kathleen Martin. Nick had a GoFundMe account. Kelly Simpson, Gail Wallach, and Marty Green. Kathy Parks, there's someone how to pronounce Laura's last name. I'll try. Cole Quinn. J.D. Marshall and Tara Fulton. Ken and Jen gantries for a total of $3,530.",Speaker 2,https://reflect-claremont.cablecast.tv/internetchannel/show/10093?site=1&seekto=5875
1:38:29.62,1:38:40.62,5909.62,5920.62,Cory LeClair,"Assistant Superintendent, SAU 6 (Herzog: 'Corey, can you' [336] -> [337]; introduces the special-education director [501]; lunch-debt figures [609-612]; scheduling [688-730])","One of the checks presented by Mr. two is from Richard  and Patricia Girard. Okay, so that's part of the total that he presented.",Speaker 15,https://reflect-claremont.cablecast.tv/internetchannel/show/10093?site=1&seekto=5909
1:38:40.70,1:38:47.08,5920.70,5927.08,Frank Sprague,"Claremont School Board Chair (self-ID 'I'm Frank Sprague' [89, 159]; calls meeting to order [1], runs agenda, hearing and votes; addressed 'Mister chair' [171], 'Mr. Sprague' [291])",Further discussion.,Speaker 2,https://reflect-claremont.cablecast.tv/internetchannel/show/10093?site=1&seekto=5920
1:38:47.16,1:39:09.84,5927.16,5949.84,Michael Petrin,"Claremont School Board member (self-ID 'I'm Mike patron' [153]; chair: 'Mike, you haven't spoken' [661] -> [662]; 'Mike.' [725] -> [726])","I'd like to say thank you for these donations. And we know this is, a fix, the things that we had to fix for the long term and that those issues are being worked on. And we're going to continue to work on these issues. We really appreciate these donations, and we are going to work diligently to fix and rectify things for the future.",Speaker 9,https://reflect-claremont.cablecast.tv/internetchannel/show/10093?site=1&seekto=5927
1:39:09.92,1:39:11.92,5949.92,5951.92,Frank Sprague,"Claremont School Board Chair (self-ID 'I'm Frank Sprague' [89, 159]; calls meeting to order [1], runs agenda, hearing and votes; addressed 'Mister chair' [171], 'Mr. Sprague' [291])","Thanks for saying that, Michelle.",Speaker 2,https://reflect-claremont.cablecast.tv/internetchannel/show/10093?site=1&seekto=5949
1:39:12.00,1:39:29.36,5952.00,5969.36,Michelle Pierce,"Claremont School Board member (self-ID 'My name is Michelle Pierce' [73, 140]; 'Michelle' recognitions [397, 464, 719, 735]; answers 'Michelle Pierce' in roll-call vote [230-231])",And  the belt on that. Also that thank you to our community and to all of the folks here that worked so hard to make sure our kids are taken care of. It just shows the community togetherness.,Speaker 1,https://reflect-claremont.cablecast.tv/internetchannel/show/10093?site=1&seekto=5952
1:39:29.44,1:39:31.80,5969.44,5971.80,Frank Sprague,"Claremont School Board Chair (self-ID 'I'm Frank Sprague' [89, 159]; calls meeting to order [1], runs agenda, hearing and votes; addressed 'Mister chair' [171], 'Mr. Sprague' [291])",Yep. Thank you.,Speaker 2,https://reflect-claremont.cablecast.tv/internetchannel/show/10093?site=1&seekto=5969
1:39:31.88,1:39:45.16,5971.88,5985.16,Keith Pfeifer,"Interim Superintendent, SAU 6 (gives the superintendent's report [37-41] when the chair calls it [35]; chair thanks 'Doctor Pfeiffer' [99]; speaks for 'administration' [631])","I am administration, we just like to thank  the thoughtfulness and the caring and the generosity of this community and trying to support the school district.",Speaker 6,https://reflect-claremont.cablecast.tv/internetchannel/show/10093?site=1&seekto=5971
1:39:45.24,1:39:46.80,5985.24,5986.80,Frank Sprague,"Claremont School Board Chair (self-ID 'I'm Frank Sprague' [89, 159]; calls meeting to order [1], runs agenda, hearing and votes; addressed 'Mister chair' [171], 'Mr. Sprague' [291])",Okay. All those in favor?,Speaker 2,https://reflect-claremont.cablecast.tv/internetchannel/show/10093?site=1&seekto=5985
1:39:47.04,1:39:47.84,5987.04,5987.84,Michelle Pierce,"Claremont School Board member (self-ID 'My name is Michelle Pierce' [73, 140]; 'Michelle' recognitions [397, 464, 719, 735]; answers 'Michelle Pierce' in roll-call vote [230-231])",Aye.,Speaker 1,https://reflect-claremont.cablecast.tv/internetchannel/show/10093?site=1&seekto=5987
1:39:47.92,1:39:50.84,5987.92,5990.84,Frank Sprague,"Claremont School Board Chair (self-ID 'I'm Frank Sprague' [89, 159]; calls meeting to order [1], runs agenda, hearing and votes; addressed 'Mister chair' [171], 'Mr. Sprague' [291])",Opposed? And again. Thank you. Claremont?,Speaker 2,https://reflect-claremont.cablecast.tv/internetchannel/show/10093?site=1&seekto=5987
1:39:50.92,1:39:52.57,5990.92,5992.57,Michelle Pierce,"Claremont School Board member (self-ID 'My name is Michelle Pierce' [73, 140]; 'Michelle' recognitions [397, 464, 719, 735]; answers 'Michelle Pierce' in roll-call vote [230-231])",Yes.,Speaker 1,https://reflect-claremont.cablecast.tv/internetchannel/show/10093?site=1&seekto=5990
1:39:52.65,1:39:52.88,5992.65,5992.88,Mary Woodman,School District Clerk and recording secretary (chair asks 'Mrs. Goodman' for roll [13] and 'Mrs. Woodman' for the roll-call vote [224] -> calls names [227-240]; as clerk offers to swear in the new member [265-281]),You.,Speaker 12,https://reflect-claremont.cablecast.tv/internetchannel/show/10093?site=1&seekto=5992
1:39:53.00,1:40:05.00,5993.00,6005.00,Frank Sprague,"Claremont School Board Chair (self-ID 'I'm Frank Sprague' [89, 159]; calls meeting to order [1], runs agenda, hearing and votes; addressed 'Mister chair' [171], 'Mr. Sprague' [291])",You okay? Agenda for joint city council. School board. It's on next Thursday. It's my understanding that there's a conflict with some of the city council folks.,Speaker 2,https://reflect-claremont.cablecast.tv/internetchannel/show/10093?site=1&seekto=5993
1:40:05.08,1:40:19.16,6005.08,6019.16,Cory LeClair,"Assistant Superintendent, SAU 6 (Herzog: 'Corey, can you' [336] -> [337]; introduces the special-education director [501]; lunch-debt figures [609-612]; scheduling [688-730])",Yes. And so the mayor has reached out to us to ask if that meeting date could be changed. And suggested the 29th of November.,Speaker 15,https://reflect-claremont.cablecast.tv/internetchannel/show/10093?site=1&seekto=6005
1:40:19.24,1:40:23.12,6019.24,6023.12,Frank Sprague,"Claremont School Board Chair (self-ID 'I'm Frank Sprague' [89, 159]; calls meeting to order [1], runs agenda, hearing and votes; addressed 'Mister chair' [171], 'Mr. Sprague' [291])",Carolyn. I'm sorry. Would you? I know you have some thoughts on this.,Speaker 2,https://reflect-claremont.cablecast.tv/internetchannel/show/10093?site=1&seekto=6019
1:40:23.16,1:40:24.57,6023.16,6024.57,Carolyn Towle,"Claremont School Board member (self-ID 'I'm Carolyn Toll' [78], 'I'm Carol' [145]; answers 'Carolyn Tull' in roll-call vote [232-233]; search-committee update [284-286])",I wasn't paying attention.,Speaker 8,https://reflect-claremont.cablecast.tv/internetchannel/show/10093?site=1&seekto=6023
1:40:24.60,1:40:26.24,6024.60,6026.24,Frank Sprague,"Claremont School Board Chair (self-ID 'I'm Frank Sprague' [89, 159]; calls meeting to order [1], runs agenda, hearing and votes; addressed 'Mister chair' [171], 'Mr. Sprague' [291])","Oh, I thought you had your hand up.",Speaker 2,https://reflect-claremont.cablecast.tv/internetchannel/show/10093?site=1&seekto=6024
1:40:26.32,1:40:27.24,6026.32,6027.24,Carolyn Towle,"Claremont School Board member (self-ID 'I'm Carolyn Toll' [78], 'I'm Carol' [145]; answers 'Carolyn Tull' in roll-call vote [232-233]; search-committee update [284-286])",No.,Speaker 8,https://reflect-claremont.cablecast.tv/internetchannel/show/10093?site=1&seekto=6026
1:40:27.32,1:40:29.56,6027.32,6029.56,Frank Sprague,"Claremont School Board Chair (self-ID 'I'm Frank Sprague' [89, 159]; calls meeting to order [1], runs agenda, hearing and votes; addressed 'Mister chair' [171], 'Mr. Sprague' [291])","Oh, sorry. I have some thoughts on this.",Speaker 2,https://reflect-claremont.cablecast.tv/internetchannel/show/10093?site=1&seekto=6027
1:40:29.64,1:40:31.88,6029.64,6031.88,Carolyn Towle,"Claremont School Board member (self-ID 'I'm Carolyn Toll' [78], 'I'm Carol' [145]; answers 'Carolyn Tull' in roll-call vote [232-233]; search-committee update [284-286])",Joint  city council. We are  on.,Speaker 8,https://reflect-claremont.cablecast.tv/internetchannel/show/10093?site=1&seekto=6029
1:40:31.88,1:40:32.48,6031.88,6032.48,Cory LeClair,"Assistant Superintendent, SAU 6 (Herzog: 'Corey, can you' [336] -> [337]; introduces the special-education director [501]; lunch-debt figures [609-612]; scheduling [688-730])",That.,Speaker 15,https://reflect-claremont.cablecast.tv/internetchannel/show/10093?site=1&seekto=6031
1:40:32.56,1:40:32.80,6032.56,6032.80,Michael Petrin,"Claremont School Board member (self-ID 'I'm Mike patron' [153]; chair: 'Mike, you haven't spoken' [661] -> [662]; 'Mike.' [725] -> [726])",Date.,Speaker 9,https://reflect-claremont.cablecast.tv/internetchannel/show/10093?site=1&seekto=6032
1:40:32.80,1:40:33.80,6032.80,6033.80,Cory LeClair,"Assistant Superintendent, SAU 6 (Herzog: 'Corey, can you' [336] -> [337]; introduces the special-education director [501]; lunch-debt figures [609-612]; scheduling [688-730])",To the day.,Speaker 15,https://reflect-claremont.cablecast.tv/internetchannel/show/10093?site=1&seekto=6032
1:40:33.88,1:40:35.37,6033.88,6035.37,Carolyn Towle,"Claremont School Board member (self-ID 'I'm Carolyn Toll' [78], 'I'm Carol' [145]; answers 'Carolyn Tull' in roll-call vote [232-233]; search-committee update [284-286])",My thoughts were.,Speaker 8,https://reflect-claremont.cablecast.tv/internetchannel/show/10093?site=1&seekto=6033
1:40:35.45,1:40:36.08,6035.45,6036.08,Frank Sprague,"Claremont School Board Chair (self-ID 'I'm Frank Sprague' [89, 159]; calls meeting to order [1], runs agenda, hearing and votes; addressed 'Mister chair' [171], 'Mr. Sprague' [291])",So I knew you had.,Speaker 2,https://reflect-claremont.cablecast.tv/internetchannel/show/10093?site=1&seekto=6035
1:40:36.24,1:41:06.00,6036.24,6066.00,Carolyn Towle,"Claremont School Board member (self-ID 'I'm Carolyn Toll' [78], 'I'm Carol' [145]; answers 'Carolyn Tull' in roll-call vote [232-233]; search-committee update [284-286])","This is going to offend some council members. Maybe. But as a school board, I know I'm on three of the committees, around the school board, and every one of us is involved in other committees. And time is of the essence and the holidays are coming quickly.  And,  my thought was that we would postpone a combination meeting until January.",Speaker 8,https://reflect-claremont.cablecast.tv/internetchannel/show/10093?site=1&seekto=6036
1:41:06.04,1:41:07.52,6066.04,6067.52,Frank Sprague,"Claremont School Board Chair (self-ID 'I'm Frank Sprague' [89, 159]; calls meeting to order [1], runs agenda, hearing and votes; addressed 'Mister chair' [171], 'Mr. Sprague' [291])",First of the year. At some point.,Speaker 2,https://reflect-claremont.cablecast.tv/internetchannel/show/10093?site=1&seekto=6066
1:41:07.56,1:41:09.20,6067.56,6069.20,Carolyn Towle,"Claremont School Board member (self-ID 'I'm Carolyn Toll' [78], 'I'm Carol' [145]; answers 'Carolyn Tull' in roll-call vote [232-233]; search-committee update [284-286])",First of the year.,Speaker 8,https://reflect-claremont.cablecast.tv/internetchannel/show/10093?site=1&seekto=6067
1:41:09.28,1:41:10.12,6069.28,6070.12,Frank Sprague,"Claremont School Board Chair (self-ID 'I'm Frank Sprague' [89, 159]; calls meeting to order [1], runs agenda, hearing and votes; addressed 'Mister chair' [171], 'Mr. Sprague' [291])",Other thoughts?,Speaker 2,https://reflect-claremont.cablecast.tv/internetchannel/show/10093?site=1&seekto=6069
1:41:10.24,1:41:12.32,6070.24,6072.32,Jason Benware,"Claremont School Board member (chair: 'Jason and Michelle want to make...' [532] -> [533]; 'Okay, Jason' [593] -> [596]; first in roll-call vote order [228]; budget subcommittee member with Sprague and Petrin [584])",I'm okay with that.,Speaker 4,https://reflect-claremont.cablecast.tv/internetchannel/show/10093?site=1&seekto=6070
1:41:12.40,1:41:18.44,6072.40,6078.44,Frank Sprague,"Claremont School Board Chair (self-ID 'I'm Frank Sprague' [89, 159]; calls meeting to order [1], runs agenda, hearing and votes; addressed 'Mister chair' [171], 'Mr. Sprague' [291])","I know that I showed Corey my calendar before the meeting and I said, look at this for retire for a retired guy.",Speaker 2,https://reflect-claremont.cablecast.tv/internetchannel/show/10093?site=1&seekto=6072
1:41:18.56,1:41:19.32,6078.56,6079.32,Carolyn Towle,"Claremont School Board member (self-ID 'I'm Carolyn Toll' [78], 'I'm Carol' [145]; answers 'Carolyn Tull' in roll-call vote [232-233]; search-committee update [284-286])",I know I feel the.,Speaker 8,https://reflect-claremont.cablecast.tv/internetchannel/show/10093?site=1&seekto=6078
1:41:19.32,1:41:24.60,6079.32,6084.60,Frank Sprague,"Claremont School Board Chair (self-ID 'I'm Frank Sprague' [89, 159]; calls meeting to order [1], runs agenda, hearing and votes; addressed 'Mister chair' [171], 'Mr. Sprague' [291])",Same and I have a lot of meetings. So I concur.,Speaker 2,https://reflect-claremont.cablecast.tv/internetchannel/show/10093?site=1&seekto=6079
1:41:24.68,1:41:28.72,6084.68,6088.72,Michelle Pierce,"Claremont School Board member (self-ID 'My name is Michelle Pierce' [73, 140]; 'Michelle' recognitions [397, 464, 719, 735]; answers 'Michelle Pierce' in roll-call vote [230-231])","So do you can you make a motion that we,",Speaker 1,https://reflect-claremont.cablecast.tv/internetchannel/show/10093?site=1&seekto=6084
1:41:28.80,1:41:33.16,6088.80,6093.16,Frank Sprague,"Claremont School Board Chair (self-ID 'I'm Frank Sprague' [89, 159]; calls meeting to order [1], runs agenda, hearing and votes; addressed 'Mister chair' [171], 'Mr. Sprague' [291])",I don't I don't know if we need a motion. I think we just do we I think we just.,Speaker 2,https://reflect-claremont.cablecast.tv/internetchannel/show/10093?site=1&seekto=6088
1:41:33.36,1:41:53.88,6093.36,6113.88,Keith Pfeifer,"Interim Superintendent, SAU 6 (gives the superintendent's report [37-41] when the chair calls it [35]; chair thanks 'Doctor Pfeiffer' [99]; speaks for 'administration' [631])","I just wanted to add, because we're removing the barrier. From the joint meeting, we will be having a superintendent search meeting on the 15th of November in this room, 6 to 730 next week. So we went back to the original date. We've kind of been around the board.",Speaker 6,https://reflect-claremont.cablecast.tv/internetchannel/show/10093?site=1&seekto=6093
1:41:53.92,1:41:57.52,6113.92,6117.52,Frank Sprague,"Claremont School Board Chair (self-ID 'I'm Frank Sprague' [89, 159]; calls meeting to order [1], runs agenda, hearing and votes; addressed 'Mister chair' [171], 'Mr. Sprague' [291])","So I it it sounds like. Mike, you haven't spoken, but what do you think?",Speaker 2,https://reflect-claremont.cablecast.tv/internetchannel/show/10093?site=1&seekto=6113
1:41:57.56,1:41:59.32,6117.56,6119.32,Michael Petrin,"Claremont School Board member (self-ID 'I'm Mike patron' [153]; chair: 'Mike, you haven't spoken' [661] -> [662]; 'Mike.' [725] -> [726])","Consensus. I, I agree.",Speaker 9,https://reflect-claremont.cablecast.tv/internetchannel/show/10093?site=1&seekto=6117
1:41:59.36,1:41:59.76,6119.36,6119.76,Unidentified,Unidentified - cluster mixes short responses from several board members late in the meeting,Yeah.,Speaker 18,https://reflect-claremont.cablecast.tv/internetchannel/show/10093?site=1&seekto=6119
1:41:59.88,1:42:00.84,6119.88,6120.84,Frank Sprague,"Claremont School Board Chair (self-ID 'I'm Frank Sprague' [89, 159]; calls meeting to order [1], runs agenda, hearing and votes; addressed 'Mister chair' [171], 'Mr. Sprague' [291])",So so let's.,Speaker 2,https://reflect-claremont.cablecast.tv/internetchannel/show/10093?site=1&seekto=6119
1:42:01.00,1:42:06.00,6121.00,6126.00,Cory LeClair,"Assistant Superintendent, SAU 6 (Herzog: 'Corey, can you' [336] -> [337]; introduces the special-education director [501]; lunch-debt figures [609-612]; scheduling [688-730])","Just to add,  one of the.",Speaker 15,https://reflect-claremont.cablecast.tv/internetchannel/show/10093?site=1&seekto=6121
1:42:06.08,1:42:25.00,6126.08,6145.00,Cory LeClair,"Assistant Superintendent, SAU 6 (Herzog: 'Corey, can you' [336] -> [337]; introduces the special-education director [501]; lunch-debt figures [609-612]; scheduling [688-730])",Items for that agenda would be for the governing bodies to ask representatives and senators  to submit legislation on the behalf of the governing bodies. So that was one of the intense of the meeting. But I don't know if that couldn't be accomplished in another. I'm just.,Speaker 15,https://reflect-claremont.cablecast.tv/internetchannel/show/10093?site=1&seekto=6126
1:42:25.08,1:42:27.12,6145.08,6147.12,Frank Sprague,"Claremont School Board Chair (self-ID 'I'm Frank Sprague' [89, 159]; calls meeting to order [1], runs agenda, hearing and votes; addressed 'Mister chair' [171], 'Mr. Sprague' [291])",I'm just thinking with all the new faces.,Speaker 2,https://reflect-claremont.cablecast.tv/internetchannel/show/10093?site=1&seekto=6145
1:42:27.20,1:42:27.84,6147.20,6147.84,Cory LeClair,"Assistant Superintendent, SAU 6 (Herzog: 'Corey, can you' [336] -> [337]; introduces the special-education director [501]; lunch-debt figures [609-612]; scheduling [688-730])",Yeah.,Speaker 15,https://reflect-claremont.cablecast.tv/internetchannel/show/10093?site=1&seekto=6147
1:42:27.92,1:42:34.72,6147.92,6154.72,Frank Sprague,"Claremont School Board Chair (self-ID 'I'm Frank Sprague' [89, 159]; calls meeting to order [1], runs agenda, hearing and votes; addressed 'Mister chair' [171], 'Mr. Sprague' [291])",That's conversation. Probably be better to take place in January when the new because the new folks started in January.,Speaker 2,https://reflect-claremont.cablecast.tv/internetchannel/show/10093?site=1&seekto=6147
1:42:34.80,1:42:37.44,6154.80,6157.44,Cory LeClair,"Assistant Superintendent, SAU 6 (Herzog: 'Corey, can you' [336] -> [337]; introduces the special-education director [501]; lunch-debt figures [609-612]; scheduling [688-730])",I just want to make sure that that was communicated.,Speaker 15,https://reflect-claremont.cablecast.tv/internetchannel/show/10093?site=1&seekto=6154
1:42:37.52,1:42:41.28,6157.52,6161.28,Frank Sprague,"Claremont School Board Chair (self-ID 'I'm Frank Sprague' [89, 159]; calls meeting to order [1], runs agenda, hearing and votes; addressed 'Mister chair' [171], 'Mr. Sprague' [291])",I think it's just that just reinforces the point of going later.,Speaker 2,https://reflect-claremont.cablecast.tv/internetchannel/show/10093?site=1&seekto=6157
1:42:41.40,1:42:48.56,6161.40,6168.56,Jason Benware,"Claremont School Board member (chair: 'Jason and Michelle want to make...' [532] -> [533]; 'Okay, Jason' [593] -> [596]; first in roll-call vote order [228]; budget subcommittee member with Sprague and Petrin [584])","I find it hard to believe a lot gets done between the. No. Now in in January at the legislative,",Speaker 4,https://reflect-claremont.cablecast.tv/internetchannel/show/10093?site=1&seekto=6161
1:42:48.64,1:43:02.92,6168.64,6182.92,Cory LeClair,"Assistant Superintendent, SAU 6 (Herzog: 'Corey, can you' [336] -> [337]; introduces the special-education director [501]; lunch-debt figures [609-612]; scheduling [688-730])","I think, they can submit less through December 3rd. So I think that I think it has to be submitted by. This is what I, Mayor love, it had indicated.",Speaker 15,https://reflect-claremont.cablecast.tv/internetchannel/show/10093?site=1&seekto=6168
1:43:03.12,1:43:07.52,6183.12,6187.52,Jason Benware,"Claremont School Board member (chair: 'Jason and Michelle want to make...' [532] -> [533]; 'Okay, Jason' [593] -> [596]; first in roll-call vote order [228]; budget subcommittee member with Sprague and Petrin [584])",Because there's only one incumbent coming back for reps from our area.,Speaker 4,https://reflect-claremont.cablecast.tv/internetchannel/show/10093?site=1&seekto=6183
1:43:07.60,1:43:09.76,6187.60,6189.76,Unidentified,Unidentified - cluster mixes short responses from several board members late in the meeting,Yeah.,Speaker 18,https://reflect-claremont.cablecast.tv/internetchannel/show/10093?site=1&seekto=6187
1:43:09.84,1:43:16.96,6189.84,6196.96,Cory LeClair,"Assistant Superintendent, SAU 6 (Herzog: 'Corey, can you' [336] -> [337]; introduces the special-education director [501]; lunch-debt figures [609-612]; scheduling [688-730])","So I don't know if you  could, I, I don't know what issues there are beyond school funding for this body.",Speaker 15,https://reflect-claremont.cablecast.tv/internetchannel/show/10093?site=1&seekto=6189
1:43:17.08,1:43:19.88,6197.08,6199.88,Frank Sprague,"Claremont School Board Chair (self-ID 'I'm Frank Sprague' [89, 159]; calls meeting to order [1], runs agenda, hearing and votes; addressed 'Mister chair' [171], 'Mr. Sprague' [291])",And I think all of our reps know that.,Speaker 2,https://reflect-claremont.cablecast.tv/internetchannel/show/10093?site=1&seekto=6197
1:43:19.96,1:43:20.76,6199.96,6200.76,Jason Benware,"Claremont School Board member (chair: 'Jason and Michelle want to make...' [532] -> [533]; 'Okay, Jason' [593] -> [596]; first in roll-call vote order [228]; budget subcommittee member with Sprague and Petrin [584])",Yeah.,Speaker 4,https://reflect-claremont.cablecast.tv/internetchannel/show/10093?site=1&seekto=6199
1:43:20.84,1:43:24.04,6200.84,6204.04,Carolyn Towle,"Claremont School Board member (self-ID 'I'm Carolyn Toll' [78], 'I'm Carol' [145]; answers 'Carolyn Tull' in roll-call vote [232-233]; search-committee update [284-286])","Yeah, we've gotten the message out pretty clear.",Speaker 8,https://reflect-claremont.cablecast.tv/internetchannel/show/10093?site=1&seekto=6200
1:43:24.12,1:43:24.56,6204.12,6204.56,Unidentified,Unidentified - cluster mixes short responses from several board members late in the meeting,Okay.,Speaker 18,https://reflect-claremont.cablecast.tv/internetchannel/show/10093?site=1&seekto=6204
1:43:24.65,1:43:26.96,6204.65,6206.96,Frank Sprague,"Claremont School Board Chair (self-ID 'I'm Frank Sprague' [89, 159]; calls meeting to order [1], runs agenda, hearing and votes; addressed 'Mister chair' [171], 'Mr. Sprague' [291])","I, I am leaning toward January.",Speaker 2,https://reflect-claremont.cablecast.tv/internetchannel/show/10093?site=1&seekto=6204
1:43:27.00,1:43:30.72,6207.00,6210.72,Unidentified,Unidentified - cluster mixes short responses from several board members late in the meeting,I agree.,Speaker 18,https://reflect-claremont.cablecast.tv/internetchannel/show/10093?site=1&seekto=6207
1:43:30.80,1:43:33.08,6210.80,6213.08,Michelle Pierce,"Claremont School Board member (self-ID 'My name is Michelle Pierce' [73, 140]; 'Michelle' recognitions [397, 464, 719, 735]; answers 'Michelle Pierce' in roll-call vote [230-231])",To make a motion that we move it to January.,Speaker 1,https://reflect-claremont.cablecast.tv/internetchannel/show/10093?site=1&seekto=6210
1:43:33.12,1:43:35.68,6213.12,6215.68,Frank Sprague,"Claremont School Board Chair (self-ID 'I'm Frank Sprague' [89, 159]; calls meeting to order [1], runs agenda, hearing and votes; addressed 'Mister chair' [171], 'Mr. Sprague' [291])",Or just I think we just don't.,Speaker 2,https://reflect-claremont.cablecast.tv/internetchannel/show/10093?site=1&seekto=6213
1:43:35.76,1:43:39.24,6215.76,6219.24,Unidentified,Unidentified - cluster mixes short responses from several board members late in the meeting,You okay with it? Okay. All right.,Speaker 18,https://reflect-claremont.cablecast.tv/internetchannel/show/10093?site=1&seekto=6215
1:43:39.32,1:43:44.44,6219.32,6224.44,Michelle Pierce,"Claremont School Board member (self-ID 'My name is Michelle Pierce' [73, 140]; 'Michelle' recognitions [397, 464, 719, 735]; answers 'Michelle Pierce' in roll-call vote [230-231])",Or do I have to quit?,Speaker 1,https://reflect-claremont.cablecast.tv/internetchannel/show/10093?site=1&seekto=6219
1:43:44.52,1:43:53.08,6224.52,6233.08,Frank Sprague,"Claremont School Board Chair (self-ID 'I'm Frank Sprague' [89, 159]; calls meeting to order [1], runs agenda, hearing and votes; addressed 'Mister chair' [171], 'Mr. Sprague' [291])",Okay. We are at that point of the evening that we call for the good of the order.,Speaker 2,https://reflect-claremont.cablecast.tv/internetchannel/show/10093?site=1&seekto=6224
1:43:53.16,1:44:00.52,6233.16,6240.52,Cory LeClair,"Assistant Superintendent, SAU 6 (Herzog: 'Corey, can you' [336] -> [337]; introduces the special-education director [501]; lunch-debt figures [609-612]; scheduling [688-730])","I have something, actually. Future agenda items is technically the next topic. And we have an agenda for.",Speaker 15,https://reflect-claremont.cablecast.tv/internetchannel/show/10093?site=1&seekto=6233
1:44:00.60,1:44:01.00,6240.60,6241.00,Unidentified,Unidentified - cluster mixes short responses from several board members late in the meeting,I'm sorry.,Speaker 18,https://reflect-claremont.cablecast.tv/internetchannel/show/10093?site=1&seekto=6240
1:44:01.12,1:44:14.28,6241.12,6254.28,Cory LeClair,"Assistant Superintendent, SAU 6 (Herzog: 'Corey, can you' [336] -> [337]; introduces the special-education director [501]; lunch-debt figures [609-612]; scheduling [688-730])","First, meetings,  because it's the third Wednesday of the month. November 21st is the Wednesday night before Thanksgiving.",Speaker 15,https://reflect-claremont.cablecast.tv/internetchannel/show/10093?site=1&seekto=6241
1:44:14.36,1:44:27.56,6254.36,6267.56,Cory LeClair,"Assistant Superintendent, SAU 6 (Herzog: 'Corey, can you' [336] -> [337]; introduces the special-education director [501]; lunch-debt figures [609-612]; scheduling [688-730])","So I didn't know if we wanted to consider possibly changing that meeting, or if you wanted to continue to hold that meeting on November 21st, the night before Thanksgiving.",Speaker 15,https://reflect-claremont.cablecast.tv/internetchannel/show/10093?site=1&seekto=6254
1:44:27.64,1:44:30.96,6267.64,6270.96,Unidentified,Unidentified - cluster mixes short responses from several board members late in the meeting,Turkey the next morning.,Speaker 18,https://reflect-claremont.cablecast.tv/internetchannel/show/10093?site=1&seekto=6267
1:44:31.04,1:44:34.12,6271.04,6274.12,Unidentified,Unidentified - board member objecting to a Thanksgiving-eve meeting [693-697],Are you talking about having a meeting on the ninth? Thanksgiving?,Speaker 19,https://reflect-claremont.cablecast.tv/internetchannel/show/10093?site=1&seekto=6271
1:44:34.28,1:44:36.66,6274.28,6276.66,Unidentified,Unidentified - cluster mixes short responses from several board members late in the meeting,Thanksgiving? I really.,Speaker 18,https://reflect-claremont.cablecast.tv/internetchannel/show/10093?site=1&seekto=6274
1:44:36.70,1:44:39.16,6276.70,6279.16,Unidentified,Unidentified - board member objecting to a Thanksgiving-eve meeting [693-697],I would like to say no thank you.,Speaker 19,https://reflect-claremont.cablecast.tv/internetchannel/show/10093?site=1&seekto=6276
1:44:39.24,1:44:40.04,6279.24,6280.04,Unidentified,Unidentified - cluster mixes short responses from several board members late in the meeting,"Yeah, because.",Speaker 18,https://reflect-claremont.cablecast.tv/internetchannel/show/10093?site=1&seekto=6279
1:44:40.12,1:44:40.32,6280.12,6280.32,Unidentified,Unidentified - board member objecting to a Thanksgiving-eve meeting [693-697],I.,Speaker 19,https://reflect-claremont.cablecast.tv/internetchannel/show/10093?site=1&seekto=6280
1:44:40.32,1:44:42.44,6280.32,6282.44,Michelle Pierce,"Claremont School Board member (self-ID 'My name is Michelle Pierce' [73, 140]; 'Michelle' recognitions [397, 464, 719, 735]; answers 'Michelle Pierce' in roll-call vote [230-231])",Have to cook ties to make.,Speaker 1,https://reflect-claremont.cablecast.tv/internetchannel/show/10093?site=1&seekto=6280
1:44:42.65,1:44:44.04,6282.65,6284.04,Jason Benware,"Claremont School Board member (chair: 'Jason and Michelle want to make...' [532] -> [533]; 'Okay, Jason' [593] -> [596]; first in roll-call vote order [228]; budget subcommittee member with Sprague and Petrin [584])",You want to push it to the 28th.,Speaker 4,https://reflect-claremont.cablecast.tv/internetchannel/show/10093?site=1&seekto=6282
1:44:44.04,1:44:45.24,6284.04,6285.24,Carolyn Towle,"Claremont School Board member (self-ID 'I'm Carolyn Toll' [78], 'I'm Carol' [145]; answers 'Carolyn Tull' in roll-call vote [232-233]; search-committee update [284-286])",Then  we all do.,Speaker 8,https://reflect-claremont.cablecast.tv/internetchannel/show/10093?site=1&seekto=6284
1:44:45.36,1:44:45.80,6285.36,6285.80,Mary Woodman,School District Clerk and recording secretary (chair asks 'Mrs. Goodman' for roll [13] and 'Mrs. Woodman' for the roll-call vote [224] -> calls names [227-240]; as clerk offers to swear in the new member [265-281]),I'm just.,Speaker 12,https://reflect-claremont.cablecast.tv/internetchannel/show/10093?site=1&seekto=6285
1:44:46.00,1:44:47.76,6286.00,6287.76,Cory LeClair,"Assistant Superintendent, SAU 6 (Herzog: 'Corey, can you' [336] -> [337]; introduces the special-education director [501]; lunch-debt figures [609-612]; scheduling [688-730])",I'm just saying that.,Speaker 15,https://reflect-claremont.cablecast.tv/internetchannel/show/10093?site=1&seekto=6286
1:44:47.84,1:44:48.24,6287.84,6288.24,Michelle Pierce,"Claremont School Board member (self-ID 'My name is Michelle Pierce' [73, 140]; 'Michelle' recognitions [397, 464, 719, 735]; answers 'Michelle Pierce' in roll-call vote [230-231])",People.,Speaker 1,https://reflect-claremont.cablecast.tv/internetchannel/show/10093?site=1&seekto=6287
1:44:48.24,1:45:06.28,6288.24,6306.28,Cory LeClair,"Assistant Superintendent, SAU 6 (Herzog: 'Corey, can you' [336] -> [337]; introduces the special-education director [501]; lunch-debt figures [609-612]; scheduling [688-730])","You might want to consider rescheduling that meeting. I didn't come up with a an alternative date.  The 28th would likely conflict with the city council meeting.  I believe they're the second and fourth Wednesdays. Former city councilor, can you confirm that?",Speaker 15,https://reflect-claremont.cablecast.tv/internetchannel/show/10093?site=1&seekto=6288
1:45:06.48,1:45:08.36,6306.48,6308.36,Jason Benware,"Claremont School Board member (chair: 'Jason and Michelle want to make...' [532] -> [533]; 'Okay, Jason' [593] -> [596]; first in roll-call vote order [228]; budget subcommittee member with Sprague and Petrin [584])",Can we run it on Tuesday?,Speaker 4,https://reflect-claremont.cablecast.tv/internetchannel/show/10093?site=1&seekto=6306
1:45:08.44,1:45:10.84,6308.44,6310.84,Carolyn Towle,"Claremont School Board member (self-ID 'I'm Carolyn Toll' [78], 'I'm Carol' [145]; answers 'Carolyn Tull' in roll-call vote [232-233]; search-committee update [284-286])",I'm just on the zoning board so.,Speaker 8,https://reflect-claremont.cablecast.tv/internetchannel/show/10093?site=1&seekto=6308
1:45:10.92,1:45:11.96,6310.92,6311.96,Frank Sprague,"Claremont School Board Chair (self-ID 'I'm Frank Sprague' [89, 159]; calls meeting to order [1], runs agenda, hearing and votes; addressed 'Mister chair' [171], 'Mr. Sprague' [291])",We can run it any time.,Speaker 2,https://reflect-claremont.cablecast.tv/internetchannel/show/10093?site=1&seekto=6310
1:45:11.96,1:45:13.20,6311.96,6313.20,Cory LeClair,"Assistant Superintendent, SAU 6 (Herzog: 'Corey, can you' [336] -> [337]; introduces the special-education director [501]; lunch-debt figures [609-612]; scheduling [688-730])",We can run in any day.,Speaker 15,https://reflect-claremont.cablecast.tv/internetchannel/show/10093?site=1&seekto=6311
1:45:13.24,1:45:17.84,6313.24,6317.84,Unidentified,Unidentified - cluster mixes short responses from several board members late in the meeting,And we want to do it on the 20th Tuesday. You could.,Speaker 18,https://reflect-claremont.cablecast.tv/internetchannel/show/10093?site=1&seekto=6313
1:45:17.88,1:45:19.84,6317.88,6319.84,Unidentified,Unidentified - short remark about a Unity budget committee [710],Use a unity budget committee.,Speaker 20,https://reflect-claremont.cablecast.tv/internetchannel/show/10093?site=1&seekto=6317
1:45:19.92,1:45:21.92,6319.92,6321.92,Michelle Pierce,"Claremont School Board member (self-ID 'My name is Michelle Pierce' [73, 140]; 'Michelle' recognitions [397, 464, 719, 735]; answers 'Michelle Pierce' in roll-call vote [230-231])",And this is just for regular school board meeting.,Speaker 1,https://reflect-claremont.cablecast.tv/internetchannel/show/10093?site=1&seekto=6319
1:45:21.96,1:45:46.82,6321.96,6346.82,Cory LeClair,"Assistant Superintendent, SAU 6 (Herzog: 'Corey, can you' [336] -> [337]; introduces the special-education director [501]; lunch-debt figures [609-612]; scheduling [688-730])","Yeah. Regular school board meeting. You could or you could. I mean, you could do it the 29th, the the Thursday that we were speaking of potentially doing a joint city council meeting, but we are going to be meeting again on December 5th. So you also could just just skip it. Skip, potentially. I do know that Tracy Pope, the school district moderator, would like to speak to you about the deliberative session.",Speaker 15,https://reflect-claremont.cablecast.tv/internetchannel/show/10093?site=1&seekto=6321
1:45:46.84,1:45:58.36,6346.84,6358.36,Cory LeClair,"Assistant Superintendent, SAU 6 (Herzog: 'Corey, can you' [336] -> [337]; introduces the special-education director [501]; lunch-debt figures [609-612]; scheduling [688-730])",She sent some feedback after last year's deliberative session to the existing board members. So just to revisit that. But that could happen in December. The deliberative session is not until February.,Speaker 15,https://reflect-claremont.cablecast.tv/internetchannel/show/10093?site=1&seekto=6346
1:45:58.44,1:46:02.08,6358.44,6362.08,Frank Sprague,"Claremont School Board Chair (self-ID 'I'm Frank Sprague' [89, 159]; calls meeting to order [1], runs agenda, hearing and votes; addressed 'Mister chair' [171], 'Mr. Sprague' [291])",And it gives a little more time for the for number two.,Speaker 2,https://reflect-claremont.cablecast.tv/internetchannel/show/10093?site=1&seekto=6358
1:46:02.16,1:46:12.44,6362.16,6372.44,Carolyn Towle,"Claremont School Board member (self-ID 'I'm Carolyn Toll' [78], 'I'm Carol' [145]; answers 'Carolyn Tull' in roll-call vote [232-233]; search-committee update [284-286])","My opinion is that we forego that second for the night, the eve before Thanksgiving, and just move to the December meeting.",Speaker 8,https://reflect-claremont.cablecast.tv/internetchannel/show/10093?site=1&seekto=6362
1:46:12.52,1:46:16.04,6372.52,6376.04,Unidentified,Unidentified - cluster mixes short responses from several board members late in the meeting,I would.,Speaker 18,https://reflect-claremont.cablecast.tv/internetchannel/show/10093?site=1&seekto=6372
1:46:16.12,1:46:17.00,6376.12,6377.00,Michael Petrin,"Claremont School Board member (self-ID 'I'm Mike patron' [153]; chair: 'Mike, you haven't spoken' [661] -> [662]; 'Mike.' [725] -> [726])",Go ahead.,Speaker 9,https://reflect-claremont.cablecast.tv/internetchannel/show/10093?site=1&seekto=6376
1:46:17.08,1:46:18.04,6377.08,6378.04,Unidentified,Unidentified - cluster mixes short responses from several board members late in the meeting,I'm sorry.,Speaker 18,https://reflect-claremont.cablecast.tv/internetchannel/show/10093?site=1&seekto=6377
1:46:18.12,1:46:20.08,6378.12,6380.08,Frank Sprague,"Claremont School Board Chair (self-ID 'I'm Frank Sprague' [89, 159]; calls meeting to order [1], runs agenda, hearing and votes; addressed 'Mister chair' [171], 'Mr. Sprague' [291])",Go ahead. Michelle.,Speaker 2,https://reflect-claremont.cablecast.tv/internetchannel/show/10093?site=1&seekto=6378
1:46:20.16,1:46:43.08,6380.16,6403.08,Michelle Pierce,"Claremont School Board member (self-ID 'My name is Michelle Pierce' [73, 140]; 'Michelle' recognitions [397, 464, 719, 735]; answers 'Michelle Pierce' in roll-call vote [230-231])","I just feel like it would be really good to have that break there and then come back. I think for everybody, everybody's working really hard. There's lots of subcommittees going on and lots of extra time being taken up, and which is done diligently because people want to. However, you know, I think, I think we can lose that one meeting and bring it for agenda together.",Speaker 1,https://reflect-claremont.cablecast.tv/internetchannel/show/10093?site=1&seekto=6380
1:46:43.16,1:46:44.68,6403.16,6404.68,Frank Sprague,"Claremont School Board Chair (self-ID 'I'm Frank Sprague' [89, 159]; calls meeting to order [1], runs agenda, hearing and votes; addressed 'Mister chair' [171], 'Mr. Sprague' [291])","Carolyn, what do you think?",Speaker 2,https://reflect-claremont.cablecast.tv/internetchannel/show/10093?site=1&seekto=6403
1:46:44.76,1:46:49.88,6404.76,6409.88,Carolyn Towle,"Claremont School Board member (self-ID 'I'm Carolyn Toll' [78], 'I'm Carol' [145]; answers 'Carolyn Tull' in roll-call vote [232-233]; search-committee update [284-286])","I just said, I just I think we forego that Thanksgiving eve.",Speaker 8,https://reflect-claremont.cablecast.tv/internetchannel/show/10093?site=1&seekto=6404
1:46:49.96,1:46:51.60,6409.96,6411.60,Jason Benware,"Claremont School Board member (chair: 'Jason and Michelle want to make...' [532] -> [533]; 'Okay, Jason' [593] -> [596]; first in roll-call vote order [228]; budget subcommittee member with Sprague and Petrin [584])",I'm okay with that.,Speaker 4,https://reflect-claremont.cablecast.tv/internetchannel/show/10093?site=1&seekto=6409
1:46:51.68,1:46:52.40,6411.68,6412.40,Michelle Pierce,"Claremont School Board member (self-ID 'My name is Michelle Pierce' [73, 140]; 'Michelle' recognitions [397, 464, 719, 735]; answers 'Michelle Pierce' in roll-call vote [230-231])",Yeah.,Speaker 1,https://reflect-claremont.cablecast.tv/internetchannel/show/10093?site=1&seekto=6411
1:46:52.48,1:46:54.28,6412.48,6414.28,Unidentified,Unidentified - cluster mixes short responses from several board members late in the meeting,Mike.,Speaker 18,https://reflect-claremont.cablecast.tv/internetchannel/show/10093?site=1&seekto=6412
1:46:54.36,1:46:59.92,6414.36,6419.92,Michael Petrin,"Claremont School Board member (self-ID 'I'm Mike patron' [153]; chair: 'Mike, you haven't spoken' [661] -> [662]; 'Mike.' [725] -> [726])",I was just thinking that it doesn't cause any issues with our budget process where we need to be at.,Speaker 9,https://reflect-claremont.cablecast.tv/internetchannel/show/10093?site=1&seekto=6414
1:46:59.96,1:47:00.48,6419.96,6420.48,Unidentified,Unidentified - cluster mixes short responses from several board members late in the meeting,No.,Speaker 18,https://reflect-claremont.cablecast.tv/internetchannel/show/10093?site=1&seekto=6419
1:47:00.56,1:47:01.96,6420.56,6421.96,Frank Sprague,"Claremont School Board Chair (self-ID 'I'm Frank Sprague' [89, 159]; calls meeting to order [1], runs agenda, hearing and votes; addressed 'Mister chair' [171], 'Mr. Sprague' [291])",Because the subcommittees are all meeting.,Speaker 2,https://reflect-claremont.cablecast.tv/internetchannel/show/10093?site=1&seekto=6420
1:47:02.00,1:47:06.32,6422.00,6426.32,Michael Petrin,"Claremont School Board member (self-ID 'I'm Mike patron' [153]; chair: 'Mike, you haven't spoken' [661] -> [662]; 'Mike.' [725] -> [726])",The subcommittee is trying to get things done before Thanksgiving. Correct.,Speaker 9,https://reflect-claremont.cablecast.tv/internetchannel/show/10093?site=1&seekto=6422
1:47:06.36,1:47:32.72,6426.36,6452.72,Cory LeClair,"Assistant Superintendent, SAU 6 (Herzog: 'Corey, can you' [336] -> [337]; introduces the special-education director [501]; lunch-debt figures [609-612]; scheduling [688-730])","The next meeting would then be December 5th. Okay. And then my only other concern that's time sensitive is I have two teachers who have received grants that are in excess of $500. So, I will bring those forward to the December 5th meeting because it wasn't warned as part of this meeting. But just know  that, that's coming to you.",Speaker 15,https://reflect-claremont.cablecast.tv/internetchannel/show/10093?site=1&seekto=6426
1:47:32.80,1:47:36.26,6452.80,6456.26,Unidentified,Unidentified - cluster mixes short responses from several board members late in the meeting,Okay.,Speaker 18,https://reflect-claremont.cablecast.tv/internetchannel/show/10093?site=1&seekto=6452
1:47:36.34,1:47:38.58,6456.34,6458.58,Unidentified,Unidentified - cluster mixes short responses from several board members late in the meeting,Sweet.,Speaker 18,https://reflect-claremont.cablecast.tv/internetchannel/show/10093?site=1&seekto=6456
1:47:38.66,1:47:41.19,6458.66,6461.19,Frank Sprague,"Claremont School Board Chair (self-ID 'I'm Frank Sprague' [89, 159]; calls meeting to order [1], runs agenda, hearing and votes; addressed 'Mister chair' [171], 'Mr. Sprague' [291])",Okay. Now I can do for the good of the order.,Speaker 2,https://reflect-claremont.cablecast.tv/internetchannel/show/10093?site=1&seekto=6458
1:47:41.27,1:47:45.22,6461.27,6465.22,Cory LeClair,"Assistant Superintendent, SAU 6 (Herzog: 'Corey, can you' [336] -> [337]; introduces the special-education director [501]; lunch-debt figures [609-612]; scheduling [688-730])","Well, that was a good item.",Speaker 15,https://reflect-claremont.cablecast.tv/internetchannel/show/10093?site=1&seekto=6461
1:47:45.30,1:47:49.90,6465.30,6469.90,Frank Sprague,"Claremont School Board Chair (self-ID 'I'm Frank Sprague' [89, 159]; calls meeting to order [1], runs agenda, hearing and votes; addressed 'Mister chair' [171], 'Mr. Sprague' [291])",Michelle. You have one. I know you do. But regarding school board applicants.,Speaker 2,https://reflect-claremont.cablecast.tv/internetchannel/show/10093?site=1&seekto=6465
1:47:49.98,1:48:04.18,6469.98,6484.18,Michelle Pierce,"Claremont School Board member (self-ID 'My name is Michelle Pierce' [73, 140]; 'Michelle' recognitions [397, 464, 719, 735]; answers 'Michelle Pierce' in roll-call vote [230-231])","Oh right. So when you go to file, if you were like to be on the run on the school board for the March openings, you do have to pay a dollar. So please make sure to bring a dollar or change.",Speaker 1,https://reflect-claremont.cablecast.tv/internetchannel/show/10093?site=1&seekto=6469
1:48:04.22,1:48:05.42,6484.22,6485.42,Frank Sprague,"Claremont School Board Chair (self-ID 'I'm Frank Sprague' [89, 159]; calls meeting to order [1], runs agenda, hearing and votes; addressed 'Mister chair' [171], 'Mr. Sprague' [291])",They don't take debit cards.,Speaker 2,https://reflect-claremont.cablecast.tv/internetchannel/show/10093?site=1&seekto=6484
1:48:05.46,1:48:09.46,6485.46,6489.46,Michelle Pierce,"Claremont School Board member (self-ID 'My name is Michelle Pierce' [73, 140]; 'Michelle' recognitions [397, 464, 719, 735]; answers 'Michelle Pierce' in roll-call vote [230-231])",They do not take the cards.,Speaker 1,https://reflect-claremont.cablecast.tv/internetchannel/show/10093?site=1&seekto=6485
1:48:09.54,1:48:11.26,6489.54,6491.26,Unidentified,Unidentified - cluster mixes short responses from several board members late in the meeting,Is anyone else?,Speaker 18,https://reflect-claremont.cablecast.tv/internetchannel/show/10093?site=1&seekto=6489
1:48:11.34,1:48:12.62,6491.34,6492.62,Frank Sprague,"Claremont School Board Chair (self-ID 'I'm Frank Sprague' [89, 159]; calls meeting to order [1], runs agenda, hearing and votes; addressed 'Mister chair' [171], 'Mr. Sprague' [291])",Okay.,Speaker 2,https://reflect-claremont.cablecast.tv/internetchannel/show/10093?site=1&seekto=6491
1:48:12.70,1:48:15.22,6492.70,6495.22,Jason Benware,"Claremont School Board member (chair: 'Jason and Michelle want to make...' [532] -> [533]; 'Okay, Jason' [593] -> [596]; first in roll-call vote order [228]; budget subcommittee member with Sprague and Petrin [584])",I'd like to make a motion to adjourn.,Speaker 4,https://reflect-claremont.cablecast.tv/internetchannel/show/10093?site=1&seekto=6492
1:48:15.30,1:48:16.54,6495.30,6496.54,Michelle Pierce,"Claremont School Board member (self-ID 'My name is Michelle Pierce' [73, 140]; 'Michelle' recognitions [397, 464, 719, 735]; answers 'Michelle Pierce' in roll-call vote [230-231])",To second that.,Speaker 1,https://reflect-claremont.cablecast.tv/internetchannel/show/10093?site=1&seekto=6495
1:48:16.62,1:48:19.42,6496.62,6499.42,Frank Sprague,"Claremont School Board Chair (self-ID 'I'm Frank Sprague' [89, 159]; calls meeting to order [1], runs agenda, hearing and votes; addressed 'Mister chair' [171], 'Mr. Sprague' [291])",Further discussion.  All those in favor?,Speaker 2,https://reflect-claremont.cablecast.tv/internetchannel/show/10093?site=1&seekto=6496
1:48:19.54,1:48:21.02,6499.54,6501.02,Unidentified,Unidentified - cluster mixes short responses from several board members late in the meeting,Aye. Opposed?,Speaker 18,https://reflect-claremont.cablecast.tv/internetchannel/show/10093?site=1&seekto=6499
1:48:21.22,1:48:23.10,6501.22,6503.10,Frank Sprague,"Claremont School Board Chair (self-ID 'I'm Frank Sprague' [89, 159]; calls meeting to order [1], runs agenda, hearing and votes; addressed 'Mister chair' [171], 'Mr. Sprague' [291])",All right. Thank you. Good job guys.,Speaker 2,https://reflect-claremont.cablecast.tv/internetchannel/show/10093?site=1&seekto=6501
1:48:23.22,1:48:43.84,6503.22,6523.84,Unidentified,Unidentified - cluster mixes short responses from several board members late in the meeting,Thank you.,Speaker 18,https://reflect-claremont.cablecast.tv/internetchannel/show/10093?site=1&seekto=6503
