Start,End,Start (sec),End (sec),Speaker,Role,Dialogue,Diarized As
0:00:27.28,0:00:34.68,27.28,34.68,Frank Sprague,"Claremont School Board Chair (opens the meeting [0-3], runs agenda, recognitions and votes; names himself to the lead-safety group [788-808])","2018 to order, please rise for the Pledge of Allegiance.",Speaker 1
0:00:34.76,0:00:52.16,34.76,52.16,Frank Sprague,"Claremont School Board Chair (opens the meeting [0-3], runs agenda, recognitions and votes; names himself to the lead-safety group [788-808])","I pledge allegiance to the flag of the United States of America, and to the for which it stands. One nation under God, indivisible, with liberty and justice for all.",Speaker 1
0:00:52.24,0:01:47.56,52.24,107.56,Frank Sprague,"Claremont School Board Chair (opens the meeting [0-3], runs agenda, recognitions and votes; names himself to the lead-safety group [788-808])","A reminder to turn off cell phones, electronic devices other than the phone book. Board members.  Mrs. Woodman, do we do a roll call? Penance, please.",Speaker 1
0:01:47.64,0:01:57.08,107.64,117.08,Frank Sprague,"Claremont School Board Chair (opens the meeting [0-3], runs agenda, recognitions and votes; names himself to the lead-safety group [788-808])","That's okay, I understand. Okay. We have an agenda in front of us.  Any changes to the agenda as presented?",Speaker 1
0:01:57.32,0:02:02.16,117.32,122.16,Michelle Pierce,"Claremont School Board member (recognized 'Michelle' [179, 292, 541, 561, 764] before this cluster speaks; 'as a board member' [591])","Yes. I'd like to move Mrs. Pope to the first item on the agenda, if we could.",Speaker 2
0:02:02.40,0:02:08.44,122.40,128.44,Frank Sprague,"Claremont School Board Chair (opens the meeting [0-3], runs agenda, recognitions and votes; names himself to the lead-safety group [788-808])",So we would be putting  Mrs. Pope in front of acceptance of donations.,Speaker 1
0:02:08.52,0:02:09.08,128.52,129.08,Michelle Pierce,"Claremont School Board member (recognized 'Michelle' [179, 292, 541, 561, 764] before this cluster speaks; 'as a board member' [591])",Correct.,Speaker 2
0:02:09.16,0:02:39.80,129.16,159.80,Frank Sprague,"Claremont School Board Chair (opens the meeting [0-3], runs agenda, recognitions and votes; names himself to the lead-safety group [788-808])","Sounds good. I also would like to add something. I have been meeting with a group in Claremont.  The lead folks are Mrs. Lovett, who's the mayor, and Mr. McNutt, the city manager. And the city of Claremont is going to be participating in a community action for lead safety. And the this group has,  is would like to have Mrs. Lovett as the mayor.",Speaker 1
0:02:39.84,0:03:02.00,159.84,182.00,Frank Sprague,"Claremont School Board Chair (opens the meeting [0-3], runs agenda, recognitions and votes; names himself to the lead-safety group [788-808])","Mr.. McNutt as the city manager, a member of the school board or, the administration and a member from Valley Regional.  So I'd like to add that onto the agenda, and we can do that later on toward the end and see if there's anyone that would like to participate on that committee. I've got a little bit more information to share at that time.",Speaker 1
0:03:02.08,0:03:04.64,182.08,184.64,Frank Sprague,"Claremont School Board Chair (opens the meeting [0-3], runs agenda, recognitions and votes; names himself to the lead-safety group [788-808])",And see if someone would like to participate in that.,Speaker 1
0:03:04.76,0:03:06.32,184.76,186.32,Jason Benware,"Claremont School Board member, budget subcommittee (chair: 'Mr.. Ben, where could I have a motion' [13]; recognized 'Jason' [231, 732, 794, 868]; 'Frank, Mike and myself' [504])",We're putting that down at the bottom then or.,Speaker 3
0:03:06.44,0:03:14.76,186.44,194.76,Frank Sprague,"Claremont School Board Chair (opens the meeting [0-3], runs agenda, recognitions and votes; names himself to the lead-safety group [788-808])","Yeah, we'll put that down. Okay. We'll do actually do that right after the, the  CMS athletic coordinator.",Speaker 1
0:03:14.88,0:03:17.84,194.88,197.84,Jason Benware,"Claremont School Board member, budget subcommittee (chair: 'Mr.. Ben, where could I have a motion' [13]; recognized 'Jason' [231, 732, 794, 868]; 'Frank, Mike and myself' [504])",Okay.,Speaker 3
0:03:17.92,0:03:23.60,197.92,203.60,Frank Sprague,"Claremont School Board Chair (opens the meeting [0-3], runs agenda, recognitions and votes; names himself to the lead-safety group [788-808])","Okay. Mr.. Ben, where could I have a motion, please?",Speaker 1
0:03:23.72,0:03:29.20,203.72,209.20,Jason Benware,"Claremont School Board member, budget subcommittee (chair: 'Mr.. Ben, where could I have a motion' [13]; recognized 'Jason' [231, 732, 794, 868]; 'Frank, Mike and myself' [504])","I'd like to make a motion to the agenda as to accept the agenda, as amended. Okay.",Speaker 3
0:03:29.24,0:03:55.04,209.24,235.04,Frank Sprague,"Claremont School Board Chair (opens the meeting [0-3], runs agenda, recognitions and votes; names himself to the lead-safety group [788-808])","Can I have a second, please? Second. Any further changes to the agenda or discussion? All those in favor? Aye. Opposed? Okay. Approval of minutes of October 30th. We're going to wait on November 7th. A, what you have in front of you is sort of a truncated version. It's incomplete. So we will be approving only the minutes of October 30th tonight.",Speaker 1
0:03:55.08,0:04:00.60,235.08,240.60,Jason Benware,"Claremont School Board member, budget subcommittee (chair: 'Mr.. Ben, where could I have a motion' [13]; recognized 'Jason' [231, 732, 794, 868]; 'Frank, Mike and myself' [504])","I move that we approve the minutes of October 30th, 2018  second.",Speaker 3
0:04:00.68,0:04:14.80,240.68,254.80,Frank Sprague,"Claremont School Board Chair (opens the meeting [0-3], runs agenda, recognitions and votes; names himself to the lead-safety group [788-808])",Further discussion or corrections on those minutes. Hearing none. All those in favor? I opposed. Okay. We have  Mr. Jesse for all of us tonight with the student reps report.,Speaker 1
0:04:14.88,0:04:43.44,254.88,283.44,Jesse,Student representative to the board (chair: 'Mr. Jesse for all of us tonight with the student reps report' [17]; 'Any questions for Jessie?' [30]; surname not given),"Thank you.  Before I begin, I'd just like to note that  I did update this report  before we came,  before I came to the meeting, like late this afternoon. So I'm not sure if the updates were put into the report after they were printed. Therefore, I'm not sure if your printed copies are updated, but I have principal. Okay, but I have Principal Berry's information in here and I will pass this copy down to Secretary Woodman at the end of the hearing.",Speaker 4
0:04:43.52,0:05:08.28,283.52,308.28,Jesse,Student representative to the board (chair: 'Mr. Jesse for all of us tonight with the student reps report' [17]; 'Any questions for Jessie?' [30]; surname not given),"So without further ado,  so is for Stevens High School.  Last Friday we had I applied to College Day  when seniors could apply to as many New Hampshire colleges as they wanted to without having to pay an application fee.  I myself participated in this and applied to six colleges at that time. We surpassed last year with 45 students applying to over 101 schools.",Speaker 4
0:05:08.36,0:05:33.68,308.36,333.68,Jesse,Student representative to the board (chair: 'Mr. Jesse for all of us tonight with the student reps report' [17]; 'Any questions for Jessie?' [30]; surname not given),"This is much thanks to F and the college representatives who came to help our school counselors and students on that day.  On Monday, Stevens High School was visited by local law enforcement and for drug sniffing canines who swept all four floors. After students and staff placed their bags, backpacks and coats out into the hallways. We are happy and proud to say that no drugs or paraphernalia were found in our school.",Speaker 4
0:05:33.76,0:05:58.32,333.76,358.32,Jesse,Student representative to the board (chair: 'Mr. Jesse for all of us tonight with the student reps report' [17]; 'Any questions for Jessie?' [30]; surname not given),"This event was followed the next day by an all school assembly, where our students were given  demonstrations by Sergeant Patron and his K-9 officer Maverick,  showing students how the dogs worked  and how they are trained as well.  And so following these two  items, I'm going to go over  dates for performances in our  school district over the holiday season.",Speaker 4
0:05:58.32,0:06:22.56,358.32,382.56,Jesse,Student representative to the board (chair: 'Mr. Jesse for all of us tonight with the student reps report' [17]; 'Any questions for Jessie?' [30]; surname not given),"So I'll wait a minute. Sorry. There's another item on Saturday, December 15th. S s is hosting its second annual craft fair  from 9:00 to 3:00 in the gymnasium. We have over 50 vendors this year, along with,  $5 pictures with Santa,  a silent raffle, and concessions. All proceeds from this will go to the Washington, D.C. trip and the sophomore class as well.",Speaker 4
0:06:22.64,0:06:47.76,382.64,407.76,Jesse,Student representative to the board (chair: 'Mr. Jesse for all of us tonight with the student reps report' [17]; 'Any questions for Jessie?' [30]; surname not given),"Please come out and support this great event. We'd love to have you. You're sure to get the most of your holiday shopping all done in one place, which is very convenient.  Tomorrow we're hosting an all school assembly from  Value Up, which is a  multi presentation that focuses on respect and diversity and tackles the root issues behind substance abuse, bullying and poor academic engagement.",Speaker 4
0:06:47.92,0:07:20.08,407.92,440.08,Jesse,Student representative to the board (chair: 'Mr. Jesse for all of us tonight with the student reps report' [17]; 'Any questions for Jessie?' [30]; surname not given),"The presentation is going to be very interactive, and  it's going to leave students motivated and with a healthier view of themselves and others.  Tomorrow night at 7:00 pm, the  Stephens High School Winter concert will be held. Admission is free and there will be a raffle held during intermission. The performance will be in the show's auditorium, and we'd love it if everybody could come out to support  Stevens High School concert band, choir, jazz Band,  Steven Ayres, etc. are talented musicians at Stephens.",Speaker 4
0:07:20.16,0:07:43.04,440.16,463.04,Jesse,Student representative to the board (chair: 'Mr. Jesse for all of us tonight with the student reps report' [17]; 'Any questions for Jessie?' [30]; surname not given),"The advanced theater class at Stevens will be putting on an adaptation of Charles Dickens A Christmas Carol, which was written by our own theater teacher, Larissa Cahill. Show dates and times are are December 31st through the 15th at 7:00 pm and December 16th at 2:00 pm. Admission will be $5 at the door  with the performances being held in the show's auditorium.",Speaker 4
0:07:43.20,0:08:07.39,463.20,487.39,Jesse,Student representative to the board (chair: 'Mr. Jesse for all of us tonight with the student reps report' [17]; 'Any questions for Jessie?' [30]; surname not given),"Please come out to support our acting talent  at Stevens High School. At this time, I will be playing the role of Eugene Scrooge in this production.  So for Claremont Middle School, the CMS Winter concert will be on Thursday, December 13th from 7:00 to 9 p.m. admittance to this is free as well with the performances, with the performance being held in the CMS Gymnasium at Disney Elementary School.",Speaker 4
0:08:07.40,0:08:31.64,487.40,511.64,Jesse,Student representative to the board (chair: 'Mr. Jesse for all of us tonight with the student reps report' [17]; 'Any questions for Jessie?' [30]; surname not given),"Last night they had a holiday concert for kindergarten and first graders  that went from 630 to 830, and the holiday concert for second and third graders will be next Wednesday, December 12th from 630 to 7:30 p.m. and then at Maple Avenue School.  The Maple Avenue Holiday Concert for second Year band and Chorus will be on Wednesday, December 19th from 6 to 7 p.m..",Speaker 4
0:08:31.72,0:08:32.97,511.72,512.97,Jesse,Student representative to the board (chair: 'Mr. Jesse for all of us tonight with the student reps report' [17]; 'Any questions for Jessie?' [30]; surname not given),Thank you.,Speaker 4
0:08:33.05,0:08:34.76,513.05,514.76,Jason Benware,"Claremont School Board member, budget subcommittee (chair: 'Mr.. Ben, where could I have a motion' [13]; recognized 'Jason' [231, 732, 794, 868]; 'Frank, Mike and myself' [504])",Thanks.,Speaker 3
0:08:34.84,0:08:48.36,514.84,528.36,Frank Sprague,"Claremont School Board Chair (opens the meeting [0-3], runs agenda, recognitions and votes; names himself to the lead-safety group [788-808])",Any questions for Jessie? Just one quick thing for me. Did the the. Is it the NHC you see colleges and universities Council that puts on the the college sign up day?,Speaker 1
0:08:48.40,0:08:49.36,528.40,529.36,Jesse,Student representative to the board (chair: 'Mr. Jesse for all of us tonight with the student reps report' [17]; 'Any questions for Jessie?' [30]; surname not given),I believe so.,Speaker 4
0:08:49.48,0:08:53.96,529.48,533.96,Frank Sprague,"Claremont School Board Chair (opens the meeting [0-3], runs agenda, recognitions and votes; names himself to the lead-safety group [788-808])",I think did they offer a prize of $500 for that too? Is there a door price?,Speaker 1
0:08:54.00,0:08:57.24,534.00,537.24,Jesse,Student representative to the board (chair: 'Mr. Jesse for all of us tonight with the student reps report' [17]; 'Any questions for Jessie?' [30]; surname not given),I'm not aware of any prizes. Okay.,Speaker 4
0:08:57.32,0:08:58.32,537.32,538.32,Frank Sprague,"Claremont School Board Chair (opens the meeting [0-3], runs agenda, recognitions and votes; names himself to the lead-safety group [788-808])",I thought they did that.,Speaker 1
0:08:58.48,0:08:59.68,538.48,539.68,Jesse,Student representative to the board (chair: 'Mr. Jesse for all of us tonight with the student reps report' [17]; 'Any questions for Jessie?' [30]; surname not given),Okay. It's very possible.,Speaker 4
0:08:59.72,0:09:01.44,539.72,541.44,Frank Sprague,"Claremont School Board Chair (opens the meeting [0-3], runs agenda, recognitions and votes; names himself to the lead-safety group [788-808])",Maybe you'll win.,Speaker 1
0:09:01.52,0:09:04.64,541.52,544.64,Jesse,Student representative to the board (chair: 'Mr. Jesse for all of us tonight with the student reps report' [17]; 'Any questions for Jessie?' [30]; surname not given),Maybe. And I won't even know about it. So.,Speaker 4
0:09:04.72,0:09:16.64,544.72,556.64,Frank Sprague,"Claremont School Board Chair (opens the meeting [0-3], runs agenda, recognitions and votes; names himself to the lead-safety group [788-808])","Okay. Thank you. Nice job. Superintendents report. Well, other than misspelling busy. It is a busy time of day.",Speaker 1
0:09:16.72,0:09:49.20,556.72,589.20,Keith Pfeifer,"Interim Superintendent, SAU 6 (delivers the superintendent's report after 'Superintendents report' [38-54]; takes questions 'for the superintendent' [55-71])","Active with both the Claremont and the butchers. Both are proceeding on timeline. In Claremont, we are tempting to follow the board's guilt or flatlining the budget. Other than one half of the cost of contract contractual increases already approved by the voters and the board, the budget subcommittee is doing a tremendous job. I appreciate their hard work of not only dissecting in the budget, but also making recommendations.",Speaker 5
0:09:49.28,0:10:22.48,589.28,622.48,Keith Pfeifer,"Interim Superintendent, SAU 6 (delivers the superintendent's report after 'Superintendents report' [38-54]; takes questions 'for the superintendent' [55-71])","To Corey and I, and I'd like to acknowledge quarry's overall work on the. Like any school system, America, we've had several  safety or crisis incidents within the last week or so. One incident was at the Claremont Middle School.  Two students  were out of control in the hallways were cleared, and we sheltered in place or so was called for our intervention procedures.",Speaker 5
0:10:22.56,0:10:49.32,622.56,649.32,Keith Pfeifer,"Interim Superintendent, SAU 6 (delivers the superintendent's report after 'Superintendents report' [38-54]; takes questions 'for the superintendent' [55-71])","In cases like these and with single school involvement. It will it will be the principal's job to make the robocall or  send the email. The principal have the discretion whether to make a call or send an email after such a  with a two piece. When we have multiple schools involved, then I will make the call and send the email.",Speaker 5
0:10:49.48,0:11:07.08,649.48,667.08,Keith Pfeifer,"Interim Superintendent, SAU 6 (delivers the superintendent's report after 'Superintendents report' [38-54]; takes questions 'for the superintendent' [55-71])","I will do so after the Chief of Police or fire chief give us the all clear. After the event, we typically review the situation and our building response or responses with the police Chief of fire.  Fire.",Speaker 5
0:11:07.16,0:11:10.20,667.16,670.20,Frank Sprague,"Claremont School Board Chair (opens the meeting [0-3], runs agenda, recognitions and votes; names himself to the lead-safety group [788-808])",Chief?,Speaker 1
0:11:10.28,0:11:41.28,670.28,701.28,Keith Pfeifer,"Interim Superintendent, SAU 6 (delivers the superintendent's report after 'Superintendents report' [38-54]; takes questions 'for the superintendent' [55-71])","Probably the other challenging  part of my job, which is absolutely no, no wind is weather. But we have had some problems on surrounding hills. We are  buying chains for the busses that travel those routes. Just so you understand our protocol, my day starts at 4 a.m.. I called the police dispatch under DPW supervisor to try to understand the conditions of the road.",Speaker 5
0:11:41.36,0:12:11.60,701.36,731.60,Keith Pfeifer,"Interim Superintendent, SAU 6 (delivers the superintendent's report after 'Superintendents report' [38-54]; takes questions 'for the superintendent' [55-71])","I also call Mr.  Baldwin from unity, and one of us calls the road agent. I talked to neighboring superintendents, particularly Newport, since our students traveled to the tech center in Newport.  If the situation warrants with an electrical outage, I call the Eversource hotline to determine the potential duration of the allergy and the roads that may be acted by down trees or wires.",Speaker 5
0:12:11.68,0:12:21.48,731.68,741.48,Keith Pfeifer,"Interim Superintendent, SAU 6 (delivers the superintendent's report after 'Superintendents report' [38-54]; takes questions 'for the superintendent' [55-71])","If we are delaying our counseling counseling, I call Corey, and then we send out the robocall and email.",Speaker 5
0:12:21.56,0:12:31.88,741.56,751.88,Keith Pfeifer,"Interim Superintendent, SAU 6 (delivers the superintendent's report after 'Superintendents report' [38-54]; takes questions 'for the superintendent' [55-71])",I also call Claremont  for the schools. We have a vendor that cleans our parking lots and I talked to him. I talked to Steve Holt.,Speaker 5
0:12:33.40,0:12:48.68,753.40,768.68,Keith Pfeifer,"Interim Superintendent, SAU 6 (delivers the superintendent's report after 'Superintendents report' [38-54]; takes questions 'for the superintendent' [55-71])","And I have been doing this for many years and it is not exact, an exact science. We do do the best, you know. I also call AccuWeather. No charge to you because I know. Yeah.",Speaker 5
0:12:48.76,0:12:52.12,768.76,772.12,Frank Sprague,"Claremont School Board Chair (opens the meeting [0-3], runs agenda, recognitions and votes; names himself to the lead-safety group [788-808])","Hey, could you just tell? Please tell people who Steve Holt is.",Speaker 1
0:12:52.20,0:13:16.24,772.20,796.24,Keith Pfeifer,"Interim Superintendent, SAU 6 (delivers the superintendent's report after 'Superintendents report' [38-54]; takes questions 'for the superintendent' [55-71])","Steve Holt is our director of maintenance. And certainly he needs to know, because if we are delaying particularly, it means a different time for cleaning our sidewalks and byways. You know, they're also getting the plow in here. You know, it's very difficult during the day to plow in any of our environments because he is about a 20ft blade.",Speaker 5
0:13:16.48,0:13:54.56,796.48,834.56,Keith Pfeifer,"Interim Superintendent, SAU 6 (delivers the superintendent's report after 'Superintendents report' [38-54]; takes questions 'for the superintendent' [55-71])","So  and we've got so many cars that he can do a general sweep but not specific. So what we've tried to do is to do one after the cars are the parking lot in the late afternoon. But certainly my interest is keeping the staff and the students safe in these situations. Commend the police and police dispatch. And, you know, we've met with deep, deep w just to go over,  some varying things that, we could do to improve communication.",Speaker 5
0:13:54.64,0:14:28.64,834.64,868.64,Keith Pfeifer,"Interim Superintendent, SAU 6 (delivers the superintendent's report after 'Superintendents report' [38-54]; takes questions 'for the superintendent' [55-71])","They've been excellent. I appreciate their help and assistance. And it always seems to start at 4 a.m., and he's fine at 830. You get a snow squall, you know? So it's. You do the best you can. We do want to keep all safe, you know, particularly, the Tuesday morning, one, you know, we had they had  made a full sweep through the streets  by about 715, 830.",Speaker 5
0:14:28.68,0:14:49.20,868.68,889.20,Keith Pfeifer,"Interim Superintendent, SAU 6 (delivers the superintendent's report after 'Superintendents report' [38-54]; takes questions 'for the superintendent' [55-71])","That squall started or 8:00 and changes the circumstance. So we do the best. And to all of you, I would have wish  Bountiful and happy holiday season. From us. We appreciate what you do for students and staff. And thank you.",Speaker 5
0:14:49.28,0:14:53.32,889.28,893.32,Frank Sprague,"Claremont School Board Chair (opens the meeting [0-3], runs agenda, recognitions and votes; names himself to the lead-safety group [788-808])",Questions or comments for the superintendent.,Speaker 1
0:14:53.40,0:15:07.67,893.40,907.67,Michelle Pierce,"Claremont School Board member (recognized 'Michelle' [179, 292, 541, 561, 764] before this cluster speaks; 'as a board member' [591])","Have they been a lot of complaints coming in and not being able to call it the days or the snow day, or whether to have a snow day, or whether or not to have a snow day? Have there been any complaints about it or.",Speaker 2
0:15:07.75,0:15:14.00,907.75,914.00,Keith Pfeifer,"Interim Superintendent, SAU 6 (delivers the superintendent's report after 'Superintendents report' [38-54]; takes questions 'for the superintendent' [55-71])",They're always complaints.  It could be partly cloudy in their complaints.,Speaker 5
0:15:14.08,0:15:49.08,914.08,949.08,Keith Pfeifer,"Interim Superintendent, SAU 6 (delivers the superintendent's report after 'Superintendents report' [38-54]; takes questions 'for the superintendent' [55-71])","Yeah, there's people that have varying opinion. Maybe their situation is a little different than the general situation  that morning, actually, from town to the river. There was hardly anything at for 430 in the morning.  You know, the hills as we gained all the there were problems, but we work. And as I said, we're going to put chains on on the busses that particularly climb some of our known problem areas and hills, you know, and hope that will help give them traction.",Speaker 5
0:15:49.24,0:16:18.84,949.24,978.84,Keith Pfeifer,"Interim Superintendent, SAU 6 (delivers the superintendent's report after 'Superintendents report' [38-54]; takes questions 'for the superintendent' [55-71])","DPW has taken action  on East Green Mountain Road in terms of extending the tar by putting some crush gravel for about 25ft. So,  you know, the other problem right now is,  the sides of the roads are, you know, are still soft. They are not completely frozen. So there are a number of variables that we have to cope with, but we try to communicate as much as we can.",Speaker 5
0:16:18.92,0:16:30.76,978.92,990.76,Michelle Pierce,"Claremont School Board member (recognized 'Michelle' [179, 292, 541, 561, 764] before this cluster speaks; 'as a board member' [591])","So just I didn't want you to, you know, I was asking me about a particular situation. Is just wondering how it had been going. I did have a couple of parents, but that, you know, they're just concerned if they aren't.",Speaker 2
0:16:30.76,0:16:31.20,990.76,991.20,Keith Pfeifer,"Interim Superintendent, SAU 6 (delivers the superintendent's report after 'Superintendents report' [38-54]; takes questions 'for the superintendent' [55-71])",Sure there are.,Speaker 5
0:16:31.20,0:16:32.56,991.20,992.56,Michelle Pierce,"Claremont School Board member (recognized 'Michelle' [179, 292, 541, 561, 764] before this cluster speaks; 'as a board member' [591])",People that don't let.,Speaker 2
0:16:32.56,0:16:34.52,992.56,994.52,Keith Pfeifer,"Interim Superintendent, SAU 6 (delivers the superintendent's report after 'Superintendents report' [38-54]; takes questions 'for the superintendent' [55-71])",Them know. I make my best judgment.,Speaker 5
0:16:34.56,0:16:35.05,994.56,995.05,Michelle Pierce,"Claremont School Board member (recognized 'Michelle' [179, 292, 541, 561, 764] before this cluster speaks; 'as a board member' [591])",Absolutely.,Speaker 2
0:16:35.15,0:17:00.84,995.15,1020.84,Keith Pfeifer,"Interim Superintendent, SAU 6 (delivers the superintendent's report after 'Superintendents report' [38-54]; takes questions 'for the superintendent' [55-71])","And where Newport was off that day. But it was not the weather. It was no electricity. Right. So we you know, we have varying. And I try to recognize those. I try to use the best judgment. You know, if DB w gives me a thumbs up, I'm going to try to do something. One thing that concerns me is this time of.",Speaker 5
0:17:00.84,0:17:01.20,1020.84,1021.20,Keith Pfeifer,"Interim Superintendent, SAU 6 (delivers the superintendent's report after 'Superintendents report' [38-54]; takes questions 'for the superintendent' [55-71])",Year.,Speaker 1
0:17:01.28,0:17:21.88,1021.28,1041.88,Keith Pfeifer,"Interim Superintendent, SAU 6 (delivers the superintendent's report after 'Superintendents report' [38-54]; takes questions 'for the superintendent' [55-71])","It's dark in the morning, it's dark in the afternoon. I do want to give our drivers a chance to be able to see road and a black ice situations, etc..  So, you know, particularly this year, I've, I, I've used a few delays because it's then light. We can see better. It's safer.",Speaker 5
0:17:21.96,0:17:30.96,1041.96,1050.96,Michelle Pierce,"Claremont School Board member (recognized 'Michelle' [179, 292, 541, 561, 764] before this cluster speaks; 'as a board member' [591])",Yeah. So and I appreciate all of that. Sure. It's the position that's very hard to be. I just want to thank you also.,Speaker 2
0:17:31.00,0:18:04.08,1051.00,1084.08,Keith Pfeifer,"Interim Superintendent, SAU 6 (delivers the superintendent's report after 'Superintendents report' [38-54]; takes questions 'for the superintendent' [55-71])","But I  take all calls. I try to listen to what they think the problem for their children or the smells are, you know, and I always try to take that into account, you know, but I'm talking, you know, almost 1800 kids plus staff. You know, I'm also concerned we have people from away that do travel to us, and I want to make sure their  travel is safe as well as I can, you know, so a lot of things go into it.",Speaker 5
0:18:04.16,0:18:15.56,1084.16,1095.56,Keith Pfeifer,"Interim Superintendent, SAU 6 (delivers the superintendent's report after 'Superintendents report' [38-54]; takes questions 'for the superintendent' [55-71])","Thank DPW and the police again for  their input.  You know, without them it wouldn't be as successful.",Speaker 5
0:18:15.64,0:18:28.80,1095.64,1108.80,Michelle Pierce,"Claremont School Board member (recognized 'Michelle' [179, 292, 541, 561, 764] before this cluster speaks; 'as a board member' [591])",I just like to say thank you very much. You've been a wonderful help to this time. We're going through this transition and Merry Christmas.,Speaker 2
0:18:28.88,0:18:37.85,1108.88,1117.85,Frank Sprague,"Claremont School Board Chair (opens the meeting [0-3], runs agenda, recognitions and votes; names himself to the lead-safety group [788-808])","At this time, I'd like to open the floor up for citizens comments. Any citizens that like to make comments, come to the odium and state your name and word, please.",Speaker 1
0:18:37.93,0:18:59.67,1117.93,1139.67,Klein,"Music director, Stevens High School; public commenter, Ward 3 (does not state her name at the mic [73]; LeClair later: 'Miss Klein mentioned earlier, she's doubled the size of the high school band' [529]; spelling unverified)","Hello. Ward three, music director Stevens High School.  Jessie already told you guys, but our winter concert is tomorrow at the high school in the auditorium at 7 p.m.. You can use the event entrance to enter.  It is free and there's a bake sale.  All the parents donate baked goods. A 5050 raffle that the Friends of Music hosts.",Speaker 6
0:18:59.68,0:19:32.20,1139.68,1172.20,Klein,"Music director, Stevens High School; public commenter, Ward 3 (does not state her name at the mic [73]; LeClair later: 'Miss Klein mentioned earlier, she's doubled the size of the high school band' [529]; spelling unverified)","And actually, this year we got so many parent donations,  that we were able to put together a holiday gift basket raffle worth over $250. Has a really beautiful quilt  school spirit, handmade,  Afghan, handmade jewelry set, violence book exchange, gift card,  tons of candles, hot chocolate and things like that.  So if you like quilts, you can come by a raffle ticket for that, especially since the concerts free.",Speaker 6
0:19:32.44,0:19:57.04,1172.44,1197.04,Klein,"Music director, Stevens High School; public commenter, Ward 3 (does not state her name at the mic [73]; LeClair later: 'Miss Klein mentioned earlier, she's doubled the size of the high school band' [529]; spelling unverified)","So bring $5 and you can maybe win an awesome holiday raffle prize. And plus like we have 60 kids performing,  which is a large number.  It's twice the size it was two years ago. So yeah. I hope everybody here and listening on TV can come. It's at 7 p.m. tomorrow. Thursday, December 6th. So thank you.",Speaker 6
0:19:57.20,0:19:57.92,1197.20,1197.92,Frank Sprague,"Claremont School Board Chair (opens the meeting [0-3], runs agenda, recognitions and votes; names himself to the lead-safety group [788-808])",Thank you.,Speaker 1
0:19:58.00,0:20:07.38,1198.00,1207.38,Klein,"Music director, Stevens High School; public commenter, Ward 3 (does not state her name at the mic [73]; LeClair later: 'Miss Klein mentioned earlier, she's doubled the size of the high school band' [529]; spelling unverified)",Thank you.,Speaker 6
0:20:07.46,0:20:40.02,1207.46,1240.02,Maggie May,"Public commenter, Ward 3 (self-identifies 'Hello, I'm Maggie May. I'm part of Ward three' [78])","Hello, I'm Maggie May. I'm part of Ward three. I'm coming to you as a parent, as a musician, and as a Claremont taxpayer for 43 years. I'm here because I think Claremont schools could be agents for change in one particular area of the student education, and that is music and arts that  we know historically that when cuts are made to the budget, invariably music and arts are two of the first things that are affected by the same token.",Speaker 7
0:20:40.10,0:21:16.26,1240.10,1276.26,Maggie May,,"Studies have shown that the benefits of music  increase the brain's thinking capacities and boost the IQ of children. I've printed some material that I'm going to leave with you, some research material to support this, and we also have some research that shows that it boosts the self-esteem and teaches discipline. We know that there are many Claremont children who do not reach their academic or social potential, social skills, potential, and it's partly because they do not have an outlet to express themselves outside of the classroom.",Speaker 7
0:21:16.34,0:21:53.70,1276.34,1313.70,Maggie May,,"I think that by stronger support of the music education in Claremont, we might help these children reach their potential. We have wonderful athletic opportunities for Claremont youth who are sports oriented, but we lack opportunities due to budget constraints. For those who may be music or art oriented, I ask you to please consider the positive effects of spending more time or more  on the line item, area of the budget, and let the Claremont School system perhaps become a role model for other school districts.",Speaker 7
0:21:53.74,0:22:00.78,1313.74,1320.78,Maggie May,,On how music education makes a difference in student growth. Thank you for your time.,Speaker 7
0:22:00.86,0:22:01.94,1320.86,1321.94,Frank Sprague,"Claremont School Board Chair (opens the meeting [0-3], runs agenda, recognitions and votes; names himself to the lead-safety group [788-808])","Well, thank you for having us.",Speaker 1
0:22:01.98,0:22:02.74,1321.98,1322.74,Unidentified,Unidentified - short remarks and questions from a board member during the moderator's report [115-149]; not recognized by name,Thank you. Thank you.,Speaker 8
0:22:02.82,0:22:04.98,1322.82,1324.98,Frank Sprague,"Claremont School Board Chair (opens the meeting [0-3], runs agenda, recognitions and votes; names himself to the lead-safety group [788-808])",We appreciate that.,Speaker 1
0:22:05.06,0:22:16.70,1325.06,1336.70,Maggie May,,Sorry.,Speaker 7
0:22:16.78,0:22:34.40,1336.78,1354.40,Maggie May,,My name is Maggie Maggie May.,Speaker 2
0:22:34.48,0:22:51.44,1354.48,1371.44,Frank Sprague,"Claremont School Board Chair (opens the meeting [0-3], runs agenda, recognitions and votes; names himself to the lead-safety group [788-808])",Any other citizens comments? Seeing none. We'll close citizens comments and we will transition to our discussion action items. And we made the the switch and likely invite. Yes.,Speaker 1
0:22:51.52,0:23:05.24,1371.52,1385.24,Michelle Pierce,"Claremont School Board member (recognized 'Michelle' [179, 292, 541, 561, 764] before this cluster speaks; 'as a board member' [591])","I just had a question. Are we allowed to ask questions to you guys? Or if I have a question about like when a citizen comes up, like I just had a question I know we can't ask them anymore.",Speaker 2
0:23:05.40,0:23:08.84,1385.40,1388.84,Frank Sprague,"Claremont School Board Chair (opens the meeting [0-3], runs agenda, recognitions and votes; names himself to the lead-safety group [788-808])",So did you want to ask me a question? Is that what you're.,Speaker 1
0:23:09.08,0:23:12.44,1389.08,1392.44,Michelle Pierce,"Claremont School Board member (recognized 'Michelle' [179, 292, 541, 561, 764] before this cluster speaks; 'as a board member' [591])","Yeah. Well, I we're not allowed to ask questions.",Speaker 2
0:23:12.52,0:23:19.40,1392.52,1399.40,Frank Sprague,"Claremont School Board Chair (opens the meeting [0-3], runs agenda, recognitions and votes; names himself to the lead-safety group [788-808])",That you want to. Sure. Did you have a question for me  or for us? Who's the question?,Speaker 1
0:23:19.48,0:23:45.84,1399.48,1425.84,Michelle Pierce,"Claremont School Board member (recognized 'Michelle' [179, 292, 541, 561, 764] before this cluster speaks; 'as a board member' [591])","Probably it would be more for us. Apologize.  So maybe Corey, I guess about,  So she mentioned the arts in the, in the music. And I know that we've done a lot of focus with Grant. We have a grant writer. I was just wondering if it's possible that the grant writer would be able to look into different grants or possibilities of grants,  for music and arts to help.",Speaker 2
0:23:46.04,0:23:52.52,1426.04,1432.52,Michelle Pierce,"Claremont School Board member (recognized 'Michelle' [179, 292, 541, 561, 764] before this cluster speaks; 'as a board member' [591])",I know we've focused a lot on some other stuff. Perhaps we could look at those avenues. Sure. As a thought.,Speaker 2
0:23:52.56,0:24:17.35,1432.56,1457.35,Frank Sprague,"Claremont School Board Chair (opens the meeting [0-3], runs agenda, recognitions and votes; names himself to the lead-safety group [788-808])","I would just what I would do is later on tonight, we're going to hand out a draft of the budget proposal. So what I would ask you to do before we investigate that is look and see what's been allocated for music and arts. And then before we take other steps, I would advise that you take a look at the budget that we're going to present to you later on our proposals for the board.",Speaker 1
0:24:17.36,0:24:40.72,1457.36,1480.72,Frank Sprague,"Claremont School Board Chair (opens the meeting [0-3], runs agenda, recognitions and votes; names himself to the lead-safety group [788-808])","We're not going to discuss it tonight. We're going to hand it out tonight.  And take a look at that. And then,  based on what you see there around, increases because we, we discussed this at length with, with the principal of the high school. And we do recognize that there's been significant growth in the band. And so what I would ask you to do is take a look at that.",Speaker 1
0:24:40.85,0:24:45.68,1480.85,1485.68,Frank Sprague,"Claremont School Board Chair (opens the meeting [0-3], runs agenda, recognitions and votes; names himself to the lead-safety group [788-808])",Okay. And then we can discuss it when we come back to the budget again. Okay.,Speaker 1
0:24:45.72,0:24:49.56,1485.72,1489.56,Unidentified,Unidentified - short remarks and questions from a board member during the moderator's report [115-149]; not recognized by name,Thank you.,Speaker 8
0:24:49.64,0:25:14.38,1489.64,1514.38,Frank Sprague,"Claremont School Board Chair (opens the meeting [0-3], runs agenda, recognitions and votes; names himself to the lead-safety group [788-808])","So, Mrs. Fuller.",Speaker 1
0:25:14.46,0:25:17.90,1514.46,1517.90,Tracy Pope,"School district moderator (agenda moved 'Mrs. Pope to the first item' [4-5]; addressed 'Tracy' [113, 140, 213]; debrief of the 2018 deliberative session)",Good evening.,Speaker 9
0:25:17.98,0:25:42.38,1517.98,1542.38,Tracy Pope,"School district moderator (agenda moved 'Mrs. Pope to the first item' [4-5]; addressed 'Tracy' [113, 140, 213]; debrief of the 2018 deliberative session)","I'm here to speak to you about  the deliberative session that we had last year.  I've always found in in my work history that  having a debriefing right after the event. So I sent out an email to the board, and, I tried to highlight things that I thought went well and things that,  I thought could use improvement.",Speaker 9
0:25:42.62,0:26:05.38,1542.62,1565.38,Tracy Pope,"School district moderator (agenda moved 'Mrs. Pope to the first item' [4-5]; addressed 'Tracy' [113, 140, 213]; debrief of the 2018 deliberative session)","And, I'd just like to go over some of those things tonight.  First of all, things that went well. I think the location having it at Stevens High School went very well. And please, if anything I say you disagree with, please speak up, because that's the only way we're going to get this so that it works well.",Speaker 9
0:26:05.46,0:26:28.86,1565.46,1588.86,Tracy Pope,"School district moderator (agenda moved 'Mrs. Pope to the first item' [4-5]; addressed 'Tracy' [113, 140, 213]; debrief of the 2018 deliberative session)","I also thought that the I'm a registered voter cards worked very well. And the colored secret ballots,  the colored secret ballots were great. One change that I would make is I would have them just say yes or no, not have article one. Article two, because that's really not relative. If we have the cigarette ballot, it's for the votes right then and there.",Speaker 9
0:26:28.94,0:26:52.26,1588.94,1612.26,Tracy Pope,"School district moderator (agenda moved 'Mrs. Pope to the first item' [4-5]; addressed 'Tracy' [113, 140, 213]; debrief of the 2018 deliberative session)","And then I had a question for the board  after last year's secret ballots. I kept them all. Mary and I tallied them, and I bands around them, and I kept them, and I have them in a Ziploc bag at my home because  I didn't know where they went. But I didn't think they should just be tossed out, because any kind of voting, I think there's so many years that they can go back and look.",Speaker 9
0:26:52.34,0:26:58.62,1612.34,1618.62,Tracy Pope,"School district moderator (agenda moved 'Mrs. Pope to the first item' [4-5]; addressed 'Tracy' [113, 140, 213]; debrief of the 2018 deliberative session)","And so  I had a question for the board, what do I do with the secret ballots?",Speaker 9
0:26:58.70,0:27:10.70,1618.70,1630.70,Jason Benware,"Claremont School Board member, budget subcommittee (chair: 'Mr.. Ben, where could I have a motion' [13]; recognized 'Jason' [231, 732, 794, 868]; 'Frank, Mike and myself' [504])","Does anybody know during regular voting, when you do your paper ballots after they run it through the machine and then they if they have a recount or anything, after all that stuff they do, they keep those or do they just keep the official numbers?",Speaker 3
0:27:10.90,0:27:18.54,1630.90,1638.54,Unidentified,Unidentified - cluster of short interjections from several voices,"They all go to City Hall, those. But that would go to the school district office.",Speaker 10
0:27:18.62,0:27:40.94,1638.62,1660.94,Tracy Pope,"School district moderator (agenda moved 'Mrs. Pope to the first item' [4-5]; addressed 'Tracy' [113, 140, 213]; debrief of the 2018 deliberative session)","All right. So the school district office holds on to them. Yeah. Okay, then I will deliver them or Scott will deliver them. The other thing that I thought went well was having the moderator and the clerk near the podium.  I'm going to get to my back being to the school board as one of the negatives, but that's in just a minute.",Speaker 9
0:27:41.02,0:28:03.90,1661.02,1683.90,Tracy Pope,"School district moderator (agenda moved 'Mrs. Pope to the first item' [4-5]; addressed 'Tracy' [113, 140, 213]; debrief of the 2018 deliberative session)","I thought the five minute and two minute time limits worked well.  And I also thought the counters worked well. Having the people there and then counting things that I think needed improvement were the first and foremost. I think we need to publicize a snow date so that if this happens again, we had canceled it scheduled on a Tuesday.",Speaker 9
0:28:03.90,0:28:22.29,1683.90,1702.29,Tracy Pope,"School district moderator (agenda moved 'Mrs. Pope to the first item' [4-5]; addressed 'Tracy' [113, 140, 213]; debrief of the 2018 deliberative session)","We we did it for Thursday. But I think that if we can publicize the snow date, if the school board was set a snow date, people will know well if they hear on the radio that it's been canceled because of a blizzard, they're going to know that it's been rescheduled and automatically know what the dates going to be.",Speaker 9
0:28:22.30,0:28:43.90,1702.30,1723.90,Tracy Pope,"School district moderator (agenda moved 'Mrs. Pope to the first item' [4-5]; addressed 'Tracy' [113, 140, 213]; debrief of the 2018 deliberative session)","They don't have to look for it on the radio or the television.  So I'd like to ask the school board when they do finalize their dates, if they could please set a snow date.  I think the entrances and the exits,  people were entering and exiting from the top and the side doors of the auditorium, and that made for confusion.",Speaker 9
0:28:43.98,0:29:07.66,1723.98,1747.66,Tracy Pope,"School district moderator (agenda moved 'Mrs. Pope to the first item' [4-5]; addressed 'Tracy' [113, 140, 213]; debrief of the 2018 deliberative session)","I thought maybe if we could have persons assigned to specific areas that could watch and tell people know that they have to go down and enter in where the check ins were. Segregation of the registered and non-registered voters. I thought that worked well in having the non registered voters to one side, and then the other two sides were for the voters.",Speaker 9
0:29:07.78,0:29:24.82,1747.78,1764.82,Tracy Pope,"School district moderator (agenda moved 'Mrs. Pope to the first item' [4-5]; addressed 'Tracy' [113, 140, 213]; debrief of the 2018 deliberative session)","However,  we had people that were registered voters sitting over with their friends and everything. So I thought that,  maybe if we had better signage taped it off,  which would call attention to the different sections that that might help that situation.",Speaker 9
0:29:24.90,0:29:31.82,1764.90,1771.82,Frank Sprague,"Claremont School Board Chair (opens the meeting [0-3], runs agenda, recognitions and votes; names himself to the lead-safety group [788-808])","Tracy, can I interrupt you for a second? Should you prefer that we ask you questions at the end or when the questions come up? What would you prefer?",Speaker 1
0:29:31.90,0:29:32.98,1771.90,1772.98,Tracy Pope,"School district moderator (agenda moved 'Mrs. Pope to the first item' [4-5]; addressed 'Tracy' [113, 140, 213]; debrief of the 2018 deliberative session)",Doesn't matter to me.,Speaker 9
0:29:33.02,0:29:34.58,1773.02,1774.58,Unidentified,Unidentified - short remarks and questions from a board member during the moderator's report [115-149]; not recognized by name,"Okay, well, I have a suggestion.",Speaker 8
0:29:34.59,0:29:36.70,1774.59,1776.70,Jason Benware,"Claremont School Board member, budget subcommittee (chair: 'Mr.. Ben, where could I have a motion' [13]; recognized 'Jason' [231, 732, 794, 868]; 'Frank, Mike and myself' [504])",Since I was one of the counters in the last one of.,Speaker 3
0:29:36.70,0:29:38.34,1776.70,1778.34,Unidentified,Unidentified - short remarks and questions from a board member during the moderator's report [115-149]; not recognized by name,These.,Speaker 8
0:29:38.42,0:29:44.90,1778.42,1784.90,Jason Benware,"Claremont School Board member, budget subcommittee (chair: 'Mr.. Ben, where could I have a motion' [13]; recognized 'Jason' [231, 732, 794, 868]; 'Frank, Mike and myself' [504])","There was a lot of people there. However, I don't believe there was a enough registered voters there where they would have filled more than just the center.",Speaker 3
0:29:44.94,0:29:45.62,1784.94,1785.62,Unidentified,Unidentified - short remarks and questions from a board member during the moderator's report [115-149]; not recognized by name,Right.,Speaker 8
0:29:45.70,0:30:02.26,1785.70,1802.26,Jason Benware,"Claremont School Board member, budget subcommittee (chair: 'Mr.. Ben, where could I have a motion' [13]; recognized 'Jason' [231, 732, 794, 868]; 'Frank, Mike and myself' [504])","And I really the center, the big set of seats. So my suggestion would be to block off and only let the voters sit in the center seats. And this will get to your point about bringing people up to do the voting. It's a lot easier to.",Speaker 3
0:30:02.42,0:30:04.02,1802.42,1804.02,Tracy Pope,"School district moderator (agenda moved 'Mrs. Pope to the first item' [4-5]; addressed 'Tracy' [113, 140, 213]; debrief of the 2018 deliberative session)",I'm going to get that in a second.,Speaker 9
0:30:04.02,0:30:11.06,1804.02,1811.06,Jason Benware,"Claremont School Board member, budget subcommittee (chair: 'Mr.. Ben, where could I have a motion' [13]; recognized 'Jason' [231, 732, 794, 868]; 'Frank, Mike and myself' [504])","Yeah. It's a lot easier to dismiss and call a row at a time if they're all in that one section rather than what we had, which was sort of pandemonium.",Speaker 3
0:30:11.11,0:30:31.98,1811.11,1831.98,Tracy Pope,"School district moderator (agenda moved 'Mrs. Pope to the first item' [4-5]; addressed 'Tracy' [113, 140, 213]; debrief of the 2018 deliberative session)","Yeah. I think that if we, we put signage up and maybe do that, that it would work. Well,  the other thing is the secret ballot. I thought having rows, just telling people to go down rows at a time that didn't work well because people were milling around and visiting and everything, and we weren't sure who had voted and who hadn't.",Speaker 9
0:30:31.98,0:30:52.98,1831.98,1852.98,Tracy Pope,"School district moderator (agenda moved 'Mrs. Pope to the first item' [4-5]; addressed 'Tracy' [113, 140, 213]; debrief of the 2018 deliberative session)","So I was thinking of maybe having the moderator request people stay in their seats until their row was excuse to come down to vote, and after they voted to return to their seats and just let them know that once everyone's voted, then they're free to mill around until we call the meeting back to order. And that might make that a little bit simpler.",Speaker 9
0:30:53.14,0:31:10.50,1853.14,1870.50,Jason Benware,"Claremont School Board member, budget subcommittee (chair: 'Mr.. Ben, where could I have a motion' [13]; recognized 'Jason' [231, 732, 794, 868]; 'Frank, Mike and myself' [504])","I think I think it might also help with the idea of how many times people have voted. If you have that idea that if they're already they've come down, then they've seated themselves and you make them stay in their seat until they're done voting. And, you know, everybody's voted once. If they're milling about, then you really don't have a clue  unless you're marking them.",Speaker 3
0:31:10.58,0:31:35.82,1870.58,1895.82,Tracy Pope,"School district moderator (agenda moved 'Mrs. Pope to the first item' [4-5]; addressed 'Tracy' [113, 140, 213]; debrief of the 2018 deliberative session)","That was something that came up. Someone said that we should have a way of marking the voters cards. And so you have to show your card that says, I'm a registered voter before you get your secret ballot handed to you. So I was thinking if maybe we could have the people that are handing out the secret ballots mark that off, you'll know that that person has voted already, and not that anyone did vote twice, but it would eliminate that possibility.",Speaker 9
0:31:39.46,0:32:02.70,1899.46,1922.70,Michelle Pierce,"Claremont School Board member (recognized 'Michelle' [179, 292, 541, 561, 764] before this cluster speaks; 'as a board member' [591])","Michelle may go back for a minute before you go forward. Just as a suggestion and possibly a few more breaks, you know, to give people a chance to do the milling around and socializing or. I don't know, it's just suggestion. And then,",Speaker 2
0:32:02.78,0:32:17.30,1922.78,1937.30,Michelle Pierce,"Claremont School Board member (recognized 'Michelle' [179, 292, 541, 561, 764] before this cluster speaks; 'as a board member' [591])","Laminated cards that,  you could just do a punch hole and they could wear them,  could be an idea that would be quite quick and cheap. Actually.",Speaker 2
0:32:17.38,0:32:17.97,1937.38,1937.97,Unidentified,Unidentified - short remarks and questions from a board member during the moderator's report [115-149]; not recognized by name,I.,Speaker 8
0:32:18.05,0:32:24.02,1938.05,1944.02,Michelle Pierce,"Claremont School Board member (recognized 'Michelle' [179, 292, 541, 561, 764] before this cluster speaks; 'as a board member' [591])","I think well, I guess I should not I would be worried about the cost of that.",Speaker 2
0:32:24.10,0:32:24.54,1944.10,1944.54,Unidentified,Unidentified - short remarks and questions from a board member during the moderator's report [115-149]; not recognized by name,Yeah.,Speaker 8
0:32:24.66,0:32:29.78,1944.66,1949.78,Michelle Pierce,"Claremont School Board member (recognized 'Michelle' [179, 292, 541, 561, 764] before this cluster speaks; 'as a board member' [591])",I guess I wouldn't comment on what the cost of it is until. Yeah.,Speaker 2
0:32:29.86,0:32:53.90,1949.86,1973.90,Tracy Pope,"School district moderator (agenda moved 'Mrs. Pope to the first item' [4-5]; addressed 'Tracy' [113, 140, 213]; debrief of the 2018 deliberative session)","I think that having that I'm a registered voter, when they checked in, they got that card that was just a tan card. And and if we did a,  a standing vote or something like that, people holding it up, you could readily identify everyone had a card.  I, I'm not sure if the expense of, of having laminated cards, plus having people have to punch them.",Speaker 9
0:32:53.98,0:32:57.62,1973.98,1977.62,Tracy Pope,"School district moderator (agenda moved 'Mrs. Pope to the first item' [4-5]; addressed 'Tracy' [113, 140, 213]; debrief of the 2018 deliberative session)",I was thinking that we could have the.,Speaker 9
0:32:57.70,0:33:09.58,1977.70,1989.58,Michelle Pierce,"Claremont School Board member (recognized 'Michelle' [179, 292, 541, 561, 764] before this cluster speaks; 'as a board member' [591])","String so they could just, like. A string. You know, you tie it around like those leads people see when they clip on their badges on to, not those.",Speaker 2
0:33:09.66,0:33:34.06,1989.66,2014.06,Tracy Pope,"School district moderator (agenda moved 'Mrs. Pope to the first item' [4-5]; addressed 'Tracy' [113, 140, 213]; debrief of the 2018 deliberative session)","But if they did, we wouldn't have a way of marking it. So we know, say we have four secret ballots. Secret ballots.  This way, if we had different colored markers and we could have the checkers as they handed out the the and I'm okay. So I'm going to coordinate everything. So say that the ballot is blue. I'm going to have a blue marker that they could put a blue X on your card.",Speaker 9
0:33:34.14,0:33:42.94,2014.14,2022.94,Tracy Pope,"School district moderator (agenda moved 'Mrs. Pope to the first item' [4-5]; addressed 'Tracy' [113, 140, 213]; debrief of the 2018 deliberative session)","And if the next ballot is pink, they're going to have a red marker. So they can  and just be able to. Don't laugh Carolyn.",Speaker 9
0:33:43.10,0:33:44.38,2023.10,2024.38,Unidentified,Unidentified - short remarks and questions from a board member during the moderator's report [115-149]; not recognized by name,Is the concern.,Speaker 8
0:33:44.46,0:33:45.58,2024.46,2025.58,Michelle Pierce,"Claremont School Board member (recognized 'Michelle' [179, 292, 541, 561, 764] before this cluster speaks; 'as a board member' [591])","I'm with you, Tracy.",Speaker 2
0:33:45.74,0:33:52.19,2025.74,2032.19,Unidentified,Unidentified - short remarks and questions from a board member during the moderator's report [115-149]; not recognized by name,"Is the concern that the same person is voting twice, or that somebody is taking the card and using  the  card.",Speaker 8
0:33:52.34,0:34:00.70,2032.34,2040.70,Tracy Pope,"School district moderator (agenda moved 'Mrs. Pope to the first item' [4-5]; addressed 'Tracy' [113, 140, 213]; debrief of the 2018 deliberative session)","The card only entitles you to one vote in each voter. That's there should be voting themselves, not letting someone else vote for them.",Speaker 9
0:34:00.78,0:34:07.86,2040.78,2047.86,Unidentified,Unidentified - short remarks and questions from a board member during the moderator's report [115-149]; not recognized by name,I guess that's what my question is. Is it just the one person we're worried about doing it multiple times or the card being used multiple times?,Speaker 8
0:34:07.98,0:34:14.50,2047.98,2054.50,Tracy Pope,"School district moderator (agenda moved 'Mrs. Pope to the first item' [4-5]; addressed 'Tracy' [113, 140, 213]; debrief of the 2018 deliberative session)","Well, you can't vote without the card, right? So a person couldn't vote more than once unless they had two cards.",Speaker 9
0:34:14.54,0:34:15.88,2054.54,2055.88,Jason Benware,"Claremont School Board member, budget subcommittee (chair: 'Mr.. Ben, where could I have a motion' [13]; recognized 'Jason' [231, 732, 794, 868]; 'Frank, Mike and myself' [504])",Or you could hand it to somebody else.,Speaker 3
0:34:15.91,0:34:16.62,2055.91,2056.62,Michelle Pierce,"Claremont School Board member (recognized 'Michelle' [179, 292, 541, 561, 764] before this cluster speaks; 'as a board member' [591])",So I think.,Speaker 2
0:34:16.62,0:34:16.70,2056.62,2056.70,Unidentified,Unidentified - cluster of short interjections from several voices,The.,Speaker 10
0:34:16.70,0:34:17.06,2056.70,2057.06,Jason Benware,"Claremont School Board member, budget subcommittee (chair: 'Mr.. Ben, where could I have a motion' [13]; recognized 'Jason' [231, 732, 794, 868]; 'Frank, Mike and myself' [504])",Card.,Speaker 3
0:34:17.26,0:34:18.08,2057.26,2058.08,Unidentified,Unidentified - short remarks and questions from a board member during the moderator's report [115-149]; not recognized by name,That's what I know.,Speaker 8
0:34:18.16,0:34:18.35,2058.16,2058.35,Unidentified,Unidentified - cross-talk fragment,I.,Speaker 5
0:34:18.44,0:34:19.02,2058.44,2059.02,Unidentified,Unidentified - cross-talk fragment,I think the.,Speaker 4
0:34:19.02,0:34:19.66,2059.02,2059.66,Jason Benware,"Claremont School Board member, budget subcommittee (chair: 'Mr.. Ben, where could I have a motion' [13]; recognized 'Jason' [231, 732, 794, 868]; 'Frank, Mike and myself' [504])",Concern was.,Speaker 3
0:34:19.66,0:34:20.10,2059.66,2060.10,Unidentified,Unidentified - cross-talk fragment,Last year.,Speaker 4
0:34:20.10,0:34:20.40,2060.10,2060.40,Jason Benware,"Claremont School Board member, budget subcommittee (chair: 'Mr.. Ben, where could I have a motion' [13]; recognized 'Jason' [231, 732, 794, 868]; 'Frank, Mike and myself' [504])",That.,Speaker 3
0:34:20.41,0:34:20.64,2060.41,2060.64,Unidentified,Unidentified - cluster of short interjections from several voices,That.,Speaker 10
0:34:20.65,0:34:20.82,2060.65,2060.82,Jason Benware,"Claremont School Board member, budget subcommittee (chair: 'Mr.. Ben, where could I have a motion' [13]; recognized 'Jason' [231, 732, 794, 868]; 'Frank, Mike and myself' [504])",That.,Speaker 3
0:34:20.94,0:34:21.38,2060.94,2061.38,Unidentified,Unidentified - cross-talk fragment,You went through.,Speaker 4
0:34:21.38,0:34:22.22,2061.38,2062.22,Jason Benware,"Claremont School Board member, budget subcommittee (chair: 'Mr.. Ben, where could I have a motion' [13]; recognized 'Jason' [231, 732, 794, 868]; 'Frank, Mike and myself' [504])",The line and there.,Speaker 3
0:34:22.22,0:34:23.46,2062.22,2063.46,Unidentified,Unidentified - cross-talk fragment,Was no way to tell that if you.,Speaker 5
0:34:23.50,0:34:23.90,2063.50,2063.90,Unidentified,Unidentified - cross-talk fragment,Circled.,Speaker 4
0:34:23.90,0:34:26.38,2063.90,2066.38,Jason Benware,"Claremont School Board member, budget subcommittee (chair: 'Mr.. Ben, where could I have a motion' [13]; recognized 'Jason' [231, 732, 794, 868]; 'Frank, Mike and myself' [504])",Back to the back of the line to what's what I'm saying.,Speaker 3
0:34:26.38,0:34:32.02,2066.38,2072.02,Rob Lovett Jr.,"Claremont School Board member (recognized 'Rob, you have a good' [771] before [772]; Benware: 'with Robert, that money was for food' [778])","Rather than laminations or lanyards, just doing something simple like checkered cheese where they stamp a hand just.",Speaker 11
0:34:32.06,0:34:33.53,2072.06,2073.53,Jason Benware,"Claremont School Board member, budget subcommittee (chair: 'Mr.. Ben, where could I have a motion' [13]; recognized 'Jason' [231, 732, 794, 868]; 'Frank, Mike and myself' [504])","Yeah, that's a good idea. Yeah, I.",Speaker 3
0:34:33.58,0:34:45.90,2073.58,2085.90,Tracy Pope,"School district moderator (agenda moved 'Mrs. Pope to the first item' [4-5]; addressed 'Tracy' [113, 140, 213]; debrief of the 2018 deliberative session)","I talked to a friend who does this, but it's in a town, so all their votes and people have to go through the checklist. You know, when we come in and we check.",Speaker 9
0:34:45.94,0:34:47.10,2085.94,2087.10,Frank Sprague,"Claremont School Board Chair (opens the meeting [0-3], runs agenda, recognitions and votes; names himself to the lead-safety group [788-808])",Off the voter checklist.,Speaker 1
0:34:47.34,0:34:56.09,2087.34,2096.09,Tracy Pope,"School district moderator (agenda moved 'Mrs. Pope to the first item' [4-5]; addressed 'Tracy' [113, 140, 213]; debrief of the 2018 deliberative session)","We each time there's a vote, they have to go back and go through it. And I would think if you do that, you'll be there until 2:00 in the morning. Nope. That's a long.",Speaker 9
0:34:56.14,0:34:57.46,2096.14,2097.46,Jason Benware,"Claremont School Board member, budget subcommittee (chair: 'Mr.. Ben, where could I have a motion' [13]; recognized 'Jason' [231, 732, 794, 868]; 'Frank, Mike and myself' [504])","So yeah, it's a long process.",Speaker 3
0:34:57.50,0:34:59.54,2097.50,2099.54,Frank Sprague,"Claremont School Board Chair (opens the meeting [0-3], runs agenda, recognitions and votes; names himself to the lead-safety group [788-808])",I like the idea of stamping hands or something.,Speaker 1
0:34:59.78,0:35:01.74,2099.78,2101.74,Keith Pfeifer,"Interim Superintendent, SAU 6 (delivers the superintendent's report after 'Superintendents report' [38-54]; takes questions 'for the superintendent' [55-71])",Stamping is.,Speaker 5
0:35:01.82,0:35:05.50,2101.82,2105.50,Michelle Pierce,"Claremont School Board member (recognized 'Michelle' [179, 292, 541, 561, 764] before this cluster speaks; 'as a board member' [591])",The marker on the back of the car choosing markers.,Speaker 2
0:35:05.58,0:35:30.30,2105.58,2130.30,Tracy Pope,"School district moderator (agenda moved 'Mrs. Pope to the first item' [4-5]; addressed 'Tracy' [113, 140, 213]; debrief of the 2018 deliberative session)","Okay. And and the last thing I had on things that could use improvement is where Mary and I were seated.  It was my first meeting, and I felt it was important to have the moderator separated from the school board,  and near the podium. However, once the meeting began, I realized that I couldn't see school board members raising their hands to speak to an article.",Speaker 9
0:35:30.38,0:35:40.50,2130.38,2140.50,Tracy Pope,"School district moderator (agenda moved 'Mrs. Pope to the first item' [4-5]; addressed 'Tracy' [113, 140, 213]; debrief of the 2018 deliberative session)","Chris Irish was at the end, and he kept hollering to me so that I knew that someone was behind me. So,  if anyone could come up with a different, better way to.",Speaker 9
0:35:40.58,0:35:40.86,2140.58,2140.86,Jason Benware,"Claremont School Board member, budget subcommittee (chair: 'Mr.. Ben, where could I have a motion' [13]; recognized 'Jason' [231, 732, 794, 868]; 'Frank, Mike and myself' [504])",Put you.,Speaker 3
0:35:40.86,0:35:42.74,2140.86,2142.74,Tracy Pope,"School district moderator (agenda moved 'Mrs. Pope to the first item' [4-5]; addressed 'Tracy' [113, 140, 213]; debrief of the 2018 deliberative session)","On seat, everybody.",Speaker 9
0:35:42.82,0:35:44.22,2142.82,2144.22,Jason Benware,"Claremont School Board member, budget subcommittee (chair: 'Mr.. Ben, where could I have a motion' [13]; recognized 'Jason' [231, 732, 794, 868]; 'Frank, Mike and myself' [504])",Yeah. You guys up on the stage.,Speaker 3
0:35:44.26,0:35:45.70,2144.26,2145.70,Carolyn Towle,Claremont School Board member (recognized 'Go ahead. Carolyn?' [310] before [312] and 'Jason. And then Carolyn.' [732] before [736]; capital improvement plan advocacy [845-863]),We'll put you up there.,Speaker 7
0:35:45.78,0:35:48.82,2145.78,2148.82,Frank Sprague,"Claremont School Board Chair (opens the meeting [0-3], runs agenda, recognitions and votes; names himself to the lead-safety group [788-808])",What would happen if you knew who was going to speak to the article?,Speaker 1
0:35:48.90,0:36:11.38,2148.90,2171.38,Tracy Pope,"School district moderator (agenda moved 'Mrs. Pope to the first item' [4-5]; addressed 'Tracy' [113, 140, 213]; debrief of the 2018 deliberative session)","Well, I know who's going to speak to the Atika when it's first presented. Because the Attica is presented, it's always a school board member that speaks first, and they have five minutes.  But after that, when people were speaking in  for and against and for against and then someone from the board wanted to speak. I didn't see them raise their hands.",Speaker 9
0:36:11.46,0:36:12.78,2171.46,2172.78,Frank Sprague,"Claremont School Board Chair (opens the meeting [0-3], runs agenda, recognitions and votes; names himself to the lead-safety group [788-808])",Michelle.,Speaker 1
0:36:12.86,0:36:31.42,2172.86,2191.42,Michelle Pierce,"Claremont School Board member (recognized 'Michelle' [179, 292, 541, 561, 764] before this cluster speaks; 'as a board member' [591])","I was just in that I think that maybe if you put them on the stage, honestly, right behind, like we're in front and close to the stage anyway, and they would be on top behind us and she would see everything.",Speaker 2
0:36:31.50,0:36:33.54,2191.50,2193.54,Frank Sprague,"Claremont School Board Chair (opens the meeting [0-3], runs agenda, recognitions and votes; names himself to the lead-safety group [788-808])",Can you get on the stage?,Speaker 1
0:36:33.62,0:36:35.26,2193.62,2195.26,Michelle Pierce,"Claremont School Board member (recognized 'Michelle' [179, 292, 541, 561, 764] before this cluster speaks; 'as a board member' [591])",They must have a wheelchair.,Speaker 2
0:36:35.34,0:36:36.58,2195.34,2196.58,Keith Pfeifer,"Interim Superintendent, SAU 6 (delivers the superintendent's report after 'Superintendents report' [38-54]; takes questions 'for the superintendent' [55-71])",Wheelchair  elevator.,Speaker 5
0:36:36.66,0:36:37.40,2196.66,2197.40,Michelle Pierce,"Claremont School Board member (recognized 'Michelle' [179, 292, 541, 561, 764] before this cluster speaks; 'as a board member' [591])","Oh, it's.",Speaker 2
0:36:37.48,0:36:39.86,2197.48,2199.86,Unidentified,Unidentified - cross-talk fragment,"Not sure if it's functional, but I'm sure it could be.",Speaker 4
0:36:39.94,0:36:40.34,2199.94,2200.34,Jason Benware,"Claremont School Board member, budget subcommittee (chair: 'Mr.. Ben, where could I have a motion' [13]; recognized 'Jason' [231, 732, 794, 868]; 'Frank, Mike and myself' [504])","Oh, it's.",Speaker 3
0:36:40.34,0:36:40.50,2200.34,2200.50,Unidentified,Unidentified - cross-talk fragment,An.,Speaker 4
0:36:40.50,0:36:42.62,2200.50,2202.62,Jason Benware,"Claremont School Board member, budget subcommittee (chair: 'Mr.. Ben, where could I have a motion' [13]; recognized 'Jason' [231, 732, 794, 868]; 'Frank, Mike and myself' [504])","Elevator, right? Yeah, it's a lift.",Speaker 3
0:36:42.78,0:36:45.30,2202.78,2205.30,Michelle Pierce,"Claremont School Board member (recognized 'Michelle' [179, 292, 541, 561, 764] before this cluster speaks; 'as a board member' [591])",Yeah. Awesome.,Speaker 2
0:36:45.38,0:36:46.10,2205.38,2206.10,Frank Sprague,"Claremont School Board Chair (opens the meeting [0-3], runs agenda, recognitions and votes; names himself to the lead-safety group [788-808])",Okay.,Speaker 1
0:36:46.18,0:36:48.14,2206.18,2208.14,Jason Benware,"Claremont School Board member, budget subcommittee (chair: 'Mr.. Ben, where could I have a motion' [13]; recognized 'Jason' [231, 732, 794, 868]; 'Frank, Mike and myself' [504])",Or  that.,Speaker 3
0:36:48.22,0:36:52.14,2208.22,2212.14,Frank Sprague,"Claremont School Board Chair (opens the meeting [0-3], runs agenda, recognitions and votes; names himself to the lead-safety group [788-808])","Take a look at it. And, you know, February.",Speaker 1
0:36:52.38,0:37:16.94,2212.38,2236.94,Tracy Pope,"School district moderator (agenda moved 'Mrs. Pope to the first item' [4-5]; addressed 'Tracy' [113, 140, 213]; debrief of the 2018 deliberative session)","So,  any questions or comments or suggestions? And  you can email me if you think of something like after the fact and before the meeting that you want to talk about or discuss. But I just wanted to put the things out there that I thought went well, what I thought could lead. And the most important thing was the snow date.",Speaker 9
0:37:17.02,0:37:17.86,2237.02,2237.86,Tracy Pope,"School district moderator (agenda moved 'Mrs. Pope to the first item' [4-5]; addressed 'Tracy' [113, 140, 213]; debrief of the 2018 deliberative session)",Yeah.,Speaker 9
0:37:17.94,0:37:46.10,2237.94,2266.10,Cory LeClair,"Assistant Superintendent, SAU 6 (presents donations, the federal-funding report and policies; addressed 'Corey' [92, 465, 610]; 'Josh and I' [372])","So I can speak to the snow date piece. So at the  October 17th meeting of this board, the board determined January 2nd for the public hearing and February 6th for the deliberative session. And so I've reserved the high school auditorium for both of those dates and the very next day. So January 3rd would be the snow date built in for the January 2nd public hearing.",Speaker 12
0:37:46.10,0:37:55.58,2266.10,2275.58,Cory LeClair,"Assistant Superintendent, SAU 6 (presents donations, the federal-funding report and policies; addressed 'Corey' [92, 465, 610]; 'Josh and I' [372])","And January and February 7th is the designated snow date for the February 6th deliberative session, if the board is comfortable with that.",Speaker 12
0:37:55.62,0:37:59.02,2275.62,2279.02,Frank Sprague,"Claremont School Board Chair (opens the meeting [0-3], runs agenda, recognitions and votes; names himself to the lead-safety group [788-808])",Perfect. So can we get that onto the the district calendar?,Speaker 1
0:37:59.18,0:38:04.47,2279.18,2284.47,Cory LeClair,"Assistant Superintendent, SAU 6 (presents donations, the federal-funding report and policies; addressed 'Corey' [92, 465, 610]; 'Josh and I' [372])",I have  asked in Alaska again.,Speaker 12
0:38:04.55,0:38:07.82,2284.55,2287.82,Michelle Pierce,"Claremont School Board member (recognized 'Michelle' [179, 292, 541, 561, 764] before this cluster speaks; 'as a board member' [591])",So January 3rd would be our snow day correct.,Speaker 2
0:38:07.90,0:38:09.06,2287.90,2289.06,Cory LeClair,"Assistant Superintendent, SAU 6 (presents donations, the federal-funding report and policies; addressed 'Corey' [92, 465, 610]; 'Josh and I' [372])",For the public hearing?,Speaker 12
0:38:09.14,0:38:10.26,2289.14,2290.26,Unidentified,Unidentified - short response,Yeah.,Speaker 6
0:38:10.34,0:38:17.70,2290.34,2297.70,Tracy Pope,"School district moderator (agenda moved 'Mrs. Pope to the first item' [4-5]; addressed 'Tracy' [113, 140, 213]; debrief of the 2018 deliberative session)","It's a Thursday. And then the deliberative session is scheduled for February 6th with the snow date of the seventh. Correct. Very good, very good.",Speaker 9
0:38:17.94,0:38:35.74,2297.94,2315.74,Cory LeClair,"Assistant Superintendent, SAU 6 (presents donations, the federal-funding report and policies; addressed 'Corey' [92, 465, 610]; 'Josh and I' [372])","So they're both on  the original date is both on a Wednesday. And the snow date is a Thursday evening of a regularly scheduled school board meeting. So we shouldn't be conflicting with, city council or other organizations.",Speaker 12
0:38:35.82,0:39:00.46,2315.82,2340.46,Tracy Pope,"School district moderator (agenda moved 'Mrs. Pope to the first item' [4-5]; addressed 'Tracy' [113, 140, 213]; debrief of the 2018 deliberative session)","Okay. And my final thing is I had given out  the rules of conduct. I, I gave them to to Corey to give out to you. If you just want to look at them, I'll change the date so that they're correct. In there. But that was something else. I want to make sure that we pass out at the meeting so people know, going to it.",Speaker 9
0:39:00.54,0:39:01.26,2340.54,2341.26,Carolyn Towle,Claremont School Board member (recognized 'Go ahead. Carolyn?' [310] before [312] and 'Jason. And then Carolyn.' [732] before [736]; capital improvement plan advocacy [845-863]),Okay.,Speaker 7
0:39:01.34,0:39:04.34,2341.34,2344.34,Frank Sprague,"Claremont School Board Chair (opens the meeting [0-3], runs agenda, recognitions and votes; names himself to the lead-safety group [788-808])",Come on.,Speaker 1
0:39:04.42,0:39:04.82,2344.42,2344.82,Unidentified,Unidentified - board member thanking the moderator; sentence split between the Pierce and Towle clusters [207-213],Last.,Speaker 2
0:39:04.82,0:39:06.86,2344.82,2346.86,Unidentified,Unidentified - board member thanking the moderator; sentence split between the Pierce and Towle clusters [207-213],Year was my first deliberative session.,Speaker 7
0:39:07.02,0:39:16.30,2347.02,2356.30,Unidentified,Unidentified - board member thanking the moderator; sentence split between the Pierce and Towle clusters [207-213],"That I had gone through, and that was your first year as being moderator. And,  I know you were really nervous, and I went.",Speaker 2
0:39:16.30,0:39:16.74,2356.30,2356.74,Unidentified,Unidentified - board member thanking the moderator; sentence split between the Pierce and Towle clusters [207-213],Up to you.,Speaker 7
0:39:16.74,0:39:17.81,2356.74,2357.81,Unidentified,Unidentified - board member thanking the moderator; sentence split between the Pierce and Towle clusters [207-213],Afterwards and.,Speaker 2
0:39:17.82,0:39:18.82,2357.82,2358.82,Unidentified,Unidentified - board member thanking the moderator; sentence split between the Pierce and Towle clusters [207-213],Thanked you.,Speaker 7
0:39:18.90,0:39:37.86,2358.90,2377.86,Unidentified,Unidentified - board member thanking the moderator; sentence split between the Pierce and Towle clusters [207-213],"Because that's kind of a big job for the first time person doing it. And,  I am really thrilled that you have been very proactive for this year's deliberative session, and I know it will be successful. And thank you, Tracy, for taking the time.",Speaker 2
0:39:37.90,0:39:38.82,2377.90,2378.82,Jason Benware,"Claremont School Board member, budget subcommittee (chair: 'Mr.. Ben, where could I have a motion' [13]; recognized 'Jason' [231, 732, 794, 868]; 'Frank, Mike and myself' [504])",Thank you. Thank you.,Speaker 3
0:39:39.06,0:39:41.98,2379.06,2381.98,Frank Sprague,"Claremont School Board Chair (opens the meeting [0-3], runs agenda, recognitions and votes; names himself to the lead-safety group [788-808])",Thank you so much. We appreciate your being proactive. We really do.,Speaker 1
0:39:42.02,0:39:43.62,2382.02,2383.62,Tracy Pope,"School district moderator (agenda moved 'Mrs. Pope to the first item' [4-5]; addressed 'Tracy' [113, 140, 213]; debrief of the 2018 deliberative session)",Thank you.,Speaker 9
0:39:43.70,0:39:44.06,2383.70,2384.06,Jason Benware,"Claremont School Board member, budget subcommittee (chair: 'Mr.. Ben, where could I have a motion' [13]; recognized 'Jason' [231, 732, 794, 868]; 'Frank, Mike and myself' [504])",Okay.,Speaker 3
0:39:44.14,0:39:49.02,2384.14,2389.02,Frank Sprague,"Claremont School Board Chair (opens the meeting [0-3], runs agenda, recognitions and votes; names himself to the lead-safety group [788-808])",Okay. Thank you. All right. Moving on to acceptance of donations.,Speaker 1
0:39:49.10,0:40:05.42,2389.10,2405.42,Cory LeClair,"Assistant Superintendent, SAU 6 (presents donations, the federal-funding report and policies; addressed 'Corey' [92, 465, 610]; 'Josh and I' [372])",Yes. We have several different donations and different categories. So I'll start with food service because we've gotten yet more food service donations.  We've received $50 to.,Speaker 12
0:40:05.46,0:40:05.66,2405.46,2405.66,Michelle Pierce,"Claremont School Board member (recognized 'Michelle' [179, 292, 541, 561, 764] before this cluster speaks; 'as a board member' [591])",Pay.,Speaker 2
0:40:05.66,0:40:41.60,2405.66,2441.60,Cory LeClair,"Assistant Superintendent, SAU 6 (presents donations, the federal-funding report and policies; addressed 'Corey' [92, 465, 610]; 'Josh and I' [372])","Down school lunch debt from Andrea, Tennessee. We've received $50 to pay down school lunch debt from Graciela Parati Grace Parati. We've received $100 for school lunch debt from Virginia Volk, and we've received $2,111.93 from the GoFundMe for Claremont School lunches by Annie Cooper.",Speaker 12
0:40:41.68,0:40:48.68,2441.68,2448.68,Cory LeClair,"Assistant Superintendent, SAU 6 (presents donations, the federal-funding report and policies; addressed 'Corey' [92, 465, 610]; 'Josh and I' [372])",So I'm looking for  approval of those donations for the school lunch debt and some guidance of.,Speaker 12
0:40:48.76,0:40:55.20,2448.76,2455.20,Jason Benware,"Claremont School Board member, budget subcommittee (chair: 'Mr.. Ben, where could I have a motion' [13]; recognized 'Jason' [231, 732, 794, 868]; 'Frank, Mike and myself' [504])","What I ask about that. Motion  asks. Okay, I move that we approve the the whatever that adds up to.",Speaker 3
0:40:55.28,0:40:55.92,2455.28,2455.92,Michelle Pierce,"Claremont School Board member (recognized 'Michelle' [179, 292, 541, 561, 764] before this cluster speaks; 'as a board member' [591])",The motion.,Speaker 2
0:40:55.92,0:40:58.04,2455.92,2458.04,Jason Benware,"Claremont School Board member, budget subcommittee (chair: 'Mr.. Ben, where could I have a motion' [13]; recognized 'Jason' [231, 732, 794, 868]; 'Frank, Mike and myself' [504])",For  a.,Speaker 3
0:40:58.12,0:40:58.60,2458.12,2458.60,Michelle Pierce,"Claremont School Board member (recognized 'Michelle' [179, 292, 541, 561, 764] before this cluster speaks; 'as a board member' [591])",What was.,Speaker 2
0:40:58.60,0:40:59.12,2458.60,2459.12,Jason Benware,"Claremont School Board member, budget subcommittee (chair: 'Mr.. Ben, where could I have a motion' [13]; recognized 'Jason' [231, 732, 794, 868]; 'Frank, Mike and myself' [504])",The total?,Speaker 3
0:40:59.24,0:41:05.84,2459.24,2465.84,Cory LeClair,"Assistant Superintendent, SAU 6 (presents donations, the federal-funding report and policies; addressed 'Corey' [92, 465, 610]; 'Josh and I' [372])","The total will be $2,311.93.",Speaker 12
0:41:05.92,0:41:15.20,2465.92,2475.20,Jason Benware,"Claremont School Board member, budget subcommittee (chair: 'Mr.. Ben, where could I have a motion' [13]; recognized 'Jason' [231, 732, 794, 868]; 'Frank, Mike and myself' [504])","A move that we accept $2,311.93. Toward the school lunch debt or whatever we decide to do with that, I guess.",Speaker 3
0:41:15.40,0:41:16.00,2475.40,2476.00,Michelle Pierce,"Claremont School Board member (recognized 'Michelle' [179, 292, 541, 561, 764] before this cluster speaks; 'as a board member' [591])",I'll second.,Speaker 2
0:41:16.12,0:41:22.88,2476.12,2482.88,Frank Sprague,"Claremont School Board Chair (opens the meeting [0-3], runs agenda, recognitions and votes; names himself to the lead-safety group [788-808])","Okay. Further discussion. Jason and Carolyn and then Michelle, I think. Did you have your hand?",Speaker 1
0:41:22.96,0:41:34.64,2482.96,2494.64,Jason Benware,"Claremont School Board member, budget subcommittee (chair: 'Mr.. Ben, where could I have a motion' [13]; recognized 'Jason' [231, 732, 794, 868]; 'Frank, Mike and myself' [504])","Okay, so we have we've already wiped away the debt that we had already discussed. And this is money above and beyond that. So is that accurate?",Speaker 3
0:41:34.72,0:41:35.00,2494.72,2495.00,Keith Pfeifer,"Interim Superintendent, SAU 6 (delivers the superintendent's report after 'Superintendents report' [38-54]; takes questions 'for the superintendent' [55-71])",Yeah.,Speaker 5
0:41:35.04,0:41:35.80,2495.04,2495.80,Jason Benware,"Claremont School Board member, budget subcommittee (chair: 'Mr.. Ben, where could I have a motion' [13]; recognized 'Jason' [231, 732, 794, 868]; 'Frank, Mike and myself' [504])",Correct. Okay.,Speaker 3
0:41:36.04,0:41:48.40,2496.04,2508.40,Cory LeClair,"Assistant Superintendent, SAU 6 (presents donations, the federal-funding report and policies; addressed 'Corey' [92, 465, 610]; 'Josh and I' [372])",So this came in.  All of these donations came in after the first round. And acceptance and complete elimination of last year's school lunch debt.,Speaker 12
0:41:48.48,0:41:53.38,2508.48,2513.38,Jason Benware,"Claremont School Board member, budget subcommittee (chair: 'Mr.. Ben, where could I have a motion' [13]; recognized 'Jason' [231, 732, 794, 868]; 'Frank, Mike and myself' [504])",So.,Speaker 3
0:41:53.46,0:42:19.78,2513.46,2539.78,Jason Benware,"Claremont School Board member, budget subcommittee (chair: 'Mr.. Ben, where could I have a motion' [13]; recognized 'Jason' [231, 732, 794, 868]; 'Frank, Mike and myself' [504])","I know that we are.  It was just an article in the newspaper yesterday, I believe, or two days ago about building shelves to stock essentially food pantries and four of the schools. I believe that's what the article said today.  I would almost be in favor of of using that money to stock those pantries, because that that's food that's taking care of kids who need it.",Speaker 3
0:42:19.86,0:42:43.86,2539.86,2563.86,Jason Benware,"Claremont School Board member, budget subcommittee (chair: 'Mr.. Ben, where could I have a motion' [13]; recognized 'Jason' [231, 732, 794, 868]; 'Frank, Mike and myself' [504])","I don't really I'm not terribly in favor of setting that money aside to just pay off more of what we've already done, because, frankly, I'm hoping that we're going to solve that problem, and we're not going to continually send a message that says there's money available to pay off if you don't pay. Yeah.  And I think that that money that came in, I mean, the people who paid that money, they were going on the assumption that it was going to be used to feed children.",Speaker 3
0:42:43.94,0:42:51.38,2563.94,2571.38,Jason Benware,"Claremont School Board member, budget subcommittee (chair: 'Mr.. Ben, where could I have a motion' [13]; recognized 'Jason' [231, 732, 794, 868]; 'Frank, Mike and myself' [504])","I think that those,  those pantry type things are really good use of it. So that would be my I'd be in favor of doing that.",Speaker 3
0:42:51.46,0:42:52.02,2571.46,2572.02,Frank Sprague,"Claremont School Board Chair (opens the meeting [0-3], runs agenda, recognitions and votes; names himself to the lead-safety group [788-808])",Carolyn.,Speaker 1
0:42:52.14,0:43:20.02,2572.14,2600.02,Carolyn Towle,Claremont School Board member (recognized 'Carolyn.' [240]; diarized with Pierce),"Well,  Jason just asked the question and answered the question that I was thinking to,  and I would be in full agreement with what Jason proposed. At this point in time, is there going to be a school lunch deficit this coming year, or is that are we  okay?  I'm curious to know that.",Speaker 2
0:43:20.10,0:43:23.78,2600.10,2603.78,Michael O'Neill,"Business Administrator, SAU 6 (uncertain - not named at his turn; answers on lunch-account balances [242-244] and 'about a dime for every lunch' [440]; subcommittee 'worked with Cory and Doctor Pfeiffer and Mike' [504])",Statements have gone out and we're working to collect the money that are owed by people.,Speaker 13
0:43:23.86,0:43:27.82,2603.86,2607.82,Michelle Pierce,"Claremont School Board member (recognized 'Michelle' [179, 292, 541, 561, 764] before this cluster speaks; 'as a board member' [591])",So what's that  amount at this point?,Speaker 2
0:43:27.90,0:43:38.34,2607.90,2618.34,Michael O'Neill,"Business Administrator, SAU 6 (uncertain - not named at his turn; answers on lunch-account balances [242-244] and 'about a dime for every lunch' [440]; subcommittee 'worked with Cory and Doctor Pfeiffer and Mike' [504])","I mean, I have positive and negative balances. So I don't know I don't know what the amount, the total amount of negative balances is at this point. I can certainly bring that next time. I don't have that report with me today.",Speaker 13
0:43:38.42,0:43:52.30,2618.42,2632.30,Michelle Pierce,"Claremont School Board member (recognized 'Michelle' [179, 292, 541, 561, 764] before this cluster speaks; 'as a board member' [591])","I, I really think that,  we should wait to see what this report says next week before we do anything with money except accept it and have it kind of be in hold.",Speaker 2
0:43:52.38,0:44:10.26,2632.38,2650.26,Frank Sprague,"Claremont School Board Chair (opens the meeting [0-3], runs agenda, recognitions and votes; names himself to the lead-safety group [788-808])","I think that the essential question is here is, do we want to have an escrow account for future delinquencies, or do we want to put the money aside for  feeding children? So that's what I'm hearing from from two different conversations.",Speaker 1
0:44:10.34,0:44:31.42,2650.34,2671.42,Jason Benware,"Claremont School Board member, budget subcommittee (chair: 'Mr.. Ben, where could I have a motion' [13]; recognized 'Jason' [231, 732, 794, 868]; 'Frank, Mike and myself' [504])","I think there's always going to be some type of a balance floating. And I think if we set that aside, all that's going to happen is, is there's always going to be this question that there will always be some people who, well, money, there's no doubt about it. We're just hoping that based upon hiring this part time person and staying on top of it, that we can minimize that and keep it relatively low.",Speaker 3
0:44:31.50,0:44:36.54,2671.50,2676.54,Jason Benware,"Claremont School Board member, budget subcommittee (chair: 'Mr.. Ben, where could I have a motion' [13]; recognized 'Jason' [231, 732, 794, 868]; 'Frank, Mike and myself' [504])",I just know that the being hungry and going home hungry thing is something that exists every day.,Speaker 3
0:44:36.58,0:44:37.02,2676.58,2677.02,Unidentified,Unidentified - cluster of short interjections from several voices,Yes.,Speaker 10
0:44:37.22,0:44:44.18,2677.22,2684.18,Jason Benware,"Claremont School Board member, budget subcommittee (chair: 'Mr.. Ben, where could I have a motion' [13]; recognized 'Jason' [231, 732, 794, 868]; 'Frank, Mike and myself' [504])","And,  now, I can't speak for anybody who sent money, but I think they'd be happy to know that it was used to feed kids.",Speaker 3
0:44:44.26,0:45:05.98,2684.26,2705.98,Frank Sprague,"Claremont School Board Chair (opens the meeting [0-3], runs agenda, recognitions and votes; names himself to the lead-safety group [788-808])","So I'm going to ask the administration an essential question in my mind. So,  we would like to accept the money as a board. I get that sense. Yes.  The motion has been made and seconded. Is it within our purview to dictate the administration how to use that money? Yeah. So that's that's so we can say we'll accept the money.",Speaker 1
0:45:06.06,0:45:13.42,2706.06,2713.42,Frank Sprague,"Claremont School Board Chair (opens the meeting [0-3], runs agenda, recognitions and votes; names himself to the lead-safety group [788-808])","There are different opinions on how it would be used on the board, but I don't know if that's relevant to the administration or can we.",Speaker 1
0:45:13.46,0:45:18.56,2713.46,2718.56,Michelle Pierce,"Claremont School Board member (recognized 'Michelle' [179, 292, 541, 561, 764] before this cluster speaks; 'as a board member' [591])",Really isn't because it's we're not really I personally feel we're not able.,Speaker 2
0:45:18.56,0:45:23.70,2718.56,2723.70,Keith Pfeifer,"Interim Superintendent, SAU 6 (delivers the superintendent's report after 'Superintendents report' [38-54]; takes questions 'for the superintendent' [55-71])","To sense of where you're going, where you'd like it, to see it go. We will certainly follow that.",Speaker 5
0:45:23.70,0:45:28.54,2723.70,2728.54,Frank Sprague,"Claremont School Board Chair (opens the meeting [0-3], runs agenda, recognitions and votes; names himself to the lead-safety group [788-808])",That's so then I would I would am looking for an amended motion. I think at this point.,Speaker 1
0:45:28.70,0:45:28.80,2728.70,2728.80,Unidentified,Unidentified - cluster of short interjections from several voices,We.,Speaker 10
0:45:28.89,0:45:34.34,2728.89,2734.34,Michelle Pierce,"Claremont School Board member (recognized 'Michelle' [179, 292, 541, 561, 764] before this cluster speaks; 'as a board member' [591])",Should like to amend.,Speaker 2
0:45:34.42,0:45:36.62,2734.42,2736.62,Michelle Pierce,"Claremont School Board member (recognized 'Michelle' [179, 292, 541, 561, 764] before this cluster speaks; 'as a board member' [591])",Later in motion.,Speaker 2
0:45:37.86,0:45:47.06,2737.86,2747.06,Michelle Pierce,"Claremont School Board member (recognized 'Michelle' [179, 292, 541, 561, 764] before this cluster speaks; 'as a board member' [591])",To allow for I.,Speaker 2
0:45:47.14,0:45:49.02,2747.14,2749.02,Frank Sprague,"Claremont School Board Chair (opens the meeting [0-3], runs agenda, recognitions and votes; names himself to the lead-safety group [788-808])",Are you thinking an escrow account?,Speaker 1
0:45:49.10,0:46:14.54,2749.10,2774.54,Michelle Pierce,"Claremont School Board member (recognized 'Michelle' [179, 292, 541, 561, 764] before this cluster speaks; 'as a board member' [591])","Well, and so I  think we should have it as grow account also. I would like to amend it to also look into the food pantry thing. We could divide. It  doesn't mean to take one here and one there. I think they're both great ideas. So can we amend it that it be  hopefully that you'll be able to split it and use it for both,  issues.",Speaker 2
0:46:14.62,0:46:27.30,2774.62,2787.30,Frank Sprague,"Claremont School Board Chair (opens the meeting [0-3], runs agenda, recognitions and votes; names himself to the lead-safety group [788-808])","So I'm going to I'm going to I'm going to reiterate what I think I just heard you say. And that's that you're like, can make a motion to, to take the money, except the money, you use half of it for food pantry and half for an escrow account.",Speaker 1
0:46:27.34,0:46:28.30,2787.34,2788.30,Michelle Pierce,"Claremont School Board member (recognized 'Michelle' [179, 292, 541, 561, 764] before this cluster speaks; 'as a board member' [591])",Yes.,Speaker 2
0:46:28.38,0:46:33.74,2788.38,2793.74,Frank Sprague,"Claremont School Board Chair (opens the meeting [0-3], runs agenda, recognitions and votes; names himself to the lead-safety group [788-808])",Okay. Is there a second to that motion?,Speaker 1
0:46:33.82,0:46:36.54,2793.82,2796.54,Frank Sprague,"Claremont School Board Chair (opens the meeting [0-3], runs agenda, recognitions and votes; names himself to the lead-safety group [788-808])",So hearing no second. Is there another motion?,Speaker 1
0:46:36.58,0:46:37.38,2796.58,2797.38,Jason Benware,"Claremont School Board member, budget subcommittee (chair: 'Mr.. Ben, where could I have a motion' [13]; recognized 'Jason' [231, 732, 794, 868]; 'Frank, Mike and myself' [504])",I'd like to amend.,Speaker 4
0:46:37.38,0:46:42.06,2797.38,2802.06,Jason Benware,"Claremont School Board member, budget subcommittee (chair: 'Mr.. Ben, where could I have a motion' [13]; recognized 'Jason' [231, 732, 794, 868]; 'Frank, Mike and myself' [504])",The motion to accept the money that  a 3000.,Speaker 3
0:46:42.14,0:46:44.14,2802.14,2804.14,Cory LeClair,"Assistant Superintendent, SAU 6 (presents donations, the federal-funding report and policies; addressed 'Corey' [92, 465, 610]; 'Josh and I' [372])","$2,311.93.",Speaker 12
0:46:44.14,0:46:44.34,2804.14,2804.34,Jason Benware,"Claremont School Board member, budget subcommittee (chair: 'Mr.. Ben, where could I have a motion' [13]; recognized 'Jason' [231, 732, 794, 868]; 'Frank, Mike and myself' [504])",Cents.,Speaker 4
0:46:44.34,0:46:52.42,2804.34,2812.42,Jason Benware,"Claremont School Board member, budget subcommittee (chair: 'Mr.. Ben, where could I have a motion' [13]; recognized 'Jason' [231, 732, 794, 868]; 'Frank, Mike and myself' [504])","$2,300, $11.93, and use that money to,  stock the food pantries in the four schools.",Speaker 3
0:46:52.50,0:46:54.29,2812.50,2814.29,Michael Petrin,"Claremont School Board member, budget subcommittee (chair: 'So might do you have anything to add as part of the group?' [538] before [540]; 'I'm very aware of that, Michael' [602]; Benware: 'exactly what Mike said' [778])",I'll second that.,Speaker 14
0:46:54.37,0:46:57.02,2814.37,2817.02,Frank Sprague,"Claremont School Board Chair (opens the meeting [0-3], runs agenda, recognitions and votes; names himself to the lead-safety group [788-808])",Further discussion.,Speaker 1
0:46:57.10,0:47:06.62,2817.10,2826.62,Keith Pfeifer,"Interim Superintendent, SAU 6 (delivers the superintendent's report after 'Superintendents report' [38-54]; takes questions 'for the superintendent' [55-71])","Do you want us to stock at or to give them a check for 2300 and say, get what you need because they're  more aware of.",Speaker 5
0:47:06.70,0:47:15.10,2826.70,2835.10,Jason Benware,"Claremont School Board member, budget subcommittee (chair: 'Mr.. Ben, where could I have a motion' [13]; recognized 'Jason' [231, 732, 794, 868]; 'Frank, Mike and myself' [504])","I would, I would I would be perfectly okay with splitting it four ways and telling them to use it to stock it until it's gone. Okay.",Speaker 3
0:47:15.18,0:47:16.46,2835.18,2836.46,Frank Sprague,"Claremont School Board Chair (opens the meeting [0-3], runs agenda, recognitions and votes; names himself to the lead-safety group [788-808])",Further discussion.,Speaker 1
0:47:16.54,0:47:19.14,2836.54,2839.14,Cory LeClair,"Assistant Superintendent, SAU 6 (presents donations, the federal-funding report and policies; addressed 'Corey' [92, 465, 610]; 'Josh and I' [372])",Can I just ask the clarifying you mentioned four ways.,Speaker 12
0:47:19.18,0:47:21.58,2839.18,2841.58,Jason Benware,"Claremont School Board member, budget subcommittee (chair: 'Mr.. Ben, where could I have a motion' [13]; recognized 'Jason' [231, 732, 794, 868]; 'Frank, Mike and myself' [504])",I think there's four of those going into four schools. Yes.,Speaker 3
0:47:22.50,0:47:27.22,2842.50,2847.22,Cory LeClair,"Assistant Superintendent, SAU 6 (presents donations, the federal-funding report and policies; addressed 'Corey' [92, 465, 610]; 'Josh and I' [372])",I believe ultimately it will be all five schools. So five commendable to all five.,Speaker 12
0:47:27.38,0:47:30.90,2847.38,2850.90,Jason Benware,"Claremont School Board member, budget subcommittee (chair: 'Mr.. Ben, where could I have a motion' [13]; recognized 'Jason' [231, 732, 794, 868]; 'Frank, Mike and myself' [504])",Equally with as many shelves as the district. Okay. How's that?,Speaker 3
0:47:31.02,0:47:32.42,2851.02,2852.42,Unidentified,Unidentified - cluster of short interjections from several voices,Thank you. Okay.,Speaker 10
0:47:32.66,0:47:35.58,2852.66,2855.58,Frank Sprague,"Claremont School Board Chair (opens the meeting [0-3], runs agenda, recognitions and votes; names himself to the lead-safety group [788-808])",Further discussion. All those in favor?,Speaker 1
0:47:35.66,0:47:36.22,2855.66,2856.22,Jason Benware,"Claremont School Board member, budget subcommittee (chair: 'Mr.. Ben, where could I have a motion' [13]; recognized 'Jason' [231, 732, 794, 868]; 'Frank, Mike and myself' [504])",Aye.,Speaker 3
0:47:36.30,0:47:44.40,2856.30,2864.40,Frank Sprague,"Claremont School Board Chair (opens the meeting [0-3], runs agenda, recognitions and votes; names himself to the lead-safety group [788-808])","Opposed? Okay, great. Thank you.",Speaker 1
0:47:44.48,0:47:45.24,2864.48,2865.24,Frank Sprague,"Claremont School Board Chair (opens the meeting [0-3], runs agenda, recognitions and votes; names himself to the lead-safety group [788-808])",Update on the super.,Speaker 1
0:47:45.48,0:47:53.40,2865.48,2873.40,Cory LeClair,"Assistant Superintendent, SAU 6 (presents donations, the federal-funding report and policies; addressed 'Corey' [92, 465, 610]; 'Josh and I' [372])","Sorry, I have two more. I just was making a note on that one. My apologies. The next one is.",Speaker 12
0:47:53.48,0:48:12.96,2873.48,2892.96,Cory LeClair,"Assistant Superintendent, SAU 6 (presents donations, the federal-funding report and policies; addressed 'Corey' [92, 465, 610]; 'Josh and I' [372])","The next one is from the Jack and Dorothy Byrne Foundation. They are large supporters of the Claremont School District. You hear their name often, and this is yet another opportunity where they're supporting our staff.  And it's for.",Speaker 12
0:48:13.04,0:48:38.92,2893.04,2918.92,Cory LeClair,"Assistant Superintendent, SAU 6 (presents donations, the federal-funding report and policies; addressed 'Corey' [92, 465, 610]; 'Josh and I' [372])","Kristen Leonard at the middle school.  She was a long time PE teacher in the middle school. She has switched to be a health teacher this year, and this is funding for her to attend a conference  to help further her learning and understanding of health  instruction, practices, curriculum and content. And it's in the value of $1,000.",Speaker 12
0:48:39.00,0:48:40.56,2919.00,2920.56,Unidentified,Unidentified - cluster of short interjections from several voices,Well.,Speaker 10
0:48:40.64,0:48:51.84,2920.64,2931.84,Jason Benware,"Claremont School Board member, budget subcommittee (chair: 'Mr.. Ben, where could I have a motion' [13]; recognized 'Jason' [231, 732, 794, 868]; 'Frank, Mike and myself' [504])","I move that we accept the donation of $1,000 for,  Mrs. Leonard, is it Mr. Leonard? Yes. To go to the. Letter to go to the training. Second.",Speaker 3
0:48:51.92,0:48:57.76,2931.92,2937.76,Frank Sprague,"Claremont School Board Chair (opens the meeting [0-3], runs agenda, recognitions and votes; names himself to the lead-safety group [788-808])",Second from Carolyn. Further discussion. Michelle.,Speaker 1
0:48:57.84,0:49:14.32,2937.84,2954.32,Michelle Pierce,"Claremont School Board member (recognized 'Michelle' [179, 292, 541, 561, 764] before this cluster speaks; 'as a board member' [591])","Do we have not. Just just just thinking ahead that if she wasn't able to attend this, we  all use for that? Or will it be  always just for her to attend something? I just.",Speaker 2
0:49:14.40,0:49:39.07,2954.40,2979.07,Cory LeClair,"Assistant Superintendent, SAU 6 (presents donations, the federal-funding report and policies; addressed 'Corey' [92, 465, 610]; 'Josh and I' [372])","I think historically in these scenarios,  the funding goes to the specific individual. If a specific individual is named, if she's not able to attend.  I can't  recall off the top of my head what the conference was, or, but sometimes there's an opportunity, maybe later on to go to a similar or same conference,  perhaps even just in another city or something of that nature.",Speaker 12
0:49:39.08,0:49:45.12,2979.08,2985.12,Cory LeClair,"Assistant Superintendent, SAU 6 (presents donations, the federal-funding report and policies; addressed 'Corey' [92, 465, 610]; 'Josh and I' [372])","So,  I'm optimistic that she'll be able to utilize the funds.",Speaker 12
0:49:45.20,0:49:48.16,2985.20,2988.16,Frank Sprague,"Claremont School Board Chair (opens the meeting [0-3], runs agenda, recognitions and votes; names himself to the lead-safety group [788-808])",All those in favor? Opposed?,Speaker 1
0:49:48.24,0:50:28.96,2988.24,3028.96,Cory LeClair,"Assistant Superintendent, SAU 6 (presents donations, the federal-funding report and policies; addressed 'Corey' [92, 465, 610]; 'Josh and I' [372])","And the third one is for  from the Shelburne Farms resources. It's for the Claremont School District, $1,000. And this one is for Heather Lynn Bruno, an art teacher at Disney Art Elementary School. She was chosen to participate in the Wellborn Institute's 20182019PBEE cohort.  She attended a four day intensive retreat in June where she developed an action plan to incorporate plot, project based education into her visual arts curriculum, and  Wellborn provides each cohort participant  access to $1,000.",Speaker 12
0:50:29.00,0:50:45.80,3029.00,3045.80,Cory LeClair,"Assistant Superintendent, SAU 6 (presents donations, the federal-funding report and policies; addressed 'Corey' [92, 465, 610]; 'Josh and I' [372])","These funds can be used to purchase supplies needed based on her action planning, as well as cover the cost of substitute teacher to cover the day she needs to attend workshops for the programs over the 2018 2019 school year. So we'd like to accept that donation as well for $1,000.",Speaker 12
0:50:45.88,0:50:50.72,3045.88,3050.72,Jason Benware,"Claremont School Board member, budget subcommittee (chair: 'Mr.. Ben, where could I have a motion' [13]; recognized 'Jason' [231, 732, 794, 868]; 'Frank, Mike and myself' [504])","I moved up to $1,000 for the art teacher at Disney Art and said, thank you.",Speaker 3
0:50:50.80,0:50:52.80,3050.80,3052.80,Unidentified,Unidentified - cluster of short interjections from several voices,Second.,Speaker 10
0:50:52.88,0:51:02.52,3052.88,3062.52,Frank Sprague,"Claremont School Board Chair (opens the meeting [0-3], runs agenda, recognitions and votes; names himself to the lead-safety group [788-808])",Further discussion. Just a quick thing about the Wellborn. That's the organization that Erica Ferland worked with for  well-known Mercury Project.,Speaker 1
0:51:02.56,0:51:15.00,3062.56,3075.00,Cory LeClair,"Assistant Superintendent, SAU 6 (presents donations, the federal-funding report and policies; addressed 'Corey' [92, 465, 610]; 'Josh and I' [372])","And Robin, Tamela is still actively involved with Wellborn at Wellborn at the high school,  and we've had some elementary teachers involved with them as well. So it's a great resource for us.",Speaker 12
0:51:15.04,0:51:15.64,3075.04,3075.64,Unidentified,Unidentified - cluster of short interjections from several voices,Good stuff.,Speaker 10
0:51:15.72,0:51:17.40,3075.72,3077.40,Carolyn Towle,Claremont School Board member (recognized 'Go ahead. Carolyn?' [310] before [312] and 'Jason. And then Carolyn.' [732] before [736]; capital improvement plan advocacy [845-863]),Do you have any more?,Speaker 7
0:51:17.48,0:51:19.32,3077.48,3079.32,Cory LeClair,"Assistant Superintendent, SAU 6 (presents donations, the federal-funding report and policies; addressed 'Corey' [92, 465, 610]; 'Josh and I' [372])",That was the last one.,Speaker 12
0:51:19.40,0:51:21.04,3079.40,3081.04,Carolyn Towle,Claremont School Board member (recognized 'Go ahead. Carolyn?' [310] before [312] and 'Jason. And then Carolyn.' [732] before [736]; capital improvement plan advocacy [845-863]),Are we sending thank you notes?,Speaker 7
0:51:21.08,0:51:22.94,3081.08,3082.94,Frank Sprague,"Claremont School Board Chair (opens the meeting [0-3], runs agenda, recognitions and votes; names himself to the lead-safety group [788-808])",Let's just do a quick vote on this first.,Speaker 1
0:51:23.02,0:51:24.20,3083.02,3084.20,Cory LeClair,"Assistant Superintendent, SAU 6 (presents donations, the federal-funding report and policies; addressed 'Corey' [92, 465, 610]; 'Josh and I' [372])","Oh, sorry. I thought.",Speaker 12
0:51:24.20,0:51:24.80,3084.20,3084.80,Unidentified,Unidentified - cluster of short interjections from several voices,We already did.,Speaker 10
0:51:24.84,0:51:29.24,3084.84,3089.24,Frank Sprague,"Claremont School Board Chair (opens the meeting [0-3], runs agenda, recognitions and votes; names himself to the lead-safety group [788-808])",Nope. All those in favor opposed? Okay. Go ahead. Carolyn?,Speaker 1
0:51:29.28,0:51:30.08,3089.28,3090.08,Unidentified,Unidentified - cluster of short interjections from several voices,Yes.,Speaker 10
0:51:30.16,0:51:33.40,3090.16,3093.40,Carolyn Towle,Claremont School Board member (recognized 'Go ahead. Carolyn?' [310] before [312] and 'Jason. And then Carolyn.' [732] before [736]; capital improvement plan advocacy [845-863]),Do we send out thank you notes every time?,Speaker 7
0:51:33.48,0:51:43.84,3093.48,3103.84,Cory LeClair,"Assistant Superintendent, SAU 6 (presents donations, the federal-funding report and policies; addressed 'Corey' [92, 465, 610]; 'Josh and I' [372])","Yes, I, I say cautiously, because, I don't personally write them, but direct others to send thank you notes every time.",Speaker 12
0:51:43.92,0:51:44.28,3103.92,3104.28,Unidentified,Unidentified - cluster of short interjections from several voices,I just.,Speaker 10
0:51:44.28,0:51:45.80,3104.28,3105.80,Carolyn Towle,Claremont School Board member (recognized 'Go ahead. Carolyn?' [310] before [312] and 'Jason. And then Carolyn.' [732] before [736]; capital improvement plan advocacy [845-863]),Want to make sure that that was.,Speaker 7
0:51:46.04,0:51:47.00,3106.04,3107.00,Unidentified,Unidentified - cluster of short interjections from several voices,Yes. Okay.,Speaker 10
0:51:47.13,0:51:51.60,3107.13,3111.60,Jason Benware,"Claremont School Board member, budget subcommittee (chair: 'Mr.. Ben, where could I have a motion' [13]; recognized 'Jason' [231, 732, 794, 868]; 'Frank, Mike and myself' [504])",I'd like to say thank you to everybody who donated. Absolutely helps our district.,Speaker 3
0:51:51.68,0:51:53.60,3111.68,3113.60,Unidentified,Unidentified - cluster of short interjections from several voices,Okay. Thank you.,Speaker 10
0:51:53.68,0:51:59.60,3113.68,3119.60,Frank Sprague,"Claremont School Board Chair (opens the meeting [0-3], runs agenda, recognitions and votes; names himself to the lead-safety group [788-808])",Okay. Update on the superintendent search process.,Speaker 1
0:51:59.68,0:52:06.28,3119.68,3126.28,Unidentified,Unidentified - cluster of short interjections from several voices,You want me to do this for you? Yes. I'd love for you to do.  I was drafted a two day conference at our last. At our last meeting.,Speaker 10
0:52:06.28,0:52:21.00,3126.28,3141.00,Carolyn Towle,Claremont School Board member (recognized 'Go ahead. Carolyn?' [310] before [312] and 'Jason. And then Carolyn.' [732] before [736]; capital improvement plan advocacy [845-863]),So this is a quick update. The job was posted on November 27th.  We've had seven applicants come in. And.,Speaker 7
0:52:21.08,0:52:21.92,3141.08,3141.92,Michelle Pierce,"Claremont School Board member (recognized 'Michelle' [179, 292, 541, 561, 764] before this cluster speaks; 'as a board member' [591])",That's about.,Speaker 2
0:52:21.96,0:52:27.92,3141.96,3147.92,Carolyn Towle,Claremont School Board member (recognized 'Go ahead. Carolyn?' [310] before [312] and 'Jason. And then Carolyn.' [732] before [736]; capital improvement plan advocacy [845-863]),"We've got some work to do on,",Speaker 7
0:52:28.00,0:52:34.20,3148.00,3154.20,Carolyn Towle,Claremont School Board member (recognized 'Go ahead. Carolyn?' [310] before [312] and 'Jason. And then Carolyn.' [732] before [736]; capital improvement plan advocacy [845-863]),Some previous things that we were working on. And in order to learn how to evaluate.,Speaker 7
0:52:34.40,0:52:34.68,3154.40,3154.68,Unidentified,Unidentified - cluster of short interjections from several voices,Our.,Speaker 10
0:52:34.68,0:52:46.60,3154.68,3166.60,Carolyn Towle,Claremont School Board member (recognized 'Go ahead. Carolyn?' [310] before [312] and 'Jason. And then Carolyn.' [732] before [736]; capital improvement plan advocacy [845-863]),"Applicants  after we all get together as a group,  to review the applicants, we have an actual evaluation marking system that we're learning. So that's a quick update.",Speaker 7
0:52:46.64,0:52:47.68,3166.64,3167.68,Unidentified,Unidentified - cluster of short interjections from several voices,Pretty awesome.,Speaker 10
0:52:47.76,0:52:51.32,3167.76,3171.32,Frank Sprague,"Claremont School Board Chair (opens the meeting [0-3], runs agenda, recognitions and votes; names himself to the lead-safety group [788-808])",When are the forums. Pardon me? The forums.,Speaker 1
0:52:51.36,0:52:52.00,3171.36,3172.00,Jason Benware,"Claremont School Board member, budget subcommittee (chair: 'Mr.. Ben, where could I have a motion' [13]; recognized 'Jason' [231, 732, 794, 868]; 'Frank, Mike and myself' [504])",Three forums.,Speaker 3
0:52:52.04,0:52:53.04,3172.04,3173.04,Unidentified,Unidentified - cluster of short interjections from several voices,To forums have.,Speaker 10
0:52:53.04,0:52:54.76,3173.04,3174.76,Carolyn Towle,Claremont School Board member (recognized 'Go ahead. Carolyn?' [310] before [312] and 'Jason. And then Carolyn.' [732] before [736]; capital improvement plan advocacy [845-863]),Been postponed to January.,Speaker 7
0:52:54.80,0:52:56.44,3174.80,3176.44,Frank Sprague,"Claremont School Board Chair (opens the meeting [0-3], runs agenda, recognitions and votes; names himself to the lead-safety group [788-808])","Oh, okay. I'm thinking of missing.",Speaker 1
0:52:56.48,0:52:57.28,3176.48,3177.28,Jason Benware,"Claremont School Board member, budget subcommittee (chair: 'Mr.. Ben, where could I have a motion' [13]; recognized 'Jason' [231, 732, 794, 868]; 'Frank, Mike and myself' [504])",We were kind of curious.,Speaker 3
0:52:57.29,0:52:57.88,3177.29,3177.88,Frank Sprague,"Claremont School Board Chair (opens the meeting [0-3], runs agenda, recognitions and votes; names himself to the lead-safety group [788-808])",You were stressing.,Speaker 1
0:52:57.88,0:52:58.12,3177.88,3178.12,Unidentified,Unidentified - cluster of short interjections from several voices,Out on.,Speaker 10
0:52:58.32,0:53:02.32,3178.32,3182.32,Carolyn Towle,Claremont School Board member (recognized 'Go ahead. Carolyn?' [310] before [312] and 'Jason. And then Carolyn.' [732] before [736]; capital improvement plan advocacy [845-863]),Absolutely understand? You carry our city. All right. They've been postponed.,Speaker 7
0:53:02.36,0:53:05.08,3182.36,3185.08,Frank Sprague,"Claremont School Board Chair (opens the meeting [0-3], runs agenda, recognitions and votes; names himself to the lead-safety group [788-808])",Okay. I thought I was afraid of that one.,Speaker 1
0:53:05.12,0:53:08.52,3185.12,3188.52,Unidentified,Unidentified - cluster of short interjections from several voices,"No, not at all.",Speaker 10
0:53:08.60,0:53:09.96,3188.60,3189.96,Keith Pfeifer,"Interim Superintendent, SAU 6 (delivers the superintendent's report after 'Superintendents report' [38-54]; takes questions 'for the superintendent' [55-71])",All right.,Speaker 5
0:53:10.04,0:53:11.36,3190.04,3191.36,Michelle Pierce,"Claremont School Board member (recognized 'Michelle' [179, 292, 541, 561, 764] before this cluster speaks; 'as a board member' [591])",We realized that we needed.,Speaker 2
0:53:11.36,0:53:14.28,3191.36,3194.28,Unidentified,Unidentified - cluster of short interjections from several voices,A little bit more time to be more thorough and get organized.,Speaker 10
0:53:14.32,0:53:21.32,3194.32,3201.32,Frank Sprague,"Claremont School Board Chair (opens the meeting [0-3], runs agenda, recognitions and votes; names himself to the lead-safety group [788-808])",I'm glad to hear that. So. All right. Eliminating federal funding. Discussion.,Speaker 1
0:53:21.40,0:53:25.08,3201.40,3205.08,Unidentified,Unidentified - cluster of short interjections from several voices,That's for Frank PowerPoint. Yes.,Speaker 10
0:53:25.08,0:53:25.52,3205.08,3205.52,Cory LeClair,"Assistant Superintendent, SAU 6 (presents donations, the federal-funding report and policies; addressed 'Corey' [92, 465, 610]; 'Josh and I' [372])",I did.,Speaker 12
0:53:25.56,0:53:26.04,3205.56,3206.04,Unidentified,Unidentified - cluster of short interjections from several voices,Do an.,Speaker 10
0:53:26.04,0:53:32.21,3206.04,3212.21,Carolyn Towle,Claremont School Board member (recognized 'Go ahead. Carolyn?' [310] before [312] and 'Jason. And then Carolyn.' [732] before [736]; capital improvement plan advocacy [845-863]),Actual PowerPoint.,Speaker 7
0:53:32.29,0:53:32.70,3212.29,3212.70,Cory LeClair,"Assistant Superintendent, SAU 6 (presents donations, the federal-funding report and policies; addressed 'Corey' [92, 465, 610]; 'Josh and I' [372])",Do you have.,Speaker 6
0:53:32.70,0:53:33.26,3212.70,3213.26,Cory LeClair,"Assistant Superintendent, SAU 6 (presents donations, the federal-funding report and policies; addressed 'Corey' [92, 465, 610]; 'Josh and I' [372])",A packet.,Speaker 12
0:53:33.26,0:53:33.82,3213.26,3213.82,Cory LeClair,"Assistant Superintendent, SAU 6 (presents donations, the federal-funding report and policies; addressed 'Corey' [92, 465, 610]; 'Josh and I' [372])",In front of.,Speaker 6
0:53:33.82,0:53:36.26,3213.82,3216.26,Cory LeClair,"Assistant Superintendent, SAU 6 (presents donations, the federal-funding report and policies; addressed 'Corey' [92, 465, 610]; 'Josh and I' [372])","You which are the PowerPoint slides, in.",Speaker 12
0:53:36.26,0:54:25.88,3216.26,3265.88,Unidentified,Unidentified - cluster of short interjections from several voices,Case you choose to follow along and notes?,Speaker 10
0:54:25.96,0:54:29.72,3265.96,3269.72,Cory LeClair,"Assistant Superintendent, SAU 6 (presents donations, the federal-funding report and policies; addressed 'Corey' [92, 465, 610]; 'Josh and I' [372])",Federal funding does pay for some technology.,Speaker 12
0:54:29.80,0:54:32.92,3269.80,3272.92,Michelle Pierce,"Claremont School Board member (recognized 'Michelle' [179, 292, 541, 561, 764] before this cluster speaks; 'as a board member' [591])",Very nice.,Speaker 2
0:54:33.00,0:54:34.12,3273.00,3274.12,Michelle Pierce,"Claremont School Board member (recognized 'Michelle' [179, 292, 541, 561, 764] before this cluster speaks; 'as a board member' [591])",It's gonna mention.,Speaker 2
0:54:34.12,0:54:37.08,3274.12,3277.08,Cory LeClair,"Assistant Superintendent, SAU 6 (presents donations, the federal-funding report and policies; addressed 'Corey' [92, 465, 610]; 'Josh and I' [372])",That that was free.,Speaker 12
0:54:37.16,0:54:38.28,3277.16,3278.28,Frank Sprague,"Claremont School Board Chair (opens the meeting [0-3], runs agenda, recognitions and votes; names himself to the lead-safety group [788-808])",Thanks.,Speaker 1
0:54:38.36,0:54:38.80,3278.36,3278.80,Michelle Pierce,"Claremont School Board member (recognized 'Michelle' [179, 292, 541, 561, 764] before this cluster speaks; 'as a board member' [591])",Thank you.,Speaker 2
0:54:38.80,0:54:42.56,3278.80,3282.56,Cory LeClair,"Assistant Superintendent, SAU 6 (presents donations, the federal-funding report and policies; addressed 'Corey' [92, 465, 610]; 'Josh and I' [372])",For having me.,Speaker 12
0:54:42.64,0:54:48.16,3282.64,3288.16,Michelle Pierce,"Claremont School Board member (recognized 'Michelle' [179, 292, 541, 561, 764] before this cluster speaks; 'as a board member' [591])",Thank you very much. Mazing job. Can you tell us  how that occurred.,Speaker 2
0:54:48.16,0:54:52.84,3288.16,3292.84,Cory LeClair,"Assistant Superintendent, SAU 6 (presents donations, the federal-funding report and policies; addressed 'Corey' [92, 465, 610]; 'Josh and I' [372])",To so we can.,Speaker 12
0:54:52.92,0:55:02.54,3292.92,3302.54,Michelle Pierce,"Claremont School Board member (recognized 'Michelle' [179, 292, 541, 561, 764] before this cluster speaks; 'as a board member' [591])",So our audience can hear two?,Speaker 2
0:55:02.62,0:55:20.94,3302.62,3320.94,Cory LeClair,"Assistant Superintendent, SAU 6 (presents donations, the federal-funding report and policies; addressed 'Corey' [92, 465, 610]; 'Josh and I' [372])","So the prior board meeting, I was asked to  follow up on the question. What if we stopped accepting federal funding?  And it was not an easy question to answer. There's not a clear answer if that's helpful for you.",Speaker 12
0:55:21.02,0:55:21.34,3321.02,3321.34,Cory LeClair,"Assistant Superintendent, SAU 6 (presents donations, the federal-funding report and policies; addressed 'Corey' [92, 465, 610]; 'Josh and I' [372])",And we're.,Speaker 6
0:55:21.34,0:55:50.26,3321.34,3350.26,Cory LeClair,"Assistant Superintendent, SAU 6 (presents donations, the federal-funding report and policies; addressed 'Corey' [92, 465, 610]; 'Josh and I' [372])","Going to start with, as Josh is working on this, the history of US public education. So schools were formed in the United States in the early 1640s, originally for, to teach children, white boys, specifically basic reading, writing, arithmetic skills and cultivating values of the country. I have a handout, and this is going to be the same content that you see in your.",Speaker 12
0:55:50.34,0:55:51.66,3350.34,3351.66,Cory LeClair,"Assistant Superintendent, SAU 6 (uncertain - short fragments inside her federal-funding presentation [365-434])",Thank you.,Speaker 15
0:55:51.74,0:56:29.66,3351.74,3389.66,Cory LeClair,"Assistant Superintendent, SAU 6 (presents donations, the federal-funding report and policies; addressed 'Corey' [92, 465, 610]; 'Josh and I' [372])","Your your PowerPoint. But  this is essentially the the title, the ever increasing Burden on America's public schools from 1900 to 1910. The new responsibilities from the original creation or inception of public schools. We now added lessons in basic hygiene courses on nutrition, immunizations, and screening for vision, hearing, and dental  problems. And you can see as it goes throughout the years, what has been added to the curriculum and expectations for public schools has continued to increase.",Speaker 12
0:56:29.74,0:57:07.34,3389.74,3427.34,Cory LeClair,"Assistant Superintendent, SAU 6 (presents donations, the federal-funding report and policies; addressed 'Corey' [92, 465, 610]; 'Josh and I' [372])","And I like this one just because it's visual. You can see the 2000 down here on the bottom. The most has been added in that decade.  Over the course of time and somewhere around,  I'd say maybe the 1960s is where we really started to see  an onslaught of more social service functions within school districts than we had seen prior to prior to then, and sort of the change of the nature of what schools provided to families.",Speaker 12
0:57:07.42,0:57:18.14,3427.42,3438.14,Cory LeClair,"Assistant Superintendent, SAU 6 (presents donations, the federal-funding report and policies; addressed 'Corey' [92, 465, 610]; 'Josh and I' [372])","I'm not reading every slide and going over every slide. I there's, I think 47 of them or something. So you have plenty of reading to do later.  I'm hitting the highlights. Just so you know.",Speaker 12
0:57:18.22,0:57:22.06,3438.22,3442.06,Unidentified,Unidentified - short response,We appreciate that.,Speaker 6
0:57:22.14,0:57:42.16,3442.14,3462.16,Cory LeClair,"Assistant Superintendent, SAU 6 (presents donations, the federal-funding report and policies; addressed 'Corey' [92, 465, 610]; 'Josh and I' [372])",So we talked about these. So we've added this entire sheet of content to public schools. Yet we've not added a single minute to the traditional public school day. Just think about that for a second.,Speaker 12
0:57:42.24,0:58:01.08,3462.24,3481.08,Cory LeClair,"Assistant Superintendent, SAU 6 (presents donations, the federal-funding report and policies; addressed 'Corey' [92, 465, 610]; 'Josh and I' [372])","So, when starting to try to figure out the answer to the question, what happens if we get rid of federal funding? It sort of was I can't think of the right analogy. You get through one door and now there's three more doors to try to figure out, and you get through those three doors, another 17 more doors to try to figure out because you get one answer.",Speaker 12
0:58:01.08,0:58:23.35,3481.08,3503.35,Cory LeClair,"Assistant Superintendent, SAU 6 (presents donations, the federal-funding report and policies; addressed 'Corey' [92, 465, 610]; 'Josh and I' [372])","But that's not really the full answer. It's a partial answer that gets you to the next step to find the next answer, to get you to the next step. It was it was quite challenging. It took Josh and I both a significant amount of time to track down some of this information. I called everybody from local government to state government to the United States Department of Education.",Speaker 12
0:58:23.36,0:58:42.28,3503.36,3522.28,Cory LeClair,"Assistant Superintendent, SAU 6 (presents donations, the federal-funding report and policies; addressed 'Corey' [92, 465, 610]; 'Josh and I' [372])","They didn't call me back, but I did try to get Ahold of them. So I think the first thing to understand is the difference between school approval and accreditation, which is timely because I think this conversation is going to  come up in our budget conversations later on down the road.  But there is, a very clear and distinct difference between the two.",Speaker 12
0:58:42.36,0:59:12.20,3522.36,3552.20,Cory LeClair,"Assistant Superintendent, SAU 6 (presents donations, the federal-funding report and policies; addressed 'Corey' [92, 465, 610]; 'Josh and I' [372])","School approval is a mandatory process required by a state law. RSA 21-9N. And it says that all children residing in the state of New Hampshire between the ages of six and 18 are required by RSA 1931 to attend an approved public school. This is important and approved public school and approved private school, or an approved home school program.",Speaker 12
0:59:12.28,0:59:39.76,3552.28,3579.76,Cory LeClair,"Assistant Superintendent, SAU 6 (presents donations, the federal-funding report and policies; addressed 'Corey' [92, 465, 610]; 'Josh and I' [372])","Accreditation, however, is a voluntary process. Districts can choose to follow an accreditation process in which they are compared to a set of standards determined by a accrediting body, and whether or not they stack up against those standards, or how well they stack up against those standards. Many public and public high schools in New Hampshire, some middle schools, some K-8 schools, for instance unity,  are credited through any ask the ask.",Speaker 12
0:59:39.80,1:00:15.56,3579.80,3615.56,Cory LeClair,"Assistant Superintendent, SAU 6 (presents donations, the federal-funding report and policies; addressed 'Corey' [92, 465, 610]; 'Josh and I' [372])","That's what we've done here in this district. But there are districts moving away from that too. So accreditation is not required. School approval is required. And to be an approved school in the state of New Hampshire, you either have to be in compliance as a public school with Ed 306. So those are the state statutes related to public school approval standards, public education, state law dictating what has to be in place for a school to be considered approved status.",Speaker 12
1:00:15.64,1:00:46.44,3615.64,3646.44,Cory LeClair,"Assistant Superintendent, SAU 6 (presents donations, the federal-funding report and policies; addressed 'Corey' [92, 465, 610]; 'Josh and I' [372])","Charter schools. They have a different section there. 8318 private schools or chapter 8400 in home education programs, or chapter 8315.  You can follow the link on your PowerPoint if you'd like to go explore that further. But it's all listed on the Department of Education website. Those those standards are listed there under school approval standards. But many of those standards, at least for public schools, talk about the number.",Speaker 12
1:00:46.48,1:01:05.20,3646.48,3665.20,Cory LeClair,"Assistant Superintendent, SAU 6 (presents donations, the federal-funding report and policies; addressed 'Corey' [92, 465, 610]; 'Josh and I' [372])","You know, having a school board and showing that there's the services of a superintendent, ensuring that buildings have the services of a of a principal if they're of a certain size, how schools must be configured, how many guidance counselors must be in each school, what the curriculum must include, whether or not you know it has to include health.",Speaker 12
1:01:05.28,1:01:23.12,3665.28,3683.12,Cory LeClair,"Assistant Superintendent, SAU 6 (presents donations, the federal-funding report and policies; addressed 'Corey' [92, 465, 610]; 'Josh and I' [372])","This is where in the 8306, that's where you see the requirements for competency based education and some notations about those date changes. So this is all state law that dictates what is considered an approved public school.",Speaker 12
1:01:23.20,1:01:36.16,3683.20,3696.16,Cory LeClair,"Assistant Superintendent, SAU 6 (presents donations, the federal-funding report and policies; addressed 'Corey' [92, 465, 610]; 'Josh and I' [372])",So we have a state law so far that says we have to have an  all children in the state must attend an approved school. And now we have state law saying what an approved school actually is.,Speaker 12
1:01:36.24,1:02:05.80,3696.24,3725.80,Cory LeClair,"Assistant Superintendent, SAU 6 (presents donations, the federal-funding report and policies; addressed 'Corey' [92, 465, 610]; 'Josh and I' [372])","Schools go through an approval process in public schools every five years, private schools every five years, and private schools that are approved for attendance only  every three years. So there are some private schools approved for program. Their program is approved. And there are tendencies approved similar to a public school. So the program means that  the content of what they're teaching and what courses are offering and the services are offering is approved.",Speaker 12
1:02:05.80,1:02:11.36,3725.80,3731.36,Cory LeClair,"Assistant Superintendent, SAU 6 (presents donations, the federal-funding report and policies; addressed 'Corey' [92, 465, 610]; 'Josh and I' [372])",Attendance means that they're legally open for business and students can attend.,Speaker 12
1:02:11.44,1:02:18.24,3731.44,3738.24,Jason Benware,"Claremont School Board member, budget subcommittee (chair: 'Mr.. Ben, where could I have a motion' [13]; recognized 'Jason' [231, 732, 794, 868]; 'Frank, Mike and myself' [504])","What good is that  to have a school that's got approved for attendance, but not for.",Speaker 3
1:02:18.32,1:02:26.20,3738.32,3746.20,Cory LeClair,"Assistant Superintendent, SAU 6 (presents donations, the federal-funding report and policies; addressed 'Corey' [92, 465, 610]; 'Josh and I' [372])","Schools often are approved for our attendance, but not necessarily  having to follow the same content.",Speaker 12
1:02:26.32,1:02:28.08,3746.32,3748.08,Keith Pfeifer,"Interim Superintendent, SAU 6 (delivers the superintendent's report after 'Superintendents report' [38-54]; takes questions 'for the superintendent' [55-71])",Separation of church and state?,Speaker 5
1:02:28.12,1:02:28.94,3748.12,3748.94,Michelle Pierce,"Claremont School Board member (recognized 'Michelle' [179, 292, 541, 561, 764] before this cluster speaks; 'as a board member' [591])",Yes.,Speaker 2
1:02:29.02,1:02:29.76,3749.02,3749.76,Carolyn Towle,Claremont School Board member (recognized 'Go ahead. Carolyn?' [310] before [312] and 'Jason. And then Carolyn.' [732] before [736]; capital improvement plan advocacy [845-863]),Yes.,Speaker 7
1:02:29.84,1:02:35.12,3749.84,3755.12,Frank Sprague,"Claremont School Board Chair (opens the meeting [0-3], runs agenda, recognitions and votes; names himself to the lead-safety group [788-808])",You may have a very different curriculum based on the religion. Yeah. Sorry.,Speaker 1
1:02:35.20,1:02:36.64,3755.20,3756.64,Michelle Pierce,"Claremont School Board member (recognized 'Michelle' [179, 292, 541, 561, 764] before this cluster speaks; 'as a board member' [591])",Yeah.,Speaker 2
1:02:36.72,1:02:37.72,3756.72,3757.72,Klein,"Music director, Stevens High School; public commenter, Ward 3 (does not state her name at the mic [73]; LeClair later: 'Miss Klein mentioned earlier, she's doubled the size of the high school band' [529]; spelling unverified)",Could you.,Speaker 6
1:02:37.80,1:02:53.04,3757.80,3773.04,Michelle Pierce,"Claremont School Board member (recognized 'Michelle' [179, 292, 541, 561, 764] before this cluster speaks; 'as a board member' [591])",Explain when you said  how important it was and in the school and you really pointed out about and I didn't quite understand that  that to set.,Speaker 2
1:02:53.12,1:02:57.88,3773.12,3777.88,Michelle Pierce,"Claremont School Board member (recognized 'Michelle' [179, 292, 541, 561, 764] before this cluster speaks; 'as a board member' [591])","Here, here.",Speaker 2
1:02:57.96,1:02:58.80,3777.96,3778.80,Cory LeClair,"Assistant Superintendent, SAU 6 (uncertain - short fragments inside her federal-funding presentation [365-434])",Here.,Speaker 15
1:02:58.88,1:03:07.36,3778.88,3787.36,Michelle Pierce,"Claremont School Board member (recognized 'Michelle' [179, 292, 541, 561, 764] before this cluster speaks; 'as a board member' [591])","So when you were reading that you, you highlighted an approved public school and I just.",Speaker 2
1:03:07.44,1:03:10.36,3787.44,3790.36,Michelle Pierce,"Claremont School Board member (recognized 'Michelle' [179, 292, 541, 561, 764] before this cluster speaks; 'as a board member' [591])",Put a lot of emphasis on it so I didn't understand it.,Speaker 2
1:03:10.44,1:03:11.80,3790.44,3791.80,Cory LeClair,"Assistant Superintendent, SAU 6 (presents donations, the federal-funding report and policies; addressed 'Corey' [92, 465, 610]; 'Josh and I' [372])",I'm going to get back to that.,Speaker 12
1:03:11.96,1:03:13.44,3791.96,3793.44,Michelle Pierce,"Claremont School Board member (recognized 'Michelle' [179, 292, 541, 561, 764] before this cluster speaks; 'as a board member' [591])",Oh okay okay okay.,Speaker 2
1:03:13.48,1:03:26.64,3793.48,3806.64,Cory LeClair,"Assistant Superintendent, SAU 6 (presents donations, the federal-funding report and policies; addressed 'Corey' [92, 465, 610]; 'Josh and I' [372])","So yes, I did put emphasis on the fact that the state law says we have to have our students at all. Students must attend an approved public  school and approved private school, or an approved home school program.",Speaker 12
1:03:26.72,1:03:29.12,3806.72,3809.12,Frank Sprague,"Claremont School Board Chair (opens the meeting [0-3], runs agenda, recognitions and votes; names himself to the lead-safety group [788-808])",As opposed to accredited.,Speaker 1
1:03:29.20,1:03:34.16,3809.20,3814.16,Cory LeClair,"Assistant Superintendent, SAU 6 (presents donations, the federal-funding report and policies; addressed 'Corey' [92, 465, 610]; 'Josh and I' [372])",As opposed to accredited and as opposed to not approved. Correct.,Speaker 12
1:03:34.24,1:03:36.21,3814.24,3816.21,Michelle Pierce,"Claremont School Board member (recognized 'Michelle' [179, 292, 541, 561, 764] before this cluster speaks; 'as a board member' [591])",So so I'll wait for the bill.,Speaker 2
1:03:36.28,1:04:18.96,3816.28,3858.96,Cory LeClair,"Assistant Superintendent, SAU 6 (presents donations, the federal-funding report and policies; addressed 'Corey' [92, 465, 610]; 'Josh and I' [372])","Come full circle,  I hope. Well, that's my plan anyway. So are we required to have public schools? The City of Claremont charter does not actually state that we are required to have public schools. The charter, which is essentially the constitution of the city of Claremont, states that we,  the school district of the town of Claremont is presently constituted, shall be a body, corporate and political, and shall have all the powers and shall be subject to the same obligations and duties as are conferred or imposed upon  town school districts by the statues of the State of New Hampshire, in such case made and provided.",Speaker 12
1:04:19.04,1:04:45.64,3859.04,3885.64,Cory LeClair,"Assistant Superintendent, SAU 6 (presents donations, the federal-funding report and policies; addressed 'Corey' [92, 465, 610]; 'Josh and I' [372])","So that's included in the city charter. So it doesn't exactly say that the city requires a public schools, but it says my interpretation is that it the city is following the state requirements for that. Then then we look at the state constitution, and it's really the last line about how it requires, to cherish the interest of literature and the sciences in all seminaries and public schools.",Speaker 12
1:04:45.80,1:05:14.48,3885.80,3914.48,Cory LeClair,"Assistant Superintendent, SAU 6 (presents donations, the federal-funding report and policies; addressed 'Corey' [92, 465, 610]; 'Josh and I' [372])","And then we go to the Supreme Court of New Hampshire's interpretation of that, which is really the Claremont decision or Claremont lawsuit that says that it is fundamental. Right. And the state has a duty to ensure that the public schools achieve their object and provide an education to all its students, and that it support all public schools.  So the city charter essentially says you have to follow the state rules, and the state says it's a constitutional obligation or right to have a public school.",Speaker 12
1:05:14.56,1:05:14.96,3914.56,3914.96,Unidentified,Unidentified - short response,Yes.,Speaker 6
1:05:15.08,1:05:23.72,3915.08,3923.72,Jason Benware,"Claremont School Board member, budget subcommittee (chair: 'Mr.. Ben, where could I have a motion' [13]; recognized 'Jason' [231, 732, 794, 868]; 'Frank, Mike and myself' [504])","I mean, isn't it written somewhere? Also, what is it, a free, inadequate education with the least restrictive environment possible? Where is that.",Speaker 3
1:05:23.80,1:05:26.64,3923.80,3926.64,Cory LeClair,"Assistant Superintendent, SAU 6 (presents donations, the federal-funding report and policies; addressed 'Corey' [92, 465, 610]; 'Josh and I' [372])","Free inappropriate public education? Yeah, we'll get there.",Speaker 12
1:05:26.72,1:05:27.40,3926.72,3927.40,Jason Benware,"Claremont School Board member, budget subcommittee (chair: 'Mr.. Ben, where could I have a motion' [13]; recognized 'Jason' [231, 732, 794, 868]; 'Frank, Mike and myself' [504])",Okay.,Speaker 3
1:05:27.48,1:05:33.00,3927.48,3933.00,Cory LeClair,"Assistant Superintendent, SAU 6 (presents donations, the federal-funding report and policies; addressed 'Corey' [92, 465, 610]; 'Josh and I' [372])","Let's save the questions till the end, shall we? Would that work? Okay, thanks.",Speaker 12
1:05:33.08,1:05:34.48,3933.08,3934.48,Jason Benware,"Claremont School Board member, budget subcommittee (chair: 'Mr.. Ben, where could I have a motion' [13]; recognized 'Jason' [231, 732, 794, 868]; 'Frank, Mike and myself' [504])",Adequate.,Speaker 3
1:05:34.56,1:05:36.00,3934.56,3936.00,Frank Sprague,"Claremont School Board Chair (opens the meeting [0-3], runs agenda, recognitions and votes; names himself to the lead-safety group [788-808])",I'll call on people at the end.,Speaker 1
1:05:36.04,1:05:36.52,3936.04,3936.52,Cory LeClair,"Assistant Superintendent, SAU 6 (uncertain - short fragments inside her federal-funding presentation [365-434])",Okay.,Speaker 15
1:05:36.60,1:06:22.32,3936.60,3982.32,Cory LeClair,"Assistant Superintendent, SAU 6 (presents donations, the federal-funding report and policies; addressed 'Corey' [92, 465, 610]; 'Josh and I' [372])","So then we talk about some statutory changes because there's been some, you might have heard about what has gone on in Croydon or what might be going on in Goshen and things of that nature. And so what if a district doesn't have a public school? What if we had only private schools, unapproved private schools? So then we don't have to follow any state ed 306 laws or anything else, even if we didn't have any public schools as a city of Claremont, if we went to all completely unapproved private schools, we still have an obligation to provide a public education if the family chooses to in our town.",Speaker 12
1:06:22.40,1:06:49.96,3982.40,4009.96,Cory LeClair,"Assistant Superintendent, SAU 6 (presents donations, the federal-funding report and policies; addressed 'Corey' [92, 465, 610]; 'Josh and I' [372])","And that would require us to tuition students out to other schools in other communities that had a public education. So even if we were to do something crazy, like turn all of our schools into private schools, we'd still have an obligation potentially, if families chose to or wanted to, to then  financially accommodate their ability to access another public school in a neighboring community.",Speaker 12
1:06:50.04,1:06:57.08,4010.04,4017.08,Cory LeClair,"Assistant Superintendent, SAU 6 (presents donations, the federal-funding report and policies; addressed 'Corey' [92, 465, 610]; 'Josh and I' [372])",I tried every which way to figure out how to get around this.,Speaker 12
1:06:57.16,1:06:58.28,4017.16,4018.28,Cory LeClair,"Assistant Superintendent, SAU 6 (presents donations, the federal-funding report and policies; addressed 'Corey' [92, 465, 610]; 'Josh and I' [372])",Haven't figured it out.,Speaker 12
1:06:58.28,1:07:00.44,4018.28,4020.44,Cory LeClair,"Assistant Superintendent, SAU 6 (uncertain - short fragments inside her federal-funding presentation [365-434])",So here's your.,Speaker 15
1:07:00.52,1:07:21.48,4020.52,4041.48,Cory LeClair,"Assistant Superintendent, SAU 6 (presents donations, the federal-funding report and policies; addressed 'Corey' [92, 465, 610]; 'Josh and I' [372])","Free and appropriate public education. Do children with disabilities who attend a charter school? Because one of the things that we're talking about is, what about charter schools? Do we get away from any of these?  We'll call them mandates for now. We'll change our verbiage about that in a moment. But do we get away from any of these if we're a charter school or a private school or this school or that school?",Speaker 12
1:07:21.56,1:07:49.16,4041.56,4069.16,Cory LeClair,"Assistant Superintendent, SAU 6 (presents donations, the federal-funding report and policies; addressed 'Corey' [92, 465, 610]; 'Josh and I' [372])","So even students who are attending a  a charter school who aren't receiving some federal funds, there's still the obligation to ensure the availability of a free and appropriate public education for all children, including disabled children, in the state. Mandatory age ranges. So regardless  of funding sources, there's still an obligation to provide these services. So then we talk about mandates and inducements.",Speaker 12
1:07:49.16,1:07:53.92,4069.16,4073.92,Cory LeClair,"Assistant Superintendent, SAU 6 (presents donations, the federal-funding report and policies; addressed 'Corey' [92, 465, 610]; 'Josh and I' [372])",Inducements is a new word for me. It means incentives.,Speaker 12
1:07:54.00,1:07:54.48,4074.00,4074.48,Cory LeClair,"Assistant Superintendent, SAU 6 (presents donations, the federal-funding report and policies; addressed 'Corey' [92, 465, 610]; 'Josh and I' [372])",And.,Speaker 6
1:07:54.52,1:08:29.00,4074.52,4109.00,Cory LeClair,"Assistant Superintendent, SAU 6 (presents donations, the federal-funding report and policies; addressed 'Corey' [92, 465, 610]; 'Josh and I' [372])","We talk a lot about mandates and unfunded mandates. And the federal government actually tells you that there are no such thing as mandates  because because states choose to take the federal money. And so therefore, it's not a mandate because the states are choosing to take that money. And I scroll through a document that was about an Excel spreadsheet, about 5000 lines, and checked every state in seven, additional territories of the United States government.",Speaker 12
1:08:29.00,1:08:49.34,4109.00,4129.34,Cory LeClair,"Assistant Superintendent, SAU 6 (presents donations, the federal-funding report and policies; addressed 'Corey' [92, 465, 610]; 'Josh and I' [372])",And not a single state nor territory refuses all of the federal funding. So every state in every one of the cemetery territories accepts federal funding for education. For the 1819 school year.,Speaker 12
1:08:49.42,1:09:01.46,4129.42,4141.46,Cory LeClair,"Assistant Superintendent, SAU 6 (presents donations, the federal-funding report and policies; addressed 'Corey' [92, 465, 610]; 'Josh and I' [372])",So any state that does not want to abide by a federal programs requirement can simply choose not to accept the federal funds associated with that program. But there's not a single state in the Union that chooses to do that.,Speaker 12
1:09:01.54,1:09:02.50,4141.54,4142.50,Jason Benware,"Claremont School Board member, budget subcommittee (chair: 'Mr.. Ben, where could I have a motion' [13]; recognized 'Jason' [231, 732, 794, 868]; 'Frank, Mike and myself' [504])",I'm waiting till the end.,Speaker 3
1:09:02.54,1:09:19.18,4142.54,4159.18,Cory LeClair,"Assistant Superintendent, SAU 6 (presents donations, the federal-funding report and policies; addressed 'Corey' [92, 465, 610]; 'Josh and I' [372])","Thank you.  That so inducements or incentives are ways for the federal government to provide funds to state agencies as they adopt certain actions, certain programs. So,  you.",Speaker 12
1:09:19.18,1:09:19.74,4159.18,4159.74,Cory LeClair,"Assistant Superintendent, SAU 6 (uncertain - short fragments inside her federal-funding presentation [365-434])",Might.,Speaker 15
1:09:19.78,1:09:22.62,4159.78,4162.62,Cory LeClair,"Assistant Superintendent, SAU 6 (presents donations, the federal-funding report and policies; addressed 'Corey' [92, 465, 610]; 'Josh and I' [372])",Be more familiar with S.p.A.,Speaker 12
1:09:22.66,1:09:23.22,4162.66,4163.22,Cory LeClair,"Assistant Superintendent, SAU 6 (uncertain - short fragments inside her federal-funding presentation [365-434])",We are going to.,Speaker 15
1:09:23.22,1:09:54.82,4163.22,4194.82,Cory LeClair,"Assistant Superintendent, SAU 6 (presents donations, the federal-funding report and policies; addressed 'Corey' [92, 465, 610]; 'Josh and I' [372])","Be in Secondary Education Act that was renamed to be Nickelback No Child Left Behind, which was then renamed to be. Essa the Every Student Succeeds Act. It's all the same thing. It just has a different name depending on the administration. And so that is where a lot of these inducements come through. So title one funding for instance, is considered an inducement versus a nothing's considered a mandate by the by the feds, but it's considered an inducement.",Speaker 12
1:09:54.90,1:10:23.18,4194.90,4223.18,Cory LeClair,"Assistant Superintendent, SAU 6 (presents donations, the federal-funding report and policies; addressed 'Corey' [92, 465, 610]; 'Josh and I' [372])","So then we might be thinking, well, why do we accept federal funds.  Regardless, we still must comply with civil rights. So if if we were able to get rid of title one and ID  and  McKinney, Vento and all of these other things, we still are required to comply with Civil Rights Act of 1964, the American with Disabilities Act, Ada 504 compliance.",Speaker 12
1:10:23.18,1:10:39.96,4223.18,4239.96,Cory LeClair,"Assistant Superintendent, SAU 6 (presents donations, the federal-funding report and policies; addressed 'Corey' [92, 465, 610]; 'Josh and I' [372])","And we still, if we accept even a single penny of state funding or federal funding, we are required to meet the requirements of part 8306 in the state statute.",Speaker 12
1:10:40.04,1:10:54.32,4240.04,4254.32,Cory LeClair,"Assistant Superintendent, SAU 6 (presents donations, the federal-funding report and policies; addressed 'Corey' [92, 465, 610]; 'Josh and I' [372])","And the idea is that most of these federal funding programs help those schools, particularly schools with economic hardship, to be able to meet the same requirements, whether it's policy.",Speaker 12
1:10:54.36,1:10:55.40,4254.36,4255.40,Cory LeClair,"Assistant Superintendent, SAU 6 (uncertain - short fragments inside her federal-funding presentation [365-434])",Law.,Speaker 15
1:10:55.48,1:11:18.48,4255.48,4278.48,Cory LeClair,"Assistant Superintendent, SAU 6 (presents donations, the federal-funding report and policies; addressed 'Corey' [92, 465, 610]; 'Josh and I' [372])","Mandate, whatever terms you want to use that other schools meet. And so we end up as a school district receiving a lot of these funds through state and federal sources because of our disadvantaged population in most cases, and the need to help support them differently to get them where they need to be, because everybody still held to the same standards.",Speaker 12
1:11:18.56,1:11:48.32,4278.56,4308.32,Cory LeClair,"Assistant Superintendent, SAU 6 (presents donations, the federal-funding report and policies; addressed 'Corey' [92, 465, 610]; 'Josh and I' [372])","So what does it cost?  This might be hard to see. So you do have it in front of you as well. This is what we have on tap as of today for 20 1819 allocations from federal sources. There's one grant out there that I expect to receive. It hasn't been posted yet. It would add about $32,000. But in total we received $3,881,000.",Speaker 12
1:11:48.40,1:12:20.48,4308.40,4340.48,Cory LeClair,"Assistant Superintendent, SAU 6 (presents donations, the federal-funding report and policies; addressed 'Corey' [92, 465, 610]; 'Josh and I' [372])","Plus a little bit more for adult education  for Ida, which is special education for title one. Title two, excuse me, Perkins, which is funding here for the CTE center, child nutrition school lunch program, Medicaid. We bill out for Medicaid. There's a new one this year. Hurricane education recovery. We received a little bit of money because we have a  small number of students who were displaced due to major hurricanes, Puerto Rico and such.",Speaker 12
1:12:20.52,1:12:48.56,4340.52,4368.56,Cory LeClair,"Assistant Superintendent, SAU 6 (presents donations, the federal-funding report and policies; addressed 'Corey' [92, 465, 610]; 'Josh and I' [372])","And so there's a little bit of money to help them. So in total, we're about 3.8 million in federal funds. And then in state funding, we're about 12.5 million. This is largely adequacy aid. But then we also have kindergarten aid, special education aid, formerly known as CAD aid, catastrophic aid. And we have the state portion of child nutrition, which is what, $0.03 for every breakfast served.",Speaker 12
1:12:48.56,1:12:49.60,4368.56,4369.60,Cory LeClair,"Assistant Superintendent, SAU 6 (presents donations, the federal-funding report and policies; addressed 'Corey' [92, 465, 610]; 'Josh and I' [372])",I think.,Speaker 12
1:12:49.68,1:12:50.92,4369.68,4370.92,Michael O'Neill,"Business Administrator, SAU 6 (uncertain - not named at his turn; answers on lunch-account balances [242-244] and 'about a dime for every lunch' [440]; subcommittee 'worked with Cory and Doctor Pfeiffer and Mike' [504])",About a dime for every lunch.,Speaker 13
1:12:51.08,1:13:17.04,4371.08,4397.04,Cory LeClair,"Assistant Superintendent, SAU 6 (presents donations, the federal-funding report and policies; addressed 'Corey' [92, 465, 610]; 'Josh and I' [372])","A dime for every lunch. So if we were to say no thank you to federal funding, you're also saying no thank you to state funding. You can't take one and not the other. And that total is about $16.4 million of a $32 million budget. I think we end up,  about 17, 18 million of local tax dollars that is raised.",Speaker 12
1:13:17.08,1:13:24.92,4397.08,4404.92,Cory LeClair,"Assistant Superintendent, SAU 6 (presents donations, the federal-funding report and policies; addressed 'Corey' [92, 465, 610]; 'Josh and I' [372])",And that's what we would have to operate off of if we were to choose to do anything differently.,Speaker 12
1:13:25.00,1:13:51.76,4405.00,4431.76,Cory LeClair,"Assistant Superintendent, SAU 6 (presents donations, the federal-funding report and policies; addressed 'Corey' [92, 465, 610]; 'Josh and I' [372])","So I try to put a number to what we spend locally to be able to execute the federal dollars. So this is me saying, okay, what percentage of my time is spent focused on the requirements and obligations of federal or state dollars, executing those, whether it be billing, whether it be program oversight, whether it be reporting, doesn't matter.",Speaker 12
1:13:51.88,1:14:08.12,4431.88,4448.12,Cory LeClair,"Assistant Superintendent, SAU 6 (presents donations, the federal-funding report and policies; addressed 'Corey' [92, 465, 610]; 'Josh and I' [372])","And I went through the different folks, the different staff, not only at the level but at the, Claremont levels  and approximated about $323,000 is spent in order to get the 16.4 million.",Speaker 12
1:14:08.32,1:14:09.20,4448.32,4449.20,Jason Benware,"Claremont School Board member, budget subcommittee (chair: 'Mr.. Ben, where could I have a motion' [13]; recognized 'Jason' [231, 732, 794, 868]; 'Frank, Mike and myself' [504])",2%.,Speaker 3
1:14:09.36,1:14:39.24,4449.36,4479.24,Cory LeClair,"Assistant Superintendent, SAU 6 (presents donations, the federal-funding report and policies; addressed 'Corey' [92, 465, 610]; 'Josh and I' [372])","So if that just to help put it in perspective,  for you. So the rest of this is really just more information about the different federal programs and a high level overview for you. I'm not going to review those tonight, but it just helps to understand sort of what their purpose is and, how they are intended to use and all of the fancy different names for the different acts that are associated with them.",Speaker 12
1:14:39.28,1:14:46.08,4479.28,4486.08,Cory LeClair,"Assistant Superintendent, SAU 6 (presents donations, the federal-funding report and policies; addressed 'Corey' [92, 465, 610]; 'Josh and I' [372])","Children's Internet Protection Act, things of that nature. So now I will take your questions.",Speaker 12
1:14:46.16,1:15:19.00,4486.16,4519.00,Jason Benware,"Claremont School Board member, budget subcommittee (chair: 'Mr.. Ben, where could I have a motion' [13]; recognized 'Jason' [231, 732, 794, 868]; 'Frank, Mike and myself' [504])","So essentially to, to put it in easier terms,  without this to get exactly what we're getting now, it would cost the taxpayers about $48 million, then 47 million, because our budgets 32 million, roughly right at 16 to, to to to have exactly what we had. And even if we were to say that we could cut out every bit of, say, special ed, we still it's a net loss of $8 million because I think we pay about eight, 9 million 888 and change for that.",Speaker 3
1:15:19.08,1:15:22.96,4519.08,4522.96,Cory LeClair,"Assistant Superintendent, SAU 6 (presents donations, the federal-funding report and policies; addressed 'Corey' [92, 465, 610]; 'Josh and I' [372])",But we can't get away from those. Because  other laws that require.,Speaker 12
1:15:23.04,1:15:29.80,4523.04,4529.80,Jason Benware,"Claremont School Board member, budget subcommittee (chair: 'Mr.. Ben, where could I have a motion' [13]; recognized 'Jason' [231, 732, 794, 868]; 'Frank, Mike and myself' [504])","A simple approach to it. It's still a net loss. So okay, good. Good answer.",Speaker 3
1:15:29.88,1:15:38.40,4529.88,4538.40,Frank Sprague,"Claremont School Board Chair (opens the meeting [0-3], runs agenda, recognitions and votes; names himself to the lead-safety group [788-808])","One of the one thing that is different than I noticed, though, that the requirement is through age 18 instead of age 21, right?",Speaker 1
1:15:38.48,1:15:39.36,4538.48,4539.36,Cory LeClair,"Assistant Superintendent, SAU 6 (presents donations, the federal-funding report and policies; addressed 'Corey' [92, 465, 610]; 'Josh and I' [372])",Yes.,Speaker 12
1:15:39.44,1:15:40.28,4539.44,4540.28,Frank Sprague,"Claremont School Board Chair (opens the meeting [0-3], runs agenda, recognitions and votes; names himself to the lead-safety group [788-808])",I did see that.,Speaker 1
1:15:40.28,1:15:40.96,4540.28,4540.96,Carolyn Towle,Claremont School Board member (recognized 'Go ahead. Carolyn?' [310] before [312] and 'Jason. And then Carolyn.' [732] before [736]; capital improvement plan advocacy [845-863]),So that makes.,Speaker 7
1:15:40.96,1:15:41.84,4540.96,4541.84,Keith Pfeifer,"Interim Superintendent, SAU 6 (delivers the superintendent's report after 'Superintendents report' [38-54]; takes questions 'for the superintendent' [55-71])",A difference.,Speaker 5
1:15:41.92,1:15:46.96,4541.92,4546.96,Frank Sprague,"Claremont School Board Chair (opens the meeting [0-3], runs agenda, recognitions and votes; names himself to the lead-safety group [788-808])","Yeah, that's a difference. Michelle was sir.",Speaker 1
1:15:47.04,1:15:50.76,4547.04,4550.76,Michelle Pierce,"Claremont School Board member (recognized 'Michelle' [179, 292, 541, 561, 764] before this cluster speaks; 'as a board member' [591])","Any one in my pocket, could I just have Jeff.",Speaker 2
1:15:50.84,1:15:57.00,4550.84,4557.00,Unidentified,Unidentified - short response,Yeah.,Speaker 6
1:15:57.08,1:16:02.37,4557.08,4562.37,Frank Sprague,"Claremont School Board Chair (opens the meeting [0-3], runs agenda, recognitions and votes; names himself to the lead-safety group [788-808])",Has everybody asked a question once that they'd like to listen? Did you have a second?,Speaker 1
1:16:02.45,1:16:22.32,4562.45,4582.32,Jason Benware,"Claremont School Board member, budget subcommittee (chair: 'Mr.. Ben, where could I have a motion' [13]; recognized 'Jason' [231, 732, 794, 868]; 'Frank, Mike and myself' [504])","Yeah. I just I just noticed in the, in the verbiage where it said, well, the feds say, well, it's not a mandate. You're accepting it willfully. All you can do as a state is just simply choose not to accept our aid. That sounds awful easy, and I'm sure there's more to it than that. As if the state of New Hampshire tomorrow just said, okay, fine, we don't want to follow anything you say.",Speaker 3
1:16:22.32,1:16:26.32,4582.32,4586.32,Jason Benware,"Claremont School Board member, budget subcommittee (chair: 'Mr.. Ben, where could I have a motion' [13]; recognized 'Jason' [231, 732, 794, 868]; 'Frank, Mike and myself' [504])","We're not going to we're not going to follow it, find it hard to believe that would be the end of the story.",Speaker 3
1:16:26.49,1:16:28.04,4586.49,4588.04,Unidentified,Unidentified - short procedural fragments during the policy votes,No thank you.,Speaker 16
1:16:28.12,1:16:33.27,4588.12,4593.27,Jason Benware,"Claremont School Board member, budget subcommittee (chair: 'Mr.. Ben, where could I have a motion' [13]; recognized 'Jason' [231, 732, 794, 868]; 'Frank, Mike and myself' [504])",I'm just saying that obviously it's a it's a what if. But I don't think so.,Speaker 3
1:16:33.35,1:17:01.20,4593.35,4621.20,Frank Sprague,"Claremont School Board Chair (opens the meeting [0-3], runs agenda, recognitions and votes; names himself to the lead-safety group [788-808])","I'm going to lend a little bit of context to to this overall conversation, just from, from my perspective in that as we as we look at the, the cutbacks and special ed aid, we look at the cutbacks on stabilization aid,  as part of the budget committee, really starting to look at things that are what do we have to do and what are things that are optional.",Speaker 1
1:17:01.24,1:17:50.52,4621.24,4670.52,Frank Sprague,"Claremont School Board Chair (opens the meeting [0-3], runs agenda, recognitions and votes; names himself to the lead-safety group [788-808])","Right.  And part of that conversation, Corey hinted at, around an accredited school and an approved school. And so these are the these are some of the conversations that we've had this year during the budget process. And we'll continue, I think as we look into some of these things,  that are out there that are really optional and as a, as a board rather than a committee deciding what's going to be, what are we going to do, become greater board conversations, so that we can have good conversations and productive conversations about what's out there that we don't have to do and what what are the impact, what's the impact  on the kids",Speaker 1
1:17:50.52,1:18:05.88,4670.52,4685.88,Frank Sprague,"Claremont School Board Chair (opens the meeting [0-3], runs agenda, recognitions and votes; names himself to the lead-safety group [788-808])","in the schools? If if we don't do that, if it's optional. So, this is the beginning of a conversation. There's I guarantee you there will be more. So other comments.",Speaker 1
1:18:05.96,1:18:07.00,4685.96,4687.00,Carolyn Towle,Claremont School Board member (recognized 'Go ahead. Carolyn?' [310] before [312] and 'Jason. And then Carolyn.' [732] before [736]; capital improvement plan advocacy [845-863]),I just have one.,Speaker 7
1:18:07.08,1:18:07.92,4687.08,4687.92,Frank Sprague,"Claremont School Board Chair (opens the meeting [0-3], runs agenda, recognitions and votes; names himself to the lead-safety group [788-808])",Sure glad.,Speaker 1
1:18:08.00,1:18:20.52,4688.00,4700.52,Carolyn Towle,Claremont School Board member (recognized 'Go ahead. Carolyn?' [310] before [312] and 'Jason. And then Carolyn.' [732] before [736]; capital improvement plan advocacy [845-863]),"This is, this is a compelling report that you've done. This must have been exciting for you to delve into this. No, no.",Speaker 7
1:18:20.56,1:18:21.32,4700.56,4701.32,Jason Benware,"Claremont School Board member, budget subcommittee (chair: 'Mr.. Ben, where could I have a motion' [13]; recognized 'Jason' [231, 732, 794, 868]; 'Frank, Mike and myself' [504])",I know.,Speaker 3
1:18:21.32,1:18:23.08,4701.32,4703.08,Unidentified,Unidentified - cluster of short interjections from several voices,I'm doing serious.,Speaker 17
1:18:23.16,1:18:25.28,4703.16,4705.28,Carolyn Towle,Claremont School Board member (recognized 'Go ahead. Carolyn?' [310] before [312] and 'Jason. And then Carolyn.' [732] before [736]; capital improvement plan advocacy [845-863]),"I mean, for her to research.",Speaker 7
1:18:25.36,1:18:26.52,4705.36,4706.52,Unidentified,Unidentified - cluster of short interjections from several voices,Is incorrect. Word.,Speaker 17
1:18:26.60,1:18:38.76,4706.60,4718.76,Carolyn Towle,Claremont School Board member (recognized 'Go ahead. Carolyn?' [310] before [312] and 'Jason. And then Carolyn.' [732] before [736]; capital improvement plan advocacy [845-863]),"Who of the United States doesn't, you know, read, reap any federal funding? I mean, that research alone had to take time, and.",Speaker 7
1:18:38.84,1:18:41.60,4718.84,4721.60,Cory LeClair,"Assistant Superintendent, SAU 6 (presents donations, the federal-funding report and policies; addressed 'Corey' [92, 465, 610]; 'Josh and I' [372])","I had help, but it was it was actually interesting.",Speaker 12
1:18:41.64,1:18:49.79,4721.64,4729.79,Carolyn Towle,Claremont School Board member (recognized 'Go ahead. Carolyn?' [310] before [312] and 'Jason. And then Carolyn.' [732] before [736]; capital improvement plan advocacy [845-863]),"I'm sure you're like I am once you get into something like this, you there's so many roads and boroughs that you've got to go down.",Speaker 7
1:18:50.00,1:19:04.20,4730.00,4744.20,Cory LeClair,"Assistant Superintendent, SAU 6 (presents donations, the federal-funding report and policies; addressed 'Corey' [92, 465, 610]; 'Josh and I' [372])","And it's shared it with the caveat of I, there may have been a rabbit hole that I didn't find yet and didn't go down that would enlighten us more. So this is what I was able to find.",Speaker 12
1:19:04.28,1:19:23.20,4744.28,4763.20,Frank Sprague,"Claremont School Board Chair (opens the meeting [0-3], runs agenda, recognitions and votes; names himself to the lead-safety group [788-808])","So I'm going to encourage everyone to to hang on to this because I think these some of this is going to come up in our, in future retreats  where we'll have conversation, more in depth conversations about some of the things that we've been talking about in the subcommittee. So, you haven't asked anything.",Speaker 1
1:19:23.28,1:19:24.00,4763.28,4764.00,Cory LeClair,"Assistant Superintendent, SAU 6 (presents donations, the federal-funding report and policies; addressed 'Corey' [92, 465, 610]; 'Josh and I' [372])",I just.,Speaker 12
1:19:24.08,1:19:27.52,4764.08,4767.52,Michelle Pierce,"Claremont School Board member (recognized 'Michelle' [179, 292, 541, 561, 764] before this cluster speaks; 'as a board member' [591])",Just a quick comment. I want to tell you thank you. Because I think a lot of times.,Speaker 2
1:19:28.00,1:19:46.80,4768.00,4786.80,Michelle Pierce,Claremont School Board member (uncertain - continues her 'Just a quick comment' [480] and is answered 'Thank you Michel.' [483]; diarized with Zullo),"Community members and parents and people like myself sit around and say, what if? And, and we have a lot of assumptions. And I think this was great information because it clears up many assumptions, and it also gives factual information on what we can and can't do and why we should or shouldn't. So thanks for thanks for sticking that together.",Speaker 18
1:19:46.88,1:19:49.36,4786.88,4789.36,Unidentified,Unidentified - cluster of short interjections from several voices,Thank you Michel.,Speaker 17
1:19:49.44,1:19:52.72,4789.44,4792.72,Michelle Pierce,"Claremont School Board member (recognized 'Michelle' [179, 292, 541, 561, 764] before this cluster speaks; 'as a board member' [591])",Just like things to create. Did a great job.,Speaker 2
1:19:52.76,1:19:54.36,4792.76,4794.36,Unidentified,Unidentified - cluster of short interjections from several voices,And Josh.,Speaker 17
1:19:54.44,1:19:54.96,4794.44,4794.96,Frank Sprague,"Claremont School Board Chair (opens the meeting [0-3], runs agenda, recognitions and votes; names himself to the lead-safety group [788-808])",And John.,Speaker 1
1:19:55.16,1:19:55.48,4795.16,4795.48,Unidentified,Unidentified - cluster of short interjections from several voices,Josh?,Speaker 17
1:19:55.52,1:19:56.92,4795.52,4796.92,Frank Sprague,"Claremont School Board Chair (opens the meeting [0-3], runs agenda, recognitions and votes; names himself to the lead-safety group [788-808])","Yes,  maybe.",Speaker 1
1:19:57.00,1:19:58.36,4797.00,4798.36,Unidentified,Unidentified - cluster of short interjections from several voices,Thank you.,Speaker 17
1:19:58.44,1:20:08.52,4798.44,4808.52,Michelle Pierce,"Claremont School Board member (recognized 'Michelle' [179, 292, 541, 561, 764] before this cluster speaks; 'as a board member' [591])","I'd like to also before everybody ends all that. Guys,  can you tell us how how you get this great thing that you have.",Speaker 2
1:20:08.60,1:20:10.12,4808.60,4810.12,Josh Malloy,"Director of Instructional Technology, SAU 6 (uncertain - thanked 'And Josh' [485], then explains the projector/TV deal [491, 493])",Because I got a deal when you.,Speaker 19
1:20:10.20,1:20:14.28,4810.20,4814.28,Michelle Pierce,"Claremont School Board member (recognized 'Michelle' [179, 292, 541, 561, 764] before this cluster speaks; 'as a board member' [591])","Know, I know I'm excited for.",Speaker 2
1:20:14.36,1:20:20.48,4814.36,4820.48,Josh Malloy,"Director of Instructional Technology, SAU 6 (uncertain - thanked 'And Josh' [485], then explains the projector/TV deal [491, 493])",It was like a deal to buy five projectors. You get a TV for free. So I think they're.,Speaker 19
1:20:20.64,1:20:25.00,4820.64,4825.00,Michelle Pierce,"Claremont School Board member (recognized 'Michelle' [179, 292, 541, 561, 764] before this cluster speaks; 'as a board member' [591])",Saving the taxpayers right there. It's so wonderful.,Speaker 2
1:20:25.08,1:20:26.12,4825.08,4826.12,Unidentified,Unidentified - cluster of short interjections from several voices,Great.,Speaker 17
1:20:26.20,1:20:29.00,4826.20,4829.00,Jason Benware,"Claremont School Board member, budget subcommittee (chair: 'Mr.. Ben, where could I have a motion' [13]; recognized 'Jason' [231, 732, 794, 868]; 'Frank, Mike and myself' [504])",Okay.,Speaker 3
1:20:29.08,1:20:30.24,4829.08,4830.24,Frank Sprague,"Claremont School Board Chair (opens the meeting [0-3], runs agenda, recognitions and votes; names himself to the lead-safety group [788-808])",Fiscal year.,Speaker 1
1:20:30.32,1:20:33.16,4830.32,4833.16,Unidentified,Unidentified - cluster of short interjections from several voices,20 budget discussion.,Speaker 17
1:20:33.24,1:20:33.64,4833.24,4833.64,Frank Sprague,"Claremont School Board Chair (opens the meeting [0-3], runs agenda, recognitions and votes; names himself to the lead-safety group [788-808])",Mike and.,Speaker 1
1:20:33.64,1:20:38.12,4833.64,4838.12,Unidentified,Unidentified - cluster of short interjections from several voices,"I have to say, this is going to have Jason on us. Okay, folks.",Speaker 17
1:20:38.12,1:20:40.88,4838.12,4840.88,Jason Benware,"Claremont School Board member, budget subcommittee (chair: 'Mr.. Ben, where could I have a motion' [13]; recognized 'Jason' [231, 732, 794, 868]; 'Frank, Mike and myself' [504])",Everybody. You got a blue folder in front of you.,Speaker 3
1:20:40.96,1:20:41.32,4840.96,4841.32,Carolyn Towle,Claremont School Board member (recognized 'Go ahead. Carolyn?' [310] before [312] and 'Jason. And then Carolyn.' [732] before [736]; capital improvement plan advocacy [845-863]),I can.,Speaker 7
1:20:41.32,1:20:42.16,4841.32,4842.16,Unidentified,Unidentified - cluster of short interjections from several voices,Look at it.,Speaker 17
1:20:42.24,1:21:20.60,4842.24,4880.60,Jason Benware,"Claremont School Board member, budget subcommittee (chair: 'Mr.. Ben, where could I have a motion' [13]; recognized 'Jason' [231, 732, 794, 868]; 'Frank, Mike and myself' [504])","We have the budget subcommittee. Frank, Mike and myself diligently met with Cory and Doctor Pfeiffer and Mike and worked in collaboration, looking over, this year's budget. And we've spoken to the principles of all the schools as well as anybody involved with the line items the athletic director, special education, the building maintenance. So we've worked really hard at this, we've worked as a team.",Speaker 3
1:21:20.68,1:21:43.44,4880.68,4903.44,Jason Benware,"Claremont School Board member, budget subcommittee (chair: 'Mr.. Ben, where could I have a motion' [13]; recognized 'Jason' [231, 732, 794, 868]; 'Frank, Mike and myself' [504])","It has not been in us versus them approach. We've been collaborating. Any line items that were actually things that could be,  could that you actually have control over not staffing those types of things? We looked at, we talked about them things we had concerns about. We we negotiated and sort of moved them where we thought they should be.",Speaker 3
1:21:43.68,1:22:15.56,4903.68,4935.56,Jason Benware,"Claremont School Board member, budget subcommittee (chair: 'Mr.. Ben, where could I have a motion' [13]; recognized 'Jason' [231, 732, 794, 868]; 'Frank, Mike and myself' [504])","So, the conversations in the past about  the line items, we've really paid a lot of attention to these we must have put in. I don't know, 20 plus hours in meetings doing this.  At our at our retreat, we set a goal. The goal was to have a budget that was a level funded budget of the same of last year, with the addition of 50% of the fixed cost increases and any loss of revenue that that came about.",Speaker 3
1:22:15.64,1:22:43.36,4935.64,4963.36,Jason Benware,"Claremont School Board member, budget subcommittee (chair: 'Mr.. Ben, where could I have a motion' [13]; recognized 'Jason' [231, 732, 794, 868]; 'Frank, Mike and myself' [504])","We were able to get our budget to that point.  So what we would like is for the board to take these home, look through them and digest them, come up with any questions or comments or concerns you have, and we'd like to come back to the next meeting and discuss this in detail.  I would like everybody to know that we put a lot of work into this.",Speaker 3
1:22:46.96,1:23:00.12,4966.96,4980.12,Jason Benware,"Claremont School Board member, budget subcommittee (chair: 'Mr.. Ben, where could I have a motion' [13]; recognized 'Jason' [231, 732, 794, 868]; 'Frank, Mike and myself' [504])","We tried to look and do the best that we could for our students and still have our community and our taxpayers in mind in the same time. So,",Speaker 3
1:23:00.20,1:23:06.61,4980.20,4986.61,Jason Benware,"Claremont School Board member, budget subcommittee (chair: 'Mr.. Ben, where could I have a motion' [13]; recognized 'Jason' [231, 732, 794, 868]; 'Frank, Mike and myself' [504])","I think if you take a look at it, you'll I think you'll be impressed with what we've come up with. I hope.",Speaker 3
1:23:06.69,1:23:08.60,4986.69,4988.60,Cory LeClair,"Assistant Superintendent, SAU 6 (presents donations, the federal-funding report and policies; addressed 'Corey' [92, 465, 610]; 'Josh and I' [372])",Can I just speak to what's in the blue jacket?,Speaker 12
1:23:08.64,1:23:09.64,4988.64,4989.64,Unidentified,Unidentified - cluster of short interjections from several voices,"Oh, absolutely.",Speaker 17
1:23:09.72,1:23:16.92,4989.72,4996.92,Cory LeClair,"Assistant Superintendent, SAU 6 (presents donations, the federal-funding report and policies; addressed 'Corey' [92, 465, 610]; 'Josh and I' [372])","So there's three items in the packet. There's a 64 page document, and that is a line.",Speaker 12
1:23:16.92,1:23:17.36,4996.92,4997.36,Cory LeClair,"Assistant Superintendent, SAU 6 (presents donations, the federal-funding report and policies; addressed 'Corey' [92, 465, 610]; 'Josh and I' [372])",By line.,Speaker 6
1:23:17.36,1:23:20.88,4997.36,5000.88,Cory LeClair,"Assistant Superintendent, SAU 6 (presents donations, the federal-funding report and policies; addressed 'Corey' [92, 465, 610]; 'Josh and I' [372])",Expenditure report.,Speaker 12
1:23:20.96,1:23:44.32,5000.96,5024.32,Cory LeClair,"Assistant Superintendent, SAU 6 (presents donations, the federal-funding report and policies; addressed 'Corey' [92, 465, 610]; 'Josh and I' [372])",For 1920. And it does give you the budget and actual figures from years prior. So that's the line by line everything on the expenditure side the spending side is represented there. You then have a one page sheet that says projected revenue. So those are this year's revenues.,Speaker 12
1:23:44.40,1:24:08.88,5024.40,5048.88,Cory LeClair,"Assistant Superintendent, SAU 6 (presents donations, the federal-funding report and policies; addressed 'Corey' [92, 465, 610]; 'Josh and I' [372])","And then the third item is a projected fixed cost and revenue changes. So the third item indicates the projected fixed cost, the bottom right hand corner. That's where you'll see what the fixed cost increases are. Fixed costs are things that  are prior contracts that the board had approved and the voters had approved that  were multiyear contracts. So those costs are here.",Speaker 12
1:24:08.96,1:24:33.04,5048.96,5073.04,Cory LeClair,"Assistant Superintendent, SAU 6 (presents donations, the federal-funding report and policies; addressed 'Corey' [92, 465, 610]; 'Josh and I' [372])","Increases in health insurance that are out of the control of the district or decreases in health insurance. Those are things that are considered fixed costs, an increase in New Hampshire retirement system. So this is not adding new people or new programs. These are the things that are already in existence. And it's the increased cost of those things over time.",Speaker 12
1:24:33.12,1:25:05.80,5073.12,5105.80,Cory LeClair,"Assistant Superintendent, SAU 6 (presents donations, the federal-funding report and policies; addressed 'Corey' [92, 465, 610]; 'Josh and I' [372])","The last thing I want to note is you will not yet see the reductions that are being made  to any  staff or personnel. So the reductions that are reflected in the line item budget to date are only reductions in supplies, equipment. Contracted services, things of that nature. There's a the subcommittee has met and we've talked about and identified where we expect the reductions to come to to meet the goal.",Speaker 12
1:25:05.96,1:25:31.20,5105.96,5131.20,Cory LeClair,"Assistant Superintendent, SAU 6 (presents donations, the federal-funding report and policies; addressed 'Corey' [92, 465, 610]; 'Josh and I' [372])","But we recognize that humans are involved in that. And that requires greater sensitivity, care and conversation than just handing you a packet at a board meeting and say, hey, let's talk about this in two weeks. So the reduction pieces, and any other additions that, that the subcommittee feels strongly about and is recommending are not included in here to date.",Speaker 12
1:25:31.44,1:25:33.08,5131.44,5133.08,Cory LeClair,"Assistant Superintendent, SAU 6 (presents donations, the federal-funding report and policies; addressed 'Corey' [92, 465, 610]; 'Josh and I' [372])",Just so you know.,Speaker 12
1:25:33.16,1:25:34.24,5133.16,5134.24,Unidentified,Unidentified - cluster of short interjections from several voices,Okay.,Speaker 17
1:25:34.32,1:25:45.72,5134.32,5145.72,Rebecca Zullo,Claremont School Board Vice Chair (recognized 'I've got Rebecca and then Michelle.' [764] before [765]; 'Rebecca seconded' [685] after [648]),"Can you just give some examples of the line items that you, feel like you moved to a better categories or. What is that what what does that look like in this budget?",Speaker 18
1:25:45.80,1:26:19.16,5145.80,5179.16,Frank Sprague,"Claremont School Board Chair (opens the meeting [0-3], runs agenda, recognitions and votes; names himself to the lead-safety group [788-808])","I can give a good example. We met with Mr.. Mr. Beaupre  and, looked at, police coverage at athletic events, for example,  and decided, do we, do we really need police at a girls volleyball game versus Hopkinton?  And, Mr. Beaupre went back and identified situations, say, a home Friday Night Football game versus Newport.",Speaker 1
1:26:19.24,1:26:38.52,5179.24,5198.52,Frank Sprague,"Claremont School Board Chair (opens the meeting [0-3], runs agenda, recognitions and votes; names himself to the lead-safety group [788-808])","Fall mountain soccer game, boys. Probably,  but probably not a JV girls basketball game versus say. So that was fairly substantial amount of money. And so that's an example. That's an example of the types of things we were looking at.",Speaker 1
1:26:38.60,1:27:05.24,5198.60,5225.24,Jason Benware,"Claremont School Board member, budget subcommittee (chair: 'Mr.. Ben, where could I have a motion' [13]; recognized 'Jason' [231, 732, 794, 868]; 'Frank, Mike and myself' [504])","We also looked at at places where we may be able to fix something versus buy something new. We looked at let's see. We looked we looked really closely at, past expenditure and actual cost versus just throwing numbers at a board. So we looked we paid really close attention to historical expenditure for what it cost versus what numbers were there.",Speaker 3
1:27:05.32,1:27:19.28,5225.32,5239.28,Jason Benware,"Claremont School Board member, budget subcommittee (chair: 'Mr.. Ben, where could I have a motion' [13]; recognized 'Jason' [231, 732, 794, 868]; 'Frank, Mike and myself' [504])","And so what you'll find is unless there's something really compelling as to why the numbers should have gone up, it's very close to what was already spent. So so I think we've tightened it up pretty tight.",Speaker 3
1:27:19.32,1:27:22.32,5239.32,5242.32,Rebecca Zullo,Claremont School Board Vice Chair (recognized 'I've got Rebecca and then Michelle.' [764] before [765]; 'Rebecca seconded' [685] after [648]),So the actuals are that closer to the actuals?,Speaker 18
1:27:22.52,1:27:44.88,5242.52,5264.88,Cory LeClair,"Assistant Superintendent, SAU 6 (presents donations, the federal-funding report and policies; addressed 'Corey' [92, 465, 610]; 'Josh and I' [372])","Correct. Recommended budget amounts are closer to actuals. There are some scenarios where we might have a new staff member  or Miss Klein mentioned earlier, she's doubled the size of the high school band. So there are some scenarios where maybe it doesn't match the actuals, but there's a justification for why it doesn't match the actuals.",Speaker 12
1:27:44.96,1:27:45.20,5264.96,5265.20,Unidentified,Unidentified - cluster of short interjections from several voices,So.,Speaker 17
1:27:45.44,1:27:45.84,5265.44,5265.84,Frank Sprague,"Claremont School Board Chair (opens the meeting [0-3], runs agenda, recognitions and votes; names himself to the lead-safety group [788-808])",So some.,Speaker 1
1:27:45.84,1:27:46.76,5265.84,5266.76,Unidentified,Unidentified - cluster of short interjections from several voices,Lines have.,Speaker 17
1:27:46.84,1:27:54.16,5266.84,5274.16,Cory LeClair,"Assistant Superintendent, SAU 6 (presents donations, the federal-funding report and policies; addressed 'Corey' [92, 465, 610]; 'Josh and I' [372])","Yeah. Every single line of the 64 pages that was not, a salary or benefit line.",Speaker 12
1:27:54.28,1:28:14.88,5274.28,5294.88,Jason Benware,"Claremont School Board member, budget subcommittee (chair: 'Mr.. Ben, where could I have a motion' [13]; recognized 'Jason' [231, 732, 794, 868]; 'Frank, Mike and myself' [504])","And, and I think, I think our goal here and I don't expect it's going to be you know, I don't expect that. But I think we we put a lot of time into this. So we hopefully don't have  hours of going line by line during the board meetings because we've done that already. And we've done it pretty diligently, like.",Speaker 3
1:28:14.96,1:28:15.67,5294.96,5295.67,Frank Sprague,"Claremont School Board Chair (opens the meeting [0-3], runs agenda, recognitions and votes; names himself to the lead-safety group [788-808])",With with.,Speaker 1
1:28:15.77,1:28:16.17,5295.77,5296.17,Jason Benware,"Claremont School Board member, budget subcommittee (chair: 'Mr.. Ben, where could I have a motion' [13]; recognized 'Jason' [231, 732, 794, 868]; 'Frank, Mike and myself' [504])",With.,Speaker 3
1:28:16.40,1:28:19.84,5296.40,5299.84,Unidentified,Unidentified - cluster of short interjections from several voices,With with in conjunction. Yes.,Speaker 17
1:28:19.92,1:28:33.88,5299.92,5313.88,Frank Sprague,"Claremont School Board Chair (opens the meeting [0-3], runs agenda, recognitions and votes; names himself to the lead-safety group [788-808])","And others. Steve Holt we've, we've, we sat with all of these folks and line by line, Melissa Lewis, Kathleen vanilla everyone. So might do you have anything to add as part of the group?",Speaker 1
1:28:34.12,1:28:34.36,5314.12,5314.36,Unidentified,Unidentified - cluster of short interjections from several voices,No.,Speaker 17
1:28:34.37,1:29:03.22,5314.37,5343.22,Michael Petrin,"Claremont School Board member, budget subcommittee (chair: 'So might do you have anything to add as part of the group?' [538] before [540]; 'I'm very aware of that, Michael' [602]; Benware: 'exactly what Mike said' [778])","I think subcommittee was a better, really good functioning process, compared to what I went through last year. This process was great, I think. I think the people came to the table with reasonable budgets that, you know, they knew what we were looking to do. So they, you know, they came with reasonable questions. And,",Speaker 14
1:29:03.30,1:29:07.74,5343.30,5347.74,Frank Sprague,"Claremont School Board Chair (opens the meeting [0-3], runs agenda, recognitions and votes; names himself to the lead-safety group [788-808])",Michelle.,Speaker 1
1:29:07.82,1:29:35.02,5347.82,5375.02,Michelle Pierce,"Claremont School Board member (recognized 'Michelle' [179, 292, 541, 561, 764] before this cluster speaks; 'as a board member' [591])","Sounds like it was an awesome thing. And I'm glad that that happened this year. I, I just I can't I want to go back to that. We usually need what we need to remember that we're policymakers and we don't control the budget. It's great that we are able to to be a process of the budget and ask questions about certain things or what we don't see as.",Speaker 2
1:29:35.10,1:29:58.86,5375.10,5398.86,Michelle Pierce,"Claremont School Board member (recognized 'Michelle' [179, 292, 541, 561, 764] before this cluster speaks; 'as a board member' [591])","However, we're not. Again, we have to remember that we're not supposed to dictate anything. We're you know, we're actually supposed to approve a number for a reason. Obviously. And the second part of that is, when are we going to get the rest of the paperwork that goes with this so that we have the full  context  to look at?",Speaker 2
1:29:58.98,1:30:00.34,5398.98,5400.34,Michelle Pierce,"Claremont School Board member (recognized 'Michelle' [179, 292, 541, 561, 764] before this cluster speaks; 'as a board member' [591])",As a school board member.,Speaker 2
1:30:00.42,1:30:02.34,5400.42,5402.34,Frank Sprague,"Claremont School Board Chair (opens the meeting [0-3], runs agenda, recognitions and votes; names himself to the lead-safety group [788-808])",What exactly is that?,Speaker 1
1:30:02.42,1:30:07.14,5402.42,5407.14,Michelle Pierce,"Claremont School Board member (recognized 'Michelle' [179, 292, 541, 561, 764] before this cluster speaks; 'as a board member' [591])",Isn't that you just mentioned that we were missing the staff and we were missing the.,Speaker 2
1:30:07.22,1:30:09.22,5407.22,5409.22,Unidentified,Unidentified - cluster of short interjections from several voices,Next meeting. Next meeting.,Speaker 17
1:30:09.30,1:30:12.86,5409.30,5412.86,Michelle Pierce,"Claremont School Board member (recognized 'Michelle' [179, 292, 541, 561, 764] before this cluster speaks; 'as a board member' [591])",So when when do we get the collective full.,Speaker 2
1:30:12.94,1:30:14.66,5412.94,5414.66,Unidentified,Unidentified - cluster of short interjections from several voices,Next meeting report. Yeah.,Speaker 17
1:30:14.78,1:30:17.26,5414.78,5417.26,Michelle Pierce,"Claremont School Board member (recognized 'Michelle' [179, 292, 541, 561, 764] before this cluster speaks; 'as a board member' [591])",So sweet. Till next meeting to get all.,Speaker 2
1:30:17.34,1:30:17.82,5417.34,5417.82,Unidentified,Unidentified - cluster of short interjections from several voices,You got.,Speaker 17
1:30:17.90,1:30:21.06,5417.90,5421.06,Frank Sprague,"Claremont School Board Chair (opens the meeting [0-3], runs agenda, recognitions and votes; names himself to the lead-safety group [788-808])",99% of of of it in front.,Speaker 1
1:30:21.06,1:30:21.34,5421.06,5421.34,Unidentified,Unidentified - cluster of short interjections from several voices,Of you.,Speaker 17
1:30:21.38,1:30:38.02,5421.38,5438.02,Michelle Pierce,"Claremont School Board member (recognized 'Michelle' [179, 292, 541, 561, 764] before this cluster speaks; 'as a board member' [591])","Yeah. That doesn't mean that I, I'd like to have 100% of it. That's all that work, I imagine. You know, you want to make sure you have that 100%. Yeah. That's what I'm looking for is so that at the time myself to, you know.",Speaker 2
1:30:38.10,1:30:38.82,5438.10,5438.82,Frank Sprague,"Claremont School Board Chair (opens the meeting [0-3], runs agenda, recognitions and votes; names himself to the lead-safety group [788-808])",Other questions.,Speaker 1
1:30:38.82,1:30:41.58,5438.82,5441.58,Unidentified,Unidentified - cluster of short interjections from several voices,Comments.,Speaker 17
1:30:41.66,1:31:10.58,5441.66,5470.58,Carolyn Towle,Claremont School Board member (recognized 'Go ahead. Carolyn?' [310] before [312] and 'Jason. And then Carolyn.' [732] before [736]; capital improvement plan advocacy [845-863]),"The the first thing is, this had been quite an education for new people doing the budget for, it was nice that we did it through a subcommittee.  And I know how many hours you put in. I'm now working on the policy committee, and I.  I haven't sunk way deep in it, but it can  require a lot of extra time.",Speaker 7
1:31:10.66,1:31:30.70,5470.66,5490.70,Carolyn Towle,Claremont School Board member (recognized 'Go ahead. Carolyn?' [310] before [312] and 'Jason. And then Carolyn.' [732] before [736]; capital improvement plan advocacy [845-863]),"But it's good. It's good knowledge. I've enjoyed offloading the budget process to you guys, and I. I thank you for that.  So our job for the next meeting is to digest what we've been given tonight and come back to the table with certain questions.",Speaker 7
1:31:30.78,1:31:51.82,5490.78,5511.82,Frank Sprague,"Claremont School Board Chair (opens the meeting [0-3], runs agenda, recognitions and votes; names himself to the lead-safety group [788-808])","And what we're looking for is, is the 100% support of the board  on what we have, what we have proposed. Okay. And your your trust in us and the administration, the administrators, department heads,  that we have done due diligence and we can move forward with the work we've done.",Speaker 1
1:31:51.90,1:32:09.34,5511.90,5529.34,Jason Benware,"Claremont School Board member, budget subcommittee (chair: 'Mr.. Ben, where could I have a motion' [13]; recognized 'Jason' [231, 732, 794, 868]; 'Frank, Mike and myself' [504])","Can I just one caveat that I want to just throw out there, looking at the numbers when I said we hit our goal, what you see for numbers on here is not exactly our goal,  but we we will hit our goal when we get to the end.",Speaker 3
1:32:09.42,1:32:13.38,5529.42,5533.38,Frank Sprague,"Claremont School Board Chair (opens the meeting [0-3], runs agenda, recognitions and votes; names himself to the lead-safety group [788-808])",Okay. We do have another meeting scheduled. So yeah. Michelle.,Speaker 1
1:32:13.46,1:32:32.86,5533.46,5552.86,Michelle Pierce,"Claremont School Board member (recognized 'Michelle' [179, 292, 541, 561, 764] before this cluster speaks; 'as a board member' [591])","So  are we not the as the outside members of the board that haven't been involved with the subcommittee, are we going to be allowed to make suggestions or anything on what we might see, or are we going to work together at all, or is it just going to just be the the trust of the four of you and the subcommittee?",Speaker 2
1:32:33.62,1:32:54.38,5553.62,5574.38,Frank Sprague,"Claremont School Board Chair (opens the meeting [0-3], runs agenda, recognitions and votes; names himself to the lead-safety group [788-808])","Is Jason said, I don't think we're going to be revisiting line by lines by lines. You may have some suggestions, recommendations about some of the, the larger decisions that are being made by the administration in response to our expectations.",Speaker 1
1:32:55.18,1:33:04.18,5575.18,5584.18,Frank Sprague,"Claremont School Board Chair (opens the meeting [0-3], runs agenda, recognitions and votes; names himself to the lead-safety group [788-808])","But I don't think we're going to go back in and revisit, the budget for, athletics say so.",Speaker 1
1:33:04.42,1:33:09.14,5584.42,5589.14,Michelle Pierce,"Claremont School Board member (recognized 'Michelle' [179, 292, 541, 561, 764] before this cluster speaks; 'as a board member' [591])","So in other words, we're not going to have any meeting all together.  It's all done.",Speaker 2
1:33:09.22,1:33:09.54,5589.22,5589.54,Unidentified,Unidentified - cluster of short interjections from several voices,We are.,Speaker 17
1:33:09.78,1:33:13.14,5589.78,5593.14,Michelle Pierce,"Claremont School Board member (recognized 'Michelle' [179, 292, 541, 561, 764] before this cluster speaks; 'as a board member' [591])",Just going to present it. And that's what we have to accept.,Speaker 2
1:33:13.22,1:33:17.34,5593.22,5597.34,Frank Sprague,"Claremont School Board Chair (opens the meeting [0-3], runs agenda, recognitions and votes; names himself to the lead-safety group [788-808])","No, that's not what we're asking you to do is take this with.",Speaker 1
1:33:17.34,1:33:18.02,5597.34,5598.02,Unidentified,Unidentified - cluster of short interjections from several voices,You.,Speaker 17
1:33:18.10,1:33:22.54,5598.10,5602.54,Frank Sprague,"Claremont School Board Chair (opens the meeting [0-3], runs agenda, recognitions and votes; names himself to the lead-safety group [788-808])","Look through it. And if you've got questions on specific things, we'll address those.",Speaker 1
1:33:22.54,1:33:23.98,5602.54,5603.98,Unidentified,Unidentified - cluster of short interjections from several voices,Specific questions.,Speaker 17
1:33:24.06,1:33:28.42,5604.06,5608.42,Michelle Pierce,"Claremont School Board member (recognized 'Michelle' [179, 292, 541, 561, 764] before this cluster speaks; 'as a board member' [591])",And then we'll get the full thing next week. Let me.,Speaker 2
1:33:28.50,1:33:54.21,5608.50,5634.21,Frank Sprague,"Claremont School Board Chair (opens the meeting [0-3], runs agenda, recognitions and votes; names himself to the lead-safety group [788-808])","Let me explain a little bit so that you know what what Corey is saying. Some there are some one of the things that that that happened last year is we gave there was some vague information and I'm going to quote Jason for a second. And Jason  said the other day at a meeting without a narrative, a narrative will be created.",Speaker 1
1:33:54.29,1:34:03.66,5634.29,5643.66,Frank Sprague,"Claremont School Board Chair (opens the meeting [0-3], runs agenda, recognitions and votes; names himself to the lead-safety group [788-808])","And so we are we are being very cautious so that people are not panicked, people are not alarmed.  As.",Speaker 1
1:34:03.66,1:34:04.78,5643.66,5644.78,Unidentified,Unidentified - cluster of short interjections from several voices,To.,Speaker 17
1:34:04.86,1:34:10.10,5644.86,5650.10,Frank Sprague,"Claremont School Board Chair (opens the meeting [0-3], runs agenda, recognitions and votes; names himself to the lead-safety group [788-808])","With some general information at this point in time, we're trying to avoid that.",Speaker 1
1:34:10.18,1:34:29.54,5650.18,5669.54,Michelle Pierce,"Claremont School Board member (recognized 'Michelle' [179, 292, 541, 561, 764] before this cluster speaks; 'as a board member' [591])","So I think that's great that you were able to explain that just now, because, you know, I feel like as a board member, I'm in the dark. And maybe now that you've said it and explain it like that, that maybe even the community might understand a little better. Yeah. You know, I, I really  have honestly felt almost left out of the process.",Speaker 2
1:34:29.62,1:34:56.90,5669.62,5696.90,Michelle Pierce,"Claremont School Board member (recognized 'Michelle' [179, 292, 541, 561, 764] before this cluster speaks; 'as a board member' [591])","Seriously.  And  I'm not trying to be rude. However, it's like the vote earlier today. I'd like to explain to you guys that I felt that we we could benefit from having both sides of the coin so that so that in case we had a fall back, we had a safety net for the for the food vending. And I understand the, the I understand because I've had to go to the soup kitchen just last week to get food.",Speaker 2
1:34:56.90,1:35:21.90,5696.90,5721.90,Michelle Pierce,"Claremont School Board member (recognized 'Michelle' [179, 292, 541, 561, 764] before this cluster speaks; 'as a board member' [591])","So I understand the importance of the pantries. A lot of times I feed the kids in my neighborhood,  but my problem with this is, is that I feel like it's great that our budget is looking so much better, and it's going to be coming out  a lot more professionally done.  Absolutely. It's amazing. However, there's been no conversations that have said so.",Speaker 2
1:35:21.98,1:35:31.78,5721.98,5731.78,Michelle Pierce,"Claremont School Board member (recognized 'Michelle' [179, 292, 541, 561, 764] before this cluster speaks; 'as a board member' [591])",This is our update this week that I feel like really made sense to me. And then it.,Speaker 2
1:35:31.86,1:35:39.54,5731.86,5739.54,Michelle Pierce,"Claremont School Board member (recognized 'Michelle' [179, 292, 541, 561, 764] before this cluster speaks; 'as a board member' [591])","I just I'm, I'm not understanding a few things about this year's budget. So in order to understand I might have to ask these questions.",Speaker 2
1:35:39.66,1:35:40.22,5739.66,5740.22,Unidentified,Unidentified - cluster of short interjections from several voices,"Yeah, absolutely.",Speaker 17
1:35:40.26,1:35:40.74,5740.26,5740.74,Frank Sprague,"Claremont School Board Chair (opens the meeting [0-3], runs agenda, recognitions and votes; names himself to the lead-safety group [788-808])",That's why we.,Speaker 1
1:35:40.74,1:35:41.05,5740.74,5741.05,Unidentified,Unidentified - cluster of short interjections from several voices,Can't do.,Speaker 17
1:35:41.05,1:36:06.62,5741.05,5766.62,Michelle Pierce,"Claremont School Board member (recognized 'Michelle' [179, 292, 541, 561, 764] before this cluster speaks; 'as a board member' [591])","The  if I don't have all of the paperwork, how can I just saying yes or no to a budget.  I mean, I, I understand what you're saying.  However, I don't believe it was the board's issue  that happened last year. And I'm not blaming anybody. I'm just saying that the responsibility of who spoke about who was going to be like, go and stuff, that person is no longer here.",Speaker 2
1:36:06.70,1:36:12.50,5766.70,5772.50,Michelle Pierce,"Claremont School Board member (recognized 'Michelle' [179, 292, 541, 561, 764] before this cluster speaks; 'as a board member' [591])","So I feel like you guys, I feel like you sheltered in everything and nobody can hear about it. We're going to quietly open it up.",Speaker 2
1:36:12.58,1:36:32.10,5772.58,5792.10,Frank Sprague,"Claremont School Board Chair (opens the meeting [0-3], runs agenda, recognitions and votes; names himself to the lead-safety group [788-808])","We've just we've just finished. We had our our next to last meeting yesterday. We were not anywhere near prepared to give you this document. I think some people really burned the midnight oil. Getting this ready for collating all the information, all of the work into the document that you have.",Speaker 1
1:36:32.22,1:36:34.02,5792.22,5794.02,Unidentified,Unidentified - cluster of short interjections from several voices,"Yeah, sure I have, I have.",Speaker 17
1:36:34.10,1:37:06.14,5794.10,5826.14,Michelle Pierce,"Claremont School Board member (recognized 'Michelle' [179, 292, 541, 561, 764] before this cluster speaks; 'as a board member' [591])","I have no issues. And I know people work really hard and I'm not debating anything. I'm just expressing how I feel as a as a board member, not personally. This isn't personal.  This is this is my feeling as a board member. And if I'm feeling this way and there might be a few other people that might be. So I'm simply asking the questions of I understand, but as a board member, why wouldn't I be able to have the full scope so that I can make decisions?",Speaker 2
1:37:06.26,1:37:24.38,5826.26,5844.38,Michelle Pierce,"Claremont School Board member (recognized 'Michelle' [179, 292, 541, 561, 764] before this cluster speaks; 'as a board member' [591])","Why do I have to go back with half of it, or even 99% of it? And I understand that you're going to tell me that it's that a concern if you have to let go of you know, I get that. However, as a board member, we're probably, you know, told that we don't this doesn't get passed out as a board member.",Speaker 2
1:37:24.38,1:37:33.42,5844.38,5853.42,Michelle Pierce,"Claremont School Board member (recognized 'Michelle' [179, 292, 541, 561, 764] before this cluster speaks; 'as a board member' [591])",We don't go discussing that information. So I don't feel like I'm even trusted because it could have been there.,Speaker 2
1:37:33.50,1:37:55.39,5853.50,5875.39,Cory LeClair,"Assistant Superintendent, SAU 6 (presents donations, the federal-funding report and policies; addressed 'Corey' [92, 465, 610]; 'Josh and I' [372])","I think if you reframe it and think about it as you're getting this two weeks in advance and then get the rest of the information one week in advance, which is the board policy. So we wanted to make sure you had extra time to look through the 64 pages and thousands of lines, and then the rest of the material you would get within board policy prior to the next board meeting.",Speaker 12
1:37:55.47,1:38:23.90,5875.47,5903.90,Rebecca Zullo,Claremont School Board Vice Chair (recognized 'I've got Rebecca and then Michelle.' [764] before [765]; 'Rebecca seconded' [685] after [648]),"So I just want to share my take on this. And that is I feel like you guys have worked hard. I need to  put my big girl trustee pants on and trust that you guys have, done exactly what you've said you were going to do. And and the flip side of that is, I feel like I have an opportunity to look at this, and if I have questions or concerns or I want some justification on something, you guys are going to be able to justify why you change something, why you decrease, why you increased, and those sorts of things.",Speaker 18
1:38:23.90,1:38:41.90,5903.90,5921.90,Rebecca Zullo,Claremont School Board Vice Chair (recognized 'I've got Rebecca and then Michelle.' [764] before [765]; 'Rebecca seconded' [685] after [648]),"So I think that that is going to be much smoother this year, and it is my expectation that answers will be clear and concise and transparent, and we will know what's going on. So I appreciate this  a lot. And I am going to put my trusty pants on.",Speaker 18
1:38:41.98,1:38:43.38,5921.98,5923.38,Unidentified,Unidentified - cluster of short interjections from several voices,Thank you.,Speaker 17
1:38:43.46,1:38:45.58,5923.46,5925.58,Rebecca Zullo,Claremont School Board Vice Chair (recognized 'I've got Rebecca and then Michelle.' [764] before [765]; 'Rebecca seconded' [685] after [648]),I'll hunt you down.,Speaker 18
1:38:45.66,1:38:46.86,5925.66,5926.86,Frank Sprague,"Claremont School Board Chair (opens the meeting [0-3], runs agenda, recognitions and votes; names himself to the lead-safety group [788-808])",Any other comments before.,Speaker 1
1:38:46.86,1:38:47.58,5926.86,5927.58,Unidentified,Unidentified - cluster of short interjections from several voices,In close.,Speaker 17
1:38:47.66,1:39:03.22,5927.66,5943.22,Michael Petrin,"Claremont School Board member, budget subcommittee (chair: 'So might do you have anything to add as part of the group?' [538] before [540]; 'I'm very aware of that, Michael' [602]; Benware: 'exactly what Mike said' [778])","So I just I, I just want to make it clear that this is probably 99, 98% of what's there. The rest of the information is can be possibly sensitive information that  we don't want to get.",Speaker 14
1:39:03.30,1:39:35.70,5943.30,5975.70,Michelle Pierce,"Claremont School Board member (recognized 'Michelle' [179, 292, 541, 561, 764] before this cluster speaks; 'as a board member' [591])","I'm very aware of that, Michael. We watched it happened last year. We were here and it was a horrible situation for many people because it was almost personal in some states. In some instances, it was personal. So  I'm I'm just telling you that as a board member of a team of people  that myself seeing a paper and, and then the fact that part of your committee would be to pass out all of the information and then that's private.",Speaker 2
1:39:35.78,1:39:41.62,5975.78,5981.62,Michelle Pierce,"Claremont School Board member (recognized 'Michelle' [179, 292, 541, 561, 764] before this cluster speaks; 'as a board member' [591])",You can't talk about it  then that nobody talks about it. But we're given we're not trusting.,Speaker 2
1:39:41.70,1:39:44.30,5981.70,5984.30,Michael Petrin,"Claremont School Board member, budget subcommittee (chair: 'So might do you have anything to add as part of the group?' [538] before [540]; 'I'm very aware of that, Michael' [602]; Benware: 'exactly what Mike said' [778])",No. There's information that's not ready to be public yet.,Speaker 14
1:39:44.34,1:39:54.82,5984.34,5994.82,Michelle Pierce,"Claremont School Board member (recognized 'Michelle' [179, 292, 541, 561, 764] before this cluster speaks; 'as a board member' [591])","Oh, great. But it's okay to I guess I'm really feeling like you can't even trust another board member on the board once.",Speaker 2
1:39:54.82,1:39:55.26,5994.82,5995.26,Unidentified,Unidentified - cluster of short interjections from several voices,It's.,Speaker 17
1:39:55.34,1:40:16.14,5995.34,6016.14,Michael Petrin,"Claremont School Board member, budget subcommittee (chair: 'So might do you have anything to add as part of the group?' [538] before [540]; 'I'm very aware of that, Michael' [602]; Benware: 'exactly what Mike said' [778])","Well, no, once it's here in the packet, it's public information. What we've discussed there are small. There's a small piece that we don't feel is ready to be public yet. So if we give it to you, if we go to the board, it is then public information. So that's why it'll be brought forth at our next meeting to make that public information.",Speaker 14
1:40:16.14,1:40:20.62,6016.14,6020.62,Michael Petrin,"Claremont School Board member, budget subcommittee (chair: 'So might do you have anything to add as part of the group?' [538] before [540]; 'I'm very aware of that, Michael' [602]; Benware: 'exactly what Mike said' [778])",Once we have our final meeting to discuss that.,Speaker 14
1:40:20.70,1:40:20.82,6020.70,6020.82,Unidentified,Unidentified - cluster of short interjections from several voices,We.,Speaker 17
1:40:20.82,1:40:27.90,6020.82,6027.90,Frank Sprague,"Claremont School Board Chair (opens the meeting [0-3], runs agenda, recognitions and votes; names himself to the lead-safety group [788-808])","Don't want to give. As Corey said, we don't want to give you so much information where someone says, gee, I wish I'd had two weeks to look.",Speaker 1
1:40:27.94,1:40:29.49,6027.94,6029.49,Unidentified,Unidentified - cluster of short interjections from several voices,At this or yeah.,Speaker 17
1:40:29.66,1:40:50.74,6029.66,6050.74,Michelle Pierce,"Claremont School Board member (recognized 'Michelle' [179, 292, 541, 561, 764] before this cluster speaks; 'as a board member' [591])","I, I personally appreciate having the extra time, but I'm going to go back again to the same thing. And I have a couple other issues actually, and I request every request that I please be able to move back towards the front so that I can hear everybody better.  I cannot hear or see or understand, have what's going on down here at the end.",Speaker 2
1:40:50.82,1:41:20.38,6050.82,6080.38,Michelle Pierce,"Claremont School Board member (recognized 'Michelle' [179, 292, 541, 561, 764] before this cluster speaks; 'as a board member' [591])","And that's a request you can either you can talk about it later I don't care.  I just want to let you know.  And the fact is, is that this whole budget thing is great. However, if you even said to us privately in a non public meeting, this is the rest of it, you could have done that. So  there are options here where it could have made the board members that aren't here aren't involved, aren't involved in your subcommittee able to be a part of it.",Speaker 2
1:41:20.38,1:41:24.74,6080.38,6084.74,Michelle Pierce,"Claremont School Board member (recognized 'Michelle' [179, 292, 541, 561, 764] before this cluster speaks; 'as a board member' [591])",All of it at the  that's all.,Speaker 2
1:41:24.82,1:41:29.42,6084.82,6089.42,Michael Petrin,"Claremont School Board member, budget subcommittee (chair: 'So might do you have anything to add as part of the group?' [538] before [540]; 'I'm very aware of that, Michael' [602]; Benware: 'exactly what Mike said' [778])",We did. Also send an email asking for any questions apparently through a process.,Speaker 14
1:41:29.42,1:41:30.86,6089.42,6090.86,Michelle Pierce,"Claremont School Board member (recognized 'Michelle' [179, 292, 541, 561, 764] before this cluster speaks; 'as a board member' [591])",So excuse me.,Speaker 2
1:41:30.94,1:41:34.86,6090.94,6094.86,Michael Petrin,"Claremont School Board member, budget subcommittee (chair: 'So might do you have anything to add as part of the group?' [538] before [540]; 'I'm very aware of that, Michael' [602]; Benware: 'exactly what Mike said' [778])","We said there was an email that went out halfway through our process, asked.",Speaker 14
1:41:34.86,1:41:35.70,6094.86,6095.70,Michelle Pierce,"Claremont School Board member (recognized 'Michelle' [179, 292, 541, 561, 764] before this cluster speaks; 'as a board member' [591])",Me any.,Speaker 2
1:41:35.74,1:41:36.70,6095.74,6096.70,Unidentified,Unidentified - cluster of short interjections from several voices,Emails. Asking if any.,Speaker 17
1:41:36.94,1:41:37.58,6096.94,6097.58,Michael Petrin,"Claremont School Board member, budget subcommittee (chair: 'So might do you have anything to add as part of the group?' [538] before [540]; 'I'm very aware of that, Michael' [602]; Benware: 'exactly what Mike said' [778])",Board members.,Speaker 14
1:41:37.62,1:41:40.10,6097.62,6100.10,Unidentified,Unidentified - cluster of short interjections from several voices,Everybody got response.,Speaker 17
1:41:40.18,1:41:54.06,6100.18,6114.06,Rebecca Zullo,Claremont School Board Vice Chair (recognized 'I've got Rebecca and then Michelle.' [764] before [765]; 'Rebecca seconded' [685] after [648]),"The point taken. I think that's a good point. And I hear what you're saying, and I think we can all appreciate your input and maybe take that into consideration for next year or discuss it. So thank you for sharing your point, Michelle.",Speaker 18
1:41:54.14,1:41:54.86,6114.14,6114.86,Unidentified,Unidentified - cluster of short interjections from several voices,Time to move on.,Speaker 17
1:41:54.98,1:42:09.53,6114.98,6129.53,Carolyn Towle,Claremont School Board member (recognized 'Go ahead. Carolyn?' [310] before [312] and 'Jason. And then Carolyn.' [732] before [736]; capital improvement plan advocacy [845-863]),"Carol, I just would like to make one  final comment that we decided as a board to have the the subcommittee budget committee. So that was  all of our wishes and we voted for the subcommittee.",Speaker 7
1:42:09.54,1:42:29.30,6129.54,6149.30,Rebecca Zullo,Claremont School Board Vice Chair (recognized 'I've got Rebecca and then Michelle.' [764] before [765]; 'Rebecca seconded' [685] after [648]),"So and maybe I'm sorry, but maybe at the end of the process, after the budget has gone through, we could, just have a debrief on what we think went well, what we think didn't go well. And maybe exactly like the deliberative session, you just have to have a quick meeting  and, move forward.",Speaker 18
1:42:29.38,1:42:30.41,6149.38,6150.41,Frank Sprague,"Claremont School Board Chair (opens the meeting [0-3], runs agenda, recognitions and votes; names himself to the lead-safety group [788-808])","Michelle, I'm going to end the.",Speaker 1
1:42:30.58,1:42:31.74,6150.58,6151.74,Unidentified,Unidentified - cluster of short interjections from several voices,And we've got.,Speaker 17
1:42:31.82,1:43:04.78,6151.82,6184.78,Michelle Pierce,"Claremont School Board member (recognized 'Michelle' [179, 292, 541, 561, 764] before this cluster speaks; 'as a board member' [591])","One more thing because I told you that I had issues. I have board issues, I have issues, and you're a team. We're supposed to be a team, and I'm having issues, so I have the right to to, you know,  can we do that? And one of those things is, is this that, you know, these these things came down  about being respectful,  not being making,  a gesture or, you know, your emotions through putting your hands in your face or, you know, things like that.",Speaker 2
1:43:04.78,1:43:24.62,6184.78,6204.62,Michelle Pierce,"Claremont School Board member (recognized 'Michelle' [179, 292, 541, 561, 764] before this cluster speaks; 'as a board member' [591])","And that's continued. And there's been no stopping it tonight. I held my hands up politely and quietly and didn't interrupt, waiting, as I've been trying to do  at the last few board meetings, because that was a suggestion made by one of the other board members, the two of them, actually. So I've done I've really tried to make efforts.",Speaker 2
1:43:24.74,1:43:52.78,6204.74,6232.78,Michelle Pierce,"Claremont School Board member (recognized 'Michelle' [179, 292, 541, 561, 764] before this cluster speaks; 'as a board member' [591])","However, there are are a few people who just keep bulldozing through and start talking. And don't you know, I don't feel  that that's fair that you ask us to do that. And then I'm specifically asked to do that  by a couple of boy members, and then it continues. And, and, I have a real beef about that, because  here I am trying to do what everybody wants me to do and try to do the right thing.",Speaker 2
1:43:53.02,1:44:12.30,6233.02,6252.30,Michelle Pierce,"Claremont School Board member (recognized 'Michelle' [179, 292, 541, 561, 764] before this cluster speaks; 'as a board member' [591])","And there are people that just continue talking through, and they and they, they don't stop. They just keep talking. So now I'm done. I appreciate the board. I have appreciated working with all of you. I just feel like out of the loop completely. I mean, I feel like the new guy. Like the new guy.",Speaker 2
1:44:12.38,1:44:14.34,6252.38,6254.34,Unidentified,Unidentified - cluster of short interjections from several voices,Welcome aboard. Okay.,Speaker 17
1:44:14.42,1:44:20.02,6254.42,6260.02,Frank Sprague,"Claremont School Board Chair (opens the meeting [0-3], runs agenda, recognitions and votes; names himself to the lead-safety group [788-808])","Let's move on to, policy subcommittee.",Speaker 1
1:44:20.10,1:44:21.18,6260.10,6261.18,Unidentified,Unidentified - cluster of short interjections from several voices,Policy subcommittee.,Speaker 17
1:44:21.26,1:44:40.02,6261.26,6280.02,Cory LeClair,"Assistant Superintendent, SAU 6 (presents donations, the federal-funding report and policies; addressed 'Corey' [92, 465, 610]; 'Josh and I' [372])","Policy subcommittee has met on two occasions  in the last couple of months. We have a plan or expectation this year to get through sections A, B, C, D, and J.",Speaker 12
1:44:40.10,1:44:43.18,6280.10,6283.18,Carolyn Towle,Claremont School Board member (recognized 'Go ahead. Carolyn?' [310] before [312] and 'Jason. And then Carolyn.' [732] before [736]; capital improvement plan advocacy [845-863]),Yes.,Speaker 7
1:44:43.26,1:45:21.54,6283.26,6321.54,Cory LeClair,"Assistant Superintendent, SAU 6 (presents donations, the federal-funding report and policies; addressed 'Corey' [92, 465, 610]; 'Josh and I' [372])","A, B, A, B, C, D, and j. And so we've worked through much of that. And so you have two sections here under Policy subcommittee. The first is policies b a and BAA. Those were policies, if you recall back, those of you who are here to the April meetings and Mr. Horse  was on the board, and so I asked the April minutes before you  around those policies, they had some language change suggested, but they never made it through the full policy process.",Speaker 12
1:45:21.74,1:45:33.38,6321.74,6333.38,Cory LeClair,"Assistant Superintendent, SAU 6 (presents donations, the federal-funding report and policies; addressed 'Corey' [92, 465, 610]; 'Josh and I' [372])","So that's why they are on this agenda for a second and potentially final read, because they weren't officially adopted in April.",Speaker 12
1:45:33.46,1:45:36.90,6333.46,6336.90,Jason Benware,"Claremont School Board member, budget subcommittee (chair: 'Mr.. Ben, where could I have a motion' [13]; recognized 'Jason' [231, 732, 794, 868]; 'Frank, Mike and myself' [504])",So we've had these in our email for for a while now.,Speaker 3
1:45:36.98,1:45:37.74,6336.98,6337.74,Unidentified,Unidentified - cluster of short interjections from several voices,Yeah.,Speaker 17
1:45:37.82,1:45:41.18,6337.82,6341.18,Jason Benware,"Claremont School Board member, budget subcommittee (chair: 'Mr.. Ben, where could I have a motion' [13]; recognized 'Jason' [231, 732, 794, 868]; 'Frank, Mike and myself' [504])",So I'm going to move that we.,Speaker 3
1:45:41.26,1:45:47.62,6341.26,6347.62,Jason Benware,"Claremont School Board member, budget subcommittee (chair: 'Mr.. Ben, where could I have a motion' [13]; recognized 'Jason' [231, 732, 794, 868]; 'Frank, Mike and myself' [504])",Move this to third and final read. B a and b a.,Speaker 3
1:45:47.70,1:45:49.10,6347.70,6349.10,Michael Petrin,"Claremont School Board member, budget subcommittee (chair: 'So might do you have anything to add as part of the group?' [538] before [540]; 'I'm very aware of that, Michael' [602]; Benware: 'exactly what Mike said' [778])",I'll second that.,Speaker 14
1:45:49.18,1:45:50.22,6349.18,6350.22,Frank Sprague,"Claremont School Board Chair (opens the meeting [0-3], runs agenda, recognitions and votes; names himself to the lead-safety group [788-808])",Okay. Discussion.,Speaker 1
1:45:50.34,1:45:54.66,6350.34,6354.66,Rebecca Zullo,Claremont School Board Vice Chair (recognized 'I've got Rebecca and then Michelle.' [764] before [765]; 'Rebecca seconded' [685] after [648]),I'm just does it have to go to a third and final reader? Could we just move to accept it?,Speaker 18
1:45:54.71,1:45:55.30,6354.71,6355.30,Jason Benware,"Claremont School Board member, budget subcommittee (chair: 'Mr.. Ben, where could I have a motion' [13]; recognized 'Jason' [231, 732, 794, 868]; 'Frank, Mike and myself' [504])","Well, I meant.",Speaker 3
1:45:55.30,1:45:57.98,6355.30,6357.98,Unidentified,Unidentified - cluster of short interjections from several voices,I just want to. Second. Second.,Speaker 17
1:45:58.06,1:45:58.58,6358.06,6358.58,Rebecca Zullo,Claremont School Board Vice Chair (recognized 'I've got Rebecca and then Michelle.' [764] before [765]; 'Rebecca seconded' [685] after [648]),Second.,Speaker 18
1:45:58.66,1:46:02.14,6358.66,6362.14,Jason Benware,"Claremont School Board member, budget subcommittee (chair: 'Mr.. Ben, where could I have a motion' [13]; recognized 'Jason' [231, 732, 794, 868]; 'Frank, Mike and myself' [504])",I will amend what I just said. I would like to move this a second and final read then.,Speaker 3
1:46:02.18,1:46:02.42,6362.18,6362.42,Unidentified,Unidentified - cluster of short interjections from several voices,Okay.,Speaker 17
1:46:02.46,1:46:03.62,6362.46,6363.62,Jason Benware,"Claremont School Board member, budget subcommittee (chair: 'Mr.. Ben, where could I have a motion' [13]; recognized 'Jason' [231, 732, 794, 868]; 'Frank, Mike and myself' [504])",So call this a final read.,Speaker 3
1:46:03.66,1:46:04.50,6363.66,6364.50,Frank Sprague,"Claremont School Board Chair (opens the meeting [0-3], runs agenda, recognitions and votes; names himself to the lead-safety group [788-808])",So we're talking about.,Speaker 1
1:46:04.54,1:46:05.58,6364.54,6365.58,Unidentified,Unidentified - cluster of short interjections from several voices,BAAA.,Speaker 17
1:46:05.76,1:46:06.10,6365.76,6366.10,Jason Benware,"Claremont School Board member, budget subcommittee (chair: 'Mr.. Ben, where could I have a motion' [13]; recognized 'Jason' [231, 732, 794, 868]; 'Frank, Mike and myself' [504])",A a.,Speaker 3
1:46:06.18,1:46:06.98,6366.18,6366.98,Frank Sprague,"Claremont School Board Chair (opens the meeting [0-3], runs agenda, recognitions and votes; names himself to the lead-safety group [788-808])",Yes okay.,Speaker 1
1:46:06.98,1:46:10.58,6366.98,6370.58,Unidentified,Unidentified - cluster of short interjections from several voices,Just those two. Yeah.,Speaker 17
1:46:10.66,1:46:14.34,6370.66,6374.34,Unidentified,Unidentified - cluster of short interjections from several voices,Second that.,Speaker 17
1:46:14.42,1:46:23.18,6374.42,6383.18,Frank Sprague,"Claremont School Board Chair (opens the meeting [0-3], runs agenda, recognitions and votes; names himself to the lead-safety group [788-808])",Yeah. Further discussion.,Speaker 1
1:46:23.26,1:46:33.30,6383.26,6393.30,Frank Sprague,"Claremont School Board Chair (opens the meeting [0-3], runs agenda, recognitions and votes; names himself to the lead-safety group [788-808])",So can the committee just talk to us for a second about changes or.,Speaker 1
1:46:33.38,1:46:34.50,6393.38,6394.50,Cory LeClair,"Assistant Superintendent, SAU 6 (presents donations, the federal-funding report and policies; addressed 'Corey' [92, 465, 610]; 'Josh and I' [372])",Of those two policies.,Speaker 12
1:46:34.54,1:46:38.26,6394.54,6398.26,Frank Sprague,"Claremont School Board Chair (opens the meeting [0-3], runs agenda, recognitions and votes; names himself to the lead-safety group [788-808])","Yeah, yeah.",Speaker 1
1:46:38.34,1:46:44.48,6398.34,6404.48,Carolyn Towle,Claremont School Board member (recognized 'Go ahead. Carolyn?' [310] before [312] and 'Jason. And then Carolyn.' [732] before [736]; capital improvement plan advocacy [845-863]),What's the wording change.,Speaker 7
1:46:44.56,1:46:56.78,6404.56,6416.78,Cory LeClair,"Assistant Superintendent, SAU 6 (presents donations, the federal-funding report and policies; addressed 'Corey' [92, 465, 610]; 'Josh and I' [372])",That language was added to those to indicate a deadline.,Speaker 12
1:46:56.86,1:47:00.34,6416.86,6420.34,Cory LeClair,"Assistant Superintendent, SAU 6 (presents donations, the federal-funding report and policies; addressed 'Corey' [92, 465, 610]; 'Josh and I' [372])",So for be a.,Speaker 12
1:47:00.42,1:47:20.74,6420.42,6440.74,Cory LeClair,"Assistant Superintendent, SAU 6 (presents donations, the federal-funding report and policies; addressed 'Corey' [92, 465, 610]; 'Josh and I' [372])",Goals and objectives and it just adds language. These goals and objectives will be identified by the second meeting. So put a timeline on the identification of the deadline and then policy B a instead of at the conclusion of each year changing that language to say by the last board meeting in February and that the evaluation.,Speaker 12
1:47:20.78,1:47:25.94,6440.78,6445.94,Frank Sprague,"Claremont School Board Chair (opens the meeting [0-3], runs agenda, recognitions and votes; names himself to the lead-safety group [788-808])",I remember okay. And we never we never went to the final.,Speaker 1
1:47:26.06,1:47:29.18,6446.06,6449.18,Unidentified,Unidentified - short procedural fragments during the policy votes,No. We never.,Speaker 16
1:47:29.26,1:47:38.04,6449.26,6458.04,Cory LeClair,"Assistant Superintendent, SAU 6 (presents donations, the federal-funding report and policies; addressed 'Corey' [92, 465, 610]; 'Josh and I' [372])",Have proved language changes.,Speaker 12
1:47:38.12,1:47:41.84,6458.12,6461.84,Cory LeClair,"Assistant Superintendent, SAU 6 (presents donations, the federal-funding report and policies; addressed 'Corey' [92, 465, 610]; 'Josh and I' [372])",The  official policy was a bit difficult.,Speaker 12
1:47:41.92,1:47:46.04,6461.92,6466.04,Unidentified,Unidentified - short procedural fragments during the policy votes,"Okay,  okay. That's done. Now for the discussion.",Speaker 16
1:47:46.12,1:47:46.64,6466.12,6466.64,Frank Sprague,"Claremont School Board Chair (opens the meeting [0-3], runs agenda, recognitions and votes; names himself to the lead-safety group [788-808])",All those in.,Speaker 1
1:47:46.64,1:47:52.04,6466.64,6472.04,Unidentified,Unidentified - short procedural fragments during the policy votes,Favor of those two policies I posed.,Speaker 16
1:47:52.12,1:47:54.16,6472.12,6474.16,Michael Petrin,"Claremont School Board member, budget subcommittee (chair: 'So might do you have anything to add as part of the group?' [538] before [540]; 'I'm very aware of that, Michael' [602]; Benware: 'exactly what Mike said' [778])",Good work.,Speaker 14
1:47:54.24,1:47:58.00,6474.24,6478.00,Jason Benware,"Claremont School Board member, budget subcommittee (chair: 'Mr.. Ben, where could I have a motion' [13]; recognized 'Jason' [231, 732, 794, 868]; 'Frank, Mike and myself' [504])",So then.,Speaker 3
1:47:58.08,1:48:02.77,6478.08,6482.77,Jason Benware,"Claremont School Board member, budget subcommittee (chair: 'Mr.. Ben, where could I have a motion' [13]; recognized 'Jason' [231, 732, 794, 868]; 'Frank, Mike and myself' [504])",The next thing would be to.,Speaker 3
1:48:02.85,1:48:44.72,6482.85,6524.72,Cory LeClair,"Assistant Superintendent, SAU 6 (presents donations, the federal-funding report and policies; addressed 'Corey' [92, 465, 610]; 'Josh and I' [372])","Their  list of policies. And as the policy subcommittee has gone through the existing policies, we've looked to see, if there have been renewed assets that have changed, that would indicate a need for a change of the policies locally or that we've had any local, situations or occurrences that would require us to change the policy locally. And so the next chunk of policies that you have have been reviewed by the policy subcommittee, identified as having no changes in state statute or anything else since the last time those policies were, officially adopted.",Speaker 12
1:48:44.80,1:49:02.76,6524.80,6542.76,Cory LeClair,"Assistant Superintendent, SAU 6 (presents donations, the federal-funding report and policies; addressed 'Corey' [92, 465, 610]; 'Josh and I' [372])","So it's just a formal review that says, okay, we've looked at these policies. Nothing has changed. They're still good as they are, and we're just saying that we as a board are now reviewing them, and they'll go back in the cycle to be reviewed on on the cycle that's been established.",Speaker 12
1:49:02.84,1:49:29.48,6542.84,6569.48,Jason Benware,"Claremont School Board member, budget subcommittee (chair: 'Mr.. Ben, where could I have a motion' [13]; recognized 'Jason' [231, 732, 794, 868]; 'Frank, Mike and myself' [504])","A lot of these are, I mean, pretty much verbatim of what the state has already written in their statutes. So that being said,  I'm going to move that we move, policies a a a a a DADDAEBAAABBBCBBBBBBBB and BBBH to a second rate I.",Speaker 3
1:49:29.56,1:49:33.44,6569.56,6573.44,Rebecca Zullo,Claremont School Board Vice Chair (recognized 'I've got Rebecca and then Michelle.' [764] before [765]; 'Rebecca seconded' [685] after [648]),I think they're reviewed right so they don't need to go in a second.,Speaker 18
1:49:33.52,1:49:34.04,6573.52,6574.04,Unidentified,Unidentified - short procedural fragments during the policy votes,Can we heard.,Speaker 16
1:49:34.04,1:49:34.24,6574.04,6574.24,Unidentified,Unidentified - short response,Them.,Speaker 6
1:49:34.44,1:49:35.68,6574.44,6575.68,Cory LeClair,"Assistant Superintendent, SAU 6 (presents donations, the federal-funding report and policies; addressed 'Corey' [92, 465, 610]; 'Josh and I' [372])",Approve as review.,Speaker 12
1:49:35.76,1:49:36.44,6575.76,6576.44,Unidentified,Unidentified - short procedural fragments during the policy votes,Sounds even.,Speaker 16
1:49:36.44,1:49:42.32,6576.44,6582.32,Jason Benware,"Claremont School Board member, budget subcommittee (chair: 'Mr.. Ben, where could I have a motion' [13]; recognized 'Jason' [231, 732, 794, 868]; 'Frank, Mike and myself' [504])",Better I move that we do all of that that I just said to reviewed and approved.,Speaker 3
1:49:42.40,1:49:46.76,6582.40,6586.76,Frank Sprague,"Claremont School Board Chair (opens the meeting [0-3], runs agenda, recognitions and votes; names himself to the lead-safety group [788-808])",Second Rebecca Rebecca seconded further discussion on.,Speaker 1
1:49:46.80,1:49:49.12,6586.80,6589.12,Unidentified,Unidentified - short procedural fragments during the policy votes,That hearing.,Speaker 16
1:49:49.12,1:49:50.36,6589.12,6590.36,Frank Sprague,"Claremont School Board Chair (opens the meeting [0-3], runs agenda, recognitions and votes; names himself to the lead-safety group [788-808])",None. All those in favor?,Speaker 1
1:49:50.44,1:49:51.00,6590.44,6591.00,Unidentified,Unidentified - short procedural fragments during the policy votes,Aye.,Speaker 16
1:49:51.08,1:49:54.36,6591.08,6594.36,Frank Sprague,"Claremont School Board Chair (opens the meeting [0-3], runs agenda, recognitions and votes; names himself to the lead-safety group [788-808])","Opposed? Okay, great.",Speaker 1
1:49:54.44,1:50:19.48,6594.44,6619.48,Cory LeClair,"Assistant Superintendent, SAU 6 (presents donations, the federal-funding report and policies; addressed 'Corey' [92, 465, 610]; 'Josh and I' [372])","You'll be getting large chunks of policies like this. You'll get another large chunk at the next December meeting. And then each time the subcommittee meets, we review large chunks, and then we'll be getting towards the same language.  There are other policies that we've reviewed that do require language changes or recommended language changes. So we'll come back around to those we're trying to get through them all.",Speaker 12
1:50:19.48,1:50:35.48,6619.48,6635.48,Cory LeClair,"Assistant Superintendent, SAU 6 (presents donations, the federal-funding report and policies; addressed 'Corey' [92, 465, 610]; 'Josh and I' [372])","First, identify what can just be reviewed or what is pretty benign in terms of the type of changes they have. And then we'll go back to the meteor things that require really a lot more discourse and conversation at a later date.",Speaker 12
1:50:35.56,1:50:50.92,6635.56,6650.92,Keith Pfeifer,"Interim Superintendent, SAU 6 (uncertain - diarized with the chair; he makes and withdraws the CMS athletic coordinator request, which Zullo calls 'what Doctor Pfeiffer listed earlier' [765])","All right. Moving along, CMS athletic coordinator position, I am formally requesting that we be able to staff a stipend, part time stipend, position for.  Seems athletic coordinator.",Speaker 1
1:50:52.52,1:51:01.12,6652.52,6661.12,Keith Pfeifer,"Interim Superintendent, SAU 6 (uncertain - diarized with the chair; he makes and withdraws the CMS athletic coordinator request, which Zullo calls 'what Doctor Pfeiffer listed earlier' [765])","To do things like rescheduling, purchasing, coordination of activities and fields.",Speaker 1
1:51:03.24,1:51:06.36,6663.24,6666.36,Keith Pfeifer,"Interim Superintendent, SAU 6 (uncertain - diarized with the chair; he makes and withdraws the CMS athletic coordinator request, which Zullo calls 'what Doctor Pfeiffer listed earlier' [765])",Our two administrators in that building.,Speaker 1
1:51:08.36,1:51:22.54,6668.36,6682.54,Keith Pfeifer,"Interim Superintendent, SAU 6 (uncertain - diarized with the chair; he makes and withdraws the CMS athletic coordinator request, which Zullo calls 'what Doctor Pfeiffer listed earlier' [765])",Have an overabundance of other student issues that I need them to focus on  rather than doing this activity.,Speaker 1
1:51:22.62,1:51:31.02,6682.62,6691.02,Jason Benware,"Claremont School Board member, budget subcommittee (chair: 'Mr.. Ben, where could I have a motion' [13]; recognized 'Jason' [231, 732, 794, 868]; 'Frank, Mike and myself' [504])","What's the cost? And $8,500 and can we stipend do we have the money? Yes. Two things. What's the costume? Do we have the money? Okay.",Speaker 3
1:51:31.10,1:51:32.10,6691.10,6692.10,Keith Pfeifer,"Interim Superintendent, SAU 6 (uncertain - diarized with the chair; he makes and withdraws the CMS athletic coordinator request, which Zullo calls 'what Doctor Pfeiffer listed earlier' [765])","Yes, we have.",Speaker 1
1:51:32.26,1:51:35.38,6692.26,6695.38,Jason Benware,"Claremont School Board member, budget subcommittee (chair: 'Mr.. Ben, where could I have a motion' [13]; recognized 'Jason' [231, 732, 794, 868]; 'Frank, Mike and myself' [504])",100 and we had okay.,Speaker 3
1:51:35.46,1:51:40.02,6695.46,6700.02,Frank Sprague,"Claremont School Board Chair (opens the meeting [0-3], runs agenda, recognitions and votes; names himself to the lead-safety group [788-808])",So a quick what I when I know Pat did you want to speak to this to.,Speaker 1
1:51:40.10,1:51:41.38,6700.10,6701.38,Cory LeClair,"Assistant Superintendent, SAU 6 (presents donations, the federal-funding report and policies; addressed 'Corey' [92, 465, 610]; 'Josh and I' [372])",Making copies for you guys.,Speaker 12
1:51:41.42,1:51:57.46,6701.42,6717.46,Frank Sprague,"Claremont School Board Chair (opens the meeting [0-3], runs agenda, recognitions and votes; names himself to the lead-safety group [788-808])","Okay. So we'll keep. Okay. One of the things  just with my history and you'll probably hear this from, from Mr. Beaupre when he comes out,  is that that was actually, half or full time position when Gordon dancer.",Speaker 1
1:51:57.70,1:51:59.58,6717.70,6719.58,Carolyn Towle,Claremont School Board member (recognized 'Go ahead. Carolyn?' [310] before [312] and 'Jason. And then Carolyn.' [732] before [736]; capital improvement plan advocacy [845-863]),Yeah. That's good that Gordon.,Speaker 7
1:51:59.66,1:52:29.02,6719.66,6749.02,Frank Sprague,"Claremont School Board Chair (opens the meeting [0-3], runs agenda, recognitions and votes; names himself to the lead-safety group [788-808])","And, it was formally in the purview of of the assistant principal at that time before was got it was Silvius of. Right. And then someone else that was in charge of supervising the games and such, and again, with the with a focus on really the administrators true tasks being supervision and evaluation school climate, particularly in the middle school.",Speaker 1
1:52:29.10,1:52:52.10,6749.10,6772.10,Frank Sprague,"Claremont School Board Chair (opens the meeting [0-3], runs agenda, recognitions and votes; names himself to the lead-safety group [788-808])","Surely scheduling, maintaining law and order at events, being that contact person, 3500 in my mind is very, very short money compared to what we used to spend on that position with a full I believe it was halftime with with with benefits.",Speaker 1
1:52:52.18,1:52:53.74,6772.18,6773.74,Jason Benware,"Claremont School Board member, budget subcommittee (chair: 'Mr.. Ben, where could I have a motion' [13]; recognized 'Jason' [231, 732, 794, 868]; 'Frank, Mike and myself' [504])",Spent 30 grand on it or something.,Speaker 3
1:52:53.78,1:52:54.42,6773.78,6774.42,Carolyn Towle,Claremont School Board member (recognized 'Go ahead. Carolyn?' [310] before [312] and 'Jason. And then Carolyn.' [732] before [736]; capital improvement plan advocacy [845-863]),"Yeah, I.",Speaker 7
1:52:54.42,1:52:55.82,6774.42,6775.82,Frank Sprague,"Claremont School Board Chair (opens the meeting [0-3], runs agenda, recognitions and votes; names himself to the lead-safety group [788-808])",Think it was a benefited position.,Speaker 1
1:52:56.02,1:52:58.06,6776.02,6778.06,Carolyn Towle,Claremont School Board member (recognized 'Go ahead. Carolyn?' [310] before [312] and 'Jason. And then Carolyn.' [732] before [736]; capital improvement plan advocacy [845-863]),It was assistant.,Speaker 7
1:52:58.14,1:53:00.50,6778.14,6780.50,Frank Sprague,"Claremont School Board Chair (opens the meeting [0-3], runs agenda, recognitions and votes; names himself to the lead-safety group [788-808])",Of the building will continue with we have.,Speaker 1
1:53:00.50,1:53:00.98,6780.50,6780.98,Carolyn Towle,Claremont School Board member (recognized 'Go ahead. Carolyn?' [310] before [312] and 'Jason. And then Carolyn.' [732] before [736]; capital improvement plan advocacy [845-863]),Student.,Speaker 7
1:53:00.98,1:53:35.34,6780.98,6815.34,Frank Sprague,"Claremont School Board Chair (opens the meeting [0-3], runs agenda, recognitions and votes; names himself to the lead-safety group [788-808])","Disciplinary matters to do the investigations, whether it's in regular school or because of athletic issues. We've divided it up the duties and responsibilities. It's my understanding that our athletic director will continue to do the bulk of the initial scheduling, but the issue is time to do rescheduling cancellations and  making sure all the officials and other people are present, as well as making sure the fields are prepared.",Speaker 1
1:53:35.42,1:53:48.78,6815.42,6828.78,Frank Sprague,"Claremont School Board Chair (opens the meeting [0-3], runs agenda, recognitions and votes; names himself to the lead-safety group [788-808])","I'm going to invite Mr. Beaupre up to the podium. Will there be will this person do supervision at games, at athletic events of any kind or.",Speaker 1
1:53:48.86,1:53:58.54,6828.86,6838.54,Doug Beaupre,"Athletic Director, Stevens High School (chair: 'I'm going to invite Mr. Beaupre up to the podium' [715]; 'That's where Doug could use some support' [747]; spelling unverified)","Well, that's that was the responsibility of the middle school athletic director. And I mean I.",Speaker 20
1:53:58.62,1:54:48.90,6838.62,6888.90,Doug Beaupre,"Athletic Director, Stevens High School (chair: 'I'm going to invite Mr. Beaupre up to the podium' [715]; 'That's where Doug could use some support' [747]; spelling unverified)","If want I printed out a basically the list of duties that that the middle school a d slash assistant athletic director because I've seen it called both things, have done in the past and, I won't, I won't read, but the list is is fairly, fairly long. But, the bulk of the middle school, athletic director would be scheduling all the events, finding officials for all the events, rescheduling when their games are postponed, scheduling busses for all away events, and and then the other.",Speaker 20
1:54:49.02,1:55:24.30,6889.02,6924.30,Doug Beaupre,"Athletic Director, Stevens High School (chair: 'I'm going to invite Mr. Beaupre up to the podium' [715]; 'That's where Doug could use some support' [747]; spelling unverified)","And then the the big time consuming one would be covering the event so that there is somebody, you know, a game director,  there at, at each of the events to in case somebody gets hurt in case, you know, we need to to some unruly fans. You know, you want to have somebody from from the schools in charge of covering those events, way it was in the past.",Speaker 20
1:55:24.38,1:56:07.66,6924.38,6967.66,Doug Beaupre,"Athletic Director, Stevens High School (chair: 'I'm going to invite Mr. Beaupre up to the podium' [715]; 'That's where Doug could use some support' [747]; spelling unverified)","And I know this is my fourth year here, but I did spend 15 years as the athletic director over at Newport, and we did a lot of scheduling with middle school athletics over here. The way it had been run in the past was it was the assistant principal, who basically ran the the athletic program, did everything that was on this list because Sylvia, when I, I worked with her quite a bit and then I think, Gordon might have been I believe he was the first athletic director over at the middle school.",Speaker 20
1:56:07.66,1:56:21.74,6967.66,6981.74,Doug Beaupre,"Athletic Director, Stevens High School (chair: 'I'm going to invite Mr. Beaupre up to the podium' [715]; 'That's where Doug could use some support' [747]; spelling unverified)","And then there had been a progression of them. But,  before there was an actual position. Athletic director over here. It was. It was done by  the assistant principal.",Speaker 20
1:56:21.82,1:56:23.50,6981.82,6983.50,Frank Sprague,"Claremont School Board Chair (opens the meeting [0-3], runs agenda, recognitions and votes; names himself to the lead-safety group [788-808])",Right.,Speaker 1
1:56:23.58,1:56:51.82,6983.58,7011.82,Doug Beaupre,"Athletic Director, Stevens High School (chair: 'I'm going to invite Mr. Beaupre up to the podium' [715]; 'That's where Doug could use some support' [747]; spelling unverified)","I'm certainly willing  to take on, you know, the scheduling. I've, I did for both the fall and the, winter. And we'll do it in the spring when we have our middle school. We actually  have been hosting the middle school scheduling meetings. Just because it's, you know, it's easier for whoever was in this position here.",Speaker 20
1:56:51.82,1:57:22.94,7011.82,7042.94,Doug Beaupre,"Athletic Director, Stevens High School (chair: 'I'm going to invite Mr. Beaupre up to the podium' [715]; 'That's where Doug could use some support' [747]; spelling unverified)","And now it's a lot easier for for me to have it over at the high school than than have to travel wherever we're going to have wherever it would be.  And along with that, you know, I certainly would, could continue doing the bus schedule, working with Pam, making sure that, you know, we have the right number of busses going out each day because allowed to have two busses for all of our athletic programs each day.",Speaker 20
1:57:23.02,1:57:49.62,7043.02,7069.62,Doug Beaupre,"Athletic Director, Stevens High School (chair: 'I'm going to invite Mr. Beaupre up to the podium' [715]; 'That's where Doug could use some support' [747]; spelling unverified)","And but it's, it's, you know, it's impossible to cover games when I'm covering Stevens High school games.  And, you know, it just, and I and I'm right now I'm cutting checks for the high school in the middle school, and I'm certainly willing to continue to do that as well. But this was, you know, it was a paid position.",Speaker 20
1:57:49.62,1:57:56.82,7069.62,7076.82,Doug Beaupre,"Athletic Director, Stevens High School (chair: 'I'm going to invite Mr. Beaupre up to the podium' [715]; 'That's where Doug could use some support' [747]; spelling unverified)","And and it was a it was a it was a decent salary for, for it. Yes.",Speaker 20
1:57:56.90,1:58:00.38,7076.90,7080.38,Rebecca Zullo,Claremont School Board Vice Chair (recognized 'I've got Rebecca and then Michelle.' [764] before [765]; 'Rebecca seconded' [685] after [648]),Who will oversee this?,Speaker 18
1:58:00.46,1:58:01.34,7080.46,7081.34,Doug Beaupre,"Athletic Director, Stevens High School (chair: 'I'm going to invite Mr. Beaupre up to the podium' [715]; 'That's where Doug could use some support' [747]; spelling unverified)","Well, I.",Speaker 20
1:58:01.50,1:58:01.86,7081.50,7081.86,Rebecca Zullo,Claremont School Board Vice Chair (recognized 'I've got Rebecca and then Michelle.' [764] before [765]; 'Rebecca seconded' [685] after [648]),Say that.,Speaker 18
1:58:01.86,1:58:04.10,7081.86,7084.10,Frank Sprague,"Claremont School Board Chair (opens the meeting [0-3], runs agenda, recognitions and votes; names himself to the lead-safety group [788-808])",Again. The principal of the middle.,Speaker 1
1:58:04.10,1:58:08.22,7084.10,7088.22,Rebecca Zullo,Claremont School Board Vice Chair (recognized 'I've got Rebecca and then Michelle.' [764] before [765]; 'Rebecca seconded' [685] after [648]),"School, Mr. Romeo, is going to oversee this position, but you're going to be assisting where.",Speaker 18
1:58:08.30,1:58:19.74,7088.30,7099.74,Doug Beaupre,"Athletic Director, Stevens High School (chair: 'I'm going to invite Mr. Beaupre up to the podium' [715]; 'That's where Doug could use some support' [747]; spelling unverified)","I will be assisting where, where I can, but the the overseeing of the middle school athletic director would be  with the middle school administration.",Speaker 20
1:58:19.82,1:58:21.30,7099.82,7101.30,Frank Sprague,"Claremont School Board Chair (opens the meeting [0-3], runs agenda, recognitions and votes; names himself to the lead-safety group [788-808])",Jason. And then Carolyn.,Speaker 1
1:58:21.38,1:58:26.38,7101.38,7106.38,Jason Benware,"Claremont School Board member, budget subcommittee (chair: 'Mr.. Ben, where could I have a motion' [13]; recognized 'Jason' [231, 732, 794, 868]; 'Frank, Mike and myself' [504])",Do you guys already have somebody in mind for this? I believe.,Speaker 3
1:58:26.46,1:58:37.94,7106.46,7117.94,Doug Beaupre,"Athletic Director, Stevens High School (chair: 'I'm going to invite Mr. Beaupre up to the podium' [715]; 'That's where Doug could use some support' [747]; spelling unverified)","They do. I really haven't been part of that conversation, but I have heard one name popping up, so I think so.",Speaker 20
1:58:38.02,1:58:39.26,7118.02,7119.26,Frank Sprague,"Claremont School Board Chair (opens the meeting [0-3], runs agenda, recognitions and votes; names himself to the lead-safety group [788-808])",Kelly.,Speaker 1
1:58:39.34,1:58:42.10,7119.34,7122.10,Carolyn Towle,Claremont School Board member (recognized 'Go ahead. Carolyn?' [310] before [312] and 'Jason. And then Carolyn.' [732] before [736]; capital improvement plan advocacy [845-863]),"This looks like a lot of work for $3,500.",Speaker 7
1:58:42.30,1:58:43.46,7122.30,7123.46,Jason Benware,"Claremont School Board member, budget subcommittee (chair: 'Mr.. Ben, where could I have a motion' [13]; recognized 'Jason' [231, 732, 794, 868]; 'Frank, Mike and myself' [504])",My other thing. Yeah.,Speaker 3
1:58:43.54,1:58:45.70,7123.54,7125.70,Keith Pfeifer,"Interim Superintendent, SAU 6 (uncertain - diarized with the chair; he makes and withdraws the CMS athletic coordinator request, which Zullo calls 'what Doctor Pfeiffer listed earlier' [765])","Well, they're he's not.",Speaker 1
1:58:45.78,1:58:46.98,7125.78,7126.98,Carolyn Towle,Claremont School Board member (recognized 'Go ahead. Carolyn?' [310] before [312] and 'Jason. And then Carolyn.' [732] before [736]; capital improvement plan advocacy [845-863]),Really worried about that.,Speaker 7
1:58:47.10,1:58:54.90,7127.10,7134.90,Keith Pfeifer,"Interim Superintendent, SAU 6 (uncertain - diarized with the chair; he makes and withdraws the CMS athletic coordinator request, which Zullo calls 'what Doctor Pfeiffer listed earlier' [765])",The position is not going to do all these things. This is the this is the old position. Oh  this is the former okay. Put the former percentage correct.,Speaker 1
1:58:55.10,1:58:55.78,7135.10,7135.78,Carolyn Towle,Claremont School Board member (recognized 'Go ahead. Carolyn?' [310] before [312] and 'Jason. And then Carolyn.' [732] before [736]; capital improvement plan advocacy [845-863]),How is that going.,Speaker 7
1:58:55.78,1:58:57.54,7135.78,7137.54,Unidentified,Unidentified - cluster of short interjections from several voices,To be shaded.,Speaker 21
1:58:57.62,1:58:59.18,7137.62,7139.18,Frank Sprague,"Claremont School Board Chair (opens the meeting [0-3], runs agenda, recognitions and votes; names himself to the lead-safety group [788-808])",Who's doing what.,Speaker 1
1:58:59.26,1:59:03.86,7139.26,7143.86,Doug Beaupre,"Athletic Director, Stevens High School (chair: 'I'm going to invite Mr. Beaupre up to the podium' [715]; 'That's where Doug could use some support' [747]; spelling unverified)",Yeah. This was the job description for the for the person who we had had in place.,Speaker 20
1:59:03.90,1:59:04.62,7143.90,7144.62,Carolyn Towle,Claremont School Board member (recognized 'Go ahead. Carolyn?' [310] before [312] and 'Jason. And then Carolyn.' [732] before [736]; capital improvement plan advocacy [845-863]),So the same thing.,Speaker 7
1:59:04.66,1:59:09.38,7144.66,7149.38,Rebecca Zullo,Claremont School Board Vice Chair (recognized 'I've got Rebecca and then Michelle.' [764] before [765]; 'Rebecca seconded' [685] after [648]),So what is the person going to do who's getting the stipend.,Speaker 18
1:59:09.46,1:59:31.22,7149.46,7171.22,Keith Pfeifer,"Interim Superintendent, SAU 6 (uncertain - diarized with the chair; he makes and withdraws the CMS athletic coordinator request, which Zullo calls 'what Doctor Pfeiffer listed earlier' [765])","Rescheduling what we have problems have been sneed due to weather, other issues to reschedule events. That's where Doug could use some support because he doesn't have time to do that. Purchasing, field preparation for events or inside.",Speaker 1
1:59:31.30,1:59:35.86,7171.30,7175.86,Rebecca Zullo,Claremont School Board Vice Chair (recognized 'I've got Rebecca and then Michelle.' [764] before [765]; 'Rebecca seconded' [685] after [648]),"So all the things that you listed in the beginning that I just made you go back to, right?",Speaker 18
1:59:36.02,1:59:36.46,7176.02,7176.46,Jason Benware,"Claremont School Board member, budget subcommittee (chair: 'Mr.. Ben, where could I have a motion' [13]; recognized 'Jason' [231, 732, 794, 868]; 'Frank, Mike and myself' [504])",Yes.,Speaker 3
1:59:36.66,1:59:39.02,7176.66,7179.02,Unidentified,Unidentified - cluster of short interjections from several voices,Okay. We go.,Speaker 21
1:59:39.10,2:00:01.60,7179.10,7201.60,Keith Pfeifer,"Interim Superintendent, SAU 6 (uncertain - diarized with the chair; he makes and withdraws the CMS athletic coordinator request, which Zullo calls 'what Doctor Pfeiffer listed earlier' [765])","One thing we discuss is who if we have student disciplinary matters relative to athletics, and  the principal and the assistant principal will maintain that responsibility. So it's consistent. Pat, did you have something to add?",Speaker 1
2:00:01.68,2:00:23.24,7201.68,7223.24,Patricia Barry,"Principal, Stevens High School (uncertain - addressed only as 'Pat' [702, 751]; surname from roster; speaks for CMS principal Romeo [752-758])","Speaking on his behalf, I had a chance to meet with Mr. Romeo and Miss Bucklin today, and we kind of hashed out their vision for what this might be.  And and only after that do they have a chance to talk with Doctor Pfeifer. And so they were talking about, to your point, Carolyn, about  the amount of work that that this is and they broke it down.",Speaker 22
2:00:23.32,2:00:41.76,7223.32,7241.76,Patricia Barry,"Principal, Stevens High School (uncertain - addressed only as 'Pat' [702, 751]; surname from roster; speaks for CMS principal Romeo [752-758])","Saying that in their opinion, in order for to talk about this division of labor and for it to to be fair on both sides and to get the work done adequately at both, that over the course of a full year, three seasons, it it in their opinion, it's an eight zero $0 stipend position.",Speaker 22
2:00:41.88,2:00:43.00,7241.88,7243.00,Keith Pfeifer,"Interim Superintendent, SAU 6 (uncertain - diarized with the chair; he makes and withdraws the CMS athletic coordinator request, which Zullo calls 'what Doctor Pfeiffer listed earlier' [765])",I don't have that.,Speaker 1
2:00:43.04,2:01:17.48,7243.04,7277.48,Patricia Barry,"Principal, Stevens High School (uncertain - addressed only as 'Pat' [702, 751]; surname from roster; speaks for CMS principal Romeo [752-758])","But we when we understand that we're halfway through the year and so so what I what what Mr. Romeo wanted to talk about was this year versus budgeting for next year. So here we are 3500. He I said can you find 500 in your budget to to add to that for this year and look at four grand for the rest of this year since we're halfway through the season and then but the question was if that was what was agreed upon or what the board looked at as saying, that is an $8,000 thing, is that something that they could see putting into the budget for next year?",Speaker 22
2:01:17.48,2:01:39.08,7277.48,7299.08,Patricia Barry,"Principal, Stevens High School (uncertain - addressed only as 'Pat' [702, 751]; surname from roster; speaks for CMS principal Romeo [752-758])","Because the way they broke it down was it's basically $10 an hour. Is a 20 hour a week job, $10 an hour for 40 weeks, basically 800 hours. And they're looking at time spans to cover from the end of the school day to 30 to 9 and weekends. And so. That's how that breakdown of hours would be. I mean, that's ideal.",Speaker 22
2:01:39.08,2:02:07.12,7299.08,7327.12,Patricia Barry,"Principal, Stevens High School (uncertain - addressed only as 'Pat' [702, 751]; surname from roster; speaks for CMS principal Romeo [752-758])","And so that was their vision for what this position would be. And that same division of labor that Mr. Beaupre was talking about, where he would continue to do the scheduling, the busses and all of that administration at CMS would continue to do the budgeting, would do the student eligibility and that that whole administrative piece and this person would be  doing the hiring and firing and supervision of coaches and games and policies, etc., for the for the middle school.",Speaker 22
2:02:07.12,2:02:18.64,7327.12,7338.64,Patricia Barry,"Principal, Stevens High School (uncertain - addressed only as 'Pat' [702, 751]; surname from roster; speaks for CMS principal Romeo [752-758])",So that I'm just here again representing Mr. Romeo and that conversation that happened at the middle school today to look at what a full year and breaking it down into hours like that would look.,Speaker 22
2:02:18.64,2:02:53.12,7338.64,7373.12,Keith Pfeifer,"Interim Superintendent, SAU 6 (uncertain - diarized with the chair; he makes and withdraws the CMS athletic coordinator request, which Zullo calls 'what Doctor Pfeiffer listed earlier' [765])","Like Doctor Phifer I'm not been party to those discussions. I was party to the division of the laborers and the amount of money that we possibly could have in savings of position. So either I'll withdraw the motion. I know what I we have saved and I can apply to this. I think it's needed, but I've  not been part of any discussion in this this discussion.",Speaker 1
2:02:53.20,2:03:07.12,7373.20,7387.12,Carolyn Towle,Claremont School Board member (recognized 'Go ahead. Carolyn?' [310] before [312] and 'Jason. And then Carolyn.' [732] before [736]; capital improvement plan advocacy [845-863]),"Further comment on the first one that I questioned about was and  because now there's been another figure mentioned, I  would worry about  the.",Speaker 7
2:03:07.20,2:03:07.96,7387.20,7387.96,Michelle Pierce,"Claremont School Board member (recognized 'Michelle' [179, 292, 541, 561, 764] before this cluster speaks; 'as a board member' [591])",The.,Speaker 2
2:03:08.04,2:03:18.72,7388.04,7398.72,Carolyn Towle,Claremont School Board member (recognized 'Go ahead. Carolyn?' [310] before [312] and 'Jason. And then Carolyn.' [732] before [736]; capital improvement plan advocacy [845-863]),"Budget process that we're, you know, into, where this is all going.  That's my worry at this point, and that's why I brought it up.",Speaker 7
2:03:18.80,2:03:20.40,7398.80,7400.40,Unidentified,Unidentified - cluster of short interjections from several voices,So so.,Speaker 21
2:03:20.48,2:03:25.00,7400.48,7405.00,Frank Sprague,"Claremont School Board Chair (opens the meeting [0-3], runs agenda, recognitions and votes; names himself to the lead-safety group [788-808])",I've got Rebecca and then Michelle.,Speaker 1
2:03:25.08,2:03:42.96,7405.08,7422.96,Rebecca Zullo,Claremont School Board Vice Chair (recognized 'I've got Rebecca and then Michelle.' [764] before [765]; 'Rebecca seconded' [685] after [648]),"The thing I'm questioning is what you listed as a job description, from what you guys discussed today and what Doctor Pfeiffer listed earlier are two different things. So I guess I just would like some clarity at some point. Maybe not today, but on what exactly this person would be doing and what exactly.",Speaker 18
2:03:43.04,2:03:50.24,7423.04,7430.24,Keith Pfeifer,"Interim Superintendent, SAU 6 (uncertain - diarized with the chair; he makes and withdraws the CMS athletic coordinator request, which Zullo calls 'what Doctor Pfeiffer listed earlier' [765])","Then in that case, I think it would be appropriate for me to withdraw my request until.",Speaker 1
2:03:50.32,2:03:51.04,7430.32,7431.04,Unidentified,Unidentified - cluster of short interjections from several voices,You know.,Speaker 21
2:03:51.12,2:03:55.80,7431.12,7435.80,Carolyn Towle,Claremont School Board member (recognized 'Go ahead. Carolyn?' [310] before [312] and 'Jason. And then Carolyn.' [732] before [736]; capital improvement plan advocacy [845-863]),Is that what you wanted?,Speaker 7
2:03:55.88,2:04:25.72,7435.88,7465.72,Michelle Pierce,"Claremont School Board member (recognized 'Michelle' [179, 292, 541, 561, 764] before this cluster speaks; 'as a board member' [591])","I just I was can because we raised emotionally and we didn't have this information to pass the all the food pantries. Is it possible that we could revisit that to help with this, too?  I understand the need for food, and I believe, you know,  it's solid and the backpack program is picking up, thank goodness. Also, I'm not saying it doesn't need to be needed.",Speaker 2
2:04:25.72,2:04:38.40,7465.72,7478.40,Michelle Pierce,"Claremont School Board member (recognized 'Michelle' [179, 292, 541, 561, 764] before this cluster speaks; 'as a board member' [591])","However, I'm looking at the fact that this is a point about, you know, being able to is that something that we could use that for? I it's just it's just a question.",Speaker 2
2:04:38.48,2:04:39.88,7478.48,7479.88,Unidentified,Unidentified - cluster of short interjections from several voices,"Rob, you have a good.",Speaker 21
2:04:39.96,2:04:55.80,7479.96,7495.80,Rob Lovett Jr.,"Claremont School Board member (recognized 'Rob, you have a good' [771] before [772]; Benware: 'with Robert, that money was for food' [778])","I would just argue that that GoFundMe was specifically set up for food banks. I don't imagine anyone would want to see that if the public trust is in us to push that around, I don't think that they would want to see that move towards a different event.",Speaker 11
2:04:55.88,2:04:56.16,7495.88,7496.16,Unidentified,Unidentified - cluster of short interjections from several voices,I think.,Speaker 21
2:04:56.20,2:04:59.72,7496.20,7499.72,Michelle Pierce,"Claremont School Board member (recognized 'Michelle' [179, 292, 541, 561, 764] before this cluster speaks; 'as a board member' [591])",It was a sports town.,Speaker 2
2:04:59.80,2:05:22.00,7499.80,7522.00,Michael Petrin,"Claremont School Board member, budget subcommittee (chair: 'So might do you have anything to add as part of the group?' [538] before [540]; 'I'm very aware of that, Michael' [602]; Benware: 'exactly what Mike said' [778])","I'd like to. I'd like to maybe even a next meeting. It should be fairly quick to see more of a sentence stone job description,  because we're hearing kind of, you know, different things and then what the expectation would be for, a stipend for the rest of this year and then what, what full year stipend would look like.",Speaker 14
2:05:22.04,2:05:22.80,7522.04,7522.80,Unidentified,Unidentified - cluster of short interjections from several voices,Okay.,Speaker 21
2:05:22.88,2:05:28.32,7522.88,7528.32,Michael Petrin,"Claremont School Board member, budget subcommittee (chair: 'So might do you have anything to add as part of the group?' [538] before [540]; 'I'm very aware of that, Michael' [602]; Benware: 'exactly what Mike said' [778])",I don't think I'd be comfortable approving anything tonight.,Speaker 14
2:05:28.40,2:05:37.44,7528.40,7537.44,Jason Benware,"Claremont School Board member, budget subcommittee (chair: 'Mr.. Ben, where could I have a motion' [13]; recognized 'Jason' [231, 732, 794, 868]; 'Frank, Mike and myself' [504])","I was going to pretty much say exactly what Mike said, and I am forward to reading it with Robert that, that money was for food. It's not for soccer.",Speaker 3
2:05:37.52,2:05:37.84,7537.52,7537.84,Frank Sprague,"Claremont School Board Chair (opens the meeting [0-3], runs agenda, recognitions and votes; names himself to the lead-safety group [788-808])",I.,Speaker 1
2:05:38.48,2:05:47.92,7538.48,7547.92,Frank Sprague,"Claremont School Board Chair (opens the meeting [0-3], runs agenda, recognitions and votes; names himself to the lead-safety group [788-808])",And I don't think there's any question that that the board recognizes the need for this. But I think we do need a little more specificity.,Speaker 1
2:05:47.96,2:05:52.60,7547.96,7552.60,Patricia Barry,"Principal, Stevens High School (uncertain - addressed only as 'Pat' [702, 751]; surname from roster; speaks for CMS principal Romeo [752-758])","Sure. And this meeting only happened today, so no worries. Makes perfect.",Speaker 22
2:05:52.60,2:05:53.00,7552.60,7553.00,Unidentified,Unidentified - cluster of short interjections from several voices,Sense.,Speaker 21
2:05:53.16,2:05:59.60,7553.16,7559.60,Frank Sprague,"Claremont School Board Chair (opens the meeting [0-3], runs agenda, recognitions and votes; names himself to the lead-safety group [788-808])","But I think I think overall, I think we are supportive of the concept.",Speaker 1
2:05:59.68,2:06:01.12,7559.68,7561.12,Unidentified,Unidentified - cluster of short interjections from several voices,Thank you. Right.,Speaker 21
2:06:01.20,2:06:02.56,7561.20,7562.56,Jason Benware,"Claremont School Board member, budget subcommittee (chair: 'Mr.. Ben, where could I have a motion' [13]; recognized 'Jason' [231, 732, 794, 868]; 'Frank, Mike and myself' [504])",That's that's that's a good thing.,Speaker 3
2:06:02.56,2:06:05.00,7562.56,7565.00,Unidentified,Unidentified - cluster of short interjections from several voices,Yes.,Speaker 21
2:06:05.08,2:06:30.28,7565.08,7590.28,Frank Sprague,"Claremont School Board Chair (opens the meeting [0-3], runs agenda, recognitions and votes; names himself to the lead-safety group [788-808])","Okay. I'm adding I've added my committee to the agenda.  So, I'll go through this quickly. I'm going to read what Mr. McNutt wrote. And this is he's saying this program will help our community to advance the efforts of supporting legislation to address, to address lead hazards, increasing awareness surrounding health and hazards of lead in the community.",Speaker 1
2:06:30.36,2:06:58.16,7590.36,7618.16,Frank Sprague,"Claremont School Board Chair (opens the meeting [0-3], runs agenda, recognitions and votes; names himself to the lead-safety group [788-808])","Clermont has a strong record of taking proactive action through school policies on childhood lead testing, removal of lead components in the community water system, and through education and training of contractors who perform remedial and home renovation and repairs. So additionally, the City of Claremont would be able to serve in an advisory capacity to other Community of Action members who are seeking to take action in regard to school policy or code enforcement.",Speaker 1
2:06:58.24,2:07:38.12,7618.24,7658.12,Frank Sprague,"Claremont School Board Chair (opens the meeting [0-3], runs agenda, recognitions and votes; names himself to the lead-safety group [788-808])","So what what the concept of this is, is that, there would be, regular meetings of this core group being the, the mayor, the city manager, a rep from the school board and the Valley Regional Hospital.  And that would be the core group. There would be other meetings  where, someone might come from the policy committee, if we were meeting with a group of, of of communities looking to adopt a policy, a school board policy, there would be outreach to perhaps someone on the policy committee to attend a group.",Speaker 1
2:07:38.20,2:07:59.16,7658.20,7679.16,Frank Sprague,"Claremont School Board Chair (opens the meeting [0-3], runs agenda, recognitions and votes; names himself to the lead-safety group [788-808])","Our role being frontrunners in this is really to help other communities come up to speed on what we've done. So,  I didn't want to automatically assume that I was going to be the representative to this this group. I wanted to come back to the board and see if there was anyone. I did attend the first meeting.",Speaker 1
2:07:59.16,2:08:10.96,7679.16,7690.96,Frank Sprague,"Claremont School Board Chair (opens the meeting [0-3], runs agenda, recognitions and votes; names himself to the lead-safety group [788-808])","Doctor Pfeifer and I were both there. If there's someone else that would be interested in representing the board as part of the a permanent part of this, this group.",Speaker 1
2:08:11.04,2:08:13.68,7691.04,7693.68,Michelle Pierce,"Claremont School Board member (recognized 'Michelle' [179, 292, 541, 561, 764] before this cluster speaks; 'as a board member' [591])",I would be interested.,Speaker 2
2:08:13.76,2:08:15.12,7693.76,7695.12,Frank Sprague,"Claremont School Board Chair (opens the meeting [0-3], runs agenda, recognitions and votes; names himself to the lead-safety group [788-808])",Okay. Jason.,Speaker 1
2:08:15.20,2:08:29.88,7695.20,7709.88,Jason Benware,"Claremont School Board member, budget subcommittee (chair: 'Mr.. Ben, where could I have a motion' [13]; recognized 'Jason' [231, 732, 794, 868]; 'Frank, Mike and myself' [504])","I was just going to say it sounds like you've already been intimately involved with it, and I'm. I'm personally not interested, but I figure if you were interested, I'd be in support of it. But it's,",Speaker 3
2:08:29.96,2:08:32.24,7709.96,7712.24,Jason Benware,"Claremont School Board member, budget subcommittee (chair: 'Mr.. Ben, where could I have a motion' [13]; recognized 'Jason' [231, 732, 794, 868]; 'Frank, Mike and myself' [504])",That's just my $0.02.,Speaker 3
2:08:35.16,2:08:44.64,7715.16,7724.64,Frank Sprague,"Claremont School Board Chair (opens the meeting [0-3], runs agenda, recognitions and votes; names himself to the lead-safety group [788-808])","There is there is a time commitment to this. It's. I believe it's monthly, these meetings. And then there would be some meetings at remote locations as well around the different parts of the state.",Speaker 1
2:08:44.72,2:08:47.28,7724.72,7727.28,Michael Petrin,"Claremont School Board member, budget subcommittee (chair: 'So might do you have anything to add as part of the group?' [538] before [540]; 'I'm very aware of that, Michael' [602]; Benware: 'exactly what Mike said' [778])",Usually time of day. What's it been?,Speaker 14
2:08:47.28,2:08:53.88,7727.28,7733.88,Frank Sprague,"Claremont School Board Chair (opens the meeting [0-3], runs agenda, recognitions and votes; names himself to the lead-safety group [788-808])","So. During the day it would be. It would be, I think hard for people that are, that are working to, to to do it.",Speaker 1
2:08:53.96,2:08:58.64,7733.96,7738.64,Michelle Pierce,"Claremont School Board member (recognized 'Michelle' [179, 292, 541, 561, 764] before this cluster speaks; 'as a board member' [591])",So I retired.,Speaker 2
2:08:58.72,2:09:14.40,7738.72,7754.40,Carolyn Towle,Claremont School Board member (recognized 'Go ahead. Carolyn?' [310] before [312] and 'Jason. And then Carolyn.' [732] before [736]; capital improvement plan advocacy [845-863]),"I like the idea of the chairman of the board representing at the the combined meeting, in my opinion.",Speaker 7
2:09:14.48,2:09:22.56,7754.48,7762.56,Frank Sprague,"Claremont School Board Chair (opens the meeting [0-3], runs agenda, recognitions and votes; names himself to the lead-safety group [788-808])","I don't mind doing it. But if there's other interest, I don't know how to resolve that other than a.",Speaker 1
2:09:22.64,2:09:22.96,7762.64,7762.96,Rebecca Zullo,Claremont School Board Vice Chair (recognized 'I've got Rebecca and then Michelle.' [764] before [765]; 'Rebecca seconded' [685] after [648]),Flip.,Speaker 18
2:09:22.96,2:09:23.48,7762.96,7763.48,Unidentified,Unidentified - cluster of short interjections from several voices,A coin.,Speaker 21
2:09:23.64,2:09:26.92,7763.64,7766.92,Rebecca Zullo,Claremont School Board Vice Chair (recognized 'I've got Rebecca and then Michelle.' [764] before [765]; 'Rebecca seconded' [685] after [648]),"Actually, you know, I.",Speaker 18
2:09:27.00,2:09:29.92,7767.00,7769.92,Michelle Pierce,"Claremont School Board member (recognized 'Michelle' [179, 292, 541, 561, 764] before this cluster speaks; 'as a board member' [591])",You go ahead and I'll pull out back.,Speaker 2
2:09:30.00,2:09:35.92,7770.00,7775.92,Frank Sprague,"Claremont School Board Chair (opens the meeting [0-3], runs agenda, recognitions and votes; names himself to the lead-safety group [788-808])","All right, I will, I will let the mayor in the city manager know that I'll be on that committee.",Speaker 1
2:09:35.96,2:09:39.60,7775.96,7779.60,Unidentified,Unidentified - cluster of short interjections from several voices,I am willing I said that I would go.,Speaker 21
2:09:39.68,2:09:57.36,7779.68,7797.36,Frank Sprague,"Claremont School Board Chair (opens the meeting [0-3], runs agenda, recognitions and votes; names himself to the lead-safety group [788-808])","I think there's going to be opportunities for different people to participate in it. Where, depending on what the topic is. For example, if it's around code enforcement, I think that they'll be taking the building inspector would be going to those specific ones.",Speaker 1
2:09:57.36,2:10:04.84,7797.36,7804.84,Carolyn Towle,Claremont School Board member (recognized 'Go ahead. Carolyn?' [310] before [312] and 'Jason. And then Carolyn.' [732] before [736]; capital improvement plan advocacy [845-863]),So and it might be that the policy committee is small.,Speaker 7
2:10:04.92,2:10:12.04,7804.92,7812.04,Carolyn Towle,Claremont School Board member (recognized 'Go ahead. Carolyn?' [310] before [312] and 'Jason. And then Carolyn.' [732] before [736]; capital improvement plan advocacy [845-863]),"If you got to that type of committee or meeting, maybe the policy committee would be invited.",Speaker 7
2:10:12.04,2:10:13.12,7812.04,7813.12,Unidentified,Unidentified - cluster of short interjections from several voices,To representative.,Speaker 21
2:10:13.16,2:10:13.52,7813.16,7813.52,Carolyn Towle,Claremont School Board member (recognized 'Go ahead. Carolyn?' [310] before [312] and 'Jason. And then Carolyn.' [732] before [736]; capital improvement plan advocacy [845-863]),Right.,Speaker 7
2:10:13.56,2:10:14.56,7813.56,7814.56,Unidentified,Unidentified - cluster of short interjections from several voices,Yeah.,Speaker 21
2:10:14.64,2:10:15.96,7814.64,7815.96,Carolyn Towle,Claremont School Board member (recognized 'Go ahead. Carolyn?' [310] before [312] and 'Jason. And then Carolyn.' [732] before [736]; capital improvement plan advocacy [845-863]),To participate.,Speaker 7
2:10:16.04,2:10:33.00,7816.04,7833.00,Frank Sprague,"Claremont School Board Chair (opens the meeting [0-3], runs agenda, recognitions and votes; names himself to the lead-safety group [788-808])","I think this, this, this overall committee is very aware that, that there's no point in the a whole group of 12 people, the greater group is probably, what would you say, maybe 10 or 12 people that the whole group doesn't need to go.",Speaker 1
2:10:33.08,2:10:34.00,7833.08,7834.00,Rebecca Zullo,Claremont School Board Vice Chair (recognized 'I've got Rebecca and then Michelle.' [764] before [765]; 'Rebecca seconded' [685] after [648]),There's if we're.,Speaker 18
2:10:34.00,2:10:36.44,7834.00,7836.44,Michelle Pierce,"Claremont School Board member (recognized 'Michelle' [179, 292, 541, 561, 764] before this cluster speaks; 'as a board member' [591])",Already you've already been decided to do it.,Speaker 2
2:10:36.44,2:10:37.16,7836.44,7837.16,Unidentified,Unidentified - cluster of short interjections from several voices,Then  it's.,Speaker 21
2:10:37.16,2:10:38.24,7837.16,7838.24,Michelle Pierce,"Claremont School Board member (recognized 'Michelle' [179, 292, 541, 561, 764] before this cluster speaks; 'as a board member' [591])",A little more conversation.,Speaker 2
2:10:38.24,2:10:38.68,7838.24,7838.68,Unidentified,Unidentified - cluster of short interjections from several voices,About it.,Speaker 21
2:10:38.72,2:10:47.68,7838.72,7847.68,Frank Sprague,"Claremont School Board Chair (opens the meeting [0-3], runs agenda, recognitions and votes; names himself to the lead-safety group [788-808])","It's a core group. And then, other people with specialties would be going like the building inspector or perhaps the superintendent.",Speaker 1
2:10:47.68,2:10:49.64,7847.68,7849.64,Michael Petrin,"Claremont School Board member, budget subcommittee (chair: 'So might do you have anything to add as part of the group?' [538] before [540]; 'I'm very aware of that, Michael' [602]; Benware: 'exactly what Mike said' [778])",So thank you.,Speaker 14
2:10:49.72,2:10:51.68,7849.72,7851.68,Unidentified,Unidentified - cluster of short interjections from several voices,Okay. Thank you.,Speaker 21
2:10:51.76,2:10:55.12,7851.76,7855.12,Michael Petrin,"Claremont School Board member, budget subcommittee (chair: 'So might do you have anything to add as part of the group?' [538] before [540]; 'I'm very aware of that, Michael' [602]; Benware: 'exactly what Mike said' [778])",So that's it.,Speaker 14
2:10:55.20,2:10:57.56,7855.20,7857.56,Frank Sprague,"Claremont School Board Chair (opens the meeting [0-3], runs agenda, recognitions and votes; names himself to the lead-safety group [788-808])",Sure. Agenda items.,Speaker 1
2:10:57.64,2:11:25.76,7857.64,7885.76,Cory LeClair,"Assistant Superintendent, SAU 6 (presents donations, the federal-funding report and policies; addressed 'Corey' [92, 465, 610]; 'Josh and I' [372])","On the 19th to date, I have, we have some conversation about disposal of equipment and following the school district policy on doing so. I'll connect with you about the November 7th minutes and get those back. An update on the lunch school debt and where we stand here to date on negative balances, fiscal year 20 budget discussion.",Speaker 12
2:11:25.84,2:11:33.12,7885.84,7893.12,Cory LeClair,"Assistant Superintendent, SAU 6 (presents donations, the federal-funding report and policies; addressed 'Corey' [92, 465, 610]; 'Josh and I' [372])","There are policies to come forward to the board. And I'll confirm with doctor Pepper, but the CMS athletic coordinator.",Speaker 12
2:11:33.20,2:11:38.12,7893.20,7898.12,Jason Benware,"Claremont School Board member, budget subcommittee (chair: 'Mr.. Ben, where could I have a motion' [13]; recognized 'Jason' [231, 732, 794, 868]; 'Frank, Mike and myself' [504])",So as soon we'll be setting aside a pretty good chunk for the fiscal year 20 budget discussion.,Speaker 3
2:11:38.16,2:11:39.88,7898.16,7899.88,Cory LeClair,"Assistant Superintendent, SAU 6 (presents donations, the federal-funding report and policies; addressed 'Corey' [92, 465, 610]; 'Josh and I' [372])","I would assume, as well.",Speaker 12
2:11:40.08,2:11:41.76,7900.08,7901.76,Jason Benware,"Claremont School Board member, budget subcommittee (chair: 'Mr.. Ben, where could I have a motion' [13]; recognized 'Jason' [231, 732, 794, 868]; 'Frank, Mike and myself' [504])",The bulk of.,Speaker 3
2:11:41.84,2:11:57.44,7901.84,7917.44,Frank Sprague,"Claremont School Board Chair (opens the meeting [0-3], runs agenda, recognitions and votes; names himself to the lead-safety group [788-808])","And I think, and maybe it's, you know, it's maybe a little bit premature, but it's a spring of 2019 after the election of, of the, of the new board. I would like to have a almost immediately have a retreat.",Speaker 1
2:11:57.52,2:11:58.00,7917.52,7918.00,Jason Benware,"Claremont School Board member, budget subcommittee (chair: 'Mr.. Ben, where could I have a motion' [13]; recognized 'Jason' [231, 732, 794, 868]; 'Frank, Mike and myself' [504])",Absolutely.,Speaker 3
2:11:58.04,2:11:58.36,7918.04,7918.36,Frank Sprague,"Claremont School Board Chair (opens the meeting [0-3], runs agenda, recognitions and votes; names himself to the lead-safety group [788-808])",Again.,Speaker 1
2:11:58.40,2:12:00.28,7918.40,7920.28,Carolyn Towle,Claremont School Board member (recognized 'Go ahead. Carolyn?' [310] before [312] and 'Jason. And then Carolyn.' [732] before [736]; capital improvement plan advocacy [845-863]),And that's a really good idea.,Speaker 7
2:12:00.32,2:12:08.04,7920.32,7928.04,Frank Sprague,"Claremont School Board Chair (opens the meeting [0-3], runs agenda, recognitions and votes; names himself to the lead-safety group [788-808])","And sort of get our focus back in and identify some priorities as we did last year. And,",Speaker 1
2:12:08.12,2:12:09.60,7928.12,7929.60,Unidentified,Unidentified - cluster of short interjections from several voices,"Okay, okay.",Speaker 21
2:12:09.68,2:12:12.48,7929.68,7932.48,Frank Sprague,"Claremont School Board Chair (opens the meeting [0-3], runs agenda, recognitions and votes; names himself to the lead-safety group [788-808])",Anything else? For the good of the order.,Speaker 1
2:12:12.56,2:12:13.40,7932.56,7933.40,Doug Beaupre,"Athletic Director, Stevens High School (chair: 'I'm going to invite Mr. Beaupre up to the podium' [715]; 'That's where Doug could use some support' [747]; spelling unverified)",We take a five minute.,Speaker 20
2:12:13.40,2:12:15.24,7933.40,7935.24,Michael O'Neill,"Business Administrator, SAU 6 (uncertain - not named at his turn; answers on lunch-account balances [242-244] and 'about a dime for every lunch' [440]; subcommittee 'worked with Cory and Doctor Pfeiffer and Mike' [504])",Break in the middle of the meeting next time during the heat.,Speaker 13
2:12:15.24,2:12:15.72,7935.24,7935.72,Doug Beaupre,"Athletic Director, Stevens High School (chair: 'I'm going to invite Mr. Beaupre up to the podium' [715]; 'That's where Doug could use some support' [747]; spelling unverified)",On for just.,Speaker 20
2:12:15.72,2:12:19.16,7935.72,7939.16,Unidentified,Unidentified - cluster of short interjections from several voices,"A second. Yeah, it's freezing.",Speaker 21
2:12:19.24,2:12:24.16,7939.24,7944.16,Carolyn Towle,Claremont School Board member (recognized 'Go ahead. Carolyn?' [310] before [312] and 'Jason. And then Carolyn.' [732] before [736]; capital improvement plan advocacy [845-863]),Past my ears.,Speaker 7
2:12:24.24,2:12:37.08,7944.24,7957.08,Carolyn Towle,Claremont School Board member (recognized 'Go ahead. Carolyn?' [310] before [312] and 'Jason. And then Carolyn.' [732] before [736]; capital improvement plan advocacy [845-863]),"You know, I'm going to beat this to death, but I'm going to bring it up again.  I really like, would like to see. In year 2019, a subcommittee developed for the capital Improvement program.",Speaker 7
2:12:37.32,2:12:37.68,7957.32,7957.68,Frank Sprague,"Claremont School Board Chair (opens the meeting [0-3], runs agenda, recognitions and votes; names himself to the lead-safety group [788-808])","Now, can.",Speaker 1
2:12:37.68,2:12:38.00,7957.68,7958.00,Unidentified,Unidentified - cluster of short interjections from several voices,You.,Speaker 21
2:12:38.20,2:12:46.08,7958.20,7966.08,Frank Sprague,"Claremont School Board Chair (opens the meeting [0-3], runs agenda, recognitions and votes; names himself to the lead-safety group [788-808])","Just take a second and explain what your vision of a capital improvement plan, a thumbnail of what that would would look.",Speaker 1
2:12:46.08,2:13:31.76,7966.08,8011.76,Carolyn Towle,Claremont School Board member (recognized 'Go ahead. Carolyn?' [310] before [312] and 'Jason. And then Carolyn.' [732] before [736]; capital improvement plan advocacy [845-863]),"Like there? Doctor Pfeiffer shared a capital improvement program  that was put together. Okay, for the school system, but never really, thoroughly, developed. And my hope is that we end up with a completed program, so that it's a notebook style per school with exactly what the capital improvements need to be. Now, if I just you gave me a a little leeway here.",Speaker 7
2:13:31.84,2:13:56.52,8011.84,8036.52,Carolyn Towle,Claremont School Board member (recognized 'Go ahead. Carolyn?' [310] before [312] and 'Jason. And then Carolyn.' [732] before [736]; capital improvement plan advocacy [845-863]),"There was a great article in the Valley News, about the school budget. And the heading doesn't really demonstrate until you read this  what this is all about. But they're actually, including in their  March ballot, all of the, projects that will be forthcoming.",Speaker 7
2:13:56.56,2:13:57.04,8036.56,8037.04,Unidentified,Unidentified - cluster of short interjections from several voices,Right.,Speaker 21
2:13:57.20,2:14:05.16,8037.20,8045.16,Carolyn Towle,Claremont School Board member (recognized 'Go ahead. Carolyn?' [310] before [312] and 'Jason. And then Carolyn.' [732] before [736]; capital improvement plan advocacy [845-863]),So the people can see what's coming down the pike. And that's the capital improvement program.,Speaker 7
2:14:05.24,2:14:19.20,8045.24,8059.20,Jason Benware,"Claremont School Board member, budget subcommittee (chair: 'Mr.. Ben, where could I have a motion' [13]; recognized 'Jason' [231, 732, 794, 868]; 'Frank, Mike and myself' [504])","So by definition, what is this is a question that had come up in my mind when we talk about capital improvement, you're talking about what we're going to do to improve our assets. So in other words, what are we going to do to improve our schools? What are we going to do? Are we going to replace windows so that are heating better?",Speaker 3
2:14:19.20,2:14:27.24,8059.20,8067.24,Jason Benware,"Claremont School Board member, budget subcommittee (chair: 'Mr.. Ben, where could I have a motion' [13]; recognized 'Jason' [231, 732, 794, 868]; 'Frank, Mike and myself' [504])","The things that will improve when we when you say capital, what you're really referring to are our buildings and our.",Speaker 3
2:14:27.32,2:14:30.72,8067.32,8070.72,Rebecca Zullo,Claremont School Board Vice Chair (recognized 'I've got Rebecca and then Michelle.' [764] before [765]; 'Rebecca seconded' [685] after [648]),"Resources for more than one year ahead, I'm.",Speaker 18
2:14:30.72,2:14:32.32,8070.72,8072.32,Unidentified,Unidentified - cluster of short interjections from several voices,Assuming that's.,Speaker 21
2:14:32.40,2:14:34.12,8072.40,8074.12,Carolyn Towle,Claremont School Board member (recognized 'Go ahead. Carolyn?' [310] before [312] and 'Jason. And then Carolyn.' [732] before [736]; capital improvement plan advocacy [845-863]),5 to 10 and 15 years.,Speaker 7
2:14:34.17,2:14:34.48,8074.17,8074.48,Unidentified,Unidentified - cluster of short interjections from several voices,Okay.,Speaker 21
2:14:34.52,2:14:35.64,8074.52,8075.64,Rebecca Zullo,Claremont School Board Vice Chair (recognized 'I've got Rebecca and then Michelle.' [764] before [765]; 'Rebecca seconded' [685] after [648]),What's the long term plan?,Speaker 18
2:14:35.68,2:14:51.08,8075.68,8091.08,Frank Sprague,"Claremont School Board Chair (opens the meeting [0-3], runs agenda, recognitions and votes; names himself to the lead-safety group [788-808])","Yeah, I don't and I don't think there's any doubt that the the voters will, will look at expenditures that are part of an overall systemic plan much more favorably than things that they see as random.",Speaker 1
2:14:51.16,2:14:52.56,8091.16,8092.56,Unidentified,Unidentified - cluster of short interjections from several voices,Absolutely.,Speaker 21
2:14:52.64,2:14:55.68,8092.64,8095.68,Frank Sprague,"Claremont School Board Chair (opens the meeting [0-3], runs agenda, recognitions and votes; names himself to the lead-safety group [788-808])",So so I.,Speaker 1
2:14:55.76,2:14:59.92,8095.76,8099.92,Carolyn Towle,Claremont School Board member (recognized 'Go ahead. Carolyn?' [310] before [312] and 'Jason. And then Carolyn.' [732] before [736]; capital improvement plan advocacy [845-863]),You're still I'm going to keep bringing it up until it's done.,Speaker 7
2:15:00.00,2:15:07.84,8100.00,8107.84,Rebecca Zullo,Claremont School Board Vice Chair (recognized 'I've got Rebecca and then Michelle.' [764] before [765]; 'Rebecca seconded' [685] after [648]),"So just saying yes, we could all agree to that. And then then we can just determine that at some point when we're going to decide who that subcommittee could be.",Speaker 18
2:15:07.88,2:15:10.24,8107.88,8110.24,Unidentified,Unidentified - cluster of short interjections from several voices,Yep. Okay. Okay. Yeah. Good. But I think.,Speaker 21
2:15:10.28,2:15:12.68,8110.28,8112.68,Frank Sprague,"Claremont School Board Chair (opens the meeting [0-3], runs agenda, recognitions and votes; names himself to the lead-safety group [788-808])",That that's something for the retreat.,Speaker 1
2:15:12.76,2:15:15.12,8112.76,8115.12,Unidentified,Unidentified - cluster of short interjections from several voices,Definitely. Absolutely. For the retreat.,Speaker 21
2:15:15.20,2:15:16.32,8115.20,8116.32,Frank Sprague,"Claremont School Board Chair (opens the meeting [0-3], runs agenda, recognitions and votes; names himself to the lead-safety group [788-808])",Jason.,Speaker 1
2:15:16.40,2:15:19.72,8116.40,8119.72,Jason Benware,"Claremont School Board member, budget subcommittee (chair: 'Mr.. Ben, where could I have a motion' [13]; recognized 'Jason' [231, 732, 794, 868]; 'Frank, Mike and myself' [504])",I'd like to make a motion to adjourn.,Speaker 3
2:15:19.80,2:15:20.56,8119.80,8120.56,Unidentified,Unidentified - cluster of short interjections from several voices,Second on that.,Speaker 21
2:15:20.76,2:15:23.64,8120.76,8123.64,Jason Benware,"Claremont School Board member, budget subcommittee (chair: 'Mr.. Ben, where could I have a motion' [13]; recognized 'Jason' [231, 732, 794, 868]; 'Frank, Mike and myself' [504])",Second is your second.,Speaker 3
2:15:23.72,2:15:24.92,8123.72,8124.92,Frank Sprague,"Claremont School Board Chair (opens the meeting [0-3], runs agenda, recognitions and votes; names himself to the lead-safety group [788-808])",Further discussion.,Speaker 1
2:15:25.00,2:15:32.18,8125.00,8132.18,Unidentified,Unidentified - cluster of short interjections from several voices,"I'll do it in favor. All right, all right.",Speaker 21
2:15:32.26,2:15:32.62,8132.26,8132.62,Unidentified,Unidentified - cluster of short interjections from several voices,Thank you.,Speaker 21
2:15:32.78,2:15:33.74,8132.78,8133.74,Carolyn Towle,Claremont School Board member (recognized 'Go ahead. Carolyn?' [310] before [312] and 'Jason. And then Carolyn.' [732] before [736]; capital improvement plan advocacy [845-863]),Because this is.,Speaker 7
