Start,End,Start (sec),End (sec),Speaker,Role,Dialogue,Diarized As,Video URL
0:00:02.06,0:00:08.80,2.06,8.80,Unidentified,Unidentified - remark before the call to order,Throw it out there.,Speaker 1,https://reflect-claremont.cablecast.tv/internetchannel/show/12115?site=1&seekto=2
0:00:08.88,0:00:18.00,8.88,18.00,Frank Sprague,Claremont School Board Chair,Okay. I'd like to call the school board meeting to order.  Please join me in the Pledge of Allegiance.,Speaker 2,https://reflect-claremont.cablecast.tv/internetchannel/show/12115?site=1&seekto=8
0:00:18.08,0:00:26.16,18.08,26.16,Frank Sprague,Claremont School Board Chair,I pledge allegiance to the flag of the United States of America. And to the Republic for which it stands. One nation.,Speaker 2,https://reflect-claremont.cablecast.tv/internetchannel/show/12115?site=1&seekto=18
0:00:26.24,0:00:28.88,26.24,28.88,Unidentified,Unidentified - group response to the Pledge of Allegiance,"Under God, indivisible, with liberty.",Speaker 3,https://reflect-claremont.cablecast.tv/internetchannel/show/12115?site=1&seekto=26
0:00:28.88,0:00:32.32,28.88,32.32,Frank Sprague,Claremont School Board Chair,And justice for all.,Speaker 2,https://reflect-claremont.cablecast.tv/internetchannel/show/12115?site=1&seekto=28
0:00:32.40,0:00:40.29,32.40,40.29,Frank Sprague,Claremont School Board Chair,"Mrs. Woodman, could you do roll call attendance, please?",Speaker 2,https://reflect-claremont.cablecast.tv/internetchannel/show/12115?site=1&seekto=32
0:00:40.37,0:00:42.98,40.37,42.98,Unidentified,Unidentified - roll call: clerk calls names and members answer in the same segment,Here.,Speaker 3,https://reflect-claremont.cablecast.tv/internetchannel/show/12115?site=1&seekto=40
0:00:43.06,0:00:47.34,43.06,47.34,Unidentified,Unidentified - roll call: clerk calls names and members answer in the same segment,Here. Joshua.,Speaker 3,https://reflect-claremont.cablecast.tv/internetchannel/show/12115?site=1&seekto=43
0:00:47.42,0:00:51.34,47.42,51.34,Mary Woodman,"School district clerk and board recording secretary (calls the roll at the chair's request, [5])",Rob. Lovett.,Speaker 3,https://reflect-claremont.cablecast.tv/internetchannel/show/12115?site=1&seekto=47
0:00:51.42,0:00:52.25,51.42,52.25,Mary Woodman,"School district clerk and board recording secretary (calls the roll at the chair's request, [5])",Michael. Patron.,Speaker 3,https://reflect-claremont.cablecast.tv/internetchannel/show/12115?site=1&seekto=51
0:00:52.38,0:00:54.78,52.38,54.78,Unidentified,Unidentified - roll call: clerk calls names and members answer in the same segment,Here.,Speaker 1,https://reflect-claremont.cablecast.tv/internetchannel/show/12115?site=1&seekto=52
0:00:54.86,0:00:55.50,54.86,55.50,Mary Woodman,"School district clerk and board recording secretary (calls the roll at the chair's request, [5])",Nicholas.,Speaker 3,https://reflect-claremont.cablecast.tv/internetchannel/show/12115?site=1&seekto=54
0:00:55.50,0:01:05.22,55.50,65.22,Frank Sprague,Claremont School Board Chair,Come here. And here. We have an agenda in front of us. Are there any changes to the agenda? Steve.,Speaker 2,https://reflect-claremont.cablecast.tv/internetchannel/show/12115?site=1&seekto=55
0:01:05.30,0:01:23.20,65.30,83.20,Steven Horsky,Claremont School Board member,"I would like to  add a discussion action item as number one and be related to,  a Covid 19 discussion based off some protocol questions that have been emailed to the board. From some parents trying to clarify some, some instances. So it's.",Speaker 3,https://reflect-claremont.cablecast.tv/internetchannel/show/12115?site=1&seekto=65
0:01:23.38,0:01:24.30,83.38,84.30,Frank Sprague,Claremont School Board Chair,It's a discussion.,Speaker 2,https://reflect-claremont.cablecast.tv/internetchannel/show/12115?site=1&seekto=83
0:01:24.38,0:01:26.94,84.38,86.94,Steven Horsky,Claremont School Board member,It's a it's a discussion action item number one.,Speaker 3,https://reflect-claremont.cablecast.tv/internetchannel/show/12115?site=1&seekto=84
0:01:27.02,0:01:33.58,87.02,93.58,Frank Sprague,Claremont School Board Chair,Okay. So we will add. Would that be part could that be wrapped into the superintendent's report. Do you think.,Speaker 2,https://reflect-claremont.cablecast.tv/internetchannel/show/12115?site=1&seekto=87
0:01:33.66,0:01:41.20,93.66,101.20,Steven Horsky,Claremont School Board member,I would like to. I think I would like to do it separately. Okay.,Speaker 3,https://reflect-claremont.cablecast.tv/internetchannel/show/12115?site=1&seekto=93
0:01:41.28,0:01:50.32,101.28,110.32,Frank Sprague,Claremont School Board Chair,That's going to be  number seven on the agenda.,Speaker 2,https://reflect-claremont.cablecast.tv/internetchannel/show/12115?site=1&seekto=101
0:01:50.40,0:01:58.52,110.40,118.52,Frank Sprague,Claremont School Board Chair,Okay. Any other any other amendments? So I need a motion. Second. No. We need. We need a new motion. Motion?,Speaker 2,https://reflect-claremont.cablecast.tv/internetchannel/show/12115?site=1&seekto=110
0:01:58.72,0:02:02.00,118.72,122.00,Heather Whitney,Claremont School Board member,"A motion to accept the agenda, as amended. Mended.",Speaker 4,https://reflect-claremont.cablecast.tv/internetchannel/show/12115?site=1&seekto=118
0:02:02.08,0:02:32.73,122.08,152.73,Frank Sprague,Claremont School Board Chair,"Second, is that okay? Motion by Heather, seconded by Nick. Further discussion. All those in favor? Aye. Aye.  Opposed? All right. Moving right along.  We don't have any meeting minutes tonight due to some technical difficulties. And,  that moves us to e citizens. Comments. If you could approach the podium and  state your name and your word, please.",Speaker 2,https://reflect-claremont.cablecast.tv/internetchannel/show/12115?site=1&seekto=122
0:02:32.81,0:03:09.44,152.81,189.44,Taylor Sullivan,"Public commenter, Ward 1, departing district paraprofessional and coach (chair says 'Tyler')","Sullivan. Ward one. Man. You all know me. Pretty much.  So my name is Taylor Sullivan, and for the past 14 years, I've been a student, a staff member, and a coach for the district.  Many of you know, I'm leaving Friday to Dillon to be doing better things within the district.  Outside of the district.  And part of the reason why I'm leaving is because of the way that I feel the district staff are treated by  the school board and by some of the district staff administrators.",Speaker 1,https://reflect-claremont.cablecast.tv/internetchannel/show/12115?site=1&seekto=152
0:03:09.52,0:03:33.72,189.52,213.72,Taylor Sullivan,"Public commenter, Ward 1, departing district paraprofessional and coach (chair says 'Tyler')","I feel that paraprofessionals just did a pat on the back saying good job, and then we never hear from anybody again. A lot of us go through things throughout the school day that we don't, that people that don't often know. We get the spit, we get the drama, we get the stuff that the that the teachers don't have to deal with.",Speaker 1,https://reflect-claremont.cablecast.tv/internetchannel/show/12115?site=1&seekto=189
0:03:33.80,0:04:01.52,213.80,241.52,Taylor Sullivan,"Public commenter, Ward 1, departing district paraprofessional and coach (chair says 'Tyler')","The pay in this district does not seem to equal out to the increase in rent, food and life necessities. The pay is not enough for the economy that we live in.  We also have unpaid summers. We also have 32 hour work weeks and we just need something that can better was. So I would like to ask you to rethink your choices on supporting your staff and your district.",Speaker 1,https://reflect-claremont.cablecast.tv/internetchannel/show/12115?site=1&seekto=213
0:04:01.60,0:04:07.24,241.60,247.24,Taylor Sullivan,"Public commenter, Ward 1, departing district paraprofessional and coach (chair says 'Tyler')",They deserve better pay that can lead to more affordable lives. That's all.,Speaker 1,https://reflect-claremont.cablecast.tv/internetchannel/show/12115?site=1&seekto=241
0:04:07.32,0:04:10.56,247.32,250.56,Frank Sprague,Claremont School Board Chair,Thank you. Thank you. Tyler.,Speaker 2,https://reflect-claremont.cablecast.tv/internetchannel/show/12115?site=1&seekto=247
0:04:10.64,0:04:17.68,250.64,257.68,Frank Sprague,Claremont School Board Chair,Other citizens.,Speaker 2,https://reflect-claremont.cablecast.tv/internetchannel/show/12115?site=1&seekto=250
0:04:17.76,0:04:20.90,257.76,260.90,Frank Sprague,Claremont School Board Chair,"You naming your word, please?",Speaker 2,https://reflect-claremont.cablecast.tv/internetchannel/show/12115?site=1&seekto=257
0:04:20.98,0:04:22.80,260.98,262.80,Steven Horsky,Claremont School Board member,Okay.,Speaker 3,https://reflect-claremont.cablecast.tv/internetchannel/show/12115?site=1&seekto=260
0:04:22.88,0:04:50.48,262.88,290.48,Sean Morin,"Public commenter, CMS boys basketball coach and parent (ASR 'Sean Morin'; nurse calls him 'Mr. Moran'; spelling uncertain)","My name is Sean Morin, and I am currently the CMS boys basketball coach. And I'm coming forward today because I have concerns regarding the,  I was currently shut down. The program was shut down because they called  a cluster to the team in. What I'm trying to bring to the attention is it doesn't seem like there's any consistency on how they come up with a cluster.",Speaker 5,https://reflect-claremont.cablecast.tv/internetchannel/show/12115?site=1&seekto=262
0:04:50.56,0:05:20.44,290.56,320.44,Sean Morin,"Public commenter, CMS boys basketball coach and parent (ASR 'Sean Morin'; nurse calls him 'Mr. Moran'; spelling uncertain)","A cluster to me is, from what I've read, is in the CDC is from one event. And  we were we had three kids that were considered clusters and they had no there's no association with each other. So one had a parent that was a  Covid positive that had nothing to do with anybody. And he got it. Like two weeks ago another parent got it and the child was considered negative.",Speaker 5,https://reflect-claremont.cablecast.tv/internetchannel/show/12115?site=1&seekto=290
0:05:20.52,0:05:49.28,320.52,349.28,Sean Morin,"Public commenter, CMS boys basketball coach and parent (ASR 'Sean Morin'; nurse calls him 'Mr. Moran'; spelling uncertain)","And he still was considered a Covid positive. And then a third child did get it. And I'm not sure where nobody else in our program has it, so we're not sure. But because of that our  program was shut down, considered a cluster, and it doesn't seem like there's any consistency. And when I asked  Miss Veronica where the three are related, it just, well, they all play for your program, so automatically you're shut down.",Speaker 5,https://reflect-claremont.cablecast.tv/internetchannel/show/12115?site=1&seekto=320
0:05:49.32,0:06:12.60,349.32,372.60,Sean Morin,"Public commenter, CMS boys basketball coach and parent (ASR 'Sean Morin'; nurse calls him 'Mr. Moran'; spelling uncertain)","So I just want clarification for whether it be my team, another team, or even in spring sports teams. Where  is there going to be? You know what I mean. It's got to be some sort of clarification in where it lies, you know, and that's that's my frustration is we could be a week from now or a month from now, and it could fall into that cluster where it actually could be.",Speaker 5,https://reflect-claremont.cablecast.tv/internetchannel/show/12115?site=1&seekto=349
0:06:12.64,0:06:35.80,372.64,395.80,Sean Morin,"Public commenter, CMS boys basketball coach and parent (ASR 'Sean Morin'; nurse calls him 'Mr. Moran'; spelling uncertain)","But these three are unrelated. And nobody obviously did their homework and yet at the same time were shut down. So that's that's my frustration right now  is nobody's really given an answer, just that they all play for your team. And one kid could go on vacation in California, one in Florida and one in Maine. And because they play on your team, you're considered a cluster.",Speaker 5,https://reflect-claremont.cablecast.tv/internetchannel/show/12115?site=1&seekto=372
0:06:35.84,0:06:52.36,395.84,412.36,Sean Morin,"Public commenter, CMS boys basketball coach and parent (ASR 'Sean Morin'; nurse calls him 'Mr. Moran'; spelling uncertain)","So I just like clarification on that and going forward for any of the sports, including, you know, even spring sports, because there's nothing it just seems like it just pulled out of the air  and, and  picked this team out specifically.",Speaker 5,https://reflect-claremont.cablecast.tv/internetchannel/show/12115?site=1&seekto=395
0:06:52.44,0:06:53.20,412.44,413.20,Frank Sprague,Claremont School Board Chair,Thank you.,Speaker 2,https://reflect-claremont.cablecast.tv/internetchannel/show/12115?site=1&seekto=412
0:06:53.28,0:06:54.16,413.28,414.16,Unidentified,"Unidentified - short acknowledgements and procedural remarks, possibly the chair (uncertain)",Thank you.,Speaker 6,https://reflect-claremont.cablecast.tv/internetchannel/show/12115?site=1&seekto=413
0:06:54.24,0:06:58.36,414.24,418.36,Frank Sprague,Claremont School Board Chair,Other citizens.,Speaker 2,https://reflect-claremont.cablecast.tv/internetchannel/show/12115?site=1&seekto=414
0:06:58.44,0:07:05.36,418.44,425.36,Mary Burke,"Public commenter, Ward 2 (parent of a CMS basketball player)",I emailed the board last night because my child plays on that team.  And I was unsure if I could make the meeting.,Speaker 7,https://reflect-claremont.cablecast.tv/internetchannel/show/12115?site=1&seekto=418
0:07:05.40,0:07:06.60,425.40,426.60,Frank Sprague,Claremont School Board Chair,"Could you still tell us your name, then?",Speaker 2,https://reflect-claremont.cablecast.tv/internetchannel/show/12115?site=1&seekto=425
0:07:06.84,0:07:08.04,426.84,428.04,Mary Burke,"Public commenter, Ward 2 (parent of a CMS basketball player)","Mary Burke, Ward two.",Speaker 7,https://reflect-claremont.cablecast.tv/internetchannel/show/12115?site=1&seekto=426
0:07:08.12,0:07:10.16,428.12,430.16,Frank Sprague,Claremont School Board Chair,Thank you.,Speaker 2,https://reflect-claremont.cablecast.tv/internetchannel/show/12115?site=1&seekto=428
0:07:10.24,0:07:36.64,430.24,456.64,Mary Burke,"Public commenter, Ward 2 (parent of a CMS basketball player)","My vaccinated husband tested positive for Covid, and it's come to my attention that our student that attends CMS has remained Covid negative the entire time and was termed Covid positive in regards to the so-called basketball cluster on the CMS boys team. It's not here. Say that he was included in this positive count. I have confirmed with staff that he is considered positive because he is unvaccinated with a household contact.",Speaker 7,https://reflect-claremont.cablecast.tv/internetchannel/show/12115?site=1&seekto=430
0:07:36.72,0:08:00.60,456.72,480.60,Mary Burke,"Public commenter, Ward 2 (parent of a CMS basketball player)","Okay, I was referred to the district's head nurse, Veronica, for clarification on this matter. This morning I tried to get clarification on how a student that is not positive and has not been at basketball could possibly be part of this cluster. The district nurse could not give any rational explanation, and said it was the information given to her about positive cases.",Speaker 7,https://reflect-claremont.cablecast.tv/internetchannel/show/12115?site=1&seekto=456
0:08:00.68,0:08:26.92,480.68,506.92,Mary Burke,"Public commenter, Ward 2 (parent of a CMS basketball player)","She stated there was enough positives to shut it down. I told her my son was somehow counted as positive in this and that is not accurate. I pressed the question of how that is possible and she hung up on me after telling me that she is not doing this and I can call my competitor. Two years into this pandemic, and I have a real issue with how this is being handled, especially on the brink of a surge in cases.",Speaker 7,https://reflect-claremont.cablecast.tv/internetchannel/show/12115?site=1&seekto=480
0:08:27.00,0:08:50.00,507.00,530.00,Mary Burke,"Public commenter, Ward 2 (parent of a CMS basketball player)","Our children have lost out on so much and will continue to lose out if people don't speak up. A case cluster comes from a common source, and I can only speak to my child in particular, since I don't know the exact details of the other two children that were counted. Again, my child is not positive and has not been at basketball, so he should not be included in a case count for the purpose of halting basketball.",Speaker 7,https://reflect-claremont.cablecast.tv/internetchannel/show/12115?site=1&seekto=507
0:08:50.08,0:09:15.52,530.08,555.52,Mary Burke,"Public commenter, Ward 2 (parent of a CMS basketball player)","So I have come to the board tonight for some clarification, and the questions I have are obviously the questions that Shawn has. If a child has not attended basketball over vacation, why would they be included in the count? Our children with a positive case at home counted as positive, when in fact they are negative. And number three,  what are the guidelines for being considered a cluster and who is responsible for keeping track of this?",Speaker 7,https://reflect-claremont.cablecast.tv/internetchannel/show/12115?site=1&seekto=530
0:09:15.60,0:09:38.68,555.60,578.68,Mary Burke,"Public commenter, Ward 2 (parent of a CMS basketball player)","And in conclusion, as it stands now, our healthy child is not allowed back at school until the 10th. His father has been out of quarantine. Per the CDC guidelines. He has only received social studies assignments through his Google Classroom, and this is the only teacher who has supplied assignments all week. This is not sustainable. It's not.",Speaker 7,https://reflect-claremont.cablecast.tv/internetchannel/show/12115?site=1&seekto=555
0:09:38.76,0:09:59.84,578.76,599.84,Mary Burke,"Public commenter, Ward 2 (parent of a CMS basketball player)","You the district is going to get behind at this point. All these children that are being quarantined, that are healthy, it's just it's not sustainable. This is all because he is not vaccinated and this in this high spread it's going to be an issue. The vaccinated are spreading it just as well. It is up to parents who decide the risk and benefit for vaccination.",Speaker 7,https://reflect-claremont.cablecast.tv/internetchannel/show/12115?site=1&seekto=578
0:09:59.84,0:10:31.44,599.84,631.44,Mary Burke,"Public commenter, Ward 2 (parent of a CMS basketball player)","And I'll go over a little Covid statistics for New Hampshire 0 to 9 cases. There's been 19,209. There's been no point zero deaths in that age group. 10 to 19, 29,234 0.0 deaths in New Hampshire. I understand the vaccine works. We are vaccinated for our age group. I think everybody that is high risk should be vaccinated. My children have already had Covid in the past.",Speaker 7,https://reflect-claremont.cablecast.tv/internetchannel/show/12115?site=1&seekto=599
0:10:31.52,0:10:56.04,631.52,656.04,Mary Burke,"Public commenter, Ward 2 (parent of a CMS basketball player)",They have not at this time. They need to get there and get get some healthy immune system going. They need to live with this for the rest of their life. I encourage the board to look at things rationally and adopt fair policies. Our children deserve it and we need to follow policies accurately as well. Thank you. It's a little nervous here.,Speaker 7,https://reflect-claremont.cablecast.tv/internetchannel/show/12115?site=1&seekto=631
0:10:56.12,0:10:58.60,656.12,658.60,Frank Sprague,Claremont School Board Chair,Any other citizens?,Speaker 2,https://reflect-claremont.cablecast.tv/internetchannel/show/12115?site=1&seekto=656
0:10:58.68,0:11:20.68,658.68,680.68,Veronica,"District nurse coordinator, SAU 6 (first name only; surname garbled by ASR at [100] as 'has no ski'; 'Ronnie' on 2/2/22)","So I'm coming up here not only as a citizen but also as an employee of Sussex, because honestly, this was a little bit misrepresented. This morning Mr. Moran called me and started screaming at me, didn't and he. I'm sorry, but is also a fellow employee of saw six as a coach representing our children. There was not a conversation.",Speaker 7,https://reflect-claremont.cablecast.tv/internetchannel/show/12115?site=1&seekto=658
0:11:20.84,0:11:46.76,680.84,706.76,Veronica,"District nurse coordinator, SAU 6 (first name only; surname garbled by ASR at [100] as 'has no ski'; 'Ronnie' on 2/2/22)","There was yelling at me. There was not any way that I could even have a rational conversation with him today. And anybody who knows me, I'm incredibly rational. This what we've been saying to people regarding Covid has been the same thing over and over again. I can repeat it to you. For him in my sleep, what happened was there's a lot of also information that I'm not privy to share with the general public.",Speaker 7,https://reflect-claremont.cablecast.tv/internetchannel/show/12115?site=1&seekto=680
0:11:46.88,0:12:12.72,706.88,732.72,Veronica,"District nurse coordinator, SAU 6 (first name only; surname garbled by ASR at [100] as 'has no ski'; 'Ronnie' on 2/2/22)","This is personal information. I contact the state, and the state determines whether or not we have a cluster. I also, I have to share with you that Miss Burke also attacked me, yelling and screaming at me, calling me a liar without letting me finish. Nobody classified her son as being positive. He's been classified as a household exposure because he has a family member who tested positive.",Speaker 7,https://reflect-claremont.cablecast.tv/internetchannel/show/12115?site=1&seekto=706
0:12:12.80,0:12:40.60,732.80,760.60,Veronica,"District nurse coordinator, SAU 6 (first name only; surname garbled by ASR at [100] as 'has no ski'; 'Ronnie' on 2/2/22)","That is why he is not part of it. So our understanding with the information that I have is that I have three basketball players, whether or not they were together or not. My understanding was they did practice over vacation. Three constitutes a cluster. There are a group that come together and play together that is a cluster. So what we've asked is that they they have been shut down for ten days.",Speaker 7,https://reflect-claremont.cablecast.tv/internetchannel/show/12115?site=1&seekto=732
0:12:40.68,0:13:08.60,760.68,788.60,Veronica,"District nurse coordinator, SAU 6 (first name only; surname garbled by ASR at [100] as 'has no ski'; 'Ronnie' on 2/2/22)","I've asked them that way if anybody else who's been exposed, we know if they test positive. I actually have another student who plays on that same team who was sent home sick today on the protocol. So this may turn into a little bit more than just what's happening. Doing my homework. I'm not responsible for knowing what's going on in the community with these families, or who went to whose house and who went to California and who went here.",Speaker 7,https://reflect-claremont.cablecast.tv/internetchannel/show/12115?site=1&seekto=760
0:13:08.68,0:13:32.76,788.68,812.76,Veronica,"District nurse coordinator, SAU 6 (first name only; surname garbled by ASR at [100] as 'has no ski'; 'Ronnie' on 2/2/22)","I'm responsible for the children in our buildings who are playing these sports, who are testing positive, who are exposed to people who are testing positive. We are following the state recommended guidelines, all of the guidelines and everything that we are following you all have had access to, and I've given it all to you. And I think it's been very clear what we are doing and how we are following things.",Speaker 7,https://reflect-claremont.cablecast.tv/internetchannel/show/12115?site=1&seekto=788
0:13:32.84,0:13:41.88,812.84,821.88,Veronica,"District nurse coordinator, SAU 6 (first name only; surname garbled by ASR at [100] as 'has no ski'; 'Ronnie' on 2/2/22)","So I just want to, you know, just share that, because I feel like at this point I'm being defamed and I don't appreciate that.",Speaker 7,https://reflect-claremont.cablecast.tv/internetchannel/show/12115?site=1&seekto=812
0:13:41.96,0:13:43.44,821.96,823.44,Unidentified,"Unidentified - short acknowledgements and procedural remarks, possibly the chair (uncertain)",Thank you.,Speaker 6,https://reflect-claremont.cablecast.tv/internetchannel/show/12115?site=1&seekto=821
0:13:43.52,0:13:53.16,823.52,833.16,Heather Whitney,Claremont School Board member,"Can you just kind of go through the process so everybody can hear you call the state. You tell them x, Y and z, and then they give you directive.",Speaker 4,https://reflect-claremont.cablecast.tv/internetchannel/show/12115?site=1&seekto=823
0:13:53.20,0:13:54.24,833.20,834.24,Veronica,"District nurse coordinator, SAU 6 (first name only; surname garbled by ASR at [100] as 'has no ski'; 'Ronnie' on 2/2/22)","They do, they track.",Speaker 7,https://reflect-claremont.cablecast.tv/internetchannel/show/12115?site=1&seekto=833
0:13:54.24,0:13:55.28,834.24,835.28,Heather Whitney,Claremont School Board member,"It, follow.",Speaker 4,https://reflect-claremont.cablecast.tv/internetchannel/show/12115?site=1&seekto=834
0:13:55.36,0:14:15.80,835.36,855.80,Veronica,"District nurse coordinator, SAU 6 (first name only; surname garbled by ASR at [100] as 'has no ski'; 'Ronnie' on 2/2/22)","And they consider it a they consider it a cluster. And then what they do is they check in with us and then if we have any more, they'll make recommendations. I'll tell them our mitigation strategies and what we've been doing. And by the way, the state has been very impressed with everything we've been doing with the masking, with the hygiene, with encouraging vaccinations.",Speaker 7,https://reflect-claremont.cablecast.tv/internetchannel/show/12115?site=1&seekto=835
0:14:15.84,0:14:28.76,855.84,868.76,Veronica,"District nurse coordinator, SAU 6 (first name only; surname garbled by ASR at [100] as 'has no ski'; 'Ronnie' on 2/2/22)","You know,  and we don't discriminate. If you're not vaccinated, that's fine. But as your choice right now,  you know, this is what has this is the recommendations we are following.",Speaker 7,https://reflect-claremont.cablecast.tv/internetchannel/show/12115?site=1&seekto=855
0:14:28.84,0:14:32.08,868.84,872.08,Frank Sprague,Claremont School Board Chair,I don't want to get into a larger conversation. This is citizens comments.,Speaker 2,https://reflect-claremont.cablecast.tv/internetchannel/show/12115?site=1&seekto=868
0:14:32.12,0:14:32.44,872.12,872.44,Unidentified,"Unidentified - short acknowledgements and procedural remarks, possibly the chair (uncertain)",Okay.,Speaker 6,https://reflect-claremont.cablecast.tv/internetchannel/show/12115?site=1&seekto=872
0:14:32.60,0:14:33.20,872.60,873.20,Veronica,"District nurse coordinator, SAU 6 (first name only; surname garbled by ASR at [100] as 'has no ski'; 'Ronnie' on 2/2/22)",That's fine.,Speaker 7,https://reflect-claremont.cablecast.tv/internetchannel/show/12115?site=1&seekto=872
0:14:33.24,0:14:34.00,873.24,874.00,Unidentified,"Unidentified - short acknowledgements and procedural remarks, possibly the chair (uncertain)",I just.,Speaker 6,https://reflect-claremont.cablecast.tv/internetchannel/show/12115?site=1&seekto=873
0:14:34.08,0:14:35.92,874.08,875.92,Veronica,"District nurse coordinator, SAU 6 (first name only; surname garbled by ASR at [100] as 'has no ski'; 'Ronnie' on 2/2/22)",I felt the need to defend myself.,Speaker 7,https://reflect-claremont.cablecast.tv/internetchannel/show/12115?site=1&seekto=874
0:14:35.96,0:14:37.60,875.96,877.60,Unidentified,"Unidentified - short acknowledgements and procedural remarks, possibly the chair (uncertain)",Okay. Thank you.,Speaker 6,https://reflect-claremont.cablecast.tv/internetchannel/show/12115?site=1&seekto=875
0:14:37.68,0:14:44.28,877.68,884.28,Frank Sprague,Claremont School Board Chair,Anyone else with comments from the public seeing none.,Speaker 2,https://reflect-claremont.cablecast.tv/internetchannel/show/12115?site=1&seekto=877
0:14:44.36,0:14:47.76,884.36,887.76,Frank Sprague,Claremont School Board Chair,Go ahead. Patrick.,Speaker 2,https://reflect-claremont.cablecast.tv/internetchannel/show/12115?site=1&seekto=884
0:14:47.84,0:15:26.44,887.84,926.44,Patrick Adrian,"Public commenter, Ward 1; former Claremont School Board member","Patrick. Adrian. Ward one.  Just because,  to me, you know, leaves my understanding I had to kind of take a guess that tonight is kind of a presentation and review of the Claremont budget.  You know, for me, having gone to a lot, you know, school board meetings, you know, for 14 years,  I usually find that this meeting, kind of the meeting before the public hearing is almost as important as the public hearing, because that's usually when we get an idea of what the budget looks like.",Speaker 8,https://reflect-claremont.cablecast.tv/internetchannel/show/12115?site=1&seekto=887
0:15:26.44,0:15:49.04,926.44,949.04,Patrick Adrian,"Public commenter, Ward 1; former Claremont School Board member","But more importantly, I think where some of the budget, where some of the budget impacts are going to be, and those have often helped drive the discussions at the public hearing, so that people usually the best public hearings have been the public hearings, where people come in knowing what the impacts are going to be.",Speaker 8,https://reflect-claremont.cablecast.tv/internetchannel/show/12115?site=1&seekto=926
0:15:49.12,0:16:07.88,949.12,967.88,Patrick Adrian,"Public commenter, Ward 1; former Claremont School Board member","You know, it may you may not the board may not like that. Just the administration may not like that. And I'm not talking about this one. I'm talking about just general. But it's important because,  so one of the things I kind of found like.",Speaker 8,https://reflect-claremont.cablecast.tv/internetchannel/show/12115?site=1&seekto=949
0:16:07.96,0:16:34.68,967.96,994.68,Patrick Adrian,"Public commenter, Ward 1; former Claremont School Board member","It would be nice to have a little bit more attention to this meeting, you know, in the agenda, says CPS budget review and approval. I, I've kind of follow these things enough to take a guess what that means. I don't think a lot of people did. I don't think a lot of people, I bet there might even be a school board member two that weren't, you know, that we're not fully aware of what that meant.",Speaker 8,https://reflect-claremont.cablecast.tv/internetchannel/show/12115?site=1&seekto=967
0:16:34.76,0:17:01.68,994.76,1021.68,Patrick Adrian,"Public commenter, Ward 1; former Claremont School Board member","But it's the only other thing I'm going to ask is so that maybe we can kind of get a head start on some of these things if you're going to be talking, I don't know. I have no idea what the budget is like. But if you're going to have like cuts, talking about cuts, if we could get some specific information like don't say, oh, well, we're going to have to drop eight positions and then not say what those eight positions are.",Speaker 8,https://reflect-claremont.cablecast.tv/internetchannel/show/12115?site=1&seekto=994
0:17:01.76,0:17:25.40,1021.76,1045.40,Patrick Adrian,"Public commenter, Ward 1; former Claremont School Board member","And then having people flip out when they find out, like, you know, like, you know, for  like the French teacher is getting dropped or  we're losing nurses or whatever. And,  you know, if you're reducing positions, just kind of say, yeah, this is how we're going to get there. It helps me definitely do my job, but I can definitely say that it also helps me as a resident.",Speaker 8,https://reflect-claremont.cablecast.tv/internetchannel/show/12115?site=1&seekto=1021
0:17:25.44,0:17:33.96,1045.44,1053.96,Patrick Adrian,"Public commenter, Ward 1; former Claremont School Board member","And it's good to have so that people come in, they know what the conversation have a little bit of background when they come into the public hearing, don't get thrown off. So that's it.",Speaker 8,https://reflect-claremont.cablecast.tv/internetchannel/show/12115?site=1&seekto=1045
0:17:34.04,0:17:39.64,1054.04,1059.64,Unidentified,"Unidentified - short acknowledgements and procedural remarks, possibly the chair (uncertain)",Thank you.,Speaker 6,https://reflect-claremont.cablecast.tv/internetchannel/show/12115?site=1&seekto=1054
0:17:39.72,0:17:41.36,1059.72,1061.36,Frank Sprague,Claremont School Board Chair,Briefly. Okay.,Speaker 2,https://reflect-claremont.cablecast.tv/internetchannel/show/12115?site=1&seekto=1059
0:17:41.44,0:17:43.72,1061.44,1063.72,Unidentified,"Unidentified - short acknowledgements and procedural remarks, possibly the chair (uncertain)","Well, okay.",Speaker 6,https://reflect-claremont.cablecast.tv/internetchannel/show/12115?site=1&seekto=1061
0:17:43.80,0:18:00.80,1063.80,1080.80,Unidentified,"Unidentified - board member reminding the board of the citizens comment policy; refers to Horsky in the third person, so not Horsky","LED to remind the board that we've made a policy where you cannot speak on agenda items. And I think horsey mentioned that we're going to move the questions about the Covid stuff into a later topic. So I'd rather we follow those protocols if we could. I don't want to stop him from speaking, but he's already up there. I'm just saying that.",Speaker 3,https://reflect-claremont.cablecast.tv/internetchannel/show/12115?site=1&seekto=1063
0:18:00.84,0:18:01.84,1080.84,1081.84,Unidentified,"Unidentified - board member reminding the board of the citizens comment policy; refers to Horsky in the third person, so not Horsky",Yeah. Okay.,Speaker 3,https://reflect-claremont.cablecast.tv/internetchannel/show/12115?site=1&seekto=1080
0:18:01.92,0:18:35.76,1081.92,1115.76,Sean Morin,"Public commenter, CMS boys basketball coach and parent (ASR 'Sean Morin'; nurse calls him 'Mr. Moran'; spelling uncertain)","I got one more quick, quick thing  to kind of go against. What Miss  Veronica said is I was at work today in a common area, and in no way did I raise my voice or yell at her. I'm in an area where all these other people around, so that is 100% false. And two, I just want to bring up the fact that when a lot of these kids that are on our the team, that now that they shut down, those kids ride together to school, they ride on school busses, they're in classrooms together.",Speaker 5,https://reflect-claremont.cablecast.tv/internetchannel/show/12115?site=1&seekto=1081
0:18:35.92,0:18:57.96,1115.92,1137.96,Sean Morin,"Public commenter, CMS boys basketball coach and parent (ASR 'Sean Morin'; nurse calls him 'Mr. Moran'; spelling uncertain)","These kids eat together. I was asking my son today and he said, they have a round table and  there's 8 or 10 kids sitting at it, and they're all within this far apart of each other. And those are the same kids that are shut down on that team, and yet they're still sitting together. Like I said, that close, all eating in close proximity.",Speaker 5,https://reflect-claremont.cablecast.tv/internetchannel/show/12115?site=1&seekto=1115
0:18:58.00,0:19:21.56,1138.00,1161.56,Sean Morin,"Public commenter, CMS boys basketball coach and parent (ASR 'Sean Morin'; nurse calls him 'Mr. Moran'; spelling uncertain)","They go to each other's houses after school. They go to the community center. So shutting down is not going to eliminate is what I'm saying. And so there's got to be something there.  It just seems like we're overreaching when we're shutting down a program, when all the other things that go on at school still go on. So they're not eliminating the contact with the kids.",Speaker 5,https://reflect-claremont.cablecast.tv/internetchannel/show/12115?site=1&seekto=1138
0:19:21.56,0:19:46.12,1161.56,1186.12,Sean Morin,"Public commenter, CMS boys basketball coach and parent (ASR 'Sean Morin'; nurse calls him 'Mr. Moran'; spelling uncertain)","The kids still have their mask on and off in classrooms. They they work together in classrooms side by side. There's still plenty of interaction. So by taking away school sports, it's tough because I could tell you firsthand my son absolutely does not like school. He's not a fan of it. But what keeps him in school is the social interaction and getting to play sports.",Speaker 5,https://reflect-claremont.cablecast.tv/internetchannel/show/12115?site=1&seekto=1161
0:19:46.12,0:20:03.96,1186.12,1203.96,Sean Morin,"Public commenter, CMS boys basketball coach and parent (ASR 'Sean Morin'; nurse calls him 'Mr. Moran'; spelling uncertain)","And because of it, he keeps his grades up. He made honor roll almost high honors. So by taking that stuff away, I just think it's doing a kids justice and it's just not good. And and like I said, you're not prohibiting them from interaction. So thank you.",Speaker 5,https://reflect-claremont.cablecast.tv/internetchannel/show/12115?site=1&seekto=1186
0:20:04.04,0:20:14.94,1204.04,1214.94,Frank Sprague,Claremont School Board Chair,Any other citizens comments okay. Close citizens comments and move on to the superintendent's report.,Speaker 2,https://reflect-claremont.cablecast.tv/internetchannel/show/12115?site=1&seekto=1204
0:20:15.02,0:20:20.18,1215.02,1220.18,Michael Tempesta,"Superintendent, SAU 6",Chairman Greg. So what? I  had a few scenes from break before break.,Speaker 3,https://reflect-claremont.cablecast.tv/internetchannel/show/12115?site=1&seekto=1215
0:20:20.26,0:20:44.78,1220.26,1244.78,Michael Tempesta,"Superintendent, SAU 6","Where  there were some pretty robust  concerts and things like that way. Way back when. It seems like it was like three, three, four weeks ago now.  My my next excuse me, my next slide.  In general, I could not believe  the the position that New Hampshire and most of New England are in in terms of of  Covid.",Speaker 2,https://reflect-claremont.cablecast.tv/internetchannel/show/12115?site=1&seekto=1220
0:20:44.78,0:21:13.46,1244.78,1273.46,Michael Tempesta,"Superintendent, SAU 6","And looking at the most recent, I won't belabor this, but,  in that  in terms of prevention and  things like that, we're doing  very, very well overall, even in  the wake of  Omicron, which is really changed the landscape for the entire nation.  And personally affected  myself and my  family today when,  we, I had to be tested along with my other family members  for that.",Speaker 2,https://reflect-claremont.cablecast.tv/internetchannel/show/12115?site=1&seekto=1244
0:21:13.66,0:21:39.26,1273.66,1299.26,Michael Tempesta,"Superintendent, SAU 6","Everything is fine. I wouldn't be here, but,  but it's the the spread in general, even if you are completely vaccinated, even if you have had your,   your, your booster shot, you still only are looking at about a 75%. No matter what we do, it's out there. It's everywhere.  So that that was  that's the bad news across the country.",Speaker 2,https://reflect-claremont.cablecast.tv/internetchannel/show/12115?site=1&seekto=1273
0:21:39.42,0:22:13.86,1299.42,1333.86,Michael Tempesta,"Superintendent, SAU 6","But the good news in New Hampshire, particularly in,  in I just want to say this and I was,  even in Claremont in Sullivan County, and you can see this on the tracker as well. When we started this school year, we were at about 60%. Claremont itself was about 60 between anywhere between 55 and 60% of all the cases in Sullivan County that has been going down and down because of the  commitment of citizens, of vaccinations, of educators, of families, of everyone.",Speaker 2,https://reflect-claremont.cablecast.tv/internetchannel/show/12115?site=1&seekto=1299
0:22:13.94,0:22:33.54,1333.94,1353.54,Michael Tempesta,"Superintendent, SAU 6","And it's just been it's been a wonderful thing to see, as I saw and I again, I didn't believe it when I saw  the increase with in New Hampshire, in other regions, but specifically within New Hampshire, of people who are now one time  vaccinated is over. It's in the mid 90s, which it just wasn't just three weeks ago.",Speaker 2,https://reflect-claremont.cablecast.tv/internetchannel/show/12115?site=1&seekto=1333
0:22:33.54,0:23:04.06,1353.54,1384.06,Michael Tempesta,"Superintendent, SAU 6","So kudos. I know the fire department has had stations. I know there's been tremendous success  with the clinic down on Washington Street and things like that, and it's truly a community effort to do that. And I, I just want to say kudos to everyone involved in that.  The next slide, again, same same type of things. And what I wanted to show on this slide, which I wrote this and sent it, I swear to God way before today and people can vouch on that is  it's very hard to keep up with the changes.",Speaker 2,https://reflect-claremont.cablecast.tv/internetchannel/show/12115?site=1&seekto=1353
0:23:04.06,0:23:32.86,1384.06,1412.86,Michael Tempesta,"Superintendent, SAU 6","And there's also some  between CDC, the New Hampshire regulations and also other states and different  boards. You've heard about the  ten days versus five days at going to five that is actually  still in flux with the state today, even as as late in the afternoon is 330 on the most recent call that  we keep up on that and the point person for our district that I want to clarify on that is is a  nurse.",Speaker 2,https://reflect-claremont.cablecast.tv/internetchannel/show/12115?site=1&seekto=1384
0:23:32.86,0:23:57.46,1412.86,1437.46,Michael Tempesta,"Superintendent, SAU 6",Veronica  has no ski and she has she is the coordinator of all the nurses. Okay. So every case that comes in. She is the liaison to the state. She advises the nurses at each building.  She advises the principals in each building. She works with them when they send out the letters and they make the decisions  with the guidance.,Speaker 2,https://reflect-claremont.cablecast.tv/internetchannel/show/12115?site=1&seekto=1412
0:23:57.54,0:24:02.94,1437.54,1442.94,Michael Tempesta,"Superintendent, SAU 6","So that that's just something I wanted to clarify. So the next,  What else?",Speaker 2,https://reflect-claremont.cablecast.tv/internetchannel/show/12115?site=1&seekto=1437
0:24:03.02,0:24:06.10,1443.02,1446.10,Michael Tempesta,"Superintendent, SAU 6",I'm sorry.,Speaker 3,https://reflect-claremont.cablecast.tv/internetchannel/show/12115?site=1&seekto=1443
0:24:06.18,0:24:42.10,1446.18,1482.10,Michael Tempesta,"Superintendent, SAU 6","This is also this was the latest from  Doctor Rachel Walensky from CDC talking about those things. I wanted to make the point that we're still in flux of going to five days. That's not,  it's something,  discussed everywhere. Same thing with Covid in the classroom. This is a a, article on  New Hampshire Public Radio where we're  our, our program and our diligence was, was recognized across the state  with with Covid fatigue and actually.",Speaker 2,https://reflect-claremont.cablecast.tv/internetchannel/show/12115?site=1&seekto=1446
0:24:42.18,0:25:13.58,1482.18,1513.58,Michael Tempesta,"Superintendent, SAU 6","We,  Nurse  Jasmine was actually quoted in that  the next, next part that I had was  just a quick update on the  principal search process. We have  three we we knew about the two elementary positions where we're looking for a we had interim principals this year due to  the late, departure of, of both of the  principals from last year.",Speaker 2,https://reflect-claremont.cablecast.tv/internetchannel/show/12115?site=1&seekto=1482
0:25:13.74,0:25:43.62,1513.74,1543.62,Michael Tempesta,"Superintendent, SAU 6","So the,  those are underway. We also received  recently.  Of  retirement announcement for from  Principal Barry at Stevens High School. So we are  putting together that  search process  as well  at Stevens High School.  We definitely have our hands full with those things and budgets and everything else, but,  we'll be putting out letters  in solicitations to be a part of that.",Speaker 2,https://reflect-claremont.cablecast.tv/internetchannel/show/12115?site=1&seekto=1513
0:25:43.70,0:25:49.50,1543.70,1549.50,Michael Tempesta,"Superintendent, SAU 6","And everything is on schedule with the elementary ones. I, it's pretty much all I have.",Speaker 2,https://reflect-claremont.cablecast.tv/internetchannel/show/12115?site=1&seekto=1543
0:25:49.58,0:25:50.10,1549.58,1550.10,Unidentified,"Unidentified - short acknowledgements and procedural remarks, possibly the chair (uncertain)",Okay.,Speaker 6,https://reflect-claremont.cablecast.tv/internetchannel/show/12115?site=1&seekto=1549
0:25:50.18,0:25:50.78,1550.18,1550.78,Michael Tempesta,"Superintendent, SAU 6",Those quick.,Speaker 2,https://reflect-claremont.cablecast.tv/internetchannel/show/12115?site=1&seekto=1550
0:25:50.86,0:25:54.22,1550.86,1554.22,Frank Sprague,Claremont School Board Chair,Questions for the superintendent.,Speaker 9,https://reflect-claremont.cablecast.tv/internetchannel/show/12115?site=1&seekto=1550
0:25:54.30,0:25:58.86,1554.30,1558.86,Frank Sprague,Claremont School Board Chair,"Okay. Seeing none, we'll move along.",Speaker 9,https://reflect-claremont.cablecast.tv/internetchannel/show/12115?site=1&seekto=1554
0:25:58.94,0:26:10.24,1558.94,1570.24,Frank Sprague,Claremont School Board Chair,Moving it to see our student rep. So we'll go to discussion action items.  Bluff donation of $500.,Speaker 9,https://reflect-claremont.cablecast.tv/internetchannel/show/12115?site=1&seekto=1558
0:26:10.32,0:26:30.40,1570.32,1590.40,Michael Tempesta,"Superintendent, SAU 6","Yes. So this,  I'm sorry, I don't I don't think I have the accompanying check with that. I'm sorry, but I don't have it now. That was just a donation. For, I'm at a loss right now.",Speaker 2,https://reflect-claremont.cablecast.tv/internetchannel/show/12115?site=1&seekto=1570
0:26:30.44,0:26:34.00,1590.44,1594.00,Frank Sprague,Claremont School Board Chair,"We can approve it. You can. We can acknowledge whoever it is. Yeah, so I.",Speaker 9,https://reflect-claremont.cablecast.tv/internetchannel/show/12115?site=1&seekto=1590
0:26:34.00,0:26:38.68,1594.00,1598.68,Michael Tempesta,"Superintendent, SAU 6","Definitely will. I don't have it. Thank. Yeah, but.",Speaker 2,https://reflect-claremont.cablecast.tv/internetchannel/show/12115?site=1&seekto=1594
0:26:38.76,0:26:41.92,1598.76,1601.92,Frank Sprague,Claremont School Board Chair,"I need a motion to accept the gift, and we will acknowledge the donor.",Speaker 9,https://reflect-claremont.cablecast.tv/internetchannel/show/12115?site=1&seekto=1598
0:26:42.16,0:26:44.16,1602.16,1604.16,Unidentified,"Unidentified - short acknowledgements and procedural remarks, possibly the chair (uncertain)",Excellent.,Speaker 6,https://reflect-claremont.cablecast.tv/internetchannel/show/12115?site=1&seekto=1602
0:26:44.24,0:26:45.40,1604.24,1605.40,Steven Horsky,Claremont School Board member,Who's. Who's it from?,Speaker 3,https://reflect-claremont.cablecast.tv/internetchannel/show/12115?site=1&seekto=1604
0:26:45.48,0:26:45.92,1605.48,1605.92,Frank Sprague,Claremont School Board Chair,We don't.,Speaker 9,https://reflect-claremont.cablecast.tv/internetchannel/show/12115?site=1&seekto=1605
0:26:45.92,0:26:48.07,1605.92,1608.07,Michael Tempesta,"Superintendent, SAU 6",We I don't I don't have I don't have the slip.,Speaker 2,https://reflect-claremont.cablecast.tv/internetchannel/show/12115?site=1&seekto=1605
0:26:48.08,0:26:52.92,1608.08,1612.92,Frank Sprague,Claremont School Board Chair,We're going to accept it  and we'll acknowledge next meeting.,Speaker 9,https://reflect-claremont.cablecast.tv/internetchannel/show/12115?site=1&seekto=1608
0:26:53.00,0:27:03.44,1613.00,1623.44,Heather Whitney,Claremont School Board member,I'll make a motion to accept the donation to Black Elementary School for $500. $100. And the donation person who donated will be appropriately.,Speaker 4,https://reflect-claremont.cablecast.tv/internetchannel/show/12115?site=1&seekto=1613
0:27:03.56,0:27:04.08,1623.56,1624.08,Unidentified,"Unidentified - short acknowledgements and procedural remarks, possibly the chair (uncertain)",Don't have.,Speaker 6,https://reflect-claremont.cablecast.tv/internetchannel/show/12115?site=1&seekto=1623
0:27:04.24,0:27:05.71,1624.24,1625.71,Heather Whitney,Claremont School Board member,Recognized that? Affirmative.,Speaker 4,https://reflect-claremont.cablecast.tv/internetchannel/show/12115?site=1&seekto=1624
0:27:05.76,0:27:06.92,1625.76,1626.92,Frank Sprague,Claremont School Board Chair,And they can be thanked. No.,Speaker 9,https://reflect-claremont.cablecast.tv/internetchannel/show/12115?site=1&seekto=1625
0:27:06.96,0:27:08.64,1626.96,1628.64,Unidentified,"Unidentified - short acknowledgements and procedural remarks, possibly the chair (uncertain)",Thank you. Thank you.,Speaker 6,https://reflect-claremont.cablecast.tv/internetchannel/show/12115?site=1&seekto=1626
0:27:08.72,0:27:12.32,1628.72,1632.32,Michael Tempesta,"Superintendent, SAU 6",I apologize for the.,Speaker 2,https://reflect-claremont.cablecast.tv/internetchannel/show/12115?site=1&seekto=1628
0:27:12.40,0:27:19.36,1632.40,1639.36,Frank Sprague,Claremont School Board Chair,Okay. Seconded by Mike Petra for the discussion. All those in favor? Aye. Opposed?,Speaker 9,https://reflect-claremont.cablecast.tv/internetchannel/show/12115?site=1&seekto=1632
0:27:19.44,0:27:24.80,1639.44,1644.80,Unidentified,"Unidentified - short acknowledgements and procedural remarks, possibly the chair (uncertain)",Okay.,Speaker 6,https://reflect-claremont.cablecast.tv/internetchannel/show/12115?site=1&seekto=1639
0:27:24.88,0:27:36.68,1644.88,1656.68,Frank Sprague,Claremont School Board Chair,Ratification of collective bargaining contracts. Richard's going to hand out a summary of some summaries.,Speaker 9,https://reflect-claremont.cablecast.tv/internetchannel/show/12115?site=1&seekto=1644
0:27:36.76,0:28:03.88,1656.76,1683.88,Frank Sprague,Claremont School Board Chair,Of  negotiations.,Speaker 2,https://reflect-claremont.cablecast.tv/internetchannel/show/12115?site=1&seekto=1656
0:28:03.88,0:28:28.60,1683.88,1708.60,Richard Seaman,"Assistant Superintendent for Finance, SAU 6 (presents contract summaries and the FY23 budget; addressed as 'Richard' at [129])","This year. And a very successful one. I believe the board members who were involved in and  invest in awful lot of time that. Thank you very much.  What you've got in front of you is a summary of the results of each one of the negotiations. So we'll start with the Secretary's,  the agreement with the secretaries that were asked for ratification on is a two year agreement.",Speaker 9,https://reflect-claremont.cablecast.tv/internetchannel/show/12115?site=1&seekto=1683
0:28:28.60,0:28:59.28,1708.60,1739.28,Richard Seaman,"Assistant Superintendent for Finance, SAU 6 (presents contract summaries and the FY23 budget; addressed as 'Richard' at [129])","Thank you.  Employee share of the health,  which would be our the employer share of the health, should I say, is reducing from 97%, which is currently there to 96.5 next year and 96% in the following year. The financial impact of that is a benefit to the district of 1387 next year, in 1457. In the following year, we're going to be adding orange plan as a health option for this.",Speaker 9,https://reflect-claremont.cablecast.tv/internetchannel/show/12115?site=1&seekto=1708
0:28:59.28,0:29:24.84,1739.28,1764.84,Richard Seaman,"Assistant Superintendent for Finance, SAU 6 (presents contract summaries and the FY23 budget; addressed as 'Richard' at [129])","There's no financial impact, just an alternative that that that is that is being provided. Juneteenth has been added as a holiday. Again, no financial impact.  There was a request that new hires that come in above step six should be notified to the president of the union. And  that's that was agreed to. And no financial impact on the salary grid increase.",Speaker 9,https://reflect-claremont.cablecast.tv/internetchannel/show/12115?site=1&seekto=1739
0:29:24.88,0:29:42.52,1764.88,1782.52,Richard Seaman,"Assistant Superintendent for Finance, SAU 6 (presents contract summaries and the FY23 budget; addressed as 'Richard' at [129])","We're looking at 2.5% in fiscal 23 next year and 2% in fiscal 24. The financial impact on that is 20,154 for next year and 14,437 in the following year.",Speaker 9,https://reflect-claremont.cablecast.tv/internetchannel/show/12115?site=1&seekto=1764
0:29:42.60,0:30:13.96,1782.60,1813.96,Richard Seaman,"Assistant Superintendent for Finance, SAU 6 (presents contract summaries and the FY23 budget; addressed as 'Richard' at [129])","We're also going to be providing a $250 disaster relief stipend to each  in each of year, fiscal 23 and 24.  This comes out of the CARES three money.  And that the financial impact from that CARES grant would be 3956 in each one of the years. So the total financial impact from this is 20, 2007, 23 for next year and 16,936 in the following year.",Speaker 9,https://reflect-claremont.cablecast.tv/internetchannel/show/12115?site=1&seekto=1782
0:30:14.04,0:30:14.36,1814.04,1814.36,Richard Seaman,"Assistant Superintendent for Finance, SAU 6 (presents contract summaries and the FY23 budget; addressed as 'Richard' at [129])",We're going.,Speaker 9,https://reflect-claremont.cablecast.tv/internetchannel/show/12115?site=1&seekto=1814
0:30:14.36,0:30:15.60,1814.36,1815.60,Frank Sprague,Claremont School Board Chair,To do these one at a time.,Speaker 2,https://reflect-claremont.cablecast.tv/internetchannel/show/12115?site=1&seekto=1814
0:30:15.64,0:30:23.28,1815.64,1823.28,Richard Seaman,"Assistant Superintendent for Finance, SAU 6 (presents contract summaries and the FY23 budget; addressed as 'Richard' at [129])",So that's fine. And any questions are those that sat during the meetings if I left anything out.,Speaker 9,https://reflect-claremont.cablecast.tv/internetchannel/show/12115?site=1&seekto=1815
0:30:23.36,0:30:26.72,1823.36,1826.72,Frank Sprague,Claremont School Board Chair,The  just having been on been on.,Speaker 2,https://reflect-claremont.cablecast.tv/internetchannel/show/12115?site=1&seekto=1823
0:30:26.80,0:30:28.56,1826.80,1828.56,Unidentified,"Unidentified - short acknowledgements and procedural remarks, possibly the chair (uncertain)",Actually this is Steve's.,Speaker 6,https://reflect-claremont.cablecast.tv/internetchannel/show/12115?site=1&seekto=1826
0:30:28.64,0:30:58.68,1828.64,1858.68,Steven Horsky,Claremont School Board member,"So the the negotiation. The the object was, is to obviously,  try to keep costs contained while still maintaining good positive traction for the district employees. And I think one of the best things that we did was adding the orange plan as an option.  We it was a really good negotiation process with the secretary's team.",Speaker 3,https://reflect-claremont.cablecast.tv/internetchannel/show/12115?site=1&seekto=1828
0:30:58.76,0:31:08.96,1858.76,1868.96,Steven Horsky,Claremont School Board member,"It actually went along pretty darn smooth, during the negotiations. And I highly recommend adopting this.",Speaker 3,https://reflect-claremont.cablecast.tv/internetchannel/show/12115?site=1&seekto=1858
0:31:09.04,0:31:15.80,1869.04,1875.80,Richard Seaman,"Assistant Superintendent for Finance, SAU 6 (presents contract summaries and the FY23 budget; addressed as 'Richard' at [129])","And just so we understand the process for this, once ratified as it will become a warrant article in the upcoming election.",Speaker 9,https://reflect-claremont.cablecast.tv/internetchannel/show/12115?site=1&seekto=1869
0:31:15.88,0:31:16.52,1875.88,1876.52,Steven Horsky,Claremont School Board member,So we're.,Speaker 3,https://reflect-claremont.cablecast.tv/internetchannel/show/12115?site=1&seekto=1875
0:31:16.52,0:31:17.28,1876.52,1877.28,Richard Seaman,"Assistant Superintendent for Finance, SAU 6 (presents contract summaries and the FY23 budget; addressed as 'Richard' at [129])",Voting to move it.,Speaker 9,https://reflect-claremont.cablecast.tv/internetchannel/show/12115?site=1&seekto=1876
0:31:17.28,0:31:18.27,1877.28,1878.27,Unidentified,"Unidentified - short acknowledgements and procedural remarks, possibly the chair (uncertain)",To the.,Speaker 6,https://reflect-claremont.cablecast.tv/internetchannel/show/12115?site=1&seekto=1877
0:31:18.35,0:31:21.52,1878.35,1881.52,Frank Sprague,Claremont School Board Chair,"To the as a warrant article, to the general to the.",Speaker 2,https://reflect-claremont.cablecast.tv/internetchannel/show/12115?site=1&seekto=1878
0:31:21.56,0:31:22.20,1881.56,1882.20,Unidentified,"Unidentified - short acknowledgements and procedural remarks, possibly the chair (uncertain)",Election.,Speaker 6,https://reflect-claremont.cablecast.tv/internetchannel/show/12115?site=1&seekto=1881
0:31:22.44,0:31:26.00,1882.44,1886.00,Richard Seaman,"Assistant Superintendent for Finance, SAU 6 (presents contract summaries and the FY23 budget; addressed as 'Richard' at [129])",The ballot development.,Speaker 9,https://reflect-claremont.cablecast.tv/internetchannel/show/12115?site=1&seekto=1882
0:31:26.08,0:31:39.24,1886.08,1899.24,Unidentified,"Unidentified - short acknowledgements and procedural remarks, possibly the chair (uncertain)","I have a question just in general, I guess because it's on multiple contracts.  Juneteenth. Is that a holiday writing district wide? Is that a day off? That is something new. Is it?",Speaker 6,https://reflect-claremont.cablecast.tv/internetchannel/show/12115?site=1&seekto=1886
0:31:39.36,0:31:40.80,1899.36,1900.80,Steven Horsky,Claremont School Board member,It's a new federal holiday.,Speaker 3,https://reflect-claremont.cablecast.tv/internetchannel/show/12115?site=1&seekto=1899
0:31:40.88,0:31:42.56,1900.88,1902.56,Unidentified,"Unidentified - short acknowledgements and procedural remarks, possibly the chair (uncertain)",Federal? No.,Speaker 6,https://reflect-claremont.cablecast.tv/internetchannel/show/12115?site=1&seekto=1900
0:31:42.64,0:31:53.04,1902.64,1913.04,Richard Seaman,"Assistant Superintendent for Finance, SAU 6 (presents contract summaries and the FY23 budget; addressed as 'Richard' at [129])","And it doesn't impact most because in many cases or almost all cases, it's outside of the school year and therefore do not impact our school year, but it would be incorporated into the calendar for those at our.",Speaker 9,https://reflect-claremont.cablecast.tv/internetchannel/show/12115?site=1&seekto=1902
0:31:53.04,0:31:57.04,1913.04,1917.04,Unidentified,"Unidentified - short acknowledgements and procedural remarks, possibly the chair (uncertain)",School year.,Speaker 6,https://reflect-claremont.cablecast.tv/internetchannel/show/12115?site=1&seekto=1913
0:31:57.12,0:32:02.92,1917.12,1922.92,Heather Whitney,Claremont School Board member,"Just curious, can you tell me what the difference between the orange plan is. And just for the public to know?",Speaker 4,https://reflect-claremont.cablecast.tv/internetchannel/show/12115?site=1&seekto=1917
0:32:03.00,0:32:09.56,1923.00,1929.56,Steven Horsky,Claremont School Board member,"That's a much better question for for Richard,  but it's a lower cost plan.",Speaker 3,https://reflect-claremont.cablecast.tv/internetchannel/show/12115?site=1&seekto=1923
0:32:09.64,0:32:10.36,1929.64,1930.36,Unidentified,"Unidentified - short acknowledgements and procedural remarks, possibly the chair (uncertain)",So.,Speaker 6,https://reflect-claremont.cablecast.tv/internetchannel/show/12115?site=1&seekto=1929
0:32:10.44,0:32:11.12,1930.44,1931.12,Steven Horsky,Claremont School Board member,Yeah.,Speaker 3,https://reflect-claremont.cablecast.tv/internetchannel/show/12115?site=1&seekto=1930
0:32:11.20,0:32:30.60,1931.20,1950.60,Richard Seaman,"Assistant Superintendent for Finance, SAU 6 (presents contract summaries and the FY23 budget; addressed as 'Richard' at [129])","It's a lower cost, higher deductible. Therefore, and, and the proposal is that we would pay a higher percentage as employer, although it would be less expensive to the employer and to the employee. And it's for the younger, healthier, you know, that says I want insurance, but I don't mind handling a larger deductible policy.",Speaker 9,https://reflect-claremont.cablecast.tv/internetchannel/show/12115?site=1&seekto=1931
0:32:30.68,0:32:32.28,1950.68,1952.28,Frank Sprague,Claremont School Board Chair,They need to pay worse than the need them out.,Speaker 2,https://reflect-claremont.cablecast.tv/internetchannel/show/12115?site=1&seekto=1950
0:32:32.28,0:32:36.58,1952.28,1956.58,Unidentified,"Unidentified - short acknowledgements and procedural remarks, possibly the chair (uncertain)",Of that.,Speaker 6,https://reflect-claremont.cablecast.tv/internetchannel/show/12115?site=1&seekto=1952
0:32:36.66,0:32:44.44,1956.66,1964.44,Unidentified,"Unidentified - short acknowledgements and procedural remarks, possibly the chair (uncertain)",Okay. The promotion.,Speaker 6,https://reflect-claremont.cablecast.tv/internetchannel/show/12115?site=1&seekto=1956
0:32:44.52,0:32:55.20,1964.52,1975.20,Steven Horsky,Claremont School Board member,"I'll make a motion to  ratify the Secretary's contract as discussed, and move it to a warrant  for the ballot.",Speaker 3,https://reflect-claremont.cablecast.tv/internetchannel/show/12115?site=1&seekto=1964
0:32:55.28,0:33:03.44,1975.28,1983.44,Unidentified,"Unidentified - short acknowledgements and procedural remarks, possibly the chair (uncertain)",I'll second a discussion. All those in favor? Aye.,Speaker 6,https://reflect-claremont.cablecast.tv/internetchannel/show/12115?site=1&seekto=1975
0:33:03.52,0:33:33.48,1983.52,2013.48,Richard Seaman,"Assistant Superintendent for Finance, SAU 6 (presents contract summaries and the FY23 budget; addressed as 'Richard' at [129])","Thank you. The maintenance summary.  And I believe we had Frank and also Steve that were involved in that agreement  was or the negotiation settled with a two year agreement,  setting aside up to eight hours for professional development. This was the request of the of the union.  There's no financial impact from it. It would just be taking one of the days and ensuring that we have  up to up to the eight hours for PD.",Speaker 9,https://reflect-claremont.cablecast.tv/internetchannel/show/12115?site=1&seekto=1983
0:33:33.56,0:34:02.96,2013.56,2042.96,Richard Seaman,"Assistant Superintendent for Finance, SAU 6 (presents contract summaries and the FY23 budget; addressed as 'Richard' at [129])","Employer share of the health will reduce from 97% in fiscal 22 to 96.5 in 23 and 95.5 in 24. The financial impact on that is a positive or a a net to the employer, to the school district of 1400, in fiscal 23 and 29, 40 in fiscal 24. As with the other, orange plan is added as a health option, which has no financial impact.",Speaker 9,https://reflect-claremont.cablecast.tv/internetchannel/show/12115?site=1&seekto=2013
0:34:03.12,0:34:34.32,2043.12,2074.32,Richard Seaman,"Assistant Superintendent for Finance, SAU 6 (presents contract summaries and the FY23 budget; addressed as 'Richard' at [129])","Juneteenth added as a holiday which has no financial impact, the salary grid would be increased by 2.5% in each of fiscal 23 and fiscal 24. Financial impact from that 24,003 20 in fiscal 23 and 2584.  In fiscal 24,  a payment of the $250 disaster relief stipend in each of the two years similar structure that we just discussed for Secretary's financial impact.",Speaker 9,https://reflect-claremont.cablecast.tv/internetchannel/show/12115?site=1&seekto=2043
0:34:34.32,0:35:05.92,2074.32,2105.92,Richard Seaman,"Assistant Superintendent for Finance, SAU 6 (presents contract summaries and the FY23 budget; addressed as 'Richard' at [129])","4868 in each one of the years,  there was also a request to modify and just standardize the gradations within the longevity,  longevity table. And it was standardized so that after every five years, there's an increase of $150 for each of the five years. It was a strange number, something that got created by someone doing a percentage at some time, and it didn't make any sense, so it just makes it clearer.",Speaker 9,https://reflect-claremont.cablecast.tv/internetchannel/show/12115?site=1&seekto=2074
0:35:06.00,0:35:25.56,2106.00,2125.56,Richard Seaman,"Assistant Superintendent for Finance, SAU 6 (presents contract summaries and the FY23 budget; addressed as 'Richard' at [129])","Financial impact from that is $3,000 in fiscal 23 and $600 in fiscal 24.  Total financial impact  as negotiated. Fiscal 233791. Fiscal 2420 3112.",Speaker 9,https://reflect-claremont.cablecast.tv/internetchannel/show/12115?site=1&seekto=2106
0:35:25.64,0:35:53.44,2125.64,2153.44,Frank Sprague,Claremont School Board Chair,"So one of the the factors here is as we try to roll the insurance, the the school care plan back to sort of the the industry standard of around 95% as we work toward that. It's a delicate balance, in that people don't get the perception that they're paying for their own race through the insurance. They have to pay more in premium.",Speaker 2,https://reflect-claremont.cablecast.tv/internetchannel/show/12115?site=1&seekto=2125
0:35:53.44,0:36:18.48,2153.44,2178.48,Frank Sprague,Claremont School Board Chair,"They're getting more paid, but they're using it to pay for their insurance premium. So it's a delicate balance to make sure that people are coming out ahead.  So there actually are,   receiving some additional pay for cost of living. So that was one of the, one of the difficulties, as well as with secretaries on all of these contracts was, was the fact that we are dealing with the very inflationary period right now, and there's a lot of anxiety about that.",Speaker 2,https://reflect-claremont.cablecast.tv/internetchannel/show/12115?site=1&seekto=2153
0:36:18.56,0:36:41.12,2178.56,2201.12,Frank Sprague,Claremont School Board Chair,"But again,  the orange plan was made available. This is an older, more veteran group. I would say though, the custodians are  we've got a couple of guys that have been with us over 30 years. So it's an older, older crew. But  again,  as the board repped by really recommend ratification of this.",Speaker 2,https://reflect-claremont.cablecast.tv/internetchannel/show/12115?site=1&seekto=2178
0:36:41.20,0:36:49.56,2201.20,2209.56,Heather Whitney,Claremont School Board member,"Okay. I'll make a motion, make a motion to ratify the maintenance collective bargaining agreement and move it to a warrant article for public consideration.",Speaker 4,https://reflect-claremont.cablecast.tv/internetchannel/show/12115?site=1&seekto=2201
0:36:49.64,0:36:50.56,2209.64,2210.56,Steven Horsky,Claremont School Board member,Second.,Speaker 3,https://reflect-claremont.cablecast.tv/internetchannel/show/12115?site=1&seekto=2209
0:36:50.64,0:36:56.52,2210.64,2216.52,Frank Sprague,Claremont School Board Chair,Further discussion questions. Okay. All those in favor? Aye.,Speaker 2,https://reflect-claremont.cablecast.tv/internetchannel/show/12115?site=1&seekto=2210
0:36:56.60,0:36:58.52,2216.60,2218.52,Frank Sprague,Claremont School Board Chair,Opposed.,Speaker 9,https://reflect-claremont.cablecast.tv/internetchannel/show/12115?site=1&seekto=2216
0:36:58.60,0:36:59.56,2218.60,2219.56,Frank Sprague,Claremont School Board Chair,To.,Speaker 2,https://reflect-claremont.cablecast.tv/internetchannel/show/12115?site=1&seekto=2218
0:36:59.64,0:37:35.84,2219.64,2255.84,Richard Seaman,"Assistant Superintendent for Finance, SAU 6 (presents contract summaries and the FY23 budget; addressed as 'Richard' at [129])","The paraprofessional summary, what was negotiated was a three year agreement.  There was a lot of discussion as it relates to a concept of equalized payment for payroll right now. You're basically an hourly employee if you're in if we have school, you're paid. If you don't have school, you're not. Even though we've contracted with the employees for a full school year, the full 35 weeks or 194 days  and and the request and we were trying to help solve an issue of your pay is normalized for a period of time.",Speaker 9,https://reflect-claremont.cablecast.tv/internetchannel/show/12115?site=1&seekto=2219
0:37:35.84,0:37:58.08,2255.84,2278.08,Richard Seaman,"Assistant Superintendent for Finance, SAU 6 (presents contract summaries and the FY23 budget; addressed as 'Richard' at [129])","Then we come into a two week vacation, or you come into a week's vacation and a week snow day and there's no pay coming in, which makes it extremely difficult for anyone to manage their financials. We know that our paraprofessionals are going to be in the school district for their contracted number of days, 175 or 185, 190, whatever the number might be.",Speaker 9,https://reflect-claremont.cablecast.tv/internetchannel/show/12115?site=1&seekto=2255
0:37:58.16,0:38:24.52,2278.16,2304.52,Richard Seaman,"Assistant Superintendent for Finance, SAU 6 (presents contract summaries and the FY23 budget; addressed as 'Richard' at [129])","So there was a request for that. There's no financial impact back on back on the school district, but trying to address some of the concerns of how difficult it is to be at the pay level and then have the fluctuation in days going across the schedule, the salary grid increase there was agreed to was 3% in each of fiscal 23, 24 and 25  that we will restructure the pay scale.",Speaker 9,https://reflect-claremont.cablecast.tv/internetchannel/show/12115?site=1&seekto=2278
0:38:24.56,0:38:48.80,2304.56,2328.80,Richard Seaman,"Assistant Superintendent for Finance, SAU 6 (presents contract summaries and the FY23 budget; addressed as 'Richard' at [129])","There's currently two columns. We have about 4 or 5 that sit in one of the columns. I'm not even sure that I can adequately explain how you end up in one column for another. There's there's a certification, but I'm not. It's not a great impact, but it also allows us in the column that has been negotiated to have a more competitive, a more competitive price.",Speaker 9,https://reflect-claremont.cablecast.tv/internetchannel/show/12115?site=1&seekto=2304
0:38:48.80,0:39:26.52,2328.80,2366.52,Richard Seaman,"Assistant Superintendent for Finance, SAU 6 (presents contract summaries and the FY23 budget; addressed as 'Richard' at [129])","And, and,  that's an important piece, not only as we heard from citizens comments today, but also as we're competing for the paraprofessionals and those that we're trying to attract into, into Claremont, we're eliminating steps 0 to 2. And in order to have the new start step at $13.81. And I have had conversations, I think with with most of the board members on this, and certainly a wider conversation of how are we competing against what you see down on Washington Street or anywhere else in order to bring these people to be working in the Claremont School District?",Speaker 9,https://reflect-claremont.cablecast.tv/internetchannel/show/12115?site=1&seekto=2328
0:39:26.60,0:39:56.36,2366.60,2396.36,Richard Seaman,"Assistant Superintendent for Finance, SAU 6 (presents contract summaries and the FY23 budget; addressed as 'Richard' at [129])","Now we've got a different package, different benefits, different work day, etc. but getting it at that 1381 is something that the board felt comfortable that we could afford and would allow us to continue to be able to retain  a strong cadre of paraprofessionals.  In the case of someone moving from the column we're deleting to the column that we're going to, because there is a pretty significant change in the dollar rate, they're actually going to come across and go back one step.",Speaker 9,https://reflect-claremont.cablecast.tv/internetchannel/show/12115?site=1&seekto=2366
0:39:56.44,0:40:26.40,2396.44,2426.40,Richard Seaman,"Assistant Superintendent for Finance, SAU 6 (presents contract summaries and the FY23 budget; addressed as 'Richard' at [129])","And that again, just a matter of just a matter of trying to move from one from one column and make it consolidated the other financial impact on this. And let's remember, we're, we're we're dealing in 67 or 70 paraprofessionals. So the financial impact in 2000 325,433 in 2497, 362, and in 25, 101,000 164.",Speaker 9,https://reflect-claremont.cablecast.tv/internetchannel/show/12115?site=1&seekto=2396
0:40:26.48,0:40:54.76,2426.48,2454.76,Richard Seaman,"Assistant Superintendent for Finance, SAU 6 (presents contract summaries and the FY23 budget; addressed as 'Richard' at [129])","The to provide a $400 disaster relief stipend like we did for maintenance and secretaries,  but at the $400 level for each of fiscal 23 and 24  cost on this 30, 2000, one, 31 and 24.  I'm sorry, in 23 and the same amount in fiscal 24 incentive for certification. It's currently to get a para certification. If someone has a question on it.",Speaker 9,https://reflect-claremont.cablecast.tv/internetchannel/show/12115?site=1&seekto=2426
0:40:54.76,0:41:27.04,2454.76,2487.04,Richard Seaman,"Assistant Superintendent for Finance, SAU 6 (presents contract summaries and the FY23 budget; addressed as 'Richard' at [129])","I'm sure that we can get more detail on exactly what this certification is. We currently provide $600, and the feeling here is we want more paraprofessionals with the certification we're taking on the professional development and not this coming year, but the following year, starting effective July 1st of 23, we would raise that certification from 600 to 750. Financial impact on that $8,215 in each of the year's total financial impact.",Speaker 9,https://reflect-claremont.cablecast.tv/internetchannel/show/12115?site=1&seekto=2454
0:41:27.04,0:41:40.72,2487.04,2500.72,Richard Seaman,"Assistant Superintendent for Finance, SAU 6 (presents contract summaries and the FY23 budget; addressed as 'Richard' at [129])","For this, in 2357 564. Fiscal 241. 37709 and in fiscal 25109379.",Speaker 9,https://reflect-claremont.cablecast.tv/internetchannel/show/12115?site=1&seekto=2487
0:41:40.80,0:42:11.28,2500.80,2531.28,Frank Sprague,Claremont School Board Chair,"One of the  was the the rep on this committee. And one of the things that was important to me as conversations that we've had here is that,  we really like to try to attract, people with, with, with educations. It would be nice to,  to have an incentive for people with a bachelor's degree or an associate degree and pay them extra money for, the fact that they are, college educated.",Speaker 2,https://reflect-claremont.cablecast.tv/internetchannel/show/12115?site=1&seekto=2500
0:42:11.36,0:42:39.60,2531.36,2559.60,Frank Sprague,Claremont School Board Chair,"So that's part of the increase in the certification increases is around those types of incentives. So if you're,  licensed or have certain degrees or any degree, then you would you would have an enhanced pay because of that. Oh, we all heard what Tyler said.  You know, these people,  are kicked spit. I was a para for a few years myself, and it's not easy, I get it.",Speaker 2,https://reflect-claremont.cablecast.tv/internetchannel/show/12115?site=1&seekto=2531
0:42:39.68,0:42:52.20,2559.68,2572.20,Frank Sprague,Claremont School Board Chair,"And so,  again,  I ask that we ratify the paraprofessionals, contract.",Speaker 2,https://reflect-claremont.cablecast.tv/internetchannel/show/12115?site=1&seekto=2559
0:42:52.28,0:43:03.44,2572.28,2583.44,Heather Whitney,Claremont School Board member,"I'll make that motion. I'd like to make a motion to ratify the paraprofessional collective bargaining agreement, and to move it towards a warrant article for a public consideration.",Speaker 4,https://reflect-claremont.cablecast.tv/internetchannel/show/12115?site=1&seekto=2572
0:43:03.52,0:43:06.44,2583.52,2586.44,Frank Sprague,Claremont School Board Chair,Second.,Speaker 2,https://reflect-claremont.cablecast.tv/internetchannel/show/12115?site=1&seekto=2583
0:43:06.52,0:43:14.84,2586.52,2594.84,Frank Sprague,Claremont School Board Chair,"Mike patron, second, further discussion. All those in favor? Aye.  Opposed?",Speaker 2,https://reflect-claremont.cablecast.tv/internetchannel/show/12115?site=1&seekto=2586
0:43:14.92,0:43:48.12,2594.92,2628.12,Richard Seaman,"Assistant Superintendent for Finance, SAU 6 (presents contract summaries and the FY23 budget; addressed as 'Richard' at [129])","And the fourth and final negotiation that we had was with the Claremont Administrators Association, which are our principles, our assistant principals, which are not called assistant principals.  Student services. Thank you.  Athletic director,  director of the tech center. And I think that's it. The agreement was for a three year agreement.  Salary grid increase of 3% in each year.",Speaker 9,https://reflect-claremont.cablecast.tv/internetchannel/show/12115?site=1&seekto=2594
0:43:48.20,0:44:33.12,2628.20,2673.12,Richard Seaman,"Assistant Superintendent for Finance, SAU 6 (presents contract summaries and the FY23 budget; addressed as 'Richard' at [129])","Fiscal 23, four and five.  We also have provided in here sole discretion to the superintendent to increase the salary, the calculated salary by up to $5,000 to respond to market conditions. The financial impact from this, from this modification and the grid and modification in the  discretionary amount is 48,766. In fiscal 23, 50,002, 29 and 24, and 51,736 and 25, and to pay a $250 disaster relief stipend as we had in the others.",Speaker 9,https://reflect-claremont.cablecast.tv/internetchannel/show/12115?site=1&seekto=2628
0:44:33.12,0:44:59.44,2673.12,2699.44,Richard Seaman,"Assistant Superintendent for Finance, SAU 6 (presents contract summaries and the FY23 budget; addressed as 'Richard' at [129])","And again, this comes from our CARES three money. This is not out of the local funds. Financial impact 4825 in each of the years. So the total financial impact of this negotiation is 53, five, 92, in 23, 55, 055 and 24 and 51,007 36. In fiscal 25.",Speaker 9,https://reflect-claremont.cablecast.tv/internetchannel/show/12115?site=1&seekto=2673
0:44:59.52,0:45:29.96,2699.52,2729.96,Frank Sprague,Claremont School Board Chair,"So just one, one clarification I would make under number two,  sole discretion to the superintendent by up to 5000. That is for building level administrators. That's for principals. That's for principals. Correct. And so that way,  we feel limited with the, the CAA grid. If you've looked at it, you'll see that there there are a couple of factors that,  affect how affect how someone is paid at the building level.",Speaker 2,https://reflect-claremont.cablecast.tv/internetchannel/show/12115?site=1&seekto=2699
0:45:30.04,0:45:55.24,2730.04,2755.24,Frank Sprague,Claremont School Board Chair,"There's the base, there's a size factor to how big the school is. There's also the complexity of of the job. And education and education level of education. So we wanted to be able to expand on that a little to to sweeten the pot for, for the right candidate at one at any of our three buildings that we're, we're currently looking for.",Speaker 2,https://reflect-claremont.cablecast.tv/internetchannel/show/12115?site=1&seekto=2730
0:45:55.48,0:46:19.44,2755.48,2779.44,Frank Sprague,Claremont School Board Chair,"I talked to a couple of board members ex parte, and that was important to them as well. So I wanted to make sure that, that we at least were able to get something in there and support the superintendent in his desire to do that or give him that kind of latitude. So, again, as the board rep on this subcommittee,  I'm asking that we ratify this.",Speaker 2,https://reflect-claremont.cablecast.tv/internetchannel/show/12115?site=1&seekto=2755
0:46:19.52,0:46:32.00,2779.52,2792.00,Heather Whitney,Claremont School Board member,"I'd like to make a motion to ratify the c, a a collective bargaining agreement, and to move it to for public consideration by a warrant article.",Speaker 4,https://reflect-claremont.cablecast.tv/internetchannel/show/12115?site=1&seekto=2779
0:46:32.08,0:46:36.04,2792.08,2796.04,Frank Sprague,Claremont School Board Chair,Josh. Secondary.,Speaker 2,https://reflect-claremont.cablecast.tv/internetchannel/show/12115?site=1&seekto=2792
0:46:36.12,0:47:04.28,2796.12,2824.28,Frank Sprague,Claremont School Board Chair,"Okay. Further discussion. All those in favor? Aye. Opposed? Okay. Thank you everyone. Thanks to the administration for all that was. That was big job done. Okay. Moving on to the Claremont Public School. Budget review and approval. Richard, I'll let you go first. If you'd like. For. You want me to do some? I.",Speaker 2,https://reflect-claremont.cablecast.tv/internetchannel/show/12115?site=1&seekto=2796
0:47:04.36,0:47:09.92,2824.36,2829.92,Richard Seaman,"Assistant Superintendent for Finance, SAU 6 (presents contract summaries and the FY23 budget; addressed as 'Richard' at [129])","I was hoping for a bit of an introduction from the budget Committee, but I'm happy to do that. First up to.",Speaker 9,https://reflect-claremont.cablecast.tv/internetchannel/show/12115?site=1&seekto=2824
0:47:09.92,0:47:14.31,2829.92,2834.31,Frank Sprague,Claremont School Board Chair,"You know, Mike. Mike or want to. I've been doing a lot of talking.",Speaker 2,https://reflect-claremont.cablecast.tv/internetchannel/show/12115?site=1&seekto=2829
0:47:14.32,0:47:16.20,2834.32,2836.20,Heather Whitney,Claremont School Board member,So you're a good talking.,Speaker 4,https://reflect-claremont.cablecast.tv/internetchannel/show/12115?site=1&seekto=2834
0:47:16.28,0:47:54.44,2836.28,2874.44,Frank Sprague,Claremont School Board Chair,"Good ahead. So several years ago, we we for efficiency and really to to be thorough.  Every, every year people hear me say this, that,  I like to be able to go to the, the public hearing and to the vote in March and being being able to tell the voters that we really have have looked at the budget with every department, with every administrator and gone through it and, and found and gotten the questions we need to get answered and give the input we'd like to give.",Speaker 2,https://reflect-claremont.cablecast.tv/internetchannel/show/12115?site=1&seekto=2836
0:47:54.52,0:48:19.48,2874.52,2899.48,Frank Sprague,Claremont School Board Chair,"And  Mike patron and Nick Stone were on that committee with me. Nick taking Jason. Ben was place had been there for several years and  we met, I don't know how many collective hours, quite a few. And then the three of us met,  the Tuesday before Christmas maybe, or Tuesday after Christmas, Tuesday after after Tuesday after this.",Speaker 2,https://reflect-claremont.cablecast.tv/internetchannel/show/12115?site=1&seekto=2874
0:48:19.56,0:48:44.72,2899.56,2924.72,Frank Sprague,Claremont School Board Chair,"And,  went through it one more time and came up with some,  suggestions for,  areas to look at efficiencies and such with a number attached to that,  what we would like to see. So  what you have,  in front of you tonight is the reflection of that work. Now, I will say that the number we're looking at is the merchant.",Speaker 2,https://reflect-claremont.cablecast.tv/internetchannel/show/12115?site=1&seekto=2899
0:48:44.72,0:48:52.60,2924.72,2932.60,Frank Sprague,Claremont School Board Chair,Correct me if I'm wrong. This is the the money to be raised by taxes. Correct? This is not this is.,Speaker 2,https://reflect-claremont.cablecast.tv/internetchannel/show/12115?site=1&seekto=2924
0:48:52.68,0:48:58.28,2932.68,2938.28,Richard Seaman,"Assistant Superintendent for Finance, SAU 6 (presents contract summaries and the FY23 budget; addressed as 'Richard' at [129])",It's actually the full appropriation which includes taxes as well as grants.,Speaker 9,https://reflect-claremont.cablecast.tv/internetchannel/show/12115?site=1&seekto=2932
0:48:58.36,0:49:00.36,2938.36,2940.36,Frank Sprague,Claremont School Board Chair,But it. Right ultimately.,Speaker 2,https://reflect-claremont.cablecast.tv/internetchannel/show/12115?site=1&seekto=2938
0:49:00.36,0:49:04.68,2940.36,2944.68,Richard Seaman,"Assistant Superintendent for Finance, SAU 6 (presents contract summaries and the FY23 budget; addressed as 'Richard' at [129])",Works down to what's the tax implications for right to taxpayers.,Speaker 9,https://reflect-claremont.cablecast.tv/internetchannel/show/12115?site=1&seekto=2940
0:49:04.76,0:49:14.04,2944.76,2954.04,Frank Sprague,Claremont School Board Chair,Okay. So what we'll be doing is we'll be looking at the number at the bottom. So I'm going to Mike or Nick in the ad.,Speaker 2,https://reflect-claremont.cablecast.tv/internetchannel/show/12115?site=1&seekto=2944
0:49:14.12,0:49:29.76,2954.12,2969.76,Michael Petrin,Claremont School Board member (uncertain - segments in the superintendent's cluster; see overrides and report),"No I think you spent a good number of hours going through line by line, and dig digging in and taking good hard look at what needs to be there, what doesn't need to be there. And.",Speaker 10,https://reflect-claremont.cablecast.tv/internetchannel/show/12115?site=1&seekto=2954
0:49:29.84,0:49:51.40,2969.84,2991.40,Frank Sprague,Claremont School Board Chair,"Sometimes multiple sets of eyes find things that, I know  if I were to look at something over and over again, I stop seeing it. When you've got several sets of fresh eyes, and we always seem to find some things that are that are there that ask the, the, a couple of other steps of ice. So that being said, Richard.",Speaker 2,https://reflect-claremont.cablecast.tv/internetchannel/show/12115?site=1&seekto=2969
0:49:51.48,0:50:15.28,2991.48,3015.28,Richard Seaman,"Assistant Superintendent for Finance, SAU 6 (presents contract summaries and the FY23 budget; addressed as 'Richard' at [129])","Okay, I handed it out. We also have it up on the screen here. I would have hoped I could have made it larger, but at least it speaks to. These are the three reports that go into our annual report. And  the first one is the status by location. And it compares this year's budget to the recommended for next year's budget.",Speaker 9,https://reflect-claremont.cablecast.tv/internetchannel/show/12115?site=1&seekto=2991
0:50:15.36,0:50:23.44,3015.36,3023.44,Richard Seaman,"Assistant Superintendent for Finance, SAU 6 (presents contract summaries and the FY23 budget; addressed as 'Richard' at [129])","So if we just start at the top and however you'd like to handle this,  Frank, we can ask questions as we go along or cut me off. Whichever.",Speaker 9,https://reflect-claremont.cablecast.tv/internetchannel/show/12115?site=1&seekto=3015
0:50:23.52,0:50:25.08,3023.52,3025.08,Frank Sprague,Claremont School Board Chair,I think I'd like to do that.,Speaker 2,https://reflect-claremont.cablecast.tv/internetchannel/show/12115?site=1&seekto=3023
0:50:25.08,0:50:25.74,3025.08,3025.74,Richard Seaman,"Assistant Superintendent for Finance, SAU 6 (presents contract summaries and the FY23 budget; addressed as 'Richard' at [129])",That that's fine.,Speaker 9,https://reflect-claremont.cablecast.tv/internetchannel/show/12115?site=1&seekto=3025
0:50:25.76,0:50:30.40,3025.76,3030.40,Frank Sprague,Claremont School Board Chair,"So if you have questions, kind of. Yeah, just sing out.",Speaker 2,https://reflect-claremont.cablecast.tv/internetchannel/show/12115?site=1&seekto=3025
0:50:30.48,0:50:52.32,3030.48,3052.32,Richard Seaman,"Assistant Superintendent for Finance, SAU 6 (presents contract summaries and the FY23 budget; addressed as 'Richard' at [129])","Top of the list debt service, which is down a little bit, which should be expected each year as we pay down principal, we pay a little bit less in interest. These are contractual with the New Hampshire Bond Bank on the what we have outstanding. There are  regular education I'm sorry within elementary wide we we break out in here the special education out of district.",Speaker 9,https://reflect-claremont.cablecast.tv/internetchannel/show/12115?site=1&seekto=3030
0:50:52.40,0:51:17.24,3052.40,3077.24,Richard Seaman,"Assistant Superintendent for Finance, SAU 6 (presents contract summaries and the FY23 budget; addressed as 'Richard' at [129])","The out of district anticipated for next year is actually reducing slightly from 120,000 to 110,000. So the work taking place with programs within our schools is keeping our children within our district, within our schools, as opposed to heading out into some of these more expensive  out of district placements. Bluff school is down by about 134 000 year to year.",Speaker 9,https://reflect-claremont.cablecast.tv/internetchannel/show/12115?site=1&seekto=3052
0:51:17.24,0:51:38.44,3077.24,3098.44,Richard Seaman,"Assistant Superintendent for Finance, SAU 6 (presents contract summaries and the FY23 budget; addressed as 'Richard' at [129])","There was one position based on the number of students that didn't need to be filled within the building. We also had a number of turnovers that happened to affect bluff, and those that are replacing those that left are at a lower cost, and those that came in also were at a lower health insurance. Now it happens to go that way, could go the other direction.",Speaker 9,https://reflect-claremont.cablecast.tv/internetchannel/show/12115?site=1&seekto=3077
0:51:38.48,0:52:12.56,3098.48,3132.56,Richard Seaman,"Assistant Superintendent for Finance, SAU 6 (presents contract summaries and the FY23 budget; addressed as 'Richard' at [129])","But that's the primary reason for bluff on Maple. What we're looking at there is there really wasn't a lot of change in in the staffing and the makeup on Maple, the 75,000 is really just contractual increases for teachers and others, as well as the increase on health insurance. Disney  is up about 200 zero zero $0. There was additional 1 or 2 positions that were put in there this year geographically, because of the number of students that we had in the building and looking to retain those going next year.",Speaker 9,https://reflect-claremont.cablecast.tv/internetchannel/show/12115?site=1&seekto=3098
0:52:12.56,0:52:41.12,3132.56,3161.12,Richard Seaman,"Assistant Superintendent for Finance, SAU 6 (presents contract summaries and the FY23 budget; addressed as 'Richard' at [129])","Again, this is geographic. So if those third graders go from Disney over to Maple, the teacher would move, would move with them. But the way we're we're currently,  modeling it out, Claremont Middle School is up by about $255,000. Most of that is contractual. The other part in there is there is an increase in out of district anticipation for Claremont Middle School students of $127,000.",Speaker 9,https://reflect-claremont.cablecast.tv/internetchannel/show/12115?site=1&seekto=3132
0:52:41.12,0:53:03.20,3161.12,3183.20,Richard Seaman,"Assistant Superintendent for Finance, SAU 6 (presents contract summaries and the FY23 budget; addressed as 'Richard' at [129])","So the lion's share of that increase is what we're anticipating on out of district placements. The high school is down by 450 400 $0.  The lion's share of that, actually, almost all of it is related to out of district placement at high school level is down by 610,000.",Speaker 9,https://reflect-claremont.cablecast.tv/internetchannel/show/12115?site=1&seekto=3161
0:53:03.28,0:53:26.88,3183.28,3206.88,Richard Seaman,"Assistant Superintendent for Finance, SAU 6 (presents contract summaries and the FY23 budget; addressed as 'Richard' at [129])","Part of that 610 is then chewed back up with contractual increases, health increases, etc. but if you remember, last year we saw a pretty dramatic increase. Ben can certainly speak to it. Trying to continue to bring that down, handle our students within our own town and within our own school district. It's more appropriate, it's more beneficial to our budget and it's more beneficial to our community.",Speaker 9,https://reflect-claremont.cablecast.tv/internetchannel/show/12115?site=1&seekto=3183
0:53:26.96,0:53:48.80,3206.96,3228.80,Richard Seaman,"Assistant Superintendent for Finance, SAU 6 (presents contract summaries and the FY23 budget; addressed as 'Richard' at [129])","The alternative program, the pride program is pretty well flat, related to  just just contractual increases, the decrease that we're seeing on sugar River Valley. There are four components to that. We have eliminated the nurse position and our carrying the nurse position out of the middle school, which had gone on for a number of years. And we're doing that again.",Speaker 9,https://reflect-claremont.cablecast.tv/internetchannel/show/12115?site=1&seekto=3206
0:53:48.88,0:54:20.48,3228.88,3260.48,Richard Seaman,"Assistant Superintendent for Finance, SAU 6 (presents contract summaries and the FY23 budget; addressed as 'Richard' at [129])","We've eliminated the guidance counselor position that's being handled from the high school, as it had been done in the past. There was a reduction of a position that did business teaching, or  I think it's called business teaching. I'm sure that I'm not being not being complete on that. That position will not be replaced for next year. And we've reduced the director of the tech Center director position from a full time position to a half time position.",Speaker 9,https://reflect-claremont.cablecast.tv/internetchannel/show/12115?site=1&seekto=3228
0:54:20.56,0:54:46.56,3260.56,3286.56,Richard Seaman,"Assistant Superintendent for Finance, SAU 6 (presents contract summaries and the FY23 budget; addressed as 'Richard' at [129])","Then that results in the in the in the reductions that we're seeing there. Then the district wide to be allocated.  It's going it's showing it's down by $312,000. And part of this is just let me explain a little bit how I put the budget together. I put the budget together knowing what the increases were in the individual contracts, but because of the contracts need to be taken out and done in warrant articles.",Speaker 9,https://reflect-claremont.cablecast.tv/internetchannel/show/12115?site=1&seekto=3260
0:54:46.72,0:54:52.16,3286.72,3292.16,Richard Seaman,"Assistant Superintendent for Finance, SAU 6 (presents contract summaries and the FY23 budget; addressed as 'Richard' at [129])","I took that lump sum that that lump summer, that.",Speaker 9,https://reflect-claremont.cablecast.tv/internetchannel/show/12115?site=1&seekto=3286
0:54:52.24,0:54:53.15,3292.24,3293.15,Frank Sprague,Claremont School Board Chair,Lump number lumps.,Speaker 2,https://reflect-claremont.cablecast.tv/internetchannel/show/12115?site=1&seekto=3292
0:54:53.24,0:55:15.72,3293.24,3315.72,Richard Seaman,"Assistant Superintendent for Finance, SAU 6 (presents contract summaries and the FY23 budget; addressed as 'Richard' at [129])","It's either lump sum or lump number. It's one or the other and put it in here. So I didn't take on the pairs. The budget should not include what we voted to ratify. So I've taken it out of the budget and put it down into the Warren articles. But as opposed to allocating it to each one of the individual geographic locations right now, I lumped it into the district wide number.",Speaker 9,https://reflect-claremont.cablecast.tv/internetchannel/show/12115?site=1&seekto=3293
0:55:15.96,0:55:19.00,3315.96,3319.00,Heather Whitney,Claremont School Board member,So the increases are in this number or not.,Speaker 4,https://reflect-claremont.cablecast.tv/internetchannel/show/12115?site=1&seekto=3315
0:55:19.04,0:55:26.65,3319.04,3326.65,Richard Seaman,"Assistant Superintendent for Finance, SAU 6 (presents contract summaries and the FY23 budget; addressed as 'Richard' at [129])",They are not in the total number. They are in the individual geographic numbers. Yes.,Speaker 9,https://reflect-claremont.cablecast.tv/internetchannel/show/12115?site=1&seekto=3319
0:55:26.73,0:55:49.56,3326.73,3349.56,Richard Seaman,"Assistant Superintendent for Finance, SAU 6 (presents contract summaries and the FY23 budget; addressed as 'Richard' at [129])","That makes sense. Again, it's just a matter of trying to trying to do it in a way that that allows you to model out what you think the budget is going to be without having to go back and revisit,  for,  for my note purpose, because maintenance, transportation and technology are all included above, you can see the maintenance is pretty much  level.",Speaker 9,https://reflect-claremont.cablecast.tv/internetchannel/show/12115?site=1&seekto=3326
0:55:49.60,0:56:14.56,3349.60,3374.56,Richard Seaman,"Assistant Superintendent for Finance, SAU 6 (presents contract summaries and the FY23 budget; addressed as 'Richard' at [129])","The primary reason for the increase there is what's going on with propane. Right now. We've got increase in propane and natural gas within our budgets. With a little luck, we don't see that, but better to prepare for it. Transportation is basically flat and kudos to Pamela Oliver, drivers and everyone else for the work that they have been doing through the pandemic and through all the different changes that have been going on here.",Speaker 9,https://reflect-claremont.cablecast.tv/internetchannel/show/12115?site=1&seekto=3349
0:56:14.56,0:56:42.96,3374.56,3402.96,Richard Seaman,"Assistant Superintendent for Finance, SAU 6 (presents contract summaries and the FY23 budget; addressed as 'Richard' at [129])","They just really have done extraordinary,  extraordinary work for for us, our families, our school district. And technology is also basically flat. The primary reason there is we were able to invest a lot in technology out of the CARES money. We were able to also get an additional grant, which Jeff brought in called the Russ Grant, which gave us the new the new intelligent boards that we have in all of our classrooms.",Speaker 9,https://reflect-claremont.cablecast.tv/internetchannel/show/12115?site=1&seekto=3374
0:56:43.04,0:57:09.00,3403.04,3429.00,Richard Seaman,"Assistant Superintendent for Finance, SAU 6 (presents contract summaries and the FY23 budget; addressed as 'Richard' at [129])","We've got cameras. We've got I mean, our technology really took you, so we're not seeing any increase in the technology budget. This is contract software contracts. ET cetera. That's carrying over. That's the general fund. Now, what we also need to include in here are the grants that we receive. So down below you see federal grants which includes our title grant Ida Grant homeless.",Speaker 9,https://reflect-claremont.cablecast.tv/internetchannel/show/12115?site=1&seekto=3403
0:57:09.16,0:57:28.84,3429.16,3448.84,Richard Seaman,"Assistant Superintendent for Finance, SAU 6 (presents contract summaries and the FY23 budget; addressed as 'Richard' at [129])","There's a whole range of different grants that we have there. If we get it at 2.7 million, we spend it. We have the ability to spend it. If it comes in at 2.3 million, we only spend at 2.3 million. We spend whatever the grant would allow us to spend. And we don't want to leave federal dollars in federal grant money on the table.",Speaker 9,https://reflect-claremont.cablecast.tv/internetchannel/show/12115?site=1&seekto=3429
0:57:28.92,0:57:54.12,3448.92,3474.12,Richard Seaman,"Assistant Superintendent for Finance, SAU 6 (presents contract summaries and the FY23 budget; addressed as 'Richard' at [129])","Food service, same thing. This is related to the free and reduced and what we receive back on our free and reduced and the adult education broken out. And again adult education grant which we can receive if we get them. We have the ability to spend it. If we don't get them, we do not. So the total budget here is showing right now a $541,581 reduction.",Speaker 9,https://reflect-claremont.cablecast.tv/internetchannel/show/12115?site=1&seekto=3448
0:57:54.20,0:57:56.84,3474.20,3476.84,Richard Seaman,"Assistant Superintendent for Finance, SAU 6 (presents contract summaries and the FY23 budget; addressed as 'Richard' at [129])",Michael.,Speaker 9,https://reflect-claremont.cablecast.tv/internetchannel/show/12115?site=1&seekto=3474
0:57:56.92,0:58:01.92,3476.92,3481.92,Michael Petrin,Claremont School Board member (uncertain - segments in the superintendent's cluster; see overrides and report),We talked about the carrots money. Where does that show up now.,Speaker 10,https://reflect-claremont.cablecast.tv/internetchannel/show/12115?site=1&seekto=3476
0:58:01.96,0:58:20.20,3481.96,3500.20,Richard Seaman,"Assistant Superintendent for Finance, SAU 6 (presents contract summaries and the FY23 budget; addressed as 'Richard' at [129])","I asked that question today. And as to whether or not that needs to show up in the federal grants or whether that is something that's approved by the board as we're utilizing the CARES grant, the recommendation, and this is in conversation with our auditor who happened to be here today. What are other places doing? They're not including it here.",Speaker 9,https://reflect-claremont.cablecast.tv/internetchannel/show/12115?site=1&seekto=3481
0:58:20.20,0:58:31.12,3500.20,3511.12,Richard Seaman,"Assistant Superintendent for Finance, SAU 6 (presents contract summaries and the FY23 budget; addressed as 'Richard' at [129])","They're saying as you utilize the CARES money, that that becomes an approval done by the board as a part of accepting that grant and therefore would not be included here. Okay.",Speaker 9,https://reflect-claremont.cablecast.tv/internetchannel/show/12115?site=1&seekto=3500
0:58:31.20,0:58:42.24,3511.20,3522.24,Frank Sprague,Claremont School Board Chair,"Just one on a footnote, Steve. So, so because that's grant money, the the purpose of that is to supplement not supplant. Correct. So that's I think, an important distinction.",Speaker 2,https://reflect-claremont.cablecast.tv/internetchannel/show/12115?site=1&seekto=3511
0:58:42.24,0:58:47.52,3522.24,3527.52,Michael Petrin,Claremont School Board member (uncertain - segments in the superintendent's cluster; see overrides and report),We can't. Right. So we're not doing anything with grant money that's going to need to be carried on beyond.,Speaker 10,https://reflect-claremont.cablecast.tv/internetchannel/show/12115?site=1&seekto=3522
0:58:47.60,0:58:55.00,3527.60,3535.00,Richard Seaman,"Assistant Superintendent for Finance, SAU 6 (presents contract summaries and the FY23 budget; addressed as 'Richard' at [129])","We're being especially sensitive to that, that this is one time money that runs out. Let's not burden as we go forward. Right.",Speaker 9,https://reflect-claremont.cablecast.tv/internetchannel/show/12115?site=1&seekto=3527
0:58:55.08,0:58:57.44,3535.08,3537.44,Frank Sprague,Claremont School Board Chair,"Go ahead, Steve, off.",Speaker 2,https://reflect-claremont.cablecast.tv/internetchannel/show/12115?site=1&seekto=3535
0:58:57.52,0:59:26.32,3537.52,3566.32,Steven Horsky,Claremont School Board member,"The quick question I have, and it's just because of a lack of knowledge based on how the feds did things. But my understanding is, is I'm looking at the 2122 budget, and I see food service of 650 K. When I look at that, I see that we budgeted it but didn't, just for clarity on what the feds did to provide lunch during the pandemic this school year, if my understanding is correct, that would make that a zero that's actually used.",Speaker 3,https://reflect-claremont.cablecast.tv/internetchannel/show/12115?site=1&seekto=3537
0:59:26.32,0:59:30.08,3566.32,3570.08,Steven Horsky,Claremont School Board member,Is that correct? Which means there's 654.,Speaker 3,https://reflect-claremont.cablecast.tv/internetchannel/show/12115?site=1&seekto=3566
0:59:30.28,0:59:58.48,3570.28,3598.48,Richard Seaman,"Assistant Superintendent for Finance, SAU 6 (presents contract summaries and the FY23 budget; addressed as 'Richard' at [129])","Well, no, we of the 615 that we get on food service, we also pay for the food for the provider for Abby Group, which provides the food. So there is a net number that comes out of food service. The benefit we have of what the federal government did this year, everyone being able to receive a free lunch and not getting the reimbursement is hopefully, we had the ability to expand the number of students that were taking advantage of free breakfast and lunch, but there's still the food costs that's in there.",Speaker 9,https://reflect-claremont.cablecast.tv/internetchannel/show/12115?site=1&seekto=3570
0:59:58.56,1:00:07.56,3598.56,3607.56,Richard Seaman,"Assistant Superintendent for Finance, SAU 6 (presents contract summaries and the FY23 budget; addressed as 'Richard' at [129])","I do anticipate this year we'll probably be seeing a 100 or $200,000 type of a surplus number in our food service.",Speaker 9,https://reflect-claremont.cablecast.tv/internetchannel/show/12115?site=1&seekto=3598
1:00:07.60,1:00:08.08,3607.60,3608.08,Steven Horsky,Claremont School Board member,"Yeah, that's where.",Speaker 3,https://reflect-claremont.cablecast.tv/internetchannel/show/12115?site=1&seekto=3607
1:00:08.08,1:00:14.48,3608.08,3614.48,Richard Seaman,"Assistant Superintendent for Finance, SAU 6 (presents contract summaries and the FY23 budget; addressed as 'Richard' at [129])","I was trying to do collections. We don't do anything else. If you show up, you want it just gets tagged. It's not whether you're free and reduced.",Speaker 9,https://reflect-claremont.cablecast.tv/internetchannel/show/12115?site=1&seekto=3608
1:00:14.60,1:00:36.60,3614.60,3636.60,Steven Horsky,Claremont School Board member,"That's what I was trying to figure out, is if we're getting reimbursed from the federal government. We've budgeted 650,000, then we should see a net gain of 650,000 on that one line alone. I mean, I would see that we would have it next year budgeted, but I would see it on this year as being a surplus if we didn't have to use it, because at the time the budget was passed, we didn't know if the federal government.",Speaker 3,https://reflect-claremont.cablecast.tv/internetchannel/show/12115?site=1&seekto=3614
1:00:36.64,1:00:56.00,3636.64,3656.00,Richard Seaman,"Assistant Superintendent for Finance, SAU 6 (presents contract summaries and the FY23 budget; addressed as 'Richard' at [129])","Was six. 15 is a reasonably consistent number. What they did for us, because we have such high level of free and reduced, we aren't necessarily seeing a big change. Our cost for providing their meals is still the same. So basically food service runs its own PNL. It's not included within the regular education or any of the grants. It's its own.",Speaker 9,https://reflect-claremont.cablecast.tv/internetchannel/show/12115?site=1&seekto=3636
1:00:56.20,1:01:25.78,3656.20,3685.78,Richard Seaman,"Assistant Superintendent for Finance, SAU 6 (presents contract summaries and the FY23 budget; addressed as 'Richard' at [129])","So here's our revenue that comes in normally be made up of free and reduced people paying for their lunches, etc. and the bottom side is Abby group contract to us. Actual expenditure is what they do with people, so I don't anticipate that that's going to change all that much. Again, unless we're able to raise the number of kids who are taking the lunches and the meals, in which case it just economies of scale that you get on the fixed expenses.",Speaker 9,https://reflect-claremont.cablecast.tv/internetchannel/show/12115?site=1&seekto=3656
1:01:25.86,1:01:29.98,3685.86,3689.98,Richard Seaman,"Assistant Superintendent for Finance, SAU 6 (presents contract summaries and the FY23 budget; addressed as 'Richard' at [129])","I'm not quite answering the question, what am I missing?",Speaker 9,https://reflect-claremont.cablecast.tv/internetchannel/show/12115?site=1&seekto=3685
1:01:30.06,1:01:34.78,3690.06,3694.78,Unidentified,Unidentified - single remark during the food service budget exchange,"I see the federal government's giving me money, right?",Speaker 11,https://reflect-claremont.cablecast.tv/internetchannel/show/12115?site=1&seekto=3690
1:01:34.86,1:01:52.62,3694.86,3712.62,Steven Horsky,Claremont School Board member,"I should that line will technically be a zero because they're reimbursing us for that $650,000 expense. So  what I'm I understand we'd budget for it again this year, but I would see that carry over from the previous year show. So it should be a net impact of zero.",Speaker 3,https://reflect-claremont.cablecast.tv/internetchannel/show/12115?site=1&seekto=3694
1:01:52.70,1:01:53.54,3712.70,3713.54,Heather Whitney,Claremont School Board member,Should be a surplus.,Speaker 4,https://reflect-claremont.cablecast.tv/internetchannel/show/12115?site=1&seekto=3712
1:01:53.58,1:01:55.14,3713.58,3715.14,Steven Horsky,Claremont School Board member,And that's where I'm going with it.,Speaker 3,https://reflect-claremont.cablecast.tv/internetchannel/show/12115?site=1&seekto=3713
1:01:55.26,1:01:57.10,3715.26,3717.10,Richard Seaman,"Assistant Superintendent for Finance, SAU 6 (presents contract summaries and the FY23 budget; addressed as 'Richard' at [129])",A net impact.,Speaker 9,https://reflect-claremont.cablecast.tv/internetchannel/show/12115?site=1&seekto=3715
1:01:57.18,1:01:59.70,3717.18,3719.70,Heather Whitney,Claremont School Board member,We should have a surplus in our budget this year of.,Speaker 4,https://reflect-claremont.cablecast.tv/internetchannel/show/12115?site=1&seekto=3717
1:01:59.74,1:02:03.90,3719.74,3723.90,Steven Horsky,Claremont School Board member,650 grand. If we're getting reimbursed from the feds. That's that's what I'm saying.,Speaker 3,https://reflect-claremont.cablecast.tv/internetchannel/show/12115?site=1&seekto=3719
1:02:03.94,1:02:06.98,3723.94,3726.98,Richard Seaman,"Assistant Superintendent for Finance, SAU 6 (presents contract summaries and the FY23 budget; addressed as 'Richard' at [129])",The money. Well.,Speaker 9,https://reflect-claremont.cablecast.tv/internetchannel/show/12115?site=1&seekto=3723
1:02:07.06,1:02:25.86,3727.06,3745.86,Richard Seaman,"Assistant Superintendent for Finance, SAU 6 (presents contract summaries and the FY23 budget; addressed as 'Richard' at [129])","Again, the 615 that we're getting from the fed pays for what our cost is to provide the food service. So our net surplus should be something. And I don't have the numbers off the top of my head, but it's whatever. It's whatever we get back on free and reduce less. The cost of the food gives us what our net number is.",Speaker 9,https://reflect-claremont.cablecast.tv/internetchannel/show/12115?site=1&seekto=3727
1:02:25.94,1:02:47.62,3745.94,3767.62,Richard Seaman,"Assistant Superintendent for Finance, SAU 6 (presents contract summaries and the FY23 budget; addressed as 'Richard' at [129])","The difference we have here compared to what we've had in the past is there's no bad debt, there's no collections, there's no other issues that are outstanding there. And therefore,  once you take your revenue, what we get in there stays within food service and needs to be utilized within food service. This is not something we can take that money and take it elsewhere within the structure.",Speaker 9,https://reflect-claremont.cablecast.tv/internetchannel/show/12115?site=1&seekto=3745
1:02:47.70,1:02:50.54,3767.70,3770.54,Heather Whitney,Claremont School Board member,So what I'm hearing you say is we're not collecting money now.,Speaker 4,https://reflect-claremont.cablecast.tv/internetchannel/show/12115?site=1&seekto=3767
1:02:50.62,1:03:04.26,3770.62,3784.26,Richard Seaman,"Assistant Superintendent for Finance, SAU 6 (presents contract summaries and the FY23 budget; addressed as 'Richard' at [129])","We are not collecting money from students. We are submitting to the USDA, and they are providing us with whatever the price is that's provided for lunch and breakfast.",Speaker 9,https://reflect-claremont.cablecast.tv/internetchannel/show/12115?site=1&seekto=3770
1:03:04.34,1:03:08.66,3784.34,3788.66,Heather Whitney,Claremont School Board member,"So that's where the money is going, is we're not collecting it sounds like that's.",Speaker 4,https://reflect-claremont.cablecast.tv/internetchannel/show/12115?site=1&seekto=3784
1:03:08.86,1:03:12.38,3788.86,3792.38,Steven Horsky,Claremont School Board member,"Well, it's still affecting tax rate because we've budgeted for 650.",Speaker 3,https://reflect-claremont.cablecast.tv/internetchannel/show/12115?site=1&seekto=3788
1:03:12.42,1:03:13.90,3792.42,3793.90,Richard Seaman,"Assistant Superintendent for Finance, SAU 6 (presents contract summaries and the FY23 budget; addressed as 'Richard' at [129])",That's getting I've got 615.,Speaker 9,https://reflect-claremont.cablecast.tv/internetchannel/show/12115?site=1&seekto=3792
1:03:13.94,1:03:15.38,3793.94,3795.38,Steven Horsky,Claremont School Board member,On the that's getting reimbursed.,Speaker 3,https://reflect-claremont.cablecast.tv/internetchannel/show/12115?site=1&seekto=3793
1:03:15.42,1:03:38.26,3795.42,3818.26,Richard Seaman,"Assistant Superintendent for Finance, SAU 6 (presents contract summaries and the FY23 budget; addressed as 'Richard' at [129])","I've got 615 effect on the expense side also. So I'm treating the food service as if it is a net zero. If it's not a net zero, we end up with a surplus on food service. Those dollars need to be invested back within the food service structure. So improve our ovens, improve our pots and pans, improve the things that we have within within our kitchens.",Speaker 9,https://reflect-claremont.cablecast.tv/internetchannel/show/12115?site=1&seekto=3795
1:03:38.34,1:03:46.83,3818.34,3826.83,Richard Seaman,"Assistant Superintendent for Finance, SAU 6 (presents contract summaries and the FY23 budget; addressed as 'Richard' at [129])","They're providing they're providing the money to us to stay within the food service component, not to go and offset expenses that are elsewhere within.",Speaker 9,https://reflect-claremont.cablecast.tv/internetchannel/show/12115?site=1&seekto=3818
1:03:46.83,1:03:58.22,3826.83,3838.22,Steven Horsky,Claremont School Board member,"Regular know. What I was looking at is if we're budgeting it in, the taxpayers have been paying it. That's the taxpayers money because the feds decided to reimburse at the federal level.",Speaker 3,https://reflect-claremont.cablecast.tv/internetchannel/show/12115?site=1&seekto=3826
1:03:58.30,1:04:05.70,3838.30,3845.70,Richard Seaman,"Assistant Superintendent for Finance, SAU 6 (presents contract summaries and the FY23 budget; addressed as 'Richard' at [129])","But it's the net zero number. It's just like the other grants. If they give us 650, we're assuming that we've we've utilized a six.",Speaker 9,https://reflect-claremont.cablecast.tv/internetchannel/show/12115?site=1&seekto=3838
1:04:05.74,1:04:12.86,3845.74,3852.86,Steven Horsky,Claremont School Board member,"50, 100%. I'm not arguing that fact. I'm arguing the fact that we've budgeted 650. That's been filled out to the taxpayer.",Speaker 3,https://reflect-claremont.cablecast.tv/internetchannel/show/12115?site=1&seekto=3845
1:04:12.94,1:04:24.94,3852.94,3864.94,Richard Seaman,"Assistant Superintendent for Finance, SAU 6 (presents contract summaries and the FY23 budget; addressed as 'Richard' at [129])",But it's not being built out to the taxpayer because it's on the grant side. Number one. And what we look at when we get to the taxpayer piece on here that's been netted away from what is paid for by our US as a taxpayer.,Speaker 9,https://reflect-claremont.cablecast.tv/internetchannel/show/12115?site=1&seekto=3852
1:04:25.10,1:04:27.62,3865.10,3867.62,Steven Horsky,Claremont School Board member,"I'm going back to 2021, 2022.",Speaker 3,https://reflect-claremont.cablecast.tv/internetchannel/show/12115?site=1&seekto=3865
1:04:27.86,1:04:28.78,3867.86,3868.78,Richard Seaman,"Assistant Superintendent for Finance, SAU 6 (presents contract summaries and the FY23 budget; addressed as 'Richard' at [129])",The 650.,Speaker 9,https://reflect-claremont.cablecast.tv/internetchannel/show/12115?site=1&seekto=3867
1:04:28.98,1:04:41.58,3868.98,3881.58,Steven Horsky,Claremont School Board member,Yeah. And the reason I'm going back to that number is because that that means that I pay taxes on it as a taxpayer because we budgeted it. That's what I'm trying to figure out. That's what I'm trying to get the clarity on because I'm not getting clarity. But you aren't.,Speaker 3,https://reflect-claremont.cablecast.tv/internetchannel/show/12115?site=1&seekto=3868
1:04:41.66,1:04:45.74,3881.66,3885.74,Richard Seaman,"Assistant Superintendent for Finance, SAU 6 (presents contract summaries and the FY23 budget; addressed as 'Richard' at [129])",We're only paying taxes on the total general fund up above their.,Speaker 9,https://reflect-claremont.cablecast.tv/internetchannel/show/12115?site=1&seekto=3881
1:04:45.78,1:04:47.74,3885.78,3887.74,Unidentified,Unidentified - brief remark during the budget review (superintendent or a board member),Total general fund 34.,Speaker 10,https://reflect-claremont.cablecast.tv/internetchannel/show/12115?site=1&seekto=3885
1:04:47.82,1:04:50.18,3887.82,3890.18,Steven Horsky,Claremont School Board member,That's what's the answer. Long way to get there. Thank you.,Speaker 3,https://reflect-claremont.cablecast.tv/internetchannel/show/12115?site=1&seekto=3887
1:04:50.22,1:04:52.70,3890.22,3892.70,Unidentified,Unidentified - brief remark during the budget review (superintendent or a board member),I I'll pass through money.,Speaker 10,https://reflect-claremont.cablecast.tv/internetchannel/show/12115?site=1&seekto=3890
1:04:52.94,1:05:01.34,3892.94,3901.34,Steven Horsky,Claremont School Board member,"Just wanted to make sure I had it right. I just wanted to make sure I was on top of it. I don't like to miss any little cookies out there, you know?",Speaker 3,https://reflect-claremont.cablecast.tv/internetchannel/show/12115?site=1&seekto=3892
1:05:01.42,1:05:04.90,3901.42,3904.90,Richard Seaman,"Assistant Superintendent for Finance, SAU 6 (presents contract summaries and the FY23 budget; addressed as 'Richard' at [129])",No pun intended.,Speaker 9,https://reflect-claremont.cablecast.tv/internetchannel/show/12115?site=1&seekto=3901
1:05:04.98,1:05:22.42,3904.98,3922.42,Richard Seaman,"Assistant Superintendent for Finance, SAU 6 (presents contract summaries and the FY23 budget; addressed as 'Richard' at [129])","Other questions on this before we go over to the revenue side. Okay, I got control over this, don't I? Jeff, you have control over this, don't you just do something that makes it stop.",Speaker 9,https://reflect-claremont.cablecast.tv/internetchannel/show/12115?site=1&seekto=3904
1:05:22.50,1:05:23.26,3922.50,3923.26,Richard Seaman,"Assistant Superintendent for Finance, SAU 6 (presents contract summaries and the FY23 budget; addressed as 'Richard' at [129])",Is that revenue?,Speaker 9,https://reflect-claremont.cablecast.tv/internetchannel/show/12115?site=1&seekto=3922
1:05:23.38,1:05:24.02,3923.38,3924.02,Frank Sprague,Claremont School Board Chair,That's right.,Speaker 2,https://reflect-claremont.cablecast.tv/internetchannel/show/12115?site=1&seekto=3923
1:05:24.10,1:05:49.86,3924.10,3949.86,Richard Seaman,"Assistant Superintendent for Finance, SAU 6 (presents contract summaries and the FY23 budget; addressed as 'Richard' at [129])","Yes, sir. Yep. There we go. Okay. What's unique about school budgets is our voters only vote on the appropriation. We only vote on the expense side. But the revenue side has a huge potential impact on tax rate. We saw it a few years ago when the amount of adequacy aid was dropped, and therefore, the tax rate went up, even though the budget, the appropriation went down.",Speaker 9,https://reflect-claremont.cablecast.tv/internetchannel/show/12115?site=1&seekto=3924
1:05:49.90,1:06:10.18,3949.90,3970.18,Richard Seaman,"Assistant Superintendent for Finance, SAU 6 (presents contract summaries and the FY23 budget; addressed as 'Richard' at [129])","I mean, we don't spend enough time on the revenue side, but we also don't vote on the revenue side this coming year. We have some real positives on the revenue side. Let's hold on district assessment for a moment, which is the top line there because that's a plug number. After all the other revenues come in. That's what's left for the taxpayers to pay.",Speaker 9,https://reflect-claremont.cablecast.tv/internetchannel/show/12115?site=1&seekto=3949
1:06:10.26,1:06:40.50,3970.26,4000.50,Richard Seaman,"Assistant Superintendent for Finance, SAU 6 (presents contract summaries and the FY23 budget; addressed as 'Richard' at [129])","So what we have in here is our estimation for tuition. This is tuition re receive from in-state $750,000. These are kids who are coming to our school district and we charge their district for revenue. I'm sorry for tuition the vocational education tuitions same thing. Transportation fees which come from vocational,  is looking to be flat interest income. I dropped the estimate by 30,000 because I don't think anybody's paying interest anymore.",Speaker 9,https://reflect-claremont.cablecast.tv/internetchannel/show/12115?site=1&seekto=3970
1:06:40.74,1:07:11.86,4000.74,4031.86,Richard Seaman,"Assistant Superintendent for Finance, SAU 6 (presents contract summaries and the FY23 budget; addressed as 'Richard' at [129])","But maybe that'll go up over the course of the coming year. Pupil activities are donations and such to come in,  as is other our  larger donations, miscellaneous revenues that we receive over the course of the year are  fund balance to reduce taxes, we anticipate that we'll have a $400,000 surplus. As tight as we try to clamp down on the budget, you're not going to get to zero, and we don't want to be in the negative because you can't cover the negative.",Speaker 9,https://reflect-claremont.cablecast.tv/internetchannel/show/12115?site=1&seekto=4000
1:07:11.90,1:07:42.14,4031.90,4062.14,Richard Seaman,"Assistant Superintendent for Finance, SAU 6 (presents contract summaries and the FY23 budget; addressed as 'Richard' at [129])","There's no way to do that. So we're always slightly on the positive. And the $400,000 number has been an estimate we used. Now  this past year we returned $1.3 million. So we've been successfully returning above that 400. But that's where we're starting out at. And then last year the  the budget included $400,000 coming from an expendable trust, which was the special education expendable trust.",Speaker 9,https://reflect-claremont.cablecast.tv/internetchannel/show/12115?site=1&seekto=4031
1:07:42.22,1:08:15.10,4062.22,4095.10,Richard Seaman,"Assistant Superintendent for Finance, SAU 6 (presents contract summaries and the FY23 budget; addressed as 'Richard' at [129])","We of course not have that going into next year. So total local sources.  Let me come back. Let's just hold on that total for a second. Go down to the bottom part, which is adequate education grants. The state modified how they're handling adequate education grants and its relationship to the statewide education property tax. They dropped the statewide education property tax from a 1.8%, I believe, to 1.25%.",Speaker 9,https://reflect-claremont.cablecast.tv/internetchannel/show/12115?site=1&seekto=4062
1:08:15.30,1:08:41.14,4095.30,4121.14,Richard Seaman,"Assistant Superintendent for Finance, SAU 6 (presents contract summaries and the FY23 budget; addressed as 'Richard' at [129])","So we are, in effect, charging ourselves a lower amount on statewide property tax. It's good. There's still making up the amount of adequate education. So adequate education are two components. It's the statewide property tax that we collect from our own our own people. And then it's the calculation that brings us up to a total amount. That's the adequacy education grant.",Speaker 9,https://reflect-claremont.cablecast.tv/internetchannel/show/12115?site=1&seekto=4095
1:08:41.38,1:09:04.42,4121.38,4144.42,Richard Seaman,"Assistant Superintendent for Finance, SAU 6 (presents contract summaries and the FY23 budget; addressed as 'Richard' at [129])","The adequacy education grant is up by $1 million from last year's estimate. The statewide property tax is down by 384. Statewide property tax being down again is good for us because we, in effect, collect from our own people and then just take it from there and give it to the school district. So if we have to collect less from us and get more from the state  pool, that's a good thing.",Speaker 9,https://reflect-claremont.cablecast.tv/internetchannel/show/12115?site=1&seekto=4121
1:09:04.50,1:09:06.06,4144.50,4146.06,Frank Sprague,Claremont School Board Chair,Catastrophic Ade.,Speaker 2,https://reflect-claremont.cablecast.tv/internetchannel/show/12115?site=1&seekto=4144
1:09:06.14,1:09:36.74,4146.14,4176.74,Richard Seaman,"Assistant Superintendent for Finance, SAU 6 (presents contract summaries and the FY23 budget; addressed as 'Richard' at [129])","Catastrophic aid  provides a safety net for the very expensive special education expenses. And I believe once they go above $60,000 or something in that range, we the state, the state pays 90% of what's above 60,000. So it's trying to address those those districts that have very large or large individuals, special education charges. And Medicaid is going along at about a half $1 million.",Speaker 9,https://reflect-claremont.cablecast.tv/internetchannel/show/12115?site=1&seekto=4146
1:09:36.82,1:09:38.90,4176.82,4178.90,Frank Sprague,Claremont School Board Chair,So when.,Speaker 2,https://reflect-claremont.cablecast.tv/internetchannel/show/12115?site=1&seekto=4176
1:09:38.90,1:10:12.46,4178.90,4212.46,Richard Seaman,"Assistant Superintendent for Finance, SAU 6 (presents contract summaries and the FY23 budget; addressed as 'Richard' at [129])","We take all that we get from the bottom part here, the state revenues of just over 16 million and the individual components above, and the reduction in the size of the budget by $500,000, we need to collect from our taxpayers $732,327 less for  district assessment than we did in the previous year. Good thing there's no that's just good stuff.",Speaker 9,https://reflect-claremont.cablecast.tv/internetchannel/show/12115?site=1&seekto=4178
1:10:12.54,1:10:19.86,4212.54,4219.86,Richard Seaman,"Assistant Superintendent for Finance, SAU 6 (presents contract summaries and the FY23 budget; addressed as 'Richard' at [129])",The next page will go into how this impacts our taxes. Any questions on the revenue side?,Speaker 9,https://reflect-claremont.cablecast.tv/internetchannel/show/12115?site=1&seekto=4212
1:10:19.94,1:10:46.78,4219.94,4246.78,Richard Seaman,"Assistant Superintendent for Finance, SAU 6 (presents contract summaries and the FY23 budget; addressed as 'Richard' at [129])",Okay. So the next page now goes into what this means from a tax point of view. So again we start at the top with the grants that are in here. So the total appropriation which is the 37. 243. 825 from the first page we looked at less. The grant money we're receiving says general fund is 33 million 778 a 25.,Speaker 9,https://reflect-claremont.cablecast.tv/internetchannel/show/12115?site=1&seekto=4219
1:10:46.86,1:11:22.14,4246.86,4282.14,Richard Seaman,"Assistant Superintendent for Finance, SAU 6 (presents contract summaries and the FY23 budget; addressed as 'Richard' at [129])","The non-tax revenues were receiving or the 17,000,072 the $400,000 in fund balance means we need to collect from our own taxpayers. 16,000,305 917 what we just saw on the last page, our grand list valuation increased slightly to 754 million 172 304 when you take what we need to collect, by that, our tax rate would be set local tax rate at $21.62 as compared to last year, $22.71.",Speaker 9,https://reflect-claremont.cablecast.tv/internetchannel/show/12115?site=1&seekto=4246
1:11:22.14,1:11:50.34,4282.14,4310.34,Richard Seaman,"Assistant Superintendent for Finance, SAU 6 (presents contract summaries and the FY23 budget; addressed as 'Richard' at [129])","So down to dollar nine because we're collecting less in state wide property tax that benefits us also because we're only we're paying 123 instead of 183. So our total tax rate for Claremont based on this budget is 2285 as compared to 2453. Benefit from revenue, benefit from a reduction of budget benefit, slight benefit from an increase in valuation.",Speaker 9,https://reflect-claremont.cablecast.tv/internetchannel/show/12115?site=1&seekto=4282
1:11:50.42,1:12:10.10,4310.42,4330.10,Richard Seaman,"Assistant Superintendent for Finance, SAU 6 (presents contract summaries and the FY23 budget; addressed as 'Richard' at [129])",But we're down by $1.68 before we go into our warrant articles. And we're hoping the warrant articles pass. Those are critical to what what we're looking to do. But we start at $1.68 questions on the calculation that goes through here.,Speaker 9,https://reflect-claremont.cablecast.tv/internetchannel/show/12115?site=1&seekto=4310
1:12:10.18,1:12:43.90,4330.18,4363.90,Richard Seaman,"Assistant Superintendent for Finance, SAU 6 (presents contract summaries and the FY23 budget; addressed as 'Richard' at [129])","Okay. We now have four warrant articles which we just ratified secretaries which would cost $0.03, paraprofessionals which would cost $0.21. Maintenance I have maintenance and transportation on here still. It should just be maintenance. The group is only a maintenance  union $0.04 and the administrators $0.07. When we add those together, the $0.35 on that plus up above the 2285, we come in at $23.20.",Speaker 9,https://reflect-claremont.cablecast.tv/internetchannel/show/12115?site=1&seekto=4330
1:12:43.98,1:12:57.86,4363.98,4377.86,Richard Seaman,"Assistant Superintendent for Finance, SAU 6 (presents contract summaries and the FY23 budget; addressed as 'Richard' at [129])",$23.20 compared to last year's 2453. We're down $1.33. That's what the estimate is for the impact on tax rate.,Speaker 9,https://reflect-claremont.cablecast.tv/internetchannel/show/12115?site=1&seekto=4363
1:12:57.94,1:13:24.98,4377.94,4404.98,Richard Seaman,"Assistant Superintendent for Finance, SAU 6 (presents contract summaries and the FY23 budget; addressed as 'Richard' at [129])","That's the proposed budget. The default budget. Default budget is just an odd we can spend a lot of time going down through it. My belief is that our default budget will be the same as our  proposed budget. And the reason is this the default budget basically says if you had any, it's trying to take your current budget and roll it forward with contractual obligations.",Speaker 9,https://reflect-claremont.cablecast.tv/internetchannel/show/12115?site=1&seekto=4377
1:13:25.06,1:13:51.78,4405.06,4431.78,Richard Seaman,"Assistant Superintendent for Finance, SAU 6 (presents contract summaries and the FY23 budget; addressed as 'Richard' at [129])","If you had any big one time expenditures in your current budget, you need to take those out. Now, this year, we don't have any of those. In the previous year, we had put in a million and a half of capital improvements for those that remember it. So that's a one time we would have had to take out. If there are any investments that the budget anticipates, you're going to put in a new building, you're going to put in a new program, you're going to put in something like that, growth oriented.",Speaker 9,https://reflect-claremont.cablecast.tv/internetchannel/show/12115?site=1&seekto=4405
1:13:51.86,1:14:20.94,4431.86,4460.94,Richard Seaman,"Assistant Superintendent for Finance, SAU 6 (presents contract summaries and the FY23 budget; addressed as 'Richard' at [129])","You need to take those out. We're not putting in new programs. This is very much a, a. A continuing budget from this year into next year. So we're not taking out growth items because we haven't included them for that matter. We're trying to re reassess and realign the investments. If you have in your budget that you're going to eliminate a position or reduce a position that needs to be in the default budget also, and it is.",Speaker 9,https://reflect-claremont.cablecast.tv/internetchannel/show/12115?site=1&seekto=4431
1:14:21.10,1:14:49.70,4461.10,4489.70,Richard Seaman,"Assistant Superintendent for Finance, SAU 6 (presents contract summaries and the FY23 budget; addressed as 'Richard' at [129])","So I anticipate now I've had conversations with a couple of different people, our auditors, as well as those that that are within the  the business manager group. I believe our default budget is going to be the same as our proposed budget, which is not a bad thing. It's just a think just how we calculate it. And therefore  on either side, we're looking at an improvement to our taxpayers of $1.68.",Speaker 9,https://reflect-claremont.cablecast.tv/internetchannel/show/12115?site=1&seekto=4461
1:14:49.78,1:15:02.50,4489.78,4502.50,Richard Seaman,"Assistant Superintendent for Finance, SAU 6 (presents contract summaries and the FY23 budget; addressed as 'Richard' at [129])",And I think that that's that's a good message for  a budget. And thank you to everyone for their efforts on this. I'm sorry. An improvement of dollar 33 after Warren articles.,Speaker 9,https://reflect-claremont.cablecast.tv/internetchannel/show/12115?site=1&seekto=4489
1:15:02.58,1:15:06.02,4502.58,4506.02,Frank Sprague,Claremont School Board Chair,Any other questions.,Speaker 2,https://reflect-claremont.cablecast.tv/internetchannel/show/12115?site=1&seekto=4502
1:15:06.10,1:15:25.22,4506.10,4525.22,Frank Sprague,Claremont School Board Chair,"So our number if I'm right is 37,243,825. That's correct. So I need a motion with can. Everybody can make the motion find that number on the what. We're going to be looking at.",Speaker 2,https://reflect-claremont.cablecast.tv/internetchannel/show/12115?site=1&seekto=4506
1:15:25.30,1:15:27.94,4525.30,4527.94,Heather Whitney,Claremont School Board member,"243,825.",Speaker 4,https://reflect-claremont.cablecast.tv/internetchannel/show/12115?site=1&seekto=4525
1:15:27.98,1:15:30.86,4527.98,4530.86,Frank Sprague,Claremont School Board Chair,Right. To move that to the Warren.,Speaker 2,https://reflect-claremont.cablecast.tv/internetchannel/show/12115?site=1&seekto=4527
1:15:31.06,1:15:35.70,4531.06,4535.70,Heather Whitney,Claremont School Board member,In the Budget Committee.,Speaker 4,https://reflect-claremont.cablecast.tv/internetchannel/show/12115?site=1&seekto=4531
1:15:35.78,1:15:53.94,4535.78,4553.94,Heather Whitney,Claremont School Board member,"I'd like to make a motion to accept the proposed, 2223 Claremont School District budget of 37,243,000 825,000.",Speaker 4,https://reflect-claremont.cablecast.tv/internetchannel/show/12115?site=1&seekto=4535
1:15:53.98,1:15:54.90,4553.98,4554.90,Frank Sprague,Claremont School Board Chair,37 million.,Speaker 2,https://reflect-claremont.cablecast.tv/internetchannel/show/12115?site=1&seekto=4553
1:15:54.94,1:16:03.54,4554.94,4563.54,Heather Whitney,Claremont School Board member,"37,243,825. Got it.",Speaker 4,https://reflect-claremont.cablecast.tv/internetchannel/show/12115?site=1&seekto=4554
1:16:03.62,1:16:04.98,4563.62,4564.98,Michael Petrin,Claremont School Board member (uncertain - segments in the superintendent's cluster; see overrides and report),A second that.,Speaker 10,https://reflect-claremont.cablecast.tv/internetchannel/show/12115?site=1&seekto=4563
1:16:05.06,1:16:09.90,4565.06,4569.90,Frank Sprague,Claremont School Board Chair,Peter in seconds. Further discussion.,Speaker 2,https://reflect-claremont.cablecast.tv/internetchannel/show/12115?site=1&seekto=4565
1:16:09.98,1:16:18.46,4569.98,4578.46,Frank Sprague,Claremont School Board Chair,"All those in favor? Aye, aye. Opposed? Okay. Thank you everyone. Thank you especially Nick and Mike for your work on that.",Speaker 2,https://reflect-claremont.cablecast.tv/internetchannel/show/12115?site=1&seekto=4569
1:16:18.50,1:16:22.06,4578.50,4582.06,Richard Seaman,"Assistant Superintendent for Finance, SAU 6 (presents contract summaries and the FY23 budget; addressed as 'Richard' at [129])",Lot of times you.,Speaker 9,https://reflect-claremont.cablecast.tv/internetchannel/show/12115?site=1&seekto=4578
1:16:22.14,1:16:32.44,4582.14,4592.44,Frank Sprague,Claremont School Board Chair,Okay. Moving on. Program A studies approval tonight.,Speaker 2,https://reflect-claremont.cablecast.tv/internetchannel/show/12115?site=1&seekto=4582
1:16:32.44,1:16:37.69,4592.44,4597.69,Michael Tempesta,"Superintendent, SAU 6",So we have  followed the guidance director.,Speaker 10,https://reflect-claremont.cablecast.tv/internetchannel/show/12115?site=1&seekto=4592
1:16:37.77,1:16:43.50,4597.77,4603.50,Unidentified,Unidentified - Stevens High School administrator presenting the program of studies and the Puerto Rico trip update (name not stated),"Point on the guidance counselor, not a director of clarification of the board.",Speaker 12,https://reflect-claremont.cablecast.tv/internetchannel/show/12115?site=1&seekto=4597
1:16:43.58,1:16:43.86,4603.58,4603.86,Frank Sprague,Claremont School Board Chair,I know.,Speaker 2,https://reflect-claremont.cablecast.tv/internetchannel/show/12115?site=1&seekto=4603
1:16:43.86,1:16:49.34,4603.86,4609.34,Unidentified,Unidentified - Stevens High School administrator presenting the program of studies and the Puerto Rico trip update (name not stated),What you did. You gave me a really big increase. Their.,Speaker 12,https://reflect-claremont.cablecast.tv/internetchannel/show/12115?site=1&seekto=4603
1:16:49.42,1:16:58.70,4609.42,4618.70,Unidentified,Unidentified - Stevens High School administrator presenting the program of studies and the Puerto Rico trip update (name not stated),"Can. I gave you  the changes, the overview of the changes. You had, the program of studies. If there's any questions I can answer, I'm happy to do that. Yes.",Speaker 12,https://reflect-claremont.cablecast.tv/internetchannel/show/12115?site=1&seekto=4609
1:16:58.78,1:17:09.70,4618.78,4629.70,Steven Horsky,Claremont School Board member,Can I get the teacher preparation one? Program? Just what what's the aim and goal there? And housing for the future.,Speaker 3,https://reflect-claremont.cablecast.tv/internetchannel/show/12115?site=1&seekto=4618
1:17:09.78,1:17:14.90,4629.78,4634.90,Unidentified,Unidentified - Stevens High School administrator presenting the program of studies and the Puerto Rico trip update (name not stated),"Alex, leave. If Alex hear me and he wants to answer that, that would be great.",Speaker 12,https://reflect-claremont.cablecast.tv/internetchannel/show/12115?site=1&seekto=4629
1:17:14.98,1:17:15.50,4634.98,4635.50,Michael Tempesta,"Superintendent, SAU 6",I think I can.,Speaker 10,https://reflect-claremont.cablecast.tv/internetchannel/show/12115?site=1&seekto=4634
1:17:15.50,1:17:16.22,4635.50,4636.22,Unidentified,Unidentified - Stevens High School administrator presenting the program of studies and the Puerto Rico trip update (name not stated),Speak to that. Okay.,Speaker 12,https://reflect-claremont.cablecast.tv/internetchannel/show/12115?site=1&seekto=4635
1:17:16.26,1:17:45.02,4636.26,4665.02,Michael Tempesta,"Superintendent, SAU 6","So the idea on that now is going on for a little bit. Was doing things all the time in the program studies and the elected. And frankly, it's been a big,  a change for what I'm used to in the transition to New Hampshire from my previous state is that oftentimes and I, I, I'm backtracking a little bit, but, it's, it's you propose a program of studies, then the other scheduling process.",Speaker 10,https://reflect-claremont.cablecast.tv/internetchannel/show/12115?site=1&seekto=4636
1:17:45.04,1:18:03.34,4665.04,4683.34,Michael Tempesta,"Superintendent, SAU 6","And this is why I refer to because she's masterful at you have to get all the tallies and what the students want to take and all the other types of  process that, that it's quite a process. It doesn't necessarily align with what will run and what won't run. There's a couple of proposals that have been put out there to try to see what students want.",Speaker 10,https://reflect-claremont.cablecast.tv/internetchannel/show/12115?site=1&seekto=4665
1:18:03.38,1:18:27.02,4683.38,4707.02,Michael Tempesta,"Superintendent, SAU 6","That was one of them.  And also  but then there's decisions made on on what will actually run, because we don't know how many students want to take this elective, that elective and the like. So,  this one is, is intended to be  used to have an early childhood class here that also  was part of the CTE center.",Speaker 10,https://reflect-claremont.cablecast.tv/internetchannel/show/12115?site=1&seekto=4683
1:18:27.18,1:18:53.02,4707.18,4733.02,Michael Tempesta,"Superintendent, SAU 6","We're not sure if we're going to be able to to we wanted to put forth a teacher ed program at multi-level,  so that we would  be able to have kids at the students work and kind of get the basics of going into the education field, kind of growing our own,  so to speak. And there are other,  districts out there that have that, that at each level.",Speaker 10,https://reflect-claremont.cablecast.tv/internetchannel/show/12115?site=1&seekto=4707
1:18:53.02,1:19:03.88,4733.02,4743.88,Michael Tempesta,"Superintendent, SAU 6","So the middle school, elementary and high school, that's what we're proposing. So as I understand it.",Speaker 10,https://reflect-claremont.cablecast.tv/internetchannel/show/12115?site=1&seekto=4733
1:19:03.96,1:19:05.12,4743.96,4745.12,Frank Sprague,Claremont School Board Chair,"Okay, Josh.",Speaker 2,https://reflect-claremont.cablecast.tv/internetchannel/show/12115?site=1&seekto=4743
1:19:05.20,1:19:15.64,4745.20,4755.64,Joshua Lambert,Claremont School Board member,I just had a question on my personal finance wasn't being offered anything. There was a position eliminated that taught that along with the accounting one and two.,Speaker 12,https://reflect-claremont.cablecast.tv/internetchannel/show/12115?site=1&seekto=4745
1:19:15.72,1:19:17.84,4755.72,4757.84,Michael Tempesta,"Superintendent, SAU 6",Yeah.,Speaker 10,https://reflect-claremont.cablecast.tv/internetchannel/show/12115?site=1&seekto=4755
1:19:17.92,1:19:21.04,4757.92,4761.04,Frank Sprague,Claremont School Board Chair,But so.,Speaker 2,https://reflect-claremont.cablecast.tv/internetchannel/show/12115?site=1&seekto=4757
1:19:21.12,1:19:23.80,4761.12,4763.80,Nicholas Stone,Claremont School Board member (recognized 'Nick' at [580] and [623]),Are we still offering French? Three and four.,Speaker 13,https://reflect-claremont.cablecast.tv/internetchannel/show/12115?site=1&seekto=4761
1:19:23.88,1:19:42.84,4763.88,4782.84,Unidentified,Unidentified - Stevens High School administrator presenting the program of studies and the Puerto Rico trip update (name not stated),"Yes, because there's students in French. There's 14 students in French. Two. Now that to meet the 27 credit diploma will need to move forward to French three. So assume again based on selection by students and et cetera that we still have to look at  we should we will need to offer the. Is your phasing out a program.",Speaker 12,https://reflect-claremont.cablecast.tv/internetchannel/show/12115?site=1&seekto=4763
1:19:42.88,1:19:45.24,4782.88,4785.24,Unidentified,Unidentified - Stevens High School administrator presenting the program of studies and the Puerto Rico trip update (name not stated),You don't want to lose the students that are already in there.,Speaker 12,https://reflect-claremont.cablecast.tv/internetchannel/show/12115?site=1&seekto=4782
1:19:45.28,1:20:11.00,4785.28,4811.00,Michael Tempesta,"Superintendent, SAU 6","And the the other thing that's fluid with that again, when we see what the tallies are, there's also other ways to do that. And I  it is, it is I don't want to say unique because I don't know the entire area, but I was a high school principal of schools, you know, large it's tough to sustain three languages, even two languages, when you have a population of about,  you know, 500.",Speaker 10,https://reflect-claremont.cablecast.tv/internetchannel/show/12115?site=1&seekto=4785
1:20:11.16,1:20:39.24,4811.16,4839.24,Michael Tempesta,"Superintendent, SAU 6","There's also other ways to get those, whether it be online classes and things like that. This is and I'll just pair up. You can certainly speak for yourself, but when you when you, when you look at the what's an elective. What's a core class is principal  barrier I think eloquently and  somewhat a wake up call  talking to the in the graduation address  last year spoke about how many kids made it through and how tough it tough it was.",Speaker 10,https://reflect-claremont.cablecast.tv/internetchannel/show/12115?site=1&seekto=4811
1:20:39.32,1:21:09.24,4839.32,4869.24,Michael Tempesta,"Superintendent, SAU 6","And  what we've been looking at is trying to see,  particularly with next year, what we need to do to sustain,  students and curb the failure rates, particularly in the core elective classes. And that's what we're going to try to also bolster with some of the cares money. So in other types of things where you can push in and  some  you can use that for temporary,  positions also to kind of get that get that on track.",Speaker 10,https://reflect-claremont.cablecast.tv/internetchannel/show/12115?site=1&seekto=4839
1:21:09.24,1:21:16.12,4869.24,4876.12,Michael Tempesta,"Superintendent, SAU 6","That's one of the things we're looking at. And that's for another meeting. I don't want to belabor this one with that, and I'll speak more to that as well.",Speaker 10,https://reflect-claremont.cablecast.tv/internetchannel/show/12115?site=1&seekto=4869
1:21:16.16,1:21:23.80,4876.16,4883.80,Steven Horsky,Claremont School Board member,"So just just to clarify that, I would assume it's as French too, but I would also assume French one, if we're not going to continue.",Speaker 3,https://reflect-claremont.cablecast.tv/internetchannel/show/12115?site=1&seekto=4876
1:21:23.80,1:21:26.58,4883.80,4886.58,Unidentified,Unidentified - Stevens High School administrator presenting the program of studies and the Puerto Rico trip update (name not stated),With the French one was not in the program studies this year. So that's just.,Speaker 12,https://reflect-claremont.cablecast.tv/internetchannel/show/12115?site=1&seekto=4883
1:21:26.58,1:21:27.64,4886.58,4887.64,Steven Horsky,Claremont School Board member,One  clarifying going.,Speaker 3,https://reflect-claremont.cablecast.tv/internetchannel/show/12115?site=1&seekto=4886
1:21:27.64,1:21:28.20,4887.64,4888.20,Unidentified,Unidentified - Stevens High School administrator presenting the program of studies and the Puerto Rico trip update (name not stated),Off.,Speaker 12,https://reflect-claremont.cablecast.tv/internetchannel/show/12115?site=1&seekto=4887
1:21:28.28,1:21:34.52,4888.28,4894.52,Steven Horsky,Claremont School Board member,"The list, because we did accounting one and two. So I wanted to make sure because that would kind of defeat the purpose if we're trying to face it out. That's right.",Speaker 3,https://reflect-claremont.cablecast.tv/internetchannel/show/12115?site=1&seekto=4888
1:21:34.60,1:21:35.80,4894.60,4895.80,Michael Tempesta,"Superintendent, SAU 6",Thank you. Thank you.,Speaker 10,https://reflect-claremont.cablecast.tv/internetchannel/show/12115?site=1&seekto=4894
1:21:35.88,1:21:56.04,4895.88,4916.04,Nicholas Stone,Claremont School Board member (recognized 'Nick' at [580] and [623]),"I'm not sure this is more question for Jeff. It might be I was looking through the program of studies, and I noticed that the,  he was injured, computers or whatever, something like that, that  the class description is focused on the Google Suite rather than Microsoft Suite. Do we still have that? The Microsoft Suite for students in the school system, is that still.",Speaker 13,https://reflect-claremont.cablecast.tv/internetchannel/show/12115?site=1&seekto=4895
1:21:56.12,1:21:59.60,4916.12,4919.60,Nicholas Stone,Claremont School Board member (recognized 'Nick' at [580] and [623]),"Yeah. So I guess I go back to you, I guess,",Speaker 13,https://reflect-claremont.cablecast.tv/internetchannel/show/12115?site=1&seekto=4916
1:21:59.68,1:22:05.40,4919.68,4925.40,Unidentified,Unidentified - Stevens High School administrator presenting the program of studies and the Puerto Rico trip update (name not stated),"They do do both. It's not reading that way, I apologize. Yeah, but I know that the instructor does go over both of them.",Speaker 12,https://reflect-claremont.cablecast.tv/internetchannel/show/12115?site=1&seekto=4919
1:22:05.44,1:22:05.72,4925.44,4925.72,Nicholas Stone,Claremont School Board member (recognized 'Nick' at [580] and [623]),Both.,Speaker 13,https://reflect-claremont.cablecast.tv/internetchannel/show/12115?site=1&seekto=4925
1:22:05.72,1:22:09.61,4925.72,4929.61,Unidentified,Unidentified - Stevens High School administrator presenting the program of studies and the Puerto Rico trip update (name not stated),"Okay. On the Chromebooks, they use the Google books.",Speaker 12,https://reflect-claremont.cablecast.tv/internetchannel/show/12115?site=1&seekto=4925
1:22:09.69,1:22:20.12,4929.69,4940.12,Nicholas Stone,Claremont School Board member (recognized 'Nick' at [580] and [623]),"I know those in college was that, you know, Google Slides is not Google. That stuff is not really a as popular as I thought it was here. So it's more the Microsoft stuff. So I want to make sure that was.",Speaker 13,https://reflect-claremont.cablecast.tv/internetchannel/show/12115?site=1&seekto=4929
1:22:20.12,1:22:28.24,4940.12,4948.24,Michael Tempesta,"Superintendent, SAU 6",Still Google Sheets is not Excel as we often.,Speaker 10,https://reflect-claremont.cablecast.tv/internetchannel/show/12115?site=1&seekto=4940
1:22:28.32,1:22:57.96,4948.32,4977.96,Frank Sprague,Claremont School Board Chair,So I've got a couple of  comments. They all relate to running start. Okay. So  the first thing is I mentioned it last year and I noticed that it didn't get fixed in this year. So it's very important is the health science to at Newport as medical terminology and law and ethics. That's six running start credits. And it does not get a mention in the program of studies that those are running start courses that that it is a running start course and it is okay.,Speaker 2,https://reflect-claremont.cablecast.tv/internetchannel/show/12115?site=1&seekto=4948
1:22:58.08,1:23:30.84,4978.08,5010.84,Frank Sprague,Claremont School Board Chair,"The  the other thing that there's I think some confusion about sometimes our articulation agreements and running start because they are not they are not the same. Right. So I think it would be and I noticed that in the beginning of the tech offerings that listed that we have articulation agreements with all of these colleges and universities. Personally, I think it would be much more useful to kids if they if those courses were in the description.",Speaker 2,https://reflect-claremont.cablecast.tv/internetchannel/show/12115?site=1&seekto=4978
1:23:30.88,1:23:43.72,5010.88,5023.72,Frank Sprague,Claremont School Board Chair,"So if if we have an articulate with North Country Community College for culinary that should be listed under culinary not sort of in the heading of of the tech courses, you know what I'm saying?",Speaker 2,https://reflect-claremont.cablecast.tv/internetchannel/show/12115?site=1&seekto=5010
1:23:43.76,1:23:48.76,5023.76,5028.76,Unidentified,Unidentified - Stevens High School administrator presenting the program of studies and the Puerto Rico trip update (name not stated),"I double check I think it's in both, but  I'll double check that for you.",Speaker 12,https://reflect-claremont.cablecast.tv/internetchannel/show/12115?site=1&seekto=5023
1:23:49.00,1:24:11.16,5029.00,5051.16,Frank Sprague,Claremont School Board Chair,So the other one that and I actually talked to to Gerry Apple about this and  building trades and two and culinary two are listed as running start courses and they're not running start at River Valley. So I don't know where they are running start courses. And he doesn't either. So  I don't know if they.,Speaker 2,https://reflect-claremont.cablecast.tv/internetchannel/show/12115?site=1&seekto=5029
1:24:11.24,1:24:16.20,5051.24,5056.20,Unidentified,Unidentified - Stevens High School administrator presenting the program of studies and the Puerto Rico trip update (name not stated),They know we have some that are in more than just River Valley. Some of the credits are coming from other places.,Speaker 12,https://reflect-claremont.cablecast.tv/internetchannel/show/12115?site=1&seekto=5051
1:24:16.28,1:24:24.54,5056.28,5064.54,Frank Sprague,Claremont School Board Chair,That's why it would be good to list where that is in the in the description.,Speaker 2,https://reflect-claremont.cablecast.tv/internetchannel/show/12115?site=1&seekto=5056
1:24:24.62,1:24:33.30,5064.62,5073.30,Frank Sprague,Claremont School Board Chair,"And some of them for example, in the regular academics college comp that's, that's good at any any school any you and a system school.",Speaker 2,https://reflect-claremont.cablecast.tv/internetchannel/show/12115?site=1&seekto=5064
1:24:33.34,1:24:39.74,5073.34,5079.74,Unidentified,Unidentified - Stevens High School administrator presenting the program of studies and the Puerto Rico trip update (name not stated),It's good anywhere. Yeah. They'll get a transcript from River Valley in that case. And they can take it anywhere in the country.,Speaker 12,https://reflect-claremont.cablecast.tv/internetchannel/show/12115?site=1&seekto=5073
1:24:39.82,1:24:45.98,5079.82,5085.98,Frank Sprague,Claremont School Board Chair,So anyway just just a suggestion. But I really want I really want to get this health science. I mentioned it last year.,Speaker 2,https://reflect-claremont.cablecast.tv/internetchannel/show/12115?site=1&seekto=5079
1:24:46.06,1:24:54.98,5086.06,5094.98,Unidentified,Unidentified - Stevens High School administrator presenting the program of studies and the Puerto Rico trip update (name not stated),"I need to ask Newport because we take their,  just they we take their verbiage. Exactly. So they have just come.",Speaker 12,https://reflect-claremont.cablecast.tv/internetchannel/show/12115?site=1&seekto=5086
1:24:55.06,1:24:56.26,5095.06,5096.26,Frank Sprague,Claremont School Board Chair,It's that's what it is.,Speaker 2,https://reflect-claremont.cablecast.tv/internetchannel/show/12115?site=1&seekto=5095
1:24:56.30,1:25:00.66,5096.30,5100.66,Unidentified,Unidentified - Stevens High School administrator presenting the program of studies and the Puerto Rico trip update (name not stated),"Yeah. Okay. I'm just saying we have to use what they send us, so I'll double.",Speaker 12,https://reflect-claremont.cablecast.tv/internetchannel/show/12115?site=1&seekto=5096
1:25:00.74,1:25:05.38,5100.74,5105.38,Frank Sprague,Claremont School Board Chair,"Yeah. So I would, I would, but it's our little we put that little icon and the outcomes.",Speaker 2,https://reflect-claremont.cablecast.tv/internetchannel/show/12115?site=1&seekto=5100
1:25:05.42,1:25:09.18,5105.42,5109.18,Unidentified,Unidentified - Stevens High School administrator presenting the program of studies and the Puerto Rico trip update (name not stated),On on the icon. The icon I can do okay.,Speaker 12,https://reflect-claremont.cablecast.tv/internetchannel/show/12115?site=1&seekto=5105
1:25:09.22,1:25:11.34,5109.22,5111.34,Frank Sprague,Claremont School Board Chair,That's all I have. Oh good.,Speaker 2,https://reflect-claremont.cablecast.tv/internetchannel/show/12115?site=1&seekto=5109
1:25:11.42,1:25:21.34,5111.42,5121.34,Heather Whitney,Claremont School Board member,I just had two questions or a comment. Question in a comment. Is this a good place to talk about the grading system or no.,Speaker 4,https://reflect-claremont.cablecast.tv/internetchannel/show/12115?site=1&seekto=5111
1:25:21.42,1:25:23.26,5121.42,5123.26,Frank Sprague,Claremont School Board Chair,Are we done with questions about the program.,Speaker 2,https://reflect-claremont.cablecast.tv/internetchannel/show/12115?site=1&seekto=5121
1:25:23.30,1:25:27.94,5123.30,5127.94,Heather Whitney,Claremont School Board member,But it's in the program of studies. And so that's why I'm looking at the program of study.,Speaker 4,https://reflect-claremont.cablecast.tv/internetchannel/show/12115?site=1&seekto=5123
1:25:28.14,1:25:32.14,5128.14,5132.14,Unidentified,Unidentified - Stevens High School administrator presenting the program of studies and the Puerto Rico trip update (name not stated),And I will have to defer questions about it. But I don't have.,Speaker 12,https://reflect-claremont.cablecast.tv/internetchannel/show/12115?site=1&seekto=5128
1:25:32.22,1:25:35.14,5132.22,5135.14,Frank Sprague,Claremont School Board Chair,Mr. Bailey's here.,Speaker 2,https://reflect-claremont.cablecast.tv/internetchannel/show/12115?site=1&seekto=5132
1:25:35.22,1:25:36.86,5135.22,5136.86,Unidentified,Unidentified - Stevens High School administrator presenting the program of studies and the Puerto Rico trip update (name not stated),"One, sir.",Speaker 12,https://reflect-claremont.cablecast.tv/internetchannel/show/12115?site=1&seekto=5135
1:25:36.86,1:25:55.10,5136.86,5155.10,Heather Whitney,Claremont School Board member,"Yes. No. It's okay. I'll just drop that one for now. Don't ask.  Just because it was my understanding that we had gone to a more traditional grading system. And then when I'm looking in the program of studies, the Stevens High School grading system does not really reflect a standard grading system.",Speaker 4,https://reflect-claremont.cablecast.tv/internetchannel/show/12115?site=1&seekto=5136
1:25:55.18,1:25:57.74,5155.18,5157.74,Unidentified,Unidentified - Stevens High School administrator presenting the program of studies and the Puerto Rico trip update (name not stated),Are you referring to prerequisites for courses?,Speaker 12,https://reflect-claremont.cablecast.tv/internetchannel/show/12115?site=1&seekto=5155
1:25:57.86,1:25:58.30,5157.86,5158.30,Heather Whitney,Claremont School Board member,No.,Speaker 4,https://reflect-claremont.cablecast.tv/internetchannel/show/12115?site=1&seekto=5157
1:25:58.50,1:25:58.94,5158.50,5158.94,Unidentified,Unidentified - Stevens High School administrator presenting the program of studies and the Puerto Rico trip update (name not stated),Okay.,Speaker 12,https://reflect-claremont.cablecast.tv/internetchannel/show/12115?site=1&seekto=5158
1:25:59.02,1:26:02.82,5159.02,5162.82,Heather Whitney,Claremont School Board member,That's right in the opening okay.,Speaker 4,https://reflect-claremont.cablecast.tv/internetchannel/show/12115?site=1&seekto=5159
1:26:02.90,1:26:03.66,5162.90,5163.66,Nicholas Stone,Claremont School Board member (recognized 'Nick' at [580] and [623]),The letter grades.,Speaker 13,https://reflect-claremont.cablecast.tv/internetchannel/show/12115?site=1&seekto=5162
1:26:03.74,1:26:18.02,5163.74,5178.02,Heather Whitney,Claremont School Board member,"The letter grades. Yeah. Do you see the same thing? Yeah. Yeah. Okay. So it's only what, a four five a four and a three, I know. And then there's nothing below that.",Speaker 4,https://reflect-claremont.cablecast.tv/internetchannel/show/12115?site=1&seekto=5163
1:26:18.10,1:26:23.78,5178.10,5183.78,Frank Sprague,Claremont School Board Chair,"So got updated in the student teacher the student parent handbook, but not the program. Okay.",Speaker 2,https://reflect-claremont.cablecast.tv/internetchannel/show/12115?site=1&seekto=5178
1:26:23.86,1:26:45.98,5183.86,5205.98,Heather Whitney,Claremont School Board member,So we have made that change because I know there's some current concerns and questions about how the competencies are being melded into the actual final grade and the discretion that teachers are using to come up with a final grade. That is contradictory to what the board had.,Speaker 4,https://reflect-claremont.cablecast.tv/internetchannel/show/12115?site=1&seekto=5183
1:26:46.06,1:26:52.18,5206.06,5212.18,Heather Whitney,Claremont School Board member,Decided we wanted to do.,Speaker 4,https://reflect-claremont.cablecast.tv/internetchannel/show/12115?site=1&seekto=5206
1:26:52.26,1:26:53.94,5212.26,5213.94,Frank Sprague,Claremont School Board Chair,Other questions.,Speaker 2,https://reflect-claremont.cablecast.tv/internetchannel/show/12115?site=1&seekto=5212
1:26:54.02,1:27:01.94,5214.02,5221.94,Nicholas Stone,Claremont School Board member (recognized 'Nick' at [580] and [623]),So my question is on philosophy.  So I assume that was taken out of the program study because I took that exact course when I was a junior.,Speaker 13,https://reflect-claremont.cablecast.tv/internetchannel/show/12115?site=1&seekto=5214
1:27:01.98,1:27:03.94,5221.98,5223.94,Unidentified,Unidentified - Stevens High School administrator presenting the program of studies and the Puerto Rico trip update (name not stated),It came out and it came back. Yeah.,Speaker 12,https://reflect-claremont.cablecast.tv/internetchannel/show/12115?site=1&seekto=5221
1:27:04.02,1:27:05.94,5224.02,5225.94,Nicholas Stone,Claremont School Board member (recognized 'Nick' at [580] and [623]),So why is it coming back? Is there.,Speaker 13,https://reflect-claremont.cablecast.tv/internetchannel/show/12115?site=1&seekto=5224
1:27:06.06,1:27:24.90,5226.06,5244.90,Unidentified,Unidentified - Stevens High School administrator presenting the program of studies and the Puerto Rico trip update (name not stated),"There was a teacher interested in bringing it back, and some students requested, could we see if we had enough students to teach it again,  and make sure that it's not at the  detriment of other programs, other running start classes. And again, in the process of students selecting classes will be able to assess that.",Speaker 12,https://reflect-claremont.cablecast.tv/internetchannel/show/12115?site=1&seekto=5226
1:27:24.90,1:27:31.34,5244.90,5251.34,Nicholas Stone,Claremont School Board member (recognized 'Nick' at [580] and [623]),"Out, because I know that when we,  when I took it and when he,  might be the Saint Peter might not be, was he?",Speaker 13,https://reflect-claremont.cablecast.tv/internetchannel/show/12115?site=1&seekto=5244
1:27:31.38,1:27:31.98,5251.38,5251.98,Unidentified,Unidentified - Stevens High School administrator presenting the program of studies and the Puerto Rico trip update (name not stated),I bet it is.,Speaker 12,https://reflect-claremont.cablecast.tv/internetchannel/show/12115?site=1&seekto=5251
1:27:32.06,1:27:42.98,5252.06,5262.98,Nicholas Stone,Claremont School Board member (recognized 'Nick' at [580] and [623]),"Yeah. He started the philosophy and then a critical thinking course that goes along with that. So we've taken both in this, first semester of classes I think I've taught in my head. That would take him consecutively. I'm not sure if that's still.",Speaker 13,https://reflect-claremont.cablecast.tv/internetchannel/show/12115?site=1&seekto=5252
1:27:43.18,1:27:44.06,5263.18,5264.06,Unidentified,Unidentified - Stevens High School administrator presenting the program of studies and the Puerto Rico trip update (name not stated),What's the other course.,Speaker 12,https://reflect-claremont.cablecast.tv/internetchannel/show/12115?site=1&seekto=5263
1:27:44.10,1:27:47.22,5264.10,5267.22,Nicholas Stone,Claremont School Board member (recognized 'Nick' at [580] and [623]),Was critical thinking. It kind of paired with the philosophy course.,Speaker 13,https://reflect-claremont.cablecast.tv/internetchannel/show/12115?site=1&seekto=5264
1:27:47.46,1:27:55.10,5267.46,5275.10,Unidentified,Unidentified - Stevens High School administrator presenting the program of studies and the Puerto Rico trip update (name not stated),I no one brought forth the critical thinking for this year. I can make a note to for a future consideration.,Speaker 12,https://reflect-claremont.cablecast.tv/internetchannel/show/12115?site=1&seekto=5267
1:27:55.14,1:28:01.14,5275.14,5281.14,Nicholas Stone,Claremont School Board member (recognized 'Nick' at [580] and [623]),"Yeah, because I know that they were kind of taught, together, like as a continuation of each other, but.",Speaker 13,https://reflect-claremont.cablecast.tv/internetchannel/show/12115?site=1&seekto=5275
1:28:01.22,1:28:03.46,5281.22,5283.46,Unidentified,Unidentified - Stevens High School administrator presenting the program of studies and the Puerto Rico trip update (name not stated),Sort of like psychology and sociology.,Speaker 12,https://reflect-claremont.cablecast.tv/internetchannel/show/12115?site=1&seekto=5281
1:28:03.54,1:28:35.50,5283.54,5315.50,Steven Horsky,Claremont School Board member,"Yeah. So I had a question and it's, it's probably since I've been out of school for way, way too long, why I have this question.  But I, I was looking at how we do our 27 credit diploma,  another one that's lower than that, and then go right to the New Hampshire Standard of 20. The one thing that I that really caught my attention looking in is that the guy over here on the 20 credit gets six electives.",Speaker 3,https://reflect-claremont.cablecast.tv/internetchannel/show/12115?site=1&seekto=5283
1:28:35.58,1:29:06.58,5315.58,5346.58,Steven Horsky,Claremont School Board member,"The guy doing the accelerated gets the 27, has five electives based off how the structuring looks. And I think that in my opinion based we're trying to boost our scores and how our our youth are doing, and we're trying to get back to the basics. I would almost think we would want to require at least more foundational and fundamental courses and less electives in that 20,  the New Hampshire required diploma.",Speaker 3,https://reflect-claremont.cablecast.tv/internetchannel/show/12115?site=1&seekto=5315
1:29:06.66,1:29:20.54,5346.66,5360.54,Steven Horsky,Claremont School Board member,"I don't know how we go about that, because I know that we're looking at the required diploma, but that that just creates a question in my head based off trying to boost where we're trying to go with our with our students.",Speaker 3,https://reflect-claremont.cablecast.tv/internetchannel/show/12115?site=1&seekto=5346
1:29:20.62,1:29:24.38,5360.62,5364.38,Frank Sprague,Claremont School Board Chair,"Can I take I'm going to take a quick shot at that, because, I mean, having been there and done.",Speaker 2,https://reflect-claremont.cablecast.tv/internetchannel/show/12115?site=1&seekto=5360
1:29:24.38,1:29:25.55,5364.38,5365.55,Unidentified,Unidentified - Stevens High School administrator presenting the program of studies and the Puerto Rico trip update (name not stated),"That, I have been answered.",Speaker 12,https://reflect-claremont.cablecast.tv/internetchannel/show/12115?site=1&seekto=5364
1:29:25.70,1:29:55.90,5365.70,5395.90,Frank Sprague,Claremont School Board Chair,"So one of the things that used to happen with kids is,  is that they really,  would put themselves in a situation where they could never really they had such a deficit in credits that they could never go to Newport to take a course, for example. And so they may have, if I think if you fail one class, perhaps with a 27 credit requirement, you're mathematically eliminated from ever going to Newport.",Speaker 2,https://reflect-claremont.cablecast.tv/internetchannel/show/12115?site=1&seekto=5365
1:29:56.06,1:30:09.90,5396.06,5409.90,Frank Sprague,Claremont School Board Chair,You can't do it because you can't factor in the transportation time and earn sufficient credits. You're just you're just eliminated from that. So that's one of the reasons I know we did. That's one of the reasons we had the 20 credit.,Speaker 2,https://reflect-claremont.cablecast.tv/internetchannel/show/12115?site=1&seekto=5396
1:30:09.98,1:30:32.74,5409.98,5432.74,Steven Horsky,Claremont School Board member,"So I'm not disputing the 20 credit. I'm disputing the discrepancy between six electives on less credits, higher credit count, lower elective count. That's where I'm that's what I'm questioning. Because in my mind, if you're going to get a basic diploma on the basic side of things, you should have basic education, which is the fundamental courses and less electives.",Speaker 3,https://reflect-claremont.cablecast.tv/internetchannel/show/12115?site=1&seekto=5409
1:30:32.82,1:30:35.02,5432.82,5435.02,Steven Horsky,Claremont School Board member,"You know, you're not going to take seven semesters.",Speaker 3,https://reflect-claremont.cablecast.tv/internetchannel/show/12115?site=1&seekto=5432
1:30:35.02,1:30:39.14,5435.02,5439.14,Unidentified,Unidentified - Stevens High School administrator presenting the program of studies and the Puerto Rico trip update (name not stated),Of that. 20 credit is determined by the state and we can't change it.,Speaker 12,https://reflect-claremont.cablecast.tv/internetchannel/show/12115?site=1&seekto=5435
1:30:39.22,1:30:45.58,5439.22,5445.58,Steven Horsky,Claremont School Board member,"I get that, but is is it very specific as to what we offer for the electives? It has to be five electives or do.",Speaker 3,https://reflect-claremont.cablecast.tv/internetchannel/show/12115?site=1&seekto=5439
1:30:45.62,1:31:11.86,5445.62,5471.86,Unidentified,Unidentified - Stevens High School administrator presenting the program of studies and the Puerto Rico trip update (name not stated),"So what happens in the other? In the 27 credit they have to take three sections of a language. So whereas if a 20 credit student had language classes, it would go under their electives for the and also for the 23 credit that would happen. The other the other balance there comes in what the state minimum is for  English and math are the same.",Speaker 12,https://reflect-claremont.cablecast.tv/internetchannel/show/12115?site=1&seekto=5445
1:31:11.86,1:31:32.74,5471.86,5492.74,Unidentified,Unidentified - Stevens High School administrator presenting the program of studies and the Puerto Rico trip update (name not stated),"Well, math goes down by one, but English is the same. Math goes down by one. There has to be two sciences,  half a credit less social studies. So it, we can't change those. And then they get to the six credits, which is the to make up to the 20. That's minimum for the state.",Speaker 12,https://reflect-claremont.cablecast.tv/internetchannel/show/12115?site=1&seekto=5471
1:31:32.78,1:31:55.58,5492.78,5515.58,Steven Horsky,Claremont School Board member,"And that's kind of where I was going. I mean my understanding is, is that it has to meet or exceed said standard.  So with that's where my question really comes into play, is that I understand it drops one math, I understand it does this. I would rather see them more boosted in their math, more boosted in their science, more boosted in their English in history with less electives as our requirement.",Speaker 3,https://reflect-claremont.cablecast.tv/internetchannel/show/12115?site=1&seekto=5492
1:31:55.66,1:31:59.14,5515.66,5519.14,Steven Horsky,Claremont School Board member,"Because once again, we have to meet or exceed state standard.",Speaker 3,https://reflect-claremont.cablecast.tv/internetchannel/show/12115?site=1&seekto=5515
1:31:59.18,1:32:13.42,5519.18,5533.42,Unidentified,Unidentified - Stevens High School administrator presenting the program of studies and the Puerto Rico trip update (name not stated),"And that's where the 23 credit comes in.  And Mr. Tempesta and David, you could help. But the 23 credit is the standard diploma, which is above and beyond the 20 credit. And then we have the 27, which is an accelerator.",Speaker 12,https://reflect-claremont.cablecast.tv/internetchannel/show/12115?site=1&seekto=5519
1:32:13.46,1:32:43.06,5533.46,5563.06,Steven Horsky,Claremont School Board member,"But once again, what I'm getting at is, is if we're sending students out of our district, they need to be educated now on electives, on the basics, so that what I'm getting at is, is that you can have six electives here. I don't care about your credit count above and beyond that because you're an accelerated student. Typically what I'm getting at is that our basic and what our requirements to meet statewide instead of allow in having in our program of studies, I would say three electives.",Speaker 3,https://reflect-claremont.cablecast.tv/internetchannel/show/12115?site=1&seekto=5533
1:32:43.06,1:33:00.22,5563.06,5580.22,Steven Horsky,Claremont School Board member,"And then you have to do more history, more  math, more something somewhere. Because that's the problem is, is that we're not sending enough students out with basic knowledge. Our test results will keep reflecting this. So how do you fix the problem?",Speaker 3,https://reflect-claremont.cablecast.tv/internetchannel/show/12115?site=1&seekto=5563
1:33:00.30,1:33:10.82,5580.30,5590.82,Heather Whitney,Claremont School Board member,So what I kind of I think I what I hear you saying is that you would like our district to actually set our own standards for what those 20 credits are.,Speaker 4,https://reflect-claremont.cablecast.tv/internetchannel/show/12115?site=1&seekto=5580
1:33:11.02,1:33:12.94,5591.02,5592.94,Steven Horsky,Claremont School Board member,"Within state guideline, obviously.,",Speaker 3,https://reflect-claremont.cablecast.tv/internetchannel/show/12115?site=1&seekto=5591
1:33:13.18,1:33:20.26,5593.18,5600.26,Heather Whitney,Claremont School Board member,To have less electives and have more core courses and not have the option to have the electives correct.,Speaker 4,https://reflect-claremont.cablecast.tv/internetchannel/show/12115?site=1&seekto=5593
1:33:20.34,1:33:40.36,5600.34,5620.36,Frank Sprague,Claremont School Board Chair,"So that's my, my, my pushback that that is that those electives might be in this building. So you're going to make them take an extra history, an extra math extra extra English class, and then eliminates them from coming here and still doing the 20 credit diploma.",Speaker 2,https://reflect-claremont.cablecast.tv/internetchannel/show/12115?site=1&seekto=5600
1:33:40.44,1:33:57.48,5620.44,5637.48,Unidentified,Unidentified - Stevens High School administrator presenting the program of studies and the Puerto Rico trip update (name not stated),"And if we're going to offer, I just want to reiterate and Mr. Thomas, please tell me if I'm wrong. If we're going to offer the state minimum diploma at all  we have and call it that, call it the State of New Hampshire diploma. We have to follow those guidelines. We can't change it.",Speaker 12,https://reflect-claremont.cablecast.tv/internetchannel/show/12115?site=1&seekto=5620
1:33:57.56,1:34:02.40,5637.56,5642.40,Steven Horsky,Claremont School Board member,"It's meter exceed. I read the statute, actually, so we can require more.",Speaker 3,https://reflect-claremont.cablecast.tv/internetchannel/show/12115?site=1&seekto=5637
1:34:02.48,1:34:08.20,5642.48,5648.20,Unidentified,Unidentified - Stevens High School administrator presenting the program of studies and the Puerto Rico trip update (name not stated),We do one a 23 and the 27. But if we want to call it the 20 credit. Mr.. Thomas my in my incorrect.,Speaker 12,https://reflect-claremont.cablecast.tv/internetchannel/show/12115?site=1&seekto=5642
1:34:08.24,1:34:18.11,5648.24,5658.11,Michael Tempesta,"Superintendent, SAU 6","No you're you're accurate particularly with kids who struggle, kids who struggle in any way shape or form. And I won't even go into that. But we.",Speaker 14,https://reflect-claremont.cablecast.tv/internetchannel/show/12115?site=1&seekto=5648
1:34:18.18,1:34:43.18,5658.18,5683.18,Michael Tempesta,"Superintendent, SAU 6","A lot of kids have a lot of a lot of challenges, a lot of kids, traditional core academics is not their thing. Sometimes, as you heard it, sometimes it's an extra curricular we  sometimes it's other types of things, sometimes it's hands on.  And what this does is get more flexibility for them. So that's that's the we could, you know, if you exceeded the core academic.",Speaker 10,https://reflect-claremont.cablecast.tv/internetchannel/show/12115?site=1&seekto=5658
1:34:43.22,1:34:50.76,5683.22,5690.76,Michael Tempesta,"Superintendent, SAU 6",I honestly I think there's enough flexibility in there to get people through that baseline. So that's.,Speaker 10,https://reflect-claremont.cablecast.tv/internetchannel/show/12115?site=1&seekto=5683
1:34:50.84,1:35:05.58,5690.84,5705.58,Steven Horsky,Claremont School Board member,Great question. How many credits is plumbing one or building trades one currently. Is it one credit or two okay. So and then we only offer up to two correct plumbing in two building two. Yeah. Correct. So that'd be four electives.,Speaker 3,https://reflect-claremont.cablecast.tv/internetchannel/show/12115?site=1&seekto=5690
1:35:05.62,1:35:27.26,5705.62,5727.26,Michael Tempesta,"Superintendent, SAU 6","And there's some introductory courses. Sometimes kids  will will go to plumbing. A doctor Herzog can speak will go to plumbing and then they'll also go to carpentry. Some kids are just that, that hands on type of kid. And that's,  some kids also might,  want to go do more social studies. Some kids might want to do more math.",Speaker 10,https://reflect-claremont.cablecast.tv/internetchannel/show/12115?site=1&seekto=5705
1:35:27.26,1:35:51.62,5727.26,5751.62,Michael Tempesta,"Superintendent, SAU 6","And it doesn't it,  the foreign language piece, particularly with,  many students, that's the whole premise of an elective, you know,  you know, versus a core competency. And someone also has the someone can elect to take more social studies, history or math if they want as well. But that's just the, you know, so there's more freedom in that.",Speaker 10,https://reflect-claremont.cablecast.tv/internetchannel/show/12115?site=1&seekto=5727
1:35:51.66,1:35:53.02,5751.66,5753.02,Michael Tempesta,"Superintendent, SAU 6",And we can I believe.,Speaker 10,https://reflect-claremont.cablecast.tv/internetchannel/show/12115?site=1&seekto=5751
1:35:53.10,1:35:54.38,5753.10,5754.38,Unidentified,Unidentified - two short fragments during the program of studies discussion,That's what happens.,Speaker 15,https://reflect-claremont.cablecast.tv/internetchannel/show/12115?site=1&seekto=5753
1:35:54.46,1:35:59.62,5754.46,5759.62,Frank Sprague,Claremont School Board Chair,"I mean, they could actually take an extra math class and would be considered an elective.",Speaker 2,https://reflect-claremont.cablecast.tv/internetchannel/show/12115?site=1&seekto=5754
1:35:59.70,1:36:24.98,5759.70,5784.98,Steven Horsky,Claremont School Board member,"So that's going completely again, what my point is, is that it's coming into our program of studies. It shouldn't be an elective. It should be a requirement. That's interesting. So that's why I asked the question about doing the two trades classes, because that's four credits. That gives you two additional electives. So that once again fills the void in the four main.",Speaker 3,https://reflect-claremont.cablecast.tv/internetchannel/show/12115?site=1&seekto=5759
1:36:24.98,1:36:43.34,5784.98,5803.34,Steven Horsky,Claremont School Board member,"Because at the end of the day, we still need to produce functioning adults coming out of our district. And whether they're great with a hammer or not, because I took plumbing and heating, I didn't end up using it. And I could have took a turnkey business in California and probably be worth lots of money right now. But I didn't do that.",Speaker 3,https://reflect-claremont.cablecast.tv/internetchannel/show/12115?site=1&seekto=5784
1:36:43.34,1:37:11.78,5803.34,5831.78,Steven Horsky,Claremont School Board member,"I went into a different trade that wasn't offered here at the Tech Center. But what I'm getting at is that we have the ability to declare those electives and we our our mission statement, everything we're trying to do for this district says we want to boost test scores, boost the knowledge we're sending kids out with. And that's kind of what I was going with, is in the program of studies, it's it could be guideline where it's more of the core four courses.",Speaker 3,https://reflect-claremont.cablecast.tv/internetchannel/show/12115?site=1&seekto=5803
1:37:11.94,1:37:37.98,5831.94,5857.98,Steven Horsky,Claremont School Board member,"I don't know how you get there. I don't really kind of care how we get there, but seeing that you can have more electives to get a diploma and not come out with the same well-rounded education of everything else, because honestly, to do the trades, you still need your math, you still need this and that, and you're actually going to need history if you if you're trying to work in an old house so you know it, different levels of everything.",Speaker 3,https://reflect-claremont.cablecast.tv/internetchannel/show/12115?site=1&seekto=5831
1:37:38.06,1:37:57.02,5858.06,5877.02,Steven Horsky,Claremont School Board member,"But my whole point is, is that to make the it's not to change the way it's worded and to push a little bit more towards the actual, what I like to call main for of education, it doesn't take away their ability to come over here.",Speaker 3,https://reflect-claremont.cablecast.tv/internetchannel/show/12115?site=1&seekto=5858
1:37:57.10,1:38:25.18,5877.10,5905.18,Heather Whitney,Claremont School Board member,"I have to agree with Steve, and I think that we kind of have,  we think of trades almost as less than. And I think that gives the perception that you don't need those cause to be successful in the trades. And in reality you need physics, you need exceptional math skills, you need exceptional critical thinking skills. If you want to become an entrepreneur, you need to know how to read a contract and interpret things.",Speaker 4,https://reflect-claremont.cablecast.tv/internetchannel/show/12115?site=1&seekto=5877
1:38:25.26,1:38:46.02,5905.26,5926.02,Heather Whitney,Claremont School Board member,"And I think we do folks a disservice by kind of selling the trades as a less than educational experience, or that you need less of a core education to function in the trades. And now has true, I think you can do without philosophy of the trades, but I don't think you can do without geometry and physics.",Speaker 4,https://reflect-claremont.cablecast.tv/internetchannel/show/12115?site=1&seekto=5905
1:38:46.10,1:38:55.98,5926.10,5935.98,Steven Horsky,Claremont School Board member,"I mean, I didn't want to create a debate on it. I'm just looking at it from the perspective of what we've set our mission up as, as, as a, as a district and as a board.",Speaker 3,https://reflect-claremont.cablecast.tv/internetchannel/show/12115?site=1&seekto=5926
1:38:56.14,1:38:59.30,5936.14,5939.30,Frank Sprague,Claremont School Board Chair,It's a whole separate conversation from the program of studies.,Speaker 2,https://reflect-claremont.cablecast.tv/internetchannel/show/12115?site=1&seekto=5936
1:38:59.50,1:39:00.38,5939.50,5940.38,Michael Tempesta,"Superintendent, SAU 6",It's in the program.,Speaker 10,https://reflect-claremont.cablecast.tv/internetchannel/show/12115?site=1&seekto=5939
1:39:00.42,1:39:04.39,5940.42,5944.39,Steven Horsky,Claremont School Board member,"Of studies, though. So that's why it's I mean, it's like the third page.",Speaker 3,https://reflect-claremont.cablecast.tv/internetchannel/show/12115?site=1&seekto=5940
1:39:04.47,1:39:05.78,5944.47,5945.78,Unidentified,Unidentified - Stevens High School administrator presenting the program of studies and the Puerto Rico trip update (name not stated),And  so I think there's other.,Speaker 15,https://reflect-claremont.cablecast.tv/internetchannel/show/12115?site=1&seekto=5944
1:39:05.78,1:39:40.70,5945.78,5980.70,Unidentified,Unidentified - Stevens High School administrator presenting the program of studies and the Puerto Rico trip update (name not stated),"People that,  the type of student that's first of all, the 20 credit is few and far between. So we know students starts here saying, I'm going to be on the 20 credit unless there's an IEP or something like that involved. So  I say a student moves to our district and they come from a whole different set of they come from another state, and the whole set of rules are different then that allow that may allow them, even though they've had all these kinds of phenomenal courses that their state requires, it may not match the New Hampshire requirements.",Speaker 12,https://reflect-claremont.cablecast.tv/internetchannel/show/12115?site=1&seekto=5945
1:39:40.78,1:40:09.42,5980.78,6009.42,Unidentified,Unidentified - Stevens High School administrator presenting the program of studies and the Puerto Rico trip update (name not stated),"And so if they come to us as a junior, then the 20 credit may allow them. Although they have all these extra credits, they may have more credits than that, but it allows them to meet other state standard and graduate on time. There are  other ways. Certainly IEPs play into it. Certainly, if a student has gotten,  they had a medical issue and they were out for a long period of time, there's a lot of different reasons why the 20 credit may be offered to a student.",Speaker 12,https://reflect-claremont.cablecast.tv/internetchannel/show/12115?site=1&seekto=5980
1:40:09.54,1:40:11.34,6009.54,6011.34,Unidentified,Unidentified - Stevens High School administrator presenting the program of studies and the Puerto Rico trip update (name not stated),It's not how any student starts out.,Speaker 12,https://reflect-claremont.cablecast.tv/internetchannel/show/12115?site=1&seekto=6009
1:40:11.42,1:40:13.30,6011.42,6013.30,Frank Sprague,Claremont School Board Chair,"I'm going to echo that,",Speaker 2,https://reflect-claremont.cablecast.tv/internetchannel/show/12115?site=1&seekto=6011
1:40:13.38,1:40:15.10,6013.38,6015.10,Steven Horsky,Claremont School Board member,I'm not complaining about the 20 credit.,Speaker 3,https://reflect-claremont.cablecast.tv/internetchannel/show/12115?site=1&seekto=6013
1:40:15.10,1:40:27.70,6015.10,6027.70,Frank Sprague,Claremont School Board Chair,"That's what it is. Oh, Steve, it's not a it's not a it's not a plan. It's a fallback plan or a contingency plan. It's a rescue plan. It's what it is for kids that get themselves in a situation.",Speaker 2,https://reflect-claremont.cablecast.tv/internetchannel/show/12115?site=1&seekto=6015
1:40:27.82,1:40:50.78,6027.82,6050.78,Steven Horsky,Claremont School Board member,"And I completely understand that. But if it's going to be the fallback, it should be a basic education, not a ton of electives. That's what I'm getting at. I mean, why are we going to pass a child who doesn't have a well-rounded understanding of English, mathematics, history, and science because they got a French one credit? That's what I'm hearing is an excuse.",Speaker 3,https://reflect-claremont.cablecast.tv/internetchannel/show/12115?site=1&seekto=6027
1:40:50.78,1:41:12.62,6050.78,6072.62,Steven Horsky,Claremont School Board member,"That's what I'm hearing right now. All I'm saying is, is changing it from six in the program of studies to four and increasing the basic studies, because that still gets them to the tech center. It's definitely the lightest state minimum. And actually being a kid who faced the state minimum and the consequences of being a New Hampshire child, I couldn't transfer into California for my senior year.",Speaker 3,https://reflect-claremont.cablecast.tv/internetchannel/show/12115?site=1&seekto=6050
1:41:12.62,1:41:34.54,6072.62,6094.54,Steven Horsky,Claremont School Board member,"So I came back because the credit requirements didn't meet. So I had an option two years of school or come home and get my one. Well, you know what? Being the guy that I am, I want out. So I came back home. It did my one. So I understand that there's tons of moving parts, but that doesn't. Those moving parts do not dictate the goal.",Speaker 3,https://reflect-claremont.cablecast.tv/internetchannel/show/12115?site=1&seekto=6072
1:41:34.54,1:41:58.30,6094.54,6118.30,Steven Horsky,Claremont School Board member,"Is the goal exactly. Our goal is to have better educated children coming out of the district. And the core for I mean, keep it simple, stupid. Just to put it right out there. The Kiss theory, the basic four. Very important. They still have four electives. We're talking about cutting it by two electives get by giving them the well-rounded education that they truly need.",Speaker 3,https://reflect-claremont.cablecast.tv/internetchannel/show/12115?site=1&seekto=6094
1:41:58.38,1:42:08.42,6118.38,6128.42,Steven Horsky,Claremont School Board member,"Not just saying, well, this kid's kind of a pain in the butt, or they have some issue here or this and that, and just pushing them through the system with a 20 credit diploma.",Speaker 3,https://reflect-claremont.cablecast.tv/internetchannel/show/12115?site=1&seekto=6118
1:42:08.50,1:42:09.58,6128.50,6129.58,Frank Sprague,Claremont School Board Chair,Good.,Speaker 2,https://reflect-claremont.cablecast.tv/internetchannel/show/12115?site=1&seekto=6128
1:42:09.66,1:42:30.22,6129.66,6150.22,Nicholas Stone,Claremont School Board member (recognized 'Nick' at [580] and [623]),"I think I'm gonna agree with Frank is what he mentioned earlier,  especially because the problem is too is it's not just the class sequence. If they're in the situation, the scheduling might not be the easiest thing to do. So if someone, say, a tech class and they transfer from some other state or whatever, then you're stuck with either taking,  a math elective or you're stuck with taking an English elective.",Speaker 13,https://reflect-claremont.cablecast.tv/internetchannel/show/12115?site=1&seekto=6129
1:42:30.22,1:42:57.54,6150.22,6177.54,Nicholas Stone,Claremont School Board member (recognized 'Nick' at [580] and [623]),"Or maybe they want to go in the trades where, you know, I know that our our big push is working on test scores, but above all else should be focused on producing students that can function outside of the school, which may be more heavily tech focused, maybe more heavily academic focus. So I think kind of if we take away that, that freedom for that extra elective and we're kind of doing a disservice to certain kids who might want to take a different path rather than just boost the test scores.",Speaker 13,https://reflect-claremont.cablecast.tv/internetchannel/show/12115?site=1&seekto=6150
1:42:57.62,1:43:00.90,6177.62,6180.90,Steven Horsky,Claremont School Board member,"It didn't, though. That's why I asked the question.",Speaker 3,https://reflect-claremont.cablecast.tv/internetchannel/show/12115?site=1&seekto=6177
1:43:00.98,1:43:04.54,6180.98,6184.54,Frank Sprague,Claremont School Board Chair,It's a discussion that has to take place other than tonight.,Speaker 2,https://reflect-claremont.cablecast.tv/internetchannel/show/12115?site=1&seekto=6180
1:43:04.66,1:43:05.94,6184.66,6185.94,Heather Whitney,Claremont School Board member,"Yeah, I was going to say one.",Speaker 4,https://reflect-claremont.cablecast.tv/internetchannel/show/12115?site=1&seekto=6184
1:43:06.02,1:43:10.62,6186.02,6190.62,Frank Sprague,Claremont School Board Chair,Because you can't change it now.  You screw up all kinds of kids that are trying to graduate.,Speaker 2,https://reflect-claremont.cablecast.tv/internetchannel/show/12115?site=1&seekto=6186
1:43:10.62,1:43:16.58,6190.62,6196.58,Heather Whitney,Claremont School Board member,And when can we do this? So I think it's.,Speaker 4,https://reflect-claremont.cablecast.tv/internetchannel/show/12115?site=1&seekto=6190
1:43:16.66,1:43:22.98,6196.66,6202.98,Michael Tempesta,"Superintendent, SAU 6","One of them. The, the other thing that is part of this, that's part of the strategic plan that we're really focused on too, is.",Speaker 14,https://reflect-claremont.cablecast.tv/internetchannel/show/12115?site=1&seekto=6196
1:43:23.02,1:43:43.58,6203.02,6223.58,Michael Tempesta,"Superintendent, SAU 6","The overall time on learning. Right. So part of that is also dictated by the number of days in the calendar. It's dictated by the schedule that we have and the lack of access to variety, the lack all those things  we will have subcommittees on. And we'll be talking about that in other upcoming meetings as well. But they they all play a hand, you know.",Speaker 10,https://reflect-claremont.cablecast.tv/internetchannel/show/12115?site=1&seekto=6203
1:43:43.66,1:43:51.02,6223.66,6231.02,Frank Sprague,Claremont School Board Chair,"When we have to revamp graduation requirements anyway, if we change the schedule because the most anybody could get would be four times six is 24.",Speaker 2,https://reflect-claremont.cablecast.tv/internetchannel/show/12115?site=1&seekto=6223
1:43:51.14,1:43:54.70,6231.14,6234.70,Steven Horsky,Claremont School Board member,We weren't changing the total number of to get to 20.,Speaker 3,https://reflect-claremont.cablecast.tv/internetchannel/show/12115?site=1&seekto=6231
1:43:54.74,1:43:55.14,6234.74,6235.14,Frank Sprague,Claremont School Board Chair,"But I mean, we.",Speaker 2,https://reflect-claremont.cablecast.tv/internetchannel/show/12115?site=1&seekto=6234
1:43:55.14,1:44:14.10,6235.14,6254.10,Steven Horsky,Claremont School Board member,"Have to change in the path of how you get there, which really shouldn't be a problem because it's the stuff is the basic stuff which is inside the school already. I don't see I don't see the challenge or understand the the rebuttal. I'm getting on on this and maybe, maybe I'm just, no.",Speaker 3,https://reflect-claremont.cablecast.tv/internetchannel/show/12115?site=1&seekto=6235
1:44:14.18,1:44:33.54,6254.18,6273.54,Michael Tempesta,"Superintendent, SAU 6","I don't think anyone's refuting the the core and the focus on those things. I think. What  without  again,  it's not the time to belabor it, but when you when you have a different schedule, you could have it's the valuation, the Carnegie units, all the other things for the the seed time, the project, the equity of the courses.",Speaker 10,https://reflect-claremont.cablecast.tv/internetchannel/show/12115?site=1&seekto=6254
1:44:33.66,1:44:57.70,6273.66,6297.70,Michael Tempesta,"Superintendent, SAU 6","What is a core, what is an elective, all those types of things. You want that foundation for the citizenry that everyone is echoed? I agree, but you do need a degree of flexibility. But you also can look at it by what is the value of the district, that community, and how does that shape on the school profile. So you can't do one without the other.",Speaker 10,https://reflect-claremont.cablecast.tv/internetchannel/show/12115?site=1&seekto=6273
1:44:57.78,1:45:20.18,6297.78,6320.18,Michael Tempesta,"Superintendent, SAU 6","And you a program of studies, just like a budget, is a value statement on where you're putting your eggs in what basket for the end result, for outcomes for students. So I  we have to have more of that discussion I completely agree. So in the administrative team as well as  the teachers are all about that as well.",Speaker 10,https://reflect-claremont.cablecast.tv/internetchannel/show/12115?site=1&seekto=6297
1:45:20.26,1:45:29.26,6320.26,6329.26,Frank Sprague,Claremont School Board Chair,So okay. So would you be able to add the icon onto.,Speaker 2,https://reflect-claremont.cablecast.tv/internetchannel/show/12115?site=1&seekto=6320
1:45:29.30,1:45:35.58,6329.30,6335.58,Unidentified,Unidentified - Stevens High School administrator presenting the program of studies and the Puerto Rico trip update (name not stated),"The I will make the changes that you discussed this evening.  If I run into an issue with it, I'll talk with Mrs. Berry.",Speaker 12,https://reflect-claremont.cablecast.tv/internetchannel/show/12115?site=1&seekto=6329
1:45:35.62,1:45:37.78,6335.62,6337.78,Frank Sprague,Claremont School Board Chair,And he had to mention.,Speaker 2,https://reflect-claremont.cablecast.tv/internetchannel/show/12115?site=1&seekto=6335
1:45:37.86,1:45:38.62,6337.86,6338.62,Unidentified,Unidentified - Stevens High School administrator presenting the program of studies and the Puerto Rico trip update (name not stated),What.,Speaker 12,https://reflect-claremont.cablecast.tv/internetchannel/show/12115?site=1&seekto=6337
1:45:38.70,1:45:39.94,6338.70,6339.94,Frank Sprague,Claremont School Board Chair,Kids already have them in hand.,Speaker 2,https://reflect-claremont.cablecast.tv/internetchannel/show/12115?site=1&seekto=6338
1:45:40.14,1:45:40.90,6340.14,6340.90,Unidentified,Unidentified - Stevens High School administrator presenting the program of studies and the Puerto Rico trip update (name not stated),Vs no.,Speaker 12,https://reflect-claremont.cablecast.tv/internetchannel/show/12115?site=1&seekto=6340
1:45:41.02,1:45:41.66,6341.02,6341.66,Frank Sprague,Claremont School Board Chair,Okay.,Speaker 2,https://reflect-claremont.cablecast.tv/internetchannel/show/12115?site=1&seekto=6341
1:45:41.74,1:45:45.62,6341.74,6345.62,Unidentified,Unidentified - Stevens High School administrator presenting the program of studies and the Puerto Rico trip update (name not stated),Yeah. Last year's finally okay. All right.,Speaker 12,https://reflect-claremont.cablecast.tv/internetchannel/show/12115?site=1&seekto=6341
1:45:45.70,1:45:58.82,6345.70,6358.82,Frank Sprague,Claremont School Board Chair,But I think I think it's a good discussion to have. But it's it's separate from the program of study anyway. So okay I need a motion.,Speaker 2,https://reflect-claremont.cablecast.tv/internetchannel/show/12115?site=1&seekto=6345
1:45:58.90,1:46:10.66,6358.90,6370.66,Heather Whitney,Claremont School Board member,I'd like to make a motion to accept the 2022 2023 Stevens High School Program of Studies.,Speaker 4,https://reflect-claremont.cablecast.tv/internetchannel/show/12115?site=1&seekto=6358
1:46:10.74,1:46:21.06,6370.74,6381.06,Frank Sprague,Claremont School Board Chair,"Second seconded by Mike. Further discussion. All those in favor? Aye, aye.  Opposed? No.",Speaker 2,https://reflect-claremont.cablecast.tv/internetchannel/show/12115?site=1&seekto=6370
1:46:21.14,1:46:25.50,6381.14,6385.50,Frank Sprague,Claremont School Board Chair,Moving on.,Speaker 2,https://reflect-claremont.cablecast.tv/internetchannel/show/12115?site=1&seekto=6381
1:46:25.58,1:46:32.66,6385.58,6392.66,Frank Sprague,Claremont School Board Chair,Emergency planning drills. So I think that's Mr. Bailey or Mr. Thompson.,Speaker 2,https://reflect-claremont.cablecast.tv/internetchannel/show/12115?site=1&seekto=6385
1:46:32.70,1:47:01.14,6392.70,6421.14,Michael Tempesta,"Superintendent, SAU 6","Yeah. So I  introduce  Mr. David Bailey, who is is coming in as formally  last year he was assistant principal. This year he was, morphed over to be the the liaison for special education for both the high school and the middle school.  He has returned  to the other role when we had a  Nicole Bailey  assistant principal. Gordon. Excuse me.",Speaker 10,https://reflect-claremont.cablecast.tv/internetchannel/show/12115?site=1&seekto=6392
1:47:01.22,1:47:39.06,6421.22,6459.06,Michael Tempesta,"Superintendent, SAU 6","Another has two many nickels. Too many Bailey's. Here we go. So so but the but the  but was  left on return. Leaving is accepted another position. He's back better than ever and holding the place down  today. I joined him today  as well.  So the,  what I think the, the genesis of this is we're looking at in it's,  recently, obviously,  we know we had the,  a shutdown before vacation on the Friday with the with a real threat and things like that.",Speaker 10,https://reflect-claremont.cablecast.tv/internetchannel/show/12115?site=1&seekto=6421
1:47:39.14,1:48:10.26,6459.14,6490.26,Michael Tempesta,"Superintendent, SAU 6","There has been some confusion about the the coincidence of that and emergency drills that we when we met in this room, it seemed like just a few hours ago. Then when we're, we're reviewing everyone's  emergency plans and things like that. We practiced those drills throughout the year. Each school we ran down, we talked about how we're going to  partner again and revitalize the relationship that we have with with police and fire and everyone in  run, you know, just take a look at all of that in general.",Speaker 10,https://reflect-claremont.cablecast.tv/internetchannel/show/12115?site=1&seekto=6459
1:48:10.34,1:48:28.44,6490.34,6508.44,Michael Tempesta,"Superintendent, SAU 6","But that's what Mr. Bailey is going to talk about. The he, he we knew that when we set the agenda, we knew the high school would be here. So we wanted one representative.  And that's in very you're in your right now. So. All right. Talk to you Dave.",Speaker 10,https://reflect-claremont.cablecast.tv/internetchannel/show/12115?site=1&seekto=6490
1:48:28.52,1:48:29.84,6508.52,6509.84,David Bailey,"Stevens High School administrator and school safety liaison (introduced by the superintendent at [501]; 'Thanks, David' at [559])",So which point.,Speaker 3,https://reflect-claremont.cablecast.tv/internetchannel/show/12115?site=1&seekto=6508
1:48:29.88,1:48:40.48,6509.88,6520.48,Michael Tempesta,"Superintendent, SAU 6","So so just how just how we drill recent recent drills where you have for planning fire drills, the required ones that we spoke about today at.",Speaker 10,https://reflect-claremont.cablecast.tv/internetchannel/show/12115?site=1&seekto=6509
1:48:40.48,1:49:07.40,6520.48,6547.40,David Bailey,"Stevens High School administrator and school safety liaison (introduced by the superintendent at [501]; 'Thanks, David' at [559])","The time. Right. So so we have several drills throughout the year. Our most recent one was the lockdown drill that just so happened to take place right before  that, that Friday, that  we wound up shutting the district down for the  sort of the TikTok video thing.  Usually we just we, we coordinate with  local police,  usually just the resource officer.",Speaker 3,https://reflect-claremont.cablecast.tv/internetchannel/show/12115?site=1&seekto=6520
1:49:07.44,1:49:44.12,6547.44,6584.12,David Bailey,"Stevens High School administrator and school safety liaison (introduced by the superintendent at [501]; 'Thanks, David' at [559])","This past time, we had several other officers that wanted to assist us and provide a any sort of other pointers on how we could do things better. So we did the lockdown drill.  We checked all the, the, the doors and things went well. And typically if we have a fire drill, we go across the street to across Broad Street and better weather, we'll go all the way down to Monadnock Park to  most of the kids will take attendance and bring the kids back once the all clear has happened.",Speaker 3,https://reflect-claremont.cablecast.tv/internetchannel/show/12115?site=1&seekto=6547
1:49:44.20,1:49:49.68,6584.20,6589.68,David Bailey,"Stevens High School administrator and school safety liaison (introduced by the superintendent at [501]; 'Thanks, David' at [559])","So we we do drills just like the state guidelines. We have about ten, ten a year.",Speaker 3,https://reflect-claremont.cablecast.tv/internetchannel/show/12115?site=1&seekto=6584
1:49:49.76,1:49:55.48,6589.76,6595.48,Frank Sprague,Claremont School Board Chair,So you you have announced fire drills and you have unannounced fire drills. Drew.,Speaker 2,https://reflect-claremont.cablecast.tv/internetchannel/show/12115?site=1&seekto=6589
1:49:55.60,1:50:02.56,6595.60,6602.56,David Bailey,"Stevens High School administrator and school safety liaison (introduced by the superintendent at [501]; 'Thanks, David' at [559])",All our all our fire drills are unannounced to the the students and staff. You know.,Speaker 3,https://reflect-claremont.cablecast.tv/internetchannel/show/12115?site=1&seekto=6595
1:50:02.64,1:50:03.96,6602.64,6603.96,Frank Sprague,Claremont School Board Chair,There's no idea when they're going to happen.,Speaker 2,https://reflect-claremont.cablecast.tv/internetchannel/show/12115?site=1&seekto=6602
1:50:04.04,1:50:08.02,6604.04,6608.02,David Bailey,"Stevens High School administrator and school safety liaison (introduced by the superintendent at [501]; 'Thanks, David' at [559])",No.,Speaker 3,https://reflect-claremont.cablecast.tv/internetchannel/show/12115?site=1&seekto=6604
1:50:08.10,1:50:08.88,6608.10,6608.88,Frank Sprague,Claremont School Board Chair,Right.,Speaker 2,https://reflect-claremont.cablecast.tv/internetchannel/show/12115?site=1&seekto=6608
1:50:08.96,1:50:32.88,6608.96,6632.88,Unidentified,"Unidentified - board member, either Rob Lovett Jr. or Michael Petrin by elimination (asks about the lockdown drill, mentions nursing home work at [653]); not named on the record","So I kind of asked about this topic because of the recent lockdown, the lockdown drill, as it was called.  Just trying to get a better understanding of how that those lockdowns drills work. Getting reports back. Obviously, I have two kids in the high school, plus hearing from other. I kind of asked other parents, but they heard from their kids.",Speaker 16,https://reflect-claremont.cablecast.tv/internetchannel/show/12115?site=1&seekto=6608
1:50:32.96,1:51:04.10,6632.96,6664.10,Unidentified,"Unidentified - board member, either Rob Lovett Jr. or Michael Petrin by elimination (asks about the lockdown drill, mentions nursing home work at [653]); not named on the record","Hearing back of it being a rather and I, I, I have to take it with a grain of salt because I know teenagers are dramatic.  But getting hearing back of this event, this lockdown drill really almost being traumatizing,  kids not knowing it as a drill, teachers not knowing it was a drill. Police coming through different classrooms and students hearing reports of students being fearful of y.",Speaker 16,https://reflect-claremont.cablecast.tv/internetchannel/show/12115?site=1&seekto=6632
1:51:04.16,1:51:32.64,6664.16,6692.64,Unidentified,"Unidentified - board member, either Rob Lovett Jr. or Michael Petrin by elimination (asks about the lockdown drill, mentions nursing home work at [653]); not named on the record","You know, the cops coming through, were they the intruder? Were the police?  And like I said, I understand students are overly dramatic.  So I'm not sure if teachers know that the lockdown drill is coming so they can calm students if students are getting upset.  Reports of one classroom on one of the upper floors, the teacher and students tying sheets together in case they had to escape out the window during the lockdown drill.",Speaker 16,https://reflect-claremont.cablecast.tv/internetchannel/show/12115?site=1&seekto=6664
1:51:32.72,1:51:43.84,6692.72,6703.84,Unidentified,"Unidentified - board member, either Rob Lovett Jr. or Michael Petrin by elimination (asks about the lockdown drill, mentions nursing home work at [653]); not named on the record","That to me it appears to be traumatizing rather than effective. So just that was kind of where my question is coming from, right?",Speaker 16,https://reflect-claremont.cablecast.tv/internetchannel/show/12115?site=1&seekto=6692
1:51:43.88,1:51:57.52,6703.88,6717.52,David Bailey,"Stevens High School administrator and school safety liaison (introduced by the superintendent at [501]; 'Thanks, David' at [559])","I can tell you, this is the first I've heard of  people tying sheets to climb out the window. The third floor.  We don't announce that it's a drill when we start the drill because we.",Speaker 3,https://reflect-claremont.cablecast.tv/internetchannel/show/12115?site=1&seekto=6703
1:51:57.60,1:51:58.52,6717.60,6718.52,Unidentified,"Unidentified - board member, either Rob Lovett Jr. or Michael Petrin by elimination (asks about the lockdown drill, mentions nursing home work at [653]); not named on the record",Don't know.,Speaker 16,https://reflect-claremont.cablecast.tv/internetchannel/show/12115?site=1&seekto=6717
1:51:58.60,1:52:30.72,6718.60,6750.72,David Bailey,"Stevens High School administrator and school safety liaison (introduced by the superintendent at [501]; 'Thanks, David' at [559])","The teachers typically don't know because we want it to be as genuine as possible, that, you know, it's not  taken lightly, that it's done seriously once the drill is complete.  Mrs. Barry did come on to the announcements, did announce to the kids that it that it was a drill. And that's typically what we did.  And that's how we've done it all three years that I've been part of Stephen's.",Speaker 3,https://reflect-claremont.cablecast.tv/internetchannel/show/12115?site=1&seekto=6718
1:52:30.80,1:52:55.84,6750.80,6775.84,Unidentified,"Unidentified - board member, either Rob Lovett Jr. or Michael Petrin by elimination (asks about the lockdown drill, mentions nursing home work at [653]); not named on the record","Okay, so what is feedback? So what I'm hearing is that maybe teachers weren't some new, you know, if you have newer teachers, maybe we need more education at the beginning of the school year to educate this as the lockdown drill. This is what you do.  It just,  a number of people I heard from just  and I take it with a grain of salt because they're teenagers and it can be dramatic, but,",Speaker 16,https://reflect-claremont.cablecast.tv/internetchannel/show/12115?site=1&seekto=6750
1:52:55.92,1:52:59.12,6775.92,6779.12,Frank Sprague,Claremont School Board Chair,"The teachers all have, say, laminated copies in the room.",Speaker 2,https://reflect-claremont.cablecast.tv/internetchannel/show/12115?site=1&seekto=6775
1:52:59.16,1:53:18.72,6779.16,6798.72,David Bailey,"Stevens High School administrator and school safety liaison (introduced by the superintendent at [501]; 'Thanks, David' at [559])","Oh, yeah.  All all the teachers have,  packets with the information on what to do when a lockdown is an ounce or a  fire drill or  or one of the other types of  situations that we would  practice or or situation that could happen as an emergency.  They all have it with, with their supplies. They're all handed.",Speaker 3,https://reflect-claremont.cablecast.tv/internetchannel/show/12115?site=1&seekto=6779
1:53:18.80,1:53:21.48,6798.80,6801.48,Frank Sprague,Claremont School Board Chair,How do they know what kind of a drill it is?,Speaker 2,https://reflect-claremont.cablecast.tv/internetchannel/show/12115?site=1&seekto=6798
1:53:21.56,1:53:33.28,6801.56,6813.28,David Bailey,"Stevens High School administrator and school safety liaison (introduced by the superintendent at [501]; 'Thanks, David' at [559])",It's announced over the speaker like that. We're going into a lockdown so they know that that's we use the exact phrase of whatever we were drilling for.,Speaker 3,https://reflect-claremont.cablecast.tv/internetchannel/show/12115?site=1&seekto=6801
1:53:33.36,1:53:37.76,6813.36,6817.76,Frank Sprague,Claremont School Board Chair,"If, let's say there was a real intruder, would you use a different.",Speaker 2,https://reflect-claremont.cablecast.tv/internetchannel/show/12115?site=1&seekto=6813
1:53:37.84,1:53:48.84,6817.84,6828.84,David Bailey,"Stevens High School administrator and school safety liaison (introduced by the superintendent at [501]; 'Thanks, David' at [559])","No, we would do the same thing. That's why we're drilling. And we want to want to change it because Josh.",Speaker 3,https://reflect-claremont.cablecast.tv/internetchannel/show/12115?site=1&seekto=6817
1:53:48.84,1:53:50.88,6828.84,6830.88,Frank Sprague,Claremont School Board Chair,"Josh, just being.",Speaker 2,https://reflect-claremont.cablecast.tv/internetchannel/show/12115?site=1&seekto=6828
1:53:50.88,1:53:58.82,6830.88,6838.82,Joshua Lambert,Claremont School Board member (recognized 'Josh' at [528]-[529] and [707]),"In a current social climate where I don't think it's healthy or wise, it's not what was it?",Speaker 17,https://reflect-claremont.cablecast.tv/internetchannel/show/12115?site=1&seekto=6830
1:53:58.90,1:54:19.62,6838.90,6859.62,Joshua Lambert,Claremont School Board member (recognized 'Josh' at [528]-[529] and [707]),"Not a drill. Because, I mean, growing up, we were always told when it was a drill and we always took it seriously. No one fooled around or anything, but I think, I don't think we need to be putting students or teachers in these like, panic modes just to practice. I mean, there's plenty of ways to practice without giving them heart attacks.",Speaker 17,https://reflect-claremont.cablecast.tv/internetchannel/show/12115?site=1&seekto=6838
1:54:19.70,1:54:40.26,6859.70,6880.26,Joshua Lambert,Claremont School Board member (recognized 'Josh' at [528]-[529] and [707]),"It doesn't sound, I don't know. Growing up, we always knew when it was a drill. No one fooled around. If the kids fooled around, there were obviously consequences. But I mean, you're going to know one way or the other if it's not a drill. So like listening for Mike, it doesn't sound like it was very healthy students.",Speaker 17,https://reflect-claremont.cablecast.tv/internetchannel/show/12115?site=1&seekto=6859
1:54:40.34,1:54:42.18,6880.34,6882.18,Steven Horsky,Claremont School Board member,"At the end of the day, I.",Speaker 3,https://reflect-claremont.cablecast.tv/internetchannel/show/12115?site=1&seekto=6880
1:54:42.26,1:54:42.34,6882.26,6882.34,Unidentified,"Unidentified - board member, either Rob Lovett Jr. or Michael Petrin by elimination (asks about the lockdown drill, mentions nursing home work at [653]); not named on the record",I.,Speaker 16,https://reflect-claremont.cablecast.tv/internetchannel/show/12115?site=1&seekto=6882
1:54:42.50,1:54:58.70,6882.50,6898.70,Steven Horsky,Claremont School Board member,"Think that what you guys are doing is actually the correct way to go about it, because if there is an emergency situation, you don't want anybody to know when you're practicing because you need to see the flaws in your plan, the flaws and the reactions. You can do corrective behavior. That's the whole point of the drill. It's just like education.",Speaker 3,https://reflect-claremont.cablecast.tv/internetchannel/show/12115?site=1&seekto=6882
1:54:58.82,1:55:21.10,6898.82,6921.10,Steven Horsky,Claremont School Board member,"You're sitting there doing math, and if you don't get it right, you go back and fix it and you're told how to fix it. And that's really kind of what the whole point of these drills are, because anybody can say lock down or hide under a desk, and that's what you're going to do. The bigger thing is, is it's also for admin and other people to see where the discrepancies are or where the the whole whole picture comes together if there needs to be changes.",Speaker 3,https://reflect-claremont.cablecast.tv/internetchannel/show/12115?site=1&seekto=6898
1:55:22.42,1:55:49.50,6922.42,6949.50,Unidentified,Unidentified - district administrator citing three and a half decades in school systems (name not stated),"I'd like to interject just a second to kind of address the I think it's, there's an area in between which I think we're discovering as we're coming back from a time of, not wanting to cluster kids together in close proximity because of the pandemic. And there has been this gap of time for drills and the functionality of drills in the traditional sense.",Speaker 18,https://reflect-claremont.cablecast.tv/internetchannel/show/12115?site=1&seekto=6922
1:55:49.58,1:56:13.58,6949.58,6973.58,Unidentified,Unidentified - district administrator citing three and a half decades in school systems (name not stated),"Having worked in numerous school systems over the last three and a half decades, now it is standard procedure to not differentiate between a drill because, as Steve said, that is exactly you want that authentic response. You don't want to to necessarily,  explain that it's a drill. However, in our we ironically.",Speaker 18,https://reflect-claremont.cablecast.tv/internetchannel/show/12115?site=1&seekto=6949
1:56:13.58,1:56:13.90,6973.58,6973.90,Heather Whitney,Claremont School Board member,We had.,Speaker 4,https://reflect-claremont.cablecast.tv/internetchannel/show/12115?site=1&seekto=6973
1:56:13.90,1:56:45.18,6973.90,7005.18,Unidentified,Unidentified - district administrator citing three and a half decades in school systems (name not stated),"This meeting earlier today looking at all of our schools and all of our procedures in the district as a way to kind of refresh and spot those gaps in our plans and, and make sure that we are handling the myriad of, of potential crises that could happen. And I think what we're discovering is that we can prepare  in a way that will help alleviate some of that stress, so that it's not just December.",Speaker 18,https://reflect-claremont.cablecast.tv/internetchannel/show/12115?site=1&seekto=6973
1:56:45.18,1:57:06.10,7005.18,7026.10,Unidentified,Unidentified - district administrator citing three and a half decades in school systems (name not stated),"And all of a sudden, boom, there's a lockdown drill after they've had a fire drill in October and a shelter in place in November. And now it's a lockdown or clear the hallway drill that there can be,  practice that leads up to that school wide so that students know this is something we will be doing through the year.",Speaker 18,https://reflect-claremont.cablecast.tv/internetchannel/show/12115?site=1&seekto=7005
1:57:06.18,1:57:28.46,7026.18,7048.46,Unidentified,Unidentified - district administrator citing three and a half decades in school systems (name not stated),"You may or may not. You're not going to be told what it will be, but it helps to alleviate fears. And I think that's might be one of the things that the saw is, is currently not doing that we could do better. And that's help in that training. That helps to kind of de-escalate so that it becomes autopilot.",Speaker 18,https://reflect-claremont.cablecast.tv/internetchannel/show/12115?site=1&seekto=7026
1:57:28.50,1:57:45.34,7048.50,7065.34,Unidentified,Unidentified - district administrator citing three and a half decades in school systems (name not stated),"It becomes less scary to the kids because they because we don't want that sense of panic. If something does happen. You don't want that sense of panic where the kids. Oh my God, is this for real or not? They just automatically can assume, okay, we're drilling. We're out the door. This is what we do in this situation. This is what we do in that situation.",Speaker 18,https://reflect-claremont.cablecast.tv/internetchannel/show/12115?site=1&seekto=7048
1:57:45.42,1:58:11.42,7065.42,7091.42,Unidentified,Unidentified - district administrator citing three and a half decades in school systems (name not stated),"And ultimately if we do this well and it's it works well, then then it's highly effective. And we we do exactly what we need to do, which is to get people to safety as quickly and responsibly and as we possibly can. So I, I hear what you're saying and I hear what you're saying, Steve, and I think that that the answer is somewhere in the middle when how we work it on our plans and how we work on our training.",Speaker 18,https://reflect-claremont.cablecast.tv/internetchannel/show/12115?site=1&seekto=7065
1:58:11.54,1:58:34.66,7091.54,7114.66,Unidentified,"Unidentified - board member, either Rob Lovett Jr. or Michael Petrin by elimination (asks about the lockdown drill, mentions nursing home work at [653]); not named on the record","I think I fall more  in the middle of the road there. I think,  you know, if there's more practice, clearly practice drills. You know, we don't want to take up learning time. But if there's more practice drills. So the students and teachers know what the plan is.  I'm of the opinion that maybe the teachers should know that it's going to be a lockdown drill.",Speaker 16,https://reflect-claremont.cablecast.tv/internetchannel/show/12115?site=1&seekto=7091
1:58:34.74,1:58:51.87,7114.74,7131.87,Unidentified,"Unidentified - board member, either Rob Lovett Jr. or Michael Petrin by elimination (asks about the lockdown drill, mentions nursing home work at [653]); not named on the record","So if you have a student that's high anxiety and having a hard time, that teacher can calm that students, the one particular student or two that you know, I'm not sure. It's just I don't know what the solution is, but it I got some stories that didn't go well. So that's.",Speaker 16,https://reflect-claremont.cablecast.tv/internetchannel/show/12115?site=1&seekto=7114
1:58:52.02,1:59:16.30,7132.02,7156.30,David Bailey,"Stevens High School administrator and school safety liaison (introduced by the superintendent at [501]; 'Thanks, David' at [559])","If I can interject several. There are several students that we know we're hiring, and we did arrange that they were privy to this before happening. We made arrangements for them, but that's a very small percentage.  But it wasn't that we we didn't take some of those kids into consideration just just to put that out there, sir.",Speaker 3,https://reflect-claremont.cablecast.tv/internetchannel/show/12115?site=1&seekto=7132
1:59:16.38,1:59:26.82,7156.38,7166.82,Nicholas Stone,Claremont School Board member (recognized 'Nick' at [580] and [623]),"So I have two things. So when there is a drill that is being done, who are the who knows for the, for the, for the high school, for example, like who knows that's going to happen.",Speaker 13,https://reflect-claremont.cablecast.tv/internetchannel/show/12115?site=1&seekto=7156
1:59:26.90,1:59:38.86,7166.90,7178.86,David Bailey,"Stevens High School administrator and school safety liaison (introduced by the superintendent at [501]; 'Thanks, David' at [559])","The administrators.  The, the  the facilities manager.  So in this case was Mr. Bonneville,  and the school resource Officer.",Speaker 3,https://reflect-claremont.cablecast.tv/internetchannel/show/12115?site=1&seekto=7166
1:59:38.94,1:59:59.78,7178.94,7199.78,Michael Tempesta,"Superintendent, SAU 6","One one of the things that came up today, and I think it's a great point we're talking about, is there's no doubt we can do a better job. And we were also talking about PD in general opportunities. It's much better to invest more time at the beginning of the year. You can do things with staff. That's not the instructional time take away and things like that.",Speaker 10,https://reflect-claremont.cablecast.tv/internetchannel/show/12115?site=1&seekto=7178
1:59:59.78,2:00:19.30,7199.78,7219.30,Michael Tempesta,"Superintendent, SAU 6","And there's plenty of ways to do that. And this was just the beginning of,  you know, ratcheting this up as many other things that we're looking to ratchet up  for next year. And we know that we have to set up soon. We know that we have to talk to, you know, to get everything all aligned and start getting next year's calendar ready at the end of this year.",Speaker 10,https://reflect-claremont.cablecast.tv/internetchannel/show/12115?site=1&seekto=7199
2:00:19.54,2:00:25.90,7219.54,7225.90,Michael Tempesta,"Superintendent, SAU 6",So that's it's it's we can definitely do more with this. I agree.,Speaker 10,https://reflect-claremont.cablecast.tv/internetchannel/show/12115?site=1&seekto=7219
2:00:25.98,2:00:44.14,7225.98,7244.14,Nicholas Stone,Claremont School Board member (recognized 'Nick' at [580] and [623]),"The last thing I want to talk about was I, I get a lot of emails and calls about, the, the communication when there is a drill, whether it be a fire drill, lockdown, something like that, where either kids at an appointment there, they leave early because, you know, they have, you know, social worker, whatever, that kind of stuff.",Speaker 13,https://reflect-claremont.cablecast.tv/internetchannel/show/12115?site=1&seekto=7225
2:00:44.22,2:01:05.34,7244.22,7265.34,Nicholas Stone,Claremont School Board member (recognized 'Nick' at [580] and [623]),"And they still get disciplined like they are, you know, they get sent to ES or OS webmaster with the severity of that is,  I would just like that to have the idea that we work more towards communication. That way there's not a mix up with certain kids, because that was an even issue when I was in school was, you know, if there wasn't enough communication, they would still get es even though they were at that point or so.",Speaker 13,https://reflect-claremont.cablecast.tv/internetchannel/show/12115?site=1&seekto=7244
2:01:05.34,2:01:24.78,7265.34,7284.78,Nicholas Stone,Claremont School Board member (recognized 'Nick' at [580] and [623]),"And so whatever. Because that is a big thing I do hear from parents a lot during the drills. Is that kind of,  is punishment without really real cause because, you know, they're told by an adult, whether it be a teacher, administrator, social worker, nurse, something like that, that they can leave where then the drill happens and then they get, you know, punished for that.",Speaker 13,https://reflect-claremont.cablecast.tv/internetchannel/show/12115?site=1&seekto=7265
2:01:24.78,2:01:36.02,7284.78,7296.02,Nicholas Stone,Claremont School Board member (recognized 'Nick' at [580] and [623]),"So I think that needs to be  addressed, whether it be the high school, probably a middle school, high school, it's mostly what I hear about it and happening in.",Speaker 13,https://reflect-claremont.cablecast.tv/internetchannel/show/12115?site=1&seekto=7284
2:01:36.10,2:01:38.50,7296.10,7298.50,Frank Sprague,Claremont School Board Chair,Yeah. Thank you.,Speaker 2,https://reflect-claremont.cablecast.tv/internetchannel/show/12115?site=1&seekto=7296
2:01:38.58,2:01:40.66,7298.58,7300.66,Michael Tempesta,"Superintendent, SAU 6","Thanks, David.",Speaker 10,https://reflect-claremont.cablecast.tv/internetchannel/show/12115?site=1&seekto=7298
2:01:40.74,2:01:55.78,7300.74,7315.78,Frank Sprague,Claremont School Board Chair,"Okay. We've already we actually heard about the principal search updates when we had the superintendents report. So we added number seven Covid discussion Steve, do you want to pick that up.",Speaker 2,https://reflect-claremont.cablecast.tv/internetchannel/show/12115?site=1&seekto=7300
2:01:55.86,2:02:28.22,7315.86,7348.22,Steven Horsky,Claremont School Board member,"Yeah.  Based off obviously the the comments we've heard tonight, it's concerning in the, the based off the email received,  I believe the entire board got it I know I did. There is inconsistencies.  I  can speak firsthand to this due to the fact that when I came down with the lovely Covid, my son was still able to go to school because he had no symptoms, no fever, and he also was fine to come.",Speaker 3,https://reflect-claremont.cablecast.tv/internetchannel/show/12115?site=1&seekto=7315
2:02:28.30,2:03:01.86,7348.30,7381.86,Steven Horsky,Claremont School Board member,"But the question of the day was, is he had even said that that was kind of the ambiguity of our matrix was I was able to self-quarantine away from everybody else in the household. Either that how my house was set up. So I felt very confident sending my son to school. So he came to school. Now, based off what the purported email said and what we've heard tonight, it sounds like I took advantage of something that I apparently either wasn't supposed to or I misread what my interpretation of the matrix was.",Speaker 3,https://reflect-claremont.cablecast.tv/internetchannel/show/12115?site=1&seekto=7348
2:03:01.94,2:03:20.58,7381.94,7400.58,Steven Horsky,Claremont School Board member,"As soon as my son did come down with a cold a couple of weeks ago, I pulled him until he had a positive,  positive or negative test, which came back negative, and he was able to return three days later.  Following my understanding of the protocols that we've discussed at length as a board. So that's I can understand that concern.",Speaker 3,https://reflect-claremont.cablecast.tv/internetchannel/show/12115?site=1&seekto=7381
2:03:20.66,2:03:47.98,7400.66,7427.98,Steven Horsky,Claremont School Board member,"The the other piece of the puzzle was, is when I was trying to figure out what was going on with the cluster piece, basically, we had just come back from break.  So I was trying to figure out that piece of the puzzle, especially if you're claiming a cluster now that I that I've heard additional information, that there's possibly another student in the same team that creates a question, but based off what originally shut this basketball program down was called because of a cluster.",Speaker 3,https://reflect-claremont.cablecast.tv/internetchannel/show/12115?site=1&seekto=7400
2:03:47.98,2:04:13.58,7427.98,7453.58,Steven Horsky,Claremont School Board member,"But if one of the students whose parent is here telling us child has tested negative twice and not showing any symptoms, and it's based off household trace and he's unvaccinated, that does create the question.  I I've I'm not one for wearing a mask, as we all know. I don't like to I've done my vaccine. I've now had my Covid.",Speaker 3,https://reflect-claremont.cablecast.tv/internetchannel/show/12115?site=1&seekto=7427
2:04:13.62,2:04:36.78,7453.62,7476.78,Steven Horsky,Claremont School Board member,"Maybe I'll get a second dose of interest out of spite today. But,  the key thing is, is that our goal and our drive to to do this was to get back to normal as quickly as possible. Now, with that said, it and I and I'm not trying to discredit anything anybody's doing. I want to make that abundantly clear.",Speaker 3,https://reflect-claremont.cablecast.tv/internetchannel/show/12115?site=1&seekto=7453
2:04:36.86,2:05:07.98,7476.86,7507.98,Steven Horsky,Claremont School Board member,"If there is this type of confusion on how we got to the cluster and the state's telling us this, but the CDC guidelines says something completely different. And we've used the premise of we're using the state, we're using the CDC and every other discussion that we've had. Maybe we need to spend the time to clarify. But in my opinion, based off what I've read from CDC, it doesn't need cluster due to the the amount of based off the original facts of it being just the two students.",Speaker 3,https://reflect-claremont.cablecast.tv/internetchannel/show/12115?site=1&seekto=7476
2:05:08.06,2:05:36.06,7508.06,7536.06,Steven Horsky,Claremont School Board member,"And it's a great point that that Sean brought up. These kids are eating together still the the remainder of the team, we're not throwing the whole team out, but we have a child that's tested negative twice. That's not allowed here because of a parent who's now off quarantine. So I'm getting really confused because when I got off quarantine, obviously I had a couple delays of my children coming back because they ended up catching the Covid for me.",Speaker 3,https://reflect-claremont.cablecast.tv/internetchannel/show/12115?site=1&seekto=7508
2:05:36.30,2:06:00.78,7536.30,7560.78,Steven Horsky,Claremont School Board member,"So they ended up having to wait a couple extra days. But I just I guess there's just not clarity and I can understand the confusion from the parents side, the school side, the eight, the  department at this point to I can see kind of where it's at, but I know that we intentionally left some room because we don't want to tie anybody up.",Speaker 3,https://reflect-claremont.cablecast.tv/internetchannel/show/12115?site=1&seekto=7536
2:06:00.86,2:06:05.14,7560.86,7565.14,Steven Horsky,Claremont School Board member,So that's the basis of this discussion is to create the clarity.,Speaker 3,https://reflect-claremont.cablecast.tv/internetchannel/show/12115?site=1&seekto=7560
2:06:05.22,2:06:06.66,7565.22,7566.66,Frank Sprague,Claremont School Board Chair,Until you want to talk.,Speaker 2,https://reflect-claremont.cablecast.tv/internetchannel/show/12115?site=1&seekto=7565
2:06:06.74,2:06:43.54,7566.74,7603.54,Heather Whitney,Claremont School Board member,"Yeah, I think I think for me, we have to make a decision as a board whether we're going to try to continue to chase the changing guidelines and the changing narratives, or  if we're going to start acting more decisively as a board. I've been very, supportive of following all the state and federal guidelines to the minimum standards, but it's becoming clear to me, and this is my personal opinion, that,  we're just basically,  we're not getting guidance anymore.",Speaker 4,https://reflect-claremont.cablecast.tv/internetchannel/show/12115?site=1&seekto=7566
2:06:43.62,2:06:45.17,7603.62,7605.17,Heather Whitney,Claremont School Board member,We're not.,Speaker 4,https://reflect-claremont.cablecast.tv/internetchannel/show/12115?site=1&seekto=7603
2:06:45.18,2:06:47.38,7605.18,7607.38,Veronica,"District nurse coordinator, SAU 6 (first name only; surname garbled by ASR at [100] as 'has no ski'; 'Ronnie' on 2/2/22)",Getting guidance. That's not true.,Speaker 19,https://reflect-claremont.cablecast.tv/internetchannel/show/12115?site=1&seekto=7605
2:06:47.46,2:06:50.58,7607.46,7610.58,Heather Whitney,Claremont School Board member,We're not getting consistent guidance. We're getting guidance.,Speaker 4,https://reflect-claremont.cablecast.tv/internetchannel/show/12115?site=1&seekto=7607
2:06:50.66,2:07:06.70,7610.66,7626.70,Veronica,"District nurse coordinator, SAU 6 (first name only; surname garbled by ASR at [100] as 'has no ski'; 'Ronnie' on 2/2/22)","Has come out with new guidance. The guidance that we've gotten, we've been following that has been based upon, we've never said that we were following the CDC guidance. The school has always followed New Hampshire state guidance, and the CDC has now come up.",Speaker 19,https://reflect-claremont.cablecast.tv/internetchannel/show/12115?site=1&seekto=7610
2:07:06.70,2:07:11.40,7626.70,7631.40,Frank Sprague,Claremont School Board Chair,With a point because they can't nobody can hear you. What you're saying.,Speaker 2,https://reflect-claremont.cablecast.tv/internetchannel/show/12115?site=1&seekto=7626
2:07:11.48,2:07:53.18,7631.48,7673.18,Heather Whitney,Claremont School Board member,"And I'm not suggesting that we and you are not following guidance. What I'm suggesting is that we're really not getting guidance anymore. That's consistent. And that there was talk in August, about this actually reaching an endemic proportion. And I think we're endemic. And the idea that this is controllable is, is unrealistic. There is guidance and evidence now that the single ply cloth masks with the new variant is essentially worthless, and that unless everybody wears an N95, highly sealed mask, you might as well.",Speaker 4,https://reflect-claremont.cablecast.tv/internetchannel/show/12115?site=1&seekto=7631
2:07:53.26,2:08:21.46,7673.26,7701.46,Heather Whitney,Claremont School Board member,"I mean, there is some minimal protection, but it's it's, I think we have to reconsider,  how we're going to handle our community and how we're going to handle our district. And, and, it has to be a conversation because this is just going to be the changes are going to happen so quickly, and the science is going to happen so quickly that we're going to be behind before we're at.",Speaker 4,https://reflect-claremont.cablecast.tv/internetchannel/show/12115?site=1&seekto=7673
2:08:21.54,2:08:23.02,7701.54,7703.02,Frank Sprague,Claremont School Board Chair,Nick was first and then Steve.,Speaker 2,https://reflect-claremont.cablecast.tv/internetchannel/show/12115?site=1&seekto=7701
2:08:23.10,2:08:51.02,7703.10,7731.02,Nicholas Stone,Claremont School Board member (recognized 'Nick' at [580] and [623]),"Yeah, I'm going to echo what you just said, because  I think one of the issues with the  inconsistencies around the district and the school system as a whole is just that we never got back to it. And originally we made The Matrix together, and then we thought, you know, we would revisit it if it comes up.  And I always thought from the get go that we should be a little bit more decisive and kind of get out in front of it, but, you know, because we're kind of at that point now where we're hearing the complaints from either whether it be athletics or trips, like we mentioned a couple of meetings ago, I think",Speaker 13,https://reflect-claremont.cablecast.tv/internetchannel/show/12115?site=1&seekto=7703
2:08:51.02,2:09:18.42,7731.02,7758.42,Nicholas Stone,Claremont School Board member (recognized 'Nick' at [580] and [623]),"it was. And,  like you said, the changes are happening almost weekly at this point. And, you know, I know that we're following the CDC here. Then we follow the state there. And it's kind of a big mismatch of stuff.  So I would just think that either we have discussion tonight or  maybe a future does the kind of thing where we,  take a more in-depth approach to reevaluate where we're at as a district and what we all think on that.",Speaker 13,https://reflect-claremont.cablecast.tv/internetchannel/show/12115?site=1&seekto=7731
2:09:18.62,2:09:20.98,7758.62,7760.98,Nicholas Stone,Claremont School Board member (recognized 'Nick' at [580] and [623]),In terms of the climate.,Speaker 13,https://reflect-claremont.cablecast.tv/internetchannel/show/12115?site=1&seekto=7758
2:09:21.06,2:09:26.86,7761.06,7766.86,Frank Sprague,Claremont School Board Chair,I'm not sure it's an appropriate to add something to the agenda that's not warned and then vote on it. No.,Speaker 2,https://reflect-claremont.cablecast.tv/internetchannel/show/12115?site=1&seekto=7761
2:09:26.94,2:09:38.78,7766.94,7778.78,Steven Horsky,Claremont School Board member,"No, that's why was this a complete discussion at this point?  And that it just it worked out well as I saw you were here. So I was like, she's got answers. Yay!",Speaker 3,https://reflect-claremont.cablecast.tv/internetchannel/show/12115?site=1&seekto=7766
2:09:38.86,2:09:47.02,7778.86,7787.02,Veronica,"District nurse coordinator, SAU 6 (first name only; surname garbled by ASR at [100] as 'has no ski'; 'Ronnie' on 2/2/22)","So just to share with you, I was at,  the state phone call today with Doctor Chan, and they,",Speaker 19,https://reflect-claremont.cablecast.tv/internetchannel/show/12115?site=1&seekto=7778
2:09:47.10,2:10:12.83,7787.10,7812.83,Veronica,"District nurse coordinator, SAU 6 (first name only; surname garbled by ASR at [100] as 'has no ski'; 'Ronnie' on 2/2/22)","Part of the issue that that happened was that the  CDC put out their media statement, but they didn't share all of the specific guidance with the states. Shame on the United States. You no shame on these facilities. So that then put us in a bind with with parents coming back and students coming back and asking these questions on this phone call today, the New Hampshire state, they are going to adopt the five days.",Speaker 7,https://reflect-claremont.cablecast.tv/internetchannel/show/12115?site=1&seekto=7787
2:10:12.86,2:10:32.10,7812.86,7832.10,Veronica,"District nurse coordinator, SAU 6 (first name only; surname garbled by ASR at [100] as 'has no ski'; 'Ronnie' on 2/2/22)","There's some caveats to it. And there are some some other qualifications around it. But it is the quarantine for five days. The state is requesting that if there is a household contact that we continue with the ten days, there will no longer have to be the student out for 20 days, which you know, I didn't agree with to start with.",Speaker 7,https://reflect-claremont.cablecast.tv/internetchannel/show/12115?site=1&seekto=7812
2:10:32.10,2:11:00.94,7832.10,7860.94,Veronica,"District nurse coordinator, SAU 6 (first name only; surname garbled by ASR at [100] as 'has no ski'; 'Ronnie' on 2/2/22)","I've made it very clear, but it was a recommendation that had been made.  So if you don't want to follow that, that would be fine. We can do the bare minimum of what  the CDC, the five day guidance is coming from the state. I'll have more information from the state over the next couple of days that will give us more, paperwork and more understanding to make it more understandable to send out to parents to make it.",Speaker 7,https://reflect-claremont.cablecast.tv/internetchannel/show/12115?site=1&seekto=7832
2:11:01.02,2:11:07.22,7861.02,7867.22,Veronica,"District nurse coordinator, SAU 6 (first name only; surname garbled by ASR at [100] as 'has no ski'; 'Ronnie' on 2/2/22)","You know, everybody is on the same page and understands what's going on. So I just want to let you know.",Speaker 7,https://reflect-claremont.cablecast.tv/internetchannel/show/12115?site=1&seekto=7861
2:11:07.22,2:11:29.38,7867.22,7889.38,Michael Tempesta,"Superintendent, SAU 6","That I just want to I want to talk about if I, if I could just for a second, I just want to clarify what I said earlier, and I also want to clarify,  that there really hasn't been much change since the beginning of the pandemic in that the state didn't give clear guidance. Right? They kind of they always drafted, you know, CDC and things like that.",Speaker 10,https://reflect-claremont.cablecast.tv/internetchannel/show/12115?site=1&seekto=7867
2:11:29.46,2:11:58.06,7889.46,7918.06,Michael Tempesta,"Superintendent, SAU 6","The point about the five days and the ten days in  the timing of this, and that's why I, I think it's important to look at the local measures that we've been, you know,  in the local numbers that we've seen that are going down. I do think,  and even though Omicron really hasn't hit New Hampshire, right, and in other places as, as it has in other,  much more  impactful in different parts of the country and all that other stuff.",Speaker 10,https://reflect-claremont.cablecast.tv/internetchannel/show/12115?site=1&seekto=7889
2:11:58.14,2:12:24.58,7918.14,7944.58,Michael Tempesta,"Superintendent, SAU 6","I do think, and I want to commend and we can get other numbers for you, internal numbers and other. I don't want to lose sight on the on the recent example at the middle school to without really applauding what's happening at the high school. With that administrative discretion what teams are doing, how few  how little disruption has happened?",Speaker 10,https://reflect-claremont.cablecast.tv/internetchannel/show/12115?site=1&seekto=7918
2:12:24.66,2:12:48.18,7944.66,7968.18,Michael Tempesta,"Superintendent, SAU 6","How when we looked at when we talked as when you presented it as a board about what would it look like?  When we go indoors, so far, everything is working. Well, we're not going overboard. We're not, you know,  we're being very responsive and individualized from from my perspective. And I'm seeing the contest still continuing the communication  with other athletics and things like that.",Speaker 10,https://reflect-claremont.cablecast.tv/internetchannel/show/12115?site=1&seekto=7944
2:12:48.18,2:13:09.22,7968.18,7989.22,Michael Tempesta,"Superintendent, SAU 6","We're seeing events happening that weren't happening before in terms of performances.  Towards normalcy. No, nowhere, you know, approaching the good old days, but I, I don't want to, you know, color this, that everything is not working based on.  You know, some of we have to look at everything in total and try to get you that information for the discussion.",Speaker 10,https://reflect-claremont.cablecast.tv/internetchannel/show/12115?site=1&seekto=7968
2:13:09.26,2:13:12.86,7989.26,7992.86,Michael Tempesta,"Superintendent, SAU 6",So.,Speaker 10,https://reflect-claremont.cablecast.tv/internetchannel/show/12115?site=1&seekto=7989
2:13:12.94,2:13:36.22,7992.94,8016.22,Steven Horsky,Claremont School Board member,"I mean, one thing that, you know, I'm going to give a lot of credit to Nick on, because he was very fresh on to the board, was is how we're using numbers inflated up to 100,000. Now, mind you, those numbers are based off metropolitan areas because you're stacked on top of each other. You know, that's how they that's how they want to do their filtering out to get to your your raw number per 100,000.",Speaker 3,https://reflect-claremont.cablecast.tv/internetchannel/show/12115?site=1&seekto=7992
2:13:36.26,2:13:57.90,8016.26,8037.90,Steven Horsky,Claremont School Board member,"Because if it doesn't really matter how we get there, how the math is what what one person saying versus the other at this point, it's it's definitely I agree with Heather that we're at pandemic. This is going to be the cold of the future, apparently for a little while. You know, we have to get back to normal at some point.",Speaker 3,https://reflect-claremont.cablecast.tv/internetchannel/show/12115?site=1&seekto=8016
2:13:57.90,2:14:18.62,8037.90,8058.62,Steven Horsky,Claremont School Board member,"We have to make some clear, decisive decisions on how we want to handle it for our community, because overall, we have done a really good job and its overall been kind of staying out of the schools for the most part compared to how it could be. Yeah, they're saying Omni Kron or whatever we want to call this variant this week and whatever one comes next week.",Speaker 3,https://reflect-claremont.cablecast.tv/internetchannel/show/12115?site=1&seekto=8037
2:14:18.70,2:14:50.06,8058.70,8090.06,Steven Horsky,Claremont School Board member,"They're saying this one's highly spreading, masks aren't going to help. So, I mean, we're masking kids right now to to something that may not be worthy. And it's it's not a debate about masks. It's a debate about how we're gonna continue to have these kids fall behind by missing school. That was a concern at the last presentation that I was noticing is how many additional people were on protocol while not having a test result understanding some of them were waiting for a test result.",Speaker 3,https://reflect-claremont.cablecast.tv/internetchannel/show/12115?site=1&seekto=8058
2:14:50.06,2:15:15.66,8090.06,8115.66,Steven Horsky,Claremont School Board member,"Some people refuse to get tested, and that's ten days off. So the it raises a lot of concerns to me at the educational level. And at some point, we're going to have to grab the bull by the horns, support and decide, educate these kids, aggressively, because they're falling behind every day, the ones that are missing. And sadly, I don't think it's because the parents aren't trying to do the right thing.",Speaker 3,https://reflect-claremont.cablecast.tv/internetchannel/show/12115?site=1&seekto=8090
2:15:15.70,2:15:36.98,8115.70,8136.98,Steven Horsky,Claremont School Board member,"And the community and the school, I think everybody's trying to do what they think is best. But, it's there's there's some kids getting some big deficits, my son being one of them. I mean, he's not performing anywhere near where he used to be. And he's two grade levels ahead of where he was when this all started. So I see some real concern on my end.",Speaker 3,https://reflect-claremont.cablecast.tv/internetchannel/show/12115?site=1&seekto=8115
2:15:37.10,2:15:39.10,8137.10,8139.10,Frank Sprague,Claremont School Board Chair,How much time is he? Just out of curiosity.,Speaker 2,https://reflect-claremont.cablecast.tv/internetchannel/show/12115?site=1&seekto=8137
2:15:39.14,2:16:06.22,8139.14,8166.22,Steven Horsky,Claremont School Board member,"My son. Yeah. He's only missed three days. He hasn't been sick. But you start boiling down the online learning piece and just start stacking it up. Considerable amounts of time missed for these students of interaction. I mean, we're social beings. We've missed social interaction. When the kids were sitting at home trying to teach themselves with the aids of of their computers while the parents were still trying to get to work to pay their mortgage.",Speaker 3,https://reflect-claremont.cablecast.tv/internetchannel/show/12115?site=1&seekto=8139
2:16:06.30,2:16:28.66,8166.30,8188.66,Steven Horsky,Claremont School Board member,"You know, in an ideal society, you know, mom was still home. Dad was still out making the bacon to to pay the bills. But that's not the world we live in.  So it's a lot harder now for families to to be on top of it. I know that I do the best I can, but there's other families that are working two, three jobs, both parents, just to make ends meet and pay their bills, and we want to refer to them.",Speaker 3,https://reflect-claremont.cablecast.tv/internetchannel/show/12115?site=1&seekto=8166
2:16:28.74,2:16:49.98,8188.74,8209.98,Steven Horsky,Claremont School Board member,"So I mean, I think we're really at a at a point, as Heather said, and as you've said, that we can't do anything tonight, which was not the intent. The intent was to start the discussion again so that we could get proper facts, continue the guidance, really get information on our exact numbers, essentially would be my goal of how it's been through the schools.",Speaker 3,https://reflect-claremont.cablecast.tv/internetchannel/show/12115?site=1&seekto=8188
2:16:50.22,2:16:57.30,8210.22,8217.30,Steven Horsky,Claremont School Board member,"So we have a full picture of what we're truly dealing with, to, to make a and then make a vote of what we're going to do.",Speaker 3,https://reflect-claremont.cablecast.tv/internetchannel/show/12115?site=1&seekto=8210
2:16:57.54,2:17:10.41,8217.54,8230.41,Frank Sprague,Claremont School Board Chair,"I know when when I worked in the schools. The student got suspended for ten days, pretty much done for that semester because that's that's a lot of time to miss. So, Nick.",Speaker 2,https://reflect-claremont.cablecast.tv/internetchannel/show/12115?site=1&seekto=8217
2:17:10.62,2:17:20.82,8230.62,8240.82,Nicholas Stone,Claremont School Board member (recognized 'Nick' at [580] and [623]),"I had two clarifying questions, I guess. So was it determined? There was,  two kids in the basketball team are three. I'm not sure what the final number was because.",Speaker 13,https://reflect-claremont.cablecast.tv/internetchannel/show/12115?site=1&seekto=8230
2:17:20.90,2:17:22.70,8240.90,8242.70,Heather Whitney,Claremont School Board member,Positives one exposed at home.,Speaker 4,https://reflect-claremont.cablecast.tv/internetchannel/show/12115?site=1&seekto=8240
2:17:22.78,2:17:24.10,8242.78,8244.10,Mary Burke,"Public commenter, Ward 2 (parent of a CMS basketball player)",Can I speak just for a second.,Speaker 20,https://reflect-claremont.cablecast.tv/internetchannel/show/12115?site=1&seekto=8242
2:17:24.30,2:17:27.65,8244.30,8247.65,Frank Sprague,Claremont School Board Chair,So you actually can  you have.,Speaker 2,https://reflect-claremont.cablecast.tv/internetchannel/show/12115?site=1&seekto=8244
2:17:27.73,2:17:29.62,8247.73,8249.62,Mary Burke,"Public commenter, Ward 2 (parent of a CMS basketball player)",I  just I just want to clarify.,Speaker 20,https://reflect-claremont.cablecast.tv/internetchannel/show/12115?site=1&seekto=8247
2:17:29.62,2:17:37.26,8249.62,8257.26,Mary Burke,"Public commenter, Ward 2 (parent of a CMS basketball player)",If we're going by the New Hampshire toolkit for reopening schools or when we're reporting.,Speaker 21,https://reflect-claremont.cablecast.tv/internetchannel/show/12115?site=1&seekto=8249
2:17:37.34,2:17:39.62,8257.34,8259.62,Mary Burke,"Public commenter, Ward 2 (parent of a CMS basketball player)","The cases, I, I really.",Speaker 20,https://reflect-claremont.cablecast.tv/internetchannel/show/12115?site=1&seekto=8257
2:17:39.78,2:17:40.66,8259.78,8260.66,Veronica,"District nurse coordinator, SAU 6 (first name only; surname garbled by ASR at [100] as 'has no ski'; 'Ronnie' on 2/2/22)",I do not want to.,Speaker 7,https://reflect-claremont.cablecast.tv/internetchannel/show/12115?site=1&seekto=8259
2:17:40.66,2:17:45.38,8260.66,8265.38,Veronica,"District nurse coordinator, SAU 6 (first name only; surname garbled by ASR at [100] as 'has no ski'; 'Ronnie' on 2/2/22)","Talk to her. So I'm sorry, I just I don't want to talk.",Speaker 20,https://reflect-claremont.cablecast.tv/internetchannel/show/12115?site=1&seekto=8260
2:17:45.46,2:17:47.94,8265.46,8267.94,Mary Burke,"Public commenter, Ward 2 (parent of a CMS basketball player)",Does anybody else know if we're going by the toolkit?,Speaker 21,https://reflect-claremont.cablecast.tv/internetchannel/show/12115?site=1&seekto=8265
2:17:47.98,2:17:51.62,8267.98,8271.62,Veronica,"District nurse coordinator, SAU 6 (first name only; surname garbled by ASR at [100] as 'has no ski'; 'Ronnie' on 2/2/22)","You know, if she would like to take the Covid position, she can have it.",Speaker 20,https://reflect-claremont.cablecast.tv/internetchannel/show/12115?site=1&seekto=8267
2:17:51.70,2:17:58.50,8271.70,8278.50,Frank Sprague,Claremont School Board Chair,"Run, run. But could you stop, please?",Speaker 2,https://reflect-claremont.cablecast.tv/internetchannel/show/12115?site=1&seekto=8271
2:17:58.58,2:17:58.94,8278.58,8278.94,Nicholas Stone,Claremont School Board member (recognized 'Nick' at [580] and [623]),My question.,Speaker 13,https://reflect-claremont.cablecast.tv/internetchannel/show/12115?site=1&seekto=8278
2:17:58.98,2:17:59.94,8278.98,8279.94,Mary Burke,"Public commenter, Ward 2 (parent of a CMS basketball player)","Because,",Speaker 21,https://reflect-claremont.cablecast.tv/internetchannel/show/12115?site=1&seekto=8278
2:18:00.02,2:18:01.21,8280.02,8281.21,Frank Sprague,Claremont School Board Chair,Let Nick finish this question.,Speaker 2,https://reflect-claremont.cablecast.tv/internetchannel/show/12115?site=1&seekto=8280
2:18:01.22,2:18:01.62,8281.22,8281.62,Mary Burke,"Public commenter, Ward 2 (parent of a CMS basketball player)",Okay.,Speaker 20,https://reflect-claremont.cablecast.tv/internetchannel/show/12115?site=1&seekto=8281
2:18:01.82,2:18:31.78,8281.82,8311.78,Nicholas Stone,Claremont School Board member (recognized 'Nick' at [580] and [623]),"So my question was, is this is because the email and then what has been kind of bounced around here was there was 2 or 3 kids that were considered the cluster, which I think it's two and above is what the state classifies it as. And on the dashboard for our school system, it says there's only two. So that's where I'm kind of confused if there's the two or the actual cluster that can be done, because that was a big thing when our first,  discussion on Covid was, what do we define as a cluster?",Speaker 13,https://reflect-claremont.cablecast.tv/internetchannel/show/12115?site=1&seekto=8281
2:18:32.02,2:18:37.08,8312.02,8317.08,Nicholas Stone,Claremont School Board member (recognized 'Nick' at [580] and [623]),"And I thought that we kind of, I don't say agreed to, but, so further that there's.",Speaker 13,https://reflect-claremont.cablecast.tv/internetchannel/show/12115?site=1&seekto=8312
2:18:37.30,2:19:02.14,8317.30,8342.14,Mary Burke,"Public commenter, Ward 2 (parent of a CMS basketball player)","So the New Hampshire toolkit defines it as three or more, and I have it right in front of me. And they are confirmed positive cases of three or more that have  the potential to transmit infections to each other, who have had the potential to transmit infections to each other through close contact.  It's a small town. There's ten kids on the team, I didn't.",Speaker 21,https://reflect-claremont.cablecast.tv/internetchannel/show/12115?site=1&seekto=8317
2:19:02.18,2:19:24.02,8342.18,8364.02,Mary Burke,"Public commenter, Ward 2 (parent of a CMS basketball player)","It's not hearsay, but we also know how many kids are positive. My son was included as the third child, and I was also told by the CMS nurse that when she gives her information to the nurse that he is included in that count because he's unvaccinated with a contact at home.",Speaker 21,https://reflect-claremont.cablecast.tv/internetchannel/show/12115?site=1&seekto=8342
2:19:24.10,2:19:38.92,8364.10,8378.92,Nicholas Stone,Claremont School Board member (recognized 'Nick' at [580] and [623]),"My biggest concern is, is that there was three. There's only two reported on the spreadsheet that we use for the dashboard. And then the second question I had was, if we shut down the program for the entire team, why is the entire team not out of the school? If we're.",Speaker 13,https://reflect-claremont.cablecast.tv/internetchannel/show/12115?site=1&seekto=8364
2:19:39.00,2:19:39.74,8379.00,8379.74,Mary Burke,"Public commenter, Ward 2 (parent of a CMS basketball player)",We're all.,Speaker 20,https://reflect-claremont.cablecast.tv/internetchannel/show/12115?site=1&seekto=8379
2:19:39.82,2:19:48.22,8379.82,8388.22,Mary Burke,"Public commenter, Ward 2 (parent of a CMS basketball player)","Those are things that I just wanted to clarify, and I really appreciate you guys taking the time to talk about it,  because I could not get any answers. So then I was getting angry or an.",Speaker 21,https://reflect-claremont.cablecast.tv/internetchannel/show/12115?site=1&seekto=8379
2:19:48.22,2:19:48.54,8388.22,8388.54,Mary Burke,"Public commenter, Ward 2 (parent of a CMS basketball player)",Angry.,Speaker 20,https://reflect-claremont.cablecast.tv/internetchannel/show/12115?site=1&seekto=8388
2:19:48.74,2:19:57.70,8388.74,8397.70,Mary Burke,"Public commenter, Ward 2 (parent of a CMS basketball player)","About the situation. And it's just a simple situation on how we're reporting this. How is this going to look, spring sports, that kind of thing. Okay, okay.",Speaker 21,https://reflect-claremont.cablecast.tv/internetchannel/show/12115?site=1&seekto=8388
2:19:57.74,2:19:58.18,8397.74,8398.18,Frank Sprague,Claremont School Board Chair,Thank you.,Speaker 2,https://reflect-claremont.cablecast.tv/internetchannel/show/12115?site=1&seekto=8397
2:19:58.22,2:20:07.58,8398.22,8407.58,Nicholas Stone,Claremont School Board member (recognized 'Nick' at [580] and [623]),"Thank you. You might be able to answer my question was if we said  the entire program, why wouldn't we then take all those ten kids or not.",Speaker 13,https://reflect-claremont.cablecast.tv/internetchannel/show/12115?site=1&seekto=8398
2:20:07.66,2:20:08.74,8407.66,8408.74,Heather Whitney,Claremont School Board member,Have all been close contact.,Speaker 4,https://reflect-claremont.cablecast.tv/internetchannel/show/12115?site=1&seekto=8407
2:20:08.74,2:20:14.18,8408.74,8414.18,Nicholas Stone,Claremont School Board member (recognized 'Nick' at [580] and [623]),So that's so we're going to go to school but not having played a sport. Correct.,Speaker 13,https://reflect-claremont.cablecast.tv/internetchannel/show/12115?site=1&seekto=8408
2:20:14.26,2:20:16.70,8414.26,8416.70,Mary Burke,"Public commenter, Ward 2 (parent of a CMS basketball player)",And none of them were there over vacations much.,Speaker 20,https://reflect-claremont.cablecast.tv/internetchannel/show/12115?site=1&seekto=8414
2:20:16.70,2:20:17.98,8416.70,8417.98,Nicholas Stone,Claremont School Board member (recognized 'Nick' at [580] and [623]),"I miss her, I just wanted to.",Speaker 13,https://reflect-claremont.cablecast.tv/internetchannel/show/12115?site=1&seekto=8416
2:20:18.06,2:20:36.94,8418.06,8436.94,Michael Tempesta,"Superintendent, SAU 6",So so the the part I feel uncomfortable talking about that because I did get a call back. I did get partially some of this information that you folks have more about right now. There is a degree to which we can never speak about the confidentiality. And that's that's where you made a decision to come up and say those things.,Speaker 10,https://reflect-claremont.cablecast.tv/internetchannel/show/12115?site=1&seekto=8418
2:20:37.14,2:20:59.62,8437.14,8459.62,Michael Tempesta,"Superintendent, SAU 6","We have to take each case and apply the rules of confidentiality in terms of the what meets the criteria of a cluster or not in this case and in other cases, and why they may be in why they may be out it if they are part of a the same group in the same meeting, and that those are some of the, the  qualifying  conditions of that.",Speaker 10,https://reflect-claremont.cablecast.tv/internetchannel/show/12115?site=1&seekto=8437
2:20:59.62,2:21:13.18,8459.62,8473.18,Michael Tempesta,"Superintendent, SAU 6","But I don't know the particulars of this case, I don't. Sounds like other people do. You got an email. There's some other types of heads up and position on it. But but I haven't had time to to speak to this.",Speaker 10,https://reflect-claremont.cablecast.tv/internetchannel/show/12115?site=1&seekto=8459
2:21:13.26,2:21:20.42,8473.26,8480.42,Unidentified,"Unidentified - board member, either Rob Lovett Jr. or Michael Petrin by elimination (asks about the lockdown drill, mentions nursing home work at [653]); not named on the record","So so what I'm hearing and what I heard from the nurse,  was that she gathers the information.",Speaker 16,https://reflect-claremont.cablecast.tv/internetchannel/show/12115?site=1&seekto=8473
2:21:20.50,2:21:21.38,8480.50,8481.38,Mary Burke,"Public commenter, Ward 2 (parent of a CMS basketball player)",She asked the state.,Speaker 20,https://reflect-claremont.cablecast.tv/internetchannel/show/12115?site=1&seekto=8480
2:21:21.50,2:21:22.58,8481.50,8482.58,Unidentified,"Unidentified - board member, either Rob Lovett Jr. or Michael Petrin by elimination (asks about the lockdown drill, mentions nursing home work at [653]); not named on the record",She gives the state.,Speaker 16,https://reflect-claremont.cablecast.tv/internetchannel/show/12115?site=1&seekto=8481
2:21:22.82,2:21:25.58,8482.82,8485.58,Michael Tempesta,"Superintendent, SAU 6","At the school. Yeah, there's the information.",Speaker 10,https://reflect-claremont.cablecast.tv/internetchannel/show/12115?site=1&seekto=8482
2:21:25.62,2:21:26.34,8485.62,8486.34,Unidentified,"Unidentified - board member, either Rob Lovett Jr. or Michael Petrin by elimination (asks about the lockdown drill, mentions nursing home work at [653]); not named on the record",And that.,Speaker 16,https://reflect-claremont.cablecast.tv/internetchannel/show/12115?site=1&seekto=8485
2:21:26.42,2:21:29.87,8486.42,8489.87,Michael Tempesta,"Superintendent, SAU 6",Ronnie is the liaison between the state and the.,Speaker 10,https://reflect-claremont.cablecast.tv/internetchannel/show/12115?site=1&seekto=8486
2:21:29.94,2:21:44.94,8489.94,8504.94,Unidentified,"Unidentified - board member, either Rob Lovett Jr. or Michael Petrin by elimination (asks about the lockdown drill, mentions nursing home work at [653]); not named on the record","That information goes to the state of New Hampshire and the state of New Hampshire is who is saying that this is a cluster. And this is our recommendation. We are following the recommendation that is coming from the state of what that is saying, that this is a cluster.",Speaker 16,https://reflect-claremont.cablecast.tv/internetchannel/show/12115?site=1&seekto=8489
2:21:45.06,2:22:05.98,8505.06,8525.98,Michael Tempesta,"Superintendent, SAU 6","What what would be good to look at in terms of the averages of clusters and other schools which anyone can see on the debt, the same dashboard that I show up there, you can do cross-sections, you can compare communities side by side. You can look at school clusters. You can look at the overall size of outbreaks in clusters, all that whatever floats your boat.",Speaker 10,https://reflect-claremont.cablecast.tv/internetchannel/show/12115?site=1&seekto=8505
2:22:06.02,2:22:45.58,8526.02,8565.58,Michael Tempesta,"Superintendent, SAU 6","Right. But in this case, and in other cases, we don't look at, I guess what, what I, what I this is and I say this as a  parent and a coach and all of those roles that I played both in youth leagues and in high school,  oftentimes there's the sense and I alluded to this, I forget exactly what we you know, we were on their briefly,  on the phone, but a lot of times there's a sense that because, you know, the kids and the parents and stuff like that, there can be more to the story that we may know that we can't reveal and all types of things.",Speaker 10,https://reflect-claremont.cablecast.tv/internetchannel/show/12115?site=1&seekto=8526
2:22:45.58,2:23:10.50,8565.58,8590.50,Michael Tempesta,"Superintendent, SAU 6","I don't know the particulars of this, but I do know the consistency by which we've done all of these throughout, from the point of being directed the schools, the ads, the teachers, the nurses, they all contribute to the  the communication to the parents and all all the other stuff. It's not we don't have a  cluster czar. We have a team of people working to to do all this.",Speaker 10,https://reflect-claremont.cablecast.tv/internetchannel/show/12115?site=1&seekto=8565
2:23:10.58,2:23:39.90,8590.58,8619.90,Unidentified,"Unidentified - board member, either Rob Lovett Jr. or Michael Petrin by elimination (asks about the lockdown drill, mentions nursing home work at [653]); not named on the record","But to the fact that the nurses here are not saying it's a cluster. They're reporting to the state in the state. So it happens the same way at the nursing home where I work. We have a staff member that's positive. Two staff members that are positive are our nursing staff. Reports that to the state. And this is you know, we give them the information that this person went to the Celtics game and was, you know, went to Boston and you know or this person lives with the person that tested positive.",Speaker 16,https://reflect-claremont.cablecast.tv/internetchannel/show/12115?site=1&seekto=8590
2:23:39.90,2:23:55.70,8619.90,8635.70,Unidentified,"Unidentified - board member, either Rob Lovett Jr. or Michael Petrin by elimination (asks about the lockdown drill, mentions nursing home work at [653]); not named on the record","So we give the information to the state, and the state comes back to us and says, no, that's not a cluster that's from an outside source or yes, it is a cluster. And this is what we recommend you do. So our nurses here are not saying that this is a cluster. The state is telling us that it's cluster.",Speaker 16,https://reflect-claremont.cablecast.tv/internetchannel/show/12115?site=1&seekto=8619
2:23:55.78,2:23:56.60,8635.78,8636.60,Nicholas Stone,Claremont School Board member (recognized 'Nick' at [580] and [623]),I.,Speaker 13,https://reflect-claremont.cablecast.tv/internetchannel/show/12115?site=1&seekto=8635
2:23:56.68,2:24:19.06,8636.68,8659.06,Steven Horsky,Claremont School Board member,"I want to true. But when we're mis classifying possibly a student because of a Covid positive member of the household and that the child's tested negative per the email twice, that person shouldn't be counted as a positive, especially if the parents off quarantine.",Speaker 3,https://reflect-claremont.cablecast.tv/internetchannel/show/12115?site=1&seekto=8636
2:24:19.10,2:24:22.58,8659.10,8662.58,Frank Sprague,Claremont School Board Chair,Because the student's not vaccinated is. That puts them in that category?,Speaker 2,https://reflect-claremont.cablecast.tv/internetchannel/show/12115?site=1&seekto=8659
2:24:22.62,2:24:25.25,8662.62,8665.25,Nicholas Stone,Claremont School Board member (recognized 'Nick' at [580] and [623]),Yes. Which is state guidelines. Yeah. Which ones.,Speaker 13,https://reflect-claremont.cablecast.tv/internetchannel/show/12115?site=1&seekto=8662
2:24:25.30,2:24:26.58,8665.30,8666.58,Frank Sprague,Claremont School Board Chair,Are the calculation?,Speaker 2,https://reflect-claremont.cablecast.tv/internetchannel/show/12115?site=1&seekto=8665
2:24:26.66,2:24:30.86,8666.66,8670.86,Steven Horsky,Claremont School Board member,Which at the end of the day that that turns it into a jab  jab.,Speaker 3,https://reflect-claremont.cablecast.tv/internetchannel/show/12115?site=1&seekto=8666
2:24:30.86,2:24:35.98,8670.86,8675.98,Mary Burke,"Public commenter, Ward 2 (parent of a CMS basketball player)",Debate at school. The nurse and he's still negative at the CMS.  Not this.,Speaker 20,https://reflect-claremont.cablecast.tv/internetchannel/show/12115?site=1&seekto=8670
2:24:36.06,2:24:36.33,8676.06,8676.33,Frank Sprague,Claremont School Board Chair,Right.,Speaker 2,https://reflect-claremont.cablecast.tv/internetchannel/show/12115?site=1&seekto=8676
2:24:36.38,2:24:38.26,8676.38,8678.26,Michael Tempesta,"Superintendent, SAU 6",I spoke to I spoke to a CMS.,Speaker 10,https://reflect-claremont.cablecast.tv/internetchannel/show/12115?site=1&seekto=8676
2:24:38.26,2:24:39.26,8678.26,8679.26,Mary Burke,"Public commenter, Ward 2 (parent of a CMS basketball player)",Nurse nowhere.,Speaker 20,https://reflect-claremont.cablecast.tv/internetchannel/show/12115?site=1&seekto=8678
2:24:39.30,2:24:40.10,8679.30,8680.10,Nicholas Stone,Claremont School Board member (recognized 'Nick' at [580] and [623]),This isn't debate.,Speaker 13,https://reflect-claremont.cablecast.tv/internetchannel/show/12115?site=1&seekto=8679
2:24:40.14,2:24:45.22,8680.14,8685.22,Mary Burke,"Public commenter, Ward 2 (parent of a CMS basketball player)","That's why I just wanted to know what your policy is. So moving forward, like.",Speaker 20,https://reflect-claremont.cablecast.tv/internetchannel/show/12115?site=1&seekto=8680
2:24:45.42,2:24:47.78,8685.42,8687.78,Frank Sprague,Claremont School Board Chair,"Well, if the state classifies that as a cluster.",Speaker 2,https://reflect-claremont.cablecast.tv/internetchannel/show/12115?site=1&seekto=8685
2:24:47.82,2:25:07.50,8687.82,8707.50,Mary Burke,"Public commenter, Ward 2 (parent of a CMS basketball player)",I don't think the state would have. I think it was recorded as if  it says right on the toolkit that the nurses report what they think would be a cluster. And that should have never been reported as a cluster because those children were not. Some of these kids were not even there protected. So it wasn't gained from the same source.,Speaker 20,https://reflect-claremont.cablecast.tv/internetchannel/show/12115?site=1&seekto=8687
2:25:07.58,2:25:12.14,8707.58,8712.14,Mary Burke,"Public commenter, Ward 2 (parent of a CMS basketball player)",A cluster is a from the same source.,Speaker 20,https://reflect-claremont.cablecast.tv/internetchannel/show/12115?site=1&seekto=8707
2:25:12.22,2:25:27.82,8712.22,8727.82,Heather Whitney,Claremont School Board member,"I think the level of frustration that we're having here is that a bunch of people are working with discretion, and this includes the state. And so  regardless of how clear and definitive the guidelines are that you're looking at, there are people all over the place there using their own.",Speaker 4,https://reflect-claremont.cablecast.tv/internetchannel/show/12115?site=1&seekto=8712
2:25:28.02,2:25:28.50,8728.02,8728.50,Mary Burke,"Public commenter, Ward 2 (parent of a CMS basketball player)",Right.,Speaker 20,https://reflect-claremont.cablecast.tv/internetchannel/show/12115?site=1&seekto=8728
2:25:28.54,2:25:29.66,8728.54,8729.66,Heather Whitney,Claremont School Board member,And,Speaker 4,https://reflect-claremont.cablecast.tv/internetchannel/show/12115?site=1&seekto=8728
2:25:29.74,2:25:31.38,8729.74,8731.38,Frank Sprague,Claremont School Board Chair,So there's different shades.,Speaker 2,https://reflect-claremont.cablecast.tv/internetchannel/show/12115?site=1&seekto=8729
2:25:31.46,2:25:52.74,8731.46,8752.74,Heather Whitney,Claremont School Board member,"Correct. And so  it's interpretation of the guidelines. And even the person that the, the, the liaison spoke to what the state could be different from the person they speak two days later at the state. And,  and for these reasons, I really think that we need to,  be very clear as a board what our, what our policies are going to be.",Speaker 4,https://reflect-claremont.cablecast.tv/internetchannel/show/12115?site=1&seekto=8731
2:25:52.78,2:25:59.30,8752.78,8759.30,Heather Whitney,Claremont School Board member,And I  think we're at the point where we think we're controlling something that we can't control anymore. And this is.,Speaker 4,https://reflect-claremont.cablecast.tv/internetchannel/show/12115?site=1&seekto=8752
2:25:59.42,2:26:00.22,8759.42,8760.22,Mary Burke,"Public commenter, Ward 2 (parent of a CMS basketball player)",Completely.,Speaker 20,https://reflect-claremont.cablecast.tv/internetchannel/show/12115?site=1&seekto=8759
2:26:00.22,2:26:09.71,8760.22,8769.71,Heather Whitney,Claremont School Board member,"Totally out of control. And the idea that that we can really do anything to mitigate it at this point is it's, it's and.",Speaker 4,https://reflect-claremont.cablecast.tv/internetchannel/show/12115?site=1&seekto=8760
2:26:09.83,2:26:10.18,8769.83,8770.18,Mary Burke,"Public commenter, Ward 2 (parent of a CMS basketball player)",And.,Speaker 20,https://reflect-claremont.cablecast.tv/internetchannel/show/12115?site=1&seekto=8769
2:26:10.26,2:26:25.14,8770.26,8785.14,Heather Whitney,Claremont School Board member,"And the messaging we're getting from the CDC is basically is basically the message that health care workers are getting is that if you're on a ventilator and you've got a battery pack, go to work.",Speaker 4,https://reflect-claremont.cablecast.tv/internetchannel/show/12115?site=1&seekto=8770
2:26:25.22,2:26:34.70,8785.22,8794.70,Heather Whitney,Claremont School Board member,"It's whatever, whatever. They're going to shift the guidelines to allow society to continue to function a little bit, a little bit, a little bit, because we're we're kind of falling apart.",Speaker 4,https://reflect-claremont.cablecast.tv/internetchannel/show/12115?site=1&seekto=8785
2:26:34.78,2:26:37.14,8794.78,8797.14,Frank Sprague,Claremont School Board Chair,Before we're conceding is.,Speaker 2,https://reflect-claremont.cablecast.tv/internetchannel/show/12115?site=1&seekto=8794
2:26:37.22,2:26:38.94,8797.22,8798.94,Heather Whitney,Claremont School Board member,If they don't want to concede they lost.,Speaker 4,https://reflect-claremont.cablecast.tv/internetchannel/show/12115?site=1&seekto=8797
2:26:38.98,2:26:40.18,8798.98,8800.18,Frank Sprague,Claremont School Board Chair,But what.,Speaker 2,https://reflect-claremont.cablecast.tv/internetchannel/show/12115?site=1&seekto=8798
2:26:40.26,2:26:41.06,8800.26,8801.06,Heather Whitney,Claremont School Board member,We've lost.,Speaker 4,https://reflect-claremont.cablecast.tv/internetchannel/show/12115?site=1&seekto=8800
2:26:41.10,2:26:44.22,8801.10,8804.22,Frank Sprague,Claremont School Board Chair,"We're edging back,  back and back.",Speaker 2,https://reflect-claremont.cablecast.tv/internetchannel/show/12115?site=1&seekto=8801
2:26:44.30,2:27:08.82,8804.30,8828.82,Mary Burke,"Public commenter, Ward 2 (parent of a CMS basketball player)","And that's why I worry, is how many times is this going to keep happening over the next year or  you know, and that's really my my only concern is it how are you going to are we going to stop sports every time that something you know, I mean, if we're going by contacts at home at this point or, you know, what is the policy that's and I, I told her I was not upset with her at all.",Speaker 20,https://reflect-claremont.cablecast.tv/internetchannel/show/12115?site=1&seekto=8804
2:27:09.02,2:27:14.34,8829.02,8834.34,Unidentified,"Unidentified - board member, either Rob Lovett Jr. or Michael Petrin by elimination (asks about the lockdown drill, mentions nursing home work at [653]); not named on the record","But so I like to call us back to order. We're getting out of order here, Frank. Really getting.",Speaker 16,https://reflect-claremont.cablecast.tv/internetchannel/show/12115?site=1&seekto=8829
2:27:14.42,2:27:15.26,8834.42,8835.26,Heather Whitney,Claremont School Board member,This on the agenda?,Speaker 4,https://reflect-claremont.cablecast.tv/internetchannel/show/12115?site=1&seekto=8834
2:27:15.50,2:27:16.22,8835.50,8836.22,Frank Sprague,Claremont School Board Chair,Yeah.,Speaker 2,https://reflect-claremont.cablecast.tv/internetchannel/show/12115?site=1&seekto=8835
2:27:16.30,2:27:17.38,8836.30,8837.38,Nicholas Stone,Claremont School Board member (recognized 'Nick' at [580] and [623]),That'd be a separate.,Speaker 13,https://reflect-claremont.cablecast.tv/internetchannel/show/12115?site=1&seekto=8836
2:27:17.46,2:27:47.30,8837.46,8867.30,Frank Sprague,Claremont School Board Chair,"Okay. It's good. So moving on to other businesses. So I want to make a reminder that, the filing period for school board members with two positions this year, January 19th, I think the 28th, I believe is the window cost a dollar. So make sure anybody's interested. You bring a dollar with you. And date of the retreat.",Speaker 2,https://reflect-claremont.cablecast.tv/internetchannel/show/12115?site=1&seekto=8837
2:27:47.38,2:27:58.30,8867.38,8878.30,Frank Sprague,Claremont School Board Chair,To be something. No. Okay. All right. So we can do that. So we have a we're we're having a public hearing on the 18th. Yeah. Which is a Tuesday.,Speaker 2,https://reflect-claremont.cablecast.tv/internetchannel/show/12115?site=1&seekto=8867
2:27:58.38,2:27:59.14,8878.38,8879.14,Michael Tempesta,"Superintendent, SAU 6",Tuesday.,Speaker 10,https://reflect-claremont.cablecast.tv/internetchannel/show/12115?site=1&seekto=8878
2:27:59.22,2:27:59.94,8879.22,8879.94,Frank Sprague,Claremont School Board Chair,Okay.,Speaker 2,https://reflect-claremont.cablecast.tv/internetchannel/show/12115?site=1&seekto=8879
2:28:00.02,2:28:01.34,8880.02,8881.34,Heather Whitney,Claremont School Board member,So January.,Speaker 4,https://reflect-claremont.cablecast.tv/internetchannel/show/12115?site=1&seekto=8880
2:28:01.58,2:28:01.98,8881.58,8881.98,Frank Sprague,Claremont School Board Chair,Yes.,Speaker 2,https://reflect-claremont.cablecast.tv/internetchannel/show/12115?site=1&seekto=8881
2:28:02.02,2:28:02.78,8882.02,8882.78,Unidentified,"Unidentified - board member, either Rob Lovett Jr. or Michael Petrin by elimination (asks about the lockdown drill, mentions nursing home work at [653]); not named on the record",Two weeks and that's.,Speaker 16,https://reflect-claremont.cablecast.tv/internetchannel/show/12115?site=1&seekto=8882
2:28:02.78,2:28:17.22,8882.78,8897.22,Frank Sprague,Claremont School Board Chair,Here and that's here and it's a Tuesday not a Wednesday. And  so we should that gets worn. Probably going to want to say publicly celebrity nose.,Speaker 2,https://reflect-claremont.cablecast.tv/internetchannel/show/12115?site=1&seekto=8882
2:28:17.30,2:28:42.10,8897.30,8922.10,Frank Sprague,Claremont School Board Chair,"So that's normally pretty much of a one one agenda thing. But because I don't know how long it'll take, but sometimes it takes two minutes to have the public hearing. Sometimes it takes longer than that. But, we may add a couple of a couple of other things about it. Okay. So,",Speaker 2,https://reflect-claremont.cablecast.tv/internetchannel/show/12115?site=1&seekto=8897
2:28:42.18,2:28:50.98,8922.18,8930.98,Frank Sprague,Claremont School Board Chair,"You know, we have to set. I guess if we get the next meeting, we can set the date for the retreat, because it's got to be it's got to be before the election.",Speaker 2,https://reflect-claremont.cablecast.tv/internetchannel/show/12115?site=1&seekto=8922
2:28:51.06,2:28:55.46,8931.06,8935.46,Heather Whitney,Claremont School Board member,And we probably should address the Covid issue pretty soon to next.,Speaker 4,https://reflect-claremont.cablecast.tv/internetchannel/show/12115?site=1&seekto=8931
2:28:55.46,2:28:57.06,8935.46,8937.06,Frank Sprague,Claremont School Board Chair,Yeah.,Speaker 2,https://reflect-claremont.cablecast.tv/internetchannel/show/12115?site=1&seekto=8935
2:28:57.14,2:29:00.87,8937.14,8940.87,Heather Whitney,Claremont School Board member,I don't know if that's going to be a meeting or to itself.,Speaker 4,https://reflect-claremont.cablecast.tv/internetchannel/show/12115?site=1&seekto=8937
2:29:00.95,2:29:01.94,8940.95,8941.94,Nicholas Stone,Claremont School Board member (recognized 'Nick' at [580] and [623]),Yeah.,Speaker 13,https://reflect-claremont.cablecast.tv/internetchannel/show/12115?site=1&seekto=8940
2:29:02.02,2:29:04.94,8942.02,8944.94,Heather Whitney,Claremont School Board member,Prepared for some kind of data and.,Speaker 4,https://reflect-claremont.cablecast.tv/internetchannel/show/12115?site=1&seekto=8942
2:29:05.02,2:29:28.34,8945.02,8968.34,Frank Sprague,Claremont School Board Chair,"Yeah, I don't want to just we're going to roll out heavily on the administration for this. I'm very interested in the reason I asked. Steve, I'm curious how many cumulative days kids are missing of school, how much school are kids missing? Because that's that's I mean, you know, work in the schools. That's brutal. Brutal. And to be out like that.",Speaker 2,https://reflect-claremont.cablecast.tv/internetchannel/show/12115?site=1&seekto=8945
2:29:28.42,2:29:29.94,8968.42,8969.94,Frank Sprague,Claremont School Board Chair,Josh.,Speaker 2,https://reflect-claremont.cablecast.tv/internetchannel/show/12115?site=1&seekto=8968
2:29:30.02,2:29:36.44,8970.02,8976.44,Joshua Lambert,Claremont School Board member (recognized 'Josh' at [528]-[529] and [707]),"If possible, can I real quick read the first part of the latest guidance from the state from December 1st.",Speaker 17,https://reflect-claremont.cablecast.tv/internetchannel/show/12115?site=1&seekto=8970
2:29:36.52,2:29:41.18,8976.52,8981.18,Frank Sprague,Claremont School Board Chair,"We're past that. All right. Sorry. Next time, Steve.",Speaker 2,https://reflect-claremont.cablecast.tv/internetchannel/show/12115?site=1&seekto=8976
2:29:41.26,2:30:08.10,8981.26,9008.10,Steven Horsky,Claremont School Board member,"One thing I would like is an update on the Puerto Rico trip, due to the fact of Covid being is rampant as it is.  I think we're kind of at a point where we need to start thinking about it. In fairness to the students and families as to how we're going to approach it. I have gotten,  word I don't know if it's 100% from another family that it may be required vaccination to go, which that now takes some other kids that were possibly going to go that are unvaccinated out.",Speaker 3,https://reflect-claremont.cablecast.tv/internetchannel/show/12115?site=1&seekto=8981
2:30:08.26,2:30:25.82,9008.26,9025.82,Steven Horsky,Claremont School Board member,"So I want to have a discussion on that and a full blown presentation because it was nonrefundable. I mean, it was 100% refundable based off Covid. And I want to make sure that if we make the changes, because basically, if we're in a trajectory down, if we're going to follow history and follow the science, it's going to be a problem come that break.",Speaker 3,https://reflect-claremont.cablecast.tv/internetchannel/show/12115?site=1&seekto=9008
2:30:25.86,2:30:28.22,9025.86,9028.22,Steven Horsky,Claremont School Board member,And I was very cautious about it.,Speaker 3,https://reflect-claremont.cablecast.tv/internetchannel/show/12115?site=1&seekto=9025
2:30:28.30,2:30:30.34,9028.30,9030.34,Nicholas Stone,Claremont School Board member (recognized 'Nick' at [580] and [623]),February.,Speaker 13,https://reflect-claremont.cablecast.tv/internetchannel/show/12115?site=1&seekto=9028
2:30:30.42,2:30:32.26,9030.42,9032.26,Frank Sprague,Claremont School Board Chair,"In April, April.",Speaker 2,https://reflect-claremont.cablecast.tv/internetchannel/show/12115?site=1&seekto=9030
2:30:32.34,2:30:33.26,9032.34,9033.26,Michael Tempesta,"Superintendent, SAU 6",I think you might have an.,Speaker 10,https://reflect-claremont.cablecast.tv/internetchannel/show/12115?site=1&seekto=9032
2:30:33.26,2:30:33.58,9033.26,9033.58,Michael Tempesta,"Superintendent, SAU 6",Update on.,Speaker 20,https://reflect-claremont.cablecast.tv/internetchannel/show/12115?site=1&seekto=9033
2:30:33.82,2:30:34.86,9033.82,9034.86,Unidentified,Unidentified - Stevens High School administrator presenting the program of studies and the Puerto Rico trip update (name not stated),The numbers if you'd like them.,Speaker 4,https://reflect-claremont.cablecast.tv/internetchannel/show/12115?site=1&seekto=9033
2:30:35.02,2:30:35.58,9035.02,9035.58,Frank Sprague,Claremont School Board Chair,Yeah. Go ahead.,Speaker 2,https://reflect-claremont.cablecast.tv/internetchannel/show/12115?site=1&seekto=9035
2:30:35.63,2:30:51.78,9035.63,9051.78,Unidentified,Unidentified - Stevens High School administrator presenting the program of studies and the Puerto Rico trip update (name not stated),"Okay. So these are from Mrs. Barry.  We have 38 students currently still signed up, still planning and going, etc.. The back there is a vaccine mandate. And you'd be fully vaccinated with two vaccines.",Speaker 4,https://reflect-claremont.cablecast.tv/internetchannel/show/12115?site=1&seekto=9035
2:30:51.78,2:31:07.86,9051.78,9067.86,Unidentified,Unidentified - Stevens High School administrator presenting the program of studies and the Puerto Rico trip update (name not stated),You don't have to have a booster.  And you have to test -48 hours prior to getting on the plane. We've had five students pull out because of the vaccine mandate and a couple more because of financial  impact.  Yep.,Speaker 12,https://reflect-claremont.cablecast.tv/internetchannel/show/12115?site=1&seekto=9051
2:31:07.94,2:31:13.60,9067.94,9073.60,Nicholas Stone,Claremont School Board member (recognized 'Nick' at [580] and [623]),What are they doing from eight to get a test to go?,Speaker 13,https://reflect-claremont.cablecast.tv/internetchannel/show/12115?site=1&seekto=9067
2:31:13.68,2:31:14.68,9073.68,9074.68,Unidentified,Unidentified - Stevens High School administrator presenting the program of studies and the Puerto Rico trip update (name not stated),I don't know the answer to that.,Speaker 12,https://reflect-claremont.cablecast.tv/internetchannel/show/12115?site=1&seekto=9073
2:31:14.68,2:31:16.64,9074.68,9076.64,Nicholas Stone,Claremont School Board member (recognized 'Nick' at [580] and [623]),No. Okay.,Speaker 13,https://reflect-claremont.cablecast.tv/internetchannel/show/12115?site=1&seekto=9074
2:31:16.72,2:31:20.20,9076.72,9080.20,Unidentified,Unidentified - Stevens High School administrator presenting the program of studies and the Puerto Rico trip update (name not stated),"Had limited information,",Speaker 12,https://reflect-claremont.cablecast.tv/internetchannel/show/12115?site=1&seekto=9076
2:31:20.28,2:31:45.72,9080.28,9105.72,Michael Tempesta,"Superintendent, SAU 6","I did I did have this conversation with  with the, with with Pat earlier and I think this was communicated from the onsite. I, I don't  as I remember our conversation  because I, I got a couple inquiries about  refunds and if there's time and kind of the gamble as it were of of them going and being able to come out, I believe there was a date.",Speaker 10,https://reflect-claremont.cablecast.tv/internetchannel/show/12115?site=1&seekto=9080
2:31:45.72,2:31:47.04,9105.72,9107.04,Michael Tempesta,"Superintendent, SAU 6",I think it's coming up pretty.,Speaker 10,https://reflect-claremont.cablecast.tv/internetchannel/show/12115?site=1&seekto=9105
2:31:47.08,2:31:48.08,9107.08,9108.08,Unidentified,Unidentified - Stevens High School administrator presenting the program of studies and the Puerto Rico trip update (name not stated),I believe it's Friday.,Speaker 12,https://reflect-claremont.cablecast.tv/internetchannel/show/12115?site=1&seekto=9107
2:31:48.24,2:31:52.56,9108.24,9112.56,Frank Sprague,Claremont School Board Chair,Okay. This Friday. So.,Speaker 2,https://reflect-claremont.cablecast.tv/internetchannel/show/12115?site=1&seekto=9108
2:31:52.64,2:31:54.12,9112.64,9114.12,Frank Sprague,Claremont School Board Chair,For refunds.,Speaker 2,https://reflect-claremont.cablecast.tv/internetchannel/show/12115?site=1&seekto=9112
2:31:54.20,2:32:02.88,9114.20,9122.88,Unidentified,Unidentified - Stevens High School administrator presenting the program of studies and the Puerto Rico trip update (name not stated),"And I don't know the whys and wherefores of the refunds, I just understood today that Friday is an important deadline.",Speaker 12,https://reflect-claremont.cablecast.tv/internetchannel/show/12115?site=1&seekto=9114
2:32:02.96,2:32:20.88,9122.96,9140.88,Nicholas Stone,Claremont School Board member (recognized 'Nick' at [580] and [623]),"So I kind of off topic, but we were talking about before,  when we're going to have the Covid discussion, I'd like to see what the status of  the online learning is, because we keep hearing parents say that there's not being sufficient work submitted to their kids. I'd like to see kind of I'm not trying to quantify that, but to see where we're at.",Speaker 13,https://reflect-claremont.cablecast.tv/internetchannel/show/12115?site=1&seekto=9122
2:32:20.96,2:32:36.64,9140.96,9156.64,Nicholas Stone,Claremont School Board member (recognized 'Nick' at [580] and [623]),"Yeah, because that's been a common thing that we've been hearing throughout this entire thing, which, you know, that's kind of important, especially if we're going to be home. I'd rather at least have some sort of work rather than, you know, one class out of the four they take.",Speaker 13,https://reflect-claremont.cablecast.tv/internetchannel/show/12115?site=1&seekto=9140
2:32:36.72,2:33:01.84,9156.72,9181.84,Steven Horsky,Claremont School Board member,"Hearing that a very important day is coming on being able to make a decision on the Puerto Rico trip being Friday.  This board needs confirmation ASAP to the chair, because if we have to make a decision based on, we feel comfortable sending the students still,  at this point and based off the vaccination mandate causing five of our students to not be able to go.",Speaker 3,https://reflect-claremont.cablecast.tv/internetchannel/show/12115?site=1&seekto=9156
2:33:01.84,2:33:12.56,9181.84,9192.56,Steven Horsky,Claremont School Board member,"Now, that kind of bothers me a little bit. Because the mandates, you know, people can get the job if they want, but we're trying to mandate something.",Speaker 3,https://reflect-claremont.cablecast.tv/internetchannel/show/12115?site=1&seekto=9181
2:33:12.76,2:33:15.95,9192.76,9195.95,Frank Sprague,Claremont School Board Chair,Is that Puerto Rico's ruled on or on it?,Speaker 2,https://reflect-claremont.cablecast.tv/internetchannel/show/12115?site=1&seekto=9192
2:33:16.04,2:33:19.84,9196.04,9199.84,Unidentified,Unidentified - Stevens High School administrator presenting the program of studies and the Puerto Rico trip update (name not stated),"It's the it's the  trip, the organization.",Speaker 12,https://reflect-claremont.cablecast.tv/internetchannel/show/12115?site=1&seekto=9196
2:33:20.04,2:33:34.44,9200.04,9214.44,Steven Horsky,Claremont School Board member,"That creates that creates some some questions. So, I mean, we kind of need to figure that out. And we need to figure out what the date, what this Friday date really is or if there's an extension, because obviously as a board would need to get together.",Speaker 3,https://reflect-claremont.cablecast.tv/internetchannel/show/12115?site=1&seekto=9200
2:33:34.52,2:33:35.44,9214.52,9215.44,Unidentified,"Unidentified - board member, either Rob Lovett Jr. or Michael Petrin by elimination (asks about the lockdown drill, mentions nursing home work at [653]); not named on the record",I personally.,Speaker 16,https://reflect-claremont.cablecast.tv/internetchannel/show/12115?site=1&seekto=9214
2:33:35.44,2:33:36.76,9215.44,9216.76,Frank Sprague,Claremont School Board Chair,Don't think we have anything to figure out.,Speaker 2,https://reflect-claremont.cablecast.tv/internetchannel/show/12115?site=1&seekto=9215
2:33:36.76,2:33:37.48,9216.76,9217.48,Unidentified,"Unidentified - board member, either Rob Lovett Jr. or Michael Petrin by elimination (asks about the lockdown drill, mentions nursing home work at [653]); not named on the record",I think we approved.,Speaker 16,https://reflect-claremont.cablecast.tv/internetchannel/show/12115?site=1&seekto=9216
2:33:37.48,2:33:40.36,9217.48,9220.36,Frank Sprague,Claremont School Board Chair,"The trips, the trips approved.",Speaker 2,https://reflect-claremont.cablecast.tv/internetchannel/show/12115?site=1&seekto=9217
2:33:40.44,2:33:46.01,9220.44,9226.01,Unidentified,"Unidentified - board member, either Rob Lovett Jr. or Michael Petrin by elimination (asks about the lockdown drill, mentions nursing home work at [653]); not named on the record","If people choose not to go because they don't want to get the vaccine, which is the company, or whereas mandating.",Speaker 16,https://reflect-claremont.cablecast.tv/internetchannel/show/12115?site=1&seekto=9220
2:33:46.01,2:33:46.68,9226.01,9226.68,Frank Sprague,Claremont School Board Chair,Then that's.,Speaker 2,https://reflect-claremont.cablecast.tv/internetchannel/show/12115?site=1&seekto=9226
2:33:46.92,2:33:54.64,9226.92,9234.64,Unidentified,"Unidentified - board member, either Rob Lovett Jr. or Michael Petrin by elimination (asks about the lockdown drill, mentions nursing home work at [653]); not named on the record","That's a derogatory,  they can choose not to go. I, I think the trips approved.",Speaker 16,https://reflect-claremont.cablecast.tv/internetchannel/show/12115?site=1&seekto=9226
2:33:55.36,2:34:04.60,9235.36,9244.60,Unidentified,"Unidentified - board member, either Rob Lovett Jr. or Michael Petrin by elimination (asks about the lockdown drill, mentions nursing home work at [653]); not named on the record","And it's up to the parents and the students and if they want to go or not, they know that the refund is and, it's it's a choice they're making.",Speaker 16,https://reflect-claremont.cablecast.tv/internetchannel/show/12115?site=1&seekto=9235
2:34:04.68,2:34:31.44,9244.68,9271.44,Steven Horsky,Claremont School Board member,"I strongly disagree because that's us sanctioning a discretion discretion discriminatory event because of people's decision to have vaccines or not, because you have kids that are in families that have made decisions not to vaccinate. And we elected this company. And now being told forthwith last minute, you need to have this to go, because that wasn't a concern during the beginning discussion nor disclosed.",Speaker 3,https://reflect-claremont.cablecast.tv/internetchannel/show/12115?site=1&seekto=9244
2:34:31.52,2:34:50.36,9271.52,9290.36,Joshua Lambert,Claremont School Board member (recognized 'Josh' at [528]-[529] and [707]),"Decision.  It's their choice. If they choose not to get vaccinated, they don't go. They're making that choice. We're not telling them they have to absolutely get vaccinated or going on this trip. They're making that choice. That's their choice, period. I mean, we're not sanctioning anything discriminatory. We're not forcing them. We're not putting the needle in their own right there.",Speaker 17,https://reflect-claremont.cablecast.tv/internetchannel/show/12115?site=1&seekto=9271
2:34:50.48,2:34:54.40,9290.48,9294.40,Steven Horsky,Claremont School Board member,We're forcing other kids that may have wanted to go to not be able to go.,Speaker 3,https://reflect-claremont.cablecast.tv/internetchannel/show/12115?site=1&seekto=9290
2:34:54.48,2:34:57.52,9294.48,9297.52,Joshua Lambert,Claremont School Board member (recognized 'Josh' at [528]-[529] and [707]),"Oh, no, no, it's their decision. If they want to go get the shot.",Speaker 17,https://reflect-claremont.cablecast.tv/internetchannel/show/12115?site=1&seekto=9294
2:34:57.56,2:35:25.36,9297.56,9325.36,Michael Tempesta,"Superintendent, SAU 6","I and I do think that they were we I  wasn't there for the exact presentations and things like that. But I do know it was very much upfront. We don't know where this is going to go. So and that there's was always that element of that from the company, from out of restrictions and that there was like a buyer beware because we know one Omicron wasn't even in any I don't know, it wasn't South Africa then when all this was I mean, this is things happen and change.",Speaker 10,https://reflect-claremont.cablecast.tv/internetchannel/show/12115?site=1&seekto=9297
2:35:25.44,2:35:44.36,9325.44,9344.36,Frank Sprague,Claremont School Board Chair,"And when I was in college, Doctor Barry used to take a trip every summer to Africa, and he said, if you don't want to take any of these shots that you need deer, malaria, dengue fever, whatever, you're not going. And so that was the choice we made. You were either going to get the shots and go, or you weren't going to get the shots and couldn't go.",Speaker 2,https://reflect-claremont.cablecast.tv/internetchannel/show/12115?site=1&seekto=9325
2:35:44.56,2:35:54.44,9344.56,9354.44,Heather Whitney,Claremont School Board member,I think there's assumed risk when these kids signed up for the parents that there were that we were in the world of unknowns and they said.,Speaker 4,https://reflect-claremont.cablecast.tv/internetchannel/show/12115?site=1&seekto=9344
2:35:54.52,2:36:01.40,9354.52,9361.40,Frank Sprague,Claremont School Board Chair,"Yeah, I'm, I'm in agreement with with.",Speaker 2,https://reflect-claremont.cablecast.tv/internetchannel/show/12115?site=1&seekto=9354
2:36:01.48,2:36:09.04,9361.48,9369.04,Nicholas Stone,Claremont School Board member (recognized 'Nick' at [580] and [623]),"What I mentioned earlier was if there's no plans to get them back, they may get a test while they're there much or how that's going to work.",Speaker 13,https://reflect-claremont.cablecast.tv/internetchannel/show/12115?site=1&seekto=9361
2:36:09.12,2:36:11.08,9369.12,9371.08,Unidentified,Unidentified - Stevens High School administrator presenting the program of studies and the Puerto Rico trip update (name not stated),I'd be happy to relay that to Barry.,Speaker 12,https://reflect-claremont.cablecast.tv/internetchannel/show/12115?site=1&seekto=9369
2:36:11.20,2:36:21.88,9371.20,9381.88,Nicholas Stone,Claremont School Board member (recognized 'Nick' at [580] and [623]),"Typically, if you're actually you don't need to get the the test for you. Now, this is how most health check works at concert venues and all that kind of stuff. Flights, the same kind of thing. So I'm just curious why they want that.",Speaker 13,https://reflect-claremont.cablecast.tv/internetchannel/show/12115?site=1&seekto=9371
2:36:21.96,2:36:26.24,9381.96,9386.24,Frank Sprague,Claremont School Board Chair,Is a U.S. territory. So it's okay.,Speaker 2,https://reflect-claremont.cablecast.tv/internetchannel/show/12115?site=1&seekto=9381
2:36:26.32,2:36:30.20,9386.32,9390.20,Heather Whitney,Claremont School Board member,They can't not they can't not send them back into the U.S. territory.,Speaker 4,https://reflect-claremont.cablecast.tv/internetchannel/show/12115?site=1&seekto=9386
2:36:30.44,2:36:32.20,9390.44,9392.20,Unidentified,"Unidentified - board member, either Rob Lovett Jr. or Michael Petrin by elimination (asks about the lockdown drill, mentions nursing home work at [653]); not named on the record",Same as the green Bay.,Speaker 16,https://reflect-claremont.cablecast.tv/internetchannel/show/12115?site=1&seekto=9390
2:36:32.28,2:36:39.84,9392.28,9399.84,Nicholas Stone,Claremont School Board member (recognized 'Nick' at [580] and [623]),"I'm just curious because they don't test to go there typically for flights. But if they're saying that for this one, why wouldn't you want one? One to come back to?",Speaker 13,https://reflect-claremont.cablecast.tv/internetchannel/show/12115?site=1&seekto=9392
2:36:40.04,2:36:43.28,9400.04,9403.28,Heather Whitney,Claremont School Board member,My assumption is that the company doesn't want their guides exposed.,Speaker 4,https://reflect-claremont.cablecast.tv/internetchannel/show/12115?site=1&seekto=9400
2:36:43.28,2:36:45.48,9403.28,9405.48,Nicholas Stone,Claremont School Board member (recognized 'Nick' at [580] and [623]),"So it's gonna that's a company thing, not the airline.",Speaker 13,https://reflect-claremont.cablecast.tv/internetchannel/show/12115?site=1&seekto=9403
2:36:45.56,2:36:48.28,9405.56,9408.28,Heather Whitney,Claremont School Board member,Right. Okay. The company. Yeah.,Speaker 4,https://reflect-claremont.cablecast.tv/internetchannel/show/12115?site=1&seekto=9405
2:36:48.52,2:36:49.32,9408.52,9409.32,Unidentified,Unidentified - Stevens High School administrator presenting the program of studies and the Puerto Rico trip update (name not stated),That's my understanding.,Speaker 12,https://reflect-claremont.cablecast.tv/internetchannel/show/12115?site=1&seekto=9408
2:36:49.36,2:36:50.20,9409.36,9410.20,Michael Tempesta,"Superintendent, SAU 6",Big tour outfit.,Speaker 10,https://reflect-claremont.cablecast.tv/internetchannel/show/12115?site=1&seekto=9409
2:36:50.24,2:36:51.60,9410.24,9411.60,Heather Whitney,Claremont School Board member,It's not the state.,Speaker 4,https://reflect-claremont.cablecast.tv/internetchannel/show/12115?site=1&seekto=9410
2:36:51.68,2:36:54.68,9411.68,9414.68,Nicholas Stone,Claremont School Board member (recognized 'Nick' at [580] and [623]),It's not the. That's not the airlines. I'm sorry. Okay.,Speaker 13,https://reflect-claremont.cablecast.tv/internetchannel/show/12115?site=1&seekto=9411
2:36:54.76,2:36:57.36,9414.76,9417.36,Heather Whitney,Claremont School Board member,The airlines.,Speaker 4,https://reflect-claremont.cablecast.tv/internetchannel/show/12115?site=1&seekto=9414
2:36:57.44,2:37:02.52,9417.44,9422.52,Frank Sprague,Claremont School Board Chair,But it wouldn't hurt to let folks know that whatever the deadline is.,Speaker 2,https://reflect-claremont.cablecast.tv/internetchannel/show/12115?site=1&seekto=9417
2:37:02.60,2:37:14.52,9422.60,9434.52,Unidentified,Unidentified - Stevens High School administrator presenting the program of studies and the Puerto Rico trip update (name not stated),"Yeah, I think they've had the deadline for a while. There was a I know distant students talking about it who are interested in going way back in the beginning, that they knew that there was a deadline, that those.",Speaker 12,https://reflect-claremont.cablecast.tv/internetchannel/show/12115?site=1&seekto=9422
2:37:14.52,2:37:15.16,9434.52,9435.16,Joshua Lambert,Claremont School Board member (recognized 'Josh' at [528]-[529] and [707]),Would be positive.,Speaker 17,https://reflect-claremont.cablecast.tv/internetchannel/show/12115?site=1&seekto=9434
2:37:15.16,2:37:16.16,9435.16,9436.16,Michael Tempesta,"Superintendent, SAU 6",That was my understanding.,Speaker 10,https://reflect-claremont.cablecast.tv/internetchannel/show/12115?site=1&seekto=9435
2:37:16.24,2:37:19.92,9436.24,9439.92,Frank Sprague,Claremont School Board Chair,Okay. Anything else?,Speaker 2,https://reflect-claremont.cablecast.tv/internetchannel/show/12115?site=1&seekto=9436
2:37:20.00,2:37:22.80,9440.00,9442.80,Heather Whitney,Claremont School Board member,We want to set these dates.,Speaker 4,https://reflect-claremont.cablecast.tv/internetchannel/show/12115?site=1&seekto=9440
2:37:22.88,2:37:24.08,9442.88,9444.08,Frank Sprague,Claremont School Board Chair,For the retreat.,Speaker 2,https://reflect-claremont.cablecast.tv/internetchannel/show/12115?site=1&seekto=9442
2:37:24.16,2:37:28.41,9444.16,9448.41,Heather Whitney,Claremont School Board member,And for the Covid discussion.,Speaker 4,https://reflect-claremont.cablecast.tv/internetchannel/show/12115?site=1&seekto=9444
2:37:28.49,2:37:31.08,9448.49,9451.08,Heather Whitney,Claremont School Board member,Assuming that's going to be a long one.,Speaker 4,https://reflect-claremont.cablecast.tv/internetchannel/show/12115?site=1&seekto=9448
2:37:31.16,2:37:32.80,9451.16,9452.80,Frank Sprague,Claremont School Board Chair,Yeah.,Speaker 2,https://reflect-claremont.cablecast.tv/internetchannel/show/12115?site=1&seekto=9451
2:37:32.88,2:37:36.60,9452.88,9456.60,Nicholas Stone,Claremont School Board member (recognized 'Nick' at [580] and [623]),"It's been pretty short. Yeah, that should be pretty short.",Speaker 13,https://reflect-claremont.cablecast.tv/internetchannel/show/12115?site=1&seekto=9452
2:37:36.84,2:37:43.59,9456.84,9463.59,Frank Sprague,Claremont School Board Chair,"First meeting in February for Covid. Yeah, yeah.",Speaker 2,https://reflect-claremont.cablecast.tv/internetchannel/show/12115?site=1&seekto=9456
2:37:43.67,2:37:45.32,9463.67,9465.32,Michael Tempesta,"Superintendent, SAU 6","I just yeah, I guess I want to know.",Speaker 10,https://reflect-claremont.cablecast.tv/internetchannel/show/12115?site=1&seekto=9463
2:37:45.32,2:37:46.96,9465.32,9466.96,Heather Whitney,Claremont School Board member,What time because.,Speaker 4,https://reflect-claremont.cablecast.tv/internetchannel/show/12115?site=1&seekto=9465
2:37:47.04,2:37:47.48,9467.04,9467.48,Nicholas Stone,Claremont School Board member (recognized 'Nick' at [580] and [623]),I don't know I.,Speaker 13,https://reflect-claremont.cablecast.tv/internetchannel/show/12115?site=1&seekto=9467
2:37:47.48,2:37:48.64,9467.48,9468.64,Unidentified,Unidentified - one-word fragment during scheduling,Think.,Speaker 20,https://reflect-claremont.cablecast.tv/internetchannel/show/12115?site=1&seekto=9467
2:37:48.72,2:37:52.52,9468.72,9472.52,Michael Tempesta,"Superintendent, SAU 6",I need to know what you're looking for for data. So pull it. Those types of things we can.,Speaker 10,https://reflect-claremont.cablecast.tv/internetchannel/show/12115?site=1&seekto=9468
2:37:52.52,2:37:59.72,9472.52,9479.72,Frank Sprague,Claremont School Board Chair,Have some amount of time keeps it best. Yeah. And who knows what the guidance will be by now.,Speaker 2,https://reflect-claremont.cablecast.tv/internetchannel/show/12115?site=1&seekto=9472
2:37:59.80,2:38:00.60,9479.80,9480.60,Nicholas Stone,Claremont School Board member (recognized 'Nick' at [580] and [623]),If there's any.,Speaker 13,https://reflect-claremont.cablecast.tv/internetchannel/show/12115?site=1&seekto=9479
2:38:00.84,2:38:08.08,9480.84,9488.08,Frank Sprague,Claremont School Board Chair,Yeah. If there is any I don't know what the first two first Wednesday in February. So. Yeah.,Speaker 2,https://reflect-claremont.cablecast.tv/internetchannel/show/12115?site=1&seekto=9480
2:38:08.16,2:38:08.64,9488.16,9488.64,Heather Whitney,Claremont School Board member,Second.,Speaker 4,https://reflect-claremont.cablecast.tv/internetchannel/show/12115?site=1&seekto=9488
2:38:08.88,2:38:11.56,9488.88,9491.56,Frank Sprague,Claremont School Board Chair,So February 2nd Covid.,Speaker 2,https://reflect-claremont.cablecast.tv/internetchannel/show/12115?site=1&seekto=9488
2:38:11.64,2:38:13.12,9491.64,9493.12,Heather Whitney,Claremont School Board member,That's all right. Yeah.,Speaker 4,https://reflect-claremont.cablecast.tv/internetchannel/show/12115?site=1&seekto=9491
2:38:13.20,2:38:26.04,9493.20,9506.04,Frank Sprague,Claremont School Board Chair,And then retreat February or January.,Speaker 2,https://reflect-claremont.cablecast.tv/internetchannel/show/12115?site=1&seekto=9493
2:38:26.12,2:38:27.52,9506.12,9507.52,Frank Sprague,Claremont School Board Chair,Steve. Sunday.,Speaker 2,https://reflect-claremont.cablecast.tv/internetchannel/show/12115?site=1&seekto=9506
2:38:27.52,2:38:29.80,9507.52,9509.80,Steven Horsky,Claremont School Board member,Steel Sunday or Wednesday.,Speaker 3,https://reflect-claremont.cablecast.tv/internetchannel/show/12115?site=1&seekto=9507
2:38:29.88,2:38:30.76,9509.88,9510.76,Frank Sprague,Claremont School Board Chair,Wow.,Speaker 2,https://reflect-claremont.cablecast.tv/internetchannel/show/12115?site=1&seekto=9509
2:38:30.84,2:38:31.97,9510.84,9511.97,Heather Whitney,Claremont School Board member,Yeah.,Speaker 4,https://reflect-claremont.cablecast.tv/internetchannel/show/12115?site=1&seekto=9510
2:38:32.05,2:38:35.00,9512.05,9515.00,Frank Sprague,Claremont School Board Chair,Sunday.,Speaker 2,https://reflect-claremont.cablecast.tv/internetchannel/show/12115?site=1&seekto=9512
2:38:35.08,2:38:35.92,9515.08,9515.92,Nicholas Stone,Claremont School Board member (recognized 'Nick' at [580] and [623]),Okay.,Speaker 13,https://reflect-claremont.cablecast.tv/internetchannel/show/12115?site=1&seekto=9515
2:38:36.00,2:38:40.60,9516.00,9520.60,Frank Sprague,Claremont School Board Chair,Josh. Over Sunday. Still.,Speaker 2,https://reflect-claremont.cablecast.tv/internetchannel/show/12115?site=1&seekto=9516
2:38:40.68,2:38:41.52,9520.68,9521.52,Nicholas Stone,Claremont School Board member (recognized 'Nick' at [580] and [623]),Playing.,Speaker 13,https://reflect-claremont.cablecast.tv/internetchannel/show/12115?site=1&seekto=9520
2:38:41.60,2:38:42.80,9521.60,9522.80,Steven Horsky,Claremont School Board member,I probably won't be making.,Speaker 3,https://reflect-claremont.cablecast.tv/internetchannel/show/12115?site=1&seekto=9521
2:38:42.80,2:38:43.38,9522.80,9523.38,Nicholas Stone,Claremont School Board member (recognized 'Nick' at [580] and [623]),It.,Speaker 13,https://reflect-claremont.cablecast.tv/internetchannel/show/12115?site=1&seekto=9522
2:38:43.46,2:38:45.60,9523.46,9525.60,Heather Whitney,Claremont School Board member,That we're not going to have at 6:00 at night.,Speaker 4,https://reflect-claremont.cablecast.tv/internetchannel/show/12115?site=1&seekto=9523
2:38:45.64,2:38:48.28,9525.64,9528.28,Steven Horsky,Claremont School Board member,So I'm not going to be here.,Speaker 3,https://reflect-claremont.cablecast.tv/internetchannel/show/12115?site=1&seekto=9525
2:38:48.36,2:38:49.96,9528.36,9529.96,Nicholas Stone,Claremont School Board member (recognized 'Nick' at [580] and [623]),How about.,Speaker 13,https://reflect-claremont.cablecast.tv/internetchannel/show/12115?site=1&seekto=9528
2:38:50.04,2:38:57.00,9530.04,9537.00,Michael Tempesta,"Superintendent, SAU 6",I  have a two child combined birthday party in on a weekend in January.,Speaker 10,https://reflect-claremont.cablecast.tv/internetchannel/show/12115?site=1&seekto=9530
2:38:57.08,2:38:58.32,9537.08,9538.32,Frank Sprague,Claremont School Board Chair,So we'll do it in February.,Speaker 2,https://reflect-claremont.cablecast.tv/internetchannel/show/12115?site=1&seekto=9537
2:38:58.56,2:39:02.84,9538.56,9542.84,Heather Whitney,Claremont School Board member,Why do we do it? February 6th.,Speaker 4,https://reflect-claremont.cablecast.tv/internetchannel/show/12115?site=1&seekto=9538
2:39:02.92,2:39:09.12,9542.92,9549.12,Frank Sprague,Claremont School Board Chair,Any objection to February 6th for the treatment?,Speaker 2,https://reflect-claremont.cablecast.tv/internetchannel/show/12115?site=1&seekto=9542
2:39:09.20,2:39:13.36,9549.20,9553.36,Frank Sprague,Claremont School Board Chair,Who's going to call and reserve the Little Jane Reserve?,Speaker 2,https://reflect-claremont.cablecast.tv/internetchannel/show/12115?site=1&seekto=9549
2:39:13.44,2:39:18.44,9553.44,9558.44,Michael Tempesta,"Superintendent, SAU 6","Yeah, we can reserve it.",Speaker 10,https://reflect-claremont.cablecast.tv/internetchannel/show/12115?site=1&seekto=9553
2:39:18.52,2:39:20.96,9558.52,9560.96,Nicholas Stone,Claremont School Board member (recognized 'Nick' at [580] and [623]),What were you last time? Five. 530. Was it?,Speaker 13,https://reflect-claremont.cablecast.tv/internetchannel/show/12115?site=1&seekto=9558
2:39:21.08,2:39:23.64,9561.08,9563.64,Heather Whitney,Claremont School Board member,"Well, we can do we. Can I do it early in the morning?",Speaker 4,https://reflect-claremont.cablecast.tv/internetchannel/show/12115?site=1&seekto=9561
2:39:23.64,2:39:24.12,9563.64,9564.12,Frank Sprague,Claremont School Board Chair,About nine.,Speaker 2,https://reflect-claremont.cablecast.tv/internetchannel/show/12115?site=1&seekto=9563
2:39:24.12,2:39:25.88,9564.12,9565.88,Heather Whitney,Claremont School Board member,"A m, I. I would like to get it over with.",Speaker 4,https://reflect-claremont.cablecast.tv/internetchannel/show/12115?site=1&seekto=9564
2:39:25.92,2:39:31.48,9565.92,9571.48,Frank Sprague,Claremont School Board Chair,I'll bring some coffee.,Speaker 2,https://reflect-claremont.cablecast.tv/internetchannel/show/12115?site=1&seekto=9565
2:39:31.56,2:39:33.80,9571.56,9573.80,Frank Sprague,Claremont School Board Chair,6:09 a.m..,Speaker 2,https://reflect-claremont.cablecast.tv/internetchannel/show/12115?site=1&seekto=9571
2:39:33.88,2:39:34.32,9573.88,9574.32,Heather Whitney,Claremont School Board member,Yes.,Speaker 4,https://reflect-claremont.cablecast.tv/internetchannel/show/12115?site=1&seekto=9573
2:39:34.56,2:39:39.32,9574.56,9579.32,Frank Sprague,Claremont School Board Chair,"Okay. So that's a Sunday, right?",Speaker 2,https://reflect-claremont.cablecast.tv/internetchannel/show/12115?site=1&seekto=9574
2:39:39.40,2:39:49.20,9579.40,9589.20,Frank Sprague,Claremont School Board Chair,And what we'll do is the format of that. We'll go over our goals and see what we've done and talk about other burning issues we may have.,Speaker 2,https://reflect-claremont.cablecast.tv/internetchannel/show/12115?site=1&seekto=9579
2:39:49.28,2:39:54.96,9589.28,9594.96,Frank Sprague,Claremont School Board Chair,And our next meeting is the 18th.,Speaker 2,https://reflect-claremont.cablecast.tv/internetchannel/show/12115?site=1&seekto=9589
2:39:55.04,2:39:58.24,9595.04,9598.24,Frank Sprague,Claremont School Board Chair,More to come on that.,Speaker 2,https://reflect-claremont.cablecast.tv/internetchannel/show/12115?site=1&seekto=9595
2:39:58.32,2:40:04.76,9598.32,9604.76,Frank Sprague,Claremont School Board Chair,There will be some other than than the other.,Speaker 2,https://reflect-claremont.cablecast.tv/internetchannel/show/12115?site=1&seekto=9598
2:40:04.84,2:40:07.52,9604.84,9607.52,Frank Sprague,Claremont School Board Chair,Anything else?,Speaker 2,https://reflect-claremont.cablecast.tv/internetchannel/show/12115?site=1&seekto=9604
2:40:07.60,2:40:11.20,9607.60,9611.20,Heather Whitney,Claremont School Board member,Thank you. I'd like to make a motion to dismiss.,Speaker 4,https://reflect-claremont.cablecast.tv/internetchannel/show/12115?site=1&seekto=9607
2:40:11.28,2:40:12.28,9611.28,9612.28,Nicholas Stone,Claremont School Board member (recognized 'Nick' at [580] and [623]),Second. Second.,Speaker 13,https://reflect-claremont.cablecast.tv/internetchannel/show/12115?site=1&seekto=9611
2:40:12.48,2:40:19.54,9612.48,9619.54,Frank Sprague,Claremont School Board Chair,Second by Nick. Further discussion. All those in favor? All right.  Posed. Good.,Speaker 2,https://reflect-claremont.cablecast.tv/internetchannel/show/12115?site=1&seekto=9612
