Start,End,Start (sec),End (sec),Speaker,Role,Dialogue,Diarized As
0:00:01.78,0:00:15.73,1.78,15.73,Heather Whitney,"CHAIR, Claremont School Board (chair since 4/5/2023, re-elected chair 3/20/2024). She opens the meeting in her own voice at 0 ('I would like to call to order the August 21st, 2024 meeting of the Claremont School Board'), notes the clerk is absent and takes the roll herself at 4-6 ('In the absence of our secretary [or] Clark'), and reads her own name LAST in both roll calls (6; 215 'And Heather Whitney', both words confidence 1.00). Whitney Skillen names her in the third person at 532 ('I think what Heather is asking is...', 'Heather' 1.00) and Bonnie Miles addresses her as 'Heather.' at 555 (1.00) - which fixes this presiding voice as Heather Whitney and NOT Whitney Skillen, the other sitting member whose first name is Whitney and who is a separate cluster (Speaker 7) in this same recording. She gives every recognition ('Miss Gillen' 84, 196, 580; 'Arlene' 72, 141, 188, 431; 'Candy' 173; 'Miss Crawford' 195, 665, 684; 'Mister patron' 309, 401, 582, 691; 'And Frank' 235; 'Frank Sprague as the chair' 668; 'Miss Hawkins' 609), runs the consent agenda, the nonpublic votes and the adjournment (701). This cluster repeatedly absorbs the onset of the member she is recognising (84 'Miss Gillen.' + Skillen's first words; 72 + Hawkins's first words; 6, 208, 211 + other members' roll answers) and swallows a handful of neighbouring voices; the ones that can be tied to another speaker are reassigned by override","I would like to call to order the August 21st, 2024 meeting of the Claremont School Board on attendance, rise and drawing.",Speaker 1
0:00:15.81,0:00:28.96,15.81,28.96,Multiple,"The room reciting the Pledge of Allegiance, captured as one segment","To the Republic, which stands one nation under God, indivisible, with liberty and justice for all.",Speaker 2
0:00:29.04,0:00:38.67,29.04,38.67,Heather Whitney,"CHAIR, Claremont School Board (chair since 4/5/2023, re-elected chair 3/20/2024). She opens the meeting in her own voice at 0 ('I would like to call to order the August 21st, 2024 meeting of the Claremont School Board'), notes the clerk is absent and takes the roll herself at 4-6 ('In the absence of our secretary [or] Clark'), and reads her own name LAST in both roll calls (6; 215 'And Heather Whitney', both words confidence 1.00). Whitney Skillen names her in the third person at 532 ('I think what Heather is asking is...', 'Heather' 1.00) and Bonnie Miles addresses her as 'Heather.' at 555 (1.00) - which fixes this presiding voice as Heather Whitney and NOT Whitney Skillen, the other sitting member whose first name is Whitney and who is a separate cluster (Speaker 7) in this same recording. She gives every recognition ('Miss Gillen' 84, 196, 580; 'Arlene' 72, 141, 188, 431; 'Candy' 173; 'Miss Crawford' 195, 665, 684; 'Mister patron' 309, 401, 582, 691; 'And Frank' 235; 'Frank Sprague as the chair' 668; 'Miss Hawkins' 609), runs the consent agenda, the nonpublic votes and the adjournment (701). This cluster repeatedly absorbs the onset of the member she is recognising (84 'Miss Gillen.' + Skillen's first words; 72 + Hawkins's first words; 6, 208, 211 + other members' roll answers) and swallows a handful of neighbouring voices; the ones that can be tied to another speaker are reassigned by override",See our clerk present. Is there anyone that is willing on the administrative team to call roll call for this evening?,Speaker 1
0:00:38.75,0:00:42.96,38.75,42.96,Michael Petrin,"Claremont School Board member (returned to the board as a write-in in the March 2024 election). CHAIR'S RECOGNITIONS, each straight into this voice: 'Mike, do you have a question?' (188) -> 189; 'Mister patron.' (309, 0.94) -> 310; 'Mister patron.' (401, 1.00) -> 402; 'Mike.' (551, 1.00) -> 552 ('No.'); 'Mr. patron?' (582, 1.00) -> 583 ('No.'); 'Mr. patron.' (691, 0.76) -> 692. He answers the opening roll in this voice at 5 ('Patron here', 'Patron' 1.00) and the nonpublic roll at 209, and the chair credits the second on the tech-centre motion to him at 292 ('Second for Mike patron'). At 130-132 he speaks off 'Frank and Whitney, what they were saying' and tells Sprague 'Frank retired. You can go take a walk. I can't' - so he is neither of them - and Frank Sprague places him at 483: 'Mike has a background in physical therapy.' ASR renders him 'Patron', 'patron', 'Peterson' (406, 1.00). THIS CLUSTER IS A MERGE: it also carries Assistant Superintendent Mike Koski's long turns, several of Frank Sprague's, and dozens of sub-second interjections from other people; every stretch that could be tied to another speaker is reassigned by override, and short unanchored backchannels left under this label may belong to someone else",She said she is. I guess.,Speaker 2
0:00:43.04,0:00:51.32,43.04,51.32,Heather Whitney,"CHAIR, Claremont School Board (chair since 4/5/2023, re-elected chair 3/20/2024). She opens the meeting in her own voice at 0 ('I would like to call to order the August 21st, 2024 meeting of the Claremont School Board'), notes the clerk is absent and takes the roll herself at 4-6 ('In the absence of our secretary [or] Clark'), and reads her own name LAST in both roll calls (6; 215 'And Heather Whitney', both words confidence 1.00). Whitney Skillen names her in the third person at 532 ('I think what Heather is asking is...', 'Heather' 1.00) and Bonnie Miles addresses her as 'Heather.' at 555 (1.00) - which fixes this presiding voice as Heather Whitney and NOT Whitney Skillen, the other sitting member whose first name is Whitney and who is a separate cluster (Speaker 7) in this same recording. She gives every recognition ('Miss Gillen' 84, 196, 580; 'Arlene' 72, 141, 188, 431; 'Candy' 173; 'Miss Crawford' 195, 665, 684; 'Mister patron' 309, 401, 582, 691; 'And Frank' 235; 'Frank Sprague as the chair' 668; 'Miss Hawkins' 609), runs the consent agenda, the nonpublic votes and the adjournment (701). This cluster repeatedly absorbs the onset of the member she is recognising (84 'Miss Gillen.' + Skillen's first words; 72 + Hawkins's first words; 6, 208, 211 + other members' roll answers) and swallows a handful of neighbouring voices; the ones that can be tied to another speaker are reassigned by override",I'm going to call. Roll call. In the absence of  our secretary of Clark.  We'll be skilling present. Michael.,Speaker 1
0:00:51.32,0:00:52.96,51.32,52.96,Michael Petrin,"Claremont School Board member (returned to the board as a write-in in the March 2024 election). CHAIR'S RECOGNITIONS, each straight into this voice: 'Mike, do you have a question?' (188) -> 189; 'Mister patron.' (309, 0.94) -> 310; 'Mister patron.' (401, 1.00) -> 402; 'Mike.' (551, 1.00) -> 552 ('No.'); 'Mr. patron?' (582, 1.00) -> 583 ('No.'); 'Mr. patron.' (691, 0.76) -> 692. He answers the opening roll in this voice at 5 ('Patron here', 'Patron' 1.00) and the nonpublic roll at 209, and the chair credits the second on the tech-centre motion to him at 292 ('Second for Mike patron'). At 130-132 he speaks off 'Frank and Whitney, what they were saying' and tells Sprague 'Frank retired. You can go take a walk. I can't' - so he is neither of them - and Frank Sprague places him at 483: 'Mike has a background in physical therapy.' ASR renders him 'Patron', 'patron', 'Peterson' (406, 1.00). THIS CLUSTER IS A MERGE: it also carries Assistant Superintendent Mike Koski's long turns, several of Frank Sprague's, and dozens of sub-second interjections from other people; every stretch that could be tied to another speaker is reassigned by override, and short unanchored backchannels left under this label may belong to someone else",Patron here.,Speaker 2
0:00:53.04,0:01:23.28,53.04,83.28,Heather Whitney,"CHAIR, Claremont School Board (chair since 4/5/2023, re-elected chair 3/20/2024). She opens the meeting in her own voice at 0 ('I would like to call to order the August 21st, 2024 meeting of the Claremont School Board'), notes the clerk is absent and takes the roll herself at 4-6 ('In the absence of our secretary [or] Clark'), and reads her own name LAST in both roll calls (6; 215 'And Heather Whitney', both words confidence 1.00). Whitney Skillen names her in the third person at 532 ('I think what Heather is asking is...', 'Heather' 1.00) and Bonnie Miles addresses her as 'Heather.' at 555 (1.00) - which fixes this presiding voice as Heather Whitney and NOT Whitney Skillen, the other sitting member whose first name is Whitney and who is a separate cluster (Speaker 7) in this same recording. She gives every recognition ('Miss Gillen' 84, 196, 580; 'Arlene' 72, 141, 188, 431; 'Candy' 173; 'Miss Crawford' 195, 665, 684; 'Mister patron' 309, 401, 582, 691; 'And Frank' 235; 'Frank Sprague as the chair' 668; 'Miss Hawkins' 609), runs the consent agenda, the nonpublic votes and the adjournment (701). This cluster repeatedly absorbs the onset of the member she is recognising (84 'Miss Gillen.' + Skillen's first words; 72 + Hawkins's first words; 6, 208, 211 + other members' roll answers) and swallows a handful of neighbouring voices; the ones that can be tied to another speaker are reassigned by override","Bonnie miles here. Arlene hawkins. Candace Crawford here. Thanks for here. Are there witnesses here? First order of business is the consent agenda on our consent agenda. Today, we have  approval of our board agenda and a minute approval from August 7th of 2024. If there are  no objections, you can just move this with silent consent. If there's any changes or objections to the minutes.",Speaker 1
0:01:23.36,0:01:52.56,83.36,112.56,Heather Whitney,"CHAIR, Claremont School Board (chair since 4/5/2023, re-elected chair 3/20/2024). She opens the meeting in her own voice at 0 ('I would like to call to order the August 21st, 2024 meeting of the Claremont School Board'), notes the clerk is absent and takes the roll herself at 4-6 ('In the absence of our secretary [or] Clark'), and reads her own name LAST in both roll calls (6; 215 'And Heather Whitney', both words confidence 1.00). Whitney Skillen names her in the third person at 532 ('I think what Heather is asking is...', 'Heather' 1.00) and Bonnie Miles addresses her as 'Heather.' at 555 (1.00) - which fixes this presiding voice as Heather Whitney and NOT Whitney Skillen, the other sitting member whose first name is Whitney and who is a separate cluster (Speaker 7) in this same recording. She gives every recognition ('Miss Gillen' 84, 196, 580; 'Arlene' 72, 141, 188, 431; 'Candy' 173; 'Miss Crawford' 195, 665, 684; 'Mister patron' 309, 401, 582, 691; 'And Frank' 235; 'Frank Sprague as the chair' 668; 'Miss Hawkins' 609), runs the consent agenda, the nonpublic votes and the adjournment (701). This cluster repeatedly absorbs the onset of the member she is recognising (84 'Miss Gillen.' + Skillen's first words; 72 + Hawkins's first words; 6, 208, 211 + other members' roll answers) and swallows a handful of neighbouring voices; the ones that can be tied to another speaker are reassigned by override","Seeing none, we're going to, accept the minutes and the agenda as written. We'll now open the floor to non-agenda items for citizen comments per policy DEDH. Is there anyone present motion to speak this evening? The citizens comments. Seeing none, we're going to move on to our first order of business, which is superintendents report.",Speaker 1
0:01:52.64,0:02:18.56,112.64,138.56,Chris Pratt,"SUPERINTENDENT OF SCHOOLS, SAU 6 / Claremont School District. The chair puts the staff-nomination motion as 'approving the list of nominations as presented by doctor, Doctor Pratt. Mr. Pratt' (280, both 1.00) immediately after this voice's exchange, and names him three more times as the person who will bring the revised job description (558, 561, 563, 688 - all 1.00). He delivers the superintendent's report (8-41), calls it 'the superintendents report that I sent you' (8), hands off to 'Mr. O'Hearn' (219) and to 'Michael' for the AI/PD questions (31), and apologises to the board in the first person for hiring before the board approved the position (588-589). Bonnie Miles says at 568 'Mr. Pratt was an interim superintendent before you became the superintendent' and Michael Petrin at 538 'We have superintendent Chris was the acting superintendent because someone left mid-term' - both addressed to this voice, and the word 'interim' is never applied to him in the present tense anywhere in the file. Bonnie Miles and Arlene Hawkins both address him as 'Chris' (500, 502, 616; 1.00). ASR also renders him 'Mr. Pride' (610, 1.00)","Good evening everybody. It's good to see everybody again. I'm just going to give you a brief overview of the superintendents report that I sent you. In regards to this, a lot of some data in there. Yeah. Education, but also for so we welcome everyone to new School year just to know that our focus,  this year is on a handsome instruction, practices and building strong family relationships.",Speaker 3
0:02:18.64,0:02:44.12,138.64,164.12,Chris Pratt,"SUPERINTENDENT OF SCHOOLS, SAU 6 / Claremont School District. The chair puts the staff-nomination motion as 'approving the list of nominations as presented by doctor, Doctor Pratt. Mr. Pratt' (280, both 1.00) immediately after this voice's exchange, and names him three more times as the person who will bring the revised job description (558, 561, 563, 688 - all 1.00). He delivers the superintendent's report (8-41), calls it 'the superintendents report that I sent you' (8), hands off to 'Mr. O'Hearn' (219) and to 'Michael' for the AI/PD questions (31), and apologises to the board in the first person for hiring before the board approved the position (588-589). Bonnie Miles says at 568 'Mr. Pratt was an interim superintendent before you became the superintendent' and Michael Petrin at 538 'We have superintendent Chris was the acting superintendent because someone left mid-term' - both addressed to this voice, and the word 'interim' is never applied to him in the present tense anywhere in the file. Bonnie Miles and Arlene Hawkins both address him as 'Chris' (500, 502, 616; 1.00). ASR also renders him 'Mr. Pride' (610, 1.00)","This year we are dedicated to in our kind of motto. This year is meeting minds and shaping lives, one student at a time. We encourage open communication and consistent attendance to support, you know, our students. And we talk to that a little bit about in my letter that went out to families is, some of that was discussing the importance of being involved with the schools and attendance, because that's going to issue over the years.",Speaker 3
0:02:44.12,0:03:06.56,164.12,186.56,Chris Pratt,"SUPERINTENDENT OF SCHOOLS, SAU 6 / Claremont School District. The chair puts the staff-nomination motion as 'approving the list of nominations as presented by doctor, Doctor Pratt. Mr. Pratt' (280, both 1.00) immediately after this voice's exchange, and names him three more times as the person who will bring the revised job description (558, 561, 563, 688 - all 1.00). He delivers the superintendent's report (8-41), calls it 'the superintendents report that I sent you' (8), hands off to 'Mr. O'Hearn' (219) and to 'Michael' for the AI/PD questions (31), and apologises to the board in the first person for hiring before the board approved the position (588-589). Bonnie Miles says at 568 'Mr. Pratt was an interim superintendent before you became the superintendent' and Michael Petrin at 538 'We have superintendent Chris was the acting superintendent because someone left mid-term' - both addressed to this voice, and the word 'interim' is never applied to him in the present tense anywhere in the file. Bonnie Miles and Arlene Hawkins both address him as 'Chris' (500, 502, 616; 1.00). ASR also renders him 'Mr. Pride' (610, 1.00)","So we're really trying to to work on that, with the community. So some of the key highlights from the superintendents report.  One is academic achievement.  As you know, we're still seeing the aftermath from the, the pandemic and the challenges and students performance in math and Ela is improving thanks to targeted inventions in the summer program.",Speaker 3
0:03:06.60,0:03:36.68,186.60,216.68,Chris Pratt,"SUPERINTENDENT OF SCHOOLS, SAU 6 / Claremont School District. The chair puts the staff-nomination motion as 'approving the list of nominations as presented by doctor, Doctor Pratt. Mr. Pratt' (280, both 1.00) immediately after this voice's exchange, and names him three more times as the person who will bring the revised job description (558, 561, 563, 688 - all 1.00). He delivers the superintendent's report (8-41), calls it 'the superintendents report that I sent you' (8), hands off to 'Mr. O'Hearn' (219) and to 'Michael' for the AI/PD questions (31), and apologises to the board in the first person for hiring before the board approved the position (588-589). Bonnie Miles says at 568 'Mr. Pratt was an interim superintendent before you became the superintendent' and Michael Petrin at 538 'We have superintendent Chris was the acting superintendent because someone left mid-term' - both addressed to this voice, and the word 'interim' is never applied to him in the present tense anywhere in the file. Bonnie Miles and Arlene Hawkins both address him as 'Chris' (500, 502, 616; 1.00). ASR also renders him 'Mr. Pride' (610, 1.00)","And technology continues to play a crucial role in supporting personalized learning. Professional development. Our educators have undergone extensive training, including introduction to MeeGo. It's an AI frameworks that we'll be using this year for grades five through 12, and community engagement. We want to continue to strengthen our relationships with families, and that remains a priority for us. Just talking about to get families more involved in the schools, in the child's education.",Speaker 3
0:03:36.76,0:04:22.68,216.76,262.68,Chris Pratt,"SUPERINTENDENT OF SCHOOLS, SAU 6 / Claremont School District. The chair puts the staff-nomination motion as 'approving the list of nominations as presented by doctor, Doctor Pratt. Mr. Pratt' (280, both 1.00) immediately after this voice's exchange, and names him three more times as the person who will bring the revised job description (558, 561, 563, 688 - all 1.00). He delivers the superintendent's report (8-41), calls it 'the superintendents report that I sent you' (8), hands off to 'Mr. O'Hearn' (219) and to 'Michael' for the AI/PD questions (31), and apologises to the board in the first person for hiring before the board approved the position (588-589). Bonnie Miles says at 568 'Mr. Pratt was an interim superintendent before you became the superintendent' and Michael Petrin at 538 'We have superintendent Chris was the acting superintendent because someone left mid-term' - both addressed to this voice, and the word 'interim' is never applied to him in the present tense anywhere in the file. Bonnie Miles and Arlene Hawkins both address him as 'Chris' (500, 502, 616; 1.00). ASR also renders him 'Mr. Pride' (610, 1.00)","Some of the focus areas that we're we're looking at this year is instructional excellence. We are committed to providing exceptional education through refined instructional practices. And that's really we right away, even when we got into, started with the new teacher orientation the other day. And then,  the meetings that we had today were really focus focusing on, instructional excellence in actually what good instructional practices are and how can we do introduce new instructional practices in the classroom to make teachers better at what they're doing to support the students in the wide range of learners, as you'll see in the report, you know, five or fours are going up there, going up across",Speaker 3
0:04:22.68,0:04:30.40,262.68,270.40,Chris Pratt,"SUPERINTENDENT OF SCHOOLS, SAU 6 / Claremont School District. The chair puts the staff-nomination motion as 'approving the list of nominations as presented by doctor, Doctor Pratt. Mr. Pratt' (280, both 1.00) immediately after this voice's exchange, and names him three more times as the person who will bring the revised job description (558, 561, 563, 688 - all 1.00). He delivers the superintendent's report (8-41), calls it 'the superintendents report that I sent you' (8), hands off to 'Mr. O'Hearn' (219) and to 'Michael' for the AI/PD questions (31), and apologises to the board in the first person for hiring before the board approved the position (588-589). Bonnie Miles says at 568 'Mr. Pratt was an interim superintendent before you became the superintendent' and Michael Petrin at 538 'We have superintendent Chris was the acting superintendent because someone left mid-term' - both addressed to this voice, and the word 'interim' is never applied to him in the present tense anywhere in the file. Bonnie Miles and Arlene Hawkins both address him as 'Chris' (500, 502, 616; 1.00). ASR also renders him 'Mr. Pride' (610, 1.00)","the nation. And, you know, in that report, I did a, ten year study, really?",Speaker 3
0:04:30.48,0:04:33.80,270.48,273.80,Candace Crawford,"Claremont School Board member (appointed 7/19/2023, re-elected March 2024); reports for the Capital Improvement Committee and the SRVRTC visioning committee. CHAIR'S RECOGNITIONS straight into this voice: 'Yes. Candy.' (173, 1.00) -> 174 'Do I make [a motion]'; 'Any Crawford seconds' (200, 0.86) right after 199; 'the motion, as stated by Miss Crawford' (195, 1.00) closing the Girls on the Run vote she moved at 183; 'And Candace and then, Mr. Patron' (373) -> 374; 'we're going to start with the Capital Improvement Subcommittee. And that would be Miss Crawford' (665, 1.00) -> 666; 'And Miss Crawford, you're up again' (684, 1.00) -> 685. She addresses Bonnie Miles by name at 408 ('I think Bonnie', 0.98), which is what separates Miles from Arlene Hawkins inside Speaker 6",504 is just to remind us is.,Speaker 4
0:04:33.88,0:04:50.28,273.88,290.28,Chris Pratt,"SUPERINTENDENT OF SCHOOLS, SAU 6 / Claremont School District. The chair puts the staff-nomination motion as 'approving the list of nominations as presented by doctor, Doctor Pratt. Mr. Pratt' (280, both 1.00) immediately after this voice's exchange, and names him three more times as the person who will bring the revised job description (558, 561, 563, 688 - all 1.00). He delivers the superintendent's report (8-41), calls it 'the superintendents report that I sent you' (8), hands off to 'Mr. O'Hearn' (219) and to 'Michael' for the AI/PD questions (31), and apologises to the board in the first person for hiring before the board approved the position (588-589). Bonnie Miles says at 568 'Mr. Pratt was an interim superintendent before you became the superintendent' and Michael Petrin at 538 'We have superintendent Chris was the acting superintendent because someone left mid-term' - both addressed to this voice, and the word 'interim' is never applied to him in the present tense anywhere in the file. Bonnie Miles and Arlene Hawkins both address him as 'Chris' (500, 502, 616; 1.00). ASR also renders him 'Mr. Pride' (610, 1.00)","A it's for for students that may be, dealing with a long term ailment that disrupts their everyday access to education. And that could be anything from a physical disability to a mental disability. Emotional disability,  a handicap.",Speaker 3
0:04:50.44,0:04:53.40,290.44,293.40,Michael Petrin,"Claremont School Board member (returned to the board as a write-in in the March 2024 election). CHAIR'S RECOGNITIONS, each straight into this voice: 'Mike, do you have a question?' (188) -> 189; 'Mister patron.' (309, 0.94) -> 310; 'Mister patron.' (401, 1.00) -> 402; 'Mike.' (551, 1.00) -> 552 ('No.'); 'Mr. patron?' (582, 1.00) -> 583 ('No.'); 'Mr. patron.' (691, 0.76) -> 692. He answers the opening roll in this voice at 5 ('Patron here', 'Patron' 1.00) and the nonpublic roll at 209, and the chair credits the second on the tech-centre motion to him at 292 ('Second for Mike patron'). At 130-132 he speaks off 'Frank and Whitney, what they were saying' and tells Sprague 'Frank retired. You can go take a walk. I can't' - so he is neither of them - and Frank Sprague places him at 483: 'Mike has a background in physical therapy.' ASR renders him 'Patron', 'patron', 'Peterson' (406, 1.00). THIS CLUSTER IS A MERGE: it also carries Assistant Superintendent Mike Koski's long turns, several of Frank Sprague's, and dozens of sub-second interjections from other people; every stretch that could be tied to another speaker is reassigned by override, and short unanchored backchannels left under this label may belong to someone else",Thank you. Yeah.,Speaker 2
0:04:53.48,0:05:19.72,293.48,319.72,Chris Pratt,"SUPERINTENDENT OF SCHOOLS, SAU 6 / Claremont School District. The chair puts the staff-nomination motion as 'approving the list of nominations as presented by doctor, Doctor Pratt. Mr. Pratt' (280, both 1.00) immediately after this voice's exchange, and names him three more times as the person who will bring the revised job description (558, 561, 563, 688 - all 1.00). He delivers the superintendent's report (8-41), calls it 'the superintendents report that I sent you' (8), hands off to 'Mr. O'Hearn' (219) and to 'Michael' for the AI/PD questions (31), and apologises to the board in the first person for hiring before the board approved the position (588-589). Bonnie Miles says at 568 'Mr. Pratt was an interim superintendent before you became the superintendent' and Michael Petrin at 538 'We have superintendent Chris was the acting superintendent because someone left mid-term' - both addressed to this voice, and the word 'interim' is never applied to him in the present tense anywhere in the file. Bonnie Miles and Arlene Hawkins both address him as 'Chris' (500, 502, 616; 1.00). ASR also renders him 'Mr. Pride' (610, 1.00)","So,  if you look into your report under the 504, you can see the the increase of Bible fours over the ten years. And if you notice the year, the pandemic, it really jumped up a lot, you know, to 100. And then it steadily continues to grow from there based on the needs we're seeing from loss of learning and other areas that we saw that.",Speaker 3
0:05:19.72,0:05:49.14,319.72,349.14,Chris Pratt,"SUPERINTENDENT OF SCHOOLS, SAU 6 / Claremont School District. The chair puts the staff-nomination motion as 'approving the list of nominations as presented by doctor, Doctor Pratt. Mr. Pratt' (280, both 1.00) immediately after this voice's exchange, and names him three more times as the person who will bring the revised job description (558, 561, 563, 688 - all 1.00). He delivers the superintendent's report (8-41), calls it 'the superintendents report that I sent you' (8), hands off to 'Mr. O'Hearn' (219) and to 'Michael' for the AI/PD questions (31), and apologises to the board in the first person for hiring before the board approved the position (588-589). Bonnie Miles says at 568 'Mr. Pratt was an interim superintendent before you became the superintendent' and Michael Petrin at 538 'We have superintendent Chris was the acting superintendent because someone left mid-term' - both addressed to this voice, and the word 'interim' is never applied to him in the present tense anywhere in the file. Bonnie Miles and Arlene Hawkins both address him as 'Chris' (500, 502, 616; 1.00). ASR also renders him 'Mr. Pride' (610, 1.00)","So it varies at each school. And you can see any report and regards to how many students are on Bible fours for each building. That broke it up that way. I also broke it up into, how many students are  on there for maybe it might be learning something might be for hyperactivity, attention deficit disorder, and some of you might be on there for more severe things like I see stuff.",Speaker 3
0:05:49.28,0:06:04.30,349.28,364.30,Chris Pratt,"SUPERINTENDENT OF SCHOOLS, SAU 6 / Claremont School District. The chair puts the staff-nomination motion as 'approving the list of nominations as presented by doctor, Doctor Pratt. Mr. Pratt' (280, both 1.00) immediately after this voice's exchange, and names him three more times as the person who will bring the revised job description (558, 561, 563, 688 - all 1.00). He delivers the superintendent's report (8-41), calls it 'the superintendents report that I sent you' (8), hands off to 'Mr. O'Hearn' (219) and to 'Michael' for the AI/PD questions (31), and apologises to the board in the first person for hiring before the board approved the position (588-589). Bonnie Miles says at 568 'Mr. Pratt was an interim superintendent before you became the superintendent' and Michael Petrin at 538 'We have superintendent Chris was the acting superintendent because someone left mid-term' - both addressed to this voice, and the word 'interim' is never applied to him in the present tense anywhere in the file. Bonnie Miles and Arlene Hawkins both address him as 'Chris' (500, 502, 616; 1.00). ASR also renders him 'Mr. Pride' (610, 1.00)","So the report you have, it's over a ten year span. So you can really see that there is indeed an increase in it's in multiple different areas. But the.",Speaker 3
0:06:04.38,0:06:06.28,364.38,366.28,Michael Petrin,"Claremont School Board member (returned to the board as a write-in in the March 2024 election). CHAIR'S RECOGNITIONS, each straight into this voice: 'Mike, do you have a question?' (188) -> 189; 'Mister patron.' (309, 0.94) -> 310; 'Mister patron.' (401, 1.00) -> 402; 'Mike.' (551, 1.00) -> 552 ('No.'); 'Mr. patron?' (582, 1.00) -> 583 ('No.'); 'Mr. patron.' (691, 0.76) -> 692. He answers the opening roll in this voice at 5 ('Patron here', 'Patron' 1.00) and the nonpublic roll at 209, and the chair credits the second on the tech-centre motion to him at 292 ('Second for Mike patron'). At 130-132 he speaks off 'Frank and Whitney, what they were saying' and tells Sprague 'Frank retired. You can go take a walk. I can't' - so he is neither of them - and Frank Sprague places him at 483: 'Mike has a background in physical therapy.' ASR renders him 'Patron', 'patron', 'Peterson' (406, 1.00). THIS CLUSTER IS A MERGE: it also carries Assistant Superintendent Mike Koski's long turns, several of Frank Sprague's, and dozens of sub-second interjections from other people; every stretch that could be tied to another speaker is reassigned by override, and short unanchored backchannels left under this label may belong to someone else",With that.,Speaker 2
0:06:06.36,0:06:24.88,366.36,384.88,Chris Pratt,"SUPERINTENDENT OF SCHOOLS, SAU 6 / Claremont School District. The chair puts the staff-nomination motion as 'approving the list of nominations as presented by doctor, Doctor Pratt. Mr. Pratt' (280, both 1.00) immediately after this voice's exchange, and names him three more times as the person who will bring the revised job description (558, 561, 563, 688 - all 1.00). He delivers the superintendent's report (8-41), calls it 'the superintendents report that I sent you' (8), hands off to 'Mr. O'Hearn' (219) and to 'Michael' for the AI/PD questions (31), and apologises to the board in the first person for hiring before the board approved the position (588-589). Bonnie Miles says at 568 'Mr. Pratt was an interim superintendent before you became the superintendent' and Michael Petrin at 538 'We have superintendent Chris was the acting superintendent because someone left mid-term' - both addressed to this voice, and the word 'interim' is never applied to him in the present tense anywhere in the file. Bonnie Miles and Arlene Hawkins both address him as 'Chris' (500, 502, 616; 1.00). ASR also renders him 'Mr. Pride' (610, 1.00)","The number of students with 504 cans and special needs has increased the notable rise in those with ADHD, anxiety and depression. So that's where we're seeing the police. For our district, the biggest jumps are in those areas.",Speaker 3
0:06:24.96,0:06:44.32,384.96,404.32,Chris Pratt,"SUPERINTENDENT OF SCHOOLS, SAU 6 / Claremont School District. The chair puts the staff-nomination motion as 'approving the list of nominations as presented by doctor, Doctor Pratt. Mr. Pratt' (280, both 1.00) immediately after this voice's exchange, and names him three more times as the person who will bring the revised job description (558, 561, 563, 688 - all 1.00). He delivers the superintendent's report (8-41), calls it 'the superintendents report that I sent you' (8), hands off to 'Mr. O'Hearn' (219) and to 'Michael' for the AI/PD questions (31), and apologises to the board in the first person for hiring before the board approved the position (588-589). Bonnie Miles says at 568 'Mr. Pratt was an interim superintendent before you became the superintendent' and Michael Petrin at 538 'We have superintendent Chris was the acting superintendent because someone left mid-term' - both addressed to this voice, and the word 'interim' is never applied to him in the present tense anywhere in the file. Bonnie Miles and Arlene Hawkins both address him as 'Chris' (500, 502, 616; 1.00). ASR also renders him 'Mr. Pride' (610, 1.00)","So there's a lot of information there, but feel free to reach out to me if you want further clarification on some of the data that we gave you. That specifically around 504 is in this district. It'd be more than happy to sit down with you and, and, talk about what we're doing to.",Speaker 3
0:06:44.40,0:06:53.02,404.40,413.02,Chris Pratt,"SUPERINTENDENT OF SCHOOLS, SAU 6 / Claremont School District. The chair puts the staff-nomination motion as 'approving the list of nominations as presented by doctor, Doctor Pratt. Mr. Pratt' (280, both 1.00) immediately after this voice's exchange, and names him three more times as the person who will bring the revised job description (558, 561, 563, 688 - all 1.00). He delivers the superintendent's report (8-41), calls it 'the superintendents report that I sent you' (8), hands off to 'Mr. O'Hearn' (219) and to 'Michael' for the AI/PD questions (31), and apologises to the board in the first person for hiring before the board approved the position (588-589). Bonnie Miles says at 568 'Mr. Pratt was an interim superintendent before you became the superintendent' and Michael Petrin at 538 'We have superintendent Chris was the acting superintendent because someone left mid-term' - both addressed to this voice, and the word 'interim' is never applied to him in the present tense anywhere in the file. Bonnie Miles and Arlene Hawkins both address him as 'Chris' (500, 502, 616; 1.00). ASR also renders him 'Mr. Pride' (610, 1.00)",Deal with this might go into increase in Bible fours.,Speaker 3
0:06:53.10,0:06:55.94,413.10,415.94,Heather Whitney,"CHAIR, Claremont School Board (chair since 4/5/2023, re-elected chair 3/20/2024). She opens the meeting in her own voice at 0 ('I would like to call to order the August 21st, 2024 meeting of the Claremont School Board'), notes the clerk is absent and takes the roll herself at 4-6 ('In the absence of our secretary [or] Clark'), and reads her own name LAST in both roll calls (6; 215 'And Heather Whitney', both words confidence 1.00). Whitney Skillen names her in the third person at 532 ('I think what Heather is asking is...', 'Heather' 1.00) and Bonnie Miles addresses her as 'Heather.' at 555 (1.00) - which fixes this presiding voice as Heather Whitney and NOT Whitney Skillen, the other sitting member whose first name is Whitney and who is a separate cluster (Speaker 7) in this same recording. She gives every recognition ('Miss Gillen' 84, 196, 580; 'Arlene' 72, 141, 188, 431; 'Candy' 173; 'Miss Crawford' 195, 665, 684; 'Mister patron' 309, 401, 582, 691; 'And Frank' 235; 'Frank Sprague as the chair' 668; 'Miss Hawkins' 609), runs the consent agenda, the nonpublic votes and the adjournment (701). This cluster repeatedly absorbs the onset of the member she is recognising (84 'Miss Gillen.' + Skillen's first words; 72 + Hawkins's first words; 6, 208, 211 + other members' roll answers) and swallows a handful of neighbouring voices; the ones that can be tied to another speaker are reassigned by override",Are you done with the report in its entirety?,Speaker 1
0:06:56.02,0:06:56.78,416.02,416.78,Chris Pratt,Superintendent of Schools - his answer to the chair's 'Are you done with the report in its entirety?' (24); the chair completes the exchange at 26 with 'One more come back after',"No, I got.",Speaker 2
0:06:56.78,0:06:58.62,416.78,418.62,Heather Whitney,"CHAIR, Claremont School Board (chair since 4/5/2023, re-elected chair 3/20/2024). She opens the meeting in her own voice at 0 ('I would like to call to order the August 21st, 2024 meeting of the Claremont School Board'), notes the clerk is absent and takes the roll herself at 4-6 ('In the absence of our secretary [or] Clark'), and reads her own name LAST in both roll calls (6; 215 'And Heather Whitney', both words confidence 1.00). Whitney Skillen names her in the third person at 532 ('I think what Heather is asking is...', 'Heather' 1.00) and Bonnie Miles addresses her as 'Heather.' at 555 (1.00) - which fixes this presiding voice as Heather Whitney and NOT Whitney Skillen, the other sitting member whose first name is Whitney and who is a separate cluster (Speaker 7) in this same recording. She gives every recognition ('Miss Gillen' 84, 196, 580; 'Arlene' 72, 141, 188, 431; 'Candy' 173; 'Miss Crawford' 195, 665, 684; 'Mister patron' 309, 401, 582, 691; 'And Frank' 235; 'Frank Sprague as the chair' 668; 'Miss Hawkins' 609), runs the consent agenda, the nonpublic votes and the adjournment (701). This cluster repeatedly absorbs the onset of the member she is recognising (84 'Miss Gillen.' + Skillen's first words; 72 + Hawkins's first words; 6, 208, 211 + other members' roll answers) and swallows a handful of neighbouring voices; the ones that can be tied to another speaker are reassigned by override",One more come back after.,Speaker 1
0:06:58.70,0:07:22.46,418.70,442.46,Chris Pratt,"SUPERINTENDENT OF SCHOOLS, SAU 6 / Claremont School District. The chair puts the staff-nomination motion as 'approving the list of nominations as presented by doctor, Doctor Pratt. Mr. Pratt' (280, both 1.00) immediately after this voice's exchange, and names him three more times as the person who will bring the revised job description (558, 561, 563, 688 - all 1.00). He delivers the superintendent's report (8-41), calls it 'the superintendents report that I sent you' (8), hands off to 'Mr. O'Hearn' (219) and to 'Michael' for the AI/PD questions (31), and apologises to the board in the first person for hiring before the board approved the position (588-589). Bonnie Miles says at 568 'Mr. Pratt was an interim superintendent before you became the superintendent' and Michael Petrin at 538 'We have superintendent Chris was the acting superintendent because someone left mid-term' - both addressed to this voice, and the word 'interim' is never applied to him in the present tense anywhere in the file. Bonnie Miles and Arlene Hawkins both address him as 'Chris' (500, 502, 616; 1.00). ASR also renders him 'Mr. Pride' (610, 1.00)","So, so it's like you said, it's no surprise we all knew the numbers were going up. But, you know, over this ten years, we've been seeing how much they have gone up. You know, they've doubled in some cases. But on a lighter note, is that, looking at the data for new teachers coming on board two years ago, we hired 42 new teachers.",Speaker 3
0:07:22.54,0:07:41.38,442.54,461.38,Chris Pratt,"SUPERINTENDENT OF SCHOOLS, SAU 6 / Claremont School District. The chair puts the staff-nomination motion as 'approving the list of nominations as presented by doctor, Doctor Pratt. Mr. Pratt' (280, both 1.00) immediately after this voice's exchange, and names him three more times as the person who will bring the revised job description (558, 561, 563, 688 - all 1.00). He delivers the superintendent's report (8-41), calls it 'the superintendents report that I sent you' (8), hands off to 'Mr. O'Hearn' (219) and to 'Michael' for the AI/PD questions (31), and apologises to the board in the first person for hiring before the board approved the position (588-589). Bonnie Miles says at 568 'Mr. Pratt was an interim superintendent before you became the superintendent' and Michael Petrin at 538 'We have superintendent Chris was the acting superintendent because someone left mid-term' - both addressed to this voice, and the word 'interim' is never applied to him in the present tense anywhere in the file. Bonnie Miles and Arlene Hawkins both address him as 'Chris' (500, 502, 616; 1.00). ASR also renders him 'Mr. Pride' (610, 1.00)","Last year was 36 and this year was 21. So we're doing a better job of attracting and retaining good teachers, you know, at the district. So I wanted to share that with a bit of information to all of you.",Speaker 3
0:07:41.46,0:08:05.94,461.46,485.94,Chris Pratt,"SUPERINTENDENT OF SCHOOLS, SAU 6 / Claremont School District. The chair puts the staff-nomination motion as 'approving the list of nominations as presented by doctor, Doctor Pratt. Mr. Pratt' (280, both 1.00) immediately after this voice's exchange, and names him three more times as the person who will bring the revised job description (558, 561, 563, 688 - all 1.00). He delivers the superintendent's report (8-41), calls it 'the superintendents report that I sent you' (8), hands off to 'Mr. O'Hearn' (219) and to 'Michael' for the AI/PD questions (31), and apologises to the board in the first person for hiring before the board approved the position (588-589). Bonnie Miles says at 568 'Mr. Pratt was an interim superintendent before you became the superintendent' and Michael Petrin at 538 'We have superintendent Chris was the acting superintendent because someone left mid-term' - both addressed to this voice, and the word 'interim' is never applied to him in the present tense anywhere in the file. Bonnie Miles and Arlene Hawkins both address him as 'Chris' (500, 502, 616; 1.00). ASR also renders him 'Mr. Pride' (610, 1.00)","Also some of the professional development that came from Michael's office is that on Wednesday, August 21st, which was today, we had K-5 teachers engaging in a session of accountable talk at the in the tech Center, and grade six through 12 were introduced to kind of ego, which is an AI framework that be using on 5 to 12.",Speaker 3
0:08:05.98,0:08:33.82,485.98,513.82,Chris Pratt,"SUPERINTENDENT OF SCHOOLS, SAU 6 / Claremont School District. The chair puts the staff-nomination motion as 'approving the list of nominations as presented by doctor, Doctor Pratt. Mr. Pratt' (280, both 1.00) immediately after this voice's exchange, and names him three more times as the person who will bring the revised job description (558, 561, 563, 688 - all 1.00). He delivers the superintendent's report (8-41), calls it 'the superintendents report that I sent you' (8), hands off to 'Mr. O'Hearn' (219) and to 'Michael' for the AI/PD questions (31), and apologises to the board in the first person for hiring before the board approved the position (588-589). Bonnie Miles says at 568 'Mr. Pratt was an interim superintendent before you became the superintendent' and Michael Petrin at 538 'We have superintendent Chris was the acting superintendent because someone left mid-term' - both addressed to this voice, and the word 'interim' is never applied to him in the present tense anywhere in the file. Bonnie Miles and Arlene Hawkins both address him as 'Chris' (500, 502, 616; 1.00). ASR also renders him 'Mr. Pride' (610, 1.00)",Now the auditorium tomorrow we have K-5 and title one teaches a launch of Eureka two and grades six through eight. We'll do more work on focused accountability talks in nine through 12. They have a session on teacher moves for improved student engagement that aligns with the district goals and success bonus and personalized learning. And that's going to be in the library at the high school.,Speaker 3
0:08:33.90,0:08:47.70,513.90,527.70,Chris Pratt,"SUPERINTENDENT OF SCHOOLS, SAU 6 / Claremont School District. The chair puts the staff-nomination motion as 'approving the list of nominations as presented by doctor, Doctor Pratt. Mr. Pratt' (280, both 1.00) immediately after this voice's exchange, and names him three more times as the person who will bring the revised job description (558, 561, 563, 688 - all 1.00). He delivers the superintendent's report (8-41), calls it 'the superintendents report that I sent you' (8), hands off to 'Mr. O'Hearn' (219) and to 'Michael' for the AI/PD questions (31), and apologises to the board in the first person for hiring before the board approved the position (588-589). Bonnie Miles says at 568 'Mr. Pratt was an interim superintendent before you became the superintendent' and Michael Petrin at 538 'We have superintendent Chris was the acting superintendent because someone left mid-term' - both addressed to this voice, and the word 'interim' is never applied to him in the present tense anywhere in the file. Bonnie Miles and Arlene Hawkins both address him as 'Chris' (500, 502, 616; 1.00). ASR also renders him 'Mr. Pride' (610, 1.00)","So I don't know if you have any further questions on that. Michael can answer the questions in regards to, whether it's kind of ego or accountable talk, but there's a lot of great stuff happening and we're only on day two.",Speaker 3
0:08:47.78,0:08:50.54,527.78,530.54,Chris Pratt,"SUPERINTENDENT OF SCHOOLS, SAU 6 / Claremont School District. The chair puts the staff-nomination motion as 'approving the list of nominations as presented by doctor, Doctor Pratt. Mr. Pratt' (280, both 1.00) immediately after this voice's exchange, and names him three more times as the person who will bring the revised job description (558, 561, 563, 688 - all 1.00). He delivers the superintendent's report (8-41), calls it 'the superintendents report that I sent you' (8), hands off to 'Mr. O'Hearn' (219) and to 'Michael' for the AI/PD questions (31), and apologises to the board in the first person for hiring before the board approved the position (588-589). Bonnie Miles says at 568 'Mr. Pratt was an interim superintendent before you became the superintendent' and Michael Petrin at 538 'We have superintendent Chris was the acting superintendent because someone left mid-term' - both addressed to this voice, and the word 'interim' is never applied to him in the present tense anywhere in the file. Bonnie Miles and Arlene Hawkins both address him as 'Chris' (500, 502, 616; 1.00). ASR also renders him 'Mr. Pride' (610, 1.00)",So I'm done.,Speaker 3
0:08:50.62,0:08:51.26,530.62,531.26,Candace Crawford,"Claremont School Board member - the onset of her own question, contiguous (0.00 s gap) with 34, 'You please tell me what kind of me go means?'",So will.,Speaker 2
0:08:51.26,0:08:53.50,531.26,533.50,Candace Crawford,"Claremont School Board member (appointed 7/19/2023, re-elected March 2024); reports for the Capital Improvement Committee and the SRVRTC visioning committee. CHAIR'S RECOGNITIONS straight into this voice: 'Yes. Candy.' (173, 1.00) -> 174 'Do I make [a motion]'; 'Any Crawford seconds' (200, 0.86) right after 199; 'the motion, as stated by Miss Crawford' (195, 1.00) closing the Girls on the Run vote she moved at 183; 'And Candace and then, Mr. Patron' (373) -> 374; 'we're going to start with the Capital Improvement Subcommittee. And that would be Miss Crawford' (665, 1.00) -> 666; 'And Miss Crawford, you're up again' (684, 1.00) -> 685. She addresses Bonnie Miles by name at 408 ('I think Bonnie', 0.98), which is what separates Miles from Arlene Hawkins inside Speaker 6",You please tell me what kind of me go means?,Speaker 4
0:08:53.74,0:08:54.02,533.74,534.02,Chris Pratt,"Superintendent of Schools - a 0.28 s onset with a 0.04 s gap to his own 36 ('It's an A[I]'), before he hands the answer to Assistant Superintendent Koski",Sure.,Speaker 2
0:08:54.06,0:08:54.94,534.06,534.94,Chris Pratt,"SUPERINTENDENT OF SCHOOLS, SAU 6 / Claremont School District. The chair puts the staff-nomination motion as 'approving the list of nominations as presented by doctor, Doctor Pratt. Mr. Pratt' (280, both 1.00) immediately after this voice's exchange, and names him three more times as the person who will bring the revised job description (558, 561, 563, 688 - all 1.00). He delivers the superintendent's report (8-41), calls it 'the superintendents report that I sent you' (8), hands off to 'Mr. O'Hearn' (219) and to 'Michael' for the AI/PD questions (31), and apologises to the board in the first person for hiring before the board approved the position (588-589). Bonnie Miles says at 568 'Mr. Pratt was an interim superintendent before you became the superintendent' and Michael Petrin at 538 'We have superintendent Chris was the acting superintendent because someone left mid-term' - both addressed to this voice, and the word 'interim' is never applied to him in the present tense anywhere in the file. Bonnie Miles and Arlene Hawkins both address him as 'Chris' (500, 502, 616; 1.00). ASR also renders him 'Mr. Pride' (610, 1.00)",It's an A.,Speaker 3
0:08:55.18,0:09:22.22,535.18,562.22,Mike Koski,"Assistant Superintendent, SAU 6 - the AI/'MeeGo' answer Pratt hands to him at 31 ('Michael can answer the questions in regards to, whether it's kind of ego or accountable talk')","It's an artificial  artificial intelligence program. Okay. So students are using it already to write essays.  Oh,  questions. And so we're introducing the teachers to what they can use on the teacher side, but also to be aware how students are using it. Got it.  And we talked about how can we change it. There aren't really going to be tech tools because the official intelligence will just keep matching any blocks.",Speaker 2
0:09:22.30,0:09:45.98,562.30,585.98,Mike Koski,"Assistant Superintendent, SAU 6 - the AI/'MeeGo' answer Pratt hands to him at 31 ('Michael can answer the questions in regards to, whether it's kind of ego or accountable talk')",And so we've got to change our instructional practice so that we can make sure students are doing what we think they're telling us they know. Right. We we went over some techniques and just presented some information on ways to manage and  deal with artificial intelligence with classroom.,Speaker 2
0:09:46.10,0:09:48.30,586.10,588.30,Candace Crawford,"Claremont School Board member (appointed 7/19/2023, re-elected March 2024); reports for the Capital Improvement Committee and the SRVRTC visioning committee. CHAIR'S RECOGNITIONS straight into this voice: 'Yes. Candy.' (173, 1.00) -> 174 'Do I make [a motion]'; 'Any Crawford seconds' (200, 0.86) right after 199; 'the motion, as stated by Miss Crawford' (195, 1.00) closing the Girls on the Run vote she moved at 183; 'And Candace and then, Mr. Patron' (373) -> 374; 'we're going to start with the Capital Improvement Subcommittee. And that would be Miss Crawford' (665, 1.00) -> 666; 'And Miss Crawford, you're up again' (684, 1.00) -> 685. She addresses Bonnie Miles by name at 408 ('I think Bonnie', 0.98), which is what separates Miles from Arlene Hawkins inside Speaker 6",Thank you.,Speaker 4
0:09:48.38,0:10:14.34,588.38,614.34,Chris Pratt,"SUPERINTENDENT OF SCHOOLS, SAU 6 / Claremont School District. The chair puts the staff-nomination motion as 'approving the list of nominations as presented by doctor, Doctor Pratt. Mr. Pratt' (280, both 1.00) immediately after this voice's exchange, and names him three more times as the person who will bring the revised job description (558, 561, 563, 688 - all 1.00). He delivers the superintendent's report (8-41), calls it 'the superintendents report that I sent you' (8), hands off to 'Mr. O'Hearn' (219) and to 'Michael' for the AI/PD questions (31), and apologises to the board in the first person for hiring before the board approved the position (588-589). Bonnie Miles says at 568 'Mr. Pratt was an interim superintendent before you became the superintendent' and Michael Petrin at 538 'We have superintendent Chris was the acting superintendent because someone left mid-term' - both addressed to this voice, and the word 'interim' is never applied to him in the present tense anywhere in the file. Bonnie Miles and Arlene Hawkins both address him as 'Chris' (500, 502, 616; 1.00). ASR also renders him 'Mr. Pride' (610, 1.00)","Can I just add a few more things. So would the information you have in your packet just know. And some of the recovery efforts that we're looking at school implementation at  school implementing interventions such as tutoring programs, some alarming initiatives and increasing teacher support, and the continued emphasis on technology to support personalized learning and address gaps. Because we know right now math and English, we continue to see those gaps, even though they're getting better.",Speaker 3
0:10:14.58,0:10:32.14,614.58,632.14,Chris Pratt,"SUPERINTENDENT OF SCHOOLS, SAU 6 / Claremont School District. The chair puts the staff-nomination motion as 'approving the list of nominations as presented by doctor, Doctor Pratt. Mr. Pratt' (280, both 1.00) immediately after this voice's exchange, and names him three more times as the person who will bring the revised job description (558, 561, 563, 688 - all 1.00). He delivers the superintendent's report (8-41), calls it 'the superintendents report that I sent you' (8), hands off to 'Mr. O'Hearn' (219) and to 'Michael' for the AI/PD questions (31), and apologises to the board in the first person for hiring before the board approved the position (588-589). Bonnie Miles says at 568 'Mr. Pratt was an interim superintendent before you became the superintendent' and Michael Petrin at 538 'We have superintendent Chris was the acting superintendent because someone left mid-term' - both addressed to this voice, and the word 'interim' is never applied to him in the present tense anywhere in the file. Bonnie Miles and Arlene Hawkins both address him as 'Chris' (500, 502, 616; 1.00). ASR also renders him 'Mr. Pride' (610, 1.00)","Based on even a few years ago. We still want to tackle that and then we're to the future will look us on, continue to look at focusing on closing the achievement gap, enhancing student engagement and improving overall performance. Now I'm really done.",Speaker 3
0:10:32.22,0:10:34.94,632.22,634.94,Heather Whitney,"CHAIR, Claremont School Board (chair since 4/5/2023, re-elected chair 3/20/2024). She opens the meeting in her own voice at 0 ('I would like to call to order the August 21st, 2024 meeting of the Claremont School Board'), notes the clerk is absent and takes the roll herself at 4-6 ('In the absence of our secretary [or] Clark'), and reads her own name LAST in both roll calls (6; 215 'And Heather Whitney', both words confidence 1.00). Whitney Skillen names her in the third person at 532 ('I think what Heather is asking is...', 'Heather' 1.00) and Bonnie Miles addresses her as 'Heather.' at 555 (1.00) - which fixes this presiding voice as Heather Whitney and NOT Whitney Skillen, the other sitting member whose first name is Whitney and who is a separate cluster (Speaker 7) in this same recording. She gives every recognition ('Miss Gillen' 84, 196, 580; 'Arlene' 72, 141, 188, 431; 'Candy' 173; 'Miss Crawford' 195, 665, 684; 'Mister patron' 309, 401, 582, 691; 'And Frank' 235; 'Frank Sprague as the chair' 668; 'Miss Hawkins' 609), runs the consent agenda, the nonpublic votes and the adjournment (701). This cluster repeatedly absorbs the onset of the member she is recognising (84 'Miss Gillen.' + Skillen's first words; 72 + Hawkins's first words; 6, 208, 211 + other members' roll answers) and swallows a handful of neighbouring voices; the ones that can be tied to another speaker are reassigned by override",Any questions about the superintendent's report?,Speaker 1
0:10:35.02,0:10:46.58,635.02,646.58,Candace Crawford,"Claremont School Board member (appointed 7/19/2023, re-elected March 2024); reports for the Capital Improvement Committee and the SRVRTC visioning committee. CHAIR'S RECOGNITIONS straight into this voice: 'Yes. Candy.' (173, 1.00) -> 174 'Do I make [a motion]'; 'Any Crawford seconds' (200, 0.86) right after 199; 'the motion, as stated by Miss Crawford' (195, 1.00) closing the Girls on the Run vote she moved at 183; 'And Candace and then, Mr. Patron' (373) -> 374; 'we're going to start with the Capital Improvement Subcommittee. And that would be Miss Crawford' (665, 1.00) -> 666; 'And Miss Crawford, you're up again' (684, 1.00) -> 685. She addresses Bonnie Miles by name at 408 ('I think Bonnie', 0.98), which is what separates Miles from Arlene Hawkins inside Speaker 6",So I've been on summer vacation and I don't remember who the alternative to. 504 in special needs. What's the other category?,Speaker 4
0:10:46.66,0:10:48.26,646.66,648.26,Michael Petrin,"Claremont School Board member (returned to the board as a write-in in the March 2024 election). CHAIR'S RECOGNITIONS, each straight into this voice: 'Mike, do you have a question?' (188) -> 189; 'Mister patron.' (309, 0.94) -> 310; 'Mister patron.' (401, 1.00) -> 402; 'Mike.' (551, 1.00) -> 552 ('No.'); 'Mr. patron?' (582, 1.00) -> 583 ('No.'); 'Mr. patron.' (691, 0.76) -> 692. He answers the opening roll in this voice at 5 ('Patron here', 'Patron' 1.00) and the nonpublic roll at 209, and the chair credits the second on the tech-centre motion to him at 292 ('Second for Mike patron'). At 130-132 he speaks off 'Frank and Whitney, what they were saying' and tells Sprague 'Frank retired. You can go take a walk. I can't' - so he is neither of them - and Frank Sprague places him at 483: 'Mike has a background in physical therapy.' ASR renders him 'Patron', 'patron', 'Peterson' (406, 1.00). THIS CLUSTER IS A MERGE: it also carries Assistant Superintendent Mike Koski's long turns, several of Frank Sprague's, and dozens of sub-second interjections from other people; every stretch that could be tied to another speaker is reassigned by override, and short unanchored backchannels left under this label may belong to someone else",Special education.,Speaker 2
0:10:48.34,0:10:50.70,648.34,650.70,Chris Pratt,"SUPERINTENDENT OF SCHOOLS, SAU 6 / Claremont School District. The chair puts the staff-nomination motion as 'approving the list of nominations as presented by doctor, Doctor Pratt. Mr. Pratt' (280, both 1.00) immediately after this voice's exchange, and names him three more times as the person who will bring the revised job description (558, 561, 563, 688 - all 1.00). He delivers the superintendent's report (8-41), calls it 'the superintendents report that I sent you' (8), hands off to 'Mr. O'Hearn' (219) and to 'Michael' for the AI/PD questions (31), and apologises to the board in the first person for hiring before the board approved the position (588-589). Bonnie Miles says at 568 'Mr. Pratt was an interim superintendent before you became the superintendent' and Michael Petrin at 538 'We have superintendent Chris was the acting superintendent because someone left mid-term' - both addressed to this voice, and the word 'interim' is never applied to him in the present tense anywhere in the file. Bonnie Miles and Arlene Hawkins both address him as 'Chris' (500, 502, 616; 1.00). ASR also renders him 'Mr. Pride' (610, 1.00)",The. There's the.,Speaker 3
0:10:50.78,0:10:56.56,650.78,656.56,Candace Crawford,"Claremont School Board member (appointed 7/19/2023, re-elected March 2024); reports for the Capital Improvement Committee and the SRVRTC visioning committee. CHAIR'S RECOGNITIONS straight into this voice: 'Yes. Candy.' (173, 1.00) -> 174 'Do I make [a motion]'; 'Any Crawford seconds' (200, 0.86) right after 199; 'the motion, as stated by Miss Crawford' (195, 1.00) closing the Girls on the Run vote she moved at 183; 'And Candace and then, Mr. Patron' (373) -> 374; 'we're going to start with the Capital Improvement Subcommittee. And that would be Miss Crawford' (665, 1.00) -> 666; 'And Miss Crawford, you're up again' (684, 1.00) -> 685. She addresses Bonnie Miles by name at 408 ('I think Bonnie', 0.98), which is what separates Miles from Arlene Hawkins inside Speaker 6","That's right, that's right. Right, right. Yeah. Thank you.",Speaker 4
0:10:56.60,0:11:20.64,656.60,680.64,Heather Whitney,"CHAIR, Claremont School Board (chair since 4/5/2023, re-elected chair 3/20/2024). She opens the meeting in her own voice at 0 ('I would like to call to order the August 21st, 2024 meeting of the Claremont School Board'), notes the clerk is absent and takes the roll herself at 4-6 ('In the absence of our secretary [or] Clark'), and reads her own name LAST in both roll calls (6; 215 'And Heather Whitney', both words confidence 1.00). Whitney Skillen names her in the third person at 532 ('I think what Heather is asking is...', 'Heather' 1.00) and Bonnie Miles addresses her as 'Heather.' at 555 (1.00) - which fixes this presiding voice as Heather Whitney and NOT Whitney Skillen, the other sitting member whose first name is Whitney and who is a separate cluster (Speaker 7) in this same recording. She gives every recognition ('Miss Gillen' 84, 196, 580; 'Arlene' 72, 141, 188, 431; 'Candy' 173; 'Miss Crawford' 195, 665, 684; 'Mister patron' 309, 401, 582, 691; 'And Frank' 235; 'Frank Sprague as the chair' 668; 'Miss Hawkins' 609), runs the consent agenda, the nonpublic votes and the adjournment (701). This cluster repeatedly absorbs the onset of the member she is recognising (84 'Miss Gillen.' + Skillen's first words; 72 + Hawkins's first words; 6, 208, 211 + other members' roll answers) and swallows a handful of neighbouring voices; the ones that can be tied to another speaker are reassigned by override","So my only comment is thank you so much for this very organized a new teacher orientation,  with all the content. And thank you. I think this board has been looking for this kind of organization and, focus on professional development. So it's we really notice it and appreciate it, and we're thrilled. Great. Thank you for that.",Speaker 1
0:11:20.72,0:11:51.04,680.72,711.04,Heather Whitney,"CHAIR, Claremont School Board (chair since 4/5/2023, re-elected chair 3/20/2024). She opens the meeting in her own voice at 0 ('I would like to call to order the August 21st, 2024 meeting of the Claremont School Board'), notes the clerk is absent and takes the roll herself at 4-6 ('In the absence of our secretary [or] Clark'), and reads her own name LAST in both roll calls (6; 215 'And Heather Whitney', both words confidence 1.00). Whitney Skillen names her in the third person at 532 ('I think what Heather is asking is...', 'Heather' 1.00) and Bonnie Miles addresses her as 'Heather.' at 555 (1.00) - which fixes this presiding voice as Heather Whitney and NOT Whitney Skillen, the other sitting member whose first name is Whitney and who is a separate cluster (Speaker 7) in this same recording. She gives every recognition ('Miss Gillen' 84, 196, 580; 'Arlene' 72, 141, 188, 431; 'Candy' 173; 'Miss Crawford' 195, 665, 684; 'Mister patron' 309, 401, 582, 691; 'And Frank' 235; 'Frank Sprague as the chair' 668; 'Miss Hawkins' 609), runs the consent agenda, the nonpublic votes and the adjournment (701). This cluster repeatedly absorbs the onset of the member she is recognising (84 'Miss Gillen.' + Skillen's first words; 72 + Hawkins's first words; 6, 208, 211 + other members' roll answers) and swallows a handful of neighbouring voices; the ones that can be tied to another speaker are reassigned by override","And just one other question is, with the 504, it looks like it's almost a 3 to 4 times increase in ten years in a lot of areas. First with IEP. Is there any reimbursement or any kind of, state or federal assistance that we get to implement these  plans, or is it essentially unless it's a physical ailment or  an absolute diagnosed disability?",Speaker 1
0:11:51.12,0:11:57.72,711.12,717.72,Heather Whitney,"CHAIR, Claremont School Board (chair since 4/5/2023, re-elected chair 3/20/2024). She opens the meeting in her own voice at 0 ('I would like to call to order the August 21st, 2024 meeting of the Claremont School Board'), notes the clerk is absent and takes the roll herself at 4-6 ('In the absence of our secretary [or] Clark'), and reads her own name LAST in both roll calls (6; 215 'And Heather Whitney', both words confidence 1.00). Whitney Skillen names her in the third person at 532 ('I think what Heather is asking is...', 'Heather' 1.00) and Bonnie Miles addresses her as 'Heather.' at 555 (1.00) - which fixes this presiding voice as Heather Whitney and NOT Whitney Skillen, the other sitting member whose first name is Whitney and who is a separate cluster (Speaker 7) in this same recording. She gives every recognition ('Miss Gillen' 84, 196, 580; 'Arlene' 72, 141, 188, 431; 'Candy' 173; 'Miss Crawford' 195, 665, 684; 'Mister patron' 309, 401, 582, 691; 'And Frank' 235; 'Frank Sprague as the chair' 668; 'Miss Hawkins' 609), runs the consent agenda, the nonpublic votes and the adjournment (701). This cluster repeatedly absorbs the onset of the member she is recognising (84 'Miss Gillen.' + Skillen's first words; 72 + Hawkins's first words; 6, 208, 211 + other members' roll answers) and swallows a handful of neighbouring voices; the ones that can be tied to another speaker are reassigned by override",Does the cost burden for  the IEP fall on the district exclusively for.,Speaker 1
0:11:57.80,0:12:03.00,717.80,723.00,Mike Koski,"Assistant Superintendent, SAU 6 - the district's answer to the chair's question about whether 504 and IEP costs are reimbursed. The floor is handed to him mid-run at 59, 'Help me. Go ahead Michael.' ('Michael' 0.82), and Pratt uses 'Michael' for Koski three times in this recording (29, 31, 139, all 1.00). The register is institutional ('there can be some money that comes back in terms of Medicaid reimbursement', 'the burden of a 504 is totally on us'), unlike Frank Sprague's first-person practitioner recollections elsewhere in this same cluster. ALTERNATIVE READINGS DISCLOSED: 50-55 could be Sprague giving way to Koski at 59, and 'Michael' could in principle be Director of Student Services Michael McCosker, who is named nowhere in this recording","Can I clarify your question? Yes, because you said IEP in the 500 for two different.",Speaker 5
0:12:03.04,0:12:03.36,723.04,723.36,Michael Petrin,"Claremont School Board member (returned to the board as a write-in in the March 2024 election). CHAIR'S RECOGNITIONS, each straight into this voice: 'Mike, do you have a question?' (188) -> 189; 'Mister patron.' (309, 0.94) -> 310; 'Mister patron.' (401, 1.00) -> 402; 'Mike.' (551, 1.00) -> 552 ('No.'); 'Mr. patron?' (582, 1.00) -> 583 ('No.'); 'Mr. patron.' (691, 0.76) -> 692. He answers the opening roll in this voice at 5 ('Patron here', 'Patron' 1.00) and the nonpublic roll at 209, and the chair credits the second on the tech-centre motion to him at 292 ('Second for Mike patron'). At 130-132 he speaks off 'Frank and Whitney, what they were saying' and tells Sprague 'Frank retired. You can go take a walk. I can't' - so he is neither of them - and Frank Sprague places him at 483: 'Mike has a background in physical therapy.' ASR renders him 'Patron', 'patron', 'Peterson' (406, 1.00). THIS CLUSTER IS A MERGE: it also carries Assistant Superintendent Mike Koski's long turns, several of Frank Sprague's, and dozens of sub-second interjections from other people; every stretch that could be tied to another speaker is reassigned by override, and short unanchored backchannels left under this label may belong to someone else",Right.,Speaker 2
0:12:03.40,0:12:03.72,723.40,723.72,Heather Whitney,"CHAIR, Claremont School Board (chair since 4/5/2023, re-elected chair 3/20/2024). She opens the meeting in her own voice at 0 ('I would like to call to order the August 21st, 2024 meeting of the Claremont School Board'), notes the clerk is absent and takes the roll herself at 4-6 ('In the absence of our secretary [or] Clark'), and reads her own name LAST in both roll calls (6; 215 'And Heather Whitney', both words confidence 1.00). Whitney Skillen names her in the third person at 532 ('I think what Heather is asking is...', 'Heather' 1.00) and Bonnie Miles addresses her as 'Heather.' at 555 (1.00) - which fixes this presiding voice as Heather Whitney and NOT Whitney Skillen, the other sitting member whose first name is Whitney and who is a separate cluster (Speaker 7) in this same recording. She gives every recognition ('Miss Gillen' 84, 196, 580; 'Arlene' 72, 141, 188, 431; 'Candy' 173; 'Miss Crawford' 195, 665, 684; 'Mister patron' 309, 401, 582, 691; 'And Frank' 235; 'Frank Sprague as the chair' 668; 'Miss Hawkins' 609), runs the consent agenda, the nonpublic votes and the adjournment (701). This cluster repeatedly absorbs the onset of the member she is recognising (84 'Miss Gillen.' + Skillen's first words; 72 + Hawkins's first words; 6, 208, 211 + other members' roll answers) and swallows a handful of neighbouring voices; the ones that can be tied to another speaker are reassigned by override",So a.,Speaker 1
0:12:03.72,0:12:06.64,723.72,726.64,Mike Koski,"Assistant Superintendent, SAU 6 - the district's answer to the chair's question about whether 504 and IEP costs are reimbursed. The floor is handed to him mid-run at 59, 'Help me. Go ahead Michael.' ('Michael' 0.82), and Pratt uses 'Michael' for Koski three times in this recording (29, 31, 139, all 1.00). The register is institutional ('there can be some money that comes back in terms of Medicaid reimbursement', 'the burden of a 504 is totally on us'), unlike Frank Sprague's first-person practitioner recollections elsewhere in this same cluster. ALTERNATIVE READINGS DISCLOSED: 50-55 could be Sprague giving way to Koski at 59, and 'Michael' could in principle be Director of Student Services Michael McCosker, who is named nowhere in this recording",Five it is a  identified student.,Speaker 5
0:12:06.68,0:12:07.20,726.68,727.20,Michael Petrin,"Claremont School Board member (returned to the board as a write-in in the March 2024 election). CHAIR'S RECOGNITIONS, each straight into this voice: 'Mike, do you have a question?' (188) -> 189; 'Mister patron.' (309, 0.94) -> 310; 'Mister patron.' (401, 1.00) -> 402; 'Mike.' (551, 1.00) -> 552 ('No.'); 'Mr. patron?' (582, 1.00) -> 583 ('No.'); 'Mr. patron.' (691, 0.76) -> 692. He answers the opening roll in this voice at 5 ('Patron here', 'Patron' 1.00) and the nonpublic roll at 209, and the chair credits the second on the tech-centre motion to him at 292 ('Second for Mike patron'). At 130-132 he speaks off 'Frank and Whitney, what they were saying' and tells Sprague 'Frank retired. You can go take a walk. I can't' - so he is neither of them - and Frank Sprague places him at 483: 'Mike has a background in physical therapy.' ASR renders him 'Patron', 'patron', 'Peterson' (406, 1.00). THIS CLUSTER IS A MERGE: it also carries Assistant Superintendent Mike Koski's long turns, several of Frank Sprague's, and dozens of sub-second interjections from other people; every stretch that could be tied to another speaker is reassigned by override, and short unanchored backchannels left under this label may belong to someone else",Right..,Speaker 2
0:12:07.24,0:12:09.88,727.24,729.88,Mike Koski,"Assistant Superintendent, SAU 6 - the district's answer to the chair's question about whether 504 and IEP costs are reimbursed. The floor is handed to him mid-run at 59, 'Help me. Go ahead Michael.' ('Michael' 0.82), and Pratt uses 'Michael' for Koski three times in this recording (29, 31, 139, all 1.00). The register is institutional ('there can be some money that comes back in terms of Medicaid reimbursement', 'the burden of a 504 is totally on us'), unlike Frank Sprague's first-person practitioner recollections elsewhere in this same cluster. ALTERNATIVE READINGS DISCLOSED: 50-55 could be Sprague giving way to Koski at 59, and 'Michael' could in principle be Director of Student Services Michael McCosker, who is named nowhere in this recording",Or individual four for.,Speaker 5
0:12:09.96,0:12:16.12,729.96,736.12,Heather Whitney,"CHAIR, Claremont School Board (chair since 4/5/2023, re-elected chair 3/20/2024). She opens the meeting in her own voice at 0 ('I would like to call to order the August 21st, 2024 meeting of the Claremont School Board'), notes the clerk is absent and takes the roll herself at 4-6 ('In the absence of our secretary [or] Clark'), and reads her own name LAST in both roll calls (6; 215 'And Heather Whitney', both words confidence 1.00). Whitney Skillen names her in the third person at 532 ('I think what Heather is asking is...', 'Heather' 1.00) and Bonnie Miles addresses her as 'Heather.' at 555 (1.00) - which fixes this presiding voice as Heather Whitney and NOT Whitney Skillen, the other sitting member whose first name is Whitney and who is a separate cluster (Speaker 7) in this same recording. She gives every recognition ('Miss Gillen' 84, 196, 580; 'Arlene' 72, 141, 188, 431; 'Candy' 173; 'Miss Crawford' 195, 665, 684; 'Mister patron' 309, 401, 582, 691; 'And Frank' 235; 'Frank Sprague as the chair' 668; 'Miss Hawkins' 609), runs the consent agenda, the nonpublic votes and the adjournment (701). This cluster repeatedly absorbs the onset of the member she is recognising (84 'Miss Gillen.' + Skillen's first words; 72 + Hawkins's first words; 6, 208, 211 + other members' roll answers) and swallows a handful of neighbouring voices; the ones that can be tied to another speaker are reassigned by override",Right and a but a five  an IEP could be used for a 500 for.,Speaker 1
0:12:16.20,0:12:16.57,736.20,736.57,Candace Crawford,"Claremont School Board member (appointed 7/19/2023, re-elected March 2024); reports for the Capital Improvement Committee and the SRVRTC visioning committee. CHAIR'S RECOGNITIONS straight into this voice: 'Yes. Candy.' (173, 1.00) -> 174 'Do I make [a motion]'; 'Any Crawford seconds' (200, 0.86) right after 199; 'the motion, as stated by Miss Crawford' (195, 1.00) closing the Girls on the Run vote she moved at 183; 'And Candace and then, Mr. Patron' (373) -> 374; 'we're going to start with the Capital Improvement Subcommittee. And that would be Miss Crawford' (665, 1.00) -> 666; 'And Miss Crawford, you're up again' (684, 1.00) -> 685. She addresses Bonnie Miles by name at 408 ('I think Bonnie', 0.98), which is what separates Miles from Arlene Hawkins inside Speaker 6",No no.,Speaker 4
0:12:16.71,0:12:17.84,736.71,737.84,Heather Whitney,"CHAIR, Claremont School Board (chair since 4/5/2023, re-elected chair 3/20/2024). She opens the meeting in her own voice at 0 ('I would like to call to order the August 21st, 2024 meeting of the Claremont School Board'), notes the clerk is absent and takes the roll herself at 4-6 ('In the absence of our secretary [or] Clark'), and reads her own name LAST in both roll calls (6; 215 'And Heather Whitney', both words confidence 1.00). Whitney Skillen names her in the third person at 532 ('I think what Heather is asking is...', 'Heather' 1.00) and Bonnie Miles addresses her as 'Heather.' at 555 (1.00) - which fixes this presiding voice as Heather Whitney and NOT Whitney Skillen, the other sitting member whose first name is Whitney and who is a separate cluster (Speaker 7) in this same recording. She gives every recognition ('Miss Gillen' 84, 196, 580; 'Arlene' 72, 141, 188, 431; 'Candy' 173; 'Miss Crawford' 195, 665, 684; 'Mister patron' 309, 401, 582, 691; 'And Frank' 235; 'Frank Sprague as the chair' 668; 'Miss Hawkins' 609), runs the consent agenda, the nonpublic votes and the adjournment (701). This cluster repeatedly absorbs the onset of the member she is recognising (84 'Miss Gillen.' + Skillen's first words; 72 + Hawkins's first words; 6, 208, 211 + other members' roll answers) and swallows a handful of neighbouring voices; the ones that can be tied to another speaker are reassigned by override",No no no. Okay.,Speaker 1
0:12:17.88,0:12:18.96,737.88,738.96,Unidentified,"THE HAND-OFF THAT NAMES THE NEXT SPEAKER: 'Help me. Go ahead Michael.' ('Go ahead' 0.93, 'Michael' 0.82). It is spoken by either Superintendent Pratt, the chair, or Frank Sprague giving way; the 1.08 s fragment carries no anchor of its own. It is the evidence for attributing 60-82 to Mike Koski",Help me. Go ahead Michael.,Speaker 2
0:12:19.20,0:12:22.52,739.20,742.52,Mike Koski,"Assistant Superintendent, SAU 6 - the district's answer to the chair's question about whether 504 and IEP costs are reimbursed. The floor is handed to him mid-run at 59, 'Help me. Go ahead Michael.' ('Michael' 0.82), and Pratt uses 'Michael' for Koski three times in this recording (29, 31, 139, all 1.00). The register is institutional ('there can be some money that comes back in terms of Medicaid reimbursement', 'the burden of a 504 is totally on us'), unlike Frank Sprague's first-person practitioner recollections elsewhere in this same cluster. ALTERNATIVE READINGS DISCLOSED: 50-55 could be Sprague giving way to Koski at 59, and 'Michael' could in principle be Director of Student Services Michael McCosker, who is named nowhere in this recording",So there are two different things okay.,Speaker 5
0:12:23.56,0:12:45.92,743.56,765.92,Mike Koski,"Assistant Superintendent, SAU 6 - the district's answer to the chair's question about whether 504 and IEP costs are reimbursed. The floor is handed to him mid-run at 59, 'Help me. Go ahead Michael.' ('Michael' 0.82), and Pratt uses 'Michael' for Koski three times in this recording (29, 31, 139, all 1.00). The register is institutional ('there can be some money that comes back in terms of Medicaid reimbursement', 'the burden of a 504 is totally on us'), unlike Frank Sprague's first-person practitioner recollections elsewhere in this same cluster. ALTERNATIVE READINGS DISCLOSED: 50-55 could be Sprague giving way to Koski at 59, and 'Michael' could in principle be Director of Student Services Michael McCosker, who is named nowhere in this recording","On the IEP side of the special education side, yes, there can be some money that come back in terms of Medicaid reimbursement,  that is, for students who are receiving related services. Speech, OT, PT, you know, but it's got to be somehow medically related to their disability. The 504 I mean, it's.",Speaker 5
0:12:46.00,0:12:47.16,766.00,767.16,Heather Whitney,"CHAIR, Claremont School Board (chair since 4/5/2023, re-elected chair 3/20/2024). She opens the meeting in her own voice at 0 ('I would like to call to order the August 21st, 2024 meeting of the Claremont School Board'), notes the clerk is absent and takes the roll herself at 4-6 ('In the absence of our secretary [or] Clark'), and reads her own name LAST in both roll calls (6; 215 'And Heather Whitney', both words confidence 1.00). Whitney Skillen names her in the third person at 532 ('I think what Heather is asking is...', 'Heather' 1.00) and Bonnie Miles addresses her as 'Heather.' at 555 (1.00) - which fixes this presiding voice as Heather Whitney and NOT Whitney Skillen, the other sitting member whose first name is Whitney and who is a separate cluster (Speaker 7) in this same recording. She gives every recognition ('Miss Gillen' 84, 196, 580; 'Arlene' 72, 141, 188, 431; 'Candy' 173; 'Miss Crawford' 195, 665, 684; 'Mister patron' 309, 401, 582, 691; 'And Frank' 235; 'Frank Sprague as the chair' 668; 'Miss Hawkins' 609), runs the consent agenda, the nonpublic votes and the adjournment (701). This cluster repeatedly absorbs the onset of the member she is recognising (84 'Miss Gillen.' + Skillen's first words; 72 + Hawkins's first words; 6, 208, 211 + other members' roll answers) and swallows a handful of neighbouring voices; the ones that can be tied to another speaker are reassigned by override",It's an accommodation.,Speaker 1
0:12:47.28,0:12:54.40,767.28,774.40,Mike Koski,"Assistant Superintendent, SAU 6 - the district's answer to the chair's question about whether 504 and IEP costs are reimbursed. The floor is handed to him mid-run at 59, 'Help me. Go ahead Michael.' ('Michael' 0.82), and Pratt uses 'Michael' for Koski three times in this recording (29, 31, 139, all 1.00). The register is institutional ('there can be some money that comes back in terms of Medicaid reimbursement', 'the burden of a 504 is totally on us'), unlike Frank Sprague's first-person practitioner recollections elsewhere in this same cluster. ALTERNATIVE READINGS DISCLOSED: 50-55 could be Sprague giving way to Koski at 59, and 'Michael' could in principle be Director of Student Services Michael McCosker, who is named nowhere in this recording","They're accommodations. On a very rare occasion. There might be some related services, but it's very rare.",Speaker 5
0:12:54.48,0:12:56.84,774.48,776.84,Heather Whitney,"CHAIR, Claremont School Board (chair since 4/5/2023, re-elected chair 3/20/2024). She opens the meeting in her own voice at 0 ('I would like to call to order the August 21st, 2024 meeting of the Claremont School Board'), notes the clerk is absent and takes the roll herself at 4-6 ('In the absence of our secretary [or] Clark'), and reads her own name LAST in both roll calls (6; 215 'And Heather Whitney', both words confidence 1.00). Whitney Skillen names her in the third person at 532 ('I think what Heather is asking is...', 'Heather' 1.00) and Bonnie Miles addresses her as 'Heather.' at 555 (1.00) - which fixes this presiding voice as Heather Whitney and NOT Whitney Skillen, the other sitting member whose first name is Whitney and who is a separate cluster (Speaker 7) in this same recording. She gives every recognition ('Miss Gillen' 84, 196, 580; 'Arlene' 72, 141, 188, 431; 'Candy' 173; 'Miss Crawford' 195, 665, 684; 'Mister patron' 309, 401, 582, 691; 'And Frank' 235; 'Frank Sprague as the chair' 668; 'Miss Hawkins' 609), runs the consent agenda, the nonpublic votes and the adjournment (701). This cluster repeatedly absorbs the onset of the member she is recognising (84 'Miss Gillen.' + Skillen's first words; 72 + Hawkins's first words; 6, 208, 211 + other members' roll answers) and swallows a handful of neighbouring voices; the ones that can be tied to another speaker are reassigned by override",So essentially to.,Speaker 1
0:12:56.92,0:12:59.54,776.92,779.54,Mike Koski,"Assistant Superintendent, SAU 6 - the district's answer to the chair's question about whether 504 and IEP costs are reimbursed. The floor is handed to him mid-run at 59, 'Help me. Go ahead Michael.' ('Michael' 0.82), and Pratt uses 'Michael' for Koski three times in this recording (29, 31, 139, all 1.00). The register is institutional ('there can be some money that comes back in terms of Medicaid reimbursement', 'the burden of a 504 is totally on us'), unlike Frank Sprague's first-person practitioner recollections elsewhere in this same cluster. ALTERNATIVE READINGS DISCLOSED: 50-55 could be Sprague giving way to Koski at 59, and 'Michael' could in principle be Director of Student Services Michael McCosker, who is named nowhere in this recording",Burden of a  of a 504 is totally on us.,Speaker 5
0:12:59.56,0:13:00.28,779.56,780.28,Heather Whitney,"CHAIR, Claremont School Board (chair since 4/5/2023, re-elected chair 3/20/2024). She opens the meeting in her own voice at 0 ('I would like to call to order the August 21st, 2024 meeting of the Claremont School Board'), notes the clerk is absent and takes the roll herself at 4-6 ('In the absence of our secretary [or] Clark'), and reads her own name LAST in both roll calls (6; 215 'And Heather Whitney', both words confidence 1.00). Whitney Skillen names her in the third person at 532 ('I think what Heather is asking is...', 'Heather' 1.00) and Bonnie Miles addresses her as 'Heather.' at 555 (1.00) - which fixes this presiding voice as Heather Whitney and NOT Whitney Skillen, the other sitting member whose first name is Whitney and who is a separate cluster (Speaker 7) in this same recording. She gives every recognition ('Miss Gillen' 84, 196, 580; 'Arlene' 72, 141, 188, 431; 'Candy' 173; 'Miss Crawford' 195, 665, 684; 'Mister patron' 309, 401, 582, 691; 'And Frank' 235; 'Frank Sprague as the chair' 668; 'Miss Hawkins' 609), runs the consent agenda, the nonpublic votes and the adjournment (701). This cluster repeatedly absorbs the onset of the member she is recognising (84 'Miss Gillen.' + Skillen's first words; 72 + Hawkins's first words; 6, 208, 211 + other members' roll answers) and swallows a handful of neighbouring voices; the ones that can be tied to another speaker are reassigned by override",That's what I wanted.,Speaker 1
0:13:00.28,0:13:00.60,780.28,780.60,Michael Petrin,"Claremont School Board member (returned to the board as a write-in in the March 2024 election). CHAIR'S RECOGNITIONS, each straight into this voice: 'Mike, do you have a question?' (188) -> 189; 'Mister patron.' (309, 0.94) -> 310; 'Mister patron.' (401, 1.00) -> 402; 'Mike.' (551, 1.00) -> 552 ('No.'); 'Mr. patron?' (582, 1.00) -> 583 ('No.'); 'Mr. patron.' (691, 0.76) -> 692. He answers the opening roll in this voice at 5 ('Patron here', 'Patron' 1.00) and the nonpublic roll at 209, and the chair credits the second on the tech-centre motion to him at 292 ('Second for Mike patron'). At 130-132 he speaks off 'Frank and Whitney, what they were saying' and tells Sprague 'Frank retired. You can go take a walk. I can't' - so he is neither of them - and Frank Sprague places him at 483: 'Mike has a background in physical therapy.' ASR renders him 'Patron', 'patron', 'Peterson' (406, 1.00). THIS CLUSTER IS A MERGE: it also carries Assistant Superintendent Mike Koski's long turns, several of Frank Sprague's, and dozens of sub-second interjections from other people; every stretch that could be tied to another speaker is reassigned by override, and short unanchored backchannels left under this label may belong to someone else",To know.,Speaker 2
0:13:00.80,0:13:07.76,780.80,787.76,Mike Koski,"Assistant Superintendent, SAU 6 - the district's answer to the chair's question about whether 504 and IEP costs are reimbursed. The floor is handed to him mid-run at 59, 'Help me. Go ahead Michael.' ('Michael' 0.82), and Pratt uses 'Michael' for Koski three times in this recording (29, 31, 139, all 1.00). The register is institutional ('there can be some money that comes back in terms of Medicaid reimbursement', 'the burden of a 504 is totally on us'), unlike Frank Sprague's first-person practitioner recollections elsewhere in this same cluster. ALTERNATIVE READINGS DISCLOSED: 50-55 could be Sprague giving way to Koski at 59, and 'Michael' could in principle be Director of Student Services Michael McCosker, who is named nowhere in this recording",And with special ed there is some state or federal reimbursements.,Speaker 5
0:13:07.84,0:13:09.20,787.84,789.20,Michael Petrin,"Claremont School Board member (returned to the board as a write-in in the March 2024 election). CHAIR'S RECOGNITIONS, each straight into this voice: 'Mike, do you have a question?' (188) -> 189; 'Mister patron.' (309, 0.94) -> 310; 'Mister patron.' (401, 1.00) -> 402; 'Mike.' (551, 1.00) -> 552 ('No.'); 'Mr. patron?' (582, 1.00) -> 583 ('No.'); 'Mr. patron.' (691, 0.76) -> 692. He answers the opening roll in this voice at 5 ('Patron here', 'Patron' 1.00) and the nonpublic roll at 209, and the chair credits the second on the tech-centre motion to him at 292 ('Second for Mike patron'). At 130-132 he speaks off 'Frank and Whitney, what they were saying' and tells Sprague 'Frank retired. You can go take a walk. I can't' - so he is neither of them - and Frank Sprague places him at 483: 'Mike has a background in physical therapy.' ASR renders him 'Patron', 'patron', 'Peterson' (406, 1.00). THIS CLUSTER IS A MERGE: it also carries Assistant Superintendent Mike Koski's long turns, several of Frank Sprague's, and dozens of sub-second interjections from other people; every stretch that could be tied to another speaker is reassigned by override, and short unanchored backchannels left under this label may belong to someone else",But don't.,Speaker 2
0:13:09.20,0:13:13.48,789.20,793.48,Mike Koski,"Assistant Superintendent, SAU 6 - the district's answer to the chair's question about whether 504 and IEP costs are reimbursed. The floor is handed to him mid-run at 59, 'Help me. Go ahead Michael.' ('Michael' 0.82), and Pratt uses 'Michael' for Koski three times in this recording (29, 31, 139, all 1.00). The register is institutional ('there can be some money that comes back in terms of Medicaid reimbursement', 'the burden of a 504 is totally on us'), unlike Frank Sprague's first-person practitioner recollections elsewhere in this same cluster. ALTERNATIVE READINGS DISCLOSED: 50-55 could be Sprague giving way to Koski at 59, and 'Michael' could in principle be Director of Student Services Michael McCosker, who is named nowhere in this recording",Hold your breath waiting for.,Speaker 5
0:13:13.56,0:13:36.56,793.56,816.56,Heather Whitney,"CHAIR, Claremont School Board (chair since 4/5/2023, re-elected chair 3/20/2024). She opens the meeting in her own voice at 0 ('I would like to call to order the August 21st, 2024 meeting of the Claremont School Board'), notes the clerk is absent and takes the roll herself at 4-6 ('In the absence of our secretary [or] Clark'), and reads her own name LAST in both roll calls (6; 215 'And Heather Whitney', both words confidence 1.00). Whitney Skillen names her in the third person at 532 ('I think what Heather is asking is...', 'Heather' 1.00) and Bonnie Miles addresses her as 'Heather.' at 555 (1.00) - which fixes this presiding voice as Heather Whitney and NOT Whitney Skillen, the other sitting member whose first name is Whitney and who is a separate cluster (Speaker 7) in this same recording. She gives every recognition ('Miss Gillen' 84, 196, 580; 'Arlene' 72, 141, 188, 431; 'Candy' 173; 'Miss Crawford' 195, 665, 684; 'Mister patron' 309, 401, 582, 691; 'And Frank' 235; 'Frank Sprague as the chair' 668; 'Miss Hawkins' 609), runs the consent agenda, the nonpublic votes and the adjournment (701). This cluster repeatedly absorbs the onset of the member she is recognising (84 'Miss Gillen.' + Skillen's first words; 72 + Hawkins's first words; 6, 208, 211 + other members' roll answers) and swallows a handful of neighbouring voices; the ones that can be tied to another speaker are reassigned by override","Mary might be able to add and there's some through adequacy aid. So if they're identified, we do get some money for each of those identified students. EP it. Yeah, but not  not  i.e. that's what I was assuming. Yeah. Okay. Arlene was first and then Arlene. Is it still the case that a 504 would be a precursor to a formal evaluation to.",Speaker 1
0:13:36.60,0:13:43.88,816.60,823.88,Arlene Hawkins,"Claremont School Board member - the chair calls on her by name in the segment immediately before ('Arlene was first and then Arlene', 72, confidences 0.99 and 1.00) and this voice asks the 504-to-evaluation questions that follow","Try accommodations? No, but is it. I mean, do we do we have students who start with accommodations and then move into.",Speaker 6
0:13:43.96,0:13:47.48,823.96,827.48,Mike Koski,"Assistant Superintendent, SAU 6 - the district's answer to the chair's question about whether 504 and IEP costs are reimbursed. The floor is handed to him mid-run at 59, 'Help me. Go ahead Michael.' ('Michael' 0.82), and Pratt uses 'Michael' for Koski three times in this recording (29, 31, 139, all 1.00). The register is institutional ('there can be some money that comes back in terms of Medicaid reimbursement', 'the burden of a 504 is totally on us'), unlike Frank Sprague's first-person practitioner recollections elsewhere in this same cluster. ALTERNATIVE READINGS DISCLOSED: 50-55 could be Sprague giving way to Koski at 59, and 'Michael' could in principle be Director of Student Services Michael McCosker, who is named nowhere in this recording","Sometimes, yes, but not always.",Speaker 5
0:13:47.72,0:13:56.72,827.72,836.72,Arlene Hawkins,"Claremont School Board member - the chair calls on her by name in the segment immediately before ('Arlene was first and then Arlene', 72, confidences 0.99 and 1.00) and this voice asks the 504-to-evaluation questions that follow",Because I'm looking at the learning disabilities. Right. And these are students who do not have IEPs included in this 504.,Speaker 6
0:13:57.40,0:14:05.36,837.40,845.36,Chris Pratt,"SUPERINTENDENT OF SCHOOLS, SAU 6 / Claremont School District. The chair puts the staff-nomination motion as 'approving the list of nominations as presented by doctor, Doctor Pratt. Mr. Pratt' (280, both 1.00) immediately after this voice's exchange, and names him three more times as the person who will bring the revised job description (558, 561, 563, 688 - all 1.00). He delivers the superintendent's report (8-41), calls it 'the superintendents report that I sent you' (8), hands off to 'Mr. O'Hearn' (219) and to 'Michael' for the AI/PD questions (31), and apologises to the board in the first person for hiring before the board approved the position (588-589). Bonnie Miles says at 568 'Mr. Pratt was an interim superintendent before you became the superintendent' and Michael Petrin at 538 'We have superintendent Chris was the acting superintendent because someone left mid-term' - both addressed to this voice, and the word 'interim' is never applied to him in the present tense anywhere in the file. Bonnie Miles and Arlene Hawkins both address him as 'Chris' (500, 502, 616; 1.00). ASR also renders him 'Mr. Pride' (610, 1.00)","Right. There are students in it might have learning disabilities, but not to the point where the second adverse effect that they need.",Speaker 3
0:14:05.44,0:14:06.12,845.44,846.12,Heather Whitney,"CHAIR, Claremont School Board (chair since 4/5/2023, re-elected chair 3/20/2024). She opens the meeting in her own voice at 0 ('I would like to call to order the August 21st, 2024 meeting of the Claremont School Board'), notes the clerk is absent and takes the roll herself at 4-6 ('In the absence of our secretary [or] Clark'), and reads her own name LAST in both roll calls (6; 215 'And Heather Whitney', both words confidence 1.00). Whitney Skillen names her in the third person at 532 ('I think what Heather is asking is...', 'Heather' 1.00) and Bonnie Miles addresses her as 'Heather.' at 555 (1.00) - which fixes this presiding voice as Heather Whitney and NOT Whitney Skillen, the other sitting member whose first name is Whitney and who is a separate cluster (Speaker 7) in this same recording. She gives every recognition ('Miss Gillen' 84, 196, 580; 'Arlene' 72, 141, 188, 431; 'Candy' 173; 'Miss Crawford' 195, 665, 684; 'Mister patron' 309, 401, 582, 691; 'And Frank' 235; 'Frank Sprague as the chair' 668; 'Miss Hawkins' 609), runs the consent agenda, the nonpublic votes and the adjournment (701). This cluster repeatedly absorbs the onset of the member she is recognising (84 'Miss Gillen.' + Skillen's first words; 72 + Hawkins's first words; 6, 208, 211 + other members' roll answers) and swallows a handful of neighbouring voices; the ones that can be tied to another speaker are reassigned by override","Right, right.",Speaker 1
0:14:06.12,0:14:13.80,846.12,853.80,Arlene Hawkins,"Claremont School Board member - the chair calls on her by name in the segment immediately before ('Arlene was first and then Arlene', 72, confidences 0.99 and 1.00) and this voice asks the 504-to-evaluation questions that follow",And for those students who don't succeed with the accommodations then a formal evaluation process might be initiated.,Speaker 6
0:14:13.88,0:14:14.16,853.88,854.16,Mike Koski,"Assistant Superintendent, SAU 6 - the district's answer to the chair's question about whether 504 and IEP costs are reimbursed. The floor is handed to him mid-run at 59, 'Help me. Go ahead Michael.' ('Michael' 0.82), and Pratt uses 'Michael' for Koski three times in this recording (29, 31, 139, all 1.00). The register is institutional ('there can be some money that comes back in terms of Medicaid reimbursement', 'the burden of a 504 is totally on us'), unlike Frank Sprague's first-person practitioner recollections elsewhere in this same cluster. ALTERNATIVE READINGS DISCLOSED: 50-55 could be Sprague giving way to Koski at 59, and 'Michael' could in principle be Director of Student Services Michael McCosker, who is named nowhere in this recording",Yes.,Speaker 5
0:14:14.20,0:14:14.72,854.20,854.72,Arlene Hawkins,"Claremont School Board member - the chair calls on her by name in the segment immediately before ('Arlene was first and then Arlene', 72, confidences 0.99 and 1.00) and this voice asks the 504-to-evaluation questions that follow",Okay.,Speaker 6
0:14:14.84,0:14:15.14,854.84,855.14,Mike Koski,"Assistant Superintendent, SAU 6 - the district's answer to the chair's question about whether 504 and IEP costs are reimbursed. The floor is handed to him mid-run at 59, 'Help me. Go ahead Michael.' ('Michael' 0.82), and Pratt uses 'Michael' for Koski three times in this recording (29, 31, 139, all 1.00). The register is institutional ('there can be some money that comes back in terms of Medicaid reimbursement', 'the burden of a 504 is totally on us'), unlike Frank Sprague's first-person practitioner recollections elsewhere in this same cluster. ALTERNATIVE READINGS DISCLOSED: 50-55 could be Sprague giving way to Koski at 59, and 'Michael' could in principle be Director of Student Services Michael McCosker, who is named nowhere in this recording",Yeah.,Speaker 5
0:14:15.28,0:14:17.44,855.28,857.44,Arlene Hawkins,"Claremont School Board member - the chair calls on her by name in the segment immediately before ('Arlene was first and then Arlene', 72, confidences 0.99 and 1.00) and this voice asks the 504-to-evaluation questions that follow",So these are without any. Thank you.,Speaker 6
0:14:17.52,0:14:22.96,857.52,862.96,Heather Whitney,"CHAIR, Claremont School Board (chair since 4/5/2023, re-elected chair 3/20/2024). She opens the meeting in her own voice at 0 ('I would like to call to order the August 21st, 2024 meeting of the Claremont School Board'), notes the clerk is absent and takes the roll herself at 4-6 ('In the absence of our secretary [or] Clark'), and reads her own name LAST in both roll calls (6; 215 'And Heather Whitney', both words confidence 1.00). Whitney Skillen names her in the third person at 532 ('I think what Heather is asking is...', 'Heather' 1.00) and Bonnie Miles addresses her as 'Heather.' at 555 (1.00) - which fixes this presiding voice as Heather Whitney and NOT Whitney Skillen, the other sitting member whose first name is Whitney and who is a separate cluster (Speaker 7) in this same recording. She gives every recognition ('Miss Gillen' 84, 196, 580; 'Arlene' 72, 141, 188, 431; 'Candy' 173; 'Miss Crawford' 195, 665, 684; 'Mister patron' 309, 401, 582, 691; 'And Frank' 235; 'Frank Sprague as the chair' 668; 'Miss Hawkins' 609), runs the consent agenda, the nonpublic votes and the adjournment (701). This cluster repeatedly absorbs the onset of the member she is recognising (84 'Miss Gillen.' + Skillen's first words; 72 + Hawkins's first words; 6, 208, 211 + other members' roll answers) and swallows a handful of neighbouring voices; the ones that can be tied to another speaker are reassigned by override","Miss Gillen.  Now I have two questions. So with the accommodations,  are.",Speaker 1
0:14:22.96,0:14:33.76,862.96,873.76,Whitney Skillen,"Claremont School Board member; CHAIR of the Policy subcommittee. CHAIR'S RECOGNITIONS straight into this voice: 'Miss Gillen.' (84, 0.82) -> 85; 'Yes, Miss Gillen.' (196, 0.43) -> 197, her motion to go into nonpublic; 'So the skill[en]' (298) -> 299; 'Miss Kellen.' (531, 0.62) -> 532; 'we can do a roll call, Whitney' (542, 0.94) -> 543; 'No objection, Miss Gillen' (580, 0.48) -> 581; 'Anybody like to make a motion and then miss going [Gillen]' (653) -> 654; and 'Anything from the policy subcommittee?' (677) -> 678, where she reports on her own schedule as policy chair. She refers to the chair in the third person at 532 ('I think what Heather is asking is'), so she is NOT Heather Whitney, who is a separate cluster (Speaker 1) here. The ASR garbles her surname as 'Gillen', 'going', 'Kellen', 'skill', 'Skilling' and - in the chair's 233 - 'still on'","The students expected to somehow,  achieve a point where they don't need a 504? Is that is that an expectation for some, at least some students?",Speaker 7
0:14:33.84,0:14:34.16,873.84,874.16,Michael Petrin,"Claremont School Board member (returned to the board as a write-in in the March 2024 election). CHAIR'S RECOGNITIONS, each straight into this voice: 'Mike, do you have a question?' (188) -> 189; 'Mister patron.' (309, 0.94) -> 310; 'Mister patron.' (401, 1.00) -> 402; 'Mike.' (551, 1.00) -> 552 ('No.'); 'Mr. patron?' (582, 1.00) -> 583 ('No.'); 'Mr. patron.' (691, 0.76) -> 692. He answers the opening roll in this voice at 5 ('Patron here', 'Patron' 1.00) and the nonpublic roll at 209, and the chair credits the second on the tech-centre motion to him at 292 ('Second for Mike patron'). At 130-132 he speaks off 'Frank and Whitney, what they were saying' and tells Sprague 'Frank retired. You can go take a walk. I can't' - so he is neither of them - and Frank Sprague places him at 483: 'Mike has a background in physical therapy.' ASR renders him 'Patron', 'patron', 'Peterson' (406, 1.00). THIS CLUSTER IS A MERGE: it also carries Assistant Superintendent Mike Koski's long turns, several of Frank Sprague's, and dozens of sub-second interjections from other people; every stretch that could be tied to another speaker is reassigned by override, and short unanchored backchannels left under this label may belong to someone else",Five.,Speaker 2
0:14:34.32,0:14:41.68,874.32,881.68,Chris Pratt,"SUPERINTENDENT OF SCHOOLS, SAU 6 / Claremont School District. The chair puts the staff-nomination motion as 'approving the list of nominations as presented by doctor, Doctor Pratt. Mr. Pratt' (280, both 1.00) immediately after this voice's exchange, and names him three more times as the person who will bring the revised job description (558, 561, 563, 688 - all 1.00). He delivers the superintendent's report (8-41), calls it 'the superintendents report that I sent you' (8), hands off to 'Mr. O'Hearn' (219) and to 'Michael' for the AI/PD questions (31), and apologises to the board in the first person for hiring before the board approved the position (588-589). Bonnie Miles says at 568 'Mr. Pratt was an interim superintendent before you became the superintendent' and Michael Petrin at 538 'We have superintendent Chris was the acting superintendent because someone left mid-term' - both addressed to this voice, and the word 'interim' is never applied to him in the present tense anywhere in the file. Bonnie Miles and Arlene Hawkins both address him as 'Chris' (500, 502, 616; 1.00). ASR also renders him 'Mr. Pride' (610, 1.00)","504 it's usually if they're in a 504, it can go you it it can be on a 504. If there aren't going to be on crutches for a few months.",Speaker 3
0:14:41.72,0:14:42.71,881.72,882.71,Michael Petrin,"Claremont School Board member (returned to the board as a write-in in the March 2024 election). CHAIR'S RECOGNITIONS, each straight into this voice: 'Mike, do you have a question?' (188) -> 189; 'Mister patron.' (309, 0.94) -> 310; 'Mister patron.' (401, 1.00) -> 402; 'Mike.' (551, 1.00) -> 552 ('No.'); 'Mr. patron?' (582, 1.00) -> 583 ('No.'); 'Mr. patron.' (691, 0.76) -> 692. He answers the opening roll in this voice at 5 ('Patron here', 'Patron' 1.00) and the nonpublic roll at 209, and the chair credits the second on the tech-centre motion to him at 292 ('Second for Mike patron'). At 130-132 he speaks off 'Frank and Whitney, what they were saying' and tells Sprague 'Frank retired. You can go take a walk. I can't' - so he is neither of them - and Frank Sprague places him at 483: 'Mike has a background in physical therapy.' ASR renders him 'Patron', 'patron', 'Peterson' (406, 1.00). THIS CLUSTER IS A MERGE: it also carries Assistant Superintendent Mike Koski's long turns, several of Frank Sprague's, and dozens of sub-second interjections from other people; every stretch that could be tied to another speaker is reassigned by override, and short unanchored backchannels left under this label may belong to someone else",Okay.,Speaker 2
0:14:42.79,0:14:51.32,882.79,891.32,Chris Pratt,"SUPERINTENDENT OF SCHOOLS, SAU 6 / Claremont School District. The chair puts the staff-nomination motion as 'approving the list of nominations as presented by doctor, Doctor Pratt. Mr. Pratt' (280, both 1.00) immediately after this voice's exchange, and names him three more times as the person who will bring the revised job description (558, 561, 563, 688 - all 1.00). He delivers the superintendent's report (8-41), calls it 'the superintendents report that I sent you' (8), hands off to 'Mr. O'Hearn' (219) and to 'Michael' for the AI/PD questions (31), and apologises to the board in the first person for hiring before the board approved the position (588-589). Bonnie Miles says at 568 'Mr. Pratt was an interim superintendent before you became the superintendent' and Michael Petrin at 538 'We have superintendent Chris was the acting superintendent because someone left mid-term' - both addressed to this voice, and the word 'interim' is never applied to him in the present tense anywhere in the file. Bonnie Miles and Arlene Hawkins both address him as 'Chris' (500, 502, 616; 1.00). ASR also renders him 'Mr. Pride' (610, 1.00)","In a lot of cases, if they're in 504, it's a life altering issue that it's never going to go away.",Speaker 3
0:14:51.45,0:14:52.11,891.45,892.11,Candace Crawford,"Claremont School Board member (appointed 7/19/2023, re-elected March 2024); reports for the Capital Improvement Committee and the SRVRTC visioning committee. CHAIR'S RECOGNITIONS straight into this voice: 'Yes. Candy.' (173, 1.00) -> 174 'Do I make [a motion]'; 'Any Crawford seconds' (200, 0.86) right after 199; 'the motion, as stated by Miss Crawford' (195, 1.00) closing the Girls on the Run vote she moved at 183; 'And Candace and then, Mr. Patron' (373) -> 374; 'we're going to start with the Capital Improvement Subcommittee. And that would be Miss Crawford' (665, 1.00) -> 666; 'And Miss Crawford, you're up again' (684, 1.00) -> 685. She addresses Bonnie Miles by name at 408 ('I think Bonnie', 0.98), which is what separates Miles from Arlene Hawkins inside Speaker 6",So five.,Speaker 4
0:14:52.12,0:14:52.96,892.12,892.96,Michael Petrin,"Claremont School Board member (returned to the board as a write-in in the March 2024 election). CHAIR'S RECOGNITIONS, each straight into this voice: 'Mike, do you have a question?' (188) -> 189; 'Mister patron.' (309, 0.94) -> 310; 'Mister patron.' (401, 1.00) -> 402; 'Mike.' (551, 1.00) -> 552 ('No.'); 'Mr. patron?' (582, 1.00) -> 583 ('No.'); 'Mr. patron.' (691, 0.76) -> 692. He answers the opening roll in this voice at 5 ('Patron here', 'Patron' 1.00) and the nonpublic roll at 209, and the chair credits the second on the tech-centre motion to him at 292 ('Second for Mike patron'). At 130-132 he speaks off 'Frank and Whitney, what they were saying' and tells Sprague 'Frank retired. You can go take a walk. I can't' - so he is neither of them - and Frank Sprague places him at 483: 'Mike has a background in physical therapy.' ASR renders him 'Patron', 'patron', 'Peterson' (406, 1.00). THIS CLUSTER IS A MERGE: it also carries Assistant Superintendent Mike Koski's long turns, several of Frank Sprague's, and dozens of sub-second interjections from other people; every stretch that could be tied to another speaker is reassigned by override, and short unanchored backchannels left under this label may belong to someone else",Oh four for.,Speaker 2
0:14:52.96,0:15:12.88,892.96,912.88,Chris Pratt,"SUPERINTENDENT OF SCHOOLS, SAU 6 / Claremont School District. The chair puts the staff-nomination motion as 'approving the list of nominations as presented by doctor, Doctor Pratt. Mr. Pratt' (280, both 1.00) immediately after this voice's exchange, and names him three more times as the person who will bring the revised job description (558, 561, 563, 688 - all 1.00). He delivers the superintendent's report (8-41), calls it 'the superintendents report that I sent you' (8), hands off to 'Mr. O'Hearn' (219) and to 'Michael' for the AI/PD questions (31), and apologises to the board in the first person for hiring before the board approved the position (588-589). Bonnie Miles says at 568 'Mr. Pratt was an interim superintendent before you became the superintendent' and Michael Petrin at 538 'We have superintendent Chris was the acting superintendent because someone left mid-term' - both addressed to this voice, and the word 'interim' is never applied to him in the present tense anywhere in the file. Bonnie Miles and Arlene Hawkins both address him as 'Chris' (500, 502, 616; 1.00). ASR also renders him 'Mr. Pride' (610, 1.00)","Life, for accommodations, for instance, if you're for you may have a teacher or an educator is going to education in is on a 504 they because they're on a 504 and it might be tied to a dyslexia or something, but it's not enough to put them on ITV. They can get accommodations for extended time and taking their practices.",Speaker 3
0:15:13.08,0:15:13.56,913.08,913.56,Heather Whitney,"CHAIR, Claremont School Board (chair since 4/5/2023, re-elected chair 3/20/2024). She opens the meeting in her own voice at 0 ('I would like to call to order the August 21st, 2024 meeting of the Claremont School Board'), notes the clerk is absent and takes the roll herself at 4-6 ('In the absence of our secretary [or] Clark'), and reads her own name LAST in both roll calls (6; 215 'And Heather Whitney', both words confidence 1.00). Whitney Skillen names her in the third person at 532 ('I think what Heather is asking is...', 'Heather' 1.00) and Bonnie Miles addresses her as 'Heather.' at 555 (1.00) - which fixes this presiding voice as Heather Whitney and NOT Whitney Skillen, the other sitting member whose first name is Whitney and who is a separate cluster (Speaker 7) in this same recording. She gives every recognition ('Miss Gillen' 84, 196, 580; 'Arlene' 72, 141, 188, 431; 'Candy' 173; 'Miss Crawford' 195, 665, 684; 'Mister patron' 309, 401, 582, 691; 'And Frank' 235; 'Frank Sprague as the chair' 668; 'Miss Hawkins' 609), runs the consent agenda, the nonpublic votes and the adjournment (701). This cluster repeatedly absorbs the onset of the member she is recognising (84 'Miss Gillen.' + Skillen's first words; 72 + Hawkins's first words; 6, 208, 211 + other members' roll answers) and swallows a handful of neighbouring voices; the ones that can be tied to another speaker are reassigned by override",Okay.,Speaker 1
0:15:13.60,0:15:19.24,913.60,919.24,Chris Pratt,"SUPERINTENDENT OF SCHOOLS, SAU 6 / Claremont School District. The chair puts the staff-nomination motion as 'approving the list of nominations as presented by doctor, Doctor Pratt. Mr. Pratt' (280, both 1.00) immediately after this voice's exchange, and names him three more times as the person who will bring the revised job description (558, 561, 563, 688 - all 1.00). He delivers the superintendent's report (8-41), calls it 'the superintendents report that I sent you' (8), hands off to 'Mr. O'Hearn' (219) and to 'Michael' for the AI/PD questions (31), and apologises to the board in the first person for hiring before the board approved the position (588-589). Bonnie Miles says at 568 'Mr. Pratt was an interim superintendent before you became the superintendent' and Michael Petrin at 538 'We have superintendent Chris was the acting superintendent because someone left mid-term' - both addressed to this voice, and the word 'interim' is never applied to him in the present tense anywhere in the file. Bonnie Miles and Arlene Hawkins both address him as 'Chris' (500, 502, 616; 1.00). ASR also renders him 'Mr. Pride' (610, 1.00)","So it's Bible force can be very short term, but they also can follow them.",Speaker 3
0:15:19.32,0:15:21.24,919.32,921.24,Whitney Skillen,"Claremont School Board member; CHAIR of the Policy subcommittee. CHAIR'S RECOGNITIONS straight into this voice: 'Miss Gillen.' (84, 0.82) -> 85; 'Yes, Miss Gillen.' (196, 0.43) -> 197, her motion to go into nonpublic; 'So the skill[en]' (298) -> 299; 'Miss Kellen.' (531, 0.62) -> 532; 'we can do a roll call, Whitney' (542, 0.94) -> 543; 'No objection, Miss Gillen' (580, 0.48) -> 581; 'Anybody like to make a motion and then miss going [Gillen]' (653) -> 654; and 'Anything from the policy subcommittee?' (677) -> 678, where she reports on her own schedule as policy chair. She refers to the chair in the third person at 532 ('I think what Heather is asking is'), so she is NOT Heather Whitney, who is a separate cluster (Speaker 1) here. The ASR garbles her surname as 'Gillen', 'going', 'Kellen', 'skill', 'Skilling' and - in the chair's 233 - 'still on'",Like it just depends on the need.,Speaker 7
0:15:21.32,0:15:29.88,921.32,929.88,Chris Pratt,"SUPERINTENDENT OF SCHOOLS, SAU 6 / Claremont School District. The chair puts the staff-nomination motion as 'approving the list of nominations as presented by doctor, Doctor Pratt. Mr. Pratt' (280, both 1.00) immediately after this voice's exchange, and names him three more times as the person who will bring the revised job description (558, 561, 563, 688 - all 1.00). He delivers the superintendent's report (8-41), calls it 'the superintendents report that I sent you' (8), hands off to 'Mr. O'Hearn' (219) and to 'Michael' for the AI/PD questions (31), and apologises to the board in the first person for hiring before the board approved the position (588-589). Bonnie Miles says at 568 'Mr. Pratt was an interim superintendent before you became the superintendent' and Michael Petrin at 538 'We have superintendent Chris was the acting superintendent because someone left mid-term' - both addressed to this voice, and the word 'interim' is never applied to him in the present tense anywhere in the file. Bonnie Miles and Arlene Hawkins both address him as 'Chris' (500, 502, 616; 1.00). ASR also renders him 'Mr. Pride' (610, 1.00)",For has actually pulled more clout with federal and state law than it is because it's under the Disabilities Act.,Speaker 3
0:15:30.04,0:15:31.12,930.04,931.12,Heather Whitney,"CHAIR, Claremont School Board (chair since 4/5/2023, re-elected chair 3/20/2024). She opens the meeting in her own voice at 0 ('I would like to call to order the August 21st, 2024 meeting of the Claremont School Board'), notes the clerk is absent and takes the roll herself at 4-6 ('In the absence of our secretary [or] Clark'), and reads her own name LAST in both roll calls (6; 215 'And Heather Whitney', both words confidence 1.00). Whitney Skillen names her in the third person at 532 ('I think what Heather is asking is...', 'Heather' 1.00) and Bonnie Miles addresses her as 'Heather.' at 555 (1.00) - which fixes this presiding voice as Heather Whitney and NOT Whitney Skillen, the other sitting member whose first name is Whitney and who is a separate cluster (Speaker 7) in this same recording. She gives every recognition ('Miss Gillen' 84, 196, 580; 'Arlene' 72, 141, 188, 431; 'Candy' 173; 'Miss Crawford' 195, 665, 684; 'Mister patron' 309, 401, 582, 691; 'And Frank' 235; 'Frank Sprague as the chair' 668; 'Miss Hawkins' 609), runs the consent agenda, the nonpublic votes and the adjournment (701). This cluster repeatedly absorbs the onset of the member she is recognising (84 'Miss Gillen.' + Skillen's first words; 72 + Hawkins's first words; 6, 208, 211 + other members' roll answers) and swallows a handful of neighbouring voices; the ones that can be tied to another speaker are reassigned by override",Civil rights.,Speaker 1
0:15:31.20,0:16:02.52,931.20,962.52,Whitney Skillen,"Claremont School Board member; CHAIR of the Policy subcommittee. CHAIR'S RECOGNITIONS straight into this voice: 'Miss Gillen.' (84, 0.82) -> 85; 'Yes, Miss Gillen.' (196, 0.43) -> 197, her motion to go into nonpublic; 'So the skill[en]' (298) -> 299; 'Miss Kellen.' (531, 0.62) -> 532; 'we can do a roll call, Whitney' (542, 0.94) -> 543; 'No objection, Miss Gillen' (580, 0.48) -> 581; 'Anybody like to make a motion and then miss going [Gillen]' (653) -> 654; and 'Anything from the policy subcommittee?' (677) -> 678, where she reports on her own schedule as policy chair. She refers to the chair in the third person at 532 ('I think what Heather is asking is'), so she is NOT Heather Whitney, who is a separate cluster (Speaker 1) here. The ASR garbles her surname as 'Gillen', 'going', 'Kellen', 'skill', 'Skilling' and - in the chair's 233 - 'still on'","I have a second question is wait. No, don't don't leave me. It was just here. It was just here. Okay. Yes, it was about the accommodations are there.  Are there like any emerging trends in the industry specifically for students who are identified with ADHD and maybe ADHD, Add and ADHD? Are there any, like, emerging trends in the industry on helping  the students and possibly the family?",Speaker 7
0:16:02.52,0:16:36.15,962.52,996.15,Whitney Skillen,"Claremont School Board member; CHAIR of the Policy subcommittee. CHAIR'S RECOGNITIONS straight into this voice: 'Miss Gillen.' (84, 0.82) -> 85; 'Yes, Miss Gillen.' (196, 0.43) -> 197, her motion to go into nonpublic; 'So the skill[en]' (298) -> 299; 'Miss Kellen.' (531, 0.62) -> 532; 'we can do a roll call, Whitney' (542, 0.94) -> 543; 'No objection, Miss Gillen' (580, 0.48) -> 581; 'Anybody like to make a motion and then miss going [Gillen]' (653) -> 654; and 'Anything from the policy subcommittee?' (677) -> 678, where she reports on her own schedule as policy chair. She refers to the chair in the third person at 532 ('I think what Heather is asking is'), so she is NOT Heather Whitney, who is a separate cluster (Speaker 1) here. The ASR garbles her surname as 'Gillen', 'going', 'Kellen', 'skill', 'Skilling' and - in the chair's 233 - 'still on'","And this also may require resources. I understand that resources that we don't have helping more with like management of symptoms. I don't know how to describe it. So a personal standpoint, there's a lot out there for adults now for like managing symptoms related to like hyperactivity and distractions and Add and whatnot. Are there like emerging things happening in public elementary schools, for example, to help children and families learn how to manage symptoms and still be successful at whatever you're trying to achieve, like with with something like Addie.",Speaker 7
0:16:36.28,0:16:36.88,996.28,996.88,Michael Petrin,"Claremont School Board member (returned to the board as a write-in in the March 2024 election). CHAIR'S RECOGNITIONS, each straight into this voice: 'Mike, do you have a question?' (188) -> 189; 'Mister patron.' (309, 0.94) -> 310; 'Mister patron.' (401, 1.00) -> 402; 'Mike.' (551, 1.00) -> 552 ('No.'); 'Mr. patron?' (582, 1.00) -> 583 ('No.'); 'Mr. patron.' (691, 0.76) -> 692. He answers the opening roll in this voice at 5 ('Patron here', 'Patron' 1.00) and the nonpublic roll at 209, and the chair credits the second on the tech-centre motion to him at 292 ('Second for Mike patron'). At 130-132 he speaks off 'Frank and Whitney, what they were saying' and tells Sprague 'Frank retired. You can go take a walk. I can't' - so he is neither of them - and Frank Sprague places him at 483: 'Mike has a background in physical therapy.' ASR renders him 'Patron', 'patron', 'Peterson' (406, 1.00). THIS CLUSTER IS A MERGE: it also carries Assistant Superintendent Mike Koski's long turns, several of Frank Sprague's, and dozens of sub-second interjections from other people; every stretch that could be tied to another speaker is reassigned by override, and short unanchored backchannels left under this label may belong to someone else","Yeah, that's.",Speaker 2
0:16:37.00,0:17:06.36,997.00,1026.36,Chris Pratt,"SUPERINTENDENT OF SCHOOLS, SAU 6 / Claremont School District. The chair puts the staff-nomination motion as 'approving the list of nominations as presented by doctor, Doctor Pratt. Mr. Pratt' (280, both 1.00) immediately after this voice's exchange, and names him three more times as the person who will bring the revised job description (558, 561, 563, 688 - all 1.00). He delivers the superintendent's report (8-41), calls it 'the superintendents report that I sent you' (8), hands off to 'Mr. O'Hearn' (219) and to 'Michael' for the AI/PD questions (31), and apologises to the board in the first person for hiring before the board approved the position (588-589). Bonnie Miles says at 568 'Mr. Pratt was an interim superintendent before you became the superintendent' and Michael Petrin at 538 'We have superintendent Chris was the acting superintendent because someone left mid-term' - both addressed to this voice, and the word 'interim' is never applied to him in the present tense anywhere in the file. Bonnie Miles and Arlene Hawkins both address him as 'Chris' (500, 502, 616; 1.00). ASR also renders him 'Mr. Pride' (610, 1.00)","You know, that's a huge role that, you know, educators are dealing with. Because usually if you have a student who's Addie or ADHD, usually depression, anxiety goes along with it. Not always, but usually. But that's what we're seeing in the classrooms now, is that trying to prepare teachers to how to work with all students and, as they get older, trying to work with that student to identify what works best for you, what your learning sound, what you need medically or physically.",Speaker 3
0:17:06.44,0:17:11.20,1026.44,1031.20,Chris Pratt,"SUPERINTENDENT OF SCHOOLS, SAU 6 / Claremont School District. The chair puts the staff-nomination motion as 'approving the list of nominations as presented by doctor, Doctor Pratt. Mr. Pratt' (280, both 1.00) immediately after this voice's exchange, and names him three more times as the person who will bring the revised job description (558, 561, 563, 688 - all 1.00). He delivers the superintendent's report (8-41), calls it 'the superintendents report that I sent you' (8), hands off to 'Mr. O'Hearn' (219) and to 'Michael' for the AI/PD questions (31), and apologises to the board in the first person for hiring before the board approved the position (588-589). Bonnie Miles says at 568 'Mr. Pratt was an interim superintendent before you became the superintendent' and Michael Petrin at 538 'We have superintendent Chris was the acting superintendent because someone left mid-term' - both addressed to this voice, and the word 'interim' is never applied to him in the present tense anywhere in the file. Bonnie Miles and Arlene Hawkins both address him as 'Chris' (500, 502, 616; 1.00). ASR also renders him 'Mr. Pride' (610, 1.00)",So moving forward post high school that.,Speaker 3
0:17:11.20,0:17:11.64,1031.20,1031.64,Michael Petrin,"Claremont School Board member (returned to the board as a write-in in the March 2024 election). CHAIR'S RECOGNITIONS, each straight into this voice: 'Mike, do you have a question?' (188) -> 189; 'Mister patron.' (309, 0.94) -> 310; 'Mister patron.' (401, 1.00) -> 402; 'Mike.' (551, 1.00) -> 552 ('No.'); 'Mr. patron?' (582, 1.00) -> 583 ('No.'); 'Mr. patron.' (691, 0.76) -> 692. He answers the opening roll in this voice at 5 ('Patron here', 'Patron' 1.00) and the nonpublic roll at 209, and the chair credits the second on the tech-centre motion to him at 292 ('Second for Mike patron'). At 130-132 he speaks off 'Frank and Whitney, what they were saying' and tells Sprague 'Frank retired. You can go take a walk. I can't' - so he is neither of them - and Frank Sprague places him at 483: 'Mike has a background in physical therapy.' ASR renders him 'Patron', 'patron', 'Peterson' (406, 1.00). THIS CLUSTER IS A MERGE: it also carries Assistant Superintendent Mike Koski's long turns, several of Frank Sprague's, and dozens of sub-second interjections from other people; every stretch that could be tied to another speaker is reassigned by override, and short unanchored backchannels left under this label may belong to someone else",You.,Speaker 2
0:17:11.84,0:17:35.48,1031.84,1055.48,Chris Pratt,"SUPERINTENDENT OF SCHOOLS, SAU 6 / Claremont School District. The chair puts the staff-nomination motion as 'approving the list of nominations as presented by doctor, Doctor Pratt. Mr. Pratt' (280, both 1.00) immediately after this voice's exchange, and names him three more times as the person who will bring the revised job description (558, 561, 563, 688 - all 1.00). He delivers the superintendent's report (8-41), calls it 'the superintendents report that I sent you' (8), hands off to 'Mr. O'Hearn' (219) and to 'Michael' for the AI/PD questions (31), and apologises to the board in the first person for hiring before the board approved the position (588-589). Bonnie Miles says at 568 'Mr. Pratt was an interim superintendent before you became the superintendent' and Michael Petrin at 538 'We have superintendent Chris was the acting superintendent because someone left mid-term' - both addressed to this voice, and the word 'interim' is never applied to him in the present tense anywhere in the file. Bonnie Miles and Arlene Hawkins both address him as 'Chris' (500, 502, 616; 1.00). ASR also renders him 'Mr. Pride' (610, 1.00)","Can still be successful as you get older, as an adult, to meet the needs that you have based on the resources that are out there. Okay, but  it looks different from elementary. But we try we're trying to really and that's why we're really looking at instructional practices. We have so many different types of learnings. We have to do a better job of meeting them where they are, and not just assuming that they have to adjust to the teacher.",Speaker 3
0:17:35.48,0:17:37.36,1055.48,1057.36,Chris Pratt,"SUPERINTENDENT OF SCHOOLS, SAU 6 / Claremont School District. The chair puts the staff-nomination motion as 'approving the list of nominations as presented by doctor, Doctor Pratt. Mr. Pratt' (280, both 1.00) immediately after this voice's exchange, and names him three more times as the person who will bring the revised job description (558, 561, 563, 688 - all 1.00). He delivers the superintendent's report (8-41), calls it 'the superintendents report that I sent you' (8), hands off to 'Mr. O'Hearn' (219) and to 'Michael' for the AI/PD questions (31), and apologises to the board in the first person for hiring before the board approved the position (588-589). Bonnie Miles says at 568 'Mr. Pratt was an interim superintendent before you became the superintendent' and Michael Petrin at 538 'We have superintendent Chris was the acting superintendent because someone left mid-term' - both addressed to this voice, and the word 'interim' is never applied to him in the present tense anywhere in the file. Bonnie Miles and Arlene Hawkins both address him as 'Chris' (500, 502, 616; 1.00). ASR also renders him 'Mr. Pride' (610, 1.00)","We should be adjusting to them, right?",Speaker 3
0:17:37.44,0:18:02.76,1057.44,1082.76,Whitney Skillen,"Claremont School Board member; CHAIR of the Policy subcommittee. CHAIR'S RECOGNITIONS straight into this voice: 'Miss Gillen.' (84, 0.82) -> 85; 'Yes, Miss Gillen.' (196, 0.43) -> 197, her motion to go into nonpublic; 'So the skill[en]' (298) -> 299; 'Miss Kellen.' (531, 0.62) -> 532; 'we can do a roll call, Whitney' (542, 0.94) -> 543; 'No objection, Miss Gillen' (580, 0.48) -> 581; 'Anybody like to make a motion and then miss going [Gillen]' (653) -> 654; and 'Anything from the policy subcommittee?' (677) -> 678, where she reports on her own schedule as policy chair. She refers to the chair in the third person at 532 ('I think what Heather is asking is'), so she is NOT Heather Whitney, who is a separate cluster (Speaker 1) here. The ASR garbles her surname as 'Gillen', 'going', 'Kellen', 'skill', 'Skilling' and - in the chair's 233 - 'still on'","Are there services in the community like through TLC or Turning Points Network? I know they do a lot of other things, but I have learned that their portfolio of services a lot more robust than I previously knew. So I'm wondering if there are services to help families with, to help families help their children manage their symptoms. Really. That's really what it is like manage their symptoms when it comes to stuff like that.",Speaker 7
0:18:02.76,0:18:25.20,1082.76,1105.20,Whitney Skillen,"Claremont School Board member; CHAIR of the Policy subcommittee. CHAIR'S RECOGNITIONS straight into this voice: 'Miss Gillen.' (84, 0.82) -> 85; 'Yes, Miss Gillen.' (196, 0.43) -> 197, her motion to go into nonpublic; 'So the skill[en]' (298) -> 299; 'Miss Kellen.' (531, 0.62) -> 532; 'we can do a roll call, Whitney' (542, 0.94) -> 543; 'No objection, Miss Gillen' (580, 0.48) -> 581; 'Anybody like to make a motion and then miss going [Gillen]' (653) -> 654; and 'Anything from the policy subcommittee?' (677) -> 678, where she reports on her own schedule as policy chair. She refers to the chair in the third person at 532 ('I think what Heather is asking is'), so she is NOT Heather Whitney, who is a separate cluster (Speaker 1) here. The ASR garbles her surname as 'Gillen', 'going', 'Kellen', 'skill', 'Skilling' and - in the chair's 233 - 'still on'","Because I get the whole classroom management thing and helping students succeed in all of that. But,  there are for, for certain like conditions, there are like ways that you can learn how to manage it. And I'm wondering if these kids are getting the support and the help to be like, hey, when you're feeling a little distracted, you might be able to put your energy into this little thing and get back to your goal.",Speaker 7
0:18:25.28,0:18:26.12,1105.28,1106.12,Whitney Skillen,"Claremont School Board member; CHAIR of the Policy subcommittee. CHAIR'S RECOGNITIONS straight into this voice: 'Miss Gillen.' (84, 0.82) -> 85; 'Yes, Miss Gillen.' (196, 0.43) -> 197, her motion to go into nonpublic; 'So the skill[en]' (298) -> 299; 'Miss Kellen.' (531, 0.62) -> 532; 'we can do a roll call, Whitney' (542, 0.94) -> 543; 'No objection, Miss Gillen' (580, 0.48) -> 581; 'Anybody like to make a motion and then miss going [Gillen]' (653) -> 654; and 'Anything from the policy subcommittee?' (677) -> 678, where she reports on her own schedule as policy chair. She refers to the chair in the third person at 532 ('I think what Heather is asking is'), so she is NOT Heather Whitney, who is a separate cluster (Speaker 1) here. The ASR garbles her surname as 'Gillen', 'going', 'Kellen', 'skill', 'Skilling' and - in the chair's 233 - 'still on'",Does that make sense?,Speaker 7
0:18:26.28,0:18:50.12,1106.28,1130.12,Mike Koski,"Assistant Superintendent, SAU 6 - the middle-school self-regulation training he is running this year, including the plug for local author John Wharton; Pratt confirms at 139 'the work that Michael did with the team'","So one of the it's not the elementary school, but we've targeted the middle school this year for that training where we're we've had a team of teachers from the middle school learn a bunch of training teachers. Teachers. Yeah, but the teachers will then train the other staff to teach students how to pause and just reset themselves. Okay. So they can go back to learning.",Speaker 2
0:18:50.20,0:18:55.92,1130.20,1135.92,Mike Koski,"Assistant Superintendent, SAU 6 - the middle-school self-regulation training he is running this year, including the plug for local author John Wharton; Pratt confirms at 139 'the work that Michael did with the team'","Okay. And how do I,  when they're off track and they're getting a little caught up in the little whirlpool?",Speaker 2
0:18:56.08,0:18:57.32,1136.08,1137.32,Whitney Skillen,"Claremont School Board member; CHAIR of the Policy subcommittee. CHAIR'S RECOGNITIONS straight into this voice: 'Miss Gillen.' (84, 0.82) -> 85; 'Yes, Miss Gillen.' (196, 0.43) -> 197, her motion to go into nonpublic; 'So the skill[en]' (298) -> 299; 'Miss Kellen.' (531, 0.62) -> 532; 'we can do a roll call, Whitney' (542, 0.94) -> 543; 'No objection, Miss Gillen' (580, 0.48) -> 581; 'Anybody like to make a motion and then miss going [Gillen]' (653) -> 654; and 'Anything from the policy subcommittee?' (677) -> 678, where she reports on her own schedule as policy chair. She refers to the chair in the third person at 532 ('I think what Heather is asking is'), so she is NOT Heather Whitney, who is a separate cluster (Speaker 1) here. The ASR garbles her surname as 'Gillen', 'going', 'Kellen', 'skill', 'Skilling' and - in the chair's 233 - 'still on'",That's what I was looking for. Yeah.,Speaker 7
0:18:57.36,0:19:22.12,1137.36,1162.12,Mike Koski,"Assistant Superintendent, SAU 6 - the middle-school self-regulation training he is running this year, including the plug for local author John Wharton; Pratt confirms at 139 'the work that Michael did with the team'","Yeah. Just different techniques to reset themselves. So,  I'll give a plug to, it's John Wharton, and he lives locally. He's an author on the subject, written several books. He's really giving up a lot of his own time to work with us.  And so he's he's going to meet Friday with the middle school for the entire staff, and he'll be working with the middle school the rest of the year.",Speaker 2
0:19:22.20,0:19:43.36,1162.20,1183.36,Mike Koski,"Assistant Superintendent, SAU 6 - the middle-school self-regulation training he is running this year, including the plug for local author John Wharton; Pratt confirms at 139 'the work that Michael did with the team'","And we're kind of piloting. And if it works there, stretch it out to the other, the other areas. But you're right, that is a need. A lot of it is due to screen time, and kids don't manage their world and their turn. And so we've got to teach them some techniques. Yeah, yeah.",Speaker 2
0:19:43.56,0:19:46.76,1183.56,1186.76,Chris Pratt,"SUPERINTENDENT OF SCHOOLS, SAU 6 / Claremont School District. The chair puts the staff-nomination motion as 'approving the list of nominations as presented by doctor, Doctor Pratt. Mr. Pratt' (280, both 1.00) immediately after this voice's exchange, and names him three more times as the person who will bring the revised job description (558, 561, 563, 688 - all 1.00). He delivers the superintendent's report (8-41), calls it 'the superintendents report that I sent you' (8), hands off to 'Mr. O'Hearn' (219) and to 'Michael' for the AI/PD questions (31), and apologises to the board in the first person for hiring before the board approved the position (588-589). Bonnie Miles says at 568 'Mr. Pratt was an interim superintendent before you became the superintendent' and Michael Petrin at 538 'We have superintendent Chris was the acting superintendent because someone left mid-term' - both addressed to this voice, and the word 'interim' is never applied to him in the present tense anywhere in the file. Bonnie Miles and Arlene Hawkins both address him as 'Chris' (500, 502, 616; 1.00). ASR also renders him 'Mr. Pride' (610, 1.00)",Good question. People who think it was a plant because of all the work we've done this summer.,Speaker 3
0:19:46.92,0:19:48.44,1186.92,1188.44,Whitney Skillen,"Claremont School Board member; CHAIR of the Policy subcommittee. CHAIR'S RECOGNITIONS straight into this voice: 'Miss Gillen.' (84, 0.82) -> 85; 'Yes, Miss Gillen.' (196, 0.43) -> 197, her motion to go into nonpublic; 'So the skill[en]' (298) -> 299; 'Miss Kellen.' (531, 0.62) -> 532; 'we can do a roll call, Whitney' (542, 0.94) -> 543; 'No objection, Miss Gillen' (580, 0.48) -> 581; 'Anybody like to make a motion and then miss going [Gillen]' (653) -> 654; and 'Anything from the policy subcommittee?' (677) -> 678, where she reports on her own schedule as policy chair. She refers to the chair in the third person at 532 ('I think what Heather is asking is'), so she is NOT Heather Whitney, who is a separate cluster (Speaker 1) here. The ASR garbles her surname as 'Gillen', 'going', 'Kellen', 'skill', 'Skilling' and - in the chair's 233 - 'still on'","Oh well, I mean, I.",Speaker 7
0:19:48.44,0:19:50.20,1188.44,1190.20,Michael Petrin,"Claremont School Board member (returned to the board as a write-in in the March 2024 election). CHAIR'S RECOGNITIONS, each straight into this voice: 'Mike, do you have a question?' (188) -> 189; 'Mister patron.' (309, 0.94) -> 310; 'Mister patron.' (401, 1.00) -> 402; 'Mike.' (551, 1.00) -> 552 ('No.'); 'Mr. patron?' (582, 1.00) -> 583 ('No.'); 'Mr. patron.' (691, 0.76) -> 692. He answers the opening roll in this voice at 5 ('Patron here', 'Patron' 1.00) and the nonpublic roll at 209, and the chair credits the second on the tech-centre motion to him at 292 ('Second for Mike patron'). At 130-132 he speaks off 'Frank and Whitney, what they were saying' and tells Sprague 'Frank retired. You can go take a walk. I can't' - so he is neither of them - and Frank Sprague places him at 483: 'Mike has a background in physical therapy.' ASR renders him 'Patron', 'patron', 'Peterson' (406, 1.00). THIS CLUSTER IS A MERGE: it also carries Assistant Superintendent Mike Koski's long turns, several of Frank Sprague's, and dozens of sub-second interjections from other people; every stretch that could be tied to another speaker is reassigned by override, and short unanchored backchannels left under this label may belong to someone else","Mean, I appreciate the honor.",Speaker 2
0:19:50.28,0:19:54.72,1190.28,1194.72,Whitney Skillen,"Claremont School Board member; CHAIR of the Policy subcommittee. CHAIR'S RECOGNITIONS straight into this voice: 'Miss Gillen.' (84, 0.82) -> 85; 'Yes, Miss Gillen.' (196, 0.43) -> 197, her motion to go into nonpublic; 'So the skill[en]' (298) -> 299; 'Miss Kellen.' (531, 0.62) -> 532; 'we can do a roll call, Whitney' (542, 0.94) -> 543; 'No objection, Miss Gillen' (580, 0.48) -> 581; 'Anybody like to make a motion and then miss going [Gillen]' (653) -> 654; and 'Anything from the policy subcommittee?' (677) -> 678, where she reports on her own schedule as policy chair. She refers to the chair in the third person at 532 ('I think what Heather is asking is'), so she is NOT Heather Whitney, who is a separate cluster (Speaker 1) here. The ASR garbles her surname as 'Gillen', 'going', 'Kellen', 'skill', 'Skilling' and - in the chair's 233 - 'still on'","Yes, yes. Thank you so much. That's exactly what I was looking forward to doing. Great.",Speaker 7
0:19:54.80,0:19:55.44,1194.80,1195.44,Heather Whitney,"CHAIR, Claremont School Board (chair since 4/5/2023, re-elected chair 3/20/2024). She opens the meeting in her own voice at 0 ('I would like to call to order the August 21st, 2024 meeting of the Claremont School Board'), notes the clerk is absent and takes the roll herself at 4-6 ('In the absence of our secretary [or] Clark'), and reads her own name LAST in both roll calls (6; 215 'And Heather Whitney', both words confidence 1.00). Whitney Skillen names her in the third person at 532 ('I think what Heather is asking is...', 'Heather' 1.00) and Bonnie Miles addresses her as 'Heather.' at 555 (1.00) - which fixes this presiding voice as Heather Whitney and NOT Whitney Skillen, the other sitting member whose first name is Whitney and who is a separate cluster (Speaker 7) in this same recording. She gives every recognition ('Miss Gillen' 84, 196, 580; 'Arlene' 72, 141, 188, 431; 'Candy' 173; 'Miss Crawford' 195, 665, 684; 'Mister patron' 309, 401, 582, 691; 'And Frank' 235; 'Frank Sprague as the chair' 668; 'Miss Hawkins' 609), runs the consent agenda, the nonpublic votes and the adjournment (701). This cluster repeatedly absorbs the onset of the member she is recognising (84 'Miss Gillen.' + Skillen's first words; 72 + Hawkins's first words; 6, 208, 211 + other members' roll answers) and swallows a handful of neighbouring voices; the ones that can be tied to another speaker are reassigned by override",Right.,Speaker 1
0:19:55.52,0:19:58.08,1195.52,1198.08,Michael Petrin,"Claremont School Board member (returned to the board as a write-in in the March 2024 election). CHAIR'S RECOGNITIONS, each straight into this voice: 'Mike, do you have a question?' (188) -> 189; 'Mister patron.' (309, 0.94) -> 310; 'Mister patron.' (401, 1.00) -> 402; 'Mike.' (551, 1.00) -> 552 ('No.'); 'Mr. patron?' (582, 1.00) -> 583 ('No.'); 'Mr. patron.' (691, 0.76) -> 692. He answers the opening roll in this voice at 5 ('Patron here', 'Patron' 1.00) and the nonpublic roll at 209, and the chair credits the second on the tech-centre motion to him at 292 ('Second for Mike patron'). At 130-132 he speaks off 'Frank and Whitney, what they were saying' and tells Sprague 'Frank retired. You can go take a walk. I can't' - so he is neither of them - and Frank Sprague places him at 483: 'Mike has a background in physical therapy.' ASR renders him 'Patron', 'patron', 'Peterson' (406, 1.00). THIS CLUSTER IS A MERGE: it also carries Assistant Superintendent Mike Koski's long turns, several of Frank Sprague's, and dozens of sub-second interjections from other people; every stretch that could be tied to another speaker is reassigned by override, and short unanchored backchannels left under this label may belong to someone else","So, so, typically.",Speaker 2
0:19:59.36,0:20:02.08,1199.36,1202.08,Frank Sprague,"VICE CHAIR, Claremont School Board; CHAIR of the Finance Committee. The chair recognises 'And Frank.' (235, 1.00) straight into this voice (236), credits the tech-centre motion to him at 292 ('since Mr. Sprague made the motion, he gets number one') and at 514 ('if Frank will accept this'), and opens the finance report with 'Finance subcommittee. That's Frank Sprague as the chair' (668, both 1.00) straight into 669. Michael Petrin speaks 'off of Frank and Whitney, what they were saying' at 130 immediately after this voice's 504 case-management run (121-127) and tells him 'Frank retired' (132). The biography matches the corpus record for Sprague: 'when I was in that role, I had caseloads' as a school counsellor (123), 'we had a very restrictive attendance policy, Stevens High School when I first started there' (124), 'one of the things that I battled for probably 20 years' (150). He also volunteers a CTE-director licence, a master's in education administration and ten years owning a restaurant (293-297, 483). THE DIARIZER SPLIT HIM ACROSS THREE CLUSTERS - Speaker 5, Speaker 13 and part of Speaker 2 - and merged Assistant Superintendent Mike Koski into Speaker 5 with him; the Koski stretches are reassigned by override",The case management for 504 is falls to.,Speaker 5
0:20:02.16,0:20:03.16,1202.16,1203.16,Frank Sprague,"Vice Chair, Claremont School Board - the middle of his own sentence, 121 + 122 + 123: 'The case management for [a] 504... falls to... school counselors... Correct? And I know when I was in that role, I had caseloads'",School counselors.,Speaker 2
0:20:03.24,0:20:28.88,1203.24,1228.88,Frank Sprague,"VICE CHAIR, Claremont School Board; CHAIR of the Finance Committee. The chair recognises 'And Frank.' (235, 1.00) straight into this voice (236), credits the tech-centre motion to him at 292 ('since Mr. Sprague made the motion, he gets number one') and at 514 ('if Frank will accept this'), and opens the finance report with 'Finance subcommittee. That's Frank Sprague as the chair' (668, both 1.00) straight into 669. Michael Petrin speaks 'off of Frank and Whitney, what they were saying' at 130 immediately after this voice's 504 case-management run (121-127) and tells him 'Frank retired' (132). The biography matches the corpus record for Sprague: 'when I was in that role, I had caseloads' as a school counsellor (123), 'we had a very restrictive attendance policy, Stevens High School when I first started there' (124), 'one of the things that I battled for probably 20 years' (150). He also volunteers a CTE-director licence, a master's in education administration and ten years owning a restaurant (293-297, 483). THE DIARIZER SPLIT HIM ACROSS THREE CLUSTERS - Speaker 5, Speaker 13 and part of Speaker 2 - and merged Assistant Superintendent Mike Koski into Speaker 5 with him; the Koski stretches are reassigned by override","Correct? And I know when I was in that role, I had caseloads. And typically from my experience, which was substantial, really, when I would explain what a 504 plan was, I would say it answers the teachers question before they ask it. And so it's a plan that follows the student. So here's a student that says, I need to go to the bathroom.",Speaker 5
0:20:28.96,0:21:03.28,1228.96,1263.28,Frank Sprague,"VICE CHAIR, Claremont School Board; CHAIR of the Finance Committee. The chair recognises 'And Frank.' (235, 1.00) straight into this voice (236), credits the tech-centre motion to him at 292 ('since Mr. Sprague made the motion, he gets number one') and at 514 ('if Frank will accept this'), and opens the finance report with 'Finance subcommittee. That's Frank Sprague as the chair' (668, both 1.00) straight into 669. Michael Petrin speaks 'off of Frank and Whitney, what they were saying' at 130 immediately after this voice's 504 case-management run (121-127) and tells him 'Frank retired' (132). The biography matches the corpus record for Sprague: 'when I was in that role, I had caseloads' as a school counsellor (123), 'we had a very restrictive attendance policy, Stevens High School when I first started there' (124), 'one of the things that I battled for probably 20 years' (150). He also volunteers a CTE-director licence, a master's in education administration and ten years owning a restaurant (293-297, 483). THE DIARIZER SPLIT HIM ACROSS THREE CLUSTERS - Speaker 5, Speaker 13 and part of Speaker 2 - and merged Assistant Superintendent Mike Koski into Speaker 5 with him; the Koski stretches are reassigned by override","And the teacher says no. And the student may have a kidney issue or some some physical issue, whereas the teacher gets the plan ahead of time. This student will be allowed to go to the bathroom without question when they ask. So these are the types of things that are contained in a 504. Okay. For that type of I've had kids with cystic fibrosis, kids with migraines different  and typically the migraines was  we had a very restrictive attendance policy, Stevens High School when I first started there.",Speaker 5
0:21:03.52,0:21:09.64,1263.52,1269.64,Frank Sprague,"VICE CHAIR, Claremont School Board; CHAIR of the Finance Committee. The chair recognises 'And Frank.' (235, 1.00) straight into this voice (236), credits the tech-centre motion to him at 292 ('since Mr. Sprague made the motion, he gets number one') and at 514 ('if Frank will accept this'), and opens the finance report with 'Finance subcommittee. That's Frank Sprague as the chair' (668, both 1.00) straight into 669. Michael Petrin speaks 'off of Frank and Whitney, what they were saying' at 130 immediately after this voice's 504 case-management run (121-127) and tells him 'Frank retired' (132). The biography matches the corpus record for Sprague: 'when I was in that role, I had caseloads' as a school counsellor (123), 'we had a very restrictive attendance policy, Stevens High School when I first started there' (124), 'one of the things that I battled for probably 20 years' (150). He also volunteers a CTE-director licence, a master's in education administration and ten years owning a restaurant (293-297, 483). THE DIARIZER SPLIT HIM ACROSS THREE CLUSTERS - Speaker 5, Speaker 13 and part of Speaker 2 - and merged Assistant Superintendent Mike Koski into Speaker 5 with him; the Koski stretches are reassigned by override",And so that was very common because kids that were in the throes of that could be exempted from the attendance policy.,Speaker 5
0:21:09.68,0:21:10.32,1269.68,1270.32,Frank Sprague,"Vice Chair, Claremont School Board - a 0.64 s fragment sitting inside his own run (125 ends 1269.64, 127 begins 1270.40)",If they're.,Speaker 2
0:21:10.40,0:21:28.92,1270.40,1288.92,Frank Sprague,"VICE CHAIR, Claremont School Board; CHAIR of the Finance Committee. The chair recognises 'And Frank.' (235, 1.00) straight into this voice (236), credits the tech-centre motion to him at 292 ('since Mr. Sprague made the motion, he gets number one') and at 514 ('if Frank will accept this'), and opens the finance report with 'Finance subcommittee. That's Frank Sprague as the chair' (668, both 1.00) straight into 669. Michael Petrin speaks 'off of Frank and Whitney, what they were saying' at 130 immediately after this voice's 504 case-management run (121-127) and tells him 'Frank retired' (132). The biography matches the corpus record for Sprague: 'when I was in that role, I had caseloads' as a school counsellor (123), 'we had a very restrictive attendance policy, Stevens High School when I first started there' (124), 'one of the things that I battled for probably 20 years' (150). He also volunteers a CTE-director licence, a master's in education administration and ten years owning a restaurant (293-297, 483). THE DIARIZER SPLIT HIM ACROSS THREE CLUSTERS - Speaker 5, Speaker 13 and part of Speaker 2 - and merged Assistant Superintendent Mike Koski into Speaker 5 with him; the Koski stretches are reassigned by override","Migraine so different. It really is,  more of an information, in my experience, where you're passing along information to teachers rather than really expecting the teachers to do, you know, active things  other than really just follow what's in the body.",Speaker 5
0:21:28.96,0:21:30.28,1288.96,1290.28,Heather Whitney,"CHAIR, Claremont School Board (chair since 4/5/2023, re-elected chair 3/20/2024). She opens the meeting in her own voice at 0 ('I would like to call to order the August 21st, 2024 meeting of the Claremont School Board'), notes the clerk is absent and takes the roll herself at 4-6 ('In the absence of our secretary [or] Clark'), and reads her own name LAST in both roll calls (6; 215 'And Heather Whitney', both words confidence 1.00). Whitney Skillen names her in the third person at 532 ('I think what Heather is asking is...', 'Heather' 1.00) and Bonnie Miles addresses her as 'Heather.' at 555 (1.00) - which fixes this presiding voice as Heather Whitney and NOT Whitney Skillen, the other sitting member whose first name is Whitney and who is a separate cluster (Speaker 7) in this same recording. She gives every recognition ('Miss Gillen' 84, 196, 580; 'Arlene' 72, 141, 188, 431; 'Candy' 173; 'Miss Crawford' 195, 665, 684; 'Mister patron' 309, 401, 582, 691; 'And Frank' 235; 'Frank Sprague as the chair' 668; 'Miss Hawkins' 609), runs the consent agenda, the nonpublic votes and the adjournment (701). This cluster repeatedly absorbs the onset of the member she is recognising (84 'Miss Gillen.' + Skillen's first words; 72 + Hawkins's first words; 6, 208, 211 + other members' roll answers) and swallows a handful of neighbouring voices; the ones that can be tied to another speaker are reassigned by override",Yeah. Okay.,Speaker 1
0:21:30.36,0:21:33.67,1290.36,1293.67,Michael Petrin,"Claremont School Board member (returned to the board as a write-in in the March 2024 election). CHAIR'S RECOGNITIONS, each straight into this voice: 'Mike, do you have a question?' (188) -> 189; 'Mister patron.' (309, 0.94) -> 310; 'Mister patron.' (401, 1.00) -> 402; 'Mike.' (551, 1.00) -> 552 ('No.'); 'Mr. patron?' (582, 1.00) -> 583 ('No.'); 'Mr. patron.' (691, 0.76) -> 692. He answers the opening roll in this voice at 5 ('Patron here', 'Patron' 1.00) and the nonpublic roll at 209, and the chair credits the second on the tech-centre motion to him at 292 ('Second for Mike patron'). At 130-132 he speaks off 'Frank and Whitney, what they were saying' and tells Sprague 'Frank retired. You can go take a walk. I can't' - so he is neither of them - and Frank Sprague places him at 483: 'Mike has a background in physical therapy.' ASR renders him 'Patron', 'patron', 'Peterson' (406, 1.00). THIS CLUSTER IS A MERGE: it also carries Assistant Superintendent Mike Koski's long turns, several of Frank Sprague's, and dozens of sub-second interjections from other people; every stretch that could be tied to another speaker is reassigned by override, and short unanchored backchannels left under this label may belong to someone else",Thank you. Thanks. Very.,Speaker 2
0:21:33.75,0:21:53.44,1293.75,1313.44,Michael Petrin,"Claremont School Board member (returned to the board as a write-in in the March 2024 election). CHAIR'S RECOGNITIONS, each straight into this voice: 'Mike, do you have a question?' (188) -> 189; 'Mister patron.' (309, 0.94) -> 310; 'Mister patron.' (401, 1.00) -> 402; 'Mike.' (551, 1.00) -> 552 ('No.'); 'Mr. patron?' (582, 1.00) -> 583 ('No.'); 'Mr. patron.' (691, 0.76) -> 692. He answers the opening roll in this voice at 5 ('Patron here', 'Patron' 1.00) and the nonpublic roll at 209, and the chair credits the second on the tech-centre motion to him at 292 ('Second for Mike patron'). At 130-132 he speaks off 'Frank and Whitney, what they were saying' and tells Sprague 'Frank retired. You can go take a walk. I can't' - so he is neither of them - and Frank Sprague places him at 483: 'Mike has a background in physical therapy.' ASR renders him 'Patron', 'patron', 'Peterson' (406, 1.00). THIS CLUSTER IS A MERGE: it also carries Assistant Superintendent Mike Koski's long turns, several of Frank Sprague's, and dozens of sub-second interjections from other people; every stretch that could be tied to another speaker is reassigned by override, and short unanchored backchannels left under this label may belong to someone else","Oh,  off of Frank and,  Whitney, what they were saying, I grabbed to hear my ears perked up when I hear, you know, students on a 504 plan to be able to go take a walk.  That to me, sounds like it could be something that's catchy that I hear. That body is going to plan to go take a walk, so I need a plan to go check the lock.",Speaker 2
0:21:53.68,0:22:13.20,1313.68,1333.20,Michael Petrin,"Claremont School Board member (returned to the board as a write-in in the March 2024 election). CHAIR'S RECOGNITIONS, each straight into this voice: 'Mike, do you have a question?' (188) -> 189; 'Mister patron.' (309, 0.94) -> 310; 'Mister patron.' (401, 1.00) -> 402; 'Mike.' (551, 1.00) -> 552 ('No.'); 'Mr. patron?' (582, 1.00) -> 583 ('No.'); 'Mr. patron.' (691, 0.76) -> 692. He answers the opening roll in this voice at 5 ('Patron here', 'Patron' 1.00) and the nonpublic roll at 209, and the chair credits the second on the tech-centre motion to him at 292 ('Second for Mike patron'). At 130-132 he speaks off 'Frank and Whitney, what they were saying' and tells Sprague 'Frank retired. You can go take a walk. I can't' - so he is neither of them - and Frank Sprague places him at 483: 'Mike has a background in physical therapy.' ASR renders him 'Patron', 'patron', 'Peterson' (406, 1.00). THIS CLUSTER IS A MERGE: it also carries Assistant Superintendent Mike Koski's long turns, several of Frank Sprague's, and dozens of sub-second interjections from other people; every stretch that could be tied to another speaker is reassigned by override, and short unanchored backchannels left under this label may belong to someone else","So hopefully. Right. So. So I hope we are doing these sorts of training, some coping skills, not just giving the kids crutches for the rest of their life. We need to be training these kids on coping skills and how they got, because if head is working at her job, she can't go take a walk in the middle of a surgery.",Speaker 2
0:22:13.28,0:22:30.83,1333.28,1350.83,Michael Petrin,"Claremont School Board member (returned to the board as a write-in in the March 2024 election). CHAIR'S RECOGNITIONS, each straight into this voice: 'Mike, do you have a question?' (188) -> 189; 'Mister patron.' (309, 0.94) -> 310; 'Mister patron.' (401, 1.00) -> 402; 'Mike.' (551, 1.00) -> 552 ('No.'); 'Mr. patron?' (582, 1.00) -> 583 ('No.'); 'Mr. patron.' (691, 0.76) -> 692. He answers the opening roll in this voice at 5 ('Patron here', 'Patron' 1.00) and the nonpublic roll at 209, and the chair credits the second on the tech-centre motion to him at 292 ('Second for Mike patron'). At 130-132 he speaks off 'Frank and Whitney, what they were saying' and tells Sprague 'Frank retired. You can go take a walk. I can't' - so he is neither of them - and Frank Sprague places him at 483: 'Mike has a background in physical therapy.' ASR renders him 'Patron', 'patron', 'Peterson' (406, 1.00). THIS CLUSTER IS A MERGE: it also carries Assistant Superintendent Mike Koski's long turns, several of Frank Sprague's, and dozens of sub-second interjections from other people; every stretch that could be tied to another speaker is reassigned by override, and short unanchored backchannels left under this label may belong to someone else","You know Frank well. Frank retired. You can go take a while. I can't, you know. So teaching these kids these types of coping skills and how do I within themselves, I think is going to be very beneficial, one for the rest of their lives rather than just give them crutches? Yeah.",Speaker 2
0:22:30.88,0:22:37.88,1350.88,1357.88,Chris Pratt,"SUPERINTENDENT OF SCHOOLS, SAU 6 / Claremont School District. The chair puts the staff-nomination motion as 'approving the list of nominations as presented by doctor, Doctor Pratt. Mr. Pratt' (280, both 1.00) immediately after this voice's exchange, and names him three more times as the person who will bring the revised job description (558, 561, 563, 688 - all 1.00). He delivers the superintendent's report (8-41), calls it 'the superintendents report that I sent you' (8), hands off to 'Mr. O'Hearn' (219) and to 'Michael' for the AI/PD questions (31), and apologises to the board in the first person for hiring before the board approved the position (588-589). Bonnie Miles says at 568 'Mr. Pratt was an interim superintendent before you became the superintendent' and Michael Petrin at 538 'We have superintendent Chris was the acting superintendent because someone left mid-term' - both addressed to this voice, and the word 'interim' is never applied to him in the present tense anywhere in the file. Bonnie Miles and Arlene Hawkins both address him as 'Chris' (500, 502, 616; 1.00). ASR also renders him 'Mr. Pride' (610, 1.00)",It's it's it's more about teaching them how to manage it. Yeah. For long term and not just accommodate it.,Speaker 3
0:22:37.96,0:22:49.60,1357.96,1369.60,Michael Petrin,"Claremont School Board member (returned to the board as a write-in in the March 2024 election). CHAIR'S RECOGNITIONS, each straight into this voice: 'Mike, do you have a question?' (188) -> 189; 'Mister patron.' (309, 0.94) -> 310; 'Mister patron.' (401, 1.00) -> 402; 'Mike.' (551, 1.00) -> 552 ('No.'); 'Mr. patron?' (582, 1.00) -> 583 ('No.'); 'Mr. patron.' (691, 0.76) -> 692. He answers the opening roll in this voice at 5 ('Patron here', 'Patron' 1.00) and the nonpublic roll at 209, and the chair credits the second on the tech-centre motion to him at 292 ('Second for Mike patron'). At 130-132 he speaks off 'Frank and Whitney, what they were saying' and tells Sprague 'Frank retired. You can go take a walk. I can't' - so he is neither of them - and Frank Sprague places him at 483: 'Mike has a background in physical therapy.' ASR renders him 'Patron', 'patron', 'Peterson' (406, 1.00). THIS CLUSTER IS A MERGE: it also carries Assistant Superintendent Mike Koski's long turns, several of Frank Sprague's, and dozens of sub-second interjections from other people; every stretch that could be tied to another speaker is reassigned by override, and short unanchored backchannels left under this label may belong to someone else",And there are some accommodations that are going to be needed for the rest of their life. But there are some others that kids can learn coping skills and strategies to get away from those accommodations.,Speaker 2
0:22:49.68,0:22:51.36,1369.68,1371.36,Whitney Skillen,"Claremont School Board member; CHAIR of the Policy subcommittee. CHAIR'S RECOGNITIONS straight into this voice: 'Miss Gillen.' (84, 0.82) -> 85; 'Yes, Miss Gillen.' (196, 0.43) -> 197, her motion to go into nonpublic; 'So the skill[en]' (298) -> 299; 'Miss Kellen.' (531, 0.62) -> 532; 'we can do a roll call, Whitney' (542, 0.94) -> 543; 'No objection, Miss Gillen' (580, 0.48) -> 581; 'Anybody like to make a motion and then miss going [Gillen]' (653) -> 654; and 'Anything from the policy subcommittee?' (677) -> 678, where she reports on her own schedule as policy chair. She refers to the chair in the third person at 532 ('I think what Heather is asking is'), so she is NOT Heather Whitney, who is a separate cluster (Speaker 1) here. The ASR garbles her surname as 'Gillen', 'going', 'Kellen', 'skill', 'Skilling' and - in the chair's 233 - 'still on'",And there are ways that you can.,Speaker 7
0:22:51.40,0:22:52.60,1371.40,1372.60,Michael Petrin,"Claremont School Board member (returned to the board as a write-in in the March 2024 election). CHAIR'S RECOGNITIONS, each straight into this voice: 'Mike, do you have a question?' (188) -> 189; 'Mister patron.' (309, 0.94) -> 310; 'Mister patron.' (401, 1.00) -> 402; 'Mike.' (551, 1.00) -> 552 ('No.'); 'Mr. patron?' (582, 1.00) -> 583 ('No.'); 'Mr. patron.' (691, 0.76) -> 692. He answers the opening roll in this voice at 5 ('Patron here', 'Patron' 1.00) and the nonpublic roll at 209, and the chair credits the second on the tech-centre motion to him at 292 ('Second for Mike patron'). At 130-132 he speaks off 'Frank and Whitney, what they were saying' and tells Sprague 'Frank retired. You can go take a walk. I can't' - so he is neither of them - and Frank Sprague places him at 483: 'Mike has a background in physical therapy.' ASR renders him 'Patron', 'patron', 'Peterson' (406, 1.00). THIS CLUSTER IS A MERGE: it also carries Assistant Superintendent Mike Koski's long turns, several of Frank Sprague's, and dozens of sub-second interjections from other people; every stretch that could be tied to another speaker is reassigned by override, and short unanchored backchannels left under this label may belong to someone else",I really appreciate that.,Speaker 2
0:22:52.68,0:23:09.68,1372.68,1389.68,Whitney Skillen,"Claremont School Board member; CHAIR of the Policy subcommittee. CHAIR'S RECOGNITIONS straight into this voice: 'Miss Gillen.' (84, 0.82) -> 85; 'Yes, Miss Gillen.' (196, 0.43) -> 197, her motion to go into nonpublic; 'So the skill[en]' (298) -> 299; 'Miss Kellen.' (531, 0.62) -> 532; 'we can do a roll call, Whitney' (542, 0.94) -> 543; 'No objection, Miss Gillen' (580, 0.48) -> 581; 'Anybody like to make a motion and then miss going [Gillen]' (653) -> 654; and 'Anything from the policy subcommittee?' (677) -> 678, where she reports on her own schedule as policy chair. She refers to the chair in the third person at 532 ('I think what Heather is asking is'), so she is NOT Heather Whitney, who is a separate cluster (Speaker 1) here. The ASR garbles her surname as 'Gillen', 'going', 'Kellen', 'skill', 'Skilling' and - in the chair's 233 - 'still on'","Make space for your accommodations in your in your professional life and in your workspace. Like the work, the work, the professional work environment is definitely moving in the direction of being more accommodating to the needs for the success of a team, for the success of the goal, for the success of the profit right.",Speaker 7
0:23:09.72,0:23:27.96,1389.72,1407.96,Chris Pratt,"SUPERINTENDENT OF SCHOOLS, SAU 6 / Claremont School District. The chair puts the staff-nomination motion as 'approving the list of nominations as presented by doctor, Doctor Pratt. Mr. Pratt' (280, both 1.00) immediately after this voice's exchange, and names him three more times as the person who will bring the revised job description (558, 561, 563, 688 - all 1.00). He delivers the superintendent's report (8-41), calls it 'the superintendents report that I sent you' (8), hands off to 'Mr. O'Hearn' (219) and to 'Michael' for the AI/PD questions (31), and apologises to the board in the first person for hiring before the board approved the position (588-589). Bonnie Miles says at 568 'Mr. Pratt was an interim superintendent before you became the superintendent' and Michael Petrin at 538 'We have superintendent Chris was the acting superintendent because someone left mid-term' - both addressed to this voice, and the word 'interim' is never applied to him in the present tense anywhere in the file. Bonnie Miles and Arlene Hawkins both address him as 'Chris' (500, 502, 616; 1.00). ASR also renders him 'Mr. Pride' (610, 1.00)","And everything we're doing. It's like if we're trying to really teach the kid the soft skills they need to be successful. For some of them, this is a major part of that. And so it's but you're right, you know, we have seen it. Oh, you know, I need to go to the bathroom. Some of these kids, they'll try to take advantage of it, but they're reeled back in.",Speaker 3
0:23:28.04,0:23:51.16,1408.04,1431.16,Chris Pratt,"SUPERINTENDENT OF SCHOOLS, SAU 6 / Claremont School District. The chair puts the staff-nomination motion as 'approving the list of nominations as presented by doctor, Doctor Pratt. Mr. Pratt' (280, both 1.00) immediately after this voice's exchange, and names him three more times as the person who will bring the revised job description (558, 561, 563, 688 - all 1.00). He delivers the superintendent's report (8-41), calls it 'the superintendents report that I sent you' (8), hands off to 'Mr. O'Hearn' (219) and to 'Michael' for the AI/PD questions (31), and apologises to the board in the first person for hiring before the board approved the position (588-589). Bonnie Miles says at 568 'Mr. Pratt was an interim superintendent before you became the superintendent' and Michael Petrin at 538 'We have superintendent Chris was the acting superintendent because someone left mid-term' - both addressed to this voice, and the word 'interim' is never applied to him in the present tense anywhere in the file. Bonnie Miles and Arlene Hawkins both address him as 'Chris' (500, 502, 616; 1.00). ASR also renders him 'Mr. Pride' (610, 1.00)","And Lisa at the high school and the teachers say, look here you're abusing, you know, yes, you have to. And if it gets to a point and say, they always say, I think it's time to go to the nurse. And because it's because of that, it teaches a very good. It's just you feel that, you know, the work that Michael did with the the team we had that we need to train a bunch of teachers and have them train their peers.",Speaker 3
0:23:51.24,0:23:56.36,1431.24,1436.36,Chris Pratt,"SUPERINTENDENT OF SCHOOLS, SAU 6 / Claremont School District. The chair puts the staff-nomination motion as 'approving the list of nominations as presented by doctor, Doctor Pratt. Mr. Pratt' (280, both 1.00) immediately after this voice's exchange, and names him three more times as the person who will bring the revised job description (558, 561, 563, 688 - all 1.00). He delivers the superintendent's report (8-41), calls it 'the superintendents report that I sent you' (8), hands off to 'Mr. O'Hearn' (219) and to 'Michael' for the AI/PD questions (31), and apologises to the board in the first person for hiring before the board approved the position (588-589). Bonnie Miles says at 568 'Mr. Pratt was an interim superintendent before you became the superintendent' and Michael Petrin at 538 'We have superintendent Chris was the acting superintendent because someone left mid-term' - both addressed to this voice, and the word 'interim' is never applied to him in the present tense anywhere in the file. Bonnie Miles and Arlene Hawkins both address him as 'Chris' (500, 502, 616; 1.00). ASR also renders him 'Mr. Pride' (610, 1.00)",So we're all on the same page in regards to post high school life.,Speaker 3
0:23:56.44,0:23:57.20,1436.44,1437.20,Heather Whitney,"CHAIR, Claremont School Board (chair since 4/5/2023, re-elected chair 3/20/2024). She opens the meeting in her own voice at 0 ('I would like to call to order the August 21st, 2024 meeting of the Claremont School Board'), notes the clerk is absent and takes the roll herself at 4-6 ('In the absence of our secretary [or] Clark'), and reads her own name LAST in both roll calls (6; 215 'And Heather Whitney', both words confidence 1.00). Whitney Skillen names her in the third person at 532 ('I think what Heather is asking is...', 'Heather' 1.00) and Bonnie Miles addresses her as 'Heather.' at 555 (1.00) - which fixes this presiding voice as Heather Whitney and NOT Whitney Skillen, the other sitting member whose first name is Whitney and who is a separate cluster (Speaker 7) in this same recording. She gives every recognition ('Miss Gillen' 84, 196, 580; 'Arlene' 72, 141, 188, 431; 'Candy' 173; 'Miss Crawford' 195, 665, 684; 'Mister patron' 309, 401, 582, 691; 'And Frank' 235; 'Frank Sprague as the chair' 668; 'Miss Hawkins' 609), runs the consent agenda, the nonpublic votes and the adjournment (701). This cluster repeatedly absorbs the onset of the member she is recognising (84 'Miss Gillen.' + Skillen's first words; 72 + Hawkins's first words; 6, 208, 211 + other members' roll answers) and swallows a handful of neighbouring voices; the ones that can be tied to another speaker are reassigned by override","Arlene, just.",Speaker 1
0:23:57.20,0:24:07.80,1437.20,1447.80,Arlene Hawkins,"Claremont School Board member - the chair recognises 'Arlene, just.' (141, 0.93) with a 0.00 s gap into this segment","Very quickly. And I also think the training is wonderful because it gives the teacher and the student common language, and then it's not disruptive to the classroom process. So  this is great.",Speaker 6
0:24:07.80,0:24:08.20,1447.80,1448.20,Heather Whitney,"CHAIR, Claremont School Board (chair since 4/5/2023, re-elected chair 3/20/2024). She opens the meeting in her own voice at 0 ('I would like to call to order the August 21st, 2024 meeting of the Claremont School Board'), notes the clerk is absent and takes the roll herself at 4-6 ('In the absence of our secretary [or] Clark'), and reads her own name LAST in both roll calls (6; 215 'And Heather Whitney', both words confidence 1.00). Whitney Skillen names her in the third person at 532 ('I think what Heather is asking is...', 'Heather' 1.00) and Bonnie Miles addresses her as 'Heather.' at 555 (1.00) - which fixes this presiding voice as Heather Whitney and NOT Whitney Skillen, the other sitting member whose first name is Whitney and who is a separate cluster (Speaker 7) in this same recording. She gives every recognition ('Miss Gillen' 84, 196, 580; 'Arlene' 72, 141, 188, 431; 'Candy' 173; 'Miss Crawford' 195, 665, 684; 'Mister patron' 309, 401, 582, 691; 'And Frank' 235; 'Frank Sprague as the chair' 668; 'Miss Hawkins' 609), runs the consent agenda, the nonpublic votes and the adjournment (701). This cluster repeatedly absorbs the onset of the member she is recognising (84 'Miss Gillen.' + Skillen's first words; 72 + Hawkins's first words; 6, 208, 211 + other members' roll answers) and swallows a handful of neighbouring voices; the ones that can be tied to another speaker are reassigned by override",Thank you.,Speaker 1
0:24:08.24,0:24:08.56,1448.24,1448.56,Michael Petrin,"Claremont School Board member (returned to the board as a write-in in the March 2024 election). CHAIR'S RECOGNITIONS, each straight into this voice: 'Mike, do you have a question?' (188) -> 189; 'Mister patron.' (309, 0.94) -> 310; 'Mister patron.' (401, 1.00) -> 402; 'Mike.' (551, 1.00) -> 552 ('No.'); 'Mr. patron?' (582, 1.00) -> 583 ('No.'); 'Mr. patron.' (691, 0.76) -> 692. He answers the opening roll in this voice at 5 ('Patron here', 'Patron' 1.00) and the nonpublic roll at 209, and the chair credits the second on the tech-centre motion to him at 292 ('Second for Mike patron'). At 130-132 he speaks off 'Frank and Whitney, what they were saying' and tells Sprague 'Frank retired. You can go take a walk. I can't' - so he is neither of them - and Frank Sprague places him at 483: 'Mike has a background in physical therapy.' ASR renders him 'Patron', 'patron', 'Peterson' (406, 1.00). THIS CLUSTER IS A MERGE: it also carries Assistant Superintendent Mike Koski's long turns, several of Frank Sprague's, and dozens of sub-second interjections from other people; every stretch that could be tied to another speaker is reassigned by override, and short unanchored backchannels left under this label may belong to someone else",Yeah.,Speaker 2
0:24:08.60,0:24:09.84,1448.60,1449.84,Chris Pratt,"SUPERINTENDENT OF SCHOOLS, SAU 6 / Claremont School District. The chair puts the staff-nomination motion as 'approving the list of nominations as presented by doctor, Doctor Pratt. Mr. Pratt' (280, both 1.00) immediately after this voice's exchange, and names him three more times as the person who will bring the revised job description (558, 561, 563, 688 - all 1.00). He delivers the superintendent's report (8-41), calls it 'the superintendents report that I sent you' (8), hands off to 'Mr. O'Hearn' (219) and to 'Michael' for the AI/PD questions (31), and apologises to the board in the first person for hiring before the board approved the position (588-589). Bonnie Miles says at 568 'Mr. Pratt was an interim superintendent before you became the superintendent' and Michael Petrin at 538 'We have superintendent Chris was the acting superintendent because someone left mid-term' - both addressed to this voice, and the word 'interim' is never applied to him in the present tense anywhere in the file. Bonnie Miles and Arlene Hawkins both address him as 'Chris' (500, 502, 616; 1.00). ASR also renders him 'Mr. Pride' (610, 1.00)",And just one other thing.,Speaker 3
0:24:09.96,0:24:11.36,1449.96,1451.36,Mike Koski,"Assistant Superintendent, SAU 6 - two clipped fragments of his own sentence, which continues in Speaker 2 at 147 and 149: 'We've all figured this out / somehow without being taught... / being / successful managing yourself'",We've all figured this out.,Speaker 5
0:24:11.40,0:24:17.48,1451.40,1457.48,Mike Koski,"Assistant Superintendent, SAU 6 - the continuation of his own sentence begun at 146 in Speaker 5: 'We've all figured this out / somehow without being taught... / successful managing yourself... we're just teaching kids those skills'",Somehow without being taught. And a lot of people do. But there are specific things that if you aren't.,Speaker 2
0:24:17.48,0:24:17.80,1457.48,1457.80,Mike Koski,"Assistant Superintendent, SAU 6 - two clipped fragments of his own sentence, which continues in Speaker 2 at 147 and 149: 'We've all figured this out / somehow without being taught... / being / successful managing yourself'",Being.,Speaker 5
0:24:17.80,0:24:24.72,1457.80,1464.72,Mike Koski,"Assistant Superintendent, SAU 6 - the continuation of his own sentence begun at 146 in Speaker 5: 'We've all figured this out / somehow without being taught... / successful managing yourself... we're just teaching kids those skills'","Successful managing yourself, that you can you can do. And so we're just we're just teaching kids those, those skills.",Speaker 2
0:24:24.96,0:24:47.96,1464.96,1487.96,Frank Sprague,"VICE CHAIR, Claremont School Board; CHAIR of the Finance Committee. The chair recognises 'And Frank.' (235, 1.00) straight into this voice (236), credits the tech-centre motion to him at 292 ('since Mr. Sprague made the motion, he gets number one') and at 514 ('if Frank will accept this'), and opens the finance report with 'Finance subcommittee. That's Frank Sprague as the chair' (668, both 1.00) straight into 669. Michael Petrin speaks 'off of Frank and Whitney, what they were saying' at 130 immediately after this voice's 504 case-management run (121-127) and tells him 'Frank retired' (132). The biography matches the corpus record for Sprague: 'when I was in that role, I had caseloads' as a school counsellor (123), 'we had a very restrictive attendance policy, Stevens High School when I first started there' (124), 'one of the things that I battled for probably 20 years' (150). He also volunteers a CTE-director licence, a master's in education administration and ten years owning a restaurant (293-297, 483). THE DIARIZER SPLIT HIM ACROSS THREE CLUSTERS - Speaker 5, Speaker 13 and part of Speaker 2 - and merged Assistant Superintendent Mike Koski into Speaker 5 with him; the Koski stretches are reassigned by override","Right. So I'm curious if part of the training, one of the things that that I battled for probably 20 years  was the fact that often 504 plans were given as a consolation prize for someone not getting an IEP.  We didn't give an IEP, but we gave them a 504. And so what's the disability? Well, they need the they need something.",Speaker 5
0:24:48.04,0:24:57.68,1488.04,1497.68,Frank Sprague,"VICE CHAIR, Claremont School Board; CHAIR of the Finance Committee. The chair recognises 'And Frank.' (235, 1.00) straight into this voice (236), credits the tech-centre motion to him at 292 ('since Mr. Sprague made the motion, he gets number one') and at 514 ('if Frank will accept this'), and opens the finance report with 'Finance subcommittee. That's Frank Sprague as the chair' (668, both 1.00) straight into 669. Michael Petrin speaks 'off of Frank and Whitney, what they were saying' at 130 immediately after this voice's 504 case-management run (121-127) and tells him 'Frank retired' (132). The biography matches the corpus record for Sprague: 'when I was in that role, I had caseloads' as a school counsellor (123), 'we had a very restrictive attendance policy, Stevens High School when I first started there' (124), 'one of the things that I battled for probably 20 years' (150). He also volunteers a CTE-director licence, a master's in education administration and ten years owning a restaurant (293-297, 483). THE DIARIZER SPLIT HIM ACROSS THREE CLUSTERS - Speaker 5, Speaker 13 and part of Speaker 2 - and merged Assistant Superintendent Mike Koski into Speaker 5 with him; the Koski stretches are reassigned by override",So I'm hoping that part of the training would be. So that doesn't happen because it really should be an actual disability. That entitles.,Speaker 5
0:24:57.76,0:25:15.20,1497.76,1515.20,Chris Pratt,"SUPERINTENDENT OF SCHOOLS, SAU 6 / Claremont School District. The chair puts the staff-nomination motion as 'approving the list of nominations as presented by doctor, Doctor Pratt. Mr. Pratt' (280, both 1.00) immediately after this voice's exchange, and names him three more times as the person who will bring the revised job description (558, 561, 563, 688 - all 1.00). He delivers the superintendent's report (8-41), calls it 'the superintendents report that I sent you' (8), hands off to 'Mr. O'Hearn' (219) and to 'Michael' for the AI/PD questions (31), and apologises to the board in the first person for hiring before the board approved the position (588-589). Bonnie Miles says at 568 'Mr. Pratt was an interim superintendent before you became the superintendent' and Michael Petrin at 538 'We have superintendent Chris was the acting superintendent because someone left mid-term' - both addressed to this voice, and the word 'interim' is never applied to him in the present tense anywhere in the file. Bonnie Miles and Arlene Hawkins both address him as 'Chris' (500, 502, 616; 1.00). ASR also renders him 'Mr. Pride' (610, 1.00)","That in over the years they've kind of taken that up a little bit. Where it goes to there has to be some sort of medical documentation. Before you put a student, 5 or 4, it might have to come from a psychologist, it might have a doctor and stuff. But I know in the short term, I was in high school work on the 504 teams.",Speaker 3
0:25:15.28,0:25:34.28,1515.28,1534.28,Chris Pratt,"SUPERINTENDENT OF SCHOOLS, SAU 6 / Claremont School District. The chair puts the staff-nomination motion as 'approving the list of nominations as presented by doctor, Doctor Pratt. Mr. Pratt' (280, both 1.00) immediately after this voice's exchange, and names him three more times as the person who will bring the revised job description (558, 561, 563, 688 - all 1.00). He delivers the superintendent's report (8-41), calls it 'the superintendents report that I sent you' (8), hands off to 'Mr. O'Hearn' (219) and to 'Michael' for the AI/PD questions (31), and apologises to the board in the first person for hiring before the board approved the position (588-589). Bonnie Miles says at 568 'Mr. Pratt was an interim superintendent before you became the superintendent' and Michael Petrin at 538 'We have superintendent Chris was the acting superintendent because someone left mid-term' - both addressed to this voice, and the word 'interim' is never applied to him in the present tense anywhere in the file. Bonnie Miles and Arlene Hawkins both address him as 'Chris' (500, 502, 616; 1.00). ASR also renders him 'Mr. Pride' (610, 1.00)","That was a very important part of the process of involving the parent in regards to what have you done, you know, so we just don't jump to this. There are certain processes, as you know, that we we should be following. We know that, like you said there I've seen it. Where. Yeah. It's just a they didn't fall for this but we're going to put them on 504.",Speaker 3
0:25:34.40,0:25:54.60,1534.40,1554.60,Chris Pratt,"SUPERINTENDENT OF SCHOOLS, SAU 6 / Claremont School District. The chair puts the staff-nomination motion as 'approving the list of nominations as presented by doctor, Doctor Pratt. Mr. Pratt' (280, both 1.00) immediately after this voice's exchange, and names him three more times as the person who will bring the revised job description (558, 561, 563, 688 - all 1.00). He delivers the superintendent's report (8-41), calls it 'the superintendents report that I sent you' (8), hands off to 'Mr. O'Hearn' (219) and to 'Michael' for the AI/PD questions (31), and apologises to the board in the first person for hiring before the board approved the position (588-589). Bonnie Miles says at 568 'Mr. Pratt was an interim superintendent before you became the superintendent' and Michael Petrin at 538 'We have superintendent Chris was the acting superintendent because someone left mid-term' - both addressed to this voice, and the word 'interim' is never applied to him in the present tense anywhere in the file. Bonnie Miles and Arlene Hawkins both address him as 'Chris' (500, 502, 616; 1.00). ASR also renders him 'Mr. Pride' (610, 1.00)","But I haven't seen it at the high school teachers and stuff in the short time I've been there. Because, you know, we really go through and try to have the parents involved because they're going to push back and say, look, we get it. But at this level, we need some sort of documentation from X, y, z.",Speaker 3
0:25:54.68,0:26:13.47,1554.68,1573.47,Heather Whitney,"CHAIR, Claremont School Board (chair since 4/5/2023, re-elected chair 3/20/2024). She opens the meeting in her own voice at 0 ('I would like to call to order the August 21st, 2024 meeting of the Claremont School Board'), notes the clerk is absent and takes the roll herself at 4-6 ('In the absence of our secretary [or] Clark'), and reads her own name LAST in both roll calls (6; 215 'And Heather Whitney', both words confidence 1.00). Whitney Skillen names her in the third person at 532 ('I think what Heather is asking is...', 'Heather' 1.00) and Bonnie Miles addresses her as 'Heather.' at 555 (1.00) - which fixes this presiding voice as Heather Whitney and NOT Whitney Skillen, the other sitting member whose first name is Whitney and who is a separate cluster (Speaker 7) in this same recording. She gives every recognition ('Miss Gillen' 84, 196, 580; 'Arlene' 72, 141, 188, 431; 'Candy' 173; 'Miss Crawford' 195, 665, 684; 'Mister patron' 309, 401, 582, 691; 'And Frank' 235; 'Frank Sprague as the chair' 668; 'Miss Hawkins' 609), runs the consent agenda, the nonpublic votes and the adjournment (701). This cluster repeatedly absorbs the onset of the member she is recognising (84 'Miss Gillen.' + Skillen's first words; 72 + Hawkins's first words; 6, 208, 211 + other members' roll answers) and swallows a handful of neighbouring voices; the ones that can be tied to another speaker are reassigned by override",Okay. All right. Thank you very much. I'm going to move on to the first action item  this evening. And it's a presentation from Tina McCusker about girls on the run program at the Bluff Elementary School.,Speaker 1
0:26:13.55,0:26:14.29,1573.55,1574.29,Unidentified,"DIARIZER MICRO-CLUSTER - one- to three-word affirmations ('Yes.', 'Correct.', 'Sure.', 'Yep.') scattered across the meeting and belonging to several different people. The fragments that can be tied to a neighbouring speaker by contiguous timing or sentence continuation are reassigned by override; the rows left under this label carry no usable anchor",Thank you.,Speaker 8
0:26:14.37,0:26:16.16,1574.37,1576.16,Heather Whitney,"CHAIR, Claremont School Board (chair since 4/5/2023, re-elected chair 3/20/2024). She opens the meeting in her own voice at 0 ('I would like to call to order the August 21st, 2024 meeting of the Claremont School Board'), notes the clerk is absent and takes the roll herself at 4-6 ('In the absence of our secretary [or] Clark'), and reads her own name LAST in both roll calls (6; 215 'And Heather Whitney', both words confidence 1.00). Whitney Skillen names her in the third person at 532 ('I think what Heather is asking is...', 'Heather' 1.00) and Bonnie Miles addresses her as 'Heather.' at 555 (1.00) - which fixes this presiding voice as Heather Whitney and NOT Whitney Skillen, the other sitting member whose first name is Whitney and who is a separate cluster (Speaker 7) in this same recording. She gives every recognition ('Miss Gillen' 84, 196, 580; 'Arlene' 72, 141, 188, 431; 'Candy' 173; 'Miss Crawford' 195, 665, 684; 'Mister patron' 309, 401, 582, 691; 'And Frank' 235; 'Frank Sprague as the chair' 668; 'Miss Hawkins' 609), runs the consent agenda, the nonpublic votes and the adjournment (701). This cluster repeatedly absorbs the onset of the member she is recognising (84 'Miss Gillen.' + Skillen's first words; 72 + Hawkins's first words; 6, 208, 211 + other members' roll answers) and swallows a handful of neighbouring voices; the ones that can be tied to another speaker are reassigned by override",Thank you.,Speaker 1
0:26:16.24,0:26:42.60,1576.24,1602.60,Tina McCusker,"SPECIAL EDUCATOR AND CASE MANAGER, Bluff Elementary School - presenting a request to fund a Girls on the Run programme. CHAIR'S INTRODUCTION: 'it's a presentation from Tina McCusker about girls on the run program at the Bluff Elementary School' (155; 'Tina' confidence 1.00, 'McCusker' 0.94) straight into this voice (158). She self-describes as 'my third year at bluff as a special educator [and] case manager' (158) and asks for $1,500 out of prior-year money for registration fees for 15 girls and two volunteer coaches. THE SURNAME SPELLING IS UNVERIFIED: 'McCusker' is exactly how this ASR renders the surname of Director of Student Services Michael McCosker elsewhere in the corpus, so 'McCusker' here may be a rendering of 'McCosker'. She is not named anywhere else in the recording and appears in no project roster note","I'm just going to stand, if that's okay. I'm a little challenged, so to speak.  Okay. Thank you all for all of your hard work for the Claremont School District. This is my third year at bluff as a special educator in case manager. So I went to my principal at the beginning of the end of the summer.",Speaker 9
0:26:42.76,0:27:14.64,1602.76,1634.64,Tina McCusker,"SPECIAL EDUCATOR AND CASE MANAGER, Bluff Elementary School - presenting a request to fund a Girls on the Run programme. CHAIR'S INTRODUCTION: 'it's a presentation from Tina McCusker about girls on the run program at the Bluff Elementary School' (155; 'Tina' confidence 1.00, 'McCusker' 0.94) straight into this voice (158). She self-describes as 'my third year at bluff as a special educator [and] case manager' (158) and asks for $1,500 out of prior-year money for registration fees for 15 girls and two volunteer coaches. THE SURNAME SPELLING IS UNVERIFIED: 'McCusker' is exactly how this ASR renders the surname of Director of Student Services Michael McCosker elsewhere in the corpus, so 'McCusker' here may be a rendering of 'McCosker'. She is not named anywhere else in the recording and appears in no project roster note","Sorry. I worked at during the summer months. And so as the summer months wound down, I went to the principal and said, would you mind if I,  started a girls on the run program? And she said, I would love it. And so I went to the administration. Girls on the run, if you aren't aware, is it a national nonprofit organization that designs  programs to strengthen ages  third grade to fifth grade, specifically girls, but also non-binary, non-conforming?",Speaker 9
0:27:14.64,0:27:47.52,1634.64,1667.52,Tina McCusker,"SPECIAL EDUCATOR AND CASE MANAGER, Bluff Elementary School - presenting a request to fund a Girls on the Run programme. CHAIR'S INTRODUCTION: 'it's a presentation from Tina McCusker about girls on the run program at the Bluff Elementary School' (155; 'Tina' confidence 1.00, 'McCusker' 0.94) straight into this voice (158). She self-describes as 'my third year at bluff as a special educator [and] case manager' (158) and asks for $1,500 out of prior-year money for registration fees for 15 girls and two volunteer coaches. THE SURNAME SPELLING IS UNVERIFIED: 'McCusker' is exactly how this ASR renders the surname of Director of Student Services Michael McCosker elsewhere in the corpus, so 'McCusker' here may be a rendering of 'McCosker'. She is not named anywhere else in the recording and appears in no project roster note","So they are embracing all of all of anyone who identifies as a  a girl  to strengthen their physical, but also their social emotional well-being, to give them motivation, self-esteem, coping skills for the things that are going on in their lives.  The program emphasizes developing competence and confidence.  Many things that our young women need connection, character, motivation, ways to contribute and give back.",Speaker 9
0:27:47.60,0:28:10.64,1667.60,1690.64,Tina McCusker,"SPECIAL EDUCATOR AND CASE MANAGER, Bluff Elementary School - presenting a request to fund a Girls on the Run programme. CHAIR'S INTRODUCTION: 'it's a presentation from Tina McCusker about girls on the run program at the Bluff Elementary School' (155; 'Tina' confidence 1.00, 'McCusker' 0.94) straight into this voice (158). She self-describes as 'my third year at bluff as a special educator [and] case manager' (158) and asks for $1,500 out of prior-year money for registration fees for 15 girls and two volunteer coaches. THE SURNAME SPELLING IS UNVERIFIED: 'McCusker' is exactly how this ASR renders the surname of Director of Student Services Michael McCosker elsewhere in the corpus, so 'McCusker' here may be a rendering of 'McCosker'. She is not named anywhere else in the recording and appears in no project roster note","It was founded in 1996 by Molly Baker.  So why did I ask to do this? Well, bluff, as you probably know, is a very poor school support in the district. We have 45% of our students who live at or below the poverty level.  Many of the kids on my caseload, I had a very large caseload last year.",Speaker 9
0:28:10.72,0:28:37.84,1690.72,1717.84,Tina McCusker,"SPECIAL EDUCATOR AND CASE MANAGER, Bluff Elementary School - presenting a request to fund a Girls on the Run programme. CHAIR'S INTRODUCTION: 'it's a presentation from Tina McCusker about girls on the run program at the Bluff Elementary School' (155; 'Tina' confidence 1.00, 'McCusker' 0.94) straight into this voice (158). She self-describes as 'my third year at bluff as a special educator [and] case manager' (158) and asks for $1,500 out of prior-year money for registration fees for 15 girls and two volunteer coaches. THE SURNAME SPELLING IS UNVERIFIED: 'McCusker' is exactly how this ASR renders the surname of Director of Student Services Michael McCosker elsewhere in the corpus, so 'McCusker' here may be a rendering of 'McCosker'. She is not named anywhere else in the recording and appears in no project roster note","And I won't share the numbers because you'd probably be very upset.  But come from shelters. So literally they come out of a shelter they might not be in from yesterday at noon, and they're coming to school to eat breakfast with us. So they're very there. Poor, 33% are on an IEP. So the special educator is the great folks that are in this room, all of you.",Speaker 9
0:28:37.92,0:28:57.28,1717.92,1737.28,Tina McCusker,"SPECIAL EDUCATOR AND CASE MANAGER, Bluff Elementary School - presenting a request to fund a Girls on the Run programme. CHAIR'S INTRODUCTION: 'it's a presentation from Tina McCusker about girls on the run program at the Bluff Elementary School' (155; 'Tina' confidence 1.00, 'McCusker' 0.94) straight into this voice (158). She self-describes as 'my third year at bluff as a special educator [and] case manager' (158) and asks for $1,500 out of prior-year money for registration fees for 15 girls and two volunteer coaches. THE SURNAME SPELLING IS UNVERIFIED: 'McCusker' is exactly how this ASR renders the surname of Director of Student Services Michael McCosker elsewhere in the corpus, so 'McCusker' here may be a rendering of 'McCosker'. She is not named anywhere else in the recording and appears in no project roster note","You're part of that team of bringing those kids up,  and teaching them how to give back when you are poor, many things are given to you.  You don't learn how to give back. You'll often come to school with no dreams. If you don't know where your head's going to land, you don't know where your next meal is going to come from.",Speaker 9
0:28:57.48,0:29:25.72,1737.48,1765.72,Tina McCusker,"SPECIAL EDUCATOR AND CASE MANAGER, Bluff Elementary School - presenting a request to fund a Girls on the Run programme. CHAIR'S INTRODUCTION: 'it's a presentation from Tina McCusker about girls on the run program at the Bluff Elementary School' (155; 'Tina' confidence 1.00, 'McCusker' 0.94) straight into this voice (158). She self-describes as 'my third year at bluff as a special educator [and] case manager' (158) and asks for $1,500 out of prior-year money for registration fees for 15 girls and two volunteer coaches. THE SURNAME SPELLING IS UNVERIFIED: 'McCusker' is exactly how this ASR renders the surname of Director of Student Services Michael McCosker elsewhere in the corpus, so 'McCusker' here may be a rendering of 'McCosker'. She is not named anywhere else in the recording and appears in no project roster note","How will you hope to become a doctor one day? So this is just a little tiny piece that we can use to give these girls some sort of motivation. So I am here to ask for some financial support. There is a registration fee. I have spoken with the girls on the run, program person that I'm working with and said, look, left support school.",Speaker 9
0:29:25.80,0:29:46.52,1765.80,1786.52,Tina McCusker,"SPECIAL EDUCATOR AND CASE MANAGER, Bluff Elementary School - presenting a request to fund a Girls on the Run programme. CHAIR'S INTRODUCTION: 'it's a presentation from Tina McCusker about girls on the run program at the Bluff Elementary School' (155; 'Tina' confidence 1.00, 'McCusker' 0.94) straight into this voice (158). She self-describes as 'my third year at bluff as a special educator [and] case manager' (158) and asks for $1,500 out of prior-year money for registration fees for 15 girls and two volunteer coaches. THE SURNAME SPELLING IS UNVERIFIED: 'McCusker' is exactly how this ASR renders the surname of Director of Student Services Michael McCosker elsewhere in the corpus, so 'McCusker' here may be a rendering of 'McCosker'. She is not named anywhere else in the recording and appears in no project roster note","If it's a sliding scale will take zero. And she said, well, we'll we'll get you as much as we can close to that number, but there is a registration fee.  So I'm looking at 15 girls, two coaches.  It is for the coaches. It's all volunteer. So the monies are just to be used for the registration fee.",Speaker 9
0:29:46.60,0:30:26.12,1786.60,1826.12,Tina McCusker,"SPECIAL EDUCATOR AND CASE MANAGER, Bluff Elementary School - presenting a request to fund a Girls on the Run programme. CHAIR'S INTRODUCTION: 'it's a presentation from Tina McCusker about girls on the run program at the Bluff Elementary School' (155; 'Tina' confidence 1.00, 'McCusker' 0.94) straight into this voice (158). She self-describes as 'my third year at bluff as a special educator [and] case manager' (158) and asks for $1,500 out of prior-year money for registration fees for 15 girls and two volunteer coaches. THE SURNAME SPELLING IS UNVERIFIED: 'McCusker' is exactly how this ASR renders the surname of Director of Student Services Michael McCosker elsewhere in the corpus, so 'McCusker' here may be a rendering of 'McCosker'. She is not named anywhere else in the recording and appears in no project roster note","It is a total of 1500 that I'm asking for. And that's from  monies left over from last year. I understand that this year's monies are most likely all budgeted and can certainly agree with that.  Any monies that are not used for registration, I would certainly give back  my plan for sneakers because footwear that is helpful so the girls don't injure their knees,  is going to be through donation, going to businesses like Ted's Shoe and Sports and Keene Hubert's in Claremont Runnings and just asking for donations in the same with t shirts they'll need.",Speaker 9
0:30:26.16,0:30:40.96,1826.16,1840.96,Tina McCusker,"SPECIAL EDUCATOR AND CASE MANAGER, Bluff Elementary School - presenting a request to fund a Girls on the Run programme. CHAIR'S INTRODUCTION: 'it's a presentation from Tina McCusker about girls on the run program at the Bluff Elementary School' (155; 'Tina' confidence 1.00, 'McCusker' 0.94) straight into this voice (158). She self-describes as 'my third year at bluff as a special educator [and] case manager' (158) and asks for $1,500 out of prior-year money for registration fees for 15 girls and two volunteer coaches. THE SURNAME SPELLING IS UNVERIFIED: 'McCusker' is exactly how this ASR renders the surname of Director of Student Services Michael McCosker elsewhere in the corpus, so 'McCusker' here may be a rendering of 'McCosker'. She is not named anywhere else in the recording and appears in no project roster note","They'll all need one color t shirt.  Many of our teachers have crickets. If they don't come with a logo, I can certainly get that organized. Okay, so that's why I'm here. Did you have any questions there?",Speaker 9
0:30:40.96,0:30:43.76,1840.96,1843.76,Heather Whitney,"CHAIR, Claremont School Board (chair since 4/5/2023, re-elected chair 3/20/2024). She opens the meeting in her own voice at 0 ('I would like to call to order the August 21st, 2024 meeting of the Claremont School Board'), notes the clerk is absent and takes the roll herself at 4-6 ('In the absence of our secretary [or] Clark'), and reads her own name LAST in both roll calls (6; 215 'And Heather Whitney', both words confidence 1.00). Whitney Skillen names her in the third person at 532 ('I think what Heather is asking is...', 'Heather' 1.00) and Bonnie Miles addresses her as 'Heather.' at 555 (1.00) - which fixes this presiding voice as Heather Whitney and NOT Whitney Skillen, the other sitting member whose first name is Whitney and who is a separate cluster (Speaker 7) in this same recording. She gives every recognition ('Miss Gillen' 84, 196, 580; 'Arlene' 72, 141, 188, 431; 'Candy' 173; 'Miss Crawford' 195, 665, 684; 'Mister patron' 309, 401, 582, 691; 'And Frank' 235; 'Frank Sprague as the chair' 668; 'Miss Hawkins' 609), runs the consent agenda, the nonpublic votes and the adjournment (701). This cluster repeatedly absorbs the onset of the member she is recognising (84 'Miss Gillen.' + Skillen's first words; 72 + Hawkins's first words; 6, 208, 211 + other members' roll answers) and swallows a handful of neighbouring voices; the ones that can be tied to another speaker are reassigned by override",Any questions from the board?,Speaker 1
0:30:43.84,0:30:57.76,1843.84,1857.76,Candace Crawford,"Claremont School Board member (appointed 7/19/2023, re-elected March 2024); reports for the Capital Improvement Committee and the SRVRTC visioning committee. CHAIR'S RECOGNITIONS straight into this voice: 'Yes. Candy.' (173, 1.00) -> 174 'Do I make [a motion]'; 'Any Crawford seconds' (200, 0.86) right after 199; 'the motion, as stated by Miss Crawford' (195, 1.00) closing the Girls on the Run vote she moved at 183; 'And Candace and then, Mr. Patron' (373) -> 374; 'we're going to start with the Capital Improvement Subcommittee. And that would be Miss Crawford' (665, 1.00) -> 666; 'And Miss Crawford, you're up again' (684, 1.00) -> 685. She addresses Bonnie Miles by name at 408 ('I think Bonnie', 0.98), which is what separates Miles from Arlene Hawkins inside Speaker 6","Just like I, I, I am familiar with this program. Lots of relatives who are in programs in other districts, and it's an amazing program.  And I know in the state of New Hampshire, it's a wonderful program.",Speaker 4
0:30:57.80,0:31:19.76,1857.80,1879.76,Tina McCusker,"SPECIAL EDUCATOR AND CASE MANAGER, Bluff Elementary School - presenting a request to fund a Girls on the Run programme. CHAIR'S INTRODUCTION: 'it's a presentation from Tina McCusker about girls on the run program at the Bluff Elementary School' (155; 'Tina' confidence 1.00, 'McCusker' 0.94) straight into this voice (158). She self-describes as 'my third year at bluff as a special educator [and] case manager' (158) and asks for $1,500 out of prior-year money for registration fees for 15 girls and two volunteer coaches. THE SURNAME SPELLING IS UNVERIFIED: 'McCusker' is exactly how this ASR renders the surname of Director of Student Services Michael McCosker elsewhere in the corpus, so 'McCusker' here may be a rendering of 'McCosker'. She is not named anywhere else in the recording and appears in no project roster note","It is very well run. It does come with a curriculum.  So there is a lesson. And,  I had spoken with our guidance counselor who's now taken on another role, but she had planned to do that curriculum during a lunch bunch. So most likely I will tap some other teachers on the shoulder to help me do the lunch bunch and do that curriculum piece during that time.",Speaker 9
0:31:19.84,0:31:55.40,1879.84,1915.40,Tina McCusker,"SPECIAL EDUCATOR AND CASE MANAGER, Bluff Elementary School - presenting a request to fund a Girls on the Run programme. CHAIR'S INTRODUCTION: 'it's a presentation from Tina McCusker about girls on the run program at the Bluff Elementary School' (155; 'Tina' confidence 1.00, 'McCusker' 0.94) straight into this voice (158). She self-describes as 'my third year at bluff as a special educator [and] case manager' (158) and asks for $1,500 out of prior-year money for registration fees for 15 girls and two volunteer coaches. THE SURNAME SPELLING IS UNVERIFIED: 'McCusker' is exactly how this ASR renders the surname of Director of Student Services Michael McCosker elsewhere in the corpus, so 'McCusker' here may be a rendering of 'McCosker'. She is not named anywhere else in the recording and appears in no project roster note","The after school piece is two afternoons a week for up to 45 minutes,  so they're physically active for 90 minutes a week. And that's another thing. When you're on a carb rich diet, you are either really skinny or really plump. So, you know, these kids need different avenues where they can say, look, to be healthy, I need to do x, y, z to when I'm angry because I live in a shelter and I have head lice, and I'm coming to school and I have any instance, noon yesterday.",Speaker 9
0:31:55.48,0:32:02.44,1915.48,1922.44,Tina McCusker,"SPECIAL EDUCATOR AND CASE MANAGER, Bluff Elementary School - presenting a request to fund a Girls on the Run programme. CHAIR'S INTRODUCTION: 'it's a presentation from Tina McCusker about girls on the run program at the Bluff Elementary School' (155; 'Tina' confidence 1.00, 'McCusker' 0.94) straight into this voice (158). She self-describes as 'my third year at bluff as a special educator [and] case manager' (158) and asks for $1,500 out of prior-year money for registration fees for 15 girls and two volunteer coaches. THE SURNAME SPELLING IS UNVERIFIED: 'McCusker' is exactly how this ASR renders the surname of Director of Student Services Michael McCosker elsewhere in the corpus, so 'McCusker' here may be a rendering of 'McCosker'. She is not named anywhere else in the recording and appears in no project roster note","I can develop coping skills by running, by becoming physically active. So.",Speaker 9
0:32:02.52,0:32:03.36,1922.52,1923.36,Heather Whitney,"CHAIR, Claremont School Board (chair since 4/5/2023, re-elected chair 3/20/2024). She opens the meeting in her own voice at 0 ('I would like to call to order the August 21st, 2024 meeting of the Claremont School Board'), notes the clerk is absent and takes the roll herself at 4-6 ('In the absence of our secretary [or] Clark'), and reads her own name LAST in both roll calls (6; 215 'And Heather Whitney', both words confidence 1.00). Whitney Skillen names her in the third person at 532 ('I think what Heather is asking is...', 'Heather' 1.00) and Bonnie Miles addresses her as 'Heather.' at 555 (1.00) - which fixes this presiding voice as Heather Whitney and NOT Whitney Skillen, the other sitting member whose first name is Whitney and who is a separate cluster (Speaker 7) in this same recording. She gives every recognition ('Miss Gillen' 84, 196, 580; 'Arlene' 72, 141, 188, 431; 'Candy' 173; 'Miss Crawford' 195, 665, 684; 'Mister patron' 309, 401, 582, 691; 'And Frank' 235; 'Frank Sprague as the chair' 668; 'Miss Hawkins' 609), runs the consent agenda, the nonpublic votes and the adjournment (701). This cluster repeatedly absorbs the onset of the member she is recognising (84 'Miss Gillen.' + Skillen's first words; 72 + Hawkins's first words; 6, 208, 211 + other members' roll answers) and swallows a handful of neighbouring voices; the ones that can be tied to another speaker are reassigned by override",Yes. Candy.,Speaker 1
0:32:03.56,0:32:04.08,1923.56,1924.08,Candace Crawford,"Claremont School Board member (appointed 7/19/2023, re-elected March 2024); reports for the Capital Improvement Committee and the SRVRTC visioning committee. CHAIR'S RECOGNITIONS straight into this voice: 'Yes. Candy.' (173, 1.00) -> 174 'Do I make [a motion]'; 'Any Crawford seconds' (200, 0.86) right after 199; 'the motion, as stated by Miss Crawford' (195, 1.00) closing the Girls on the Run vote she moved at 183; 'And Candace and then, Mr. Patron' (373) -> 374; 'we're going to start with the Capital Improvement Subcommittee. And that would be Miss Crawford' (665, 1.00) -> 666; 'And Miss Crawford, you're up again' (684, 1.00) -> 685. She addresses Bonnie Miles by name at 408 ('I think Bonnie', 0.98), which is what separates Miles from Arlene Hawkins inside Speaker 6",Do I make.,Speaker 4
0:32:04.08,0:32:07.92,1924.08,1927.92,Heather Whitney,"CHAIR, Claremont School Board (chair since 4/5/2023, re-elected chair 3/20/2024). She opens the meeting in her own voice at 0 ('I would like to call to order the August 21st, 2024 meeting of the Claremont School Board'), notes the clerk is absent and takes the roll herself at 4-6 ('In the absence of our secretary [or] Clark'), and reads her own name LAST in both roll calls (6; 215 'And Heather Whitney', both words confidence 1.00). Whitney Skillen names her in the third person at 532 ('I think what Heather is asking is...', 'Heather' 1.00) and Bonnie Miles addresses her as 'Heather.' at 555 (1.00) - which fixes this presiding voice as Heather Whitney and NOT Whitney Skillen, the other sitting member whose first name is Whitney and who is a separate cluster (Speaker 7) in this same recording. She gives every recognition ('Miss Gillen' 84, 196, 580; 'Arlene' 72, 141, 188, 431; 'Candy' 173; 'Miss Crawford' 195, 665, 684; 'Mister patron' 309, 401, 582, 691; 'And Frank' 235; 'Frank Sprague as the chair' 668; 'Miss Hawkins' 609), runs the consent agenda, the nonpublic votes and the adjournment (701). This cluster repeatedly absorbs the onset of the member she is recognising (84 'Miss Gillen.' + Skillen's first words; 72 + Hawkins's first words; 6, 208, 211 + other members' roll answers) and swallows a handful of neighbouring voices; the ones that can be tied to another speaker are reassigned by override","A motion? Yes.  Is there any other questions? First, before we make a motion.",Speaker 1
0:32:07.96,0:32:13.60,1927.96,1933.60,Arlene Hawkins,"Claremont School Board member - she questions the Girls on the Run funding history and then seconds the motion (187), which the chair confirms one second later: 'Okay. Arlene. Seconds. Motion.' (188, 'Arlene' 0.94)",I just have one question. So you said this is your third year doing this? Yes. How has this been funded in the past?,Speaker 6
0:32:13.68,0:32:17.01,1933.68,1937.01,Tina McCusker,"SPECIAL EDUCATOR AND CASE MANAGER, Bluff Elementary School - presenting a request to fund a Girls on the Run programme. CHAIR'S INTRODUCTION: 'it's a presentation from Tina McCusker about girls on the run program at the Bluff Elementary School' (155; 'Tina' confidence 1.00, 'McCusker' 0.94) straight into this voice (158). She self-describes as 'my third year at bluff as a special educator [and] case manager' (158) and asks for $1,500 out of prior-year money for registration fees for 15 girls and two volunteer coaches. THE SURNAME SPELLING IS UNVERIFIED: 'McCusker' is exactly how this ASR renders the surname of Director of Student Services Michael McCosker elsewhere in the corpus, so 'McCusker' here may be a rendering of 'McCosker'. She is not named anywhere else in the recording and appears in no project roster note",It has not. This is the first year that.,Speaker 9
0:32:17.09,0:32:18.00,1937.09,1938.00,Heather Whitney,"CHAIR, Claremont School Board (chair since 4/5/2023, re-elected chair 3/20/2024). She opens the meeting in her own voice at 0 ('I would like to call to order the August 21st, 2024 meeting of the Claremont School Board'), notes the clerk is absent and takes the roll herself at 4-6 ('In the absence of our secretary [or] Clark'), and reads her own name LAST in both roll calls (6; 215 'And Heather Whitney', both words confidence 1.00). Whitney Skillen names her in the third person at 532 ('I think what Heather is asking is...', 'Heather' 1.00) and Bonnie Miles addresses her as 'Heather.' at 555 (1.00) - which fixes this presiding voice as Heather Whitney and NOT Whitney Skillen, the other sitting member whose first name is Whitney and who is a separate cluster (Speaker 7) in this same recording. She gives every recognition ('Miss Gillen' 84, 196, 580; 'Arlene' 72, 141, 188, 431; 'Candy' 173; 'Miss Crawford' 195, 665, 684; 'Mister patron' 309, 401, 582, 691; 'And Frank' 235; 'Frank Sprague as the chair' 668; 'Miss Hawkins' 609), runs the consent agenda, the nonpublic votes and the adjournment (701). This cluster repeatedly absorbs the onset of the member she is recognising (84 'Miss Gillen.' + Skillen's first words; 72 + Hawkins's first words; 6, 208, 211 + other members' roll answers) and swallows a handful of neighbouring voices; the ones that can be tied to another speaker are reassigned by override",She's been here for three years.,Speaker 1
0:32:18.16,0:32:21.20,1938.16,1941.20,Arlene Hawkins,"Claremont School Board member - she questions the Girls on the Run funding history and then seconds the motion (187), which the chair confirms one second later: 'Okay. Arlene. Seconds. Motion.' (188, 'Arlene' 0.94)","You've been here for three years. I'm sorry I misunderstood, I apologize.",Speaker 6
0:32:21.24,0:32:48.60,1941.24,1968.60,Tina McCusker,"SPECIAL EDUCATOR AND CASE MANAGER, Bluff Elementary School - presenting a request to fund a Girls on the Run programme. CHAIR'S INTRODUCTION: 'it's a presentation from Tina McCusker about girls on the run program at the Bluff Elementary School' (155; 'Tina' confidence 1.00, 'McCusker' 0.94) straight into this voice (158). She self-describes as 'my third year at bluff as a special educator [and] case manager' (158) and asks for $1,500 out of prior-year money for registration fees for 15 girls and two volunteer coaches. THE SURNAME SPELLING IS UNVERIFIED: 'McCusker' is exactly how this ASR renders the surname of Director of Student Services Michael McCosker elsewhere in the corpus, so 'McCusker' here may be a rendering of 'McCosker'. She is not named anywhere else in the recording and appears in no project roster note","No worries. So if you're thinking, can a male be part of this program? Yes.  Men can run with a girl. So if you're an uncle, a dad, foster parent, you can run as a sponsor.  They don't have a boys on the run program already. Kind of get that in the back of my mind. And I've actually tapped my son on the the shoulder and said, hey, what do you think about?",Speaker 9
0:32:48.60,0:33:05.52,1968.60,1985.52,Tina McCusker,"SPECIAL EDUCATOR AND CASE MANAGER, Bluff Elementary School - presenting a request to fund a Girls on the Run programme. CHAIR'S INTRODUCTION: 'it's a presentation from Tina McCusker about girls on the run program at the Bluff Elementary School' (155; 'Tina' confidence 1.00, 'McCusker' 0.94) straight into this voice (158). She self-describes as 'my third year at bluff as a special educator [and] case manager' (158) and asks for $1,500 out of prior-year money for registration fees for 15 girls and two volunteer coaches. THE SURNAME SPELLING IS UNVERIFIED: 'McCusker' is exactly how this ASR renders the surname of Director of Student Services Michael McCosker elsewhere in the corpus, so 'McCusker' here may be a rendering of 'McCosker'. She is not named anywhere else in the recording and appears in no project roster note","And he's he came up with a name, The Weight of Change, which I thought, Okay. If we have voice come forward, I'm all for it. I mean, I do love bluff and I love Claremont, so I'm happy to dig in and do some work to help these kiddos.",Speaker 9
0:33:05.56,0:33:07.16,1985.56,1987.16,Heather Whitney,"CHAIR, Claremont School Board (chair since 4/5/2023, re-elected chair 3/20/2024). She opens the meeting in her own voice at 0 ('I would like to call to order the August 21st, 2024 meeting of the Claremont School Board'), notes the clerk is absent and takes the roll herself at 4-6 ('In the absence of our secretary [or] Clark'), and reads her own name LAST in both roll calls (6; 215 'And Heather Whitney', both words confidence 1.00). Whitney Skillen names her in the third person at 532 ('I think what Heather is asking is...', 'Heather' 1.00) and Bonnie Miles addresses her as 'Heather.' at 555 (1.00) - which fixes this presiding voice as Heather Whitney and NOT Whitney Skillen, the other sitting member whose first name is Whitney and who is a separate cluster (Speaker 7) in this same recording. She gives every recognition ('Miss Gillen' 84, 196, 580; 'Arlene' 72, 141, 188, 431; 'Candy' 173; 'Miss Crawford' 195, 665, 684; 'Mister patron' 309, 401, 582, 691; 'And Frank' 235; 'Frank Sprague as the chair' 668; 'Miss Hawkins' 609), runs the consent agenda, the nonpublic votes and the adjournment (701). This cluster repeatedly absorbs the onset of the member she is recognising (84 'Miss Gillen.' + Skillen's first words; 72 + Hawkins's first words; 6, 208, 211 + other members' roll answers) and swallows a handful of neighbouring voices; the ones that can be tied to another speaker are reassigned by override","Thank you, thank you.",Speaker 1
0:33:07.24,0:33:24.12,1987.24,2004.12,Candace Crawford,"Claremont School Board member (appointed 7/19/2023, re-elected March 2024); reports for the Capital Improvement Committee and the SRVRTC visioning committee. CHAIR'S RECOGNITIONS straight into this voice: 'Yes. Candy.' (173, 1.00) -> 174 'Do I make [a motion]'; 'Any Crawford seconds' (200, 0.86) right after 199; 'the motion, as stated by Miss Crawford' (195, 1.00) closing the Girls on the Run vote she moved at 183; 'And Candace and then, Mr. Patron' (373) -> 374; 'we're going to start with the Capital Improvement Subcommittee. And that would be Miss Crawford' (665, 1.00) -> 666; 'And Miss Crawford, you're up again' (684, 1.00) -> 685. She addresses Bonnie Miles by name at 408 ('I think Bonnie', 0.98), which is what separates Miles from Arlene Hawkins inside Speaker 6","I make a motion that, we support this program and, have the finance person for intendant find $1,500 in the current budget to to cover the cost of.",Speaker 4
0:33:24.20,0:33:27.96,2004.20,2007.96,Heather Whitney,"CHAIR, Claremont School Board (chair since 4/5/2023, re-elected chair 3/20/2024). She opens the meeting in her own voice at 0 ('I would like to call to order the August 21st, 2024 meeting of the Claremont School Board'), notes the clerk is absent and takes the roll herself at 4-6 ('In the absence of our secretary [or] Clark'), and reads her own name LAST in both roll calls (6; 215 'And Heather Whitney', both words confidence 1.00). Whitney Skillen names her in the third person at 532 ('I think what Heather is asking is...', 'Heather' 1.00) and Bonnie Miles addresses her as 'Heather.' at 555 (1.00) - which fixes this presiding voice as Heather Whitney and NOT Whitney Skillen, the other sitting member whose first name is Whitney and who is a separate cluster (Speaker 7) in this same recording. She gives every recognition ('Miss Gillen' 84, 196, 580; 'Arlene' 72, 141, 188, 431; 'Candy' 173; 'Miss Crawford' 195, 665, 684; 'Mister patron' 309, 401, 582, 691; 'And Frank' 235; 'Frank Sprague as the chair' 668; 'Miss Hawkins' 609), runs the consent agenda, the nonpublic votes and the adjournment (701). This cluster repeatedly absorbs the onset of the member she is recognising (84 'Miss Gillen.' + Skillen's first words; 72 + Hawkins's first words; 6, 208, 211 + other members' roll answers) and swallows a handful of neighbouring voices; the ones that can be tied to another speaker are reassigned by override","Yeah, it can't come from last year, so we'll have to come. Yes.",Speaker 1
0:33:28.04,0:33:28.88,2008.04,2008.88,Candace Crawford,"Claremont School Board member (appointed 7/19/2023, re-elected March 2024); reports for the Capital Improvement Committee and the SRVRTC visioning committee. CHAIR'S RECOGNITIONS straight into this voice: 'Yes. Candy.' (173, 1.00) -> 174 'Do I make [a motion]'; 'Any Crawford seconds' (200, 0.86) right after 199; 'the motion, as stated by Miss Crawford' (195, 1.00) closing the Girls on the Run vote she moved at 183; 'And Candace and then, Mr. Patron' (373) -> 374; 'we're going to start with the Capital Improvement Subcommittee. And that would be Miss Crawford' (665, 1.00) -> 666; 'And Miss Crawford, you're up again' (684, 1.00) -> 685. She addresses Bonnie Miles by name at 408 ('I think Bonnie', 0.98), which is what separates Miles from Arlene Hawkins inside Speaker 6",But I.,Speaker 4
0:33:29.00,0:33:31.92,2009.00,2011.92,Heather Whitney,"CHAIR, Claremont School Board (chair since 4/5/2023, re-elected chair 3/20/2024). She opens the meeting in her own voice at 0 ('I would like to call to order the August 21st, 2024 meeting of the Claremont School Board'), notes the clerk is absent and takes the roll herself at 4-6 ('In the absence of our secretary [or] Clark'), and reads her own name LAST in both roll calls (6; 215 'And Heather Whitney', both words confidence 1.00). Whitney Skillen names her in the third person at 532 ('I think what Heather is asking is...', 'Heather' 1.00) and Bonnie Miles addresses her as 'Heather.' at 555 (1.00) - which fixes this presiding voice as Heather Whitney and NOT Whitney Skillen, the other sitting member whose first name is Whitney and who is a separate cluster (Speaker 7) in this same recording. She gives every recognition ('Miss Gillen' 84, 196, 580; 'Arlene' 72, 141, 188, 431; 'Candy' 173; 'Miss Crawford' 195, 665, 684; 'Mister patron' 309, 401, 582, 691; 'And Frank' 235; 'Frank Sprague as the chair' 668; 'Miss Hawkins' 609), runs the consent agenda, the nonpublic votes and the adjournment (701). This cluster repeatedly absorbs the onset of the member she is recognising (84 'Miss Gillen.' + Skillen's first words; 72 + Hawkins's first words; 6, 208, 211 + other members' roll answers) and swallows a handful of neighbouring voices; the ones that can be tied to another speaker are reassigned by override",Think 15 second the motion. Yeah.,Speaker 1
0:33:32.16,0:33:33.12,2012.16,2013.12,Arlene Hawkins,"Claremont School Board member - she questions the Girls on the Run funding history and then seconds the motion (187), which the chair confirms one second later: 'Okay. Arlene. Seconds. Motion.' (188, 'Arlene' 0.94)",I'll second the motion.,Speaker 6
0:33:33.16,0:33:37.52,2013.16,2017.52,Heather Whitney,"CHAIR, Claremont School Board (chair since 4/5/2023, re-elected chair 3/20/2024). She opens the meeting in her own voice at 0 ('I would like to call to order the August 21st, 2024 meeting of the Claremont School Board'), notes the clerk is absent and takes the roll herself at 4-6 ('In the absence of our secretary [or] Clark'), and reads her own name LAST in both roll calls (6; 215 'And Heather Whitney', both words confidence 1.00). Whitney Skillen names her in the third person at 532 ('I think what Heather is asking is...', 'Heather' 1.00) and Bonnie Miles addresses her as 'Heather.' at 555 (1.00) - which fixes this presiding voice as Heather Whitney and NOT Whitney Skillen, the other sitting member whose first name is Whitney and who is a separate cluster (Speaker 7) in this same recording. She gives every recognition ('Miss Gillen' 84, 196, 580; 'Arlene' 72, 141, 188, 431; 'Candy' 173; 'Miss Crawford' 195, 665, 684; 'Mister patron' 309, 401, 582, 691; 'And Frank' 235; 'Frank Sprague as the chair' 668; 'Miss Hawkins' 609), runs the consent agenda, the nonpublic votes and the adjournment (701). This cluster repeatedly absorbs the onset of the member she is recognising (84 'Miss Gillen.' + Skillen's first words; 72 + Hawkins's first words; 6, 208, 211 + other members' roll answers) and swallows a handful of neighbouring voices; the ones that can be tied to another speaker are reassigned by override","Okay. Arlene. Seconds. Motion. Mike, do you have a question?",Speaker 1
0:33:37.60,0:34:00.28,2017.60,2040.28,Michael Petrin,"Claremont School Board member (returned to the board as a write-in in the March 2024 election). CHAIR'S RECOGNITIONS, each straight into this voice: 'Mike, do you have a question?' (188) -> 189; 'Mister patron.' (309, 0.94) -> 310; 'Mister patron.' (401, 1.00) -> 402; 'Mike.' (551, 1.00) -> 552 ('No.'); 'Mr. patron?' (582, 1.00) -> 583 ('No.'); 'Mr. patron.' (691, 0.76) -> 692. He answers the opening roll in this voice at 5 ('Patron here', 'Patron' 1.00) and the nonpublic roll at 209, and the chair credits the second on the tech-centre motion to him at 292 ('Second for Mike patron'). At 130-132 he speaks off 'Frank and Whitney, what they were saying' and tells Sprague 'Frank retired. You can go take a walk. I can't' - so he is neither of them - and Frank Sprague places him at 483: 'Mike has a background in physical therapy.' ASR renders him 'Patron', 'patron', 'Peterson' (406, 1.00). THIS CLUSTER IS A MERGE: it also carries Assistant Superintendent Mike Koski's long turns, several of Frank Sprague's, and dozens of sub-second interjections from other people; every stretch that could be tied to another speaker is reassigned by override, and short unanchored backchannels left under this label may belong to someone else","Just question. Maybe more for administration about the student program at another school. You know, bluff is one of three many schools in the district. And I'm not against, you know, 1500. But if it's bluff, you know, these numbers can start piling up. So just wondering, is there anything else in plan for other schools, which would be nice?",Speaker 2
0:34:00.40,0:34:08.44,2040.40,2048.44,Chris Pratt,"SUPERINTENDENT OF SCHOOLS, SAU 6 / Claremont School District. The chair puts the staff-nomination motion as 'approving the list of nominations as presented by doctor, Doctor Pratt. Mr. Pratt' (280, both 1.00) immediately after this voice's exchange, and names him three more times as the person who will bring the revised job description (558, 561, 563, 688 - all 1.00). He delivers the superintendent's report (8-41), calls it 'the superintendents report that I sent you' (8), hands off to 'Mr. O'Hearn' (219) and to 'Michael' for the AI/PD questions (31), and apologises to the board in the first person for hiring before the board approved the position (588-589). Bonnie Miles says at 568 'Mr. Pratt was an interim superintendent before you became the superintendent' and Michael Petrin at 538 'We have superintendent Chris was the acting superintendent because someone left mid-term' - both addressed to this voice, and the word 'interim' is never applied to him in the present tense anywhere in the file. Bonnie Miles and Arlene Hawkins both address him as 'Chris' (500, 502, 616; 1.00). ASR also renders him 'Mr. Pride' (610, 1.00)","I haven't been approached by any other schools, but I'm sure if it's successful. Me, I mean, I would see that probably Maple.",Speaker 3
0:34:08.52,0:34:09.04,2048.52,2049.04,Heather Whitney,"CHAIR, Claremont School Board (chair since 4/5/2023, re-elected chair 3/20/2024). She opens the meeting in her own voice at 0 ('I would like to call to order the August 21st, 2024 meeting of the Claremont School Board'), notes the clerk is absent and takes the roll herself at 4-6 ('In the absence of our secretary [or] Clark'), and reads her own name LAST in both roll calls (6; 215 'And Heather Whitney', both words confidence 1.00). Whitney Skillen names her in the third person at 532 ('I think what Heather is asking is...', 'Heather' 1.00) and Bonnie Miles addresses her as 'Heather.' at 555 (1.00) - which fixes this presiding voice as Heather Whitney and NOT Whitney Skillen, the other sitting member whose first name is Whitney and who is a separate cluster (Speaker 7) in this same recording. She gives every recognition ('Miss Gillen' 84, 196, 580; 'Arlene' 72, 141, 188, 431; 'Candy' 173; 'Miss Crawford' 195, 665, 684; 'Mister patron' 309, 401, 582, 691; 'And Frank' 235; 'Frank Sprague as the chair' 668; 'Miss Hawkins' 609), runs the consent agenda, the nonpublic votes and the adjournment (701). This cluster repeatedly absorbs the onset of the member she is recognising (84 'Miss Gillen.' + Skillen's first words; 72 + Hawkins's first words; 6, 208, 211 + other members' roll answers) and swallows a handful of neighbouring voices; the ones that can be tied to another speaker are reassigned by override",Dilemma to.,Speaker 1
0:34:09.04,0:34:09.28,2049.04,2049.28,Michael Petrin,"Claremont School Board member (returned to the board as a write-in in the March 2024 election). CHAIR'S RECOGNITIONS, each straight into this voice: 'Mike, do you have a question?' (188) -> 189; 'Mister patron.' (309, 0.94) -> 310; 'Mister patron.' (401, 1.00) -> 402; 'Mike.' (551, 1.00) -> 552 ('No.'); 'Mr. patron?' (582, 1.00) -> 583 ('No.'); 'Mr. patron.' (691, 0.76) -> 692. He answers the opening roll in this voice at 5 ('Patron here', 'Patron' 1.00) and the nonpublic roll at 209, and the chair credits the second on the tech-centre motion to him at 292 ('Second for Mike patron'). At 130-132 he speaks off 'Frank and Whitney, what they were saying' and tells Sprague 'Frank retired. You can go take a walk. I can't' - so he is neither of them - and Frank Sprague places him at 483: 'Mike has a background in physical therapy.' ASR renders him 'Patron', 'patron', 'Peterson' (406, 1.00). THIS CLUSTER IS A MERGE: it also carries Assistant Superintendent Mike Koski's long turns, several of Frank Sprague's, and dozens of sub-second interjections from other people; every stretch that could be tied to another speaker is reassigned by override, and short unanchored backchannels left under this label may belong to someone else",Have.,Speaker 2
0:34:09.44,0:34:13.56,2049.44,2053.56,Frank Sprague,"VICE CHAIR, Claremont School Board; CHAIR of the Finance Committee. The chair recognises 'And Frank.' (235, 1.00) straight into this voice (236), credits the tech-centre motion to him at 292 ('since Mr. Sprague made the motion, he gets number one') and at 514 ('if Frank will accept this'), and opens the finance report with 'Finance subcommittee. That's Frank Sprague as the chair' (668, both 1.00) straight into 669. Michael Petrin speaks 'off of Frank and Whitney, what they were saying' at 130 immediately after this voice's 504 case-management run (121-127) and tells him 'Frank retired' (132). The biography matches the corpus record for Sprague: 'when I was in that role, I had caseloads' as a school counsellor (123), 'we had a very restrictive attendance policy, Stevens High School when I first started there' (124), 'one of the things that I battled for probably 20 years' (150). He also volunteers a CTE-director licence, a master's in education administration and ten years owning a restaurant (293-297, 483). THE DIARIZER SPLIT HIM ACROSS THREE CLUSTERS - Speaker 5, Speaker 13 and part of Speaker 2 - and merged Assistant Superintendent Mike Koski into Speaker 5 with him; the Koski stretches are reassigned by override",Girls on the road last spring.,Speaker 5
0:34:13.64,0:34:14.96,2053.64,2054.96,Bonnie Miles,"Claremont School Board member. CHAIR'S RECOGNITIONS straight into this voice: 'Sorry, Mr. Peter and then miss Miles' (303, 'Miles' 0.96) and 'Who's next, miss Miles?' (312, 'Miles' 1.00) -> 313, which opens her long run of questions on the assistant tech-centre director; Candace Crawford answers her by name at 408 ('I think Bonnie', 0.98) while this voice is speaking at 406-413. She is the member who asks whether the board may approve a position that has already been filled (322-332), who proposes the word 'acting' (335, 469) and who moves the amendment adopted that night (533). CAUTION - THIS CLUSTER MERGES TWO WOMEN: Speaker 6 carries both Bonnie Miles and Arlene Hawkins. Rows keep Miles by default; every stretch that a chair recognition or a colleague's direct address ties to Hawkins is reassigned by override. Short interjections that fall between the anchored runs cannot be separated acoustically and could belong to either member",That wouldn't be a bad dilemma to.,Speaker 6
0:34:14.96,0:34:32.36,2054.96,2072.36,Heather Whitney,"CHAIR, Claremont School Board (chair since 4/5/2023, re-elected chair 3/20/2024). She opens the meeting in her own voice at 0 ('I would like to call to order the August 21st, 2024 meeting of the Claremont School Board'), notes the clerk is absent and takes the roll herself at 4-6 ('In the absence of our secretary [or] Clark'), and reads her own name LAST in both roll calls (6; 215 'And Heather Whitney', both words confidence 1.00). Whitney Skillen names her in the third person at 532 ('I think what Heather is asking is...', 'Heather' 1.00) and Bonnie Miles addresses her as 'Heather.' at 555 (1.00) - which fixes this presiding voice as Heather Whitney and NOT Whitney Skillen, the other sitting member whose first name is Whitney and who is a separate cluster (Speaker 7) in this same recording. She gives every recognition ('Miss Gillen' 84, 196, 580; 'Arlene' 72, 141, 188, 431; 'Candy' 173; 'Miss Crawford' 195, 665, 684; 'Mister patron' 309, 401, 582, 691; 'And Frank' 235; 'Frank Sprague as the chair' 668; 'Miss Hawkins' 609), runs the consent agenda, the nonpublic votes and the adjournment (701). This cluster repeatedly absorbs the onset of the member she is recognising (84 'Miss Gillen.' + Skillen's first words; 72 + Hawkins's first words; 6, 208, 211 + other members' roll answers) and swallows a handful of neighbouring voices; the ones that can be tied to another speaker are reassigned by override","Have any other discussion. Okay. All in favor of the as of the motion, as stated by  Miss Crawford. Say I  any opposed seeing? No. Opposed. The motion passes. Thank you so much. Thank you. Yeah.",Speaker 1
0:34:32.44,0:34:50.35,2072.44,2090.35,Heather Whitney,"CHAIR, Claremont School Board (chair since 4/5/2023, re-elected chair 3/20/2024). She opens the meeting in her own voice at 0 ('I would like to call to order the August 21st, 2024 meeting of the Claremont School Board'), notes the clerk is absent and takes the roll herself at 4-6 ('In the absence of our secretary [or] Clark'), and reads her own name LAST in both roll calls (6; 215 'And Heather Whitney', both words confidence 1.00). Whitney Skillen names her in the third person at 532 ('I think what Heather is asking is...', 'Heather' 1.00) and Bonnie Miles addresses her as 'Heather.' at 555 (1.00) - which fixes this presiding voice as Heather Whitney and NOT Whitney Skillen, the other sitting member whose first name is Whitney and who is a separate cluster (Speaker 7) in this same recording. She gives every recognition ('Miss Gillen' 84, 196, 580; 'Arlene' 72, 141, 188, 431; 'Candy' 173; 'Miss Crawford' 195, 665, 684; 'Mister patron' 309, 401, 582, 691; 'And Frank' 235; 'Frank Sprague as the chair' 668; 'Miss Hawkins' 609), runs the consent agenda, the nonpublic votes and the adjournment (701). This cluster repeatedly absorbs the onset of the member she is recognising (84 'Miss Gillen.' + Skillen's first words; 72 + Hawkins's first words; 6, 208, 211 + other members' roll answers) and swallows a handful of neighbouring voices; the ones that can be tied to another speaker are reassigned by override","Our second item on the agenda is  entering into a nonpublic session for a 91 dash, a three comma Roman numeral two, J. Can I have a motion to go into nonpublic and roll call? Yes, Miss Gillen.",Speaker 1
0:34:50.36,0:34:54.80,2090.36,2094.80,Whitney Skillen,"Claremont School Board member; CHAIR of the Policy subcommittee. CHAIR'S RECOGNITIONS straight into this voice: 'Miss Gillen.' (84, 0.82) -> 85; 'Yes, Miss Gillen.' (196, 0.43) -> 197, her motion to go into nonpublic; 'So the skill[en]' (298) -> 299; 'Miss Kellen.' (531, 0.62) -> 532; 'we can do a roll call, Whitney' (542, 0.94) -> 543; 'No objection, Miss Gillen' (580, 0.48) -> 581; 'Anybody like to make a motion and then miss going [Gillen]' (653) -> 654; and 'Anything from the policy subcommittee?' (677) -> 678, where she reports on her own schedule as policy chair. She refers to the chair in the third person at 532 ('I think what Heather is asking is'), so she is NOT Heather Whitney, who is a separate cluster (Speaker 1) here. The ASR garbles her surname as 'Gillen', 'going', 'Kellen', 'skill', 'Skilling' and - in the chair's 233 - 'still on'",I'd like to make a motion to move to a nonpublic session.,Speaker 7
0:34:54.88,0:35:03.00,2094.88,2103.00,Heather Whitney,"CHAIR, Claremont School Board (chair since 4/5/2023, re-elected chair 3/20/2024). She opens the meeting in her own voice at 0 ('I would like to call to order the August 21st, 2024 meeting of the Claremont School Board'), notes the clerk is absent and takes the roll herself at 4-6 ('In the absence of our secretary [or] Clark'), and reads her own name LAST in both roll calls (6; 215 'And Heather Whitney', both words confidence 1.00). Whitney Skillen names her in the third person at 532 ('I think what Heather is asking is...', 'Heather' 1.00) and Bonnie Miles addresses her as 'Heather.' at 555 (1.00) - which fixes this presiding voice as Heather Whitney and NOT Whitney Skillen, the other sitting member whose first name is Whitney and who is a separate cluster (Speaker 7) in this same recording. She gives every recognition ('Miss Gillen' 84, 196, 580; 'Arlene' 72, 141, 188, 431; 'Candy' 173; 'Miss Crawford' 195, 665, 684; 'Mister patron' 309, 401, 582, 691; 'And Frank' 235; 'Frank Sprague as the chair' 668; 'Miss Hawkins' 609), runs the consent agenda, the nonpublic votes and the adjournment (701). This cluster repeatedly absorbs the onset of the member she is recognising (84 'Miss Gillen.' + Skillen's first words; 72 + Hawkins's first words; 6, 208, 211 + other members' roll answers) and swallows a handful of neighbouring voices; the ones that can be tied to another speaker are reassigned by override",I'm going to do a roll call. Vote. Miss going. Are you approving your second? Is anybody else second?,Speaker 1
0:35:03.08,0:35:04.00,2103.08,2104.00,Candace Crawford,"Claremont School Board member (appointed 7/19/2023, re-elected March 2024); reports for the Capital Improvement Committee and the SRVRTC visioning committee. CHAIR'S RECOGNITIONS straight into this voice: 'Yes. Candy.' (173, 1.00) -> 174 'Do I make [a motion]'; 'Any Crawford seconds' (200, 0.86) right after 199; 'the motion, as stated by Miss Crawford' (195, 1.00) closing the Girls on the Run vote she moved at 183; 'And Candace and then, Mr. Patron' (373) -> 374; 'we're going to start with the Capital Improvement Subcommittee. And that would be Miss Crawford' (665, 1.00) -> 666; 'And Miss Crawford, you're up again' (684, 1.00) -> 685. She addresses Bonnie Miles by name at 408 ('I think Bonnie', 0.98), which is what separates Miles from Arlene Hawkins inside Speaker 6",I'll take.,Speaker 4
0:35:04.08,0:35:06.44,2104.08,2106.44,Heather Whitney,"CHAIR, Claremont School Board (chair since 4/5/2023, re-elected chair 3/20/2024). She opens the meeting in her own voice at 0 ('I would like to call to order the August 21st, 2024 meeting of the Claremont School Board'), notes the clerk is absent and takes the roll herself at 4-6 ('In the absence of our secretary [or] Clark'), and reads her own name LAST in both roll calls (6; 215 'And Heather Whitney', both words confidence 1.00). Whitney Skillen names her in the third person at 532 ('I think what Heather is asking is...', 'Heather' 1.00) and Bonnie Miles addresses her as 'Heather.' at 555 (1.00) - which fixes this presiding voice as Heather Whitney and NOT Whitney Skillen, the other sitting member whose first name is Whitney and who is a separate cluster (Speaker 7) in this same recording. She gives every recognition ('Miss Gillen' 84, 196, 580; 'Arlene' 72, 141, 188, 431; 'Candy' 173; 'Miss Crawford' 195, 665, 684; 'Mister patron' 309, 401, 582, 691; 'And Frank' 235; 'Frank Sprague as the chair' 668; 'Miss Hawkins' 609), runs the consent agenda, the nonpublic votes and the adjournment (701). This cluster repeatedly absorbs the onset of the member she is recognising (84 'Miss Gillen.' + Skillen's first words; 72 + Hawkins's first words; 6, 208, 211 + other members' roll answers) and swallows a handful of neighbouring voices; the ones that can be tied to another speaker are reassigned by override",Any Crawford seconds.,Speaker 1
0:35:06.52,0:35:08.22,2106.52,2108.22,Multiple,"Board members answering the roll call on the motion to enter nonpublic session under RSA 91-A:3, II(j) - several voices merged into one segment; the chair's own segments (202, 204) carry more of the same answers. No tally is announced",Yes yes.,Speaker 8
0:35:08.30,0:35:11.26,2108.30,2111.26,Heather Whitney,"CHAIR, Claremont School Board (chair since 4/5/2023, re-elected chair 3/20/2024). She opens the meeting in her own voice at 0 ('I would like to call to order the August 21st, 2024 meeting of the Claremont School Board'), notes the clerk is absent and takes the roll herself at 4-6 ('In the absence of our secretary [or] Clark'), and reads her own name LAST in both roll calls (6; 215 'And Heather Whitney', both words confidence 1.00). Whitney Skillen names her in the third person at 532 ('I think what Heather is asking is...', 'Heather' 1.00) and Bonnie Miles addresses her as 'Heather.' at 555 (1.00) - which fixes this presiding voice as Heather Whitney and NOT Whitney Skillen, the other sitting member whose first name is Whitney and who is a separate cluster (Speaker 7) in this same recording. She gives every recognition ('Miss Gillen' 84, 196, 580; 'Arlene' 72, 141, 188, 431; 'Candy' 173; 'Miss Crawford' 195, 665, 684; 'Mister patron' 309, 401, 582, 691; 'And Frank' 235; 'Frank Sprague as the chair' 668; 'Miss Hawkins' 609), runs the consent agenda, the nonpublic votes and the adjournment (701). This cluster repeatedly absorbs the onset of the member she is recognising (84 'Miss Gillen.' + Skillen's first words; 72 + Hawkins's first words; 6, 208, 211 + other members' roll answers) and swallows a handful of neighbouring voices; the ones that can be tied to another speaker are reassigned by override",Yes. Yes yes.,Speaker 1
0:35:11.34,0:35:14.40,2111.34,2114.40,Multiple,"Board members answering the roll call on the motion to enter nonpublic session under RSA 91-A:3, II(j) - several voices merged into one segment; the chair's own segments (202, 204) carry more of the same answers. No tally is announced",Yes yes yes.,Speaker 8
0:35:14.48,0:35:22.94,2114.48,2122.94,Heather Whitney,"CHAIR, Claremont School Board (chair since 4/5/2023, re-elected chair 3/20/2024). She opens the meeting in her own voice at 0 ('I would like to call to order the August 21st, 2024 meeting of the Claremont School Board'), notes the clerk is absent and takes the roll herself at 4-6 ('In the absence of our secretary [or] Clark'), and reads her own name LAST in both roll calls (6; 215 'And Heather Whitney', both words confidence 1.00). Whitney Skillen names her in the third person at 532 ('I think what Heather is asking is...', 'Heather' 1.00) and Bonnie Miles addresses her as 'Heather.' at 555 (1.00) - which fixes this presiding voice as Heather Whitney and NOT Whitney Skillen, the other sitting member whose first name is Whitney and who is a separate cluster (Speaker 7) in this same recording. She gives every recognition ('Miss Gillen' 84, 196, 580; 'Arlene' 72, 141, 188, 431; 'Candy' 173; 'Miss Crawford' 195, 665, 684; 'Mister patron' 309, 401, 582, 691; 'And Frank' 235; 'Frank Sprague as the chair' 668; 'Miss Hawkins' 609), runs the consent agenda, the nonpublic votes and the adjournment (701). This cluster repeatedly absorbs the onset of the member she is recognising (84 'Miss Gillen.' + Skillen's first words; 72 + Hawkins's first words; 6, 208, 211 + other members' roll answers) and swallows a handful of neighbouring voices; the ones that can be tied to another speaker are reassigned by override",Yes. Yes as well.,Speaker 1
0:35:23.02,0:35:27.84,2123.02,2127.84,Unidentified,"A single 4.8 s question ('Do we need anything?') during the roll call to enter nonpublic session, in a voice the diarizer heard nowhere else in the meeting. No anchor names it",Do we need anything?,Speaker 10
0:35:27.92,0:35:31.52,2127.92,2131.52,Heather Whitney,"CHAIR, Claremont School Board (chair since 4/5/2023, re-elected chair 3/20/2024). She opens the meeting in her own voice at 0 ('I would like to call to order the August 21st, 2024 meeting of the Claremont School Board'), notes the clerk is absent and takes the roll herself at 4-6 ('In the absence of our secretary [or] Clark'), and reads her own name LAST in both roll calls (6; 215 'And Heather Whitney', both words confidence 1.00). Whitney Skillen names her in the third person at 532 ('I think what Heather is asking is...', 'Heather' 1.00) and Bonnie Miles addresses her as 'Heather.' at 555 (1.00) - which fixes this presiding voice as Heather Whitney and NOT Whitney Skillen, the other sitting member whose first name is Whitney and who is a separate cluster (Speaker 7) in this same recording. She gives every recognition ('Miss Gillen' 84, 196, 580; 'Arlene' 72, 141, 188, 431; 'Candy' 173; 'Miss Crawford' 195, 665, 684; 'Mister patron' 309, 401, 582, 691; 'And Frank' 235; 'Frank Sprague as the chair' 668; 'Miss Hawkins' 609), runs the consent agenda, the nonpublic votes and the adjournment (701). This cluster repeatedly absorbs the onset of the member she is recognising (84 'Miss Gillen.' + Skillen's first words; 72 + Hawkins's first words; 6, 208, 211 + other members' roll answers) and swallows a handful of neighbouring voices; the ones that can be tied to another speaker are reassigned by override",Can I have a motion to leave public?,Speaker 1
0:35:31.60,0:35:34.48,2131.60,2134.48,Multiple,"Two voices in one segment - the motion to come out of nonpublic and the second. The chair identifies them one segment later: 'Arlene made the motion, Frank seconded' (208, 'Arlene' 0.92, 'Frank' 1.00)",Some. I'll second.,Speaker 8
0:35:34.56,0:35:46.52,2134.56,2146.52,Heather Whitney,"CHAIR, Claremont School Board (chair since 4/5/2023, re-elected chair 3/20/2024). She opens the meeting in her own voice at 0 ('I would like to call to order the August 21st, 2024 meeting of the Claremont School Board'), notes the clerk is absent and takes the roll herself at 4-6 ('In the absence of our secretary [or] Clark'), and reads her own name LAST in both roll calls (6; 215 'And Heather Whitney', both words confidence 1.00). Whitney Skillen names her in the third person at 532 ('I think what Heather is asking is...', 'Heather' 1.00) and Bonnie Miles addresses her as 'Heather.' at 555 (1.00) - which fixes this presiding voice as Heather Whitney and NOT Whitney Skillen, the other sitting member whose first name is Whitney and who is a separate cluster (Speaker 7) in this same recording. She gives every recognition ('Miss Gillen' 84, 196, 580; 'Arlene' 72, 141, 188, 431; 'Candy' 173; 'Miss Crawford' 195, 665, 684; 'Mister patron' 309, 401, 582, 691; 'And Frank' 235; 'Frank Sprague as the chair' 668; 'Miss Hawkins' 609), runs the consent agenda, the nonpublic votes and the adjournment (701). This cluster repeatedly absorbs the onset of the member she is recognising (84 'Miss Gillen.' + Skillen's first words; 72 + Hawkins's first words; 6, 208, 211 + other members' roll answers) and swallows a handful of neighbouring voices; the ones that can be tied to another speaker are reassigned by override","Motion has been made to leave now in public. Arlene made the motion, Frank seconded. And we'll have roll call. Vote. Whitney. Skilling. Yes. Mike. Patron.",Speaker 1
0:35:46.56,0:35:48.00,2146.56,2148.00,Michael Petrin,"Claremont School Board member (returned to the board as a write-in in the March 2024 election). CHAIR'S RECOGNITIONS, each straight into this voice: 'Mike, do you have a question?' (188) -> 189; 'Mister patron.' (309, 0.94) -> 310; 'Mister patron.' (401, 1.00) -> 402; 'Mike.' (551, 1.00) -> 552 ('No.'); 'Mr. patron?' (582, 1.00) -> 583 ('No.'); 'Mr. patron.' (691, 0.76) -> 692. He answers the opening roll in this voice at 5 ('Patron here', 'Patron' 1.00) and the nonpublic roll at 209, and the chair credits the second on the tech-centre motion to him at 292 ('Second for Mike patron'). At 130-132 he speaks off 'Frank and Whitney, what they were saying' and tells Sprague 'Frank retired. You can go take a walk. I can't' - so he is neither of them - and Frank Sprague places him at 483: 'Mike has a background in physical therapy.' ASR renders him 'Patron', 'patron', 'Peterson' (406, 1.00). THIS CLUSTER IS A MERGE: it also carries Assistant Superintendent Mike Koski's long turns, several of Frank Sprague's, and dozens of sub-second interjections from other people; every stretch that could be tied to another speaker is reassigned by override, and short unanchored backchannels left under this label may belong to someone else",Yes.,Speaker 2
0:35:48.08,0:35:48.92,2148.08,2148.92,Unidentified,"A seated Claremont School Board member answering the roll call to leave nonpublic session. By the roll order established at 4-6 and repeated at 208-215 (Skillen, Petrin, Miles, Hawkins, Crawford, Sprague, Whitney) this answer falls in Bonnie Miles's slot, but the chair's reading of that name was not transcribed, so the answer is not tied to a name",Yes.,Speaker 8
0:35:49.00,0:35:51.20,2149.00,2151.20,Heather Whitney,"CHAIR, Claremont School Board (chair since 4/5/2023, re-elected chair 3/20/2024). She opens the meeting in her own voice at 0 ('I would like to call to order the August 21st, 2024 meeting of the Claremont School Board'), notes the clerk is absent and takes the roll herself at 4-6 ('In the absence of our secretary [or] Clark'), and reads her own name LAST in both roll calls (6; 215 'And Heather Whitney', both words confidence 1.00). Whitney Skillen names her in the third person at 532 ('I think what Heather is asking is...', 'Heather' 1.00) and Bonnie Miles addresses her as 'Heather.' at 555 (1.00) - which fixes this presiding voice as Heather Whitney and NOT Whitney Skillen, the other sitting member whose first name is Whitney and who is a separate cluster (Speaker 7) in this same recording. She gives every recognition ('Miss Gillen' 84, 196, 580; 'Arlene' 72, 141, 188, 431; 'Candy' 173; 'Miss Crawford' 195, 665, 684; 'Mister patron' 309, 401, 582, 691; 'And Frank' 235; 'Frank Sprague as the chair' 668; 'Miss Hawkins' 609), runs the consent agenda, the nonpublic votes and the adjournment (701). This cluster repeatedly absorbs the onset of the member she is recognising (84 'Miss Gillen.' + Skillen's first words; 72 + Hawkins's first words; 6, 208, 211 + other members' roll answers) and swallows a handful of neighbouring voices; the ones that can be tied to another speaker are reassigned by override",Arlene. Hawkins. Yes. Candace Crawford.,Speaker 1
0:35:51.24,0:35:51.96,2151.24,2151.96,Candace Crawford,Claremont School Board member - her 'Yes' on the roll call to leave nonpublic session; the chair reads 'Candace Crawford.' at the end of 211 (both words 1.00) 0.04 s earlier,Yes.,Speaker 8
0:35:52.04,0:35:52.84,2152.04,2152.84,Heather Whitney,"CHAIR, Claremont School Board (chair since 4/5/2023, re-elected chair 3/20/2024). She opens the meeting in her own voice at 0 ('I would like to call to order the August 21st, 2024 meeting of the Claremont School Board'), notes the clerk is absent and takes the roll herself at 4-6 ('In the absence of our secretary [or] Clark'), and reads her own name LAST in both roll calls (6; 215 'And Heather Whitney', both words confidence 1.00). Whitney Skillen names her in the third person at 532 ('I think what Heather is asking is...', 'Heather' 1.00) and Bonnie Miles addresses her as 'Heather.' at 555 (1.00) - which fixes this presiding voice as Heather Whitney and NOT Whitney Skillen, the other sitting member whose first name is Whitney and who is a separate cluster (Speaker 7) in this same recording. She gives every recognition ('Miss Gillen' 84, 196, 580; 'Arlene' 72, 141, 188, 431; 'Candy' 173; 'Miss Crawford' 195, 665, 684; 'Mister patron' 309, 401, 582, 691; 'And Frank' 235; 'Frank Sprague as the chair' 668; 'Miss Hawkins' 609), runs the consent agenda, the nonpublic votes and the adjournment (701). This cluster repeatedly absorbs the onset of the member she is recognising (84 'Miss Gillen.' + Skillen's first words; 72 + Hawkins's first words; 6, 208, 211 + other members' roll answers) and swallows a handful of neighbouring voices; the ones that can be tied to another speaker are reassigned by override",Frank Sprague.,Speaker 1
0:35:52.96,0:35:53.80,2152.96,2153.80,Frank Sprague,"Vice Chair, Claremont School Board - his 'Yes' on the roll call to leave nonpublic session; the chair reads 'Frank Sprague.' at 213 (both words 1.00) 0.12 s earlier",Yes.,Speaker 8
0:35:53.88,0:35:59.80,2153.88,2159.80,Heather Whitney,"CHAIR, Claremont School Board (chair since 4/5/2023, re-elected chair 3/20/2024). She opens the meeting in her own voice at 0 ('I would like to call to order the August 21st, 2024 meeting of the Claremont School Board'), notes the clerk is absent and takes the roll herself at 4-6 ('In the absence of our secretary [or] Clark'), and reads her own name LAST in both roll calls (6; 215 'And Heather Whitney', both words confidence 1.00). Whitney Skillen names her in the third person at 532 ('I think what Heather is asking is...', 'Heather' 1.00) and Bonnie Miles addresses her as 'Heather.' at 555 (1.00) - which fixes this presiding voice as Heather Whitney and NOT Whitney Skillen, the other sitting member whose first name is Whitney and who is a separate cluster (Speaker 7) in this same recording. She gives every recognition ('Miss Gillen' 84, 196, 580; 'Arlene' 72, 141, 188, 431; 'Candy' 173; 'Miss Crawford' 195, 665, 684; 'Mister patron' 309, 401, 582, 691; 'And Frank' 235; 'Frank Sprague as the chair' 668; 'Miss Hawkins' 609), runs the consent agenda, the nonpublic votes and the adjournment (701). This cluster repeatedly absorbs the onset of the member she is recognising (84 'Miss Gillen.' + Skillen's first words; 72 + Hawkins's first words; 6, 208, 211 + other members' roll answers) and swallows a handful of neighbouring voices; the ones that can be tied to another speaker are reassigned by override",And Heather Whitney. Is there any motion to seal the minutes? No. Motion to seal the minutes?,Speaker 1
0:35:59.96,0:36:02.32,2159.96,2162.32,Unidentified,A board member answering the chair's 'Is there any motion to seal the minutes?' (215). NO MOTION TO SEAL WAS MADE - the nonpublic minutes of 8/21/2024 were left unsealed on this record,No.,Speaker 8
0:36:02.40,0:36:26.78,2162.40,2186.78,Heather Whitney,"CHAIR, Claremont School Board (chair since 4/5/2023, re-elected chair 3/20/2024). She opens the meeting in her own voice at 0 ('I would like to call to order the August 21st, 2024 meeting of the Claremont School Board'), notes the clerk is absent and takes the roll herself at 4-6 ('In the absence of our secretary [or] Clark'), and reads her own name LAST in both roll calls (6; 215 'And Heather Whitney', both words confidence 1.00). Whitney Skillen names her in the third person at 532 ('I think what Heather is asking is...', 'Heather' 1.00) and Bonnie Miles addresses her as 'Heather.' at 555 (1.00) - which fixes this presiding voice as Heather Whitney and NOT Whitney Skillen, the other sitting member whose first name is Whitney and who is a separate cluster (Speaker 7) in this same recording. She gives every recognition ('Miss Gillen' 84, 196, 580; 'Arlene' 72, 141, 188, 431; 'Candy' 173; 'Miss Crawford' 195, 665, 684; 'Mister patron' 309, 401, 582, 691; 'And Frank' 235; 'Frank Sprague as the chair' 668; 'Miss Hawkins' 609), runs the consent agenda, the nonpublic votes and the adjournment (701). This cluster repeatedly absorbs the onset of the member she is recognising (84 'Miss Gillen.' + Skillen's first words; 72 + Hawkins's first words; 6, 208, 211 + other members' roll answers) and swallows a handful of neighbouring voices; the ones that can be tied to another speaker are reassigned by override",Motion passes to come back into the public and reenter nonpublic at enter the public session at 730. Exactly.,Speaker 1
0:36:26.86,0:36:35.63,2186.86,2195.63,Heather Whitney,"CHAIR, Claremont School Board (chair since 4/5/2023, re-elected chair 3/20/2024). She opens the meeting in her own voice at 0 ('I would like to call to order the August 21st, 2024 meeting of the Claremont School Board'), notes the clerk is absent and takes the roll herself at 4-6 ('In the absence of our secretary [or] Clark'), and reads her own name LAST in both roll calls (6; 215 'And Heather Whitney', both words confidence 1.00). Whitney Skillen names her in the third person at 532 ('I think what Heather is asking is...', 'Heather' 1.00) and Bonnie Miles addresses her as 'Heather.' at 555 (1.00) - which fixes this presiding voice as Heather Whitney and NOT Whitney Skillen, the other sitting member whose first name is Whitney and who is a separate cluster (Speaker 7) in this same recording. She gives every recognition ('Miss Gillen' 84, 196, 580; 'Arlene' 72, 141, 188, 431; 'Candy' 173; 'Miss Crawford' 195, 665, 684; 'Mister patron' 309, 401, 582, 691; 'And Frank' 235; 'Frank Sprague as the chair' 668; 'Miss Hawkins' 609), runs the consent agenda, the nonpublic votes and the adjournment (701). This cluster repeatedly absorbs the onset of the member she is recognising (84 'Miss Gillen.' + Skillen's first words; 72 + Hawkins's first words; 6, 208, 211 + other members' roll answers) and swallows a handful of neighbouring voices; the ones that can be tied to another speaker are reassigned by override",Next item on our agenda is ratification of professional staff nominations. And Mr. O'Hearn.,Speaker 1
0:36:35.71,0:36:38.14,2195.71,2198.14,Chris Pratt,"SUPERINTENDENT OF SCHOOLS, SAU 6 / Claremont School District. The chair puts the staff-nomination motion as 'approving the list of nominations as presented by doctor, Doctor Pratt. Mr. Pratt' (280, both 1.00) immediately after this voice's exchange, and names him three more times as the person who will bring the revised job description (558, 561, 563, 688 - all 1.00). He delivers the superintendent's report (8-41), calls it 'the superintendents report that I sent you' (8), hands off to 'Mr. O'Hearn' (219) and to 'Michael' for the AI/PD questions (31), and apologises to the board in the first person for hiring before the board approved the position (588-589). Bonnie Miles says at 568 'Mr. Pratt was an interim superintendent before you became the superintendent' and Michael Petrin at 538 'We have superintendent Chris was the acting superintendent because someone left mid-term' - both addressed to this voice, and the word 'interim' is never applied to him in the present tense anywhere in the file. Bonnie Miles and Arlene Hawkins both address him as 'Chris' (500, 502, 616; 1.00). ASR also renders him 'Mr. Pride' (610, 1.00)",First woman. Take it. Yeah. Go ahead it right ahead.,Speaker 3
0:36:38.18,0:36:38.90,2198.18,2198.90,Patrick O'Hearn,"Director of Human Resources - his own short answers during his staff-nomination item, each contiguous with the board question it answers or with his own next segment",Sure.,Speaker 8
0:36:38.98,0:36:40.38,2198.98,2200.38,Patrick O'Hearn,"Director of Human Resources - the onset of his own presentation, contiguous with 222 and 223: 'So you can find in your / packet there's / a three sheet paper on the front'",So you can find in your.,Speaker 5
0:36:40.42,0:36:41.26,2200.42,2201.26,Patrick O'Hearn,"Director of Human Resources - the middle of his own opening sentence, clipped across three clusters: 221 (Speaker 5) 'So you can find in your' + 222 'packet there's' + 223 (Speaker 11) 'a three sheet paper on the front'",Packet there's.,Speaker 2
0:36:41.30,0:37:12.10,2201.30,2232.10,Patrick O'Hearn,"DIRECTOR OF HUMAN RESOURCES, SAU 6 (started 4/15/2024). CHAIR'S RECOGNITION: 'ratification of professional staff nominations. And Mr. O'Hearn' (218, 'O'Hearn' 1.00), Pratt hands off ('Go ahead, right ahead', 219) and this voice then presents the professional-staff nomination list (223-268). Arlene Hawkins or Candace Crawford names him mid-item at 273 - 'I hear Patrick being asked additional questions' ('Patrick' 1.00) - and Pratt says at 285 'We're Patrick and I looked at it' ('Patrick' 1.00) and at 418 'since Patrick [came]' (0.81). The diarizer files his short answers separately as Speaker 8 and clips his opening sentence across Speakers 5 and 2 (221-222); those are reassigned by override","A three sheet paper on the front. It has a list of names and a column in the middle is the buildings and the title.  So I'd like to present for ratification. This is  all the professional staff, credentialed teaching positions this year for your ratification. And then you can see on the second page there's a pivot table just to provide you with a breakdown on what positions the teachers are at, what buildings they're at.",Speaker 11
0:37:12.18,0:37:15.74,2232.18,2235.74,Patrick O'Hearn,"DIRECTOR OF HUMAN RESOURCES, SAU 6 (started 4/15/2024). CHAIR'S RECOGNITION: 'ratification of professional staff nominations. And Mr. O'Hearn' (218, 'O'Hearn' 1.00), Pratt hands off ('Go ahead, right ahead', 219) and this voice then presents the professional-staff nomination list (223-268). Arlene Hawkins or Candace Crawford names him mid-item at 273 - 'I hear Patrick being asked additional questions' ('Patrick' 1.00) - and Pratt says at 285 'We're Patrick and I looked at it' ('Patrick' 1.00) and at 418 'since Patrick [came]' (0.81). The diarizer files his short answers separately as Speaker 8 and clips his opening sentence across Speakers 5 and 2 (221-222); those are reassigned by override",Do you have any questions? Let me know.,Speaker 11
0:37:15.82,0:37:18.90,2235.82,2238.90,Candace Crawford,"Claremont School Board member (appointed 7/19/2023, re-elected March 2024); reports for the Capital Improvement Committee and the SRVRTC visioning committee. CHAIR'S RECOGNITIONS straight into this voice: 'Yes. Candy.' (173, 1.00) -> 174 'Do I make [a motion]'; 'Any Crawford seconds' (200, 0.86) right after 199; 'the motion, as stated by Miss Crawford' (195, 1.00) closing the Girls on the Run vote she moved at 183; 'And Candace and then, Mr. Patron' (373) -> 374; 'we're going to start with the Capital Improvement Subcommittee. And that would be Miss Crawford' (665, 1.00) -> 666; 'And Miss Crawford, you're up again' (684, 1.00) -> 685. She addresses Bonnie Miles by name at 408 ('I think Bonnie', 0.98), which is what separates Miles from Arlene Hawkins inside Speaker 6",Why is Maple 13th?,Speaker 4
0:37:18.98,0:37:19.94,2238.98,2239.94,Patrick O'Hearn,"Director of Human Resources - his own short answers during his staff-nomination item, each contiguous with the board question it answers or with his own next segment",Yep.,Speaker 8
0:37:20.02,0:37:37.94,2240.02,2257.94,Patrick O'Hearn,"DIRECTOR OF HUMAN RESOURCES, SAU 6 (started 4/15/2024). CHAIR'S RECOGNITION: 'ratification of professional staff nominations. And Mr. O'Hearn' (218, 'O'Hearn' 1.00), Pratt hands off ('Go ahead, right ahead', 219) and this voice then presents the professional-staff nomination list (223-268). Arlene Hawkins or Candace Crawford names him mid-item at 273 - 'I hear Patrick being asked additional questions' ('Patrick' 1.00) - and Pratt says at 285 'We're Patrick and I looked at it' ('Patrick' 1.00) and at 418 'since Patrick [came]' (0.81). The diarizer files his short answers separately as Speaker 8 and clips his opening sentence across Speakers 5 and 2 (221-222); those are reassigned by override",So Maple had a lot of vacancies. And one thing that really speaks to how well Mr. Blunt was able to hire rolls this year is that and some of these vacancies actually go farther back than just the school year.  Some of these vacancies were over the previous school year as well.,Speaker 11
0:37:38.02,0:37:46.46,2258.02,2266.46,Candace Crawford,"Claremont School Board member (appointed 7/19/2023, re-elected March 2024); reports for the Capital Improvement Committee and the SRVRTC visioning committee. CHAIR'S RECOGNITIONS straight into this voice: 'Yes. Candy.' (173, 1.00) -> 174 'Do I make [a motion]'; 'Any Crawford seconds' (200, 0.86) right after 199; 'the motion, as stated by Miss Crawford' (195, 1.00) closing the Girls on the Run vote she moved at 183; 'And Candace and then, Mr. Patron' (373) -> 374; 'we're going to start with the Capital Improvement Subcommittee. And that would be Miss Crawford' (665, 1.00) -> 666; 'And Miss Crawford, you're up again' (684, 1.00) -> 685. She addresses Bonnie Miles by name at 408 ('I think Bonnie', 0.98), which is what separates Miles from Arlene Hawkins inside Speaker 6","So in the hiring process, do the building administrators are the the ones that will track down the teacher?",Speaker 4
0:37:46.54,0:38:06.18,2266.54,2286.18,Patrick O'Hearn,"DIRECTOR OF HUMAN RESOURCES, SAU 6 (started 4/15/2024). CHAIR'S RECOGNITION: 'ratification of professional staff nominations. And Mr. O'Hearn' (218, 'O'Hearn' 1.00), Pratt hands off ('Go ahead, right ahead', 219) and this voice then presents the professional-staff nomination list (223-268). Arlene Hawkins or Candace Crawford names him mid-item at 273 - 'I hear Patrick being asked additional questions' ('Patrick' 1.00) - and Pratt says at 285 'We're Patrick and I looked at it' ('Patrick' 1.00) and at 418 'since Patrick [came]' (0.81). The diarizer files his short answers separately as Speaker 8 and clips his opening sentence across Speakers 5 and 2 (221-222); those are reassigned by override","Yeah, they pretty much run point on it. So  at the Dow building we post the position. But really reaching out to candidates, reviewing the resumé, setting up the interviews, it's all on the building administrators. And that would recommend,  a staff for hire at the superintendent's office.",Speaker 11
0:38:06.26,0:38:07.50,2286.26,2287.50,Heather Whitney,"CHAIR, Claremont School Board (chair since 4/5/2023, re-elected chair 3/20/2024). She opens the meeting in her own voice at 0 ('I would like to call to order the August 21st, 2024 meeting of the Claremont School Board'), notes the clerk is absent and takes the roll herself at 4-6 ('In the absence of our secretary [or] Clark'), and reads her own name LAST in both roll calls (6; 215 'And Heather Whitney', both words confidence 1.00). Whitney Skillen names her in the third person at 532 ('I think what Heather is asking is...', 'Heather' 1.00) and Bonnie Miles addresses her as 'Heather.' at 555 (1.00) - which fixes this presiding voice as Heather Whitney and NOT Whitney Skillen, the other sitting member whose first name is Whitney and who is a separate cluster (Speaker 7) in this same recording. She gives every recognition ('Miss Gillen' 84, 196, 580; 'Arlene' 72, 141, 188, 431; 'Candy' 173; 'Miss Crawford' 195, 665, 684; 'Mister patron' 309, 401, 582, 691; 'And Frank' 235; 'Frank Sprague as the chair' 668; 'Miss Hawkins' 609), runs the consent agenda, the nonpublic votes and the adjournment (701). This cluster repeatedly absorbs the onset of the member she is recognising (84 'Miss Gillen.' + Skillen's first words; 72 + Hawkins's first words; 6, 208, 211 + other members' roll answers) and swallows a handful of neighbouring voices; the ones that can be tied to another speaker are reassigned by override",We want to make a motion.,Speaker 1
0:38:07.58,0:38:11.98,2287.58,2291.98,Frank Sprague,"VICE CHAIR, Claremont School Board; CHAIR of the Finance Committee. The chair recognises 'And Frank.' (235, 1.00) straight into this voice (236), credits the tech-centre motion to him at 292 ('since Mr. Sprague made the motion, he gets number one') and at 514 ('if Frank will accept this'), and opens the finance report with 'Finance subcommittee. That's Frank Sprague as the chair' (668, both 1.00) straight into 669. Michael Petrin speaks 'off of Frank and Whitney, what they were saying' at 130 immediately after this voice's 504 case-management run (121-127) and tells him 'Frank retired' (132). The biography matches the corpus record for Sprague: 'when I was in that role, I had caseloads' as a school counsellor (123), 'we had a very restrictive attendance policy, Stevens High School when I first started there' (124), 'one of the things that I battled for probably 20 years' (150). He also volunteers a CTE-director licence, a master's in education administration and ten years owning a restaurant (293-297, 483). THE DIARIZER SPLIT HIM ACROSS THREE CLUSTERS - Speaker 5, Speaker 13 and part of Speaker 2 - and merged Assistant Superintendent Mike Koski into Speaker 5 with him; the Koski stretches are reassigned by override",I'll make a motion to accept the list as presented.,Speaker 5
0:38:12.06,0:38:13.34,2292.06,2293.34,Unidentified,"The second on Frank Sprague's motion to accept the professional-staff nomination list, and a following fragment. The chair's next segment (233) reads as 'Second[ed]? Whitney Skillen?' ('Whitney' 0.99, 'still on' - an ASR rendering of 'Skillen'), but the seconder's own voice is not separately identifiable",For a second.,Speaker 8
0:38:13.42,0:38:15.18,2293.42,2295.18,Heather Whitney,"CHAIR, Claremont School Board (chair since 4/5/2023, re-elected chair 3/20/2024). She opens the meeting in her own voice at 0 ('I would like to call to order the August 21st, 2024 meeting of the Claremont School Board'), notes the clerk is absent and takes the roll herself at 4-6 ('In the absence of our secretary [or] Clark'), and reads her own name LAST in both roll calls (6; 215 'And Heather Whitney', both words confidence 1.00). Whitney Skillen names her in the third person at 532 ('I think what Heather is asking is...', 'Heather' 1.00) and Bonnie Miles addresses her as 'Heather.' at 555 (1.00) - which fixes this presiding voice as Heather Whitney and NOT Whitney Skillen, the other sitting member whose first name is Whitney and who is a separate cluster (Speaker 7) in this same recording. She gives every recognition ('Miss Gillen' 84, 196, 580; 'Arlene' 72, 141, 188, 431; 'Candy' 173; 'Miss Crawford' 195, 665, 684; 'Mister patron' 309, 401, 582, 691; 'And Frank' 235; 'Frank Sprague as the chair' 668; 'Miss Hawkins' 609), runs the consent agenda, the nonpublic votes and the adjournment (701). This cluster repeatedly absorbs the onset of the member she is recognising (84 'Miss Gillen.' + Skillen's first words; 72 + Hawkins's first words; 6, 208, 211 + other members' roll answers) and swallows a handful of neighbouring voices; the ones that can be tied to another speaker are reassigned by override","Chelsea Whitney, still on.",Speaker 1
0:38:15.18,0:38:18.94,2295.18,2298.94,Unidentified,"The second on Frank Sprague's motion to accept the professional-staff nomination list, and a following fragment. The chair's next segment (233) reads as 'Second[ed]? Whitney Skillen?' ('Whitney' 0.99, 'still on' - an ASR rendering of 'Skillen'), but the seconder's own voice is not separately identifiable",Second question.,Speaker 8
0:38:19.02,0:38:21.58,2299.02,2301.58,Heather Whitney,"CHAIR, Claremont School Board (chair since 4/5/2023, re-elected chair 3/20/2024). She opens the meeting in her own voice at 0 ('I would like to call to order the August 21st, 2024 meeting of the Claremont School Board'), notes the clerk is absent and takes the roll herself at 4-6 ('In the absence of our secretary [or] Clark'), and reads her own name LAST in both roll calls (6; 215 'And Heather Whitney', both words confidence 1.00). Whitney Skillen names her in the third person at 532 ('I think what Heather is asking is...', 'Heather' 1.00) and Bonnie Miles addresses her as 'Heather.' at 555 (1.00) - which fixes this presiding voice as Heather Whitney and NOT Whitney Skillen, the other sitting member whose first name is Whitney and who is a separate cluster (Speaker 7) in this same recording. She gives every recognition ('Miss Gillen' 84, 196, 580; 'Arlene' 72, 141, 188, 431; 'Candy' 173; 'Miss Crawford' 195, 665, 684; 'Mister patron' 309, 401, 582, 691; 'And Frank' 235; 'Frank Sprague as the chair' 668; 'Miss Hawkins' 609), runs the consent agenda, the nonpublic votes and the adjournment (701). This cluster repeatedly absorbs the onset of the member she is recognising (84 'Miss Gillen.' + Skillen's first words; 72 + Hawkins's first words; 6, 208, 211 + other members' roll answers) and swallows a handful of neighbouring voices; the ones that can be tied to another speaker are reassigned by override",And Frank. And then to Army.,Speaker 1
0:38:21.66,0:38:25.94,2301.66,2305.94,Frank Sprague,"VICE CHAIR, Claremont School Board; CHAIR of the Finance Committee. The chair recognises 'And Frank.' (235, 1.00) straight into this voice (236), credits the tech-centre motion to him at 292 ('since Mr. Sprague made the motion, he gets number one') and at 514 ('if Frank will accept this'), and opens the finance report with 'Finance subcommittee. That's Frank Sprague as the chair' (668, both 1.00) straight into 669. Michael Petrin speaks 'off of Frank and Whitney, what they were saying' at 130 immediately after this voice's 504 case-management run (121-127) and tells him 'Frank retired' (132). The biography matches the corpus record for Sprague: 'when I was in that role, I had caseloads' as a school counsellor (123), 'we had a very restrictive attendance policy, Stevens High School when I first started there' (124), 'one of the things that I battled for probably 20 years' (150). He also volunteers a CTE-director licence, a master's in education administration and ten years owning a restaurant (293-297, 483). THE DIARIZER SPLIT HIM ACROSS THREE CLUSTERS - Speaker 5, Speaker 13 and part of Speaker 2 - and merged Assistant Superintendent Mike Koski into Speaker 5 with him; the Koski stretches are reassigned by override",So how many of these folks are head for. So there are.,Speaker 5
0:38:26.02,0:38:27.98,2306.02,2307.98,Patrick O'Hearn,"DIRECTOR OF HUMAN RESOURCES, SAU 6 (started 4/15/2024). CHAIR'S RECOGNITION: 'ratification of professional staff nominations. And Mr. O'Hearn' (218, 'O'Hearn' 1.00), Pratt hands off ('Go ahead, right ahead', 219) and this voice then presents the professional-staff nomination list (223-268). Arlene Hawkins or Candace Crawford names him mid-item at 273 - 'I hear Patrick being asked additional questions' ('Patrick' 1.00) - and Pratt says at 285 'We're Patrick and I looked at it' ('Patrick' 1.00) and at 418 'since Patrick [came]' (0.81). The diarizer files his short answers separately as Speaker 8 and clips his opening sentence across Speakers 5 and 2 (221-222); those are reassigned by override",Three staff on on all four.,Speaker 11
0:38:28.10,0:38:30.05,2308.10,2310.05,Frank Sprague,"VICE CHAIR, Claremont School Board; CHAIR of the Finance Committee. The chair recognises 'And Frank.' (235, 1.00) straight into this voice (236), credits the tech-centre motion to him at 292 ('since Mr. Sprague made the motion, he gets number one') and at 514 ('if Frank will accept this'), and opens the finance report with 'Finance subcommittee. That's Frank Sprague as the chair' (668, both 1.00) straight into 669. Michael Petrin speaks 'off of Frank and Whitney, what they were saying' at 130 immediately after this voice's 504 case-management run (121-127) and tells him 'Frank retired' (132). The biography matches the corpus record for Sprague: 'when I was in that role, I had caseloads' as a school counsellor (123), 'we had a very restrictive attendance policy, Stevens High School when I first started there' (124), 'one of the things that I battled for probably 20 years' (150). He also volunteers a CTE-director licence, a master's in education administration and ten years owning a restaurant (293-297, 483). THE DIARIZER SPLIT HIM ACROSS THREE CLUSTERS - Speaker 5, Speaker 13 and part of Speaker 2 - and merged Assistant Superintendent Mike Koski into Speaker 5 with him; the Koski stretches are reassigned by override",So the rest are fully certified.,Speaker 5
0:38:30.06,0:38:39.06,2310.06,2319.06,Patrick O'Hearn,"DIRECTOR OF HUMAN RESOURCES, SAU 6 (started 4/15/2024). CHAIR'S RECOGNITION: 'ratification of professional staff nominations. And Mr. O'Hearn' (218, 'O'Hearn' 1.00), Pratt hands off ('Go ahead, right ahead', 219) and this voice then presents the professional-staff nomination list (223-268). Arlene Hawkins or Candace Crawford names him mid-item at 273 - 'I hear Patrick being asked additional questions' ('Patrick' 1.00) - and Pratt says at 285 'We're Patrick and I looked at it' ('Patrick' 1.00) and at 418 'since Patrick [came]' (0.81). The diarizer files his short answers separately as Speaker 8 and clips his opening sentence across Speakers 5 and 2 (221-222); those are reassigned by override",That's correct. Yeah. Or are there working right now with the due to get an ID and  get involved in that. So we stay with eligibility.,Speaker 11
0:38:39.14,0:38:42.58,2319.14,2322.58,Frank Sprague,"VICE CHAIR, Claremont School Board; CHAIR of the Finance Committee. The chair recognises 'And Frank.' (235, 1.00) straight into this voice (236), credits the tech-centre motion to him at 292 ('since Mr. Sprague made the motion, he gets number one') and at 514 ('if Frank will accept this'), and opens the finance report with 'Finance subcommittee. That's Frank Sprague as the chair' (668, both 1.00) straight into 669. Michael Petrin speaks 'off of Frank and Whitney, what they were saying' at 130 immediately after this voice's 504 case-management run (121-127) and tells him 'Frank retired' (132). The biography matches the corpus record for Sprague: 'when I was in that role, I had caseloads' as a school counsellor (123), 'we had a very restrictive attendance policy, Stevens High School when I first started there' (124), 'one of the things that I battled for probably 20 years' (150). He also volunteers a CTE-director licence, a master's in education administration and ten years owning a restaurant (293-297, 483). THE DIARIZER SPLIT HIM ACROSS THREE CLUSTERS - Speaker 5, Speaker 13 and part of Speaker 2 - and merged Assistant Superintendent Mike Koski into Speaker 5 with him; the Koski stretches are reassigned by override",So but that's in all four isn't it.,Speaker 5
0:38:42.66,0:38:47.42,2322.66,2327.42,Patrick O'Hearn,"DIRECTOR OF HUMAN RESOURCES, SAU 6 (started 4/15/2024). CHAIR'S RECOGNITION: 'ratification of professional staff nominations. And Mr. O'Hearn' (218, 'O'Hearn' 1.00), Pratt hands off ('Go ahead, right ahead', 219) and this voice then presents the professional-staff nomination list (223-268). Arlene Hawkins or Candace Crawford names him mid-item at 273 - 'I hear Patrick being asked additional questions' ('Patrick' 1.00) - and Pratt says at 285 'We're Patrick and I looked at it' ('Patrick' 1.00) and at 418 'since Patrick [came]' (0.81). The diarizer files his short answers separately as Speaker 8 and clips his opening sentence across Speakers 5 and 2 (221-222); those are reassigned by override","I'm not sure. I think the all four, they changed the name to  anything.",Speaker 11
0:38:47.46,0:38:49.90,2327.46,2329.90,Frank Sprague,"VICE CHAIR, Claremont School Board; CHAIR of the Finance Committee. The chair recognises 'And Frank.' (235, 1.00) straight into this voice (236), credits the tech-centre motion to him at 292 ('since Mr. Sprague made the motion, he gets number one') and at 514 ('if Frank will accept this'), and opens the finance report with 'Finance subcommittee. That's Frank Sprague as the chair' (668, both 1.00) straight into 669. Michael Petrin speaks 'off of Frank and Whitney, what they were saying' at 130 immediately after this voice's 504 case-management run (121-127) and tells him 'Frank retired' (132). The biography matches the corpus record for Sprague: 'when I was in that role, I had caseloads' as a school counsellor (123), 'we had a very restrictive attendance policy, Stevens High School when I first started there' (124), 'one of the things that I battled for probably 20 years' (150). He also volunteers a CTE-director licence, a master's in education administration and ten years owning a restaurant (293-297, 483). THE DIARIZER SPLIT HIM ACROSS THREE CLUSTERS - Speaker 5, Speaker 13 and part of Speaker 2 - and merged Assistant Superintendent Mike Koski into Speaker 5 with him; the Koski stretches are reassigned by override",If you're working on certification that's all for.,Speaker 5
0:38:50.06,0:38:59.78,2330.06,2339.78,Patrick O'Hearn,"DIRECTOR OF HUMAN RESOURCES, SAU 6 (started 4/15/2024). CHAIR'S RECOGNITION: 'ratification of professional staff nominations. And Mr. O'Hearn' (218, 'O'Hearn' 1.00), Pratt hands off ('Go ahead, right ahead', 219) and this voice then presents the professional-staff nomination list (223-268). Arlene Hawkins or Candace Crawford names him mid-item at 273 - 'I hear Patrick being asked additional questions' ('Patrick' 1.00) - and Pratt says at 285 'We're Patrick and I looked at it' ('Patrick' 1.00) and at 418 'since Patrick [came]' (0.81). The diarizer files his short answers separately as Speaker 8 and clips his opening sentence across Speakers 5 and 2 (221-222); those are reassigned by override",So yeah there's right there's more folks that are we are working on certification. I think it's probably about ten staff that are working on the certification.,Speaker 11
0:38:59.82,0:39:03.02,2339.82,2343.02,Candace Crawford,"Claremont School Board member (appointed 7/19/2023, re-elected March 2024); reports for the Capital Improvement Committee and the SRVRTC visioning committee. CHAIR'S RECOGNITIONS straight into this voice: 'Yes. Candy.' (173, 1.00) -> 174 'Do I make [a motion]'; 'Any Crawford seconds' (200, 0.86) right after 199; 'the motion, as stated by Miss Crawford' (195, 1.00) closing the Girls on the Run vote she moved at 183; 'And Candace and then, Mr. Patron' (373) -> 374; 'we're going to start with the Capital Improvement Subcommittee. And that would be Miss Crawford' (665, 1.00) -> 666; 'And Miss Crawford, you're up again' (684, 1.00) -> 685. She addresses Bonnie Miles by name at 408 ('I think Bonnie', 0.98), which is what separates Miles from Arlene Hawkins inside Speaker 6",So so existing staff in addition to the new staff.,Speaker 4
0:39:03.06,0:39:04.18,2343.06,2344.18,Patrick O'Hearn,"Director of Human Resources - his own short answers during his staff-nomination item, each contiguous with the board question it answers or with his own next segment",Correct.,Speaker 8
0:39:04.26,0:39:12.46,2344.26,2352.46,Chris Pratt,"SUPERINTENDENT OF SCHOOLS, SAU 6 / Claremont School District. The chair puts the staff-nomination motion as 'approving the list of nominations as presented by doctor, Doctor Pratt. Mr. Pratt' (280, both 1.00) immediately after this voice's exchange, and names him three more times as the person who will bring the revised job description (558, 561, 563, 688 - all 1.00). He delivers the superintendent's report (8-41), calls it 'the superintendents report that I sent you' (8), hands off to 'Mr. O'Hearn' (219) and to 'Michael' for the AI/PD questions (31), and apologises to the board in the first person for hiring before the board approved the position (588-589). Bonnie Miles says at 568 'Mr. Pratt was an interim superintendent before you became the superintendent' and Michael Petrin at 538 'We have superintendent Chris was the acting superintendent because someone left mid-term' - both addressed to this voice, and the word 'interim' is never applied to him in the present tense anywhere in the file. Bonnie Miles and Arlene Hawkins both address him as 'Chris' (500, 502, 616; 1.00). ASR also renders him 'Mr. Pride' (610, 1.00)",And new staff was like you know the number that back. Right. District wide. The ones who are on the s right.,Speaker 3
0:39:12.54,0:39:12.90,2352.54,2352.90,Patrick O'Hearn,"DIRECTOR OF HUMAN RESOURCES, SAU 6 (started 4/15/2024). CHAIR'S RECOGNITION: 'ratification of professional staff nominations. And Mr. O'Hearn' (218, 'O'Hearn' 1.00), Pratt hands off ('Go ahead, right ahead', 219) and this voice then presents the professional-staff nomination list (223-268). Arlene Hawkins or Candace Crawford names him mid-item at 273 - 'I hear Patrick being asked additional questions' ('Patrick' 1.00) - and Pratt says at 285 'We're Patrick and I looked at it' ('Patrick' 1.00) and at 418 'since Patrick [came]' (0.81). The diarizer files his short answers separately as Speaker 8 and clips his opening sentence across Speakers 5 and 2 (221-222); those are reassigned by override",So we.,Speaker 11
0:39:12.90,0:39:17.26,2352.90,2357.26,Chris Pratt,"SUPERINTENDENT OF SCHOOLS, SAU 6 / Claremont School District. The chair puts the staff-nomination motion as 'approving the list of nominations as presented by doctor, Doctor Pratt. Mr. Pratt' (280, both 1.00) immediately after this voice's exchange, and names him three more times as the person who will bring the revised job description (558, 561, 563, 688 - all 1.00). He delivers the superintendent's report (8-41), calls it 'the superintendents report that I sent you' (8), hands off to 'Mr. O'Hearn' (219) and to 'Michael' for the AI/PD questions (31), and apologises to the board in the first person for hiring before the board approved the position (588-589). Bonnie Miles says at 568 'Mr. Pratt was an interim superintendent before you became the superintendent' and Michael Petrin at 538 'We have superintendent Chris was the acting superintendent because someone left mid-term' - both addressed to this voice, and the word 'interim' is never applied to him in the present tense anywhere in the file. Bonnie Miles and Arlene Hawkins both address him as 'Chris' (500, 502, 616; 1.00). ASR also renders him 'Mr. Pride' (610, 1.00)",Or so. Yeah. Right. We're around 33.,Speaker 3
0:39:17.34,0:39:18.02,2357.34,2358.02,Unidentified,"DIARIZER MICRO-CLUSTER - one- to three-word affirmations ('Yes.', 'Correct.', 'Sure.', 'Yep.') scattered across the meeting and belonging to several different people. The fragments that can be tied to a neighbouring speaker by contiguous timing or sentence continuation are reassigned by override; the rows left under this label carry no usable anchor",So three.,Speaker 8
0:39:18.06,0:39:20.22,2358.06,2360.22,Frank Sprague,"VICE CHAIR, Claremont School Board; CHAIR of the Finance Committee. The chair recognises 'And Frank.' (235, 1.00) straight into this voice (236), credits the tech-centre motion to him at 292 ('since Mr. Sprague made the motion, he gets number one') and at 514 ('if Frank will accept this'), and opens the finance report with 'Finance subcommittee. That's Frank Sprague as the chair' (668, both 1.00) straight into 669. Michael Petrin speaks 'off of Frank and Whitney, what they were saying' at 130 immediately after this voice's 504 case-management run (121-127) and tells him 'Frank retired' (132). The biography matches the corpus record for Sprague: 'when I was in that role, I had caseloads' as a school counsellor (123), 'we had a very restrictive attendance policy, Stevens High School when I first started there' (124), 'one of the things that I battled for probably 20 years' (150). He also volunteers a CTE-director licence, a master's in education administration and ten years owning a restaurant (293-297, 483). THE DIARIZER SPLIT HIM ACROSS THREE CLUSTERS - Speaker 5, Speaker 13 and part of Speaker 2 - and merged Assistant Superintendent Mike Koski into Speaker 5 with him; the Koski stretches are reassigned by override",Districts three are certified.,Speaker 5
0:39:20.26,0:39:21.02,2360.26,2361.02,Chris Pratt,"SUPERINTENDENT OF SCHOOLS, SAU 6 / Claremont School District. The chair puts the staff-nomination motion as 'approving the list of nominations as presented by doctor, Doctor Pratt. Mr. Pratt' (280, both 1.00) immediately after this voice's exchange, and names him three more times as the person who will bring the revised job description (558, 561, 563, 688 - all 1.00). He delivers the superintendent's report (8-41), calls it 'the superintendents report that I sent you' (8), hands off to 'Mr. O'Hearn' (219) and to 'Michael' for the AI/PD questions (31), and apologises to the board in the first person for hiring before the board approved the position (588-589). Bonnie Miles says at 568 'Mr. Pratt was an interim superintendent before you became the superintendent' and Michael Petrin at 538 'We have superintendent Chris was the acting superintendent because someone left mid-term' - both addressed to this voice, and the word 'interim' is never applied to him in the present tense anywhere in the file. Bonnie Miles and Arlene Hawkins both address him as 'Chris' (500, 502, 616; 1.00). ASR also renders him 'Mr. Pride' (610, 1.00)",What do you say.,Speaker 3
0:39:21.10,0:39:31.70,2361.10,2371.70,Patrick O'Hearn,"DIRECTOR OF HUMAN RESOURCES, SAU 6 (started 4/15/2024). CHAIR'S RECOGNITION: 'ratification of professional staff nominations. And Mr. O'Hearn' (218, 'O'Hearn' 1.00), Pratt hands off ('Go ahead, right ahead', 219) and this voice then presents the professional-staff nomination list (223-268). Arlene Hawkins or Candace Crawford names him mid-item at 273 - 'I hear Patrick being asked additional questions' ('Patrick' 1.00) - and Pratt says at 285 'We're Patrick and I looked at it' ('Patrick' 1.00) and at 418 'since Patrick [came]' (0.81). The diarizer files his short answers separately as Speaker 8 and clips his opening sentence across Speakers 5 and 2 (221-222); those are reassigned by override",It's it's about 12 of these are so so 20 I think it's 31 folks in here. So I think about 1920 them are fully certified.,Speaker 11
0:39:31.78,0:39:32.06,2371.78,2372.06,Frank Sprague,"VICE CHAIR, Claremont School Board; CHAIR of the Finance Committee. The chair recognises 'And Frank.' (235, 1.00) straight into this voice (236), credits the tech-centre motion to him at 292 ('since Mr. Sprague made the motion, he gets number one') and at 514 ('if Frank will accept this'), and opens the finance report with 'Finance subcommittee. That's Frank Sprague as the chair' (668, both 1.00) straight into 669. Michael Petrin speaks 'off of Frank and Whitney, what they were saying' at 130 immediately after this voice's 504 case-management run (121-127) and tells him 'Frank retired' (132). The biography matches the corpus record for Sprague: 'when I was in that role, I had caseloads' as a school counsellor (123), 'we had a very restrictive attendance policy, Stevens High School when I first started there' (124), 'one of the things that I battled for probably 20 years' (150). He also volunteers a CTE-director licence, a master's in education administration and ten years owning a restaurant (293-297, 483). THE DIARIZER SPLIT HIM ACROSS THREE CLUSTERS - Speaker 5, Speaker 13 and part of Speaker 2 - and merged Assistant Superintendent Mike Koski into Speaker 5 with him; the Koski stretches are reassigned by override",They have.,Speaker 5
0:39:32.06,0:39:34.22,2372.06,2374.22,Patrick O'Hearn,"DIRECTOR OF HUMAN RESOURCES, SAU 6 (started 4/15/2024). CHAIR'S RECOGNITION: 'ratification of professional staff nominations. And Mr. O'Hearn' (218, 'O'Hearn' 1.00), Pratt hands off ('Go ahead, right ahead', 219) and this voice then presents the professional-staff nomination list (223-268). Arlene Hawkins or Candace Crawford names him mid-item at 273 - 'I hear Patrick being asked additional questions' ('Patrick' 1.00) - and Pratt says at 285 'We're Patrick and I looked at it' ('Patrick' 1.00) and at 418 'since Patrick [came]' (0.81). The diarizer files his short answers separately as Speaker 8 and clips his opening sentence across Speakers 5 and 2 (221-222); those are reassigned by override",A license.,Speaker 11
0:39:34.30,0:39:38.60,2374.30,2378.60,Bonnie Miles,"Claremont School Board member. CHAIR'S RECOGNITIONS straight into this voice: 'Sorry, Mr. Peter and then miss Miles' (303, 'Miles' 0.96) and 'Who's next, miss Miles?' (312, 'Miles' 1.00) -> 313, which opens her long run of questions on the assistant tech-centre director; Candace Crawford answers her by name at 408 ('I think Bonnie', 0.98) while this voice is speaking at 406-413. She is the member who asks whether the board may approve a position that has already been filled (322-332), who proposes the word 'acting' (335, 469) and who moves the amendment adopted that night (533). CAUTION - THIS CLUSTER MERGES TWO WOMEN: Speaker 6 carries both Bonnie Miles and Arlene Hawkins. Rows keep Miles by default; every stretch that a chair recognition or a colleague's direct address ties to Hawkins is reassigned by override. Short interjections that fall between the anchored runs cannot be separated acoustically and could belong to either member",I have a very basic question.  What is mail. May I.,Speaker 6
0:39:38.62,0:39:43.26,2378.62,2383.26,Patrick O'Hearn,"DIRECTOR OF HUMAN RESOURCES, SAU 6 (started 4/15/2024). CHAIR'S RECOGNITION: 'ratification of professional staff nominations. And Mr. O'Hearn' (218, 'O'Hearn' 1.00), Pratt hands off ('Go ahead, right ahead', 219) and this voice then presents the professional-staff nomination list (223-268). Arlene Hawkins or Candace Crawford names him mid-item at 273 - 'I hear Patrick being asked additional questions' ('Patrick' 1.00) - and Pratt says at 285 'We're Patrick and I looked at it' ('Patrick' 1.00) and at 418 'since Patrick [came]' (0.81). The diarizer files his short answers separately as Speaker 8 and clips his opening sentence across Speakers 5 and 2 (221-222); those are reassigned by override",L oh so that one it was just an error. So that's actually district wide district.,Speaker 11
0:39:43.30,0:39:43.62,2383.30,2383.62,Bonnie Miles,"Claremont School Board member. CHAIR'S RECOGNITIONS straight into this voice: 'Sorry, Mr. Peter and then miss Miles' (303, 'Miles' 0.96) and 'Who's next, miss Miles?' (312, 'Miles' 1.00) -> 313, which opens her long run of questions on the assistant tech-centre director; Candace Crawford answers her by name at 408 ('I think Bonnie', 0.98) while this voice is speaking at 406-413. She is the member who asks whether the board may approve a position that has already been filled (322-332), who proposes the word 'acting' (335, 469) and who moves the amendment adopted that night (533). CAUTION - THIS CLUSTER MERGES TWO WOMEN: Speaker 6 carries both Bonnie Miles and Arlene Hawkins. Rows keep Miles by default; every stretch that a chair recognition or a colleague's direct address ties to Hawkins is reassigned by override. Short interjections that fall between the anchored runs cannot be separated acoustically and could belong to either member",Okay.,Speaker 6
0:39:43.74,0:39:44.30,2383.74,2384.30,Unidentified,"DIARIZER MICRO-CLUSTER - one- to three-word affirmations ('Yes.', 'Correct.', 'Sure.', 'Yep.') scattered across the meeting and belonging to several different people. The fragments that can be tied to a neighbouring speaker by contiguous timing or sentence continuation are reassigned by override; the rows left under this label carry no usable anchor",Thank you.,Speaker 8
0:39:44.54,0:39:52.92,2384.54,2392.92,Chris Pratt,"SUPERINTENDENT OF SCHOOLS, SAU 6 / Claremont School District. The chair puts the staff-nomination motion as 'approving the list of nominations as presented by doctor, Doctor Pratt. Mr. Pratt' (280, both 1.00) immediately after this voice's exchange, and names him three more times as the person who will bring the revised job description (558, 561, 563, 688 - all 1.00). He delivers the superintendent's report (8-41), calls it 'the superintendents report that I sent you' (8), hands off to 'Mr. O'Hearn' (219) and to 'Michael' for the AI/PD questions (31), and apologises to the board in the first person for hiring before the board approved the position (588-589). Bonnie Miles says at 568 'Mr. Pratt was an interim superintendent before you became the superintendent' and Michael Petrin at 538 'We have superintendent Chris was the acting superintendent because someone left mid-term' - both addressed to this voice, and the word 'interim' is never applied to him in the present tense anywhere in the file. Bonnie Miles and Arlene Hawkins both address him as 'Chris' (500, 502, 616; 1.00). ASR also renders him 'Mr. Pride' (610, 1.00)",And so you guys know until they work on the my certification until they get their certification. So.,Speaker 3
0:39:53.00,0:39:54.96,2393.00,2394.96,Patrick O'Hearn,"DIRECTOR OF HUMAN RESOURCES, SAU 6 (started 4/15/2024). CHAIR'S RECOGNITION: 'ratification of professional staff nominations. And Mr. O'Hearn' (218, 'O'Hearn' 1.00), Pratt hands off ('Go ahead, right ahead', 219) and this voice then presents the professional-staff nomination list (223-268). Arlene Hawkins or Candace Crawford names him mid-item at 273 - 'I hear Patrick being asked additional questions' ('Patrick' 1.00) - and Pratt says at 285 'We're Patrick and I looked at it' ('Patrick' 1.00) and at 418 'since Patrick [came]' (0.81). The diarizer files his short answers separately as Speaker 8 and clips his opening sentence across Speakers 5 and 2 (221-222); those are reassigned by override",We don't have a new school called mail.,Speaker 11
0:39:55.04,0:39:56.80,2395.04,2396.80,Bonnie Miles,"Claremont School Board member. CHAIR'S RECOGNITIONS straight into this voice: 'Sorry, Mr. Peter and then miss Miles' (303, 'Miles' 0.96) and 'Who's next, miss Miles?' (312, 'Miles' 1.00) -> 313, which opens her long run of questions on the assistant tech-centre director; Candace Crawford answers her by name at 408 ('I think Bonnie', 0.98) while this voice is speaking at 406-413. She is the member who asks whether the board may approve a position that has already been filled (322-332), who proposes the word 'acting' (335, 469) and who moves the amendment adopted that night (533). CAUTION - THIS CLUSTER MERGES TWO WOMEN: Speaker 6 carries both Bonnie Miles and Arlene Hawkins. Rows keep Miles by default; every stretch that a chair recognition or a colleague's direct address ties to Hawkins is reassigned by override. Short interjections that fall between the anchored runs cannot be separated acoustically and could belong to either member",I was wondering if I missed something.,Speaker 6
0:39:56.96,0:40:12.96,2396.96,2412.96,Heather Whitney,"CHAIR, Claremont School Board (chair since 4/5/2023, re-elected chair 3/20/2024). She opens the meeting in her own voice at 0 ('I would like to call to order the August 21st, 2024 meeting of the Claremont School Board'), notes the clerk is absent and takes the roll herself at 4-6 ('In the absence of our secretary [or] Clark'), and reads her own name LAST in both roll calls (6; 215 'And Heather Whitney', both words confidence 1.00). Whitney Skillen names her in the third person at 532 ('I think what Heather is asking is...', 'Heather' 1.00) and Bonnie Miles addresses her as 'Heather.' at 555 (1.00) - which fixes this presiding voice as Heather Whitney and NOT Whitney Skillen, the other sitting member whose first name is Whitney and who is a separate cluster (Speaker 7) in this same recording. She gives every recognition ('Miss Gillen' 84, 196, 580; 'Arlene' 72, 141, 188, 431; 'Candy' 173; 'Miss Crawford' 195, 665, 684; 'Mister patron' 309, 401, 582, 691; 'And Frank' 235; 'Frank Sprague as the chair' 668; 'Miss Hawkins' 609), runs the consent agenda, the nonpublic votes and the adjournment (701). This cluster repeatedly absorbs the onset of the member she is recognising (84 'Miss Gillen.' + Skillen's first words; 72 + Hawkins's first words; 6, 208, 211 + other members' roll answers) and swallows a handful of neighbouring voices; the ones that can be tied to another speaker are reassigned by override","So just for the minutes that, we have 19 people on the current list that are fully certified, we have roughly three people on this list that are  or up to ten working on their certification.",Speaker 1
0:40:13.04,0:40:13.48,2413.04,2413.48,Patrick O'Hearn,"Director of Human Resources - his own short answers during his staff-nomination item, each contiguous with the board question it answers or with his own next segment",Correct.,Speaker 8
0:40:13.48,0:40:20.36,2413.48,2420.36,Heather Whitney,"CHAIR, Claremont School Board (chair since 4/5/2023, re-elected chair 3/20/2024). She opens the meeting in her own voice at 0 ('I would like to call to order the August 21st, 2024 meeting of the Claremont School Board'), notes the clerk is absent and takes the roll herself at 4-6 ('In the absence of our secretary [or] Clark'), and reads her own name LAST in both roll calls (6; 215 'And Heather Whitney', both words confidence 1.00). Whitney Skillen names her in the third person at 532 ('I think what Heather is asking is...', 'Heather' 1.00) and Bonnie Miles addresses her as 'Heather.' at 555 (1.00) - which fixes this presiding voice as Heather Whitney and NOT Whitney Skillen, the other sitting member whose first name is Whitney and who is a separate cluster (Speaker 7) in this same recording. She gives every recognition ('Miss Gillen' 84, 196, 580; 'Arlene' 72, 141, 188, 431; 'Candy' 173; 'Miss Crawford' 195, 665, 684; 'Mister patron' 309, 401, 582, 691; 'And Frank' 235; 'Frank Sprague as the chair' 668; 'Miss Hawkins' 609), runs the consent agenda, the nonpublic votes and the adjournment (701). This cluster repeatedly absorbs the onset of the member she is recognising (84 'Miss Gillen.' + Skillen's first words; 72 + Hawkins's first words; 6, 208, 211 + other members' roll answers) and swallows a handful of neighbouring voices; the ones that can be tied to another speaker are reassigned by override",And we have roughly 33 staff in the district that are also working towards certification just for the minutes.,Speaker 1
0:40:20.44,0:40:21.08,2420.44,2421.08,Patrick O'Hearn,"Director of Human Resources - his own short answers during his staff-nomination item, each contiguous with the board question it answers or with his own next segment",Correct. Okay.,Speaker 8
0:40:21.12,0:40:24.88,2421.12,2424.88,Frank Sprague,"VICE CHAIR, Claremont School Board; CHAIR of the Finance Committee. The chair recognises 'And Frank.' (235, 1.00) straight into this voice (236), credits the tech-centre motion to him at 292 ('since Mr. Sprague made the motion, he gets number one') and at 514 ('if Frank will accept this'), and opens the finance report with 'Finance subcommittee. That's Frank Sprague as the chair' (668, both 1.00) straight into 669. Michael Petrin speaks 'off of Frank and Whitney, what they were saying' at 130 immediately after this voice's 504 case-management run (121-127) and tells him 'Frank retired' (132). The biography matches the corpus record for Sprague: 'when I was in that role, I had caseloads' as a school counsellor (123), 'we had a very restrictive attendance policy, Stevens High School when I first started there' (124), 'one of the things that I battled for probably 20 years' (150). He also volunteers a CTE-director licence, a master's in education administration and ten years owning a restaurant (293-297, 483). THE DIARIZER SPLIT HIM ACROSS THREE CLUSTERS - Speaker 5, Speaker 13 and part of Speaker 2 - and merged Assistant Superintendent Mike Koski into Speaker 5 with him; the Koski stretches are reassigned by override",33. How many we have.,Speaker 5
0:40:24.96,0:40:26.16,2424.96,2426.16,Michael Petrin,"Claremont School Board member (returned to the board as a write-in in the March 2024 election). CHAIR'S RECOGNITIONS, each straight into this voice: 'Mike, do you have a question?' (188) -> 189; 'Mister patron.' (309, 0.94) -> 310; 'Mister patron.' (401, 1.00) -> 402; 'Mike.' (551, 1.00) -> 552 ('No.'); 'Mr. patron?' (582, 1.00) -> 583 ('No.'); 'Mr. patron.' (691, 0.76) -> 692. He answers the opening roll in this voice at 5 ('Patron here', 'Patron' 1.00) and the nonpublic roll at 209, and the chair credits the second on the tech-centre motion to him at 292 ('Second for Mike patron'). At 130-132 he speaks off 'Frank and Whitney, what they were saying' and tells Sprague 'Frank retired. You can go take a walk. I can't' - so he is neither of them - and Frank Sprague places him at 483: 'Mike has a background in physical therapy.' ASR renders him 'Patron', 'patron', 'Peterson' (406, 1.00). THIS CLUSTER IS A MERGE: it also carries Assistant Superintendent Mike Koski's long turns, several of Frank Sprague's, and dozens of sub-second interjections from other people; every stretch that could be tied to another speaker is reassigned by override, and short unanchored backchannels left under this label may belong to someone else",I think it.,Speaker 2
0:40:26.24,0:40:31.00,2426.24,2431.00,Patrick O'Hearn,"DIRECTOR OF HUMAN RESOURCES, SAU 6 (started 4/15/2024). CHAIR'S RECOGNITION: 'ratification of professional staff nominations. And Mr. O'Hearn' (218, 'O'Hearn' 1.00), Pratt hands off ('Go ahead, right ahead', 219) and this voice then presents the professional-staff nomination list (223-268). Arlene Hawkins or Candace Crawford names him mid-item at 273 - 'I hear Patrick being asked additional questions' ('Patrick' 1.00) - and Pratt says at 285 'We're Patrick and I looked at it' ('Patrick' 1.00) and at 418 'since Patrick [came]' (0.81). The diarizer files his short answers separately as Speaker 8 and clips his opening sentence across Speakers 5 and 2 (221-222); those are reassigned by override",178 teachers I believe so.,Speaker 11
0:40:31.08,0:40:33.64,2431.08,2433.64,Candace Crawford,"Claremont School Board member (appointed 7/19/2023, re-elected March 2024); reports for the Capital Improvement Committee and the SRVRTC visioning committee. CHAIR'S RECOGNITIONS straight into this voice: 'Yes. Candy.' (173, 1.00) -> 174 'Do I make [a motion]'; 'Any Crawford seconds' (200, 0.86) right after 199; 'the motion, as stated by Miss Crawford' (195, 1.00) closing the Girls on the Run vote she moved at 183; 'And Candace and then, Mr. Patron' (373) -> 374; 'we're going to start with the Capital Improvement Subcommittee. And that would be Miss Crawford' (665, 1.00) -> 666; 'And Miss Crawford, you're up again' (684, 1.00) -> 685. She addresses Bonnie Miles by name at 408 ('I think Bonnie', 0.98), which is what separates Miles from Arlene Hawkins inside Speaker 6",We know that. Would it be easy.,Speaker 4
0:40:33.72,0:40:40.20,2433.72,2440.20,Candace Crawford,"Claremont School Board member - the continuation of her own restarted sentence: 269 (Speaker 4) 'We know that. Would it be easy[er]' + 270 'Would it be easier rather than asking you to answer that right now' + 273 'rather than have him answer right now, maybe give him the opportunity to get that information out to us'. MEDIUM CONFIDENCE: the attribution rests on the sentence restart and contiguous timing, not on a spoken name, and Speaker 6 otherwise carries Bonnie Miles and Arlene Hawkins",Would it be easier rather than asking you to answer that right now. If you could just would that be easier.,Speaker 6
0:40:40.28,0:40:40.79,2440.28,2440.79,Unidentified,"DIARIZER MICRO-CLUSTER - one- to three-word affirmations ('Yes.', 'Correct.', 'Sure.', 'Yep.') scattered across the meeting and belonging to several different people. The fragments that can be tied to a neighbouring speaker by contiguous timing or sentence continuation are reassigned by override; the rows left under this label carry no usable anchor",One six.,Speaker 8
0:40:40.80,0:40:42.03,2440.80,2442.03,Heather Whitney,"CHAIR, Claremont School Board (chair since 4/5/2023, re-elected chair 3/20/2024). She opens the meeting in her own voice at 0 ('I would like to call to order the August 21st, 2024 meeting of the Claremont School Board'), notes the clerk is absent and takes the roll herself at 4-6 ('In the absence of our secretary [or] Clark'), and reads her own name LAST in both roll calls (6; 215 'And Heather Whitney', both words confidence 1.00). Whitney Skillen names her in the third person at 532 ('I think what Heather is asking is...', 'Heather' 1.00) and Bonnie Miles addresses her as 'Heather.' at 555 (1.00) - which fixes this presiding voice as Heather Whitney and NOT Whitney Skillen, the other sitting member whose first name is Whitney and who is a separate cluster (Speaker 7) in this same recording. She gives every recognition ('Miss Gillen' 84, 196, 580; 'Arlene' 72, 141, 188, 431; 'Candy' 173; 'Miss Crawford' 195, 665, 684; 'Mister patron' 309, 401, 582, 691; 'And Frank' 235; 'Frank Sprague as the chair' 668; 'Miss Hawkins' 609), runs the consent agenda, the nonpublic votes and the adjournment (701). This cluster repeatedly absorbs the onset of the member she is recognising (84 'Miss Gillen.' + Skillen's first words; 72 + Hawkins's first words; 6, 208, 211 + other members' roll answers) and swallows a handful of neighbouring voices; the ones that can be tied to another speaker are reassigned by override",Yeah I just wanted to  know.,Speaker 1
0:40:42.03,0:40:52.16,2442.03,2452.16,Candace Crawford,"Claremont School Board member - the continuation of her own restarted sentence: 269 (Speaker 4) 'We know that. Would it be easy[er]' + 270 'Would it be easier rather than asking you to answer that right now' + 273 'rather than have him answer right now, maybe give him the opportunity to get that information out to us'. MEDIUM CONFIDENCE: the attribution rests on the sentence restart and contiguous timing, not on a spoken name, and Speaker 6 otherwise carries Bonnie Miles and Arlene Hawkins","No, I'm, I don't I hear Patrick being asked additional questions. So rather than have him answer right now, maybe give him the opportunity to get that information out to us.",Speaker 6
0:40:52.40,0:40:55.36,2452.40,2455.36,Heather Whitney,"CHAIR, Claremont School Board (chair since 4/5/2023, re-elected chair 3/20/2024). She opens the meeting in her own voice at 0 ('I would like to call to order the August 21st, 2024 meeting of the Claremont School Board'), notes the clerk is absent and takes the roll herself at 4-6 ('In the absence of our secretary [or] Clark'), and reads her own name LAST in both roll calls (6; 215 'And Heather Whitney', both words confidence 1.00). Whitney Skillen names her in the third person at 532 ('I think what Heather is asking is...', 'Heather' 1.00) and Bonnie Miles addresses her as 'Heather.' at 555 (1.00) - which fixes this presiding voice as Heather Whitney and NOT Whitney Skillen, the other sitting member whose first name is Whitney and who is a separate cluster (Speaker 7) in this same recording. She gives every recognition ('Miss Gillen' 84, 196, 580; 'Arlene' 72, 141, 188, 431; 'Candy' 173; 'Miss Crawford' 195, 665, 684; 'Mister patron' 309, 401, 582, 691; 'And Frank' 235; 'Frank Sprague as the chair' 668; 'Miss Hawkins' 609), runs the consent agenda, the nonpublic votes and the adjournment (701). This cluster repeatedly absorbs the onset of the member she is recognising (84 'Miss Gillen.' + Skillen's first words; 72 + Hawkins's first words; 6, 208, 211 + other members' roll answers) and swallows a handful of neighbouring voices; the ones that can be tied to another speaker are reassigned by override",Sure. If everybody's comfortable with voting with the information.,Speaker 1
0:40:55.44,0:40:56.04,2455.44,2456.04,Unidentified,"DIARIZER MICRO-CLUSTER - one- to three-word affirmations ('Yes.', 'Correct.', 'Sure.', 'Yep.') scattered across the meeting and belonging to several different people. The fragments that can be tied to a neighbouring speaker by contiguous timing or sentence continuation are reassigned by override; the rows left under this label carry no usable anchor",Right.,Speaker 8
0:40:56.12,0:40:57.37,2456.12,2457.37,Michael Petrin,"Claremont School Board member (returned to the board as a write-in in the March 2024 election). CHAIR'S RECOGNITIONS, each straight into this voice: 'Mike, do you have a question?' (188) -> 189; 'Mister patron.' (309, 0.94) -> 310; 'Mister patron.' (401, 1.00) -> 402; 'Mike.' (551, 1.00) -> 552 ('No.'); 'Mr. patron?' (582, 1.00) -> 583 ('No.'); 'Mr. patron.' (691, 0.76) -> 692. He answers the opening roll in this voice at 5 ('Patron here', 'Patron' 1.00) and the nonpublic roll at 209, and the chair credits the second on the tech-centre motion to him at 292 ('Second for Mike patron'). At 130-132 he speaks off 'Frank and Whitney, what they were saying' and tells Sprague 'Frank retired. You can go take a walk. I can't' - so he is neither of them - and Frank Sprague places him at 483: 'Mike has a background in physical therapy.' ASR renders him 'Patron', 'patron', 'Peterson' (406, 1.00). THIS CLUSTER IS A MERGE: it also carries Assistant Superintendent Mike Koski's long turns, several of Frank Sprague's, and dozens of sub-second interjections from other people; every stretch that could be tied to another speaker is reassigned by override, and short unanchored backchannels left under this label may belong to someone else","I mean, we have.",Speaker 2
0:40:57.45,0:40:59.04,2457.45,2459.04,Unidentified,"DIARIZER MICRO-CLUSTER - one- to three-word affirmations ('Yes.', 'Correct.', 'Sure.', 'Yep.') scattered across the meeting and belonging to several different people. The fragments that can be tied to a neighbouring speaker by contiguous timing or sentence continuation are reassigned by override; the rows left under this label carry no usable anchor",Yeah.,Speaker 8
0:40:59.12,0:41:03.12,2459.12,2463.12,Heather Whitney,"CHAIR, Claremont School Board (chair since 4/5/2023, re-elected chair 3/20/2024). She opens the meeting in her own voice at 0 ('I would like to call to order the August 21st, 2024 meeting of the Claremont School Board'), notes the clerk is absent and takes the roll herself at 4-6 ('In the absence of our secretary [or] Clark'), and reads her own name LAST in both roll calls (6; 215 'And Heather Whitney', both words confidence 1.00). Whitney Skillen names her in the third person at 532 ('I think what Heather is asking is...', 'Heather' 1.00) and Bonnie Miles addresses her as 'Heather.' at 555 (1.00) - which fixes this presiding voice as Heather Whitney and NOT Whitney Skillen, the other sitting member whose first name is Whitney and who is a separate cluster (Speaker 7) in this same recording. She gives every recognition ('Miss Gillen' 84, 196, 580; 'Arlene' 72, 141, 188, 431; 'Candy' 173; 'Miss Crawford' 195, 665, 684; 'Mister patron' 309, 401, 582, 691; 'And Frank' 235; 'Frank Sprague as the chair' 668; 'Miss Hawkins' 609), runs the consent agenda, the nonpublic votes and the adjournment (701). This cluster repeatedly absorbs the onset of the member she is recognising (84 'Miss Gillen.' + Skillen's first words; 72 + Hawkins's first words; 6, 208, 211 + other members' roll answers) and swallows a handful of neighbouring voices; the ones that can be tied to another speaker are reassigned by override",Is there any objection to a vote at this point or any more discussion?,Speaker 1
0:41:03.16,0:41:04.52,2463.16,2464.52,Unidentified,"DIARIZER MICRO-CLUSTER - one- to three-word affirmations ('Yes.', 'Correct.', 'Sure.', 'Yep.') scattered across the meeting and belonging to several different people. The fragments that can be tied to a neighbouring speaker by contiguous timing or sentence continuation are reassigned by override; the rows left under this label carry no usable anchor",Either.,Speaker 8
0:41:04.60,0:41:31.76,2464.60,2491.76,Heather Whitney,"CHAIR, Claremont School Board (chair since 4/5/2023, re-elected chair 3/20/2024). She opens the meeting in her own voice at 0 ('I would like to call to order the August 21st, 2024 meeting of the Claremont School Board'), notes the clerk is absent and takes the roll herself at 4-6 ('In the absence of our secretary [or] Clark'), and reads her own name LAST in both roll calls (6; 215 'And Heather Whitney', both words confidence 1.00). Whitney Skillen names her in the third person at 532 ('I think what Heather is asking is...', 'Heather' 1.00) and Bonnie Miles addresses her as 'Heather.' at 555 (1.00) - which fixes this presiding voice as Heather Whitney and NOT Whitney Skillen, the other sitting member whose first name is Whitney and who is a separate cluster (Speaker 7) in this same recording. She gives every recognition ('Miss Gillen' 84, 196, 580; 'Arlene' 72, 141, 188, 431; 'Candy' 173; 'Miss Crawford' 195, 665, 684; 'Mister patron' 309, 401, 582, 691; 'And Frank' 235; 'Frank Sprague as the chair' 668; 'Miss Hawkins' 609), runs the consent agenda, the nonpublic votes and the adjournment (701). This cluster repeatedly absorbs the onset of the member she is recognising (84 'Miss Gillen.' + Skillen's first words; 72 + Hawkins's first words; 6, 208, 211 + other members' roll answers) and swallows a handful of neighbouring voices; the ones that can be tied to another speaker are reassigned by override","All in favor of approving the list of nominations as presented by doctor, Doctor Pratt. Mr. Pratt say I  not opposed. Motion passes. Thank you. Thank you.  And fourth Order of business is a discussion on the Assistant Tech Center director position. Because this is a change in position, the school board needs to approve the change of position.",Speaker 1
0:41:31.84,0:42:06.48,2491.84,2526.48,Chris Pratt,"SUPERINTENDENT OF SCHOOLS, SAU 6 / Claremont School District. The chair puts the staff-nomination motion as 'approving the list of nominations as presented by doctor, Doctor Pratt. Mr. Pratt' (280, both 1.00) immediately after this voice's exchange, and names him three more times as the person who will bring the revised job description (558, 561, 563, 688 - all 1.00). He delivers the superintendent's report (8-41), calls it 'the superintendents report that I sent you' (8), hands off to 'Mr. O'Hearn' (219) and to 'Michael' for the AI/PD questions (31), and apologises to the board in the first person for hiring before the board approved the position (588-589). Bonnie Miles says at 568 'Mr. Pratt was an interim superintendent before you became the superintendent' and Michael Petrin at 538 'We have superintendent Chris was the acting superintendent because someone left mid-term' - both addressed to this voice, and the word 'interim' is never applied to him in the present tense anywhere in the file. Bonnie Miles and Arlene Hawkins both address him as 'Chris' (500, 502, 616; 1.00). ASR also renders him 'Mr. Pride' (610, 1.00)","Yeah. So let me give you a little background. You guys probably know more than I do. And so,  I always left, you know, I kind of went back and looked at different back in the 2015 sRGB, it was strongly recommended that Newport and Newport and Claremont have one director that oversees both with, you know, assistance. And so based on that in the current CB and just talking to different board members, you know, I looked in exploring the a position of an assistant director of the tech center.",Speaker 3
0:42:06.56,0:42:28.12,2526.56,2548.12,Chris Pratt,"SUPERINTENDENT OF SCHOOLS, SAU 6 / Claremont School District. The chair puts the staff-nomination motion as 'approving the list of nominations as presented by doctor, Doctor Pratt. Mr. Pratt' (280, both 1.00) immediately after this voice's exchange, and names him three more times as the person who will bring the revised job description (558, 561, 563, 688 - all 1.00). He delivers the superintendent's report (8-41), calls it 'the superintendents report that I sent you' (8), hands off to 'Mr. O'Hearn' (219) and to 'Michael' for the AI/PD questions (31), and apologises to the board in the first person for hiring before the board approved the position (588-589). Bonnie Miles says at 568 'Mr. Pratt was an interim superintendent before you became the superintendent' and Michael Petrin at 538 'We have superintendent Chris was the acting superintendent because someone left mid-term' - both addressed to this voice, and the word 'interim' is never applied to him in the present tense anywhere in the file. Bonnie Miles and Arlene Hawkins both address him as 'Chris' (500, 502, 616; 1.00). ASR also renders him 'Mr. Pride' (610, 1.00)","And for this and so I reached out to Newport. I spoke to the superintendent over there, I spoke to the current director there, and they thought, you know, this is something they've been wanting for a long time. So we're really able to work together to build both tech centers. And so they're doing their work over there. We're doing, you know, continue to move forward doing the work here.",Speaker 3
0:42:28.20,0:42:54.96,2548.20,2574.96,Chris Pratt,"SUPERINTENDENT OF SCHOOLS, SAU 6 / Claremont School District. The chair puts the staff-nomination motion as 'approving the list of nominations as presented by doctor, Doctor Pratt. Mr. Pratt' (280, both 1.00) immediately after this voice's exchange, and names him three more times as the person who will bring the revised job description (558, 561, 563, 688 - all 1.00). He delivers the superintendent's report (8-41), calls it 'the superintendents report that I sent you' (8), hands off to 'Mr. O'Hearn' (219) and to 'Michael' for the AI/PD questions (31), and apologises to the board in the first person for hiring before the board approved the position (588-589). Bonnie Miles says at 568 'Mr. Pratt was an interim superintendent before you became the superintendent' and Michael Petrin at 538 'We have superintendent Chris was the acting superintendent because someone left mid-term' - both addressed to this voice, and the word 'interim' is never applied to him in the present tense anywhere in the file. Bonnie Miles and Arlene Hawkins both address him as 'Chris' (500, 502, 616; 1.00). ASR also renders him 'Mr. Pride' (610, 1.00)","And so what it looks like is that the assistant director would be here. Director would check in with her in an occasion. She would go over there and he would come here. So they're really getting to know each other. Buildings. And what was in what we spoke about is using this year to say, okay, this is if it seems to be working, we want to create a long term plan, and that would look like they would hire their own assistant director.",Speaker 3
0:42:54.96,0:43:24.92,2574.96,2604.92,Chris Pratt,"SUPERINTENDENT OF SCHOOLS, SAU 6 / Claremont School District. The chair puts the staff-nomination motion as 'approving the list of nominations as presented by doctor, Doctor Pratt. Mr. Pratt' (280, both 1.00) immediately after this voice's exchange, and names him three more times as the person who will bring the revised job description (558, 561, 563, 688 - all 1.00). He delivers the superintendent's report (8-41), calls it 'the superintendents report that I sent you' (8), hands off to 'Mr. O'Hearn' (219) and to 'Michael' for the AI/PD questions (31), and apologises to the board in the first person for hiring before the board approved the position (588-589). Bonnie Miles says at 568 'Mr. Pratt was an interim superintendent before you became the superintendent' and Michael Petrin at 538 'We have superintendent Chris was the acting superintendent because someone left mid-term' - both addressed to this voice, and the word 'interim' is never applied to him in the present tense anywhere in the file. Bonnie Miles and Arlene Hawkins both address him as 'Chris' (500, 502, 616; 1.00). ASR also renders him 'Mr. Pride' (610, 1.00)","We would still have hours here and they would continue to do the the lodge management systems manager, decisions at the directors level. So we created this job description and I think everyone got a copy of the job description based on just reports over the years and what we can get out of it. You know, we're able to, you know, hire this position for less than,  we're currently paying Doctor Herzog.",Speaker 3
0:43:25.00,0:43:45.20,2605.00,2625.20,Chris Pratt,"SUPERINTENDENT OF SCHOOLS, SAU 6 / Claremont School District. The chair puts the staff-nomination motion as 'approving the list of nominations as presented by doctor, Doctor Pratt. Mr. Pratt' (280, both 1.00) immediately after this voice's exchange, and names him three more times as the person who will bring the revised job description (558, 561, 563, 688 - all 1.00). He delivers the superintendent's report (8-41), calls it 'the superintendents report that I sent you' (8), hands off to 'Mr. O'Hearn' (219) and to 'Michael' for the AI/PD questions (31), and apologises to the board in the first person for hiring before the board approved the position (588-589). Bonnie Miles says at 568 'Mr. Pratt was an interim superintendent before you became the superintendent' and Michael Petrin at 538 'We have superintendent Chris was the acting superintendent because someone left mid-term' - both addressed to this voice, and the word 'interim' is never applied to him in the present tense anywhere in the file. Bonnie Miles and Arlene Hawkins both address him as 'Chris' (500, 502, 616; 1.00). ASR also renders him 'Mr. Pride' (610, 1.00)","And so, there's no increase to the budget. Figured out a salary for this position. We're Patrick and I looked at it, and because it's really assistant director is not in the current CBA for administrators, we kind of put it between a principal and, what are the positions they call on the.",Speaker 3
0:43:45.20,0:43:47.24,2625.20,2627.24,Chris Pratt,"Superintendent of Schools - the middle of his own sentence, 285 + 286 + 287: 'we kind of put it between a principal and, what are the positions they call on the / schools, the Student Service Corps / student service coordinators'","Schools, the Student Service Corps.",Speaker 2
0:43:47.28,0:43:59.88,2627.28,2639.88,Chris Pratt,"SUPERINTENDENT OF SCHOOLS, SAU 6 / Claremont School District. The chair puts the staff-nomination motion as 'approving the list of nominations as presented by doctor, Doctor Pratt. Mr. Pratt' (280, both 1.00) immediately after this voice's exchange, and names him three more times as the person who will bring the revised job description (558, 561, 563, 688 - all 1.00). He delivers the superintendent's report (8-41), calls it 'the superintendents report that I sent you' (8), hands off to 'Mr. O'Hearn' (219) and to 'Michael' for the AI/PD questions (31), and apologises to the board in the first person for hiring before the board approved the position (588-589). Bonnie Miles says at 568 'Mr. Pratt was an interim superintendent before you became the superintendent' and Michael Petrin at 538 'We have superintendent Chris was the acting superintendent because someone left mid-term' - both addressed to this voice, and the word 'interim' is never applied to him in the present tense anywhere in the file. Bonnie Miles and Arlene Hawkins both address him as 'Chris' (500, 502, 616; 1.00). ASR also renders him 'Mr. Pride' (610, 1.00)","Student service coordinators. And so the the pay for that, she would be making the same as, like an assistant principal would be making that we see around 80,000.",Speaker 3
0:43:59.96,0:44:02.24,2639.96,2642.24,Heather Whitney,"CHAIR, Claremont School Board (chair since 4/5/2023, re-elected chair 3/20/2024). She opens the meeting in her own voice at 0 ('I would like to call to order the August 21st, 2024 meeting of the Claremont School Board'), notes the clerk is absent and takes the roll herself at 4-6 ('In the absence of our secretary [or] Clark'), and reads her own name LAST in both roll calls (6; 215 'And Heather Whitney', both words confidence 1.00). Whitney Skillen names her in the third person at 532 ('I think what Heather is asking is...', 'Heather' 1.00) and Bonnie Miles addresses her as 'Heather.' at 555 (1.00) - which fixes this presiding voice as Heather Whitney and NOT Whitney Skillen, the other sitting member whose first name is Whitney and who is a separate cluster (Speaker 7) in this same recording. She gives every recognition ('Miss Gillen' 84, 196, 580; 'Arlene' 72, 141, 188, 431; 'Candy' 173; 'Miss Crawford' 195, 665, 684; 'Mister patron' 309, 401, 582, 691; 'And Frank' 235; 'Frank Sprague as the chair' 668; 'Miss Hawkins' 609), runs the consent agenda, the nonpublic votes and the adjournment (701). This cluster repeatedly absorbs the onset of the member she is recognising (84 'Miss Gillen.' + Skillen's first words; 72 + Hawkins's first words; 6, 208, 211 + other members' roll answers) and swallows a handful of neighbouring voices; the ones that can be tied to another speaker are reassigned by override",We want to make a motion and then have our discussion.,Speaker 1
0:44:02.44,0:44:08.36,2642.44,2648.36,Frank Sprague,"Vice Chair, Claremont School Board - the motion to approve the assistant tech-centre director position; the chair attributes it to him three segments later, 'since Mr. Sprague made the motion, he gets number one' (292, 'Sprague' 1.00). NOTE: at 515 he says 'I didn't make a motion' and the chair insists at 517 that he did - the record is contradictory and is left as spoken",I'll make a motion to  approve this.,Speaker 2
0:44:08.44,0:44:14.56,2648.44,2654.56,Heather Whitney,"CHAIR, Claremont School Board (chair since 4/5/2023, re-elected chair 3/20/2024). She opens the meeting in her own voice at 0 ('I would like to call to order the August 21st, 2024 meeting of the Claremont School Board'), notes the clerk is absent and takes the roll herself at 4-6 ('In the absence of our secretary [or] Clark'), and reads her own name LAST in both roll calls (6; 215 'And Heather Whitney', both words confidence 1.00). Whitney Skillen names her in the third person at 532 ('I think what Heather is asking is...', 'Heather' 1.00) and Bonnie Miles addresses her as 'Heather.' at 555 (1.00) - which fixes this presiding voice as Heather Whitney and NOT Whitney Skillen, the other sitting member whose first name is Whitney and who is a separate cluster (Speaker 7) in this same recording. She gives every recognition ('Miss Gillen' 84, 196, 580; 'Arlene' 72, 141, 188, 431; 'Candy' 173; 'Miss Crawford' 195, 665, 684; 'Mister patron' 309, 401, 582, 691; 'And Frank' 235; 'Frank Sprague as the chair' 668; 'Miss Hawkins' 609), runs the consent agenda, the nonpublic votes and the adjournment (701). This cluster repeatedly absorbs the onset of the member she is recognising (84 'Miss Gillen.' + Skillen's first words; 72 + Hawkins's first words; 6, 208, 211 + other members' roll answers) and swallows a handful of neighbouring voices; the ones that can be tied to another speaker are reassigned by override",Assistant director position. Yeah. Don't we have a second? Nope.,Speaker 1
0:44:14.64,0:44:15.56,2654.64,2655.56,Michael Petrin,"Claremont School Board member (returned to the board as a write-in in the March 2024 election). CHAIR'S RECOGNITIONS, each straight into this voice: 'Mike, do you have a question?' (188) -> 189; 'Mister patron.' (309, 0.94) -> 310; 'Mister patron.' (401, 1.00) -> 402; 'Mike.' (551, 1.00) -> 552 ('No.'); 'Mr. patron?' (582, 1.00) -> 583 ('No.'); 'Mr. patron.' (691, 0.76) -> 692. He answers the opening roll in this voice at 5 ('Patron here', 'Patron' 1.00) and the nonpublic roll at 209, and the chair credits the second on the tech-centre motion to him at 292 ('Second for Mike patron'). At 130-132 he speaks off 'Frank and Whitney, what they were saying' and tells Sprague 'Frank retired. You can go take a walk. I can't' - so he is neither of them - and Frank Sprague places him at 483: 'Mike has a background in physical therapy.' ASR renders him 'Patron', 'patron', 'Peterson' (406, 1.00). THIS CLUSTER IS A MERGE: it also carries Assistant Superintendent Mike Koski's long turns, several of Frank Sprague's, and dozens of sub-second interjections from other people; every stretch that could be tied to another speaker is reassigned by override, and short unanchored backchannels left under this label may belong to someone else",Second.,Speaker 2
0:44:15.64,0:44:26.32,2655.64,2666.32,Heather Whitney,"CHAIR, Claremont School Board (chair since 4/5/2023, re-elected chair 3/20/2024). She opens the meeting in her own voice at 0 ('I would like to call to order the August 21st, 2024 meeting of the Claremont School Board'), notes the clerk is absent and takes the roll herself at 4-6 ('In the absence of our secretary [or] Clark'), and reads her own name LAST in both roll calls (6; 215 'And Heather Whitney', both words confidence 1.00). Whitney Skillen names her in the third person at 532 ('I think what Heather is asking is...', 'Heather' 1.00) and Bonnie Miles addresses her as 'Heather.' at 555 (1.00) - which fixes this presiding voice as Heather Whitney and NOT Whitney Skillen, the other sitting member whose first name is Whitney and who is a separate cluster (Speaker 7) in this same recording. She gives every recognition ('Miss Gillen' 84, 196, 580; 'Arlene' 72, 141, 188, 431; 'Candy' 173; 'Miss Crawford' 195, 665, 684; 'Mister patron' 309, 401, 582, 691; 'And Frank' 235; 'Frank Sprague as the chair' 668; 'Miss Hawkins' 609), runs the consent agenda, the nonpublic votes and the adjournment (701). This cluster repeatedly absorbs the onset of the member she is recognising (84 'Miss Gillen.' + Skillen's first words; 72 + Hawkins's first words; 6, 208, 211 + other members' roll answers) and swallows a handful of neighbouring voices; the ones that can be tied to another speaker are reassigned by override","Second for Mike patron. And we can open the floor to discussion. And since Mr. Sprague made the motion, he gets number one.  And then Miss Gillen and then Miss Crawford.",Speaker 1
0:44:26.36,0:44:37.39,2666.36,2677.39,Frank Sprague,"Vice Chair, Claremont School Board - he speaks first in the discussion because the chair gave him the floor as the mover (292). He describes holding a CTE director licence, a master's in education and administration, and ten years owning a restaurant - the same first-person biography he returns to at 483","So he did do a Forest Gump thing. But I actually have had  have, a CT director license and.",Speaker 2
0:44:37.47,0:44:37.62,2677.47,2677.62,Candace Crawford,"Claremont School Board member (appointed 7/19/2023, re-elected March 2024); reports for the Capital Improvement Committee and the SRVRTC visioning committee. CHAIR'S RECOGNITIONS straight into this voice: 'Yes. Candy.' (173, 1.00) -> 174 'Do I make [a motion]'; 'Any Crawford seconds' (200, 0.86) right after 199; 'the motion, as stated by Miss Crawford' (195, 1.00) closing the Girls on the Run vote she moved at 183; 'And Candace and then, Mr. Patron' (373) -> 374; 'we're going to start with the Capital Improvement Subcommittee. And that would be Miss Crawford' (665, 1.00) -> 666; 'And Miss Crawford, you're up again' (684, 1.00) -> 685. She addresses Bonnie Miles by name at 408 ('I think Bonnie', 0.98), which is what separates Miles from Arlene Hawkins inside Speaker 6",Let.,Speaker 4
0:44:37.84,0:45:12.76,2677.84,2712.76,Frank Sprague,"Vice Chair, Claremont School Board - he speaks first in the discussion because the chair gave him the floor as the mover (292). He describes holding a CTE director licence, a master's in education and administration, and ten years owning a restaurant - the same first-person biography he returns to at 483","The job. No. And so the, the reason I got that certification was because I have a master's in education and administration, but I also owned a restaurant for ten years. And so I have that because of the restaurant experience. They certified me as a CD director because I have relevant experience in an associated field, and I don't see anything about, experience,  in machine tool or carpentry or culinary or health science or any of the fields.",Speaker 2
0:45:12.80,0:45:13.88,2712.80,2713.88,Candace Crawford,"Claremont School Board member (appointed 7/19/2023, re-elected March 2024); reports for the Capital Improvement Committee and the SRVRTC visioning committee. CHAIR'S RECOGNITIONS straight into this voice: 'Yes. Candy.' (173, 1.00) -> 174 'Do I make [a motion]'; 'Any Crawford seconds' (200, 0.86) right after 199; 'the motion, as stated by Miss Crawford' (195, 1.00) closing the Girls on the Run vote she moved at 183; 'And Candace and then, Mr. Patron' (373) -> 374; 'we're going to start with the Capital Improvement Subcommittee. And that would be Miss Crawford' (665, 1.00) -> 666; 'And Miss Crawford, you're up again' (684, 1.00) -> 685. She addresses Bonnie Miles by name at 408 ('I think Bonnie', 0.98), which is what separates Miles from Arlene Hawkins inside Speaker 6",Technical education.,Speaker 4
0:45:13.88,0:45:26.87,2713.88,2726.87,Frank Sprague,"Vice Chair, Claremont School Board - he speaks first in the discussion because the chair gave him the floor as the mover (292). He describes holding a CTE director licence, a master's in education and administration, and ten years owning a restaurant - the same first-person biography he returns to at 483","Right. So I really think the qualifications should also mention something about experience in a relevant field.  I mean, it says related role, but I'm not sure what that means. Okay.",Speaker 2
0:45:26.95,0:45:30.00,2726.95,2730.00,Heather Whitney,"CHAIR, Claremont School Board (chair since 4/5/2023, re-elected chair 3/20/2024). She opens the meeting in her own voice at 0 ('I would like to call to order the August 21st, 2024 meeting of the Claremont School Board'), notes the clerk is absent and takes the roll herself at 4-6 ('In the absence of our secretary [or] Clark'), and reads her own name LAST in both roll calls (6; 215 'And Heather Whitney', both words confidence 1.00). Whitney Skillen names her in the third person at 532 ('I think what Heather is asking is...', 'Heather' 1.00) and Bonnie Miles addresses her as 'Heather.' at 555 (1.00) - which fixes this presiding voice as Heather Whitney and NOT Whitney Skillen, the other sitting member whose first name is Whitney and who is a separate cluster (Speaker 7) in this same recording. She gives every recognition ('Miss Gillen' 84, 196, 580; 'Arlene' 72, 141, 188, 431; 'Candy' 173; 'Miss Crawford' 195, 665, 684; 'Mister patron' 309, 401, 582, 691; 'And Frank' 235; 'Frank Sprague as the chair' 668; 'Miss Hawkins' 609), runs the consent agenda, the nonpublic votes and the adjournment (701). This cluster repeatedly absorbs the onset of the member she is recognising (84 'Miss Gillen.' + Skillen's first words; 72 + Hawkins's first words; 6, 208, 211 + other members' roll answers) and swallows a handful of neighbouring voices; the ones that can be tied to another speaker are reassigned by override",So the skill.,Speaker 1
0:45:30.08,0:45:37.52,2730.08,2737.52,Whitney Skillen,"Claremont School Board member; CHAIR of the Policy subcommittee. CHAIR'S RECOGNITIONS straight into this voice: 'Miss Gillen.' (84, 0.82) -> 85; 'Yes, Miss Gillen.' (196, 0.43) -> 197, her motion to go into nonpublic; 'So the skill[en]' (298) -> 299; 'Miss Kellen.' (531, 0.62) -> 532; 'we can do a roll call, Whitney' (542, 0.94) -> 543; 'No objection, Miss Gillen' (580, 0.48) -> 581; 'Anybody like to make a motion and then miss going [Gillen]' (653) -> 654; and 'Anything from the policy subcommittee?' (677) -> 678, where she reports on her own schedule as policy chair. She refers to the chair in the third person at 532 ('I think what Heather is asking is'), so she is NOT Heather Whitney, who is a separate cluster (Speaker 1) here. The ASR garbles her surname as 'Gillen', 'going', 'Kellen', 'skill', 'Skilling' and - in the chair's 233 - 'still on'",Are there. Are we currently  do we have any candidates in the pool at this time? Has this job been posted?,Speaker 7
0:45:37.60,0:46:10.36,2737.60,2770.36,Chris Pratt,"SUPERINTENDENT OF SCHOOLS, SAU 6 / Claremont School District. The chair puts the staff-nomination motion as 'approving the list of nominations as presented by doctor, Doctor Pratt. Mr. Pratt' (280, both 1.00) immediately after this voice's exchange, and names him three more times as the person who will bring the revised job description (558, 561, 563, 688 - all 1.00). He delivers the superintendent's report (8-41), calls it 'the superintendents report that I sent you' (8), hands off to 'Mr. O'Hearn' (219) and to 'Michael' for the AI/PD questions (31), and apologises to the board in the first person for hiring before the board approved the position (588-589). Bonnie Miles says at 568 'Mr. Pratt was an interim superintendent before you became the superintendent' and Michael Petrin at 538 'We have superintendent Chris was the acting superintendent because someone left mid-term' - both addressed to this voice, and the word 'interim' is never applied to him in the present tense anywhere in the file. Bonnie Miles and Arlene Hawkins both address him as 'Chris' (500, 502, 616; 1.00). ASR also renders him 'Mr. Pride' (610, 1.00)","Yep. It's been posted. And we actually had someone accepted today. Yesterday and accepted. And she, I walked around the building, she met with staff, she met with her administrative assistant, and she's got a master's in counseling and a master's in education. And she has the skill set. I feel that needs to be that this building needs the staff be headed off very well.",Speaker 3
0:46:10.44,0:46:31.92,2770.44,2791.92,Chris Pratt,"SUPERINTENDENT OF SCHOOLS, SAU 6 / Claremont School District. The chair puts the staff-nomination motion as 'approving the list of nominations as presented by doctor, Doctor Pratt. Mr. Pratt' (280, both 1.00) immediately after this voice's exchange, and names him three more times as the person who will bring the revised job description (558, 561, 563, 688 - all 1.00). He delivers the superintendent's report (8-41), calls it 'the superintendents report that I sent you' (8), hands off to 'Mr. O'Hearn' (219) and to 'Michael' for the AI/PD questions (31), and apologises to the board in the first person for hiring before the board approved the position (588-589). Bonnie Miles says at 568 'Mr. Pratt was an interim superintendent before you became the superintendent' and Michael Petrin at 538 'We have superintendent Chris was the acting superintendent because someone left mid-term' - both addressed to this voice, and the word 'interim' is never applied to him in the present tense anywhere in the file. Bonnie Miles and Arlene Hawkins both address him as 'Chris' (500, 502, 616; 1.00). ASR also renders him 'Mr. Pride' (610, 1.00)","And, so I'm confident in person that's going on the assistant director, because we have the we have the director from the Newport who is, you know, going to work with us as well. And like I said, you know, to see how it goes for this year.",Speaker 3
0:46:32.00,0:46:34.96,2792.00,2794.96,Bonnie Miles,"Claremont School Board member. CHAIR'S RECOGNITIONS straight into this voice: 'Sorry, Mr. Peter and then miss Miles' (303, 'Miles' 0.96) and 'Who's next, miss Miles?' (312, 'Miles' 1.00) -> 313, which opens her long run of questions on the assistant tech-centre director; Candace Crawford answers her by name at 408 ('I think Bonnie', 0.98) while this voice is speaking at 406-413. She is the member who asks whether the board may approve a position that has already been filled (322-332), who proposes the word 'acting' (335, 469) and who moves the amendment adopted that night (533). CAUTION - THIS CLUSTER MERGES TWO WOMEN: Speaker 6 carries both Bonnie Miles and Arlene Hawkins. Rows keep Miles by default; every stretch that a chair recognition or a colleague's direct address ties to Hawkins is reassigned by override. Short interjections that fall between the anchored runs cannot be separated acoustically and could belong to either member","So these two. Oh, I'm.",Speaker 6
0:46:34.96,0:46:39.04,2794.96,2799.04,Heather Whitney,"CHAIR, Claremont School Board (chair since 4/5/2023, re-elected chair 3/20/2024). She opens the meeting in her own voice at 0 ('I would like to call to order the August 21st, 2024 meeting of the Claremont School Board'), notes the clerk is absent and takes the roll herself at 4-6 ('In the absence of our secretary [or] Clark'), and reads her own name LAST in both roll calls (6; 215 'And Heather Whitney', both words confidence 1.00). Whitney Skillen names her in the third person at 532 ('I think what Heather is asking is...', 'Heather' 1.00) and Bonnie Miles addresses her as 'Heather.' at 555 (1.00) - which fixes this presiding voice as Heather Whitney and NOT Whitney Skillen, the other sitting member whose first name is Whitney and who is a separate cluster (Speaker 7) in this same recording. She gives every recognition ('Miss Gillen' 84, 196, 580; 'Arlene' 72, 141, 188, 431; 'Candy' 173; 'Miss Crawford' 195, 665, 684; 'Mister patron' 309, 401, 582, 691; 'And Frank' 235; 'Frank Sprague as the chair' 668; 'Miss Hawkins' 609), runs the consent agenda, the nonpublic votes and the adjournment (701). This cluster repeatedly absorbs the onset of the member she is recognising (84 'Miss Gillen.' + Skillen's first words; 72 + Hawkins's first words; 6, 208, 211 + other members' roll answers) and swallows a handful of neighbouring voices; the ones that can be tied to another speaker are reassigned by override","Sorry, Mr. Peter and then miss Miles.",Speaker 1
0:46:39.12,0:47:06.48,2799.12,2826.48,Candace Crawford,"Claremont School Board member (appointed 7/19/2023, re-elected March 2024); reports for the Capital Improvement Committee and the SRVRTC visioning committee. CHAIR'S RECOGNITIONS straight into this voice: 'Yes. Candy.' (173, 1.00) -> 174 'Do I make [a motion]'; 'Any Crawford seconds' (200, 0.86) right after 199; 'the motion, as stated by Miss Crawford' (195, 1.00) closing the Girls on the Run vote she moved at 183; 'And Candace and then, Mr. Patron' (373) -> 374; 'we're going to start with the Capital Improvement Subcommittee. And that would be Miss Crawford' (665, 1.00) -> 666; 'And Miss Crawford, you're up again' (684, 1.00) -> 685. She addresses Bonnie Miles by name at 408 ('I think Bonnie', 0.98), which is what separates Miles from Arlene Hawkins inside Speaker 6","So a couple of things in the 2015 report, it did say a director for the two programs.  However, in the 2024 report, it said that there should be a full time director at both the campuses. And so I just want that on the record. The it is the person that you hired today, the person we interviewed.",Speaker 4
0:47:07.92,0:47:12.72,2827.92,2832.72,Unidentified,"A seated Claremont School Board member - EITHER ARLENE HAWKINS OR BONNIE MILES. The diarizer merged the two women into one cluster (Speaker 6) and nothing in this stretch separates them: no chair recognition, no direct address, and both had already argued the same point earlier in the meeting - here the caution 'We need to go into nonpublic', spoken while Candace Crawford was starting to discuss the individual already hired (304), after which Crawford breaks off (307-308)",We need to go into nonpublic.,Speaker 6
0:47:12.80,0:47:21.32,2832.80,2841.32,Candace Crawford,"Claremont School Board member (appointed 7/19/2023, re-elected March 2024); reports for the Capital Improvement Committee and the SRVRTC visioning committee. CHAIR'S RECOGNITIONS straight into this voice: 'Yes. Candy.' (173, 1.00) -> 174 'Do I make [a motion]'; 'Any Crawford seconds' (200, 0.86) right after 199; 'the motion, as stated by Miss Crawford' (195, 1.00) closing the Girls on the Run vote she moved at 183; 'And Candace and then, Mr. Patron' (373) -> 374; 'we're going to start with the Capital Improvement Subcommittee. And that would be Miss Crawford' (665, 1.00) -> 666; 'And Miss Crawford, you're up again' (684, 1.00) -> 685. She addresses Bonnie Miles by name at 408 ('I think Bonnie', 0.98), which is what separates Miles from Arlene Hawkins inside Speaker 6","So  I think,",Speaker 4
0:47:21.40,0:47:26.20,2841.40,2846.20,Candace Crawford,"Claremont School Board member (appointed 7/19/2023, re-elected March 2024); reports for the Capital Improvement Committee and the SRVRTC visioning committee. CHAIR'S RECOGNITIONS straight into this voice: 'Yes. Candy.' (173, 1.00) -> 174 'Do I make [a motion]'; 'Any Crawford seconds' (200, 0.86) right after 199; 'the motion, as stated by Miss Crawford' (195, 1.00) closing the Girls on the Run vote she moved at 183; 'And Candace and then, Mr. Patron' (373) -> 374; 'we're going to start with the Capital Improvement Subcommittee. And that would be Miss Crawford' (665, 1.00) -> 666; 'And Miss Crawford, you're up again' (684, 1.00) -> 685. She addresses Bonnie Miles by name at 408 ('I think Bonnie', 0.98), which is what separates Miles from Arlene Hawkins inside Speaker 6",I  don't want to say nothing has.,Speaker 4
0:47:26.28,0:47:27.08,2846.28,2847.08,Heather Whitney,"CHAIR, Claremont School Board (chair since 4/5/2023, re-elected chair 3/20/2024). She opens the meeting in her own voice at 0 ('I would like to call to order the August 21st, 2024 meeting of the Claremont School Board'), notes the clerk is absent and takes the roll herself at 4-6 ('In the absence of our secretary [or] Clark'), and reads her own name LAST in both roll calls (6; 215 'And Heather Whitney', both words confidence 1.00). Whitney Skillen names her in the third person at 532 ('I think what Heather is asking is...', 'Heather' 1.00) and Bonnie Miles addresses her as 'Heather.' at 555 (1.00) - which fixes this presiding voice as Heather Whitney and NOT Whitney Skillen, the other sitting member whose first name is Whitney and who is a separate cluster (Speaker 7) in this same recording. She gives every recognition ('Miss Gillen' 84, 196, 580; 'Arlene' 72, 141, 188, 431; 'Candy' 173; 'Miss Crawford' 195, 665, 684; 'Mister patron' 309, 401, 582, 691; 'And Frank' 235; 'Frank Sprague as the chair' 668; 'Miss Hawkins' 609), runs the consent agenda, the nonpublic votes and the adjournment (701). This cluster repeatedly absorbs the onset of the member she is recognising (84 'Miss Gillen.' + Skillen's first words; 72 + Hawkins's first words; 6, 208, 211 + other members' roll answers) and swallows a handful of neighbouring voices; the ones that can be tied to another speaker are reassigned by override",Mister patron.,Speaker 1
0:47:27.32,0:47:36.35,2847.32,2856.35,Michael Petrin,"Claremont School Board member (returned to the board as a write-in in the March 2024 election). CHAIR'S RECOGNITIONS, each straight into this voice: 'Mike, do you have a question?' (188) -> 189; 'Mister patron.' (309, 0.94) -> 310; 'Mister patron.' (401, 1.00) -> 402; 'Mike.' (551, 1.00) -> 552 ('No.'); 'Mr. patron?' (582, 1.00) -> 583 ('No.'); 'Mr. patron.' (691, 0.76) -> 692. He answers the opening roll in this voice at 5 ('Patron here', 'Patron' 1.00) and the nonpublic roll at 209, and the chair credits the second on the tech-centre motion to him at 292 ('Second for Mike patron'). At 130-132 he speaks off 'Frank and Whitney, what they were saying' and tells Sprague 'Frank retired. You can go take a walk. I can't' - so he is neither of them - and Frank Sprague places him at 483: 'Mike has a background in physical therapy.' ASR renders him 'Patron', 'patron', 'Peterson' (406, 1.00). THIS CLUSTER IS A MERGE: it also carries Assistant Superintendent Mike Koski's long turns, several of Frank Sprague's, and dozens of sub-second interjections from other people; every stretch that could be tied to another speaker is reassigned by override, and short unanchored backchannels left under this label may belong to someone else","Is there. So for the Newport director is  I'm sure there's he's an agreement. And is there any financial compensation from us, from us.",Speaker 2
0:47:36.36,0:47:46.60,2856.36,2866.60,Chris Pratt,"SUPERINTENDENT OF SCHOOLS, SAU 6 / Claremont School District. The chair puts the staff-nomination motion as 'approving the list of nominations as presented by doctor, Doctor Pratt. Mr. Pratt' (280, both 1.00) immediately after this voice's exchange, and names him three more times as the person who will bring the revised job description (558, 561, 563, 688 - all 1.00). He delivers the superintendent's report (8-41), calls it 'the superintendents report that I sent you' (8), hands off to 'Mr. O'Hearn' (219) and to 'Michael' for the AI/PD questions (31), and apologises to the board in the first person for hiring before the board approved the position (588-589). Bonnie Miles says at 568 'Mr. Pratt was an interim superintendent before you became the superintendent' and Michael Petrin at 538 'We have superintendent Chris was the acting superintendent because someone left mid-term' - both addressed to this voice, and the word 'interim' is never applied to him in the present tense anywhere in the file. Bonnie Miles and Arlene Hawkins both address him as 'Chris' (500, 502, 616; 1.00). ASR also renders him 'Mr. Pride' (610, 1.00)",That conversation. But we we have the money that we saved based on Alex's salary that in we'll be able to make it work.,Speaker 3
0:47:46.68,0:47:48.40,2866.68,2868.40,Heather Whitney,"CHAIR, Claremont School Board (chair since 4/5/2023, re-elected chair 3/20/2024). She opens the meeting in her own voice at 0 ('I would like to call to order the August 21st, 2024 meeting of the Claremont School Board'), notes the clerk is absent and takes the roll herself at 4-6 ('In the absence of our secretary [or] Clark'), and reads her own name LAST in both roll calls (6; 215 'And Heather Whitney', both words confidence 1.00). Whitney Skillen names her in the third person at 532 ('I think what Heather is asking is...', 'Heather' 1.00) and Bonnie Miles addresses her as 'Heather.' at 555 (1.00) - which fixes this presiding voice as Heather Whitney and NOT Whitney Skillen, the other sitting member whose first name is Whitney and who is a separate cluster (Speaker 7) in this same recording. She gives every recognition ('Miss Gillen' 84, 196, 580; 'Arlene' 72, 141, 188, 431; 'Candy' 173; 'Miss Crawford' 195, 665, 684; 'Mister patron' 309, 401, 582, 691; 'And Frank' 235; 'Frank Sprague as the chair' 668; 'Miss Hawkins' 609), runs the consent agenda, the nonpublic votes and the adjournment (701). This cluster repeatedly absorbs the onset of the member she is recognising (84 'Miss Gillen.' + Skillen's first words; 72 + Hawkins's first words; 6, 208, 211 + other members' roll answers) and swallows a handful of neighbouring voices; the ones that can be tied to another speaker are reassigned by override","Who's next, miss Miles?",Speaker 1
0:47:48.48,0:48:03.56,2868.48,2883.56,Bonnie Miles,"Claremont School Board member. CHAIR'S RECOGNITIONS straight into this voice: 'Sorry, Mr. Peter and then miss Miles' (303, 'Miles' 0.96) and 'Who's next, miss Miles?' (312, 'Miles' 1.00) -> 313, which opens her long run of questions on the assistant tech-centre director; Candace Crawford answers her by name at 408 ('I think Bonnie', 0.98) while this voice is speaking at 406-413. She is the member who asks whether the board may approve a position that has already been filled (322-332), who proposes the word 'acting' (335, 469) and who moves the amendment adopted that night (533). CAUTION - THIS CLUSTER MERGES TWO WOMEN: Speaker 6 carries both Bonnie Miles and Arlene Hawkins. Rows keep Miles by default; every stretch that a chair recognition or a colleague's direct address ties to Hawkins is reassigned by override. Short interjections that fall between the anchored runs cannot be separated acoustically and could belong to either member","So the question I have is so really these are like a couple of part time positions, but they blend into one full time. If he is in Newport part of the time and he's here part of the time, so he's not here full time.",Speaker 6
0:48:03.60,0:48:04.88,2883.60,2884.88,Michael Petrin,"Claremont School Board member (returned to the board as a write-in in the March 2024 election). CHAIR'S RECOGNITIONS, each straight into this voice: 'Mike, do you have a question?' (188) -> 189; 'Mister patron.' (309, 0.94) -> 310; 'Mister patron.' (401, 1.00) -> 402; 'Mike.' (551, 1.00) -> 552 ('No.'); 'Mr. patron?' (582, 1.00) -> 583 ('No.'); 'Mr. patron.' (691, 0.76) -> 692. He answers the opening roll in this voice at 5 ('Patron here', 'Patron' 1.00) and the nonpublic roll at 209, and the chair credits the second on the tech-centre motion to him at 292 ('Second for Mike patron'). At 130-132 he speaks off 'Frank and Whitney, what they were saying' and tells Sprague 'Frank retired. You can go take a walk. I can't' - so he is neither of them - and Frank Sprague places him at 483: 'Mike has a background in physical therapy.' ASR renders him 'Patron', 'patron', 'Peterson' (406, 1.00). THIS CLUSTER IS A MERGE: it also carries Assistant Superintendent Mike Koski's long turns, several of Frank Sprague's, and dozens of sub-second interjections from other people; every stretch that could be tied to another speaker is reassigned by override, and short unanchored backchannels left under this label may belong to someone else","Oh, the full time director.",Speaker 2
0:48:05.08,0:48:19.72,2885.08,2899.72,Chris Pratt,"SUPERINTENDENT OF SCHOOLS, SAU 6 / Claremont School District. The chair puts the staff-nomination motion as 'approving the list of nominations as presented by doctor, Doctor Pratt. Mr. Pratt' (280, both 1.00) immediately after this voice's exchange, and names him three more times as the person who will bring the revised job description (558, 561, 563, 688 - all 1.00). He delivers the superintendent's report (8-41), calls it 'the superintendents report that I sent you' (8), hands off to 'Mr. O'Hearn' (219) and to 'Michael' for the AI/PD questions (31), and apologises to the board in the first person for hiring before the board approved the position (588-589). Bonnie Miles says at 568 'Mr. Pratt was an interim superintendent before you became the superintendent' and Michael Petrin at 538 'We have superintendent Chris was the acting superintendent because someone left mid-term' - both addressed to this voice, and the word 'interim' is never applied to him in the present tense anywhere in the file. Bonnie Miles and Arlene Hawkins both address him as 'Chris' (500, 502, 616; 1.00). ASR also renders him 'Mr. Pride' (610, 1.00)","They're both they're both full time. And you know, our person will predominantly be here to go over there to learn programs and the setting there so we can come up with a future plan to continue to build both programs and create the pathways needed for all of our students.",Speaker 3
0:48:19.80,0:48:23.15,2899.80,2903.15,Heather Whitney,"CHAIR, Claremont School Board (chair since 4/5/2023, re-elected chair 3/20/2024). She opens the meeting in her own voice at 0 ('I would like to call to order the August 21st, 2024 meeting of the Claremont School Board'), notes the clerk is absent and takes the roll herself at 4-6 ('In the absence of our secretary [or] Clark'), and reads her own name LAST in both roll calls (6; 215 'And Heather Whitney', both words confidence 1.00). Whitney Skillen names her in the third person at 532 ('I think what Heather is asking is...', 'Heather' 1.00) and Bonnie Miles addresses her as 'Heather.' at 555 (1.00) - which fixes this presiding voice as Heather Whitney and NOT Whitney Skillen, the other sitting member whose first name is Whitney and who is a separate cluster (Speaker 7) in this same recording. She gives every recognition ('Miss Gillen' 84, 196, 580; 'Arlene' 72, 141, 188, 431; 'Candy' 173; 'Miss Crawford' 195, 665, 684; 'Mister patron' 309, 401, 582, 691; 'And Frank' 235; 'Frank Sprague as the chair' 668; 'Miss Hawkins' 609), runs the consent agenda, the nonpublic votes and the adjournment (701). This cluster repeatedly absorbs the onset of the member she is recognising (84 'Miss Gillen.' + Skillen's first words; 72 + Hawkins's first words; 6, 208, 211 + other members' roll answers) and swallows a handful of neighbouring voices; the ones that can be tied to another speaker are reassigned by override",So they have an assistant. Excuse me. I'm sorry. Go ahead.,Speaker 1
0:48:23.23,0:48:36.36,2903.23,2916.36,Bonnie Miles,"Claremont School Board member. CHAIR'S RECOGNITIONS straight into this voice: 'Sorry, Mr. Peter and then miss Miles' (303, 'Miles' 0.96) and 'Who's next, miss Miles?' (312, 'Miles' 1.00) -> 313, which opens her long run of questions on the assistant tech-centre director; Candace Crawford answers her by name at 408 ('I think Bonnie', 0.98) while this voice is speaking at 406-413. She is the member who asks whether the board may approve a position that has already been filled (322-332), who proposes the word 'acting' (335, 469) and who moves the amendment adopted that night (533). CAUTION - THIS CLUSTER MERGES TWO WOMEN: Speaker 6 carries both Bonnie Miles and Arlene Hawkins. Rows keep Miles by default; every stretch that a chair recognition or a colleague's direct address ties to Hawkins is reassigned by override. Short interjections that fall between the anchored runs cannot be separated acoustically and could belong to either member","Okay. So my question is, has this been run by sRGB? To be sure that was still in compliance.",Speaker 6
0:48:36.44,0:48:42.48,2916.44,2922.48,Bonnie Miles,"Claremont School Board member. CHAIR'S RECOGNITIONS straight into this voice: 'Sorry, Mr. Peter and then miss Miles' (303, 'Miles' 0.96) and 'Who's next, miss Miles?' (312, 'Miles' 1.00) -> 313, which opens her long run of questions on the assistant tech-centre director; Candace Crawford answers her by name at 408 ('I think Bonnie', 0.98) while this voice is speaking at 406-413. She is the member who asks whether the board may approve a position that has already been filled (322-332), who proposes the word 'acting' (335, 469) and who moves the amendment adopted that night (533). CAUTION - THIS CLUSTER MERGES TWO WOMEN: Speaker 6 carries both Bonnie Miles and Arlene Hawkins. Rows keep Miles by default; every stretch that a chair recognition or a colleague's direct address ties to Hawkins is reassigned by override. Short interjections that fall between the anchored runs cannot be separated acoustically and could belong to either member",Compliance with business or  sorry. Department of.,Speaker 6
0:48:42.72,0:48:43.40,2922.72,2923.40,Candace Crawford,"Claremont School Board member (appointed 7/19/2023, re-elected March 2024); reports for the Capital Improvement Committee and the SRVRTC visioning committee. CHAIR'S RECOGNITIONS straight into this voice: 'Yes. Candy.' (173, 1.00) -> 174 'Do I make [a motion]'; 'Any Crawford seconds' (200, 0.86) right after 199; 'the motion, as stated by Miss Crawford' (195, 1.00) closing the Girls on the Run vote she moved at 183; 'And Candace and then, Mr. Patron' (373) -> 374; 'we're going to start with the Capital Improvement Subcommittee. And that would be Miss Crawford' (665, 1.00) -> 666; 'And Miss Crawford, you're up again' (684, 1.00) -> 685. She addresses Bonnie Miles by name at 408 ('I think Bonnie', 0.98), which is what separates Miles from Arlene Hawkins inside Speaker 6",State.,Speaker 4
0:48:43.48,0:48:46.81,2923.48,2926.81,Bonnie Miles,"Claremont School Board member. CHAIR'S RECOGNITIONS straight into this voice: 'Sorry, Mr. Peter and then miss Miles' (303, 'Miles' 0.96) and 'Who's next, miss Miles?' (312, 'Miles' 1.00) -> 313, which opens her long run of questions on the assistant tech-centre director; Candace Crawford answers her by name at 408 ('I think Bonnie', 0.98) while this voice is speaking at 406-413. She is the member who asks whether the board may approve a position that has already been filled (322-332), who proposes the word 'acting' (335, 469) and who moves the amendment adopted that night (533). CAUTION - THIS CLUSTER MERGES TWO WOMEN: Speaker 6 carries both Bonnie Miles and Arlene Hawkins. Rows keep Miles by default; every stretch that a chair recognition or a colleague's direct address ties to Hawkins is reassigned by override. Short interjections that fall between the anchored runs cannot be separated acoustically and could belong to either member",The state line. Yes. The state. That's right.,Speaker 6
0:48:46.89,0:48:52.42,2926.89,2932.42,Chris Pratt,"SUPERINTENDENT OF SCHOOLS, SAU 6 / Claremont School District. The chair puts the staff-nomination motion as 'approving the list of nominations as presented by doctor, Doctor Pratt. Mr. Pratt' (280, both 1.00) immediately after this voice's exchange, and names him three more times as the person who will bring the revised job description (558, 561, 563, 688 - all 1.00). He delivers the superintendent's report (8-41), calls it 'the superintendents report that I sent you' (8), hands off to 'Mr. O'Hearn' (219) and to 'Michael' for the AI/PD questions (31), and apologises to the board in the first person for hiring before the board approved the position (588-589). Bonnie Miles says at 568 'Mr. Pratt was an interim superintendent before you became the superintendent' and Michael Petrin at 538 'We have superintendent Chris was the acting superintendent because someone left mid-term' - both addressed to this voice, and the word 'interim' is never applied to him in the present tense anywhere in the file. Bonnie Miles and Arlene Hawkins both address him as 'Chris' (500, 502, 616; 1.00). ASR also renders him 'Mr. Pride' (610, 1.00)",The the happened on.,Speaker 3
0:48:52.50,0:49:18.10,2932.50,2958.10,Bonnie Miles,"Claremont School Board member. CHAIR'S RECOGNITIONS straight into this voice: 'Sorry, Mr. Peter and then miss Miles' (303, 'Miles' 0.96) and 'Who's next, miss Miles?' (312, 'Miles' 1.00) -> 313, which opens her long run of questions on the assistant tech-centre director; Candace Crawford answers her by name at 408 ('I think Bonnie', 0.98) while this voice is speaking at 406-413. She is the member who asks whether the board may approve a position that has already been filled (322-332), who proposes the word 'acting' (335, 469) and who moves the amendment adopted that night (533). CAUTION - THIS CLUSTER MERGES TWO WOMEN: Speaker 6 carries both Bonnie Miles and Arlene Hawkins. Rows keep Miles by default; every stretch that a chair recognition or a colleague's direct address ties to Hawkins is reassigned by override. Short interjections that fall between the anchored runs cannot be separated acoustically and could belong to either member","So that still counts. Yes. So we're not going to lose any accreditation. That's so my question has to do with the creation of this position. This is a new position. Is that correct. So before we've been asked to approve a new position, which I understand we're supposed to do. We've also got the job description, which is great. And I agree with what Frank said about meeting a CTE.",Speaker 6
0:49:18.18,0:49:26.30,2958.18,2966.30,Bonnie Miles,"Claremont School Board member. CHAIR'S RECOGNITIONS straight into this voice: 'Sorry, Mr. Peter and then miss Miles' (303, 'Miles' 0.96) and 'Who's next, miss Miles?' (312, 'Miles' 1.00) -> 313, which opens her long run of questions on the assistant tech-centre director; Candace Crawford answers her by name at 408 ('I think Bonnie', 0.98) while this voice is speaking at 406-413. She is the member who asks whether the board may approve a position that has already been filled (322-332), who proposes the word 'acting' (335, 469) and who moves the amendment adopted that night (533). CAUTION - THIS CLUSTER MERGES TWO WOMEN: Speaker 6 carries both Bonnie Miles and Arlene Hawkins. Rows keep Miles by default; every stretch that a chair recognition or a colleague's direct address ties to Hawkins is reassigned by override. Short interjections that fall between the anchored runs cannot be separated acoustically and could belong to either member",More of a CTE focus. But we've already hired someone for a position that we have not approved. Is that correct?,Speaker 6
0:49:26.38,0:49:38.04,2966.38,2978.04,Chris Pratt,"SUPERINTENDENT OF SCHOOLS, SAU 6 / Claremont School District. The chair puts the staff-nomination motion as 'approving the list of nominations as presented by doctor, Doctor Pratt. Mr. Pratt' (280, both 1.00) immediately after this voice's exchange, and names him three more times as the person who will bring the revised job description (558, 561, 563, 688 - all 1.00). He delivers the superintendent's report (8-41), calls it 'the superintendents report that I sent you' (8), hands off to 'Mr. O'Hearn' (219) and to 'Michael' for the AI/PD questions (31), and apologises to the board in the first person for hiring before the board approved the position (588-589). Bonnie Miles says at 568 'Mr. Pratt was an interim superintendent before you became the superintendent' and Michael Petrin at 538 'We have superintendent Chris was the acting superintendent because someone left mid-term' - both addressed to this voice, and the word 'interim' is never applied to him in the present tense anywhere in the file. Bonnie Miles and Arlene Hawkins both address him as 'Chris' (500, 502, 616; 1.00). ASR also renders him 'Mr. Pride' (610, 1.00)","Yeah, it was going to go in the last agenda, but that we there was a meeting that was going to go to it. There was we didn't have a quorum.",Speaker 3
0:49:38.12,0:49:40.68,2978.12,2980.68,Bonnie Miles,"Claremont School Board member. CHAIR'S RECOGNITIONS straight into this voice: 'Sorry, Mr. Peter and then miss Miles' (303, 'Miles' 0.96) and 'Who's next, miss Miles?' (312, 'Miles' 1.00) -> 313, which opens her long run of questions on the assistant tech-centre director; Candace Crawford answers her by name at 408 ('I think Bonnie', 0.98) while this voice is speaking at 406-413. She is the member who asks whether the board may approve a position that has already been filled (322-332), who proposes the word 'acting' (335, 469) and who moves the amendment adopted that night (533). CAUTION - THIS CLUSTER MERGES TWO WOMEN: Speaker 6 carries both Bonnie Miles and Arlene Hawkins. Rows keep Miles by default; every stretch that a chair recognition or a colleague's direct address ties to Hawkins is reassigned by override. Short interjections that fall between the anchored runs cannot be separated acoustically and could belong to either member",We didn't have a quorum for a Claremont meeting.,Speaker 6
0:49:40.76,0:49:42.72,2980.76,2982.72,Chris Pratt,"SUPERINTENDENT OF SCHOOLS, SAU 6 / Claremont School District. The chair puts the staff-nomination motion as 'approving the list of nominations as presented by doctor, Doctor Pratt. Mr. Pratt' (280, both 1.00) immediately after this voice's exchange, and names him three more times as the person who will bring the revised job description (558, 561, 563, 688 - all 1.00). He delivers the superintendent's report (8-41), calls it 'the superintendents report that I sent you' (8), hands off to 'Mr. O'Hearn' (219) and to 'Michael' for the AI/PD questions (31), and apologises to the board in the first person for hiring before the board approved the position (588-589). Bonnie Miles says at 568 'Mr. Pratt was an interim superintendent before you became the superintendent' and Michael Petrin at 538 'We have superintendent Chris was the acting superintendent because someone left mid-term' - both addressed to this voice, and the word 'interim' is never applied to him in the present tense anywhere in the file. Bonnie Miles and Arlene Hawkins both address him as 'Chris' (500, 502, 616; 1.00). ASR also renders him 'Mr. Pride' (610, 1.00)",Did not have a phone.,Speaker 3
0:49:42.80,0:49:44.08,2982.80,2984.08,Candace Crawford,"Claremont School Board member (appointed 7/19/2023, re-elected March 2024); reports for the Capital Improvement Committee and the SRVRTC visioning committee. CHAIR'S RECOGNITIONS straight into this voice: 'Yes. Candy.' (173, 1.00) -> 174 'Do I make [a motion]'; 'Any Crawford seconds' (200, 0.86) right after 199; 'the motion, as stated by Miss Crawford' (195, 1.00) closing the Girls on the Run vote she moved at 183; 'And Candace and then, Mr. Patron' (373) -> 374; 'we're going to start with the Capital Improvement Subcommittee. And that would be Miss Crawford' (665, 1.00) -> 666; 'And Miss Crawford, you're up again' (684, 1.00) -> 685. She addresses Bonnie Miles by name at 408 ('I think Bonnie', 0.98), which is what separates Miles from Arlene Hawkins inside Speaker 6",What was that?,Speaker 4
0:49:44.16,0:49:46.84,2984.16,2986.84,Bonnie Miles,"Claremont School Board member. CHAIR'S RECOGNITIONS straight into this voice: 'Sorry, Mr. Peter and then miss Miles' (303, 'Miles' 0.96) and 'Who's next, miss Miles?' (312, 'Miles' 1.00) -> 313, which opens her long run of questions on the assistant tech-centre director; Candace Crawford answers her by name at 408 ('I think Bonnie', 0.98) while this voice is speaking at 406-413. She is the member who asks whether the board may approve a position that has already been filled (322-332), who proposes the word 'acting' (335, 469) and who moves the amendment adopted that night (533). CAUTION - THIS CLUSTER MERGES TWO WOMEN: Speaker 6 carries both Bonnie Miles and Arlene Hawkins. Rows keep Miles by default; every stretch that a chair recognition or a colleague's direct address ties to Hawkins is reassigned by override. Short interjections that fall between the anchored runs cannot be separated acoustically and could belong to either member",I must have been out because I was out for one.,Speaker 6
0:49:46.92,0:49:51.28,2986.92,2991.28,Michael Petrin,"Claremont School Board member (returned to the board as a write-in in the March 2024 election). CHAIR'S RECOGNITIONS, each straight into this voice: 'Mike, do you have a question?' (188) -> 189; 'Mister patron.' (309, 0.94) -> 310; 'Mister patron.' (401, 1.00) -> 402; 'Mike.' (551, 1.00) -> 552 ('No.'); 'Mr. patron?' (582, 1.00) -> 583 ('No.'); 'Mr. patron.' (691, 0.76) -> 692. He answers the opening roll in this voice at 5 ('Patron here', 'Patron' 1.00) and the nonpublic roll at 209, and the chair credits the second on the tech-centre motion to him at 292 ('Second for Mike patron'). At 130-132 he speaks off 'Frank and Whitney, what they were saying' and tells Sprague 'Frank retired. You can go take a walk. I can't' - so he is neither of them - and Frank Sprague places him at 483: 'Mike has a background in physical therapy.' ASR renders him 'Patron', 'patron', 'Peterson' (406, 1.00). THIS CLUSTER IS A MERGE: it also carries Assistant Superintendent Mike Koski's long turns, several of Frank Sprague's, and dozens of sub-second interjections from other people; every stretch that could be tied to another speaker is reassigned by override, and short unanchored backchannels left under this label may belong to someone else","So last night we didn't have. Nice meeting in junction, I think.",Speaker 2
0:49:51.36,0:50:00.84,2991.36,3000.84,Bonnie Miles,"Claremont School Board member. CHAIR'S RECOGNITIONS straight into this voice: 'Sorry, Mr. Peter and then miss Miles' (303, 'Miles' 0.96) and 'Who's next, miss Miles?' (312, 'Miles' 1.00) -> 313, which opens her long run of questions on the assistant tech-centre director; Candace Crawford answers her by name at 408 ('I think Bonnie', 0.98) while this voice is speaking at 406-413. She is the member who asks whether the board may approve a position that has already been filled (322-332), who proposes the word 'acting' (335, 469) and who moves the amendment adopted that night (533). CAUTION - THIS CLUSTER MERGES TWO WOMEN: Speaker 6 carries both Bonnie Miles and Arlene Hawkins. Rows keep Miles by default; every stretch that a chair recognition or a colleague's direct address ties to Hawkins is reassigned by override. Short interjections that fall between the anchored runs cannot be separated acoustically and could belong to either member","So I just questioned that we're being asked to look at a change in the director position, because it will end up being split between two sides.",Speaker 6
0:50:00.92,0:50:12.30,3000.92,3012.30,Chris Pratt,"SUPERINTENDENT OF SCHOOLS, SAU 6 / Claremont School District. The chair puts the staff-nomination motion as 'approving the list of nominations as presented by doctor, Doctor Pratt. Mr. Pratt' (280, both 1.00) immediately after this voice's exchange, and names him three more times as the person who will bring the revised job description (558, 561, 563, 688 - all 1.00). He delivers the superintendent's report (8-41), calls it 'the superintendents report that I sent you' (8), hands off to 'Mr. O'Hearn' (219) and to 'Michael' for the AI/PD questions (31), and apologises to the board in the first person for hiring before the board approved the position (588-589). Bonnie Miles says at 568 'Mr. Pratt was an interim superintendent before you became the superintendent' and Michael Petrin at 538 'We have superintendent Chris was the acting superintendent because someone left mid-term' - both addressed to this voice, and the word 'interim' is never applied to him in the present tense anywhere in the file. Bonnie Miles and Arlene Hawkins both address him as 'Chris' (500, 502, 616; 1.00). ASR also renders him 'Mr. Pride' (610, 1.00)","And that's the thing is that, you know, you don't you can say, you know, we don't want to go in, assistant director, we're going to go with the director, but we wouldn't be working with Newport. You guys can. You guys can do that.",Speaker 3
0:50:12.32,0:50:26.76,3012.32,3026.76,Bonnie Miles,"Claremont School Board member. CHAIR'S RECOGNITIONS straight into this voice: 'Sorry, Mr. Peter and then miss Miles' (303, 'Miles' 0.96) and 'Who's next, miss Miles?' (312, 'Miles' 1.00) -> 313, which opens her long run of questions on the assistant tech-centre director; Candace Crawford answers her by name at 408 ('I think Bonnie', 0.98) while this voice is speaking at 406-413. She is the member who asks whether the board may approve a position that has already been filled (322-332), who proposes the word 'acting' (335, 469) and who moves the amendment adopted that night (533). CAUTION - THIS CLUSTER MERGES TWO WOMEN: Speaker 6 carries both Bonnie Miles and Arlene Hawkins. Rows keep Miles by default; every stretch that a chair recognition or a colleague's direct address ties to Hawkins is reassigned by override. Short interjections that fall between the anchored runs cannot be separated acoustically and could belong to either member","I'm not I'm not suggesting that. I'm just wondering about a new position that's already been filled, and the person has agreed to take it when it hasn't come before the board as an approval, which is what I understand needs to happen for a new position.",Speaker 6
0:50:26.84,0:50:46.76,3026.84,3046.76,Chris Pratt,"SUPERINTENDENT OF SCHOOLS, SAU 6 / Claremont School District. The chair puts the staff-nomination motion as 'approving the list of nominations as presented by doctor, Doctor Pratt. Mr. Pratt' (280, both 1.00) immediately after this voice's exchange, and names him three more times as the person who will bring the revised job description (558, 561, 563, 688 - all 1.00). He delivers the superintendent's report (8-41), calls it 'the superintendents report that I sent you' (8), hands off to 'Mr. O'Hearn' (219) and to 'Michael' for the AI/PD questions (31), and apologises to the board in the first person for hiring before the board approved the position (588-589). Bonnie Miles says at 568 'Mr. Pratt was an interim superintendent before you became the superintendent' and Michael Petrin at 538 'We have superintendent Chris was the acting superintendent because someone left mid-term' - both addressed to this voice, and the word 'interim' is never applied to him in the present tense anywhere in the file. Bonnie Miles and Arlene Hawkins both address him as 'Chris' (500, 502, 616; 1.00). ASR also renders him 'Mr. Pride' (610, 1.00)","It does, but it was this is a time sensitive thing, and I had to make the decision because we have a school year starting, we have  we had no other applicants that were even close. And we needed to get this, this building up and going. And I think, you know, the person who's doing this, does she have the tech experience?",Speaker 3
0:50:46.76,0:50:55.16,3046.76,3055.16,Chris Pratt,"SUPERINTENDENT OF SCHOOLS, SAU 6 / Claremont School District. The chair puts the staff-nomination motion as 'approving the list of nominations as presented by doctor, Doctor Pratt. Mr. Pratt' (280, both 1.00) immediately after this voice's exchange, and names him three more times as the person who will bring the revised job description (558, 561, 563, 688 - all 1.00). He delivers the superintendent's report (8-41), calls it 'the superintendents report that I sent you' (8), hands off to 'Mr. O'Hearn' (219) and to 'Michael' for the AI/PD questions (31), and apologises to the board in the first person for hiring before the board approved the position (588-589). Bonnie Miles says at 568 'Mr. Pratt was an interim superintendent before you became the superintendent' and Michael Petrin at 538 'We have superintendent Chris was the acting superintendent because someone left mid-term' - both addressed to this voice, and the word 'interim' is never applied to him in the present tense anywhere in the file. Bonnie Miles and Arlene Hawkins both address him as 'Chris' (500, 502, 616; 1.00). ASR also renders him 'Mr. Pride' (610, 1.00)","She does not. But she has the skill set to move this, this building forward in the direction that we need to see it.",Speaker 3
0:50:55.24,0:51:11.08,3055.24,3071.08,Bonnie Miles,"Claremont School Board member. CHAIR'S RECOGNITIONS straight into this voice: 'Sorry, Mr. Peter and then miss Miles' (303, 'Miles' 0.96) and 'Who's next, miss Miles?' (312, 'Miles' 1.00) -> 313, which opens her long run of questions on the assistant tech-centre director; Candace Crawford answers her by name at 408 ('I think Bonnie', 0.98) while this voice is speaking at 406-413. She is the member who asks whether the board may approve a position that has already been filled (322-332), who proposes the word 'acting' (335, 469) and who moves the amendment adopted that night (533). CAUTION - THIS CLUSTER MERGES TWO WOMEN: Speaker 6 carries both Bonnie Miles and Arlene Hawkins. Rows keep Miles by default; every stretch that a chair recognition or a colleague's direct address ties to Hawkins is reassigned by override. Short interjections that fall between the anchored runs cannot be separated acoustically and could belong to either member","So would there be an opportunity to have this person and I don't know anything to be an acting,  assistant director until we finalize all the pieces. And you said that it would be tried this year, and then we would  know if it's working.",Speaker 6
0:51:11.16,0:51:13.36,3071.16,3073.36,Chris Pratt,"SUPERINTENDENT OF SCHOOLS, SAU 6 / Claremont School District. The chair puts the staff-nomination motion as 'approving the list of nominations as presented by doctor, Doctor Pratt. Mr. Pratt' (280, both 1.00) immediately after this voice's exchange, and names him three more times as the person who will bring the revised job description (558, 561, 563, 688 - all 1.00). He delivers the superintendent's report (8-41), calls it 'the superintendents report that I sent you' (8), hands off to 'Mr. O'Hearn' (219) and to 'Michael' for the AI/PD questions (31), and apologises to the board in the first person for hiring before the board approved the position (588-589). Bonnie Miles says at 568 'Mr. Pratt was an interim superintendent before you became the superintendent' and Michael Petrin at 538 'We have superintendent Chris was the acting superintendent because someone left mid-term' - both addressed to this voice, and the word 'interim' is never applied to him in the present tense anywhere in the file. Bonnie Miles and Arlene Hawkins both address him as 'Chris' (500, 502, 616; 1.00). ASR also renders him 'Mr. Pride' (610, 1.00)","I mean, most of the positions that year to get positions.",Speaker 3
0:51:13.36,0:51:15.24,3073.36,3075.24,Heather Whitney,"CHAIR, Claremont School Board (chair since 4/5/2023, re-elected chair 3/20/2024). She opens the meeting in her own voice at 0 ('I would like to call to order the August 21st, 2024 meeting of the Claremont School Board'), notes the clerk is absent and takes the roll herself at 4-6 ('In the absence of our secretary [or] Clark'), and reads her own name LAST in both roll calls (6; 215 'And Heather Whitney', both words confidence 1.00). Whitney Skillen names her in the third person at 532 ('I think what Heather is asking is...', 'Heather' 1.00) and Bonnie Miles addresses her as 'Heather.' at 555 (1.00) - which fixes this presiding voice as Heather Whitney and NOT Whitney Skillen, the other sitting member whose first name is Whitney and who is a separate cluster (Speaker 7) in this same recording. She gives every recognition ('Miss Gillen' 84, 196, 580; 'Arlene' 72, 141, 188, 431; 'Candy' 173; 'Miss Crawford' 195, 665, 684; 'Mister patron' 309, 401, 582, 691; 'And Frank' 235; 'Frank Sprague as the chair' 668; 'Miss Hawkins' 609), runs the consent agenda, the nonpublic votes and the adjournment (701). This cluster repeatedly absorbs the onset of the member she is recognising (84 'Miss Gillen.' + Skillen's first words; 72 + Hawkins's first words; 6, 208, 211 + other members' roll answers) and swallows a handful of neighbouring voices; the ones that can be tied to another speaker are reassigned by override","Anyway, their contracts have to be renewed every.",Speaker 1
0:51:15.24,0:51:30.88,3075.24,3090.88,Chris Pratt,"SUPERINTENDENT OF SCHOOLS, SAU 6 / Claremont School District. The chair puts the staff-nomination motion as 'approving the list of nominations as presented by doctor, Doctor Pratt. Mr. Pratt' (280, both 1.00) immediately after this voice's exchange, and names him three more times as the person who will bring the revised job description (558, 561, 563, 688 - all 1.00). He delivers the superintendent's report (8-41), calls it 'the superintendents report that I sent you' (8), hands off to 'Mr. O'Hearn' (219) and to 'Michael' for the AI/PD questions (31), and apologises to the board in the first person for hiring before the board approved the position (588-589). Bonnie Miles says at 568 'Mr. Pratt was an interim superintendent before you became the superintendent' and Michael Petrin at 538 'We have superintendent Chris was the acting superintendent because someone left mid-term' - both addressed to this voice, and the word 'interim' is never applied to him in the present tense anywhere in the file. Bonnie Miles and Arlene Hawkins both address him as 'Chris' (500, 502, 616; 1.00). ASR also renders him 'Mr. Pride' (610, 1.00)","Year, right? It has to be renewed every year. So, you know, this is we can revisit it at the end of the year. You guys can you guys can go and say it can be an associate director or,  you know, we can make it a director. It's only for a year. And then we can see, see what happens.",Speaker 3
0:51:30.92,0:51:32.76,3090.92,3092.76,Bonnie Miles,"Claremont School Board member. CHAIR'S RECOGNITIONS straight into this voice: 'Sorry, Mr. Peter and then miss Miles' (303, 'Miles' 0.96) and 'Who's next, miss Miles?' (312, 'Miles' 1.00) -> 313, which opens her long run of questions on the assistant tech-centre director; Candace Crawford answers her by name at 408 ('I think Bonnie', 0.98) while this voice is speaking at 406-413. She is the member who asks whether the board may approve a position that has already been filled (322-332), who proposes the word 'acting' (335, 469) and who moves the amendment adopted that night (533). CAUTION - THIS CLUSTER MERGES TWO WOMEN: Speaker 6 carries both Bonnie Miles and Arlene Hawkins. Rows keep Miles by default; every stretch that a chair recognition or a colleague's direct address ties to Hawkins is reassigned by override. Short interjections that fall between the anchored runs cannot be separated acoustically and could belong to either member",Is this an administrative position?,Speaker 6
0:51:33.00,0:51:39.92,3093.00,3099.92,Chris Pratt,"SUPERINTENDENT OF SCHOOLS, SAU 6 / Claremont School District. The chair puts the staff-nomination motion as 'approving the list of nominations as presented by doctor, Doctor Pratt. Mr. Pratt' (280, both 1.00) immediately after this voice's exchange, and names him three more times as the person who will bring the revised job description (558, 561, 563, 688 - all 1.00). He delivers the superintendent's report (8-41), calls it 'the superintendents report that I sent you' (8), hands off to 'Mr. O'Hearn' (219) and to 'Michael' for the AI/PD questions (31), and apologises to the board in the first person for hiring before the board approved the position (588-589). Bonnie Miles says at 568 'Mr. Pratt was an interim superintendent before you became the superintendent' and Michael Petrin at 538 'We have superintendent Chris was the acting superintendent because someone left mid-term' - both addressed to this voice, and the word 'interim' is never applied to him in the present tense anywhere in the file. Bonnie Miles and Arlene Hawkins both address him as 'Chris' (500, 502, 616; 1.00). ASR also renders him 'Mr. Pride' (610, 1.00)",This is an administrative position. It is a director. Yeah. So it's like the director here is like a principal at a high school.,Speaker 3
0:51:39.92,0:51:43.68,3099.92,3103.68,Candace Crawford,"Claremont School Board member (appointed 7/19/2023, re-elected March 2024); reports for the Capital Improvement Committee and the SRVRTC visioning committee. CHAIR'S RECOGNITIONS straight into this voice: 'Yes. Candy.' (173, 1.00) -> 174 'Do I make [a motion]'; 'Any Crawford seconds' (200, 0.86) right after 199; 'the motion, as stated by Miss Crawford' (195, 1.00) closing the Girls on the Run vote she moved at 183; 'And Candace and then, Mr. Patron' (373) -> 374; 'we're going to start with the Capital Improvement Subcommittee. And that would be Miss Crawford' (665, 1.00) -> 666; 'And Miss Crawford, you're up again' (684, 1.00) -> 685. She addresses Bonnie Miles by name at 408 ('I think Bonnie', 0.98), which is what separates Miles from Arlene Hawkins inside Speaker 6",So this is it is an administrative position.,Speaker 4
0:51:43.76,0:51:44.35,3103.76,3104.35,Heather Whitney,"CHAIR, Claremont School Board (chair since 4/5/2023, re-elected chair 3/20/2024). She opens the meeting in her own voice at 0 ('I would like to call to order the August 21st, 2024 meeting of the Claremont School Board'), notes the clerk is absent and takes the roll herself at 4-6 ('In the absence of our secretary [or] Clark'), and reads her own name LAST in both roll calls (6; 215 'And Heather Whitney', both words confidence 1.00). Whitney Skillen names her in the third person at 532 ('I think what Heather is asking is...', 'Heather' 1.00) and Bonnie Miles addresses her as 'Heather.' at 555 (1.00) - which fixes this presiding voice as Heather Whitney and NOT Whitney Skillen, the other sitting member whose first name is Whitney and who is a separate cluster (Speaker 7) in this same recording. She gives every recognition ('Miss Gillen' 84, 196, 580; 'Arlene' 72, 141, 188, 431; 'Candy' 173; 'Miss Crawford' 195, 665, 684; 'Mister patron' 309, 401, 582, 691; 'And Frank' 235; 'Frank Sprague as the chair' 668; 'Miss Hawkins' 609), runs the consent agenda, the nonpublic votes and the adjournment (701). This cluster repeatedly absorbs the onset of the member she is recognising (84 'Miss Gillen.' + Skillen's first words; 72 + Hawkins's first words; 6, 208, 211 + other members' roll answers) and swallows a handful of neighbouring voices; the ones that can be tied to another speaker are reassigned by override",Like this.,Speaker 1
0:51:44.40,0:51:45.12,3104.40,3105.12,Bonnie Miles,"Claremont School Board member. CHAIR'S RECOGNITIONS straight into this voice: 'Sorry, Mr. Peter and then miss Miles' (303, 'Miles' 0.96) and 'Who's next, miss Miles?' (312, 'Miles' 1.00) -> 313, which opens her long run of questions on the assistant tech-centre director; Candace Crawford answers her by name at 408 ('I think Bonnie', 0.98) while this voice is speaking at 406-413. She is the member who asks whether the board may approve a position that has already been filled (322-332), who proposes the word 'acting' (335, 469) and who moves the amendment adopted that night (533). CAUTION - THIS CLUSTER MERGES TWO WOMEN: Speaker 6 carries both Bonnie Miles and Arlene Hawkins. Rows keep Miles by default; every stretch that a chair recognition or a colleague's direct address ties to Hawkins is reassigned by override. Short interjections that fall between the anchored runs cannot be separated acoustically and could belong to either member",And this person.,Speaker 6
0:51:45.12,0:51:47.20,3105.12,3107.20,Chris Pratt,"SUPERINTENDENT OF SCHOOLS, SAU 6 / Claremont School District. The chair puts the staff-nomination motion as 'approving the list of nominations as presented by doctor, Doctor Pratt. Mr. Pratt' (280, both 1.00) immediately after this voice's exchange, and names him three more times as the person who will bring the revised job description (558, 561, 563, 688 - all 1.00). He delivers the superintendent's report (8-41), calls it 'the superintendents report that I sent you' (8), hands off to 'Mr. O'Hearn' (219) and to 'Michael' for the AI/PD questions (31), and apologises to the board in the first person for hiring before the board approved the position (588-589). Bonnie Miles says at 568 'Mr. Pratt was an interim superintendent before you became the superintendent' and Michael Petrin at 538 'We have superintendent Chris was the acting superintendent because someone left mid-term' - both addressed to this voice, and the word 'interim' is never applied to him in the present tense anywhere in the file. Bonnie Miles and Arlene Hawkins both address him as 'Chris' (500, 502, 616; 1.00). ASR also renders him 'Mr. Pride' (610, 1.00)",Is not it's like an assistant principal.,Speaker 3
0:51:47.24,0:51:49.88,3107.24,3109.88,Heather Whitney,"CHAIR, Claremont School Board (chair since 4/5/2023, re-elected chair 3/20/2024). She opens the meeting in her own voice at 0 ('I would like to call to order the August 21st, 2024 meeting of the Claremont School Board'), notes the clerk is absent and takes the roll herself at 4-6 ('In the absence of our secretary [or] Clark'), and reads her own name LAST in both roll calls (6; 215 'And Heather Whitney', both words confidence 1.00). Whitney Skillen names her in the third person at 532 ('I think what Heather is asking is...', 'Heather' 1.00) and Bonnie Miles addresses her as 'Heather.' at 555 (1.00) - which fixes this presiding voice as Heather Whitney and NOT Whitney Skillen, the other sitting member whose first name is Whitney and who is a separate cluster (Speaker 7) in this same recording. She gives every recognition ('Miss Gillen' 84, 196, 580; 'Arlene' 72, 141, 188, 431; 'Candy' 173; 'Miss Crawford' 195, 665, 684; 'Mister patron' 309, 401, 582, 691; 'And Frank' 235; 'Frank Sprague as the chair' 668; 'Miss Hawkins' 609), runs the consent agenda, the nonpublic votes and the adjournment (701). This cluster repeatedly absorbs the onset of the member she is recognising (84 'Miss Gillen.' + Skillen's first words; 72 + Hawkins's first words; 6, 208, 211 + other members' roll answers) and swallows a handful of neighbouring voices; the ones that can be tied to another speaker are reassigned by override",And the principal would be the director of the tech.,Speaker 1
0:51:49.92,0:51:50.40,3109.92,3110.40,Chris Pratt,"Superintendent of Schools - the onset of his own sentence, 346 + 347: 'And one / thing to note is it's not part of the collective bargaining unit'",And one.,Speaker 2
0:51:50.40,0:51:53.72,3110.40,3113.72,Chris Pratt,"SUPERINTENDENT OF SCHOOLS - a diarizer clipping cluster rather than a separate person: eighteen fragments inside the assistant-tech-director item, most of them the onset or tail of one of his own Speaker 3 sentences (392+393 'I don't / think we're going to get to run the tech'; 421+422 'I would / never do that'; 435+436 '[job description] can / be we can update this any at any time'; 449+450; 366+367 'Who's / long term [view]'). The fragments that belong to Frank Sprague or the chair are reassigned by override",Thing to note is it's not part of the collective bargaining unit.,Speaker 12
0:51:53.92,0:51:54.36,3113.92,3114.36,Bonnie Miles,"Claremont School Board member. CHAIR'S RECOGNITIONS straight into this voice: 'Sorry, Mr. Peter and then miss Miles' (303, 'Miles' 0.96) and 'Who's next, miss Miles?' (312, 'Miles' 1.00) -> 313, which opens her long run of questions on the assistant tech-centre director; Candace Crawford answers her by name at 408 ('I think Bonnie', 0.98) while this voice is speaking at 406-413. She is the member who asks whether the board may approve a position that has already been filled (322-332), who proposes the word 'acting' (335, 469) and who moves the amendment adopted that night (533). CAUTION - THIS CLUSTER MERGES TWO WOMEN: Speaker 6 carries both Bonnie Miles and Arlene Hawkins. Rows keep Miles by default; every stretch that a chair recognition or a colleague's direct address ties to Hawkins is reassigned by override. Short interjections that fall between the anchored runs cannot be separated acoustically and could belong to either member",So this is.,Speaker 6
0:51:54.36,0:51:55.52,3114.36,3115.52,Candace Crawford,"Claremont School Board member (appointed 7/19/2023, re-elected March 2024); reports for the Capital Improvement Committee and the SRVRTC visioning committee. CHAIR'S RECOGNITIONS straight into this voice: 'Yes. Candy.' (173, 1.00) -> 174 'Do I make [a motion]'; 'Any Crawford seconds' (200, 0.86) right after 199; 'the motion, as stated by Miss Crawford' (195, 1.00) closing the Girls on the Run vote she moved at 183; 'And Candace and then, Mr. Patron' (373) -> 374; 'we're going to start with the Capital Improvement Subcommittee. And that would be Miss Crawford' (665, 1.00) -> 666; 'And Miss Crawford, you're up again' (684, 1.00) -> 685. She addresses Bonnie Miles by name at 408 ('I think Bonnie', 0.98), which is what separates Miles from Arlene Hawkins inside Speaker 6",A.,Speaker 4
0:51:55.60,0:51:56.68,3115.60,3116.68,Bonnie Miles,"Claremont School Board member. CHAIR'S RECOGNITIONS straight into this voice: 'Sorry, Mr. Peter and then miss Miles' (303, 'Miles' 0.96) and 'Who's next, miss Miles?' (312, 'Miles' 1.00) -> 313, which opens her long run of questions on the assistant tech-centre director; Candace Crawford answers her by name at 408 ('I think Bonnie', 0.98) while this voice is speaking at 406-413. She is the member who asks whether the board may approve a position that has already been filled (322-332), who proposes the word 'acting' (335, 469) and who moves the amendment adopted that night (533). CAUTION - THIS CLUSTER MERGES TWO WOMEN: Speaker 6 carries both Bonnie Miles and Arlene Hawkins. Rows keep Miles by default; every stretch that a chair recognition or a colleague's direct address ties to Hawkins is reassigned by override. Short interjections that fall between the anchored runs cannot be separated acoustically and could belong to either member",It's a separate contract.,Speaker 6
0:51:56.72,0:51:57.48,3116.72,3117.48,Michael Petrin,"Claremont School Board member (returned to the board as a write-in in the March 2024 election). CHAIR'S RECOGNITIONS, each straight into this voice: 'Mike, do you have a question?' (188) -> 189; 'Mister patron.' (309, 0.94) -> 310; 'Mister patron.' (401, 1.00) -> 402; 'Mike.' (551, 1.00) -> 552 ('No.'); 'Mr. patron?' (582, 1.00) -> 583 ('No.'); 'Mr. patron.' (691, 0.76) -> 692. He answers the opening roll in this voice at 5 ('Patron here', 'Patron' 1.00) and the nonpublic roll at 209, and the chair credits the second on the tech-centre motion to him at 292 ('Second for Mike patron'). At 130-132 he speaks off 'Frank and Whitney, what they were saying' and tells Sprague 'Frank retired. You can go take a walk. I can't' - so he is neither of them - and Frank Sprague places him at 483: 'Mike has a background in physical therapy.' ASR renders him 'Patron', 'patron', 'Peterson' (406, 1.00). THIS CLUSTER IS A MERGE: it also carries Assistant Superintendent Mike Koski's long turns, several of Frank Sprague's, and dozens of sub-second interjections from other people; every stretch that could be tied to another speaker is reassigned by override, and short unanchored backchannels left under this label may belong to someone else",It's a new poison.,Speaker 2
0:51:57.52,0:51:58.88,3117.52,3118.88,Chris Pratt,"SUPERINTENDENT OF SCHOOLS - a diarizer clipping cluster rather than a separate person: eighteen fragments inside the assistant-tech-director item, most of them the onset or tail of one of his own Speaker 3 sentences (392+393 'I don't / think we're going to get to run the tech'; 421+422 'I would / never do that'; 435+436 '[job description] can / be we can update this any at any time'; 449+450; 366+367 'Who's / long term [view]'). The fragments that belong to Frank Sprague or the chair are reassigned by override",It's a new position.,Speaker 12
0:51:59.08,0:52:02.68,3119.08,3122.68,Candace Crawford,"Claremont School Board member (appointed 7/19/2023, re-elected March 2024); reports for the Capital Improvement Committee and the SRVRTC visioning committee. CHAIR'S RECOGNITIONS straight into this voice: 'Yes. Candy.' (173, 1.00) -> 174 'Do I make [a motion]'; 'Any Crawford seconds' (200, 0.86) right after 199; 'the motion, as stated by Miss Crawford' (195, 1.00) closing the Girls on the Run vote she moved at 183; 'And Candace and then, Mr. Patron' (373) -> 374; 'we're going to start with the Capital Improvement Subcommittee. And that would be Miss Crawford' (665, 1.00) -> 666; 'And Miss Crawford, you're up again' (684, 1.00) -> 685. She addresses Bonnie Miles by name at 408 ('I think Bonnie', 0.98), which is what separates Miles from Arlene Hawkins inside Speaker 6","Wait a minute. Oh, when I get to second round I have questions.",Speaker 4
0:52:02.72,0:52:13.44,3122.72,3133.44,Bonnie Miles,"Claremont School Board member. CHAIR'S RECOGNITIONS straight into this voice: 'Sorry, Mr. Peter and then miss Miles' (303, 'Miles' 0.96) and 'Who's next, miss Miles?' (312, 'Miles' 1.00) -> 313, which opens her long run of questions on the assistant tech-centre director; Candace Crawford answers her by name at 408 ('I think Bonnie', 0.98) while this voice is speaking at 406-413. She is the member who asks whether the board may approve a position that has already been filled (322-332), who proposes the word 'acting' (335, 469) and who moves the amendment adopted that night (533). CAUTION - THIS CLUSTER MERGES TWO WOMEN: Speaker 6 carries both Bonnie Miles and Arlene Hawkins. Rows keep Miles by default; every stretch that a chair recognition or a colleague's direct address ties to Hawkins is reassigned by override. Short interjections that fall between the anchored runs cannot be separated acoustically and could belong to either member",And I have one last question. It says this job description says that this person reports to the director and the principal. Do we have people who report to two evaluators?,Speaker 6
0:52:13.52,0:52:21.56,3133.52,3141.56,Chris Pratt,"SUPERINTENDENT OF SCHOOLS, SAU 6 / Claremont School District. The chair puts the staff-nomination motion as 'approving the list of nominations as presented by doctor, Doctor Pratt. Mr. Pratt' (280, both 1.00) immediately after this voice's exchange, and names him three more times as the person who will bring the revised job description (558, 561, 563, 688 - all 1.00). He delivers the superintendent's report (8-41), calls it 'the superintendents report that I sent you' (8), hands off to 'Mr. O'Hearn' (219) and to 'Michael' for the AI/PD questions (31), and apologises to the board in the first person for hiring before the board approved the position (588-589). Bonnie Miles says at 568 'Mr. Pratt was an interim superintendent before you became the superintendent' and Michael Petrin at 538 'We have superintendent Chris was the acting superintendent because someone left mid-term' - both addressed to this voice, and the word 'interim' is never applied to him in the present tense anywhere in the file. Bonnie Miles and Arlene Hawkins both address him as 'Chris' (500, 502, 616; 1.00). ASR also renders him 'Mr. Pride' (610, 1.00)","Yeah. You know, Alex Easter who brought you and pester and myself. Okay.",Speaker 3
0:52:21.64,0:52:26.56,3141.64,3146.56,Bonnie Miles,"Claremont School Board member. CHAIR'S RECOGNITIONS straight into this voice: 'Sorry, Mr. Peter and then miss Miles' (303, 'Miles' 0.96) and 'Who's next, miss Miles?' (312, 'Miles' 1.00) -> 313, which opens her long run of questions on the assistant tech-centre director; Candace Crawford answers her by name at 408 ('I think Bonnie', 0.98) while this voice is speaking at 406-413. She is the member who asks whether the board may approve a position that has already been filled (322-332), who proposes the word 'acting' (335, 469) and who moves the amendment adopted that night (533). CAUTION - THIS CLUSTER MERGES TWO WOMEN: Speaker 6 carries both Bonnie Miles and Arlene Hawkins. Rows keep Miles by default; every stretch that a chair recognition or a colleague's direct address ties to Hawkins is reassigned by override. Short interjections that fall between the anchored runs cannot be separated acoustically and could belong to either member","But it is an administrative position, but it's a separate contract, not under the.",Speaker 6
0:52:26.64,0:52:28.20,3146.64,3148.20,Chris Pratt,"SUPERINTENDENT OF SCHOOLS, SAU 6 / Claremont School District. The chair puts the staff-nomination motion as 'approving the list of nominations as presented by doctor, Doctor Pratt. Mr. Pratt' (280, both 1.00) immediately after this voice's exchange, and names him three more times as the person who will bring the revised job description (558, 561, 563, 688 - all 1.00). He delivers the superintendent's report (8-41), calls it 'the superintendents report that I sent you' (8), hands off to 'Mr. O'Hearn' (219) and to 'Michael' for the AI/PD questions (31), and apologises to the board in the first person for hiring before the board approved the position (588-589). Bonnie Miles says at 568 'Mr. Pratt was an interim superintendent before you became the superintendent' and Michael Petrin at 538 'We have superintendent Chris was the acting superintendent because someone left mid-term' - both addressed to this voice, and the word 'interim' is never applied to him in the present tense anywhere in the file. Bonnie Miles and Arlene Hawkins both address him as 'Chris' (500, 502, 616; 1.00). ASR also renders him 'Mr. Pride' (610, 1.00)",Letter of agreement.,Speaker 3
0:52:28.36,0:52:28.88,3148.36,3148.88,Chris Pratt,"SUPERINTENDENT OF SCHOOLS - a diarizer clipping cluster rather than a separate person: eighteen fragments inside the assistant-tech-director item, most of them the onset or tail of one of his own Speaker 3 sentences (392+393 'I don't / think we're going to get to run the tech'; 421+422 'I would / never do that'; 435+436 '[job description] can / be we can update this any at any time'; 449+450; 366+367 'Who's / long term [view]'). The fragments that belong to Frank Sprague or the chair are reassigned by override",Of agreement?,Speaker 12
0:52:29.06,0:52:32.88,3149.06,3152.88,Chris Pratt,"SUPERINTENDENT OF SCHOOLS, SAU 6 / Claremont School District. The chair puts the staff-nomination motion as 'approving the list of nominations as presented by doctor, Doctor Pratt. Mr. Pratt' (280, both 1.00) immediately after this voice's exchange, and names him three more times as the person who will bring the revised job description (558, 561, 563, 688 - all 1.00). He delivers the superintendent's report (8-41), calls it 'the superintendents report that I sent you' (8), hands off to 'Mr. O'Hearn' (219) and to 'Michael' for the AI/PD questions (31), and apologises to the board in the first person for hiring before the board approved the position (588-589). Bonnie Miles says at 568 'Mr. Pratt was an interim superintendent before you became the superintendent' and Michael Petrin at 538 'We have superintendent Chris was the acting superintendent because someone left mid-term' - both addressed to this voice, and the word 'interim' is never applied to him in the present tense anywhere in the file. Bonnie Miles and Arlene Hawkins both address him as 'Chris' (500, 502, 616; 1.00). ASR also renders him 'Mr. Pride' (610, 1.00)","Yeah, it wouldn't be a it would be a letter of agreement for, for a year.",Speaker 3
0:52:32.92,0:53:05.96,3152.92,3185.96,Heather Whitney,"CHAIR, Claremont School Board (chair since 4/5/2023, re-elected chair 3/20/2024). She opens the meeting in her own voice at 0 ('I would like to call to order the August 21st, 2024 meeting of the Claremont School Board'), notes the clerk is absent and takes the roll herself at 4-6 ('In the absence of our secretary [or] Clark'), and reads her own name LAST in both roll calls (6; 215 'And Heather Whitney', both words confidence 1.00). Whitney Skillen names her in the third person at 532 ('I think what Heather is asking is...', 'Heather' 1.00) and Bonnie Miles addresses her as 'Heather.' at 555 (1.00) - which fixes this presiding voice as Heather Whitney and NOT Whitney Skillen, the other sitting member whose first name is Whitney and who is a separate cluster (Speaker 7) in this same recording. She gives every recognition ('Miss Gillen' 84, 196, 580; 'Arlene' 72, 141, 188, 431; 'Candy' 173; 'Miss Crawford' 195, 665, 684; 'Mister patron' 309, 401, 582, 691; 'And Frank' 235; 'Frank Sprague as the chair' 668; 'Miss Hawkins' 609), runs the consent agenda, the nonpublic votes and the adjournment (701). This cluster repeatedly absorbs the onset of the member she is recognising (84 'Miss Gillen.' + Skillen's first words; 72 + Hawkins's first words; 6, 208, 211 + other members' roll answers) and swallows a handful of neighbouring voices; the ones that can be tied to another speaker are reassigned by override","So just to summarize just so I get the summary right. So this is essentially an agreement for one year because it's a one year contract. It's a letter of agreement. We can choose as a board at the end of the school year to modify this position, remove this position. We can choose today  to modify it, but if we do so, it may exclude our current  applicant who has been essentially hired.",Speaker 1
0:53:08.96,0:53:12.96,3188.96,3192.96,Heather Whitney,"CHAIR, Claremont School Board (chair since 4/5/2023, re-elected chair 3/20/2024). She opens the meeting in her own voice at 0 ('I would like to call to order the August 21st, 2024 meeting of the Claremont School Board'), notes the clerk is absent and takes the roll herself at 4-6 ('In the absence of our secretary [or] Clark'), and reads her own name LAST in both roll calls (6; 215 'And Heather Whitney', both words confidence 1.00). Whitney Skillen names her in the third person at 532 ('I think what Heather is asking is...', 'Heather' 1.00) and Bonnie Miles addresses her as 'Heather.' at 555 (1.00) - which fixes this presiding voice as Heather Whitney and NOT Whitney Skillen, the other sitting member whose first name is Whitney and who is a separate cluster (Speaker 7) in this same recording. She gives every recognition ('Miss Gillen' 84, 196, 580; 'Arlene' 72, 141, 188, 431; 'Candy' 173; 'Miss Crawford' 195, 665, 684; 'Mister patron' 309, 401, 582, 691; 'And Frank' 235; 'Frank Sprague as the chair' 668; 'Miss Hawkins' 609), runs the consent agenda, the nonpublic votes and the adjournment (701). This cluster repeatedly absorbs the onset of the member she is recognising (84 'Miss Gillen.' + Skillen's first words; 72 + Hawkins's first words; 6, 208, 211 + other members' roll answers) and swallows a handful of neighbouring voices; the ones that can be tied to another speaker are reassigned by override",We don't know whether S did s look at this at all.,Speaker 1
0:53:13.14,0:53:13.74,3193.14,3193.74,Michael Petrin,"Claremont School Board member (returned to the board as a write-in in the March 2024 election). CHAIR'S RECOGNITIONS, each straight into this voice: 'Mike, do you have a question?' (188) -> 189; 'Mister patron.' (309, 0.94) -> 310; 'Mister patron.' (401, 1.00) -> 402; 'Mike.' (551, 1.00) -> 552 ('No.'); 'Mr. patron?' (582, 1.00) -> 583 ('No.'); 'Mr. patron.' (691, 0.76) -> 692. He answers the opening roll in this voice at 5 ('Patron here', 'Patron' 1.00) and the nonpublic roll at 209, and the chair credits the second on the tech-centre motion to him at 292 ('Second for Mike patron'). At 130-132 he speaks off 'Frank and Whitney, what they were saying' and tells Sprague 'Frank retired. You can go take a walk. I can't' - so he is neither of them - and Frank Sprague places him at 483: 'Mike has a background in physical therapy.' ASR renders him 'Patron', 'patron', 'Peterson' (406, 1.00). THIS CLUSTER IS A MERGE: it also carries Assistant Superintendent Mike Koski's long turns, several of Frank Sprague's, and dozens of sub-second interjections from other people; every stretch that could be tied to another speaker is reassigned by override, and short unanchored backchannels left under this label may belong to someone else",I'm sure.,Speaker 2
0:53:13.82,0:53:20.04,3193.82,3200.04,Chris Pratt,"SUPERINTENDENT OF SCHOOLS, SAU 6 / Claremont School District. The chair puts the staff-nomination motion as 'approving the list of nominations as presented by doctor, Doctor Pratt. Mr. Pratt' (280, both 1.00) immediately after this voice's exchange, and names him three more times as the person who will bring the revised job description (558, 561, 563, 688 - all 1.00). He delivers the superintendent's report (8-41), calls it 'the superintendents report that I sent you' (8), hands off to 'Mr. O'Hearn' (219) and to 'Michael' for the AI/PD questions (31), and apologises to the board in the first person for hiring before the board approved the position (588-589). Bonnie Miles says at 568 'Mr. Pratt was an interim superintendent before you became the superintendent' and Michael Petrin at 538 'We have superintendent Chris was the acting superintendent because someone left mid-term' - both addressed to this voice, and the word 'interim' is never applied to him in the present tense anywhere in the file. Bonnie Miles and Arlene Hawkins both address him as 'Chris' (500, 502, 616; 1.00). ASR also renders him 'Mr. Pride' (610, 1.00)","Eric talked to in its, it is it is allowable because we do technically have a director.",Speaker 3
0:53:20.24,0:53:39.96,3200.24,3219.96,Heather Whitney,"CHAIR, Claremont School Board (chair since 4/5/2023, re-elected chair 3/20/2024). She opens the meeting in her own voice at 0 ('I would like to call to order the August 21st, 2024 meeting of the Claremont School Board'), notes the clerk is absent and takes the roll herself at 4-6 ('In the absence of our secretary [or] Clark'), and reads her own name LAST in both roll calls (6; 215 'And Heather Whitney', both words confidence 1.00). Whitney Skillen names her in the third person at 532 ('I think what Heather is asking is...', 'Heather' 1.00) and Bonnie Miles addresses her as 'Heather.' at 555 (1.00) - which fixes this presiding voice as Heather Whitney and NOT Whitney Skillen, the other sitting member whose first name is Whitney and who is a separate cluster (Speaker 7) in this same recording. She gives every recognition ('Miss Gillen' 84, 196, 580; 'Arlene' 72, 141, 188, 431; 'Candy' 173; 'Miss Crawford' 195, 665, 684; 'Mister patron' 309, 401, 582, 691; 'And Frank' 235; 'Frank Sprague as the chair' 668; 'Miss Hawkins' 609), runs the consent agenda, the nonpublic votes and the adjournment (701). This cluster repeatedly absorbs the onset of the member she is recognising (84 'Miss Gillen.' + Skillen's first words; 72 + Hawkins's first words; 6, 208, 211 + other members' roll answers) and swallows a handful of neighbouring voices; the ones that can be tied to another speaker are reassigned by override","But as far as, their global vision for what  our tech programs should look like, is this in concert with  what their long term view is  of building the tech? The similarly to the 2015.",Speaker 1
0:53:40.08,0:53:40.40,3220.08,3220.40,Chris Pratt,"SUPERINTENDENT OF SCHOOLS, SAU 6 / Claremont School District. The chair puts the staff-nomination motion as 'approving the list of nominations as presented by doctor, Doctor Pratt. Mr. Pratt' (280, both 1.00) immediately after this voice's exchange, and names him three more times as the person who will bring the revised job description (558, 561, 563, 688 - all 1.00). He delivers the superintendent's report (8-41), calls it 'the superintendents report that I sent you' (8), hands off to 'Mr. O'Hearn' (219) and to 'Michael' for the AI/PD questions (31), and apologises to the board in the first person for hiring before the board approved the position (588-589). Bonnie Miles says at 568 'Mr. Pratt was an interim superintendent before you became the superintendent' and Michael Petrin at 538 'We have superintendent Chris was the acting superintendent because someone left mid-term' - both addressed to this voice, and the word 'interim' is never applied to him in the present tense anywhere in the file. Bonnie Miles and Arlene Hawkins both address him as 'Chris' (500, 502, 616; 1.00). ASR also renders him 'Mr. Pride' (610, 1.00)",Who's.,Speaker 3
0:53:40.40,0:53:40.76,3220.40,3220.76,Chris Pratt,"SUPERINTENDENT OF SCHOOLS - a diarizer clipping cluster rather than a separate person: eighteen fragments inside the assistant-tech-director item, most of them the onset or tail of one of his own Speaker 3 sentences (392+393 'I don't / think we're going to get to run the tech'; 421+422 'I would / never do that'; 435+436 '[job description] can / be we can update this any at any time'; 449+450; 366+367 'Who's / long term [view]'). The fragments that belong to Frank Sprague or the chair are reassigned by override",Long term.,Speaker 12
0:53:40.76,0:53:41.12,3220.76,3221.12,Candace Crawford,"Claremont School Board member (appointed 7/19/2023, re-elected March 2024); reports for the Capital Improvement Committee and the SRVRTC visioning committee. CHAIR'S RECOGNITIONS straight into this voice: 'Yes. Candy.' (173, 1.00) -> 174 'Do I make [a motion]'; 'Any Crawford seconds' (200, 0.86) right after 199; 'the motion, as stated by Miss Crawford' (195, 1.00) closing the Girls on the Run vote she moved at 183; 'And Candace and then, Mr. Patron' (373) -> 374; 'we're going to start with the Capital Improvement Subcommittee. And that would be Miss Crawford' (665, 1.00) -> 666; 'And Miss Crawford, you're up again' (684, 1.00) -> 685. She addresses Bonnie Miles by name at 408 ('I think Bonnie', 0.98), which is what separates Miles from Arlene Hawkins inside Speaker 6",View.,Speaker 4
0:53:41.36,0:53:47.12,3221.36,3227.12,Heather Whitney,"CHAIR, Claremont School Board (chair since 4/5/2023, re-elected chair 3/20/2024). She opens the meeting in her own voice at 0 ('I would like to call to order the August 21st, 2024 meeting of the Claremont School Board'), notes the clerk is absent and takes the roll herself at 4-6 ('In the absence of our secretary [or] Clark'), and reads her own name LAST in both roll calls (6; 215 'And Heather Whitney', both words confidence 1.00). Whitney Skillen names her in the third person at 532 ('I think what Heather is asking is...', 'Heather' 1.00) and Bonnie Miles addresses her as 'Heather.' at 555 (1.00) - which fixes this presiding voice as Heather Whitney and NOT Whitney Skillen, the other sitting member whose first name is Whitney and who is a separate cluster (Speaker 7) in this same recording. She gives every recognition ('Miss Gillen' 84, 196, 580; 'Arlene' 72, 141, 188, 431; 'Candy' 173; 'Miss Crawford' 195, 665, 684; 'Mister patron' 309, 401, 582, 691; 'And Frank' 235; 'Frank Sprague as the chair' 668; 'Miss Hawkins' 609), runs the consent agenda, the nonpublic votes and the adjournment (701). This cluster repeatedly absorbs the onset of the member she is recognising (84 'Miss Gillen.' + Skillen's first words; 72 + Hawkins's first words; 6, 208, 211 + other members' roll answers) and swallows a handful of neighbouring voices; the ones that can be tied to another speaker are reassigned by override",SREBS read that came in and did the whole analysis.,Speaker 1
0:53:47.20,0:53:51.80,3227.20,3231.80,Chris Pratt,"SUPERINTENDENT OF SCHOOLS, SAU 6 / Claremont School District. The chair puts the staff-nomination motion as 'approving the list of nominations as presented by doctor, Doctor Pratt. Mr. Pratt' (280, both 1.00) immediately after this voice's exchange, and names him three more times as the person who will bring the revised job description (558, 561, 563, 688 - all 1.00). He delivers the superintendent's report (8-41), calls it 'the superintendents report that I sent you' (8), hands off to 'Mr. O'Hearn' (219) and to 'Michael' for the AI/PD questions (31), and apologises to the board in the first person for hiring before the board approved the position (588-589). Bonnie Miles says at 568 'Mr. Pratt was an interim superintendent before you became the superintendent' and Michael Petrin at 538 'We have superintendent Chris was the acting superintendent because someone left mid-term' - both addressed to this voice, and the word 'interim' is never applied to him in the present tense anywhere in the file. Bonnie Miles and Arlene Hawkins both address him as 'Chris' (500, 502, 616; 1.00). ASR also renders him 'Mr. Pride' (610, 1.00)",I haven't talked I haven't talked to Astro about this. Okay. No.,Speaker 3
0:53:55.24,0:54:30.04,3235.24,3270.04,Heather Whitney,"CHAIR, Claremont School Board (chair since 4/5/2023, re-elected chair 3/20/2024). She opens the meeting in her own voice at 0 ('I would like to call to order the August 21st, 2024 meeting of the Claremont School Board'), notes the clerk is absent and takes the roll herself at 4-6 ('In the absence of our secretary [or] Clark'), and reads her own name LAST in both roll calls (6; 215 'And Heather Whitney', both words confidence 1.00). Whitney Skillen names her in the third person at 532 ('I think what Heather is asking is...', 'Heather' 1.00) and Bonnie Miles addresses her as 'Heather.' at 555 (1.00) - which fixes this presiding voice as Heather Whitney and NOT Whitney Skillen, the other sitting member whose first name is Whitney and who is a separate cluster (Speaker 7) in this same recording. She gives every recognition ('Miss Gillen' 84, 196, 580; 'Arlene' 72, 141, 188, 431; 'Candy' 173; 'Miss Crawford' 195, 665, 684; 'Mister patron' 309, 401, 582, 691; 'And Frank' 235; 'Frank Sprague as the chair' 668; 'Miss Hawkins' 609), runs the consent agenda, the nonpublic votes and the adjournment (701). This cluster repeatedly absorbs the onset of the member she is recognising (84 'Miss Gillen.' + Skillen's first words; 72 + Hawkins's first words; 6, 208, 211 + other members' roll answers) and swallows a handful of neighbouring voices; the ones that can be tied to another speaker are reassigned by override","My only other comment is, is the director that we had before had no experience in technical education  at all, nor any experience  in the high school setting. So, I'm not sure if I can say no to an assistant position without those qualifications when as a board, we accepted a director not having those qualifications. That's my only comment on that.",Speaker 1
0:54:30.08,0:54:33.64,3270.08,3273.64,Heather Whitney,"CHAIR, Claremont School Board (chair since 4/5/2023, re-elected chair 3/20/2024). She opens the meeting in her own voice at 0 ('I would like to call to order the August 21st, 2024 meeting of the Claremont School Board'), notes the clerk is absent and takes the roll herself at 4-6 ('In the absence of our secretary [or] Clark'), and reads her own name LAST in both roll calls (6; 215 'And Heather Whitney', both words confidence 1.00). Whitney Skillen names her in the third person at 532 ('I think what Heather is asking is...', 'Heather' 1.00) and Bonnie Miles addresses her as 'Heather.' at 555 (1.00) - which fixes this presiding voice as Heather Whitney and NOT Whitney Skillen, the other sitting member whose first name is Whitney and who is a separate cluster (Speaker 7) in this same recording. She gives every recognition ('Miss Gillen' 84, 196, 580; 'Arlene' 72, 141, 188, 431; 'Candy' 173; 'Miss Crawford' 195, 665, 684; 'Mister patron' 309, 401, 582, 691; 'And Frank' 235; 'Frank Sprague as the chair' 668; 'Miss Hawkins' 609), runs the consent agenda, the nonpublic votes and the adjournment (701). This cluster repeatedly absorbs the onset of the member she is recognising (84 'Miss Gillen.' + Skillen's first words; 72 + Hawkins's first words; 6, 208, 211 + other members' roll answers) and swallows a handful of neighbouring voices; the ones that can be tied to another speaker are reassigned by override","And Candace and then, Mr. Patron.",Speaker 1
0:54:33.72,0:55:00.24,3273.72,3300.24,Candace Crawford,"Claremont School Board member (appointed 7/19/2023, re-elected March 2024); reports for the Capital Improvement Committee and the SRVRTC visioning committee. CHAIR'S RECOGNITIONS straight into this voice: 'Yes. Candy.' (173, 1.00) -> 174 'Do I make [a motion]'; 'Any Crawford seconds' (200, 0.86) right after 199; 'the motion, as stated by Miss Crawford' (195, 1.00) closing the Girls on the Run vote she moved at 183; 'And Candace and then, Mr. Patron' (373) -> 374; 'we're going to start with the Capital Improvement Subcommittee. And that would be Miss Crawford' (665, 1.00) -> 666; 'And Miss Crawford, you're up again' (684, 1.00) -> 685. She addresses Bonnie Miles by name at 408 ('I think Bonnie', 0.98), which is what separates Miles from Arlene Hawkins inside Speaker 6","I think if we made the if we did that before, that can't be a justified justification for going forward. Number two,  it concerns me that we refer to the 2015, when in fact we have a more updated report, 2024.  And I think that's what we need to be referring.  The third point is,  I guess it's a question since it's an low.",Speaker 4
0:55:00.44,0:55:38.36,3300.44,3338.36,Candace Crawford,"Claremont School Board member (appointed 7/19/2023, re-elected March 2024); reports for the Capital Improvement Committee and the SRVRTC visioning committee. CHAIR'S RECOGNITIONS straight into this voice: 'Yes. Candy.' (173, 1.00) -> 174 'Do I make [a motion]'; 'Any Crawford seconds' (200, 0.86) right after 199; 'the motion, as stated by Miss Crawford' (195, 1.00) closing the Girls on the Run vote she moved at 183; 'And Candace and then, Mr. Patron' (373) -> 374; 'we're going to start with the Capital Improvement Subcommittee. And that would be Miss Crawford' (665, 1.00) -> 666; 'And Miss Crawford, you're up again' (684, 1.00) -> 685. She addresses Bonnie Miles by name at 408 ('I think Bonnie', 0.98), which is what separates Miles from Arlene Hawkins inside Speaker 6","It doesn't. It's not part of the bargaining unit. Is that why they're not in there? But they are  on the level of a building administrator?  And has it  I have to say I'm very, very concerned that over the past three years, we have worked very hard to enhance and grow this program, and we're to a part time person director and a part time assistance.",Speaker 4
0:55:38.44,0:55:38.92,3338.44,3338.92,Candace Crawford,"Claremont School Board member (appointed 7/19/2023, re-elected March 2024); reports for the Capital Improvement Committee and the SRVRTC visioning committee. CHAIR'S RECOGNITIONS straight into this voice: 'Yes. Candy.' (173, 1.00) -> 174 'Do I make [a motion]'; 'Any Crawford seconds' (200, 0.86) right after 199; 'the motion, as stated by Miss Crawford' (195, 1.00) closing the Girls on the Run vote she moved at 183; 'And Candace and then, Mr. Patron' (373) -> 374; 'we're going to start with the Capital Improvement Subcommittee. And that would be Miss Crawford' (665, 1.00) -> 666; 'And Miss Crawford, you're up again' (684, 1.00) -> 685. She addresses Bonnie Miles by name at 408 ('I think Bonnie', 0.98), which is what separates Miles from Arlene Hawkins inside Speaker 6",I.,Speaker 4
0:55:39.00,0:55:39.72,3339.00,3339.72,Heather Whitney,"CHAIR, Claremont School Board (chair since 4/5/2023, re-elected chair 3/20/2024). She opens the meeting in her own voice at 0 ('I would like to call to order the August 21st, 2024 meeting of the Claremont School Board'), notes the clerk is absent and takes the roll herself at 4-6 ('In the absence of our secretary [or] Clark'), and reads her own name LAST in both roll calls (6; 215 'And Heather Whitney', both words confidence 1.00). Whitney Skillen names her in the third person at 532 ('I think what Heather is asking is...', 'Heather' 1.00) and Bonnie Miles addresses her as 'Heather.' at 555 (1.00) - which fixes this presiding voice as Heather Whitney and NOT Whitney Skillen, the other sitting member whose first name is Whitney and who is a separate cluster (Speaker 7) in this same recording. She gives every recognition ('Miss Gillen' 84, 196, 580; 'Arlene' 72, 141, 188, 431; 'Candy' 173; 'Miss Crawford' 195, 665, 684; 'Mister patron' 309, 401, 582, 691; 'And Frank' 235; 'Frank Sprague as the chair' 668; 'Miss Hawkins' 609), runs the consent agenda, the nonpublic votes and the adjournment (701). This cluster repeatedly absorbs the onset of the member she is recognising (84 'Miss Gillen.' + Skillen's first words; 72 + Hawkins's first words; 6, 208, 211 + other members' roll answers) and swallows a handful of neighbouring voices; the ones that can be tied to another speaker are reassigned by override",This is a full time.,Speaker 1
0:55:39.72,0:55:40.60,3339.72,3340.60,Michael Petrin,"Claremont School Board member (returned to the board as a write-in in the March 2024 election). CHAIR'S RECOGNITIONS, each straight into this voice: 'Mike, do you have a question?' (188) -> 189; 'Mister patron.' (309, 0.94) -> 310; 'Mister patron.' (401, 1.00) -> 402; 'Mike.' (551, 1.00) -> 552 ('No.'); 'Mr. patron?' (582, 1.00) -> 583 ('No.'); 'Mr. patron.' (691, 0.76) -> 692. He answers the opening roll in this voice at 5 ('Patron here', 'Patron' 1.00) and the nonpublic roll at 209, and the chair credits the second on the tech-centre motion to him at 292 ('Second for Mike patron'). At 130-132 he speaks off 'Frank and Whitney, what they were saying' and tells Sprague 'Frank retired. You can go take a walk. I can't' - so he is neither of them - and Frank Sprague places him at 483: 'Mike has a background in physical therapy.' ASR renders him 'Patron', 'patron', 'Peterson' (406, 1.00). THIS CLUSTER IS A MERGE: it also carries Assistant Superintendent Mike Koski's long turns, several of Frank Sprague's, and dozens of sub-second interjections from other people; every stretch that could be tied to another speaker is reassigned by override, and short unanchored backchannels left under this label may belong to someone else",It's a full time.,Speaker 2
0:55:40.68,0:55:43.20,3340.68,3343.20,Candace Crawford,"Claremont School Board member (appointed 7/19/2023, re-elected March 2024); reports for the Capital Improvement Committee and the SRVRTC visioning committee. CHAIR'S RECOGNITIONS straight into this voice: 'Yes. Candy.' (173, 1.00) -> 174 'Do I make [a motion]'; 'Any Crawford seconds' (200, 0.86) right after 199; 'the motion, as stated by Miss Crawford' (195, 1.00) closing the Girls on the Run vote she moved at 183; 'And Candace and then, Mr. Patron' (373) -> 374; 'we're going to start with the Capital Improvement Subcommittee. And that would be Miss Crawford' (665, 1.00) -> 666; 'And Miss Crawford, you're up again' (684, 1.00) -> 685. She addresses Bonnie Miles by name at 408 ('I think Bonnie', 0.98), which is what separates Miles from Arlene Hawkins inside Speaker 6",It's full time. But she's going to be in Newport.,Speaker 4
0:55:43.20,0:55:44.40,3343.20,3344.40,Bonnie Miles,"Claremont School Board member. CHAIR'S RECOGNITIONS straight into this voice: 'Sorry, Mr. Peter and then miss Miles' (303, 'Miles' 0.96) and 'Who's next, miss Miles?' (312, 'Miles' 1.00) -> 313, which opens her long run of questions on the assistant tech-centre director; Candace Crawford answers her by name at 408 ('I think Bonnie', 0.98) while this voice is speaking at 406-413. She is the member who asks whether the board may approve a position that has already been filled (322-332), who proposes the word 'acting' (335, 469) and who moves the amendment adopted that night (533). CAUTION - THIS CLUSTER MERGES TWO WOMEN: Speaker 6 carries both Bonnie Miles and Arlene Hawkins. Rows keep Miles by default; every stretch that a chair recognition or a colleague's direct address ties to Hawkins is reassigned by override. Short interjections that fall between the anchored runs cannot be separated acoustically and could belong to either member",Half time sites.,Speaker 6
0:55:44.64,0:55:45.96,3344.64,3345.96,Heather Whitney,"CHAIR, Claremont School Board (chair since 4/5/2023, re-elected chair 3/20/2024). She opens the meeting in her own voice at 0 ('I would like to call to order the August 21st, 2024 meeting of the Claremont School Board'), notes the clerk is absent and takes the roll herself at 4-6 ('In the absence of our secretary [or] Clark'), and reads her own name LAST in both roll calls (6; 215 'And Heather Whitney', both words confidence 1.00). Whitney Skillen names her in the third person at 532 ('I think what Heather is asking is...', 'Heather' 1.00) and Bonnie Miles addresses her as 'Heather.' at 555 (1.00) - which fixes this presiding voice as Heather Whitney and NOT Whitney Skillen, the other sitting member whose first name is Whitney and who is a separate cluster (Speaker 7) in this same recording. She gives every recognition ('Miss Gillen' 84, 196, 580; 'Arlene' 72, 141, 188, 431; 'Candy' 173; 'Miss Crawford' 195, 665, 684; 'Mister patron' 309, 401, 582, 691; 'And Frank' 235; 'Frank Sprague as the chair' 668; 'Miss Hawkins' 609), runs the consent agenda, the nonpublic votes and the adjournment (701). This cluster repeatedly absorbs the onset of the member she is recognising (84 'Miss Gillen.' + Skillen's first words; 72 + Hawkins's first words; 6, 208, 211 + other members' roll answers) and swallows a handful of neighbouring voices; the ones that can be tied to another speaker are reassigned by override",But no.,Speaker 1
0:55:46.04,0:55:48.72,3346.04,3348.72,Candace Crawford,"Claremont School Board member (appointed 7/19/2023, re-elected March 2024); reports for the Capital Improvement Committee and the SRVRTC visioning committee. CHAIR'S RECOGNITIONS straight into this voice: 'Yes. Candy.' (173, 1.00) -> 174 'Do I make [a motion]'; 'Any Crawford seconds' (200, 0.86) right after 199; 'the motion, as stated by Miss Crawford' (195, 1.00) closing the Girls on the Run vote she moved at 183; 'And Candace and then, Mr. Patron' (373) -> 374; 'we're going to start with the Capital Improvement Subcommittee. And that would be Miss Crawford' (665, 1.00) -> 666; 'And Miss Crawford, you're up again' (684, 1.00) -> 685. She addresses Bonnie Miles by name at 408 ('I think Bonnie', 0.98), which is what separates Miles from Arlene Hawkins inside Speaker 6",Is this a full time position here?,Speaker 4
0:55:48.92,0:55:51.40,3348.92,3351.40,Chris Pratt,"SUPERINTENDENT OF SCHOOLS, SAU 6 / Claremont School District. The chair puts the staff-nomination motion as 'approving the list of nominations as presented by doctor, Doctor Pratt. Mr. Pratt' (280, both 1.00) immediately after this voice's exchange, and names him three more times as the person who will bring the revised job description (558, 561, 563, 688 - all 1.00). He delivers the superintendent's report (8-41), calls it 'the superintendents report that I sent you' (8), hands off to 'Mr. O'Hearn' (219) and to 'Michael' for the AI/PD questions (31), and apologises to the board in the first person for hiring before the board approved the position (588-589). Bonnie Miles says at 568 'Mr. Pratt was an interim superintendent before you became the superintendent' and Michael Petrin at 538 'We have superintendent Chris was the acting superintendent because someone left mid-term' - both addressed to this voice, and the word 'interim' is never applied to him in the present tense anywhere in the file. Bonnie Miles and Arlene Hawkins both address him as 'Chris' (500, 502, 616; 1.00). ASR also renders him 'Mr. Pride' (610, 1.00)","Full time position, 260 days a year.",Speaker 3
0:55:51.44,0:55:52.84,3351.44,3352.84,Bonnie Miles,"Claremont School Board member. CHAIR'S RECOGNITIONS straight into this voice: 'Sorry, Mr. Peter and then miss Miles' (303, 'Miles' 0.96) and 'Who's next, miss Miles?' (312, 'Miles' 1.00) -> 313, which opens her long run of questions on the assistant tech-centre director; Candace Crawford answers her by name at 408 ('I think Bonnie', 0.98) while this voice is speaking at 406-413. She is the member who asks whether the board may approve a position that has already been filled (322-332), who proposes the word 'acting' (335, 469) and who moves the amendment adopted that night (533). CAUTION - THIS CLUSTER MERGES TWO WOMEN: Speaker 6 carries both Bonnie Miles and Arlene Hawkins. Rows keep Miles by default; every stretch that a chair recognition or a colleague's direct address ties to Hawkins is reassigned by override. Short interjections that fall between the anchored runs cannot be separated acoustically and could belong to either member",In Claremont.,Speaker 6
0:55:52.85,0:55:55.80,3352.85,3355.80,Chris Pratt,"SUPERINTENDENT OF SCHOOLS, SAU 6 / Claremont School District. The chair puts the staff-nomination motion as 'approving the list of nominations as presented by doctor, Doctor Pratt. Mr. Pratt' (280, both 1.00) immediately after this voice's exchange, and names him three more times as the person who will bring the revised job description (558, 561, 563, 688 - all 1.00). He delivers the superintendent's report (8-41), calls it 'the superintendents report that I sent you' (8), hands off to 'Mr. O'Hearn' (219) and to 'Michael' for the AI/PD questions (31), and apologises to the board in the first person for hiring before the board approved the position (588-589). Bonnie Miles says at 568 'Mr. Pratt was an interim superintendent before you became the superintendent' and Michael Petrin at 538 'We have superintendent Chris was the acting superintendent because someone left mid-term' - both addressed to this voice, and the word 'interim' is never applied to him in the present tense anywhere in the file. Bonnie Miles and Arlene Hawkins both address him as 'Chris' (500, 502, 616; 1.00). ASR also renders him 'Mr. Pride' (610, 1.00)","And they don't they don't work for,",Speaker 3
0:55:55.88,0:55:56.88,3355.88,3356.88,Heather Whitney,"CHAIR, Claremont School Board (chair since 4/5/2023, re-elected chair 3/20/2024). She opens the meeting in her own voice at 0 ('I would like to call to order the August 21st, 2024 meeting of the Claremont School Board'), notes the clerk is absent and takes the roll herself at 4-6 ('In the absence of our secretary [or] Clark'), and reads her own name LAST in both roll calls (6; 215 'And Heather Whitney', both words confidence 1.00). Whitney Skillen names her in the third person at 532 ('I think what Heather is asking is...', 'Heather' 1.00) and Bonnie Miles addresses her as 'Heather.' at 555 (1.00) - which fixes this presiding voice as Heather Whitney and NOT Whitney Skillen, the other sitting member whose first name is Whitney and who is a separate cluster (Speaker 7) in this same recording. She gives every recognition ('Miss Gillen' 84, 196, 580; 'Arlene' 72, 141, 188, 431; 'Candy' 173; 'Miss Crawford' 195, 665, 684; 'Mister patron' 309, 401, 582, 691; 'And Frank' 235; 'Frank Sprague as the chair' 668; 'Miss Hawkins' 609), runs the consent agenda, the nonpublic votes and the adjournment (701). This cluster repeatedly absorbs the onset of the member she is recognising (84 'Miss Gillen.' + Skillen's first words; 72 + Hawkins's first words; 6, 208, 211 + other members' roll answers) and swallows a handful of neighbouring voices; the ones that can be tied to another speaker are reassigned by override",They just go over there for.,Speaker 1
0:55:57.08,0:56:01.68,3357.08,3361.68,Candace Crawford,"Claremont School Board member (appointed 7/19/2023, re-elected March 2024); reports for the Capital Improvement Committee and the SRVRTC visioning committee. CHAIR'S RECOGNITIONS straight into this voice: 'Yes. Candy.' (173, 1.00) -> 174 'Do I make [a motion]'; 'Any Crawford seconds' (200, 0.86) right after 199; 'the motion, as stated by Miss Crawford' (195, 1.00) closing the Girls on the Run vote she moved at 183; 'And Candace and then, Mr. Patron' (373) -> 374; 'we're going to start with the Capital Improvement Subcommittee. And that would be Miss Crawford' (665, 1.00) -> 666; 'And Miss Crawford, you're up again' (684, 1.00) -> 685. She addresses Bonnie Miles by name at 408 ('I think Bonnie', 0.98), which is what separates Miles from Arlene Hawkins inside Speaker 6",But the but the director works for both Newport and Claremont.,Speaker 4
0:56:01.72,0:56:08.64,3361.72,3368.64,Chris Pratt,"SUPERINTENDENT OF SCHOOLS, SAU 6 / Claremont School District. The chair puts the staff-nomination motion as 'approving the list of nominations as presented by doctor, Doctor Pratt. Mr. Pratt' (280, both 1.00) immediately after this voice's exchange, and names him three more times as the person who will bring the revised job description (558, 561, 563, 688 - all 1.00). He delivers the superintendent's report (8-41), calls it 'the superintendents report that I sent you' (8), hands off to 'Mr. O'Hearn' (219) and to 'Michael' for the AI/PD questions (31), and apologises to the board in the first person for hiring before the board approved the position (588-589). Bonnie Miles says at 568 'Mr. Pratt was an interim superintendent before you became the superintendent' and Michael Petrin at 538 'We have superintendent Chris was the acting superintendent because someone left mid-term' - both addressed to this voice, and the word 'interim' is never applied to him in the present tense anywhere in the file. Bonnie Miles and Arlene Hawkins both address him as 'Chris' (500, 502, 616; 1.00). ASR also renders him 'Mr. Pride' (610, 1.00)",Right. Technically the director is employed by Newport. I person will be employed by Claremont.,Speaker 3
0:56:08.72,0:56:12.56,3368.72,3372.56,Bonnie Miles,"Claremont School Board member. CHAIR'S RECOGNITIONS straight into this voice: 'Sorry, Mr. Peter and then miss Miles' (303, 'Miles' 0.96) and 'Who's next, miss Miles?' (312, 'Miles' 1.00) -> 313, which opens her long run of questions on the assistant tech-centre director; Candace Crawford answers her by name at 408 ('I think Bonnie', 0.98) while this voice is speaking at 406-413. She is the member who asks whether the board may approve a position that has already been filled (322-332), who proposes the word 'acting' (335, 469) and who moves the amendment adopted that night (533). CAUTION - THIS CLUSTER MERGES TWO WOMEN: Speaker 6 carries both Bonnie Miles and Arlene Hawkins. Rows keep Miles by default; every stretch that a chair recognition or a colleague's direct address ties to Hawkins is reassigned by override. Short interjections that fall between the anchored runs cannot be separated acoustically and could belong to either member",So then under location it says Claremont and Newport.,Speaker 6
0:56:12.64,0:56:36.20,3372.64,3396.20,Chris Pratt,"SUPERINTENDENT OF SCHOOLS, SAU 6 / Claremont School District. The chair puts the staff-nomination motion as 'approving the list of nominations as presented by doctor, Doctor Pratt. Mr. Pratt' (280, both 1.00) immediately after this voice's exchange, and names him three more times as the person who will bring the revised job description (558, 561, 563, 688 - all 1.00). He delivers the superintendent's report (8-41), calls it 'the superintendents report that I sent you' (8), hands off to 'Mr. O'Hearn' (219) and to 'Michael' for the AI/PD questions (31), and apologises to the board in the first person for hiring before the board approved the position (588-589). Bonnie Miles says at 568 'Mr. Pratt was an interim superintendent before you became the superintendent' and Michael Petrin at 538 'We have superintendent Chris was the acting superintendent because someone left mid-term' - both addressed to this voice, and the word 'interim' is never applied to him in the present tense anywhere in the file. Bonnie Miles and Arlene Hawkins both address him as 'Chris' (500, 502, 616; 1.00). ASR also renders him 'Mr. Pride' (610, 1.00)","Because those are the areas they'd be working together on. Or would you trying to build a program. So. So technically here it is. Okay. It's I understand where you're coming from is that you kind of put the  the capital of horse. Technically she didn't sign a contract yet because it's moving that quick. Okay. She hasn't signed it. So you guys have every right to say no, we're not approving this job description.",Speaker 3
0:56:36.40,0:56:45.68,3396.40,3405.68,Chris Pratt,"SUPERINTENDENT OF SCHOOLS, SAU 6 / Claremont School District. The chair puts the staff-nomination motion as 'approving the list of nominations as presented by doctor, Doctor Pratt. Mr. Pratt' (280, both 1.00) immediately after this voice's exchange, and names him three more times as the person who will bring the revised job description (558, 561, 563, 688 - all 1.00). He delivers the superintendent's report (8-41), calls it 'the superintendents report that I sent you' (8), hands off to 'Mr. O'Hearn' (219) and to 'Michael' for the AI/PD questions (31), and apologises to the board in the first person for hiring before the board approved the position (588-589). Bonnie Miles says at 568 'Mr. Pratt was an interim superintendent before you became the superintendent' and Michael Petrin at 538 'We have superintendent Chris was the acting superintendent because someone left mid-term' - both addressed to this voice, and the word 'interim' is never applied to him in the present tense anywhere in the file. Bonnie Miles and Arlene Hawkins both address him as 'Chris' (500, 502, 616; 1.00). ASR also renders him 'Mr. Pride' (610, 1.00)",And and so that would mean we'd have to go back to the drawing board. I put her back to where elementary position. And then.,Speaker 3
0:56:45.76,0:56:46.16,3405.76,3406.16,Chris Pratt,"SUPERINTENDENT OF SCHOOLS - a diarizer clipping cluster rather than a separate person: eighteen fragments inside the assistant-tech-director item, most of them the onset or tail of one of his own Speaker 3 sentences (392+393 'I don't / think we're going to get to run the tech'; 421+422 'I would / never do that'; 435+436 '[job description] can / be we can update this any at any time'; 449+450; 366+367 'Who's / long term [view]'). The fragments that belong to Frank Sprague or the chair are reassigned by override",I don't.,Speaker 12
0:56:46.16,0:56:50.64,3406.16,3410.64,Chris Pratt,"SUPERINTENDENT OF SCHOOLS, SAU 6 / Claremont School District. The chair puts the staff-nomination motion as 'approving the list of nominations as presented by doctor, Doctor Pratt. Mr. Pratt' (280, both 1.00) immediately after this voice's exchange, and names him three more times as the person who will bring the revised job description (558, 561, 563, 688 - all 1.00). He delivers the superintendent's report (8-41), calls it 'the superintendents report that I sent you' (8), hands off to 'Mr. O'Hearn' (219) and to 'Michael' for the AI/PD questions (31), and apologises to the board in the first person for hiring before the board approved the position (588-589). Bonnie Miles says at 568 'Mr. Pratt was an interim superintendent before you became the superintendent' and Michael Petrin at 538 'We have superintendent Chris was the acting superintendent because someone left mid-term' - both addressed to this voice, and the word 'interim' is never applied to him in the present tense anywhere in the file. Bonnie Miles and Arlene Hawkins both address him as 'Chris' (500, 502, 616; 1.00). ASR also renders him 'Mr. Pride' (610, 1.00)",Think we're going to get to run the the text.,Speaker 3
0:56:50.72,0:56:59.52,3410.72,3419.52,Chris Pratt,"SUPERINTENDENT OF SCHOOLS, SAU 6 / Claremont School District. The chair puts the staff-nomination motion as 'approving the list of nominations as presented by doctor, Doctor Pratt. Mr. Pratt' (280, both 1.00) immediately after this voice's exchange, and names him three more times as the person who will bring the revised job description (558, 561, 563, 688 - all 1.00). He delivers the superintendent's report (8-41), calls it 'the superintendents report that I sent you' (8), hands off to 'Mr. O'Hearn' (219) and to 'Michael' for the AI/PD questions (31), and apologises to the board in the first person for hiring before the board approved the position (588-589). Bonnie Miles says at 568 'Mr. Pratt was an interim superintendent before you became the superintendent' and Michael Petrin at 538 'We have superintendent Chris was the acting superintendent because someone left mid-term' - both addressed to this voice, and the word 'interim' is never applied to him in the present tense anywhere in the file. Bonnie Miles and Arlene Hawkins both address him as 'Chris' (500, 502, 616; 1.00). ASR also renders him 'Mr. Pride' (610, 1.00)","Because I think, you know, Jess was pretty much doing it all summer. And, and I'm like, we're lucky she's still here right now because it was.",Speaker 3
0:56:59.60,0:57:01.32,3419.60,3421.32,Bonnie Miles,"Claremont School Board member. CHAIR'S RECOGNITIONS straight into this voice: 'Sorry, Mr. Peter and then miss Miles' (303, 'Miles' 0.96) and 'Who's next, miss Miles?' (312, 'Miles' 1.00) -> 313, which opens her long run of questions on the assistant tech-centre director; Candace Crawford answers her by name at 408 ('I think Bonnie', 0.98) while this voice is speaking at 406-413. She is the member who asks whether the board may approve a position that has already been filled (322-332), who proposes the word 'acting' (335, 469) and who moves the amendment adopted that night (533). CAUTION - THIS CLUSTER MERGES TWO WOMEN: Speaker 6 carries both Bonnie Miles and Arlene Hawkins. Rows keep Miles by default; every stretch that a chair recognition or a colleague's direct address ties to Hawkins is reassigned by override. Short interjections that fall between the anchored runs cannot be separated acoustically and could belong to either member",This is the person who applied. Is that.,Speaker 6
0:57:01.33,0:57:02.28,3421.33,3422.28,Michael Petrin,"Claremont School Board member (returned to the board as a write-in in the March 2024 election). CHAIR'S RECOGNITIONS, each straight into this voice: 'Mike, do you have a question?' (188) -> 189; 'Mister patron.' (309, 0.94) -> 310; 'Mister patron.' (401, 1.00) -> 402; 'Mike.' (551, 1.00) -> 552 ('No.'); 'Mr. patron?' (582, 1.00) -> 583 ('No.'); 'Mr. patron.' (691, 0.76) -> 692. He answers the opening roll in this voice at 5 ('Patron here', 'Patron' 1.00) and the nonpublic roll at 209, and the chair credits the second on the tech-centre motion to him at 292 ('Second for Mike patron'). At 130-132 he speaks off 'Frank and Whitney, what they were saying' and tells Sprague 'Frank retired. You can go take a walk. I can't' - so he is neither of them - and Frank Sprague places him at 483: 'Mike has a background in physical therapy.' ASR renders him 'Patron', 'patron', 'Peterson' (406, 1.00). THIS CLUSTER IS A MERGE: it also carries Assistant Superintendent Mike Koski's long turns, several of Frank Sprague's, and dozens of sub-second interjections from other people; every stretch that could be tied to another speaker is reassigned by override, and short unanchored backchannels left under this label may belong to someone else",What Secretary.,Speaker 2
0:57:02.32,0:57:03.80,3422.32,3423.80,Heather Whitney,"CHAIR, Claremont School Board (chair since 4/5/2023, re-elected chair 3/20/2024). She opens the meeting in her own voice at 0 ('I would like to call to order the August 21st, 2024 meeting of the Claremont School Board'), notes the clerk is absent and takes the roll herself at 4-6 ('In the absence of our secretary [or] Clark'), and reads her own name LAST in both roll calls (6; 215 'And Heather Whitney', both words confidence 1.00). Whitney Skillen names her in the third person at 532 ('I think what Heather is asking is...', 'Heather' 1.00) and Bonnie Miles addresses her as 'Heather.' at 555 (1.00) - which fixes this presiding voice as Heather Whitney and NOT Whitney Skillen, the other sitting member whose first name is Whitney and who is a separate cluster (Speaker 7) in this same recording. She gives every recognition ('Miss Gillen' 84, 196, 580; 'Arlene' 72, 141, 188, 431; 'Candy' 173; 'Miss Crawford' 195, 665, 684; 'Mister patron' 309, 401, 582, 691; 'And Frank' 235; 'Frank Sprague as the chair' 668; 'Miss Hawkins' 609), runs the consent agenda, the nonpublic votes and the adjournment (701). This cluster repeatedly absorbs the onset of the member she is recognising (84 'Miss Gillen.' + Skillen's first words; 72 + Hawkins's first words; 6, 208, 211 + other members' roll answers) and swallows a handful of neighbouring voices; the ones that can be tied to another speaker are reassigned by override",Secretary. Who's the secretary?,Speaker 1
0:57:03.84,0:57:04.52,3423.84,3424.52,Bonnie Miles,"Claremont School Board member. CHAIR'S RECOGNITIONS straight into this voice: 'Sorry, Mr. Peter and then miss Miles' (303, 'Miles' 0.96) and 'Who's next, miss Miles?' (312, 'Miles' 1.00) -> 313, which opens her long run of questions on the assistant tech-centre director; Candace Crawford answers her by name at 408 ('I think Bonnie', 0.98) while this voice is speaking at 406-413. She is the member who asks whether the board may approve a position that has already been filled (322-332), who proposes the word 'acting' (335, 469) and who moves the amendment adopted that night (533). CAUTION - THIS CLUSTER MERGES TWO WOMEN: Speaker 6 carries both Bonnie Miles and Arlene Hawkins. Rows keep Miles by default; every stretch that a chair recognition or a colleague's direct address ties to Hawkins is reassigned by override. Short interjections that fall between the anchored runs cannot be separated acoustically and could belong to either member",Okay.,Speaker 6
0:57:04.60,0:57:26.44,3424.60,3446.44,Chris Pratt,"SUPERINTENDENT OF SCHOOLS, SAU 6 / Claremont School District. The chair puts the staff-nomination motion as 'approving the list of nominations as presented by doctor, Doctor Pratt. Mr. Pratt' (280, both 1.00) immediately after this voice's exchange, and names him three more times as the person who will bring the revised job description (558, 561, 563, 688 - all 1.00). He delivers the superintendent's report (8-41), calls it 'the superintendents report that I sent you' (8), hands off to 'Mr. O'Hearn' (219) and to 'Michael' for the AI/PD questions (31), and apologises to the board in the first person for hiring before the board approved the position (588-589). Bonnie Miles says at 568 'Mr. Pratt was an interim superintendent before you became the superintendent' and Michael Petrin at 538 'We have superintendent Chris was the acting superintendent because someone left mid-term' - both addressed to this voice, and the word 'interim' is never applied to him in the present tense anywhere in the file. Bonnie Miles and Arlene Hawkins both address him as 'Chris' (500, 502, 616; 1.00). ASR also renders him 'Mr. Pride' (610, 1.00)","So so you guys still have that  upon me. Say we don't we don't we don't approve. Assistant director.  We want a full time director. Just a director. And, you know, and that's fine. I understand your frustration and not something you had that. But from my I had to, you know, I had to make a decision because of the urgency and put in the students person regards to.",Speaker 3
0:57:26.64,0:57:31.88,3446.64,3451.88,Chris Pratt,"SUPERINTENDENT OF SCHOOLS, SAU 6 / Claremont School District. The chair puts the staff-nomination motion as 'approving the list of nominations as presented by doctor, Doctor Pratt. Mr. Pratt' (280, both 1.00) immediately after this voice's exchange, and names him three more times as the person who will bring the revised job description (558, 561, 563, 688 - all 1.00). He delivers the superintendent's report (8-41), calls it 'the superintendents report that I sent you' (8), hands off to 'Mr. O'Hearn' (219) and to 'Michael' for the AI/PD questions (31), and apologises to the board in the first person for hiring before the board approved the position (588-589). Bonnie Miles says at 568 'Mr. Pratt was an interim superintendent before you became the superintendent' and Michael Petrin at 538 'We have superintendent Chris was the acting superintendent because someone left mid-term' - both addressed to this voice, and the word 'interim' is never applied to him in the present tense anywhere in the file. Bonnie Miles and Arlene Hawkins both address him as 'Chris' (500, 502, 616; 1.00). ASR also renders him 'Mr. Pride' (610, 1.00)",I need someone in here. I don't feel I'm settling with this person at all.,Speaker 3
0:57:31.96,0:57:33.04,3451.96,3453.04,Heather Whitney,"CHAIR, Claremont School Board (chair since 4/5/2023, re-elected chair 3/20/2024). She opens the meeting in her own voice at 0 ('I would like to call to order the August 21st, 2024 meeting of the Claremont School Board'), notes the clerk is absent and takes the roll herself at 4-6 ('In the absence of our secretary [or] Clark'), and reads her own name LAST in both roll calls (6; 215 'And Heather Whitney', both words confidence 1.00). Whitney Skillen names her in the third person at 532 ('I think what Heather is asking is...', 'Heather' 1.00) and Bonnie Miles addresses her as 'Heather.' at 555 (1.00) - which fixes this presiding voice as Heather Whitney and NOT Whitney Skillen, the other sitting member whose first name is Whitney and who is a separate cluster (Speaker 7) in this same recording. She gives every recognition ('Miss Gillen' 84, 196, 580; 'Arlene' 72, 141, 188, 431; 'Candy' 173; 'Miss Crawford' 195, 665, 684; 'Mister patron' 309, 401, 582, 691; 'And Frank' 235; 'Frank Sprague as the chair' 668; 'Miss Hawkins' 609), runs the consent agenda, the nonpublic votes and the adjournment (701). This cluster repeatedly absorbs the onset of the member she is recognising (84 'Miss Gillen.' + Skillen's first words; 72 + Hawkins's first words; 6, 208, 211 + other members' roll answers) and swallows a handful of neighbouring voices; the ones that can be tied to another speaker are reassigned by override",Mister patron.,Speaker 1
0:57:33.12,0:58:00.36,3453.12,3480.36,Michael Petrin,"Claremont School Board member (returned to the board as a write-in in the March 2024 election). CHAIR'S RECOGNITIONS, each straight into this voice: 'Mike, do you have a question?' (188) -> 189; 'Mister patron.' (309, 0.94) -> 310; 'Mister patron.' (401, 1.00) -> 402; 'Mike.' (551, 1.00) -> 552 ('No.'); 'Mr. patron?' (582, 1.00) -> 583 ('No.'); 'Mr. patron.' (691, 0.76) -> 692. He answers the opening roll in this voice at 5 ('Patron here', 'Patron' 1.00) and the nonpublic roll at 209, and the chair credits the second on the tech-centre motion to him at 292 ('Second for Mike patron'). At 130-132 he speaks off 'Frank and Whitney, what they were saying' and tells Sprague 'Frank retired. You can go take a walk. I can't' - so he is neither of them - and Frank Sprague places him at 483: 'Mike has a background in physical therapy.' ASR renders him 'Patron', 'patron', 'Peterson' (406, 1.00). THIS CLUSTER IS A MERGE: it also carries Assistant Superintendent Mike Koski's long turns, several of Frank Sprague's, and dozens of sub-second interjections from other people; every stretch that could be tied to another speaker is reassigned by override, and short unanchored backchannels left under this label may belong to someone else","So  I mean, I guess I support this because I see what happened with Chris and this is on another agenda which got at our fault.  The meeting was missed. I think I'm probably one that missed that meeting.  But. So he had good intentions of bringing this forward to us before,  hiring someone. I think it's a bigger shot in the foot for this program, in this this building.",Speaker 2
0:58:00.44,0:58:24.28,3480.44,3504.28,Michael Petrin,"Claremont School Board member (returned to the board as a write-in in the March 2024 election). CHAIR'S RECOGNITIONS, each straight into this voice: 'Mike, do you have a question?' (188) -> 189; 'Mister patron.' (309, 0.94) -> 310; 'Mister patron.' (401, 1.00) -> 402; 'Mike.' (551, 1.00) -> 552 ('No.'); 'Mr. patron?' (582, 1.00) -> 583 ('No.'); 'Mr. patron.' (691, 0.76) -> 692. He answers the opening roll in this voice at 5 ('Patron here', 'Patron' 1.00) and the nonpublic roll at 209, and the chair credits the second on the tech-centre motion to him at 292 ('Second for Mike patron'). At 130-132 he speaks off 'Frank and Whitney, what they were saying' and tells Sprague 'Frank retired. You can go take a walk. I can't' - so he is neither of them - and Frank Sprague places him at 483: 'Mike has a background in physical therapy.' ASR renders him 'Patron', 'patron', 'Peterson' (406, 1.00). THIS CLUSTER IS A MERGE: it also carries Assistant Superintendent Mike Koski's long turns, several of Frank Sprague's, and dozens of sub-second interjections from other people; every stretch that could be tied to another speaker is reassigned by override, and short unanchored backchannels left under this label may belong to someone else","If we say no because then we're we don't have anybody. So I think going with an assistant assistant director, with the director from Newport overseeing both  and helping both buildings, and he's a great director, and he knows what he's doing. He knows how to get programs up and moving and running  with that guidance.  I don't see why we wouldn't do this.",Speaker 2
0:58:24.44,0:58:43.88,3504.44,3523.88,Michael Petrin,"Claremont School Board member (returned to the board as a write-in in the March 2024 election). CHAIR'S RECOGNITIONS, each straight into this voice: 'Mike, do you have a question?' (188) -> 189; 'Mister patron.' (309, 0.94) -> 310; 'Mister patron.' (401, 1.00) -> 402; 'Mike.' (551, 1.00) -> 552 ('No.'); 'Mr. patron?' (582, 1.00) -> 583 ('No.'); 'Mr. patron.' (691, 0.76) -> 692. He answers the opening roll in this voice at 5 ('Patron here', 'Patron' 1.00) and the nonpublic roll at 209, and the chair credits the second on the tech-centre motion to him at 292 ('Second for Mike patron'). At 130-132 he speaks off 'Frank and Whitney, what they were saying' and tells Sprague 'Frank retired. You can go take a walk. I can't' - so he is neither of them - and Frank Sprague places him at 483: 'Mike has a background in physical therapy.' ASR renders him 'Patron', 'patron', 'Peterson' (406, 1.00). THIS CLUSTER IS A MERGE: it also carries Assistant Superintendent Mike Koski's long turns, several of Frank Sprague's, and dozens of sub-second interjections from other people; every stretch that could be tied to another speaker is reassigned by override, and short unanchored backchannels left under this label may belong to someone else","It's a year and we can change. Yeah, we could change after this year if we need to. That's the direction you want to go. I think not doing this is a bigger is a bigger shot to this, to this building than doing this. Because if we don't do this, we don't have anybody. So.",Speaker 2
0:58:43.96,0:58:45.40,3523.96,3525.40,Heather Whitney,"CHAIR, Claremont School Board (chair since 4/5/2023, re-elected chair 3/20/2024). She opens the meeting in her own voice at 0 ('I would like to call to order the August 21st, 2024 meeting of the Claremont School Board'), notes the clerk is absent and takes the roll herself at 4-6 ('In the absence of our secretary [or] Clark'), and reads her own name LAST in both roll calls (6; 215 'And Heather Whitney', both words confidence 1.00). Whitney Skillen names her in the third person at 532 ('I think what Heather is asking is...', 'Heather' 1.00) and Bonnie Miles addresses her as 'Heather.' at 555 (1.00) - which fixes this presiding voice as Heather Whitney and NOT Whitney Skillen, the other sitting member whose first name is Whitney and who is a separate cluster (Speaker 7) in this same recording. She gives every recognition ('Miss Gillen' 84, 196, 580; 'Arlene' 72, 141, 188, 431; 'Candy' 173; 'Miss Crawford' 195, 665, 684; 'Mister patron' 309, 401, 582, 691; 'And Frank' 235; 'Frank Sprague as the chair' 668; 'Miss Hawkins' 609), runs the consent agenda, the nonpublic votes and the adjournment (701). This cluster repeatedly absorbs the onset of the member she is recognising (84 'Miss Gillen.' + Skillen's first words; 72 + Hawkins's first words; 6, 208, 211 + other members' roll answers) and swallows a handful of neighbouring voices; the ones that can be tied to another speaker are reassigned by override",It's okay.,Speaker 1
0:58:45.48,0:59:12.08,3525.48,3552.08,Bonnie Miles,"Claremont School Board member. CHAIR'S RECOGNITIONS straight into this voice: 'Sorry, Mr. Peter and then miss Miles' (303, 'Miles' 0.96) and 'Who's next, miss Miles?' (312, 'Miles' 1.00) -> 313, which opens her long run of questions on the assistant tech-centre director; Candace Crawford answers her by name at 408 ('I think Bonnie', 0.98) while this voice is speaking at 406-413. She is the member who asks whether the board may approve a position that has already been filled (322-332), who proposes the word 'acting' (335, 469) and who moves the amendment adopted that night (533). CAUTION - THIS CLUSTER MERGES TWO WOMEN: Speaker 6 carries both Bonnie Miles and Arlene Hawkins. Rows keep Miles by default; every stretch that a chair recognition or a colleague's direct address ties to Hawkins is reassigned by override. Short interjections that fall between the anchored runs cannot be separated acoustically and could belong to either member","I do agree with what he said. Mr. Peterson said, I just and I can't remember names. So you probably want the gentleman who who from  the s Reb who came up and spoke to everybody. I would feel better if you personally spoke with him just to be extra sure. We have with him. I mean, I, you know, coming from just a.",Speaker 6
0:59:12.16,0:59:12.92,3552.16,3552.92,Michael Petrin,"Claremont School Board member (returned to the board as a write-in in the March 2024 election). CHAIR'S RECOGNITIONS, each straight into this voice: 'Mike, do you have a question?' (188) -> 189; 'Mister patron.' (309, 0.94) -> 310; 'Mister patron.' (401, 1.00) -> 402; 'Mike.' (551, 1.00) -> 552 ('No.'); 'Mr. patron?' (582, 1.00) -> 583 ('No.'); 'Mr. patron.' (691, 0.76) -> 692. He answers the opening roll in this voice at 5 ('Patron here', 'Patron' 1.00) and the nonpublic roll at 209, and the chair credits the second on the tech-centre motion to him at 292 ('Second for Mike patron'). At 130-132 he speaks off 'Frank and Whitney, what they were saying' and tells Sprague 'Frank retired. You can go take a walk. I can't' - so he is neither of them - and Frank Sprague places him at 483: 'Mike has a background in physical therapy.' ASR renders him 'Patron', 'patron', 'Peterson' (406, 1.00). THIS CLUSTER IS A MERGE: it also carries Assistant Superintendent Mike Koski's long turns, several of Frank Sprague's, and dozens of sub-second interjections from other people; every stretch that could be tied to another speaker is reassigned by override, and short unanchored backchannels left under this label may belong to someone else",They're not.,Speaker 2
0:59:13.00,0:59:22.64,3553.00,3562.64,Candace Crawford,"Claremont School Board member (appointed 7/19/2023, re-elected March 2024); reports for the Capital Improvement Committee and the SRVRTC visioning committee. CHAIR'S RECOGNITIONS straight into this voice: 'Yes. Candy.' (173, 1.00) -> 174 'Do I make [a motion]'; 'Any Crawford seconds' (200, 0.86) right after 199; 'the motion, as stated by Miss Crawford' (195, 1.00) closing the Girls on the Run vote she moved at 183; 'And Candace and then, Mr. Patron' (373) -> 374; 'we're going to start with the Capital Improvement Subcommittee. And that would be Miss Crawford' (665, 1.00) -> 666; 'And Miss Crawford, you're up again' (684, 1.00) -> 685. She addresses Bonnie Miles by name at 408 ('I think Bonnie', 0.98), which is what separates Miles from Arlene Hawkins inside Speaker 6","They're not I think Bonnie they, they have a different agenda and a different purpose than what? Okay. For your understanding.",Speaker 4
0:59:22.64,0:59:29.52,3562.64,3569.52,Bonnie Miles,"Claremont School Board member. CHAIR'S RECOGNITIONS straight into this voice: 'Sorry, Mr. Peter and then miss Miles' (303, 'Miles' 0.96) and 'Who's next, miss Miles?' (312, 'Miles' 1.00) -> 313, which opens her long run of questions on the assistant tech-centre director; Candace Crawford answers her by name at 408 ('I think Bonnie', 0.98) while this voice is speaking at 406-413. She is the member who asks whether the board may approve a position that has already been filled (322-332), who proposes the word 'acting' (335, 469) and who moves the amendment adopted that night (533). CAUTION - THIS CLUSTER MERGES TWO WOMEN: Speaker 6 carries both Bonnie Miles and Arlene Hawkins. Rows keep Miles by default; every stretch that a chair recognition or a colleague's direct address ties to Hawkins is reassigned by override. Short interjections that fall between the anchored runs cannot be separated acoustically and could belong to either member","I'm thinking I'm thinking of, not losing that funding that we worked so hard to get.",Speaker 6
0:59:29.60,0:59:30.08,3569.60,3570.08,Whitney Skillen,"Claremont School Board member; CHAIR of the Policy subcommittee. CHAIR'S RECOGNITIONS straight into this voice: 'Miss Gillen.' (84, 0.82) -> 85; 'Yes, Miss Gillen.' (196, 0.43) -> 197, her motion to go into nonpublic; 'So the skill[en]' (298) -> 299; 'Miss Kellen.' (531, 0.62) -> 532; 'we can do a roll call, Whitney' (542, 0.94) -> 543; 'No objection, Miss Gillen' (580, 0.48) -> 581; 'Anybody like to make a motion and then miss going [Gillen]' (653) -> 654; and 'Anything from the policy subcommittee?' (677) -> 678, where she reports on her own schedule as policy chair. She refers to the chair in the third person at 532 ('I think what Heather is asking is'), so she is NOT Heather Whitney, who is a separate cluster (Speaker 1) here. The ASR garbles her surname as 'Gillen', 'going', 'Kellen', 'skill', 'Skilling' and - in the chair's 233 - 'still on'",We're not.,Speaker 7
0:59:30.16,0:59:35.76,3570.16,3575.76,Bonnie Miles,"Claremont School Board member. CHAIR'S RECOGNITIONS straight into this voice: 'Sorry, Mr. Peter and then miss Miles' (303, 'Miles' 0.96) and 'Who's next, miss Miles?' (312, 'Miles' 1.00) -> 313, which opens her long run of questions on the assistant tech-centre director; Candace Crawford answers her by name at 408 ('I think Bonnie', 0.98) while this voice is speaking at 406-413. She is the member who asks whether the board may approve a position that has already been filled (322-332), who proposes the word 'acting' (335, 469) and who moves the amendment adopted that night (533). CAUTION - THIS CLUSTER MERGES TWO WOMEN: Speaker 6 carries both Bonnie Miles and Arlene Hawkins. Rows keep Miles by default; every stretch that a chair recognition or a colleague's direct address ties to Hawkins is reassigned by override. Short interjections that fall between the anchored runs cannot be separated acoustically and could belong to either member","Felt  for a while. Well, the status of the of the school, how they.",Speaker 6
0:59:35.84,0:59:46.11,3575.84,3586.11,Candace Crawford,"Claremont School Board member (appointed 7/19/2023, re-elected March 2024); reports for the Capital Improvement Committee and the SRVRTC visioning committee. CHAIR'S RECOGNITIONS straight into this voice: 'Yes. Candy.' (173, 1.00) -> 174 'Do I make [a motion]'; 'Any Crawford seconds' (200, 0.86) right after 199; 'the motion, as stated by Miss Crawford' (195, 1.00) closing the Girls on the Run vote she moved at 183; 'And Candace and then, Mr. Patron' (373) -> 374; 'we're going to start with the Capital Improvement Subcommittee. And that would be Miss Crawford' (665, 1.00) -> 666; 'And Miss Crawford, you're up again' (684, 1.00) -> 685. She addresses Bonnie Miles by name at 408 ('I think Bonnie', 0.98), which is what separates Miles from Arlene Hawkins inside Speaker 6","You know, it was Jeff. Jeff beard.  Good. That's. It doesn't work. Right. He's with the Department of Education for.  Okay.",Speaker 4
0:59:46.20,0:59:47.72,3586.20,3587.72,Bonnie Miles,"Claremont School Board member. CHAIR'S RECOGNITIONS straight into this voice: 'Sorry, Mr. Peter and then miss Miles' (303, 'Miles' 0.96) and 'Who's next, miss Miles?' (312, 'Miles' 1.00) -> 313, which opens her long run of questions on the assistant tech-centre director; Candace Crawford answers her by name at 408 ('I think Bonnie', 0.98) while this voice is speaking at 406-413. She is the member who asks whether the board may approve a position that has already been filled (322-332), who proposes the word 'acting' (335, 469) and who moves the amendment adopted that night (533). CAUTION - THIS CLUSTER MERGES TWO WOMEN: Speaker 6 carries both Bonnie Miles and Arlene Hawkins. Rows keep Miles by default; every stretch that a chair recognition or a colleague's direct address ties to Hawkins is reassigned by override. Short interjections that fall between the anchored runs cannot be separated acoustically and could belong to either member",He was glad.,Speaker 6
0:59:47.80,0:59:48.36,3587.80,3588.36,Candace Crawford,"Claremont School Board member (appointed 7/19/2023, re-elected March 2024); reports for the Capital Improvement Committee and the SRVRTC visioning committee. CHAIR'S RECOGNITIONS straight into this voice: 'Yes. Candy.' (173, 1.00) -> 174 'Do I make [a motion]'; 'Any Crawford seconds' (200, 0.86) right after 199; 'the motion, as stated by Miss Crawford' (195, 1.00) closing the Girls on the Run vote she moved at 183; 'And Candace and then, Mr. Patron' (373) -> 374; 'we're going to start with the Capital Improvement Subcommittee. And that would be Miss Crawford' (665, 1.00) -> 666; 'And Miss Crawford, you're up again' (684, 1.00) -> 685. She addresses Bonnie Miles by name at 408 ('I think Bonnie', 0.98), which is what separates Miles from Arlene Hawkins inside Speaker 6",He's he.,Speaker 4
0:59:48.36,1:00:03.28,3588.36,3603.28,Chris Pratt,"SUPERINTENDENT OF SCHOOLS, SAU 6 / Claremont School District. The chair puts the staff-nomination motion as 'approving the list of nominations as presented by doctor, Doctor Pratt. Mr. Pratt' (280, both 1.00) immediately after this voice's exchange, and names him three more times as the person who will bring the revised job description (558, 561, 563, 688 - all 1.00). He delivers the superintendent's report (8-41), calls it 'the superintendents report that I sent you' (8), hands off to 'Mr. O'Hearn' (219) and to 'Michael' for the AI/PD questions (31), and apologises to the board in the first person for hiring before the board approved the position (588-589). Bonnie Miles says at 568 'Mr. Pratt was an interim superintendent before you became the superintendent' and Michael Petrin at 538 'We have superintendent Chris was the acting superintendent because someone left mid-term' - both addressed to this voice, and the word 'interim' is never applied to him in the present tense anywhere in the file. Bonnie Miles and Arlene Hawkins both address him as 'Chris' (500, 502, 616; 1.00). ASR also renders him 'Mr. Pride' (610, 1.00)",Would be in brushed it out and Eric told me that you know talking to him because he did the legwork  for us is that he thought it was it was it was a great model to be doing okay.,Speaker 3
1:00:03.36,1:00:11.08,3603.36,3611.08,Heather Whitney,"CHAIR, Claremont School Board (chair since 4/5/2023, re-elected chair 3/20/2024). She opens the meeting in her own voice at 0 ('I would like to call to order the August 21st, 2024 meeting of the Claremont School Board'), notes the clerk is absent and takes the roll herself at 4-6 ('In the absence of our secretary [or] Clark'), and reads her own name LAST in both roll calls (6; 215 'And Heather Whitney', both words confidence 1.00). Whitney Skillen names her in the third person at 532 ('I think what Heather is asking is...', 'Heather' 1.00) and Bonnie Miles addresses her as 'Heather.' at 555 (1.00) - which fixes this presiding voice as Heather Whitney and NOT Whitney Skillen, the other sitting member whose first name is Whitney and who is a separate cluster (Speaker 7) in this same recording. She gives every recognition ('Miss Gillen' 84, 196, 580; 'Arlene' 72, 141, 188, 431; 'Candy' 173; 'Miss Crawford' 195, 665, 684; 'Mister patron' 309, 401, 582, 691; 'And Frank' 235; 'Frank Sprague as the chair' 668; 'Miss Hawkins' 609), runs the consent agenda, the nonpublic votes and the adjournment (701). This cluster repeatedly absorbs the onset of the member she is recognising (84 'Miss Gillen.' + Skillen's first words; 72 + Hawkins's first words; 6, 208, 211 + other members' roll answers) and swallows a handful of neighbouring voices; the ones that can be tied to another speaker are reassigned by override",We did post for a full time director position. Correct. My understanding is that we did post for a full time position and we got no applicants.,Speaker 1
1:00:11.12,1:00:17.40,3611.12,3617.40,Candace Crawford,"Claremont School Board member (appointed 7/19/2023, re-elected March 2024); reports for the Capital Improvement Committee and the SRVRTC visioning committee. CHAIR'S RECOGNITIONS straight into this voice: 'Yes. Candy.' (173, 1.00) -> 174 'Do I make [a motion]'; 'Any Crawford seconds' (200, 0.86) right after 199; 'the motion, as stated by Miss Crawford' (195, 1.00) closing the Girls on the Run vote she moved at 183; 'And Candace and then, Mr. Patron' (373) -> 374; 'we're going to start with the Capital Improvement Subcommittee. And that would be Miss Crawford' (665, 1.00) -> 666; 'And Miss Crawford, you're up again' (684, 1.00) -> 685. She addresses Bonnie Miles by name at 408 ('I think Bonnie', 0.98), which is what separates Miles from Arlene Hawkins inside Speaker 6","Do we do more than just post? I mean, do we make phone calls? Do we go to campuses to.",Speaker 4
1:00:17.48,1:00:40.32,3617.48,3640.32,Chris Pratt,"SUPERINTENDENT OF SCHOOLS, SAU 6 / Claremont School District. The chair puts the staff-nomination motion as 'approving the list of nominations as presented by doctor, Doctor Pratt. Mr. Pratt' (280, both 1.00) immediately after this voice's exchange, and names him three more times as the person who will bring the revised job description (558, 561, 563, 688 - all 1.00). He delivers the superintendent's report (8-41), calls it 'the superintendents report that I sent you' (8), hands off to 'Mr. O'Hearn' (219) and to 'Michael' for the AI/PD questions (31), and apologises to the board in the first person for hiring before the board approved the position (588-589). Bonnie Miles says at 568 'Mr. Pratt was an interim superintendent before you became the superintendent' and Michael Petrin at 538 'We have superintendent Chris was the acting superintendent because someone left mid-term' - both addressed to this voice, and the word 'interim' is never applied to him in the present tense anywhere in the file. Bonnie Miles and Arlene Hawkins both address him as 'Chris' (500, 502, 616; 1.00). ASR also renders him 'Mr. Pride' (610, 1.00)","We're using more since Patrick Sky, we're using more ways to post positions and and try to go after people than we than we have in the past. There we the applicants we got you know, there was one but they they bounced around everywhere. I think it was in Georgia or something. We just weren't getting applicants this late in the game.",Speaker 3
1:00:40.40,1:00:50.84,3640.40,3650.84,Chris Pratt,"SUPERINTENDENT OF SCHOOLS, SAU 6 / Claremont School District. The chair puts the staff-nomination motion as 'approving the list of nominations as presented by doctor, Doctor Pratt. Mr. Pratt' (280, both 1.00) immediately after this voice's exchange, and names him three more times as the person who will bring the revised job description (558, 561, 563, 688 - all 1.00). He delivers the superintendent's report (8-41), calls it 'the superintendents report that I sent you' (8), hands off to 'Mr. O'Hearn' (219) and to 'Michael' for the AI/PD questions (31), and apologises to the board in the first person for hiring before the board approved the position (588-589). Bonnie Miles says at 568 'Mr. Pratt was an interim superintendent before you became the superintendent' and Michael Petrin at 538 'We have superintendent Chris was the acting superintendent because someone left mid-term' - both addressed to this voice, and the word 'interim' is never applied to him in the present tense anywhere in the file. Bonnie Miles and Arlene Hawkins both address him as 'Chris' (500, 502, 616; 1.00). ASR also renders him 'Mr. Pride' (610, 1.00)","Not going to get any applicants. We're trying to be creative with it, and I don't want this to come across. I understand your frustration. If I was even saying to you I wasn't trying to sneak anything to anybody.",Speaker 3
1:00:50.88,1:00:54.36,3650.88,3654.36,Bonnie Miles,"Claremont School Board member. CHAIR'S RECOGNITIONS straight into this voice: 'Sorry, Mr. Peter and then miss Miles' (303, 'Miles' 0.96) and 'Who's next, miss Miles?' (312, 'Miles' 1.00) -> 313, which opens her long run of questions on the assistant tech-centre director; Candace Crawford answers her by name at 408 ('I think Bonnie', 0.98) while this voice is speaking at 406-413. She is the member who asks whether the board may approve a position that has already been filled (322-332), who proposes the word 'acting' (335, 469) and who moves the amendment adopted that night (533). CAUTION - THIS CLUSTER MERGES TWO WOMEN: Speaker 6 carries both Bonnie Miles and Arlene Hawkins. Rows keep Miles by default; every stretch that a chair recognition or a colleague's direct address ties to Hawkins is reassigned by override. Short interjections that fall between the anchored runs cannot be separated acoustically and could belong to either member",No. You didn't know?  No. You didn't know how to run was going to be here.,Speaker 6
1:00:54.56,1:00:54.88,3654.56,3654.88,Chris Pratt,"SUPERINTENDENT OF SCHOOLS - a diarizer clipping cluster rather than a separate person: eighteen fragments inside the assistant-tech-director item, most of them the onset or tail of one of his own Speaker 3 sentences (392+393 'I don't / think we're going to get to run the tech'; 421+422 'I would / never do that'; 435+436 '[job description] can / be we can update this any at any time'; 449+450; 366+367 'Who's / long term [view]'). The fragments that belong to Frank Sprague or the chair are reassigned by override",I would.,Speaker 12
1:00:54.88,1:01:15.15,3654.88,3675.15,Chris Pratt,"SUPERINTENDENT OF SCHOOLS, SAU 6 / Claremont School District. The chair puts the staff-nomination motion as 'approving the list of nominations as presented by doctor, Doctor Pratt. Mr. Pratt' (280, both 1.00) immediately after this voice's exchange, and names him three more times as the person who will bring the revised job description (558, 561, 563, 688 - all 1.00). He delivers the superintendent's report (8-41), calls it 'the superintendents report that I sent you' (8), hands off to 'Mr. O'Hearn' (219) and to 'Michael' for the AI/PD questions (31), and apologises to the board in the first person for hiring before the board approved the position (588-589). Bonnie Miles says at 568 'Mr. Pratt was an interim superintendent before you became the superintendent' and Michael Petrin at 538 'We have superintendent Chris was the acting superintendent because someone left mid-term' - both addressed to this voice, and the word 'interim' is never applied to him in the present tense anywhere in the file. Bonnie Miles and Arlene Hawkins both address him as 'Chris' (500, 502, 616; 1.00). ASR also renders him 'Mr. Pride' (610, 1.00)","Never do that. And I you know, I respect your decision. Whatever you come up with on this, it's just we're in a tough spot in regards to, you know. So it wasn't my intention to put the cotton for the horse. It was like. We're days away from, you know, teachers coming back and,",Speaker 3
1:01:15.23,1:01:24.24,3675.23,3684.24,Candace Crawford,"Claremont School Board member (appointed 7/19/2023, re-elected March 2024); reports for the Capital Improvement Committee and the SRVRTC visioning committee. CHAIR'S RECOGNITIONS straight into this voice: 'Yes. Candy.' (173, 1.00) -> 174 'Do I make [a motion]'; 'Any Crawford seconds' (200, 0.86) right after 199; 'the motion, as stated by Miss Crawford' (195, 1.00) closing the Girls on the Run vote she moved at 183; 'And Candace and then, Mr. Patron' (373) -> 374; 'we're going to start with the Capital Improvement Subcommittee. And that would be Miss Crawford' (665, 1.00) -> 666; 'And Miss Crawford, you're up again' (684, 1.00) -> 685. She addresses Bonnie Miles by name at 408 ('I think Bonnie', 0.98), which is what separates Miles from Arlene Hawkins inside Speaker 6","Willis person be doing,  I was my reviews, teacher reviews.",Speaker 4
1:01:24.32,1:01:25.24,3684.32,3685.24,Chris Pratt,"SUPERINTENDENT OF SCHOOLS, SAU 6 / Claremont School District. The chair puts the staff-nomination motion as 'approving the list of nominations as presented by doctor, Doctor Pratt. Mr. Pratt' (280, both 1.00) immediately after this voice's exchange, and names him three more times as the person who will bring the revised job description (558, 561, 563, 688 - all 1.00). He delivers the superintendent's report (8-41), calls it 'the superintendents report that I sent you' (8), hands off to 'Mr. O'Hearn' (219) and to 'Michael' for the AI/PD questions (31), and apologises to the board in the first person for hiring before the board approved the position (588-589). Bonnie Miles says at 568 'Mr. Pratt was an interim superintendent before you became the superintendent' and Michael Petrin at 538 'We have superintendent Chris was the acting superintendent because someone left mid-term' - both addressed to this voice, and the word 'interim' is never applied to him in the present tense anywhere in the file. Bonnie Miles and Arlene Hawkins both address him as 'Chris' (500, 502, 616; 1.00). ASR also renders him 'Mr. Pride' (610, 1.00)",Along with myself.,Speaker 3
1:01:25.28,1:01:29.08,3685.28,3689.08,Candace Crawford,"Claremont School Board member (appointed 7/19/2023, re-elected March 2024); reports for the Capital Improvement Committee and the SRVRTC visioning committee. CHAIR'S RECOGNITIONS straight into this voice: 'Yes. Candy.' (173, 1.00) -> 174 'Do I make [a motion]'; 'Any Crawford seconds' (200, 0.86) right after 199; 'the motion, as stated by Miss Crawford' (195, 1.00) closing the Girls on the Run vote she moved at 183; 'And Candace and then, Mr. Patron' (373) -> 374; 'we're going to start with the Capital Improvement Subcommittee. And that would be Miss Crawford' (665, 1.00) -> 666; 'And Miss Crawford, you're up again' (684, 1.00) -> 685. She addresses Bonnie Miles by name at 408 ('I think Bonnie', 0.98), which is what separates Miles from Arlene Hawkins inside Speaker 6","Yes. As a as an administrator. I certainly would, yeah.",Speaker 4
1:01:29.08,1:01:37.16,3689.08,3697.16,Chris Pratt,"SUPERINTENDENT OF SCHOOLS, SAU 6 / Claremont School District. The chair puts the staff-nomination motion as 'approving the list of nominations as presented by doctor, Doctor Pratt. Mr. Pratt' (280, both 1.00) immediately after this voice's exchange, and names him three more times as the person who will bring the revised job description (558, 561, 563, 688 - all 1.00). He delivers the superintendent's report (8-41), calls it 'the superintendents report that I sent you' (8), hands off to 'Mr. O'Hearn' (219) and to 'Michael' for the AI/PD questions (31), and apologises to the board in the first person for hiring before the board approved the position (588-589). Bonnie Miles says at 568 'Mr. Pratt was an interim superintendent before you became the superintendent' and Michael Petrin at 538 'We have superintendent Chris was the acting superintendent because someone left mid-term' - both addressed to this voice, and the word 'interim' is never applied to him in the present tense anywhere in the file. Bonnie Miles and Arlene Hawkins both address him as 'Chris' (500, 502, 616; 1.00). ASR also renders him 'Mr. Pride' (610, 1.00)","If not, you know, it's, she would, but we could in the past. You know, I would work with Alex as a high school principal to do that, too.",Speaker 3
1:01:37.24,1:01:39.00,3697.24,3699.00,Bonnie Miles,"Claremont School Board member. CHAIR'S RECOGNITIONS straight into this voice: 'Sorry, Mr. Peter and then miss Miles' (303, 'Miles' 0.96) and 'Who's next, miss Miles?' (312, 'Miles' 1.00) -> 313, which opens her long run of questions on the assistant tech-centre director; Candace Crawford answers her by name at 408 ('I think Bonnie', 0.98) while this voice is speaking at 406-413. She is the member who asks whether the board may approve a position that has already been filled (322-332), who proposes the word 'acting' (335, 469) and who moves the amendment adopted that night (533). CAUTION - THIS CLUSTER MERGES TWO WOMEN: Speaker 6 carries both Bonnie Miles and Arlene Hawkins. Rows keep Miles by default; every stretch that a chair recognition or a colleague's direct address ties to Hawkins is reassigned by override. Short interjections that fall between the anchored runs cannot be separated acoustically and could belong to either member",So the high school principal would work.,Speaker 6
1:01:39.00,1:01:39.44,3699.00,3699.44,Heather Whitney,"CHAIR, Claremont School Board (chair since 4/5/2023, re-elected chair 3/20/2024). She opens the meeting in her own voice at 0 ('I would like to call to order the August 21st, 2024 meeting of the Claremont School Board'), notes the clerk is absent and takes the roll herself at 4-6 ('In the absence of our secretary [or] Clark'), and reads her own name LAST in both roll calls (6; 215 'And Heather Whitney', both words confidence 1.00). Whitney Skillen names her in the third person at 532 ('I think what Heather is asking is...', 'Heather' 1.00) and Bonnie Miles addresses her as 'Heather.' at 555 (1.00) - which fixes this presiding voice as Heather Whitney and NOT Whitney Skillen, the other sitting member whose first name is Whitney and who is a separate cluster (Speaker 7) in this same recording. She gives every recognition ('Miss Gillen' 84, 196, 580; 'Arlene' 72, 141, 188, 431; 'Candy' 173; 'Miss Crawford' 195, 665, 684; 'Mister patron' 309, 401, 582, 691; 'And Frank' 235; 'Frank Sprague as the chair' 668; 'Miss Hawkins' 609), runs the consent agenda, the nonpublic votes and the adjournment (701). This cluster repeatedly absorbs the onset of the member she is recognising (84 'Miss Gillen.' + Skillen's first words; 72 + Hawkins's first words; 6, 208, 211 + other members' roll answers) and swallows a handful of neighbouring voices; the ones that can be tied to another speaker are reassigned by override",With.,Speaker 1
1:01:39.64,1:01:40.52,3699.64,3700.52,Bonnie Miles,"Claremont School Board member. CHAIR'S RECOGNITIONS straight into this voice: 'Sorry, Mr. Peter and then miss Miles' (303, 'Miles' 0.96) and 'Who's next, miss Miles?' (312, 'Miles' 1.00) -> 313, which opens her long run of questions on the assistant tech-centre director; Candace Crawford answers her by name at 408 ('I think Bonnie', 0.98) while this voice is speaking at 406-413. She is the member who asks whether the board may approve a position that has already been filled (322-332), who proposes the word 'acting' (335, 469) and who moves the amendment adopted that night (533). CAUTION - THIS CLUSTER MERGES TWO WOMEN: Speaker 6 carries both Bonnie Miles and Arlene Hawkins. Rows keep Miles by default; every stretch that a chair recognition or a colleague's direct address ties to Hawkins is reassigned by override. Short interjections that fall between the anchored runs cannot be separated acoustically and could belong to either member",This person?,Speaker 6
1:01:40.72,1:01:41.96,3700.72,3701.96,Chris Pratt,"SUPERINTENDENT OF SCHOOLS - a diarizer clipping cluster rather than a separate person: eighteen fragments inside the assistant-tech-director item, most of them the onset or tail of one of his own Speaker 3 sentences (392+393 'I don't / think we're going to get to run the tech'; 421+422 'I would / never do that'; 435+436 '[job description] can / be we can update this any at any time'; 449+450; 366+367 'Who's / long term [view]'). The fragments that belong to Frank Sprague or the chair are reassigned by override",Yep.,Speaker 12
1:01:42.04,1:01:43.64,3702.04,3703.64,Heather Whitney,"CHAIR, Claremont School Board (chair since 4/5/2023, re-elected chair 3/20/2024). She opens the meeting in her own voice at 0 ('I would like to call to order the August 21st, 2024 meeting of the Claremont School Board'), notes the clerk is absent and takes the roll herself at 4-6 ('In the absence of our secretary [or] Clark'), and reads her own name LAST in both roll calls (6; 215 'And Heather Whitney', both words confidence 1.00). Whitney Skillen names her in the third person at 532 ('I think what Heather is asking is...', 'Heather' 1.00) and Bonnie Miles addresses her as 'Heather.' at 555 (1.00) - which fixes this presiding voice as Heather Whitney and NOT Whitney Skillen, the other sitting member whose first name is Whitney and who is a separate cluster (Speaker 7) in this same recording. She gives every recognition ('Miss Gillen' 84, 196, 580; 'Arlene' 72, 141, 188, 431; 'Candy' 173; 'Miss Crawford' 195, 665, 684; 'Mister patron' 309, 401, 582, 691; 'And Frank' 235; 'Frank Sprague as the chair' 668; 'Miss Hawkins' 609), runs the consent agenda, the nonpublic votes and the adjournment (701). This cluster repeatedly absorbs the onset of the member she is recognising (84 'Miss Gillen.' + Skillen's first words; 72 + Hawkins's first words; 6, 208, 211 + other members' roll answers) and swallows a handful of neighbouring voices; the ones that can be tied to another speaker are reassigned by override",Arlene.,Speaker 1
1:01:43.72,1:02:08.52,3703.72,3728.52,Arlene Hawkins,"Claremont School Board member - the chair recognises 'Arlene.' (431, 0.95) with a 0.08 s gap into 432. Her point is that the job description should refer to CTE ('We made a commitment to support the tech center'), which 448 continues ('it's more than just the qualifications... I'd like to see more reference to it performing the job in relation to CTE')","I understand, and I, I don't speak for myself, but I think I can reflect the board and  understanding that you're not trying to do anything other than have to fulfill. I'll have to fill a position with the person that was interviewed and did well on the interview, and came across as a good match for this position. From the committee and yourself.",Speaker 6
1:02:08.56,1:02:27.08,3728.56,3747.08,Arlene Hawkins,"Claremont School Board member - the chair recognises 'Arlene.' (431, 0.95) with a 0.08 s gap into 432. Her point is that the job description should refer to CTE ('We made a commitment to support the tech center'), which 448 continues ('it's more than just the qualifications... I'd like to see more reference to it performing the job in relation to CTE')","Your perspective. My issue is with the job description. I would really prefer that it did refer to CTE. We made a commitment to support the tech center, and I think with the job description that reflects that, it supports the commitment that this board has made.",Speaker 6
1:02:27.16,1:02:40.64,3747.16,3760.64,Chris Pratt,"SUPERINTENDENT OF SCHOOLS, SAU 6 / Claremont School District. The chair puts the staff-nomination motion as 'approving the list of nominations as presented by doctor, Doctor Pratt. Mr. Pratt' (280, both 1.00) immediately after this voice's exchange, and names him three more times as the person who will bring the revised job description (558, 561, 563, 688 - all 1.00). He delivers the superintendent's report (8-41), calls it 'the superintendents report that I sent you' (8), hands off to 'Mr. O'Hearn' (219) and to 'Michael' for the AI/PD questions (31), and apologises to the board in the first person for hiring before the board approved the position (588-589). Bonnie Miles says at 568 'Mr. Pratt was an interim superintendent before you became the superintendent' and Michael Petrin at 538 'We have superintendent Chris was the acting superintendent because someone left mid-term' - both addressed to this voice, and the word 'interim' is never applied to him in the present tense anywhere in the file. Bonnie Miles and Arlene Hawkins both address him as 'Chris' (500, 502, 616; 1.00). ASR also renders him 'Mr. Pride' (610, 1.00)","Right. And and so this is, you know, this job description here. I mean, because once we didn't get any director positions, we kind of used that one, you know, for this one to a point. But I mean, this.",Speaker 3
1:02:40.64,1:02:41.60,3760.64,3761.60,Chris Pratt,"SUPERINTENDENT OF SCHOOLS - a diarizer clipping cluster rather than a separate person: eighteen fragments inside the assistant-tech-director item, most of them the onset or tail of one of his own Speaker 3 sentences (392+393 'I don't / think we're going to get to run the tech'; 421+422 'I would / never do that'; 435+436 '[job description] can / be we can update this any at any time'; 449+450; 366+367 'Who's / long term [view]'). The fragments that belong to Frank Sprague or the chair are reassigned by override",Restaurant can.,Speaker 12
1:02:41.60,1:02:45.24,3761.60,3765.24,Chris Pratt,"SUPERINTENDENT OF SCHOOLS, SAU 6 / Claremont School District. The chair puts the staff-nomination motion as 'approving the list of nominations as presented by doctor, Doctor Pratt. Mr. Pratt' (280, both 1.00) immediately after this voice's exchange, and names him three more times as the person who will bring the revised job description (558, 561, 563, 688 - all 1.00). He delivers the superintendent's report (8-41), calls it 'the superintendents report that I sent you' (8), hands off to 'Mr. O'Hearn' (219) and to 'Michael' for the AI/PD questions (31), and apologises to the board in the first person for hiring before the board approved the position (588-589). Bonnie Miles says at 568 'Mr. Pratt was an interim superintendent before you became the superintendent' and Michael Petrin at 538 'We have superintendent Chris was the acting superintendent because someone left mid-term' - both addressed to this voice, and the word 'interim' is never applied to him in the present tense anywhere in the file. Bonnie Miles and Arlene Hawkins both address him as 'Chris' (500, 502, 616; 1.00). ASR also renders him 'Mr. Pride' (610, 1.00)",Be we can update this any at any time.,Speaker 3
1:02:45.32,1:02:45.76,3765.32,3765.76,Bonnie Miles,"Claremont School Board member. CHAIR'S RECOGNITIONS straight into this voice: 'Sorry, Mr. Peter and then miss Miles' (303, 'Miles' 0.96) and 'Who's next, miss Miles?' (312, 'Miles' 1.00) -> 313, which opens her long run of questions on the assistant tech-centre director; Candace Crawford answers her by name at 408 ('I think Bonnie', 0.98) while this voice is speaking at 406-413. She is the member who asks whether the board may approve a position that has already been filled (322-332), who proposes the word 'acting' (335, 469) and who moves the amendment adopted that night (533). CAUTION - THIS CLUSTER MERGES TWO WOMEN: Speaker 6 carries both Bonnie Miles and Arlene Hawkins. Rows keep Miles by default; every stretch that a chair recognition or a colleague's direct address ties to Hawkins is reassigned by override. Short interjections that fall between the anchored runs cannot be separated acoustically and could belong to either member",So by.,Speaker 6
1:02:45.80,1:03:00.32,3765.80,3780.32,Heather Whitney,"CHAIR, Claremont School Board (chair since 4/5/2023, re-elected chair 3/20/2024). She opens the meeting in her own voice at 0 ('I would like to call to order the August 21st, 2024 meeting of the Claremont School Board'), notes the clerk is absent and takes the roll herself at 4-6 ('In the absence of our secretary [or] Clark'), and reads her own name LAST in both roll calls (6; 215 'And Heather Whitney', both words confidence 1.00). Whitney Skillen names her in the third person at 532 ('I think what Heather is asking is...', 'Heather' 1.00) and Bonnie Miles addresses her as 'Heather.' at 555 (1.00) - which fixes this presiding voice as Heather Whitney and NOT Whitney Skillen, the other sitting member whose first name is Whitney and who is a separate cluster (Speaker 7) in this same recording. She gives every recognition ('Miss Gillen' 84, 196, 580; 'Arlene' 72, 141, 188, 431; 'Candy' 173; 'Miss Crawford' 195, 665, 684; 'Mister patron' 309, 401, 582, 691; 'And Frank' 235; 'Frank Sprague as the chair' 668; 'Miss Hawkins' 609), runs the consent agenda, the nonpublic votes and the adjournment (701). This cluster repeatedly absorbs the onset of the member she is recognising (84 'Miss Gillen.' + Skillen's first words; 72 + Hawkins's first words; 6, 208, 211 + other members' roll answers) and swallows a handful of neighbouring voices; the ones that can be tied to another speaker are reassigned by override",Do we make an amendment this evening. That's this. Somebody could be working towards X certification. Either  have that certification or commit to working toward the communicate that certification and completing it within X number of years.,Speaker 1
1:03:00.40,1:03:18.80,3780.40,3798.80,Chris Pratt,"SUPERINTENDENT OF SCHOOLS, SAU 6 / Claremont School District. The chair puts the staff-nomination motion as 'approving the list of nominations as presented by doctor, Doctor Pratt. Mr. Pratt' (280, both 1.00) immediately after this voice's exchange, and names him three more times as the person who will bring the revised job description (558, 561, 563, 688 - all 1.00). He delivers the superintendent's report (8-41), calls it 'the superintendents report that I sent you' (8), hands off to 'Mr. O'Hearn' (219) and to 'Michael' for the AI/PD questions (31), and apologises to the board in the first person for hiring before the board approved the position (588-589). Bonnie Miles says at 568 'Mr. Pratt was an interim superintendent before you became the superintendent' and Michael Petrin at 538 'We have superintendent Chris was the acting superintendent because someone left mid-term' - both addressed to this voice, and the word 'interim' is never applied to him in the present tense anywhere in the file. Bonnie Miles and Arlene Hawkins both address him as 'Chris' (500, 502, 616; 1.00). ASR also renders him 'Mr. Pride' (610, 1.00)","I would I would support that 100% because even though it's not in there, that was a huge conversation I had before even bringing her to a committee to be interviewed is that, you know, it's expected that, you know, the certification comes along with it.",Speaker 3
1:03:18.84,1:03:27.12,3798.84,3807.12,Bonnie Miles,"Claremont School Board member. CHAIR'S RECOGNITIONS straight into this voice: 'Sorry, Mr. Peter and then miss Miles' (303, 'Miles' 0.96) and 'Who's next, miss Miles?' (312, 'Miles' 1.00) -> 313, which opens her long run of questions on the assistant tech-centre director; Candace Crawford answers her by name at 408 ('I think Bonnie', 0.98) while this voice is speaking at 406-413. She is the member who asks whether the board may approve a position that has already been filled (322-332), who proposes the word 'acting' (335, 469) and who moves the amendment adopted that night (533). CAUTION - THIS CLUSTER MERGES TWO WOMEN: Speaker 6 carries both Bonnie Miles and Arlene Hawkins. Rows keep Miles by default; every stretch that a chair recognition or a colleague's direct address ties to Hawkins is reassigned by override. Short interjections that fall between the anchored runs cannot be separated acoustically and could belong to either member","So with this board approving this new position, that does not mean it comes with this job description, the way it's written.",Speaker 6
1:03:27.16,1:03:36.48,3807.16,3816.48,Heather Whitney,"CHAIR, Claremont School Board (chair since 4/5/2023, re-elected chair 3/20/2024). She opens the meeting in her own voice at 0 ('I would like to call to order the August 21st, 2024 meeting of the Claremont School Board'), notes the clerk is absent and takes the roll herself at 4-6 ('In the absence of our secretary [or] Clark'), and reads her own name LAST in both roll calls (6; 215 'And Heather Whitney', both words confidence 1.00). Whitney Skillen names her in the third person at 532 ('I think what Heather is asking is...', 'Heather' 1.00) and Bonnie Miles addresses her as 'Heather.' at 555 (1.00) - which fixes this presiding voice as Heather Whitney and NOT Whitney Skillen, the other sitting member whose first name is Whitney and who is a separate cluster (Speaker 7) in this same recording. She gives every recognition ('Miss Gillen' 84, 196, 580; 'Arlene' 72, 141, 188, 431; 'Candy' 173; 'Miss Crawford' 195, 665, 684; 'Mister patron' 309, 401, 582, 691; 'And Frank' 235; 'Frank Sprague as the chair' 668; 'Miss Hawkins' 609), runs the consent agenda, the nonpublic votes and the adjournment (701). This cluster repeatedly absorbs the onset of the member she is recognising (84 'Miss Gillen.' + Skillen's first words; 72 + Hawkins's first words; 6, 208, 211 + other members' roll answers) and swallows a handful of neighbouring voices; the ones that can be tied to another speaker are reassigned by override","We could change that qualification piece to,  that preferred that we prefer that they have whatever the specific CTE.",Speaker 1
1:03:36.64,1:03:37.36,3816.64,3817.36,Chris Pratt,"SUPERINTENDENT OF SCHOOLS - a diarizer clipping cluster rather than a separate person: eighteen fragments inside the assistant-tech-director item, most of them the onset or tail of one of his own Speaker 3 sentences (392+393 'I don't / think we're going to get to run the tech'; 421+422 'I would / never do that'; 435+436 '[job description] can / be we can update this any at any time'; 449+450; 366+367 'Who's / long term [view]'). The fragments that belong to Frank Sprague or the chair are reassigned by override","Yeah, we can be very.",Speaker 12
1:03:37.36,1:03:37.80,3817.36,3817.80,Chris Pratt,"SUPERINTENDENT OF SCHOOLS, SAU 6 / Claremont School District. The chair puts the staff-nomination motion as 'approving the list of nominations as presented by doctor, Doctor Pratt. Mr. Pratt' (280, both 1.00) immediately after this voice's exchange, and names him three more times as the person who will bring the revised job description (558, 561, 563, 688 - all 1.00). He delivers the superintendent's report (8-41), calls it 'the superintendents report that I sent you' (8), hands off to 'Mr. O'Hearn' (219) and to 'Michael' for the AI/PD questions (31), and apologises to the board in the first person for hiring before the board approved the position (588-589). Bonnie Miles says at 568 'Mr. Pratt was an interim superintendent before you became the superintendent' and Michael Petrin at 538 'We have superintendent Chris was the acting superintendent because someone left mid-term' - both addressed to this voice, and the word 'interim' is never applied to him in the present tense anywhere in the file. Bonnie Miles and Arlene Hawkins both address him as 'Chris' (500, 502, 616; 1.00). ASR also renders him 'Mr. Pride' (610, 1.00)",Specific.,Speaker 3
1:03:37.84,1:03:44.28,3817.84,3824.28,Heather Whitney,"CHAIR, Claremont School Board (chair since 4/5/2023, re-elected chair 3/20/2024). She opens the meeting in her own voice at 0 ('I would like to call to order the August 21st, 2024 meeting of the Claremont School Board'), notes the clerk is absent and takes the roll herself at 4-6 ('In the absence of our secretary [or] Clark'), and reads her own name LAST in both roll calls (6; 215 'And Heather Whitney', both words confidence 1.00). Whitney Skillen names her in the third person at 532 ('I think what Heather is asking is...', 'Heather' 1.00) and Bonnie Miles addresses her as 'Heather.' at 555 (1.00) - which fixes this presiding voice as Heather Whitney and NOT Whitney Skillen, the other sitting member whose first name is Whitney and who is a separate cluster (Speaker 7) in this same recording. She gives every recognition ('Miss Gillen' 84, 196, 580; 'Arlene' 72, 141, 188, 431; 'Candy' 173; 'Miss Crawford' 195, 665, 684; 'Mister patron' 309, 401, 582, 691; 'And Frank' 235; 'Frank Sprague as the chair' 668; 'Miss Hawkins' 609), runs the consent agenda, the nonpublic votes and the adjournment (701). This cluster repeatedly absorbs the onset of the member she is recognising (84 'Miss Gillen.' + Skillen's first words; 72 + Hawkins's first words; 6, 208, 211 + other members' roll answers) and swallows a handful of neighbouring voices; the ones that can be tied to another speaker are reassigned by override",And that if they don't that they commit to working towards that and completing that certification.,Speaker 1
1:03:44.37,1:03:45.17,3824.37,3825.17,Chris Pratt,"SUPERINTENDENT OF SCHOOLS - a diarizer clipping cluster rather than a separate person: eighteen fragments inside the assistant-tech-director item, most of them the onset or tail of one of his own Speaker 3 sentences (392+393 'I don't / think we're going to get to run the tech'; 421+422 'I would / never do that'; 435+436 '[job description] can / be we can update this any at any time'; 449+450; 366+367 'Who's / long term [view]'). The fragments that belong to Frank Sprague or the chair are reassigned by override",Within.,Speaker 12
1:03:45.25,1:03:46.60,3825.25,3826.60,Bonnie Miles,"Claremont School Board member. CHAIR'S RECOGNITIONS straight into this voice: 'Sorry, Mr. Peter and then miss Miles' (303, 'Miles' 0.96) and 'Who's next, miss Miles?' (312, 'Miles' 1.00) -> 313, which opens her long run of questions on the assistant tech-centre director; Candace Crawford answers her by name at 408 ('I think Bonnie', 0.98) while this voice is speaking at 406-413. She is the member who asks whether the board may approve a position that has already been filled (322-332), who proposes the word 'acting' (335, 469) and who moves the amendment adopted that night (533). CAUTION - THIS CLUSTER MERGES TWO WOMEN: Speaker 6 carries both Bonnie Miles and Arlene Hawkins. Rows keep Miles by default; every stretch that a chair recognition or a colleague's direct address ties to Hawkins is reassigned by override. Short interjections that fall between the anchored runs cannot be separated acoustically and could belong to either member",The climate.,Speaker 6
1:03:46.68,1:03:49.28,3826.68,3829.28,Heather Whitney,"CHAIR, Claremont School Board (chair since 4/5/2023, re-elected chair 3/20/2024). She opens the meeting in her own voice at 0 ('I would like to call to order the August 21st, 2024 meeting of the Claremont School Board'), notes the clerk is absent and takes the roll herself at 4-6 ('In the absence of our secretary [or] Clark'), and reads her own name LAST in both roll calls (6; 215 'And Heather Whitney', both words confidence 1.00). Whitney Skillen names her in the third person at 532 ('I think what Heather is asking is...', 'Heather' 1.00) and Bonnie Miles addresses her as 'Heather.' at 555 (1.00) - which fixes this presiding voice as Heather Whitney and NOT Whitney Skillen, the other sitting member whose first name is Whitney and who is a separate cluster (Speaker 7) in this same recording. She gives every recognition ('Miss Gillen' 84, 196, 580; 'Arlene' 72, 141, 188, 431; 'Candy' 173; 'Miss Crawford' 195, 665, 684; 'Mister patron' 309, 401, 582, 691; 'And Frank' 235; 'Frank Sprague as the chair' 668; 'Miss Hawkins' 609), runs the consent agenda, the nonpublic votes and the adjournment (701). This cluster repeatedly absorbs the onset of the member she is recognising (84 'Miss Gillen.' + Skillen's first words; 72 + Hawkins's first words; 6, 208, 211 + other members' roll answers) and swallows a handful of neighbouring voices; the ones that can be tied to another speaker are reassigned by override",So that they required to work towards it.,Speaker 1
1:03:49.36,1:04:06.99,3829.36,3846.99,Arlene Hawkins,"Claremont School Board member - the chair recognises 'Arlene.' (431, 0.95) with a 0.08 s gap into 432. Her point is that the job description should refer to CTE ('We made a commitment to support the tech center'), which 448 continues ('it's more than just the qualifications... I'd like to see more reference to it performing the job in relation to CTE')","My, it's more than just the qualifications within the body of the job description for me. I'd like to see more reference to it performing the job in relation to CTE. I don't know if I'm stating it clearly, but okay.",Speaker 6
1:04:07.04,1:04:09.04,3847.04,3849.04,Chris Pratt,"SUPERINTENDENT OF SCHOOLS - a diarizer clipping cluster rather than a separate person: eighteen fragments inside the assistant-tech-director item, most of them the onset or tail of one of his own Speaker 3 sentences (392+393 'I don't / think we're going to get to run the tech'; 421+422 'I would / never do that'; 435+436 '[job description] can / be we can update this any at any time'; 449+450; 366+367 'Who's / long term [view]'). The fragments that belong to Frank Sprague or the chair are reassigned by override",We have to do that.,Speaker 12
1:04:09.12,1:04:26.20,3849.12,3866.20,Chris Pratt,"SUPERINTENDENT OF SCHOOLS, SAU 6 / Claremont School District. The chair puts the staff-nomination motion as 'approving the list of nominations as presented by doctor, Doctor Pratt. Mr. Pratt' (280, both 1.00) immediately after this voice's exchange, and names him three more times as the person who will bring the revised job description (558, 561, 563, 688 - all 1.00). He delivers the superintendent's report (8-41), calls it 'the superintendents report that I sent you' (8), hands off to 'Mr. O'Hearn' (219) and to 'Michael' for the AI/PD questions (31), and apologises to the board in the first person for hiring before the board approved the position (588-589). Bonnie Miles says at 568 'Mr. Pratt was an interim superintendent before you became the superintendent' and Michael Petrin at 538 'We have superintendent Chris was the acting superintendent because someone left mid-term' - both addressed to this voice, and the word 'interim' is never applied to him in the present tense anywhere in the file. Bonnie Miles and Arlene Hawkins both address him as 'Chris' (500, 502, 616; 1.00). ASR also renders him 'Mr. Pride' (610, 1.00)","You know, just to make sure it's done. Because it wasn't it wasn't in here. The judge, when we issued the letter of agreement,  that language would be very specific in their regards to it's expected that you're working towards with the state to get certified as a CTE director, and I know already said he'd help her with that as well.",Speaker 3
1:04:26.24,1:04:28.12,3866.24,3868.12,Heather Whitney,"CHAIR, Claremont School Board (chair since 4/5/2023, re-elected chair 3/20/2024). She opens the meeting in her own voice at 0 ('I would like to call to order the August 21st, 2024 meeting of the Claremont School Board'), notes the clerk is absent and takes the roll herself at 4-6 ('In the absence of our secretary [or] Clark'), and reads her own name LAST in both roll calls (6; 215 'And Heather Whitney', both words confidence 1.00). Whitney Skillen names her in the third person at 532 ('I think what Heather is asking is...', 'Heather' 1.00) and Bonnie Miles addresses her as 'Heather.' at 555 (1.00) - which fixes this presiding voice as Heather Whitney and NOT Whitney Skillen, the other sitting member whose first name is Whitney and who is a separate cluster (Speaker 7) in this same recording. She gives every recognition ('Miss Gillen' 84, 196, 580; 'Arlene' 72, 141, 188, 431; 'Candy' 173; 'Miss Crawford' 195, 665, 684; 'Mister patron' 309, 401, 582, 691; 'And Frank' 235; 'Frank Sprague as the chair' 668; 'Miss Hawkins' 609), runs the consent agenda, the nonpublic votes and the adjournment (701). This cluster repeatedly absorbs the onset of the member she is recognising (84 'Miss Gillen.' + Skillen's first words; 72 + Hawkins's first words; 6, 208, 211 + other members' roll answers) and swallows a handful of neighbouring voices; the ones that can be tied to another speaker are reassigned by override",So that will be in the letter of agreement.,Speaker 1
1:04:28.16,1:04:29.96,3868.16,3869.96,Chris Pratt,"SUPERINTENDENT OF SCHOOLS - a diarizer clipping cluster rather than a separate person: eighteen fragments inside the assistant-tech-director item, most of them the onset or tail of one of his own Speaker 3 sentences (392+393 'I don't / think we're going to get to run the tech'; 421+422 'I would / never do that'; 435+436 '[job description] can / be we can update this any at any time'; 449+450; 366+367 'Who's / long term [view]'). The fragments that belong to Frank Sprague or the chair are reassigned by override",Absolutely. You can put that in there.,Speaker 12
1:04:30.04,1:04:31.44,3870.04,3871.44,Heather Whitney,"CHAIR, Claremont School Board (chair since 4/5/2023, re-elected chair 3/20/2024). She opens the meeting in her own voice at 0 ('I would like to call to order the August 21st, 2024 meeting of the Claremont School Board'), notes the clerk is absent and takes the roll herself at 4-6 ('In the absence of our secretary [or] Clark'), and reads her own name LAST in both roll calls (6; 215 'And Heather Whitney', both words confidence 1.00). Whitney Skillen names her in the third person at 532 ('I think what Heather is asking is...', 'Heather' 1.00) and Bonnie Miles addresses her as 'Heather.' at 555 (1.00) - which fixes this presiding voice as Heather Whitney and NOT Whitney Skillen, the other sitting member whose first name is Whitney and who is a separate cluster (Speaker 7) in this same recording. She gives every recognition ('Miss Gillen' 84, 196, 580; 'Arlene' 72, 141, 188, 431; 'Candy' 173; 'Miss Crawford' 195, 665, 684; 'Mister patron' 309, 401, 582, 691; 'And Frank' 235; 'Frank Sprague as the chair' 668; 'Miss Hawkins' 609), runs the consent agenda, the nonpublic votes and the adjournment (701). This cluster repeatedly absorbs the onset of the member she is recognising (84 'Miss Gillen.' + Skillen's first words; 72 + Hawkins's first words; 6, 208, 211 + other members' roll answers) and swallows a handful of neighbouring voices; the ones that can be tied to another speaker are reassigned by override",Okay.,Speaker 1
1:04:31.52,1:04:34.08,3871.52,3874.08,Candace Crawford,"Claremont School Board member (appointed 7/19/2023, re-elected March 2024); reports for the Capital Improvement Committee and the SRVRTC visioning committee. CHAIR'S RECOGNITIONS straight into this voice: 'Yes. Candy.' (173, 1.00) -> 174 'Do I make [a motion]'; 'Any Crawford seconds' (200, 0.86) right after 199; 'the motion, as stated by Miss Crawford' (195, 1.00) closing the Girls on the Run vote she moved at 183; 'And Candace and then, Mr. Patron' (373) -> 374; 'we're going to start with the Capital Improvement Subcommittee. And that would be Miss Crawford' (665, 1.00) -> 666; 'And Miss Crawford, you're up again' (684, 1.00) -> 685. She addresses Bonnie Miles by name at 408 ('I think Bonnie', 0.98), which is what separates Miles from Arlene Hawkins inside Speaker 6",Please state that again. What's going to be in the letter of agreement.,Speaker 4
1:04:34.08,1:04:39.76,3874.08,3879.76,Chris Pratt,"SUPERINTENDENT OF SCHOOLS - a diarizer clipping cluster rather than a separate person: eighteen fragments inside the assistant-tech-director item, most of them the onset or tail of one of his own Speaker 3 sentences (392+393 'I don't / think we're going to get to run the tech'; 421+422 'I would / never do that'; 435+436 '[job description] can / be we can update this any at any time'; 449+450; 366+367 'Who's / long term [view]'). The fragments that belong to Frank Sprague or the chair are reassigned by override",So specifying that for this role she has to work towards the the credential.,Speaker 12
1:04:39.84,1:04:46.44,3879.84,3886.44,Candace Crawford,"Claremont School Board member (appointed 7/19/2023, re-elected March 2024); reports for the Capital Improvement Committee and the SRVRTC visioning committee. CHAIR'S RECOGNITIONS straight into this voice: 'Yes. Candy.' (173, 1.00) -> 174 'Do I make [a motion]'; 'Any Crawford seconds' (200, 0.86) right after 199; 'the motion, as stated by Miss Crawford' (195, 1.00) closing the Girls on the Run vote she moved at 183; 'And Candace and then, Mr. Patron' (373) -> 374; 'we're going to start with the Capital Improvement Subcommittee. And that would be Miss Crawford' (665, 1.00) -> 666; 'And Miss Crawford, you're up again' (684, 1.00) -> 685. She addresses Bonnie Miles by name at 408 ('I think Bonnie', 0.98), which is what separates Miles from Arlene Hawkins inside Speaker 6","As a, as a CTE director,",Speaker 4
1:04:46.52,1:04:48.40,3886.52,3888.40,Heather Whitney,"CHAIR, Claremont School Board (chair since 4/5/2023, re-elected chair 3/20/2024). She opens the meeting in her own voice at 0 ('I would like to call to order the August 21st, 2024 meeting of the Claremont School Board'), notes the clerk is absent and takes the roll herself at 4-6 ('In the absence of our secretary [or] Clark'), and reads her own name LAST in both roll calls (6; 215 'And Heather Whitney', both words confidence 1.00). Whitney Skillen names her in the third person at 532 ('I think what Heather is asking is...', 'Heather' 1.00) and Bonnie Miles addresses her as 'Heather.' at 555 (1.00) - which fixes this presiding voice as Heather Whitney and NOT Whitney Skillen, the other sitting member whose first name is Whitney and who is a separate cluster (Speaker 7) in this same recording. She gives every recognition ('Miss Gillen' 84, 196, 580; 'Arlene' 72, 141, 188, 431; 'Candy' 173; 'Miss Crawford' 195, 665, 684; 'Mister patron' 309, 401, 582, 691; 'And Frank' 235; 'Frank Sprague as the chair' 668; 'Miss Hawkins' 609), runs the consent agenda, the nonpublic votes and the adjournment (701). This cluster repeatedly absorbs the onset of the member she is recognising (84 'Miss Gillen.' + Skillen's first words; 72 + Hawkins's first words; 6, 208, 211 + other members' roll answers) and swallows a handful of neighbouring voices; the ones that can be tied to another speaker are reassigned by override",Must work.,Speaker 1
1:04:48.48,1:04:50.54,3888.48,3890.54,Candace Crawford,"Claremont School Board member (appointed 7/19/2023, re-elected March 2024); reports for the Capital Improvement Committee and the SRVRTC visioning committee. CHAIR'S RECOGNITIONS straight into this voice: 'Yes. Candy.' (173, 1.00) -> 174 'Do I make [a motion]'; 'Any Crawford seconds' (200, 0.86) right after 199; 'the motion, as stated by Miss Crawford' (195, 1.00) closing the Girls on the Run vote she moved at 183; 'And Candace and then, Mr. Patron' (373) -> 374; 'we're going to start with the Capital Improvement Subcommittee. And that would be Miss Crawford' (665, 1.00) -> 666; 'And Miss Crawford, you're up again' (684, 1.00) -> 685. She addresses Bonnie Miles by name at 408 ('I think Bonnie', 0.98), which is what separates Miles from Arlene Hawkins inside Speaker 6",So what are you asking us to approve that.,Speaker 4
1:04:50.56,1:05:18.16,3890.56,3918.16,Heather Whitney,"CHAIR, Claremont School Board (chair since 4/5/2023, re-elected chair 3/20/2024). She opens the meeting in her own voice at 0 ('I would like to call to order the August 21st, 2024 meeting of the Claremont School Board'), notes the clerk is absent and takes the roll herself at 4-6 ('In the absence of our secretary [or] Clark'), and reads her own name LAST in both roll calls (6; 215 'And Heather Whitney', both words confidence 1.00). Whitney Skillen names her in the third person at 532 ('I think what Heather is asking is...', 'Heather' 1.00) and Bonnie Miles addresses her as 'Heather.' at 555 (1.00) - which fixes this presiding voice as Heather Whitney and NOT Whitney Skillen, the other sitting member whose first name is Whitney and who is a separate cluster (Speaker 7) in this same recording. She gives every recognition ('Miss Gillen' 84, 196, 580; 'Arlene' 72, 141, 188, 431; 'Candy' 173; 'Miss Crawford' 195, 665, 684; 'Mister patron' 309, 401, 582, 691; 'And Frank' 235; 'Frank Sprague as the chair' 668; 'Miss Hawkins' 609), runs the consent agenda, the nonpublic votes and the adjournment (701). This cluster repeatedly absorbs the onset of the member she is recognising (84 'Miss Gillen.' + Skillen's first words; 72 + Hawkins's first words; 6, 208, 211 + other members' roll answers) and swallows a handful of neighbouring voices; the ones that can be tied to another speaker are reassigned by override","Well, we would we have to approve this position period. So we can fund it because it's a new position. Now, the question that seems to be before the board this evening is that how there seems to be a disagreement on whether or not this job description is palatable to the board as it stands? But we do need to a approve something, a position, because we have to have it in the budget.",Speaker 1
1:05:18.24,1:05:53.16,3918.24,3953.16,Heather Whitney,"CHAIR, Claremont School Board (chair since 4/5/2023, re-elected chair 3/20/2024). She opens the meeting in her own voice at 0 ('I would like to call to order the August 21st, 2024 meeting of the Claremont School Board'), notes the clerk is absent and takes the roll herself at 4-6 ('In the absence of our secretary [or] Clark'), and reads her own name LAST in both roll calls (6; 215 'And Heather Whitney', both words confidence 1.00). Whitney Skillen names her in the third person at 532 ('I think what Heather is asking is...', 'Heather' 1.00) and Bonnie Miles addresses her as 'Heather.' at 555 (1.00) - which fixes this presiding voice as Heather Whitney and NOT Whitney Skillen, the other sitting member whose first name is Whitney and who is a separate cluster (Speaker 7) in this same recording. She gives every recognition ('Miss Gillen' 84, 196, 580; 'Arlene' 72, 141, 188, 431; 'Candy' 173; 'Miss Crawford' 195, 665, 684; 'Mister patron' 309, 401, 582, 691; 'And Frank' 235; 'Frank Sprague as the chair' 668; 'Miss Hawkins' 609), runs the consent agenda, the nonpublic votes and the adjournment (701). This cluster repeatedly absorbs the onset of the member she is recognising (84 'Miss Gillen.' + Skillen's first words; 72 + Hawkins's first words; 6, 208, 211 + other members' roll answers) and swallows a handful of neighbouring voices; the ones that can be tied to another speaker are reassigned by override","And to be able to  offer it to this individual, we can make amendments to it. Now, we can make an amendment or a motion to ensure  that the specificity of the CTE director certification working towards that is in the LA. We could also make it contingent on that. We would expect a revised,  perhaps a revised job description within 3 to 6 months for us to review or within a week next meeting.",Speaker 1
1:05:53.16,1:06:01.24,3953.16,3961.24,Heather Whitney,"CHAIR, Claremont School Board (chair since 4/5/2023, re-elected chair 3/20/2024). She opens the meeting in her own voice at 0 ('I would like to call to order the August 21st, 2024 meeting of the Claremont School Board'), notes the clerk is absent and takes the roll herself at 4-6 ('In the absence of our secretary [or] Clark'), and reads her own name LAST in both roll calls (6; 215 'And Heather Whitney', both words confidence 1.00). Whitney Skillen names her in the third person at 532 ('I think what Heather is asking is...', 'Heather' 1.00) and Bonnie Miles addresses her as 'Heather.' at 555 (1.00) - which fixes this presiding voice as Heather Whitney and NOT Whitney Skillen, the other sitting member whose first name is Whitney and who is a separate cluster (Speaker 7) in this same recording. She gives every recognition ('Miss Gillen' 84, 196, 580; 'Arlene' 72, 141, 188, 431; 'Candy' 173; 'Miss Crawford' 195, 665, 684; 'Mister patron' 309, 401, 582, 691; 'And Frank' 235; 'Frank Sprague as the chair' 668; 'Miss Hawkins' 609), runs the consent agenda, the nonpublic votes and the adjournment (701). This cluster repeatedly absorbs the onset of the member she is recognising (84 'Miss Gillen.' + Skillen's first words; 72 + Hawkins's first words; 6, 208, 211 + other members' roll answers) and swallows a handful of neighbouring voices; the ones that can be tied to another speaker are reassigned by override","I'm just throwing stuff out there. All right. So we can make a motion to do that, if you like. I think we could be creative with our way. Our emotions are. Yes, sir.",Speaker 1
1:06:01.36,1:06:10.88,3961.36,3970.88,Chris Pratt,"SUPERINTENDENT OF SCHOOLS, SAU 6 / Claremont School District. The chair puts the staff-nomination motion as 'approving the list of nominations as presented by doctor, Doctor Pratt. Mr. Pratt' (280, both 1.00) immediately after this voice's exchange, and names him three more times as the person who will bring the revised job description (558, 561, 563, 688 - all 1.00). He delivers the superintendent's report (8-41), calls it 'the superintendents report that I sent you' (8), hands off to 'Mr. O'Hearn' (219) and to 'Michael' for the AI/PD questions (31), and apologises to the board in the first person for hiring before the board approved the position (588-589). Bonnie Miles says at 568 'Mr. Pratt was an interim superintendent before you became the superintendent' and Michael Petrin at 538 'We have superintendent Chris was the acting superintendent because someone left mid-term' - both addressed to this voice, and the word 'interim' is never applied to him in the present tense anywhere in the file. Bonnie Miles and Arlene Hawkins both address him as 'Chris' (500, 502, 616; 1.00). ASR also renders him 'Mr. Pride' (610, 1.00)","I get an idea. It's about wording, but it might put people at ease rather than an assistant. You could say it's an associate director.",Speaker 3
1:06:10.96,1:06:13.96,3970.96,3973.96,Bonnie Miles,"Claremont School Board member. CHAIR'S RECOGNITIONS straight into this voice: 'Sorry, Mr. Peter and then miss Miles' (303, 'Miles' 0.96) and 'Who's next, miss Miles?' (312, 'Miles' 1.00) -> 313, which opens her long run of questions on the assistant tech-centre director; Candace Crawford answers her by name at 408 ('I think Bonnie', 0.98) while this voice is speaking at 406-413. She is the member who asks whether the board may approve a position that has already been filled (322-332), who proposes the word 'acting' (335, 469) and who moves the amendment adopted that night (533). CAUTION - THIS CLUSTER MERGES TWO WOMEN: Speaker 6 carries both Bonnie Miles and Arlene Hawkins. Rows keep Miles by default; every stretch that a chair recognition or a colleague's direct address ties to Hawkins is reassigned by override. Short interjections that fall between the anchored runs cannot be separated acoustically and could belong to either member",I would not be comfortable with that. But there certified.,Speaker 6
1:06:14.00,1:06:14.23,3974.00,3974.23,Chris Pratt,"SUPERINTENDENT OF SCHOOLS - a diarizer clipping cluster rather than a separate person: eighteen fragments inside the assistant-tech-director item, most of them the onset or tail of one of his own Speaker 3 sentences (392+393 'I don't / think we're going to get to run the tech'; 421+422 'I would / never do that'; 435+436 '[job description] can / be we can update this any at any time'; 449+450; 366+367 'Who's / long term [view]'). The fragments that belong to Frank Sprague or the chair are reassigned by override",Right.,Speaker 12
1:06:14.28,1:06:16.28,3974.28,3976.28,Chris Pratt,"SUPERINTENDENT OF SCHOOLS, SAU 6 / Claremont School District. The chair puts the staff-nomination motion as 'approving the list of nominations as presented by doctor, Doctor Pratt. Mr. Pratt' (280, both 1.00) immediately after this voice's exchange, and names him three more times as the person who will bring the revised job description (558, 561, 563, 688 - all 1.00). He delivers the superintendent's report (8-41), calls it 'the superintendents report that I sent you' (8), hands off to 'Mr. O'Hearn' (219) and to 'Michael' for the AI/PD questions (31), and apologises to the board in the first person for hiring before the board approved the position (588-589). Bonnie Miles says at 568 'Mr. Pratt was an interim superintendent before you became the superintendent' and Michael Petrin at 538 'We have superintendent Chris was the acting superintendent because someone left mid-term' - both addressed to this voice, and the word 'interim' is never applied to him in the present tense anywhere in the file. Bonnie Miles and Arlene Hawkins both address him as 'Chris' (500, 502, 616; 1.00). ASR also renders him 'Mr. Pride' (610, 1.00)",Because I mean assistant.,Speaker 3
1:06:16.36,1:06:16.96,3976.36,3976.96,Candace Crawford,"Claremont School Board member (appointed 7/19/2023, re-elected March 2024); reports for the Capital Improvement Committee and the SRVRTC visioning committee. CHAIR'S RECOGNITIONS straight into this voice: 'Yes. Candy.' (173, 1.00) -> 174 'Do I make [a motion]'; 'Any Crawford seconds' (200, 0.86) right after 199; 'the motion, as stated by Miss Crawford' (195, 1.00) closing the Girls on the Run vote she moved at 183; 'And Candace and then, Mr. Patron' (373) -> 374; 'we're going to start with the Capital Improvement Subcommittee. And that would be Miss Crawford' (665, 1.00) -> 666; 'And Miss Crawford, you're up again' (684, 1.00) -> 685. She addresses Bonnie Miles by name at 408 ('I think Bonnie', 0.98), which is what separates Miles from Arlene Hawkins inside Speaker 6",I agree with that.,Speaker 4
1:06:17.00,1:06:22.64,3977.00,3982.64,Heather Whitney,"CHAIR, Claremont School Board (chair since 4/5/2023, re-elected chair 3/20/2024). She opens the meeting in her own voice at 0 ('I would like to call to order the August 21st, 2024 meeting of the Claremont School Board'), notes the clerk is absent and takes the roll herself at 4-6 ('In the absence of our secretary [or] Clark'), and reads her own name LAST in both roll calls (6; 215 'And Heather Whitney', both words confidence 1.00). Whitney Skillen names her in the third person at 532 ('I think what Heather is asking is...', 'Heather' 1.00) and Bonnie Miles addresses her as 'Heather.' at 555 (1.00) - which fixes this presiding voice as Heather Whitney and NOT Whitney Skillen, the other sitting member whose first name is Whitney and who is a separate cluster (Speaker 7) in this same recording. She gives every recognition ('Miss Gillen' 84, 196, 580; 'Arlene' 72, 141, 188, 431; 'Candy' 173; 'Miss Crawford' 195, 665, 684; 'Mister patron' 309, 401, 582, 691; 'And Frank' 235; 'Frank Sprague as the chair' 668; 'Miss Hawkins' 609), runs the consent agenda, the nonpublic votes and the adjournment (701). This cluster repeatedly absorbs the onset of the member she is recognising (84 'Miss Gillen.' + Skillen's first words; 72 + Hawkins's first words; 6, 208, 211 + other members' roll answers) and swallows a handful of neighbouring voices; the ones that can be tied to another speaker are reassigned by override",How about acting assistant director? How about acting assistant CTE director?,Speaker 1
1:06:22.72,1:06:25.28,3982.72,3985.28,Candace Crawford,"Claremont School Board member (appointed 7/19/2023, re-elected March 2024); reports for the Capital Improvement Committee and the SRVRTC visioning committee. CHAIR'S RECOGNITIONS straight into this voice: 'Yes. Candy.' (173, 1.00) -> 174 'Do I make [a motion]'; 'Any Crawford seconds' (200, 0.86) right after 199; 'the motion, as stated by Miss Crawford' (195, 1.00) closing the Girls on the Run vote she moved at 183; 'And Candace and then, Mr. Patron' (373) -> 374; 'we're going to start with the Capital Improvement Subcommittee. And that would be Miss Crawford' (665, 1.00) -> 666; 'And Miss Crawford, you're up again' (684, 1.00) -> 685. She addresses Bonnie Miles by name at 408 ('I think Bonnie', 0.98), which is what separates Miles from Arlene Hawkins inside Speaker 6",So what? I would be willing to make a motion.,Speaker 4
1:06:25.32,1:06:46.56,3985.32,4006.56,Bonnie Miles,"Claremont School Board member. CHAIR'S RECOGNITIONS straight into this voice: 'Sorry, Mr. Peter and then miss Miles' (303, 'Miles' 0.96) and 'Who's next, miss Miles?' (312, 'Miles' 1.00) -> 313, which opens her long run of questions on the assistant tech-centre director; Candace Crawford answers her by name at 408 ('I think Bonnie', 0.98) while this voice is speaking at 406-413. She is the member who asks whether the board may approve a position that has already been filled (322-332), who proposes the word 'acting' (335, 469) and who moves the amendment adopted that night (533). CAUTION - THIS CLUSTER MERGES TWO WOMEN: Speaker 6 carries both Bonnie Miles and Arlene Hawkins. Rows keep Miles by default; every stretch that a chair recognition or a colleague's direct address ties to Hawkins is reassigned by override. Short interjections that fall between the anchored runs cannot be separated acoustically and could belong to either member",Can I just respond to that? Yeah. In this particular circumstance and I don't know the person and I hope people understand it's not a reflection on the person or the director who's overseeing both is nothing to do with that. I really would support the acting  assistant director. And then this can be changed once that certification has gotten. So we.,Speaker 6
1:06:46.56,1:06:48.24,4006.56,4008.24,Candace Crawford,"Claremont School Board member (appointed 7/19/2023, re-elected March 2024); reports for the Capital Improvement Committee and the SRVRTC visioning committee. CHAIR'S RECOGNITIONS straight into this voice: 'Yes. Candy.' (173, 1.00) -> 174 'Do I make [a motion]'; 'Any Crawford seconds' (200, 0.86) right after 199; 'the motion, as stated by Miss Crawford' (195, 1.00) closing the Girls on the Run vote she moved at 183; 'And Candace and then, Mr. Patron' (373) -> 374; 'we're going to start with the Capital Improvement Subcommittee. And that would be Miss Crawford' (665, 1.00) -> 666; 'And Miss Crawford, you're up again' (684, 1.00) -> 685. She addresses Bonnie Miles by name at 408 ('I think Bonnie', 0.98), which is what separates Miles from Arlene Hawkins inside Speaker 6",Can it's going to take a year for.,Speaker 4
1:06:48.28,1:06:59.40,4008.28,4019.40,Heather Whitney,"CHAIR, Claremont School Board (chair since 4/5/2023, re-elected chair 3/20/2024). She opens the meeting in her own voice at 0 ('I would like to call to order the August 21st, 2024 meeting of the Claremont School Board'), notes the clerk is absent and takes the roll herself at 4-6 ('In the absence of our secretary [or] Clark'), and reads her own name LAST in both roll calls (6; 215 'And Heather Whitney', both words confidence 1.00). Whitney Skillen names her in the third person at 532 ('I think what Heather is asking is...', 'Heather' 1.00) and Bonnie Miles addresses her as 'Heather.' at 555 (1.00) - which fixes this presiding voice as Heather Whitney and NOT Whitney Skillen, the other sitting member whose first name is Whitney and who is a separate cluster (Speaker 7) in this same recording. She gives every recognition ('Miss Gillen' 84, 196, 580; 'Arlene' 72, 141, 188, 431; 'Candy' 173; 'Miss Crawford' 195, 665, 684; 'Mister patron' 309, 401, 582, 691; 'And Frank' 235; 'Frank Sprague as the chair' 668; 'Miss Hawkins' 609), runs the consent agenda, the nonpublic votes and the adjournment (701). This cluster repeatedly absorbs the onset of the member she is recognising (84 'Miss Gillen.' + Skillen's first words; 72 + Hawkins's first words; 6, 208, 211 + other members' roll answers) and swallows a handful of neighbouring voices; the ones that can be tied to another speaker are reassigned by override",That can change the language to read. So we can. So part of the motion would be that we approve the position with the following contingencies or.,Speaker 1
1:06:59.48,1:07:01.84,4019.48,4021.84,Michael Petrin,"Claremont School Board member (returned to the board as a write-in in the March 2024 election). CHAIR'S RECOGNITIONS, each straight into this voice: 'Mike, do you have a question?' (188) -> 189; 'Mister patron.' (309, 0.94) -> 310; 'Mister patron.' (401, 1.00) -> 402; 'Mike.' (551, 1.00) -> 552 ('No.'); 'Mr. patron?' (582, 1.00) -> 583 ('No.'); 'Mr. patron.' (691, 0.76) -> 692. He answers the opening roll in this voice at 5 ('Patron here', 'Patron' 1.00) and the nonpublic roll at 209, and the chair credits the second on the tech-centre motion to him at 292 ('Second for Mike patron'). At 130-132 he speaks off 'Frank and Whitney, what they were saying' and tells Sprague 'Frank retired. You can go take a walk. I can't' - so he is neither of them - and Frank Sprague places him at 483: 'Mike has a background in physical therapy.' ASR renders him 'Patron', 'patron', 'Peterson' (406, 1.00). THIS CLUSTER IS A MERGE: it also carries Assistant Superintendent Mike Koski's long turns, several of Frank Sprague's, and dozens of sub-second interjections from other people; every stretch that could be tied to another speaker is reassigned by override, and short unanchored backchannels left under this label may belong to someone else",Thanks motion. What's that. We still have Frank's motion.,Speaker 2
1:07:02.04,1:07:10.88,4022.04,4030.88,Heather Whitney,"CHAIR, Claremont School Board (chair since 4/5/2023, re-elected chair 3/20/2024). She opens the meeting in her own voice at 0 ('I would like to call to order the August 21st, 2024 meeting of the Claremont School Board'), notes the clerk is absent and takes the roll herself at 4-6 ('In the absence of our secretary [or] Clark'), and reads her own name LAST in both roll calls (6; 215 'And Heather Whitney', both words confidence 1.00). Whitney Skillen names her in the third person at 532 ('I think what Heather is asking is...', 'Heather' 1.00) and Bonnie Miles addresses her as 'Heather.' at 555 (1.00) - which fixes this presiding voice as Heather Whitney and NOT Whitney Skillen, the other sitting member whose first name is Whitney and who is a separate cluster (Speaker 7) in this same recording. She gives every recognition ('Miss Gillen' 84, 196, 580; 'Arlene' 72, 141, 188, 431; 'Candy' 173; 'Miss Crawford' 195, 665, 684; 'Mister patron' 309, 401, 582, 691; 'And Frank' 235; 'Frank Sprague as the chair' 668; 'Miss Hawkins' 609), runs the consent agenda, the nonpublic votes and the adjournment (701). This cluster repeatedly absorbs the onset of the member she is recognising (84 'Miss Gillen.' + Skillen's first words; 72 + Hawkins's first words; 6, 208, 211 + other members' roll answers) and swallows a handful of neighbouring voices; the ones that can be tied to another speaker are reassigned by override","We'd have to amend it. We'd have to make an amendment to as a motion, then approve that amendment. Or you could take a friendly amendment.",Speaker 1
1:07:10.96,1:07:12.16,4030.96,4032.16,Michael Petrin,"Claremont School Board member (returned to the board as a write-in in the March 2024 election). CHAIR'S RECOGNITIONS, each straight into this voice: 'Mike, do you have a question?' (188) -> 189; 'Mister patron.' (309, 0.94) -> 310; 'Mister patron.' (401, 1.00) -> 402; 'Mike.' (551, 1.00) -> 552 ('No.'); 'Mr. patron?' (582, 1.00) -> 583 ('No.'); 'Mr. patron.' (691, 0.76) -> 692. He answers the opening roll in this voice at 5 ('Patron here', 'Patron' 1.00) and the nonpublic roll at 209, and the chair credits the second on the tech-centre motion to him at 292 ('Second for Mike patron'). At 130-132 he speaks off 'Frank and Whitney, what they were saying' and tells Sprague 'Frank retired. You can go take a walk. I can't' - so he is neither of them - and Frank Sprague places him at 483: 'Mike has a background in physical therapy.' ASR renders him 'Patron', 'patron', 'Peterson' (406, 1.00). THIS CLUSTER IS A MERGE: it also carries Assistant Superintendent Mike Koski's long turns, several of Frank Sprague's, and dozens of sub-second interjections from other people; every stretch that could be tied to another speaker is reassigned by override, and short unanchored backchannels left under this label may belong to someone else",Yeah.,Speaker 2
1:07:12.24,1:07:13.67,4032.24,4033.67,Heather Whitney,"CHAIR, Claremont School Board (chair since 4/5/2023, re-elected chair 3/20/2024). She opens the meeting in her own voice at 0 ('I would like to call to order the August 21st, 2024 meeting of the Claremont School Board'), notes the clerk is absent and takes the roll herself at 4-6 ('In the absence of our secretary [or] Clark'), and reads her own name LAST in both roll calls (6; 215 'And Heather Whitney', both words confidence 1.00). Whitney Skillen names her in the third person at 532 ('I think what Heather is asking is...', 'Heather' 1.00) and Bonnie Miles addresses her as 'Heather.' at 555 (1.00) - which fixes this presiding voice as Heather Whitney and NOT Whitney Skillen, the other sitting member whose first name is Whitney and who is a separate cluster (Speaker 7) in this same recording. She gives every recognition ('Miss Gillen' 84, 196, 580; 'Arlene' 72, 141, 188, 431; 'Candy' 173; 'Miss Crawford' 195, 665, 684; 'Mister patron' 309, 401, 582, 691; 'And Frank' 235; 'Frank Sprague as the chair' 668; 'Miss Hawkins' 609), runs the consent agenda, the nonpublic votes and the adjournment (701). This cluster repeatedly absorbs the onset of the member she is recognising (84 'Miss Gillen.' + Skillen's first words; 72 + Hawkins's first words; 6, 208, 211 + other members' roll answers) and swallows a handful of neighbouring voices; the ones that can be tied to another speaker are reassigned by override",Without doing all that.,Speaker 1
1:07:13.75,1:07:15.88,4033.75,4035.88,Heather Whitney,"Chair, Claremont School Board - a 2.1 s fragment between two of her own segments (475 'Without doing all that.' and 477 'It was a motion because so because'), all contiguous at 0.08 s",That motion. But it was.,Speaker 12
1:07:15.96,1:07:18.92,4035.96,4038.92,Heather Whitney,"CHAIR, Claremont School Board (chair since 4/5/2023, re-elected chair 3/20/2024). She opens the meeting in her own voice at 0 ('I would like to call to order the August 21st, 2024 meeting of the Claremont School Board'), notes the clerk is absent and takes the roll herself at 4-6 ('In the absence of our secretary [or] Clark'), and reads her own name LAST in both roll calls (6; 215 'And Heather Whitney', both words confidence 1.00). Whitney Skillen names her in the third person at 532 ('I think what Heather is asking is...', 'Heather' 1.00) and Bonnie Miles addresses her as 'Heather.' at 555 (1.00) - which fixes this presiding voice as Heather Whitney and NOT Whitney Skillen, the other sitting member whose first name is Whitney and who is a separate cluster (Speaker 7) in this same recording. She gives every recognition ('Miss Gillen' 84, 196, 580; 'Arlene' 72, 141, 188, 431; 'Candy' 173; 'Miss Crawford' 195, 665, 684; 'Mister patron' 309, 401, 582, 691; 'And Frank' 235; 'Frank Sprague as the chair' 668; 'Miss Hawkins' 609), runs the consent agenda, the nonpublic votes and the adjournment (701). This cluster repeatedly absorbs the onset of the member she is recognising (84 'Miss Gillen.' + Skillen's first words; 72 + Hawkins's first words; 6, 208, 211 + other members' roll answers) and swallows a handful of neighbouring voices; the ones that can be tied to another speaker are reassigned by override",It was a motion because so because.,Speaker 1
1:07:19.00,1:07:20.60,4039.00,4040.60,Frank Sprague,"Vice Chair, Claremont School Board - his 'relevant experience under preferred qualifications' proposal, which the diarizer alternates between Speakers 12 and 2 (478-483) with 0.00-0.08 s gaps",I think that.,Speaker 12
1:07:20.68,1:07:22.36,4040.68,4042.36,Frank Sprague,"Vice Chair, Claremont School Board - his 'relevant experience under preferred qualifications' proposal, which the diarizer alternates between Speakers 2 and 12 word by word (479-483). At 483 he places two colleagues: 'you have a background in nursing' (the chair, Heather Whitney) and 'Mike has a background in physical therapy' (Michael Petrin)",Relevant experience.,Speaker 2
1:07:22.36,1:07:23.40,4042.36,4043.40,Frank Sprague,"Vice Chair, Claremont School Board - his 'relevant experience under preferred qualifications' proposal, which the diarizer alternates between Speakers 12 and 2 (478-483) with 0.00-0.08 s gaps",Under preferred.,Speaker 12
1:07:23.40,1:07:24.80,4043.40,4044.80,Frank Sprague,"Vice Chair, Claremont School Board - his 'relevant experience under preferred qualifications' proposal, which the diarizer alternates between Speakers 2 and 12 word by word (479-483). At 483 he places two colleagues: 'you have a background in nursing' (the chair, Heather Whitney) and 'Mike has a background in physical therapy' (Michael Petrin)",Qualifications.,Speaker 2
1:07:24.88,1:07:28.44,4044.88,4048.44,Frank Sprague,"Vice Chair, Claremont School Board - his 'relevant experience under preferred qualifications' proposal, which the diarizer alternates between Speakers 12 and 2 (478-483) with 0.00-0.08 s gaps",Relevant experience in a.,Speaker 12
1:07:28.52,1:07:55.56,4048.52,4075.56,Frank Sprague,"Vice Chair, Claremont School Board - his 'relevant experience under preferred qualifications' proposal, which the diarizer alternates between Speakers 2 and 12 word by word (479-483). At 483 he places two colleagues: 'you have a background in nursing' (the chair, Heather Whitney) and 'Mike has a background in physical therapy' (Michael Petrin)","In a program, for example, you have a background in nursing that's relevant experience.  I have a background in restaurant business that's relevant. Mike has a background in physical therapy that's relevant, technology that's relevant. So I think that some they need to have a background in some some type of CTE field, even real estate banking.",Speaker 2
1:07:55.60,1:07:58.16,4075.60,4078.16,Unidentified,"A seated Claremont School Board member - EITHER ARLENE HAWKINS OR BONNIE MILES. The diarizer merged the two women into one cluster (Speaker 6) and nothing in this stretch separates them: no chair recognition, no direct address, and both had already argued the same point earlier in the meeting - this stretch turns Frank Sprague's 'relevant experience' proposal (479-483) into job-description language. Arlene Hawkins argued for a CTE reference in the job description at 433 and 448; Bonnie Miles said at 322-323 'I agree with what Frank said about meeting a CTE... more of a CTE focus'","No, education doesn't do it. It's got to be more than that.",Speaker 6
1:07:58.20,1:07:59.48,4078.20,4079.48,Chris Pratt,"SUPERINTENDENT OF SCHOOLS, SAU 6 / Claremont School District. The chair puts the staff-nomination motion as 'approving the list of nominations as presented by doctor, Doctor Pratt. Mr. Pratt' (280, both 1.00) immediately after this voice's exchange, and names him three more times as the person who will bring the revised job description (558, 561, 563, 688 - all 1.00). He delivers the superintendent's report (8-41), calls it 'the superintendents report that I sent you' (8), hands off to 'Mr. O'Hearn' (219) and to 'Michael' for the AI/PD questions (31), and apologises to the board in the first person for hiring before the board approved the position (588-589). Bonnie Miles says at 568 'Mr. Pratt was an interim superintendent before you became the superintendent' and Michael Petrin at 538 'We have superintendent Chris was the acting superintendent because someone left mid-term' - both addressed to this voice, and the word 'interim' is never applied to him in the present tense anywhere in the file. Bonnie Miles and Arlene Hawkins both address him as 'Chris' (500, 502, 616; 1.00). ASR also renders him 'Mr. Pride' (610, 1.00)",It does.,Speaker 3
1:07:59.56,1:08:04.16,4079.56,4084.16,Unidentified,"A seated Claremont School Board member - EITHER ARLENE HAWKINS OR BONNIE MILES. The diarizer merged the two women into one cluster (Speaker 6) and nothing in this stretch separates them: no chair recognition, no direct address, and both had already argued the same point earlier in the meeting - this stretch turns Frank Sprague's 'relevant experience' proposal (479-483) into job-description language. Arlene Hawkins argued for a CTE reference in the job description at 433 and 448; Bonnie Miles said at 322-323 'I agree with what Frank said about meeting a CTE... more of a CTE focus'",I understand what you're saying. I was so you're saying add relevant experience.,Speaker 6
1:08:04.24,1:08:05.96,4084.24,4085.96,Heather Whitney,"CHAIR, Claremont School Board (chair since 4/5/2023, re-elected chair 3/20/2024). She opens the meeting in her own voice at 0 ('I would like to call to order the August 21st, 2024 meeting of the Claremont School Board'), notes the clerk is absent and takes the roll herself at 4-6 ('In the absence of our secretary [or] Clark'), and reads her own name LAST in both roll calls (6; 215 'And Heather Whitney', both words confidence 1.00). Whitney Skillen names her in the third person at 532 ('I think what Heather is asking is...', 'Heather' 1.00) and Bonnie Miles addresses her as 'Heather.' at 555 (1.00) - which fixes this presiding voice as Heather Whitney and NOT Whitney Skillen, the other sitting member whose first name is Whitney and who is a separate cluster (Speaker 7) in this same recording. She gives every recognition ('Miss Gillen' 84, 196, 580; 'Arlene' 72, 141, 188, 431; 'Candy' 173; 'Miss Crawford' 195, 665, 684; 'Mister patron' 309, 401, 582, 691; 'And Frank' 235; 'Frank Sprague as the chair' 668; 'Miss Hawkins' 609), runs the consent agenda, the nonpublic votes and the adjournment (701). This cluster repeatedly absorbs the onset of the member she is recognising (84 'Miss Gillen.' + Skillen's first words; 72 + Hawkins's first words; 6, 208, 211 + other members' roll answers) and swallows a handful of neighbouring voices; the ones that can be tied to another speaker are reassigned by override",Relevant experience.,Speaker 1
1:08:06.00,1:08:13.00,4086.00,4093.00,Unidentified,"A seated Claremont School Board member - EITHER ARLENE HAWKINS OR BONNIE MILES. The diarizer merged the two women into one cluster (Speaker 6) and nothing in this stretch separates them: no chair recognition, no direct address, and both had already argued the same point earlier in the meeting - this stretch turns Frank Sprague's 'relevant experience' proposal (479-483) into job-description language. Arlene Hawkins argued for a CTE reference in the job description at 433 and 448; Bonnie Miles said at 322-323 'I agree with what Frank said about meeting a CTE... more of a CTE focus'",CTE field or whatever however that's worded. I know. Go ahead.,Speaker 6
1:08:13.08,1:08:33.88,4093.08,4113.88,Candace Crawford,"Claremont School Board member (appointed 7/19/2023, re-elected March 2024); reports for the Capital Improvement Committee and the SRVRTC visioning committee. CHAIR'S RECOGNITIONS straight into this voice: 'Yes. Candy.' (173, 1.00) -> 174 'Do I make [a motion]'; 'Any Crawford seconds' (200, 0.86) right after 199; 'the motion, as stated by Miss Crawford' (195, 1.00) closing the Girls on the Run vote she moved at 183; 'And Candace and then, Mr. Patron' (373) -> 374; 'we're going to start with the Capital Improvement Subcommittee. And that would be Miss Crawford' (665, 1.00) -> 666; 'And Miss Crawford, you're up again' (684, 1.00) -> 685. She addresses Bonnie Miles by name at 408 ('I think Bonnie', 0.98), which is what separates Miles from Arlene Hawkins inside Speaker 6","I can support hiring this person to be on the job because somebody's got to run the building tomorrow. However, I don't want to approve this until we have a chance to improve this job description. We'll hire her.",Speaker 4
1:08:33.96,1:08:35.44,4113.96,4115.44,Michael Petrin,"Claremont School Board member (returned to the board as a write-in in the March 2024 election). CHAIR'S RECOGNITIONS, each straight into this voice: 'Mike, do you have a question?' (188) -> 189; 'Mister patron.' (309, 0.94) -> 310; 'Mister patron.' (401, 1.00) -> 402; 'Mike.' (551, 1.00) -> 552 ('No.'); 'Mr. patron?' (582, 1.00) -> 583 ('No.'); 'Mr. patron.' (691, 0.76) -> 692. He answers the opening roll in this voice at 5 ('Patron here', 'Patron' 1.00) and the nonpublic roll at 209, and the chair credits the second on the tech-centre motion to him at 292 ('Second for Mike patron'). At 130-132 he speaks off 'Frank and Whitney, what they were saying' and tells Sprague 'Frank retired. You can go take a walk. I can't' - so he is neither of them - and Frank Sprague places him at 483: 'Mike has a background in physical therapy.' ASR renders him 'Patron', 'patron', 'Peterson' (406, 1.00). THIS CLUSTER IS A MERGE: it also carries Assistant Superintendent Mike Koski's long turns, several of Frank Sprague's, and dozens of sub-second interjections from other people; every stretch that could be tied to another speaker is reassigned by override, and short unanchored backchannels left under this label may belong to someone else",Oh she's been hired.,Speaker 2
1:08:35.52,1:08:37.04,4115.52,4117.04,Chris Pratt,"SUPERINTENDENT OF SCHOOLS, SAU 6 / Claremont School District. The chair puts the staff-nomination motion as 'approving the list of nominations as presented by doctor, Doctor Pratt. Mr. Pratt' (280, both 1.00) immediately after this voice's exchange, and names him three more times as the person who will bring the revised job description (558, 561, 563, 688 - all 1.00). He delivers the superintendent's report (8-41), calls it 'the superintendents report that I sent you' (8), hands off to 'Mr. O'Hearn' (219) and to 'Michael' for the AI/PD questions (31), and apologises to the board in the first person for hiring before the board approved the position (588-589). Bonnie Miles says at 568 'Mr. Pratt was an interim superintendent before you became the superintendent' and Michael Petrin at 538 'We have superintendent Chris was the acting superintendent because someone left mid-term' - both addressed to this voice, and the word 'interim' is never applied to him in the present tense anywhere in the file. Bonnie Miles and Arlene Hawkins both address him as 'Chris' (500, 502, 616; 1.00). ASR also renders him 'Mr. Pride' (610, 1.00)",Well technique. She hasn't signed her contract.,Speaker 3
1:08:37.08,1:08:38.84,4117.08,4118.84,Candace Crawford,"Claremont School Board member (appointed 7/19/2023, re-elected March 2024); reports for the Capital Improvement Committee and the SRVRTC visioning committee. CHAIR'S RECOGNITIONS straight into this voice: 'Yes. Candy.' (173, 1.00) -> 174 'Do I make [a motion]'; 'Any Crawford seconds' (200, 0.86) right after 199; 'the motion, as stated by Miss Crawford' (195, 1.00) closing the Girls on the Run vote she moved at 183; 'And Candace and then, Mr. Patron' (373) -> 374; 'we're going to start with the Capital Improvement Subcommittee. And that would be Miss Crawford' (665, 1.00) -> 666; 'And Miss Crawford, you're up again' (684, 1.00) -> 685. She addresses Bonnie Miles by name at 408 ('I think Bonnie', 0.98), which is what separates Miles from Arlene Hawkins inside Speaker 6",Yeah I mean.,Speaker 4
1:08:38.92,1:08:42.80,4118.92,4122.80,Michael Petrin,"Claremont School Board member (returned to the board as a write-in in the March 2024 election). CHAIR'S RECOGNITIONS, each straight into this voice: 'Mike, do you have a question?' (188) -> 189; 'Mister patron.' (309, 0.94) -> 310; 'Mister patron.' (401, 1.00) -> 402; 'Mike.' (551, 1.00) -> 552 ('No.'); 'Mr. patron?' (582, 1.00) -> 583 ('No.'); 'Mr. patron.' (691, 0.76) -> 692. He answers the opening roll in this voice at 5 ('Patron here', 'Patron' 1.00) and the nonpublic roll at 209, and the chair credits the second on the tech-centre motion to him at 292 ('Second for Mike patron'). At 130-132 he speaks off 'Frank and Whitney, what they were saying' and tells Sprague 'Frank retired. You can go take a walk. I can't' - so he is neither of them - and Frank Sprague places him at 483: 'Mike has a background in physical therapy.' ASR renders him 'Patron', 'patron', 'Peterson' (406, 1.00). THIS CLUSTER IS A MERGE: it also carries Assistant Superintendent Mike Koski's long turns, several of Frank Sprague's, and dozens of sub-second interjections from other people; every stretch that could be tied to another speaker is reassigned by override, and short unanchored backchannels left under this label may belong to someone else",So it's about the we're only discussing the  job description. So.,Speaker 2
1:08:42.88,1:08:48.08,4122.88,4128.08,Bonnie Miles,"Claremont School Board member. CHAIR'S RECOGNITIONS straight into this voice: 'Sorry, Mr. Peter and then miss Miles' (303, 'Miles' 0.96) and 'Who's next, miss Miles?' (312, 'Miles' 1.00) -> 313, which opens her long run of questions on the assistant tech-centre director; Candace Crawford answers her by name at 408 ('I think Bonnie', 0.98) while this voice is speaking at 406-413. She is the member who asks whether the board may approve a position that has already been filled (322-332), who proposes the word 'acting' (335, 469) and who moves the amendment adopted that night (533). CAUTION - THIS CLUSTER MERGES TWO WOMEN: Speaker 6 carries both Bonnie Miles and Arlene Hawkins. Rows keep Miles by default; every stretch that a chair recognition or a colleague's direct address ties to Hawkins is reassigned by override. Short interjections that fall between the anchored runs cannot be separated acoustically and could belong to either member",So if we approve the position are we approving this job description. I think that's.,Speaker 6
1:08:48.20,1:08:49.32,4128.20,4129.32,Chris Pratt,"SUPERINTENDENT OF SCHOOLS, SAU 6 / Claremont School District. The chair puts the staff-nomination motion as 'approving the list of nominations as presented by doctor, Doctor Pratt. Mr. Pratt' (280, both 1.00) immediately after this voice's exchange, and names him three more times as the person who will bring the revised job description (558, 561, 563, 688 - all 1.00). He delivers the superintendent's report (8-41), calls it 'the superintendents report that I sent you' (8), hands off to 'Mr. O'Hearn' (219) and to 'Michael' for the AI/PD questions (31), and apologises to the board in the first person for hiring before the board approved the position (588-589). Bonnie Miles says at 568 'Mr. Pratt was an interim superintendent before you became the superintendent' and Michael Petrin at 538 'We have superintendent Chris was the acting superintendent because someone left mid-term' - both addressed to this voice, and the word 'interim' is never applied to him in the present tense anywhere in the file. Bonnie Miles and Arlene Hawkins both address him as 'Chris' (500, 502, 616; 1.00). ASR also renders him 'Mr. Pride' (610, 1.00)",With amendments made.,Speaker 3
1:08:49.36,1:08:59.28,4129.36,4139.28,Heather Whitney,"CHAIR, Claremont School Board (chair since 4/5/2023, re-elected chair 3/20/2024). She opens the meeting in her own voice at 0 ('I would like to call to order the August 21st, 2024 meeting of the Claremont School Board'), notes the clerk is absent and takes the roll herself at 4-6 ('In the absence of our secretary [or] Clark'), and reads her own name LAST in both roll calls (6; 215 'And Heather Whitney', both words confidence 1.00). Whitney Skillen names her in the third person at 532 ('I think what Heather is asking is...', 'Heather' 1.00) and Bonnie Miles addresses her as 'Heather.' at 555 (1.00) - which fixes this presiding voice as Heather Whitney and NOT Whitney Skillen, the other sitting member whose first name is Whitney and who is a separate cluster (Speaker 7) in this same recording. She gives every recognition ('Miss Gillen' 84, 196, 580; 'Arlene' 72, 141, 188, 431; 'Candy' 173; 'Miss Crawford' 195, 665, 684; 'Mister patron' 309, 401, 582, 691; 'And Frank' 235; 'Frank Sprague as the chair' 668; 'Miss Hawkins' 609), runs the consent agenda, the nonpublic votes and the adjournment (701). This cluster repeatedly absorbs the onset of the member she is recognising (84 'Miss Gillen.' + Skillen's first words; 72 + Hawkins's first words; 6, 208, 211 + other members' roll answers) and swallows a handful of neighbouring voices; the ones that can be tied to another speaker are reassigned by override","With amendments made we can amend them. And then we can also say within a week, but we have to approve a position to be able to fund it.",Speaker 1
1:08:59.36,1:09:09.12,4139.36,4149.12,Heather Whitney,"CHAIR, Claremont School Board (chair since 4/5/2023, re-elected chair 3/20/2024). She opens the meeting in her own voice at 0 ('I would like to call to order the August 21st, 2024 meeting of the Claremont School Board'), notes the clerk is absent and takes the roll herself at 4-6 ('In the absence of our secretary [or] Clark'), and reads her own name LAST in both roll calls (6; 215 'And Heather Whitney', both words confidence 1.00). Whitney Skillen names her in the third person at 532 ('I think what Heather is asking is...', 'Heather' 1.00) and Bonnie Miles addresses her as 'Heather.' at 555 (1.00) - which fixes this presiding voice as Heather Whitney and NOT Whitney Skillen, the other sitting member whose first name is Whitney and who is a separate cluster (Speaker 7) in this same recording. She gives every recognition ('Miss Gillen' 84, 196, 580; 'Arlene' 72, 141, 188, 431; 'Candy' 173; 'Miss Crawford' 195, 665, 684; 'Mister patron' 309, 401, 582, 691; 'And Frank' 235; 'Frank Sprague as the chair' 668; 'Miss Hawkins' 609), runs the consent agenda, the nonpublic votes and the adjournment (701). This cluster repeatedly absorbs the onset of the member she is recognising (84 'Miss Gillen.' + Skillen's first words; 72 + Hawkins's first words; 6, 208, 211 + other members' roll answers) and swallows a handful of neighbouring voices; the ones that can be tied to another speaker are reassigned by override","We can make the contingency that this expires in three weeks, and that we have to approve another.",Speaker 1
1:09:09.20,1:09:11.88,4149.20,4151.88,Candace Crawford,"Claremont School Board member (appointed 7/19/2023, re-elected March 2024); reports for the Capital Improvement Committee and the SRVRTC visioning committee. CHAIR'S RECOGNITIONS straight into this voice: 'Yes. Candy.' (173, 1.00) -> 174 'Do I make [a motion]'; 'Any Crawford seconds' (200, 0.86) right after 199; 'the motion, as stated by Miss Crawford' (195, 1.00) closing the Girls on the Run vote she moved at 183; 'And Candace and then, Mr. Patron' (373) -> 374; 'we're going to start with the Capital Improvement Subcommittee. And that would be Miss Crawford' (665, 1.00) -> 666; 'And Miss Crawford, you're up again' (684, 1.00) -> 685. She addresses Bonnie Miles by name at 408 ('I think Bonnie', 0.98), which is what separates Miles from Arlene Hawkins inside Speaker 6",We need to amend it before the next.,Speaker 4
1:09:12.12,1:09:13.04,4152.12,4153.04,Heather Whitney,"CHAIR, Claremont School Board (chair since 4/5/2023, re-elected chair 3/20/2024). She opens the meeting in her own voice at 0 ('I would like to call to order the August 21st, 2024 meeting of the Claremont School Board'), notes the clerk is absent and takes the roll herself at 4-6 ('In the absence of our secretary [or] Clark'), and reads her own name LAST in both roll calls (6; 215 'And Heather Whitney', both words confidence 1.00). Whitney Skillen names her in the third person at 532 ('I think what Heather is asking is...', 'Heather' 1.00) and Bonnie Miles addresses her as 'Heather.' at 555 (1.00) - which fixes this presiding voice as Heather Whitney and NOT Whitney Skillen, the other sitting member whose first name is Whitney and who is a separate cluster (Speaker 7) in this same recording. She gives every recognition ('Miss Gillen' 84, 196, 580; 'Arlene' 72, 141, 188, 431; 'Candy' 173; 'Miss Crawford' 195, 665, 684; 'Mister patron' 309, 401, 582, 691; 'And Frank' 235; 'Frank Sprague as the chair' 668; 'Miss Hawkins' 609), runs the consent agenda, the nonpublic votes and the adjournment (701). This cluster repeatedly absorbs the onset of the member she is recognising (84 'Miss Gillen.' + Skillen's first words; 72 + Hawkins's first words; 6, 208, 211 + other members' roll answers) and swallows a handful of neighbouring voices; the ones that can be tied to another speaker are reassigned by override",That's fine. We can do that.,Speaker 1
1:09:13.04,1:09:13.76,4153.04,4153.76,Bonnie Miles,"Claremont School Board member. CHAIR'S RECOGNITIONS straight into this voice: 'Sorry, Mr. Peter and then miss Miles' (303, 'Miles' 0.96) and 'Who's next, miss Miles?' (312, 'Miles' 1.00) -> 313, which opens her long run of questions on the assistant tech-centre director; Candace Crawford answers her by name at 408 ('I think Bonnie', 0.98) while this voice is speaking at 406-413. She is the member who asks whether the board may approve a position that has already been filled (322-332), who proposes the word 'acting' (335, 469) and who moves the amendment adopted that night (533). CAUTION - THIS CLUSTER MERGES TWO WOMEN: Speaker 6 carries both Bonnie Miles and Arlene Hawkins. Rows keep Miles by default; every stretch that a chair recognition or a colleague's direct address ties to Hawkins is reassigned by override. Short interjections that fall between the anchored runs cannot be separated acoustically and could belong to either member","Tonight, Chris said.",Speaker 6
1:09:13.76,1:09:14.80,4153.76,4154.80,Candace Crawford,"Claremont School Board member (appointed 7/19/2023, re-elected March 2024); reports for the Capital Improvement Committee and the SRVRTC visioning committee. CHAIR'S RECOGNITIONS straight into this voice: 'Yes. Candy.' (173, 1.00) -> 174 'Do I make [a motion]'; 'Any Crawford seconds' (200, 0.86) right after 199; 'the motion, as stated by Miss Crawford' (195, 1.00) closing the Girls on the Run vote she moved at 183; 'And Candace and then, Mr. Patron' (373) -> 374; 'we're going to start with the Capital Improvement Subcommittee. And that would be Miss Crawford' (665, 1.00) -> 666; 'And Miss Crawford, you're up again' (684, 1.00) -> 685. She addresses Bonnie Miles by name at 408 ('I think Bonnie', 0.98), which is what separates Miles from Arlene Hawkins inside Speaker 6","A week. Well, not tonight.",Speaker 4
1:09:14.84,1:09:17.50,4154.84,4157.50,Bonnie Miles,"Claremont School Board member. CHAIR'S RECOGNITIONS straight into this voice: 'Sorry, Mr. Peter and then miss Miles' (303, 'Miles' 0.96) and 'Who's next, miss Miles?' (312, 'Miles' 1.00) -> 313, which opens her long run of questions on the assistant tech-centre director; Candace Crawford answers her by name at 408 ('I think Bonnie', 0.98) while this voice is speaking at 406-413. She is the member who asks whether the board may approve a position that has already been filled (322-332), who proposes the word 'acting' (335, 469) and who moves the amendment adopted that night (533). CAUTION - THIS CLUSTER MERGES TWO WOMEN: Speaker 6 carries both Bonnie Miles and Arlene Hawkins. Rows keep Miles by default; every stretch that a chair recognition or a colleague's direct address ties to Hawkins is reassigned by override. Short interjections that fall between the anchored runs cannot be separated acoustically and could belong to either member","But Chris, I heard you say a week. You could have.",Speaker 6
1:09:17.52,1:09:20.16,4157.52,4160.16,Chris Pratt,"SUPERINTENDENT OF SCHOOLS, SAU 6 / Claremont School District. The chair puts the staff-nomination motion as 'approving the list of nominations as presented by doctor, Doctor Pratt. Mr. Pratt' (280, both 1.00) immediately after this voice's exchange, and names him three more times as the person who will bring the revised job description (558, 561, 563, 688 - all 1.00). He delivers the superintendent's report (8-41), calls it 'the superintendents report that I sent you' (8), hands off to 'Mr. O'Hearn' (219) and to 'Michael' for the AI/PD questions (31), and apologises to the board in the first person for hiring before the board approved the position (588-589). Bonnie Miles says at 568 'Mr. Pratt was an interim superintendent before you became the superintendent' and Michael Petrin at 538 'We have superintendent Chris was the acting superintendent because someone left mid-term' - both addressed to this voice, and the word 'interim' is never applied to him in the present tense anywhere in the file. Bonnie Miles and Arlene Hawkins both address him as 'Chris' (500, 502, 616; 1.00). ASR also renders him 'Mr. Pride' (610, 1.00)",This likely. You'll probably get it before the end of the week.,Speaker 3
1:09:20.24,1:09:21.80,4160.24,4161.80,Heather Whitney,"CHAIR, Claremont School Board (chair since 4/5/2023, re-elected chair 3/20/2024). She opens the meeting in her own voice at 0 ('I would like to call to order the August 21st, 2024 meeting of the Claremont School Board'), notes the clerk is absent and takes the roll herself at 4-6 ('In the absence of our secretary [or] Clark'), and reads her own name LAST in both roll calls (6; 215 'And Heather Whitney', both words confidence 1.00). Whitney Skillen names her in the third person at 532 ('I think what Heather is asking is...', 'Heather' 1.00) and Bonnie Miles addresses her as 'Heather.' at 555 (1.00) - which fixes this presiding voice as Heather Whitney and NOT Whitney Skillen, the other sitting member whose first name is Whitney and who is a separate cluster (Speaker 7) in this same recording. She gives every recognition ('Miss Gillen' 84, 196, 580; 'Arlene' 72, 141, 188, 431; 'Candy' 173; 'Miss Crawford' 195, 665, 684; 'Mister patron' 309, 401, 582, 691; 'And Frank' 235; 'Frank Sprague as the chair' 668; 'Miss Hawkins' 609), runs the consent agenda, the nonpublic votes and the adjournment (701). This cluster repeatedly absorbs the onset of the member she is recognising (84 'Miss Gillen.' + Skillen's first words; 72 + Hawkins's first words; 6, 208, 211 + other members' roll answers) and swallows a handful of neighbouring voices; the ones that can be tied to another speaker are reassigned by override",But we'll have to have that.,Speaker 1
1:09:21.84,1:09:24.84,4161.84,4164.84,Bonnie Miles,"Claremont School Board member. CHAIR'S RECOGNITIONS straight into this voice: 'Sorry, Mr. Peter and then miss Miles' (303, 'Miles' 0.96) and 'Who's next, miss Miles?' (312, 'Miles' 1.00) -> 313, which opens her long run of questions on the assistant tech-centre director; Candace Crawford answers her by name at 408 ('I think Bonnie', 0.98) while this voice is speaking at 406-413. She is the member who asks whether the board may approve a position that has already been filled (322-332), who proposes the word 'acting' (335, 469) and who moves the amendment adopted that night (533). CAUTION - THIS CLUSTER MERGES TWO WOMEN: Speaker 6 carries both Bonnie Miles and Arlene Hawkins. Rows keep Miles by default; every stretch that a chair recognition or a colleague's direct address ties to Hawkins is reassigned by override. Short interjections that fall between the anchored runs cannot be separated acoustically and could belong to either member",It's today's Wednesday. I'm not asking you to do that.,Speaker 6
1:09:24.92,1:09:27.60,4164.92,4167.60,Chris Pratt,"SUPERINTENDENT OF SCHOOLS, SAU 6 / Claremont School District. The chair puts the staff-nomination motion as 'approving the list of nominations as presented by doctor, Doctor Pratt. Mr. Pratt' (280, both 1.00) immediately after this voice's exchange, and names him three more times as the person who will bring the revised job description (558, 561, 563, 688 - all 1.00). He delivers the superintendent's report (8-41), calls it 'the superintendents report that I sent you' (8), hands off to 'Mr. O'Hearn' (219) and to 'Michael' for the AI/PD questions (31), and apologises to the board in the first person for hiring before the board approved the position (588-589). Bonnie Miles says at 568 'Mr. Pratt was an interim superintendent before you became the superintendent' and Michael Petrin at 538 'We have superintendent Chris was the acting superintendent because someone left mid-term' - both addressed to this voice, and the word 'interim' is never applied to him in the present tense anywhere in the file. Bonnie Miles and Arlene Hawkins both address him as 'Chris' (500, 502, 616; 1.00). ASR also renders him 'Mr. Pride' (610, 1.00)",But that's probably what you probably get.,Speaker 3
1:09:27.68,1:09:28.92,4167.68,4168.92,Candace Crawford,"Claremont School Board member (appointed 7/19/2023, re-elected March 2024); reports for the Capital Improvement Committee and the SRVRTC visioning committee. CHAIR'S RECOGNITIONS straight into this voice: 'Yes. Candy.' (173, 1.00) -> 174 'Do I make [a motion]'; 'Any Crawford seconds' (200, 0.86) right after 199; 'the motion, as stated by Miss Crawford' (195, 1.00) closing the Girls on the Run vote she moved at 183; 'And Candace and then, Mr. Patron' (373) -> 374; 'we're going to start with the Capital Improvement Subcommittee. And that would be Miss Crawford' (665, 1.00) -> 666; 'And Miss Crawford, you're up again' (684, 1.00) -> 685. She addresses Bonnie Miles by name at 408 ('I think Bonnie', 0.98), which is what separates Miles from Arlene Hawkins inside Speaker 6",So.,Speaker 4
1:09:29.00,1:09:48.52,4169.00,4188.52,Bonnie Miles,"Claremont School Board member. CHAIR'S RECOGNITIONS straight into this voice: 'Sorry, Mr. Peter and then miss Miles' (303, 'Miles' 0.96) and 'Who's next, miss Miles?' (312, 'Miles' 1.00) -> 313, which opens her long run of questions on the assistant tech-centre director; Candace Crawford answers her by name at 408 ('I think Bonnie', 0.98) while this voice is speaking at 406-413. She is the member who asks whether the board may approve a position that has already been filled (322-332), who proposes the word 'acting' (335, 469) and who moves the amendment adopted that night (533). CAUTION - THIS CLUSTER MERGES TWO WOMEN: Speaker 6 carries both Bonnie Miles and Arlene Hawkins. Rows keep Miles by default; every stretch that a chair recognition or a colleague's direct address ties to Hawkins is reassigned by override. Short interjections that fall between the anchored runs cannot be separated acoustically and could belong to either member","But does that and this is still maybe I'm not understanding proving the  and I'll say acting assistant CTE director just by approving a position. Are we automatically approving this doctrine or as you have said, it can be contingent upon the changes or can the changes be done separately.",Speaker 6
1:09:48.68,1:10:07.52,4188.68,4207.52,Chris Pratt,"SUPERINTENDENT OF SCHOOLS, SAU 6 / Claremont School District. The chair puts the staff-nomination motion as 'approving the list of nominations as presented by doctor, Doctor Pratt. Mr. Pratt' (280, both 1.00) immediately after this voice's exchange, and names him three more times as the person who will bring the revised job description (558, 561, 563, 688 - all 1.00). He delivers the superintendent's report (8-41), calls it 'the superintendents report that I sent you' (8), hands off to 'Mr. O'Hearn' (219) and to 'Michael' for the AI/PD questions (31), and apologises to the board in the first person for hiring before the board approved the position (588-589). Bonnie Miles says at 568 'Mr. Pratt was an interim superintendent before you became the superintendent' and Michael Petrin at 538 'We have superintendent Chris was the acting superintendent because someone left mid-term' - both addressed to this voice, and the word 'interim' is never applied to him in the present tense anywhere in the file. Bonnie Miles and Arlene Hawkins both address him as 'Chris' (500, 502, 616; 1.00). ASR also renders him 'Mr. Pride' (610, 1.00)","Because a job description is is just given the person you know, the idea of what the job is about? I mean, we've changed, you know, in my over my years, we've changed job descriptions midstream because we can do that. We're just right cleaning up the language. It's not changing the job that they're doing.",Speaker 3
1:10:07.56,1:10:15.21,4207.56,4215.21,Bonnie Miles,"Claremont School Board member. CHAIR'S RECOGNITIONS straight into this voice: 'Sorry, Mr. Peter and then miss Miles' (303, 'Miles' 0.96) and 'Who's next, miss Miles?' (312, 'Miles' 1.00) -> 313, which opens her long run of questions on the assistant tech-centre director; Candace Crawford answers her by name at 408 ('I think Bonnie', 0.98) while this voice is speaking at 406-413. She is the member who asks whether the board may approve a position that has already been filled (322-332), who proposes the word 'acting' (335, 469) and who moves the amendment adopted that night (533). CAUTION - THIS CLUSTER MERGES TWO WOMEN: Speaker 6 carries both Bonnie Miles and Arlene Hawkins. Rows keep Miles by default; every stretch that a chair recognition or a colleague's direct address ties to Hawkins is reassigned by override. Short interjections that fall between the anchored runs cannot be separated acoustically and could belong to either member",So we can approve the position tonight. Correct. And then we can get a modified or amended whatever it is. Job description does.,Speaker 6
1:10:15.21,1:10:37.68,4215.21,4237.68,Chris Pratt,"SUPERINTENDENT OF SCHOOLS, SAU 6 / Claremont School District. The chair puts the staff-nomination motion as 'approving the list of nominations as presented by doctor, Doctor Pratt. Mr. Pratt' (280, both 1.00) immediately after this voice's exchange, and names him three more times as the person who will bring the revised job description (558, 561, 563, 688 - all 1.00). He delivers the superintendent's report (8-41), calls it 'the superintendents report that I sent you' (8), hands off to 'Mr. O'Hearn' (219) and to 'Michael' for the AI/PD questions (31), and apologises to the board in the first person for hiring before the board approved the position (588-589). Bonnie Miles says at 568 'Mr. Pratt was an interim superintendent before you became the superintendent' and Michael Petrin at 538 'We have superintendent Chris was the acting superintendent because someone left mid-term' - both addressed to this voice, and the word 'interim' is never applied to him in the present tense anywhere in the file. Bonnie Miles and Arlene Hawkins both address him as 'Chris' (500, 502, 616; 1.00). ASR also renders him 'Mr. Pride' (610, 1.00)","The job description is pretty much saying. So when someone applies this is pretty much what you're going to do. Right. And then it's like and then usually, you know, the administration go back and say, okay, this is you know, it says in here you need to do this, you know, and so it's and a lot of times, like even in when I took on the job, I noticed there are a lot of job descriptions that we had people already signed on for the job.",Speaker 3
1:10:37.76,1:10:52.24,4237.76,4252.24,Chris Pratt,"SUPERINTENDENT OF SCHOOLS, SAU 6 / Claremont School District. The chair puts the staff-nomination motion as 'approving the list of nominations as presented by doctor, Doctor Pratt. Mr. Pratt' (280, both 1.00) immediately after this voice's exchange, and names him three more times as the person who will bring the revised job description (558, 561, 563, 688 - all 1.00). He delivers the superintendent's report (8-41), calls it 'the superintendents report that I sent you' (8), hands off to 'Mr. O'Hearn' (219) and to 'Michael' for the AI/PD questions (31), and apologises to the board in the first person for hiring before the board approved the position (588-589). Bonnie Miles says at 568 'Mr. Pratt was an interim superintendent before you became the superintendent' and Michael Petrin at 538 'We have superintendent Chris was the acting superintendent because someone left mid-term' - both addressed to this voice, and the word 'interim' is never applied to him in the present tense anywhere in the file. Bonnie Miles and Arlene Hawkins both address him as 'Chris' (500, 502, 616; 1.00). ASR also renders him 'Mr. Pride' (610, 1.00)","We needed to clean them up. And that is not changing the job that doing. We're just being more specific in regards to those jobs. We're just, you know, we're we're not adding to it. We're just being more specific.",Speaker 3
1:10:52.32,1:11:03.04,4252.32,4263.04,Bonnie Miles,"Claremont School Board member. CHAIR'S RECOGNITIONS straight into this voice: 'Sorry, Mr. Peter and then miss Miles' (303, 'Miles' 0.96) and 'Who's next, miss Miles?' (312, 'Miles' 1.00) -> 313, which opens her long run of questions on the assistant tech-centre director; Candace Crawford answers her by name at 408 ('I think Bonnie', 0.98) while this voice is speaking at 406-413. She is the member who asks whether the board may approve a position that has already been filled (322-332), who proposes the word 'acting' (335, 469) and who moves the amendment adopted that night (533). CAUTION - THIS CLUSTER MERGES TWO WOMEN: Speaker 6 carries both Bonnie Miles and Arlene Hawkins. Rows keep Miles by default; every stretch that a chair recognition or a colleague's direct address ties to Hawkins is reassigned by override. Short interjections that fall between the anchored runs cannot be separated acoustically and could belong to either member","So we can move to approve the  and I'll say, Acting assistant CTE director position  at SRVRTC correct.",Speaker 6
1:11:03.08,1:11:13.56,4263.08,4273.56,Heather Whitney,"CHAIR, Claremont School Board (chair since 4/5/2023, re-elected chair 3/20/2024). She opens the meeting in her own voice at 0 ('I would like to call to order the August 21st, 2024 meeting of the Claremont School Board'), notes the clerk is absent and takes the roll herself at 4-6 ('In the absence of our secretary [or] Clark'), and reads her own name LAST in both roll calls (6; 215 'And Heather Whitney', both words confidence 1.00). Whitney Skillen names her in the third person at 532 ('I think what Heather is asking is...', 'Heather' 1.00) and Bonnie Miles addresses her as 'Heather.' at 555 (1.00) - which fixes this presiding voice as Heather Whitney and NOT Whitney Skillen, the other sitting member whose first name is Whitney and who is a separate cluster (Speaker 7) in this same recording. She gives every recognition ('Miss Gillen' 84, 196, 580; 'Arlene' 72, 141, 188, 431; 'Candy' 173; 'Miss Crawford' 195, 665, 684; 'Mister patron' 309, 401, 582, 691; 'And Frank' 235; 'Frank Sprague as the chair' 668; 'Miss Hawkins' 609), runs the consent agenda, the nonpublic votes and the adjournment (701). This cluster repeatedly absorbs the onset of the member she is recognising (84 'Miss Gillen.' + Skillen's first words; 72 + Hawkins's first words; 6, 208, 211 + other members' roll answers) and swallows a handful of neighbouring voices; the ones that can be tied to another speaker are reassigned by override","I think we would we could make a motion, a friendly motion if Frank will accept this, that to add to your motion, if you accept that we change the job title to acting assistant CTE director.",Speaker 1
1:11:13.60,1:11:14.56,4273.60,4274.56,Frank Sprague,"Vice Chair, Claremont School Board - his answer to the chair's 'if Frank will accept this, that to add to your motion' (514, 'Frank' 1.00). He denies making a motion; the chair disagrees at 517. Recorded as spoken",I didn't make a motion.,Speaker 2
1:11:14.60,1:11:15.04,4274.60,4275.04,Bonnie Miles,"Claremont School Board member. CHAIR'S RECOGNITIONS straight into this voice: 'Sorry, Mr. Peter and then miss Miles' (303, 'Miles' 0.96) and 'Who's next, miss Miles?' (312, 'Miles' 1.00) -> 313, which opens her long run of questions on the assistant tech-centre director; Candace Crawford answers her by name at 408 ('I think Bonnie', 0.98) while this voice is speaking at 406-413. She is the member who asks whether the board may approve a position that has already been filled (322-332), who proposes the word 'acting' (335, 469) and who moves the amendment adopted that night (533). CAUTION - THIS CLUSTER MERGES TWO WOMEN: Speaker 6 carries both Bonnie Miles and Arlene Hawkins. Rows keep Miles by default; every stretch that a chair recognition or a colleague's direct address ties to Hawkins is reassigned by override. Short interjections that fall between the anchored runs cannot be separated acoustically and could belong to either member",I didn't think.,Speaker 6
1:11:15.16,1:11:16.94,4275.16,4276.94,Heather Whitney,"CHAIR, Claremont School Board (chair since 4/5/2023, re-elected chair 3/20/2024). She opens the meeting in her own voice at 0 ('I would like to call to order the August 21st, 2024 meeting of the Claremont School Board'), notes the clerk is absent and takes the roll herself at 4-6 ('In the absence of our secretary [or] Clark'), and reads her own name LAST in both roll calls (6; 215 'And Heather Whitney', both words confidence 1.00). Whitney Skillen names her in the third person at 532 ('I think what Heather is asking is...', 'Heather' 1.00) and Bonnie Miles addresses her as 'Heather.' at 555 (1.00) - which fixes this presiding voice as Heather Whitney and NOT Whitney Skillen, the other sitting member whose first name is Whitney and who is a separate cluster (Speaker 7) in this same recording. She gives every recognition ('Miss Gillen' 84, 196, 580; 'Arlene' 72, 141, 188, 431; 'Candy' 173; 'Miss Crawford' 195, 665, 684; 'Mister patron' 309, 401, 582, 691; 'And Frank' 235; 'Frank Sprague as the chair' 668; 'Miss Hawkins' 609), runs the consent agenda, the nonpublic votes and the adjournment (701). This cluster repeatedly absorbs the onset of the member she is recognising (84 'Miss Gillen.' + Skillen's first words; 72 + Hawkins's first words; 6, 208, 211 + other members' roll answers) and swallows a handful of neighbouring voices; the ones that can be tied to another speaker are reassigned by override",I thought you made a motion to approve the thought.,Speaker 1
1:11:16.96,1:11:18.28,4276.96,4278.28,Bonnie Miles,"Claremont School Board member. CHAIR'S RECOGNITIONS straight into this voice: 'Sorry, Mr. Peter and then miss Miles' (303, 'Miles' 0.96) and 'Who's next, miss Miles?' (312, 'Miles' 1.00) -> 313, which opens her long run of questions on the assistant tech-centre director; Candace Crawford answers her by name at 408 ('I think Bonnie', 0.98) while this voice is speaking at 406-413. She is the member who asks whether the board may approve a position that has already been filled (322-332), who proposes the word 'acting' (335, 469) and who moves the amendment adopted that night (533). CAUTION - THIS CLUSTER MERGES TWO WOMEN: Speaker 6 carries both Bonnie Miles and Arlene Hawkins. Rows keep Miles by default; every stretch that a chair recognition or a colleague's direct address ties to Hawkins is reassigned by override. Short interjections that fall between the anchored runs cannot be separated acoustically and could belong to either member",It was just an open discussion.,Speaker 6
1:11:18.32,1:11:20.55,4278.32,4280.55,Heather Whitney,"CHAIR, Claremont School Board (chair since 4/5/2023, re-elected chair 3/20/2024). She opens the meeting in her own voice at 0 ('I would like to call to order the August 21st, 2024 meeting of the Claremont School Board'), notes the clerk is absent and takes the roll herself at 4-6 ('In the absence of our secretary [or] Clark'), and reads her own name LAST in both roll calls (6; 215 'And Heather Whitney', both words confidence 1.00). Whitney Skillen names her in the third person at 532 ('I think what Heather is asking is...', 'Heather' 1.00) and Bonnie Miles addresses her as 'Heather.' at 555 (1.00) - which fixes this presiding voice as Heather Whitney and NOT Whitney Skillen, the other sitting member whose first name is Whitney and who is a separate cluster (Speaker 7) in this same recording. She gives every recognition ('Miss Gillen' 84, 196, 580; 'Arlene' 72, 141, 188, 431; 'Candy' 173; 'Miss Crawford' 195, 665, 684; 'Mister patron' 309, 401, 582, 691; 'And Frank' 235; 'Frank Sprague as the chair' 668; 'Miss Hawkins' 609), runs the consent agenda, the nonpublic votes and the adjournment (701). This cluster repeatedly absorbs the onset of the member she is recognising (84 'Miss Gillen.' + Skillen's first words; 72 + Hawkins's first words; 6, 208, 211 + other members' roll answers) and swallows a handful of neighbouring voices; the ones that can be tied to another speaker are reassigned by override",No. The motion. You have to make a motion. Okay.,Speaker 1
1:11:20.63,1:11:21.08,4280.63,4281.08,Candace Crawford,"Claremont School Board member (appointed 7/19/2023, re-elected March 2024); reports for the Capital Improvement Committee and the SRVRTC visioning committee. CHAIR'S RECOGNITIONS straight into this voice: 'Yes. Candy.' (173, 1.00) -> 174 'Do I make [a motion]'; 'Any Crawford seconds' (200, 0.86) right after 199; 'the motion, as stated by Miss Crawford' (195, 1.00) closing the Girls on the Run vote she moved at 183; 'And Candace and then, Mr. Patron' (373) -> 374; 'we're going to start with the Capital Improvement Subcommittee. And that would be Miss Crawford' (665, 1.00) -> 666; 'And Miss Crawford, you're up again' (684, 1.00) -> 685. She addresses Bonnie Miles by name at 408 ('I think Bonnie', 0.98), which is what separates Miles from Arlene Hawkins inside Speaker 6",The motion.,Speaker 4
1:11:21.08,1:11:24.24,4281.08,4284.24,Heather Whitney,"CHAIR, Claremont School Board (chair since 4/5/2023, re-elected chair 3/20/2024). She opens the meeting in her own voice at 0 ('I would like to call to order the August 21st, 2024 meeting of the Claremont School Board'), notes the clerk is absent and takes the roll herself at 4-6 ('In the absence of our secretary [or] Clark'), and reads her own name LAST in both roll calls (6; 215 'And Heather Whitney', both words confidence 1.00). Whitney Skillen names her in the third person at 532 ('I think what Heather is asking is...', 'Heather' 1.00) and Bonnie Miles addresses her as 'Heather.' at 555 (1.00) - which fixes this presiding voice as Heather Whitney and NOT Whitney Skillen, the other sitting member whose first name is Whitney and who is a separate cluster (Speaker 7) in this same recording. She gives every recognition ('Miss Gillen' 84, 196, 580; 'Arlene' 72, 141, 188, 431; 'Candy' 173; 'Miss Crawford' 195, 665, 684; 'Mister patron' 309, 401, 582, 691; 'And Frank' 235; 'Frank Sprague as the chair' 668; 'Miss Hawkins' 609), runs the consent agenda, the nonpublic votes and the adjournment (701). This cluster repeatedly absorbs the onset of the member she is recognising (84 'Miss Gillen.' + Skillen's first words; 72 + Hawkins's first words; 6, 208, 211 + other members' roll answers) and swallows a handful of neighbouring voices; the ones that can be tied to another speaker are reassigned by override",Because then you open up the session and then we can.,Speaker 1
1:11:24.24,1:11:33.24,4284.24,4293.24,Michael Petrin,"Claremont School Board member (returned to the board as a write-in in the March 2024 election). CHAIR'S RECOGNITIONS, each straight into this voice: 'Mike, do you have a question?' (188) -> 189; 'Mister patron.' (309, 0.94) -> 310; 'Mister patron.' (401, 1.00) -> 402; 'Mike.' (551, 1.00) -> 552 ('No.'); 'Mr. patron?' (582, 1.00) -> 583 ('No.'); 'Mr. patron.' (691, 0.76) -> 692. He answers the opening roll in this voice at 5 ('Patron here', 'Patron' 1.00) and the nonpublic roll at 209, and the chair credits the second on the tech-centre motion to him at 292 ('Second for Mike patron'). At 130-132 he speaks off 'Frank and Whitney, what they were saying' and tells Sprague 'Frank retired. You can go take a walk. I can't' - so he is neither of them - and Frank Sprague places him at 483: 'Mike has a background in physical therapy.' ASR renders him 'Patron', 'patron', 'Peterson' (406, 1.00). THIS CLUSTER IS A MERGE: it also carries Assistant Superintendent Mike Koski's long turns, several of Frank Sprague's, and dozens of sub-second interjections from other people; every stretch that could be tied to another speaker is reassigned by override, and short unanchored backchannels left under this label may belong to someone else","Vote, right? I did I don't personally see the need for acting assistant director. What is. It's a one year contract.",Speaker 2
1:11:33.32,1:11:39.68,4293.32,4299.68,Heather Whitney,"CHAIR, Claremont School Board (chair since 4/5/2023, re-elected chair 3/20/2024). She opens the meeting in her own voice at 0 ('I would like to call to order the August 21st, 2024 meeting of the Claremont School Board'), notes the clerk is absent and takes the roll herself at 4-6 ('In the absence of our secretary [or] Clark'), and reads her own name LAST in both roll calls (6; 215 'And Heather Whitney', both words confidence 1.00). Whitney Skillen names her in the third person at 532 ('I think what Heather is asking is...', 'Heather' 1.00) and Bonnie Miles addresses her as 'Heather.' at 555 (1.00) - which fixes this presiding voice as Heather Whitney and NOT Whitney Skillen, the other sitting member whose first name is Whitney and who is a separate cluster (Speaker 7) in this same recording. She gives every recognition ('Miss Gillen' 84, 196, 580; 'Arlene' 72, 141, 188, 431; 'Candy' 173; 'Miss Crawford' 195, 665, 684; 'Mister patron' 309, 401, 582, 691; 'And Frank' 235; 'Frank Sprague as the chair' 668; 'Miss Hawkins' 609), runs the consent agenda, the nonpublic votes and the adjournment (701). This cluster repeatedly absorbs the onset of the member she is recognising (84 'Miss Gillen.' + Skillen's first words; 72 + Hawkins's first words; 6, 208, 211 + other members' roll answers) and swallows a handful of neighbouring voices; the ones that can be tied to another speaker are reassigned by override",I'm just trying to give options to board members so they feel more comfortable or something that we can do tonight.,Speaker 1
1:11:39.76,1:11:43.40,4299.76,4303.40,Michael Petrin,"Claremont School Board member (returned to the board as a write-in in the March 2024 election). CHAIR'S RECOGNITIONS, each straight into this voice: 'Mike, do you have a question?' (188) -> 189; 'Mister patron.' (309, 0.94) -> 310; 'Mister patron.' (401, 1.00) -> 402; 'Mike.' (551, 1.00) -> 552 ('No.'); 'Mr. patron?' (582, 1.00) -> 583 ('No.'); 'Mr. patron.' (691, 0.76) -> 692. He answers the opening roll in this voice at 5 ('Patron here', 'Patron' 1.00) and the nonpublic roll at 209, and the chair credits the second on the tech-centre motion to him at 292 ('Second for Mike patron'). At 130-132 he speaks off 'Frank and Whitney, what they were saying' and tells Sprague 'Frank retired. You can go take a walk. I can't' - so he is neither of them - and Frank Sprague places him at 483: 'Mike has a background in physical therapy.' ASR renders him 'Patron', 'patron', 'Peterson' (406, 1.00). THIS CLUSTER IS A MERGE: it also carries Assistant Superintendent Mike Koski's long turns, several of Frank Sprague's, and dozens of sub-second interjections from other people; every stretch that could be tied to another speaker is reassigned by override, and short unanchored backchannels left under this label may belong to someone else",The physician that we're asking you about is an assistant director.,Speaker 2
1:11:43.56,1:11:44.92,4303.56,4304.92,Heather Whitney,"CHAIR, Claremont School Board (chair since 4/5/2023, re-elected chair 3/20/2024). She opens the meeting in her own voice at 0 ('I would like to call to order the August 21st, 2024 meeting of the Claremont School Board'), notes the clerk is absent and takes the roll herself at 4-6 ('In the absence of our secretary [or] Clark'), and reads her own name LAST in both roll calls (6; 215 'And Heather Whitney', both words confidence 1.00). Whitney Skillen names her in the third person at 532 ('I think what Heather is asking is...', 'Heather' 1.00) and Bonnie Miles addresses her as 'Heather.' at 555 (1.00) - which fixes this presiding voice as Heather Whitney and NOT Whitney Skillen, the other sitting member whose first name is Whitney and who is a separate cluster (Speaker 7) in this same recording. She gives every recognition ('Miss Gillen' 84, 196, 580; 'Arlene' 72, 141, 188, 431; 'Candy' 173; 'Miss Crawford' 195, 665, 684; 'Mister patron' 309, 401, 582, 691; 'And Frank' 235; 'Frank Sprague as the chair' 668; 'Miss Hawkins' 609), runs the consent agenda, the nonpublic votes and the adjournment (701). This cluster repeatedly absorbs the onset of the member she is recognising (84 'Miss Gillen.' + Skillen's first words; 72 + Hawkins's first words; 6, 208, 211 + other members' roll answers) and swallows a handful of neighbouring voices; the ones that can be tied to another speaker are reassigned by override",Correct?,Speaker 1
1:11:45.00,1:11:48.72,4305.00,4308.72,Michael Petrin,"Claremont School Board member (returned to the board as a write-in in the March 2024 election). CHAIR'S RECOGNITIONS, each straight into this voice: 'Mike, do you have a question?' (188) -> 189; 'Mister patron.' (309, 0.94) -> 310; 'Mister patron.' (401, 1.00) -> 402; 'Mike.' (551, 1.00) -> 552 ('No.'); 'Mr. patron?' (582, 1.00) -> 583 ('No.'); 'Mr. patron.' (691, 0.76) -> 692. He answers the opening roll in this voice at 5 ('Patron here', 'Patron' 1.00) and the nonpublic roll at 209, and the chair credits the second on the tech-centre motion to him at 292 ('Second for Mike patron'). At 130-132 he speaks off 'Frank and Whitney, what they were saying' and tells Sprague 'Frank retired. You can go take a walk. I can't' - so he is neither of them - and Frank Sprague places him at 483: 'Mike has a background in physical therapy.' ASR renders him 'Patron', 'patron', 'Peterson' (406, 1.00). THIS CLUSTER IS A MERGE: it also carries Assistant Superintendent Mike Koski's long turns, several of Frank Sprague's, and dozens of sub-second interjections from other people; every stretch that could be tied to another speaker is reassigned by override, and short unanchored backchannels left under this label may belong to someone else",So there's no reason to tack on acting.,Speaker 2
1:11:48.80,1:11:53.44,4308.80,4313.44,Bonnie Miles,"Claremont School Board member. CHAIR'S RECOGNITIONS straight into this voice: 'Sorry, Mr. Peter and then miss Miles' (303, 'Miles' 0.96) and 'Who's next, miss Miles?' (312, 'Miles' 1.00) -> 313, which opens her long run of questions on the assistant tech-centre director; Candace Crawford answers her by name at 408 ('I think Bonnie', 0.98) while this voice is speaking at 406-413. She is the member who asks whether the board may approve a position that has already been filled (322-332), who proposes the word 'acting' (335, 469) and who moves the amendment adopted that night (533). CAUTION - THIS CLUSTER MERGES TWO WOMEN: Speaker 6 carries both Bonnie Miles and Arlene Hawkins. Rows keep Miles by default; every stretch that a chair recognition or a colleague's direct address ties to Hawkins is reassigned by override. Short interjections that fall between the anchored runs cannot be separated acoustically and could belong to either member",You have a non certified person. That would be my reason. Yeah.,Speaker 6
1:11:53.52,1:11:55.68,4313.52,4315.68,Chris Pratt,"SUPERINTENDENT OF SCHOOLS, SAU 6 / Claremont School District. The chair puts the staff-nomination motion as 'approving the list of nominations as presented by doctor, Doctor Pratt. Mr. Pratt' (280, both 1.00) immediately after this voice's exchange, and names him three more times as the person who will bring the revised job description (558, 561, 563, 688 - all 1.00). He delivers the superintendent's report (8-41), calls it 'the superintendents report that I sent you' (8), hands off to 'Mr. O'Hearn' (219) and to 'Michael' for the AI/PD questions (31), and apologises to the board in the first person for hiring before the board approved the position (588-589). Bonnie Miles says at 568 'Mr. Pratt was an interim superintendent before you became the superintendent' and Michael Petrin at 538 'We have superintendent Chris was the acting superintendent because someone left mid-term' - both addressed to this voice, and the word 'interim' is never applied to him in the present tense anywhere in the file. Bonnie Miles and Arlene Hawkins both address him as 'Chris' (500, 502, 616; 1.00). ASR also renders him 'Mr. Pride' (610, 1.00)",But we have a lot of teachers that are not certified.,Speaker 3
1:11:55.76,1:11:59.36,4315.76,4319.36,Michael Petrin,"Claremont School Board member (returned to the board as a write-in in the March 2024 election). CHAIR'S RECOGNITIONS, each straight into this voice: 'Mike, do you have a question?' (188) -> 189; 'Mister patron.' (309, 0.94) -> 310; 'Mister patron.' (401, 1.00) -> 402; 'Mike.' (551, 1.00) -> 552 ('No.'); 'Mr. patron?' (582, 1.00) -> 583 ('No.'); 'Mr. patron.' (691, 0.76) -> 692. He answers the opening roll in this voice at 5 ('Patron here', 'Patron' 1.00) and the nonpublic roll at 209, and the chair credits the second on the tech-centre motion to him at 292 ('Second for Mike patron'). At 130-132 he speaks off 'Frank and Whitney, what they were saying' and tells Sprague 'Frank retired. You can go take a walk. I can't' - so he is neither of them - and Frank Sprague places him at 483: 'Mike has a background in physical therapy.' ASR renders him 'Patron', 'patron', 'Peterson' (406, 1.00). THIS CLUSTER IS A MERGE: it also carries Assistant Superintendent Mike Koski's long turns, several of Frank Sprague's, and dozens of sub-second interjections from other people; every stretch that could be tied to another speaker is reassigned by override, and short unanchored backchannels left under this label may belong to someone else",They're not they're not acting teachers.,Speaker 2
1:11:59.44,1:12:02.04,4319.44,4322.04,Bonnie Miles,"Claremont School Board member. CHAIR'S RECOGNITIONS straight into this voice: 'Sorry, Mr. Peter and then miss Miles' (303, 'Miles' 0.96) and 'Who's next, miss Miles?' (312, 'Miles' 1.00) -> 313, which opens her long run of questions on the assistant tech-centre director; Candace Crawford answers her by name at 408 ('I think Bonnie', 0.98) while this voice is speaking at 406-413. She is the member who asks whether the board may approve a position that has already been filled (322-332), who proposes the word 'acting' (335, 469) and who moves the amendment adopted that night (533). CAUTION - THIS CLUSTER MERGES TWO WOMEN: Speaker 6 carries both Bonnie Miles and Arlene Hawkins. Rows keep Miles by default; every stretch that a chair recognition or a colleague's direct address ties to Hawkins is reassigned by override. Short interjections that fall between the anchored runs cannot be separated acoustically and could belong to either member",This is an administrative position.,Speaker 6
1:12:02.12,1:12:02.91,4322.12,4322.91,Heather Whitney,"CHAIR, Claremont School Board (chair since 4/5/2023, re-elected chair 3/20/2024). She opens the meeting in her own voice at 0 ('I would like to call to order the August 21st, 2024 meeting of the Claremont School Board'), notes the clerk is absent and takes the roll herself at 4-6 ('In the absence of our secretary [or] Clark'), and reads her own name LAST in both roll calls (6; 215 'And Heather Whitney', both words confidence 1.00). Whitney Skillen names her in the third person at 532 ('I think what Heather is asking is...', 'Heather' 1.00) and Bonnie Miles addresses her as 'Heather.' at 555 (1.00) - which fixes this presiding voice as Heather Whitney and NOT Whitney Skillen, the other sitting member whose first name is Whitney and who is a separate cluster (Speaker 7) in this same recording. She gives every recognition ('Miss Gillen' 84, 196, 580; 'Arlene' 72, 141, 188, 431; 'Candy' 173; 'Miss Crawford' 195, 665, 684; 'Mister patron' 309, 401, 582, 691; 'And Frank' 235; 'Frank Sprague as the chair' 668; 'Miss Hawkins' 609), runs the consent agenda, the nonpublic votes and the adjournment (701). This cluster repeatedly absorbs the onset of the member she is recognising (84 'Miss Gillen.' + Skillen's first words; 72 + Hawkins's first words; 6, 208, 211 + other members' roll answers) and swallows a handful of neighbouring voices; the ones that can be tied to another speaker are reassigned by override",Miss Kellen.,Speaker 1
1:12:03.08,1:12:21.59,4323.08,4341.59,Whitney Skillen,"Claremont School Board member; CHAIR of the Policy subcommittee. CHAIR'S RECOGNITIONS straight into this voice: 'Miss Gillen.' (84, 0.82) -> 85; 'Yes, Miss Gillen.' (196, 0.43) -> 197, her motion to go into nonpublic; 'So the skill[en]' (298) -> 299; 'Miss Kellen.' (531, 0.62) -> 532; 'we can do a roll call, Whitney' (542, 0.94) -> 543; 'No objection, Miss Gillen' (580, 0.48) -> 581; 'Anybody like to make a motion and then miss going [Gillen]' (653) -> 654; and 'Anything from the policy subcommittee?' (677) -> 678, where she reports on her own schedule as policy chair. She refers to the chair in the third person at 532 ('I think what Heather is asking is'), so she is NOT Heather Whitney, who is a separate cluster (Speaker 1) here. The ASR garbles her surname as 'Gillen', 'going', 'Kellen', 'skill', 'Skilling' and - in the chair's 233 - 'still on'","I think what Heather is asking is for that the people who have a problem with approving this  as is according to the original motion, that they should speak up and make an amendment so that we can move on.",Speaker 7
1:12:21.67,1:12:38.56,4341.67,4358.56,Bonnie Miles,"Claremont School Board member. CHAIR'S RECOGNITIONS straight into this voice: 'Sorry, Mr. Peter and then miss Miles' (303, 'Miles' 0.96) and 'Who's next, miss Miles?' (312, 'Miles' 1.00) -> 313, which opens her long run of questions on the assistant tech-centre director; Candace Crawford answers her by name at 408 ('I think Bonnie', 0.98) while this voice is speaking at 406-413. She is the member who asks whether the board may approve a position that has already been filled (322-332), who proposes the word 'acting' (335, 469) and who moves the amendment adopted that night (533). CAUTION - THIS CLUSTER MERGES TWO WOMEN: Speaker 6 carries both Bonnie Miles and Arlene Hawkins. Rows keep Miles by default; every stretch that a chair recognition or a colleague's direct address ties to Hawkins is reassigned by override. Short interjections that fall between the anchored runs cannot be separated acoustically and could belong to either member","Like to make some to the motion that is on the floor, that we accept that we  modify the job title to Assistant Acting assistant CTE, director of the SR. The artsy.",Speaker 6
1:12:38.64,1:12:47.16,4358.64,4367.16,Heather Whitney,"CHAIR, Claremont School Board (chair since 4/5/2023, re-elected chair 3/20/2024). She opens the meeting in her own voice at 0 ('I would like to call to order the August 21st, 2024 meeting of the Claremont School Board'), notes the clerk is absent and takes the roll herself at 4-6 ('In the absence of our secretary [or] Clark'), and reads her own name LAST in both roll calls (6; 215 'And Heather Whitney', both words confidence 1.00). Whitney Skillen names her in the third person at 532 ('I think what Heather is asking is...', 'Heather' 1.00) and Bonnie Miles addresses her as 'Heather.' at 555 (1.00) - which fixes this presiding voice as Heather Whitney and NOT Whitney Skillen, the other sitting member whose first name is Whitney and who is a separate cluster (Speaker 7) in this same recording. She gives every recognition ('Miss Gillen' 84, 196, 580; 'Arlene' 72, 141, 188, 431; 'Candy' 173; 'Miss Crawford' 195, 665, 684; 'Mister patron' 309, 401, 582, 691; 'And Frank' 235; 'Frank Sprague as the chair' 668; 'Miss Hawkins' 609), runs the consent agenda, the nonpublic votes and the adjournment (701). This cluster repeatedly absorbs the onset of the member she is recognising (84 'Miss Gillen.' + Skillen's first words; 72 + Hawkins's first words; 6, 208, 211 + other members' roll answers) and swallows a handful of neighbouring voices; the ones that can be tied to another speaker are reassigned by override",A a second for that. It's a second for that. Is there any discussion?,Speaker 1
1:12:47.24,1:12:57.64,4367.24,4377.64,Michael Petrin,"Claremont School Board member (returned to the board as a write-in in the March 2024 election). CHAIR'S RECOGNITIONS, each straight into this voice: 'Mike, do you have a question?' (188) -> 189; 'Mister patron.' (309, 0.94) -> 310; 'Mister patron.' (401, 1.00) -> 402; 'Mike.' (551, 1.00) -> 552 ('No.'); 'Mr. patron?' (582, 1.00) -> 583 ('No.'); 'Mr. patron.' (691, 0.76) -> 692. He answers the opening roll in this voice at 5 ('Patron here', 'Patron' 1.00) and the nonpublic roll at 209, and the chair credits the second on the tech-centre motion to him at 292 ('Second for Mike patron'). At 130-132 he speaks off 'Frank and Whitney, what they were saying' and tells Sprague 'Frank retired. You can go take a walk. I can't' - so he is neither of them - and Frank Sprague places him at 483: 'Mike has a background in physical therapy.' ASR renders him 'Patron', 'patron', 'Peterson' (406, 1.00). THIS CLUSTER IS A MERGE: it also carries Assistant Superintendent Mike Koski's long turns, several of Frank Sprague's, and dozens of sub-second interjections from other people; every stretch that could be tied to another speaker is reassigned by override, and short unanchored backchannels left under this label may belong to someone else","I'll declare that my vote is going to be no, because we don't need the acting assistant director. We need an assistant director position.",Speaker 2
1:12:57.72,1:13:23.88,4377.72,4403.88,Candace Crawford,"Claremont School Board member (appointed 7/19/2023, re-elected March 2024); reports for the Capital Improvement Committee and the SRVRTC visioning committee. CHAIR'S RECOGNITIONS straight into this voice: 'Yes. Candy.' (173, 1.00) -> 174 'Do I make [a motion]'; 'Any Crawford seconds' (200, 0.86) right after 199; 'the motion, as stated by Miss Crawford' (195, 1.00) closing the Girls on the Run vote she moved at 183; 'And Candace and then, Mr. Patron' (373) -> 374; 'we're going to start with the Capital Improvement Subcommittee. And that would be Miss Crawford' (665, 1.00) -> 666; 'And Miss Crawford, you're up again' (684, 1.00) -> 685. She addresses Bonnie Miles by name at 408 ('I think Bonnie', 0.98), which is what separates Miles from Arlene Hawkins inside Speaker 6","I will vote yes for this motion because I really want it stated that it's acting, and I am not prepared to do wordsmithing  on the job description tonight. I'm willing to say agree to acting and give the administration until the next board meeting to come back with a revised job description.",Speaker 4
1:13:23.96,1:13:29.76,4403.96,4409.76,Heather Whitney,"CHAIR, Claremont School Board (chair since 4/5/2023, re-elected chair 3/20/2024). She opens the meeting in her own voice at 0 ('I would like to call to order the August 21st, 2024 meeting of the Claremont School Board'), notes the clerk is absent and takes the roll herself at 4-6 ('In the absence of our secretary [or] Clark'), and reads her own name LAST in both roll calls (6; 215 'And Heather Whitney', both words confidence 1.00). Whitney Skillen names her in the third person at 532 ('I think what Heather is asking is...', 'Heather' 1.00) and Bonnie Miles addresses her as 'Heather.' at 555 (1.00) - which fixes this presiding voice as Heather Whitney and NOT Whitney Skillen, the other sitting member whose first name is Whitney and who is a separate cluster (Speaker 7) in this same recording. She gives every recognition ('Miss Gillen' 84, 196, 580; 'Arlene' 72, 141, 188, 431; 'Candy' 173; 'Miss Crawford' 195, 665, 684; 'Mister patron' 309, 401, 582, 691; 'And Frank' 235; 'Frank Sprague as the chair' 668; 'Miss Hawkins' 609), runs the consent agenda, the nonpublic votes and the adjournment (701). This cluster repeatedly absorbs the onset of the member she is recognising (84 'Miss Gillen.' + Skillen's first words; 72 + Hawkins's first words; 6, 208, 211 + other members' roll answers) and swallows a handful of neighbouring voices; the ones that can be tied to another speaker are reassigned by override","Okay, so we had a second. Correct. Is there any more discussion and then we can vote on whether.",Speaker 1
1:13:29.80,1:13:56.76,4409.80,4436.76,Michael Petrin,"Claremont School Board member (returned to the board as a write-in in the March 2024 election). CHAIR'S RECOGNITIONS, each straight into this voice: 'Mike, do you have a question?' (188) -> 189; 'Mister patron.' (309, 0.94) -> 310; 'Mister patron.' (401, 1.00) -> 402; 'Mike.' (551, 1.00) -> 552 ('No.'); 'Mr. patron?' (582, 1.00) -> 583 ('No.'); 'Mr. patron.' (691, 0.76) -> 692. He answers the opening roll in this voice at 5 ('Patron here', 'Patron' 1.00) and the nonpublic roll at 209, and the chair credits the second on the tech-centre motion to him at 292 ('Second for Mike patron'). At 130-132 he speaks off 'Frank and Whitney, what they were saying' and tells Sprague 'Frank retired. You can go take a walk. I can't' - so he is neither of them - and Frank Sprague places him at 483: 'Mike has a background in physical therapy.' ASR renders him 'Patron', 'patron', 'Peterson' (406, 1.00). THIS CLUSTER IS A MERGE: it also carries Assistant Superintendent Mike Koski's long turns, several of Frank Sprague's, and dozens of sub-second interjections from other people; every stretch that could be tied to another speaker is reassigned by override, and short unanchored backchannels left under this label may belong to someone else","We're planning. So yeah I just want to go back and reiterate that we have physicians. We have directors  and other physicians. We have superintendent Chris was the acting superintendent because someone left mid-term and he wasn't officially he was filling in that role. So that's what to me, the words acting are someone that are filling in the position for a temporary basis.",Speaker 2
1:13:56.84,1:13:59.44,4436.84,4439.44,Michael Petrin,"Claremont School Board member - the middle of his own continuous argument against the word 'acting' (538 + 539 + 540, all contiguous at 0.08 s): '...the words acting are someone that are filling in the position for a temporary basis. / And that's the way I'm looking at this position. / It's a one year position'",And that's the way I'm looking at this position.,Speaker 4
1:13:59.52,1:14:31.04,4439.52,4471.04,Michael Petrin,"Claremont School Board member (returned to the board as a write-in in the March 2024 election). CHAIR'S RECOGNITIONS, each straight into this voice: 'Mike, do you have a question?' (188) -> 189; 'Mister patron.' (309, 0.94) -> 310; 'Mister patron.' (401, 1.00) -> 402; 'Mike.' (551, 1.00) -> 552 ('No.'); 'Mr. patron?' (582, 1.00) -> 583 ('No.'); 'Mr. patron.' (691, 0.76) -> 692. He answers the opening roll in this voice at 5 ('Patron here', 'Patron' 1.00) and the nonpublic roll at 209, and the chair credits the second on the tech-centre motion to him at 292 ('Second for Mike patron'). At 130-132 he speaks off 'Frank and Whitney, what they were saying' and tells Sprague 'Frank retired. You can go take a walk. I can't' - so he is neither of them - and Frank Sprague places him at 483: 'Mike has a background in physical therapy.' ASR renders him 'Patron', 'patron', 'Peterson' (406, 1.00). THIS CLUSTER IS A MERGE: it also carries Assistant Superintendent Mike Koski's long turns, several of Frank Sprague's, and dozens of sub-second interjections from other people; every stretch that could be tied to another speaker is reassigned by override, and short unanchored backchannels left under this label may belong to someone else","It's a it's a, it's it's a one year position. So the role. So if we have someone covering for the director, that's the they're the acting director. But the title, their, their position is not  acting director of the. That's my we don't have any other positions that are called acting principal or acting assistant principal or acting teacher. We have a drama teacher, but not an acting teacher.",Speaker 2
1:14:31.12,1:14:37.68,4471.12,4477.68,Michael Petrin,"Claremont School Board member (returned to the board as a write-in in the March 2024 election). CHAIR'S RECOGNITIONS, each straight into this voice: 'Mike, do you have a question?' (188) -> 189; 'Mister patron.' (309, 0.94) -> 310; 'Mister patron.' (401, 1.00) -> 402; 'Mike.' (551, 1.00) -> 552 ('No.'); 'Mr. patron?' (582, 1.00) -> 583 ('No.'); 'Mr. patron.' (691, 0.76) -> 692. He answers the opening roll in this voice at 5 ('Patron here', 'Patron' 1.00) and the nonpublic roll at 209, and the chair credits the second on the tech-centre motion to him at 292 ('Second for Mike patron'). At 130-132 he speaks off 'Frank and Whitney, what they were saying' and tells Sprague 'Frank retired. You can go take a walk. I can't' - so he is neither of them - and Frank Sprague places him at 483: 'Mike has a background in physical therapy.' ASR renders him 'Patron', 'patron', 'Peterson' (406, 1.00). THIS CLUSTER IS A MERGE: it also carries Assistant Superintendent Mike Koski's long turns, several of Frank Sprague's, and dozens of sub-second interjections from other people; every stretch that could be tied to another speaker is reassigned by override, and short unanchored backchannels left under this label may belong to someone else",None of our other positions are titled as an acting. That's my problem with the wording.,Speaker 2
1:14:37.76,1:14:47.84,4477.76,4487.84,Heather Whitney,"CHAIR, Claremont School Board (chair since 4/5/2023, re-elected chair 3/20/2024). She opens the meeting in her own voice at 0 ('I would like to call to order the August 21st, 2024 meeting of the Claremont School Board'), notes the clerk is absent and takes the roll herself at 4-6 ('In the absence of our secretary [or] Clark'), and reads her own name LAST in both roll calls (6; 215 'And Heather Whitney', both words confidence 1.00). Whitney Skillen names her in the third person at 532 ('I think what Heather is asking is...', 'Heather' 1.00) and Bonnie Miles addresses her as 'Heather.' at 555 (1.00) - which fixes this presiding voice as Heather Whitney and NOT Whitney Skillen, the other sitting member whose first name is Whitney and who is a separate cluster (Speaker 7) in this same recording. She gives every recognition ('Miss Gillen' 84, 196, 580; 'Arlene' 72, 141, 188, 431; 'Candy' 173; 'Miss Crawford' 195, 665, 684; 'Mister patron' 309, 401, 582, 691; 'And Frank' 235; 'Frank Sprague as the chair' 668; 'Miss Hawkins' 609), runs the consent agenda, the nonpublic votes and the adjournment (701). This cluster repeatedly absorbs the onset of the member she is recognising (84 'Miss Gillen.' + Skillen's first words; 72 + Hawkins's first words; 6, 208, 211 + other members' roll answers) and swallows a handful of neighbouring voices; the ones that can be tied to another speaker are reassigned by override","Do we want to take a vote to see if the amendment passes? Does everybody agree to move forward with the vote? And we can do a roll call, Whitney.",Speaker 1
1:14:47.92,1:14:48.92,4487.92,4488.92,Whitney Skillen,"Claremont School Board member; CHAIR of the Policy subcommittee. CHAIR'S RECOGNITIONS straight into this voice: 'Miss Gillen.' (84, 0.82) -> 85; 'Yes, Miss Gillen.' (196, 0.43) -> 197, her motion to go into nonpublic; 'So the skill[en]' (298) -> 299; 'Miss Kellen.' (531, 0.62) -> 532; 'we can do a roll call, Whitney' (542, 0.94) -> 543; 'No objection, Miss Gillen' (580, 0.48) -> 581; 'Anybody like to make a motion and then miss going [Gillen]' (653) -> 654; and 'Anything from the policy subcommittee?' (677) -> 678, where she reports on her own schedule as policy chair. She refers to the chair in the third person at 532 ('I think what Heather is asking is'), so she is NOT Heather Whitney, who is a separate cluster (Speaker 1) here. The ASR garbles her surname as 'Gillen', 'going', 'Kellen', 'skill', 'Skilling' and - in the chair's 233 - 'still on'",For the amendment.,Speaker 7
1:14:49.04,1:14:51.60,4489.04,4491.60,Heather Whitney,"CHAIR, Claremont School Board (chair since 4/5/2023, re-elected chair 3/20/2024). She opens the meeting in her own voice at 0 ('I would like to call to order the August 21st, 2024 meeting of the Claremont School Board'), notes the clerk is absent and takes the roll herself at 4-6 ('In the absence of our secretary [or] Clark'), and reads her own name LAST in both roll calls (6; 215 'And Heather Whitney', both words confidence 1.00). Whitney Skillen names her in the third person at 532 ('I think what Heather is asking is...', 'Heather' 1.00) and Bonnie Miles addresses her as 'Heather.' at 555 (1.00) - which fixes this presiding voice as Heather Whitney and NOT Whitney Skillen, the other sitting member whose first name is Whitney and who is a separate cluster (Speaker 7) in this same recording. She gives every recognition ('Miss Gillen' 84, 196, 580; 'Arlene' 72, 141, 188, 431; 'Candy' 173; 'Miss Crawford' 195, 665, 684; 'Mister patron' 309, 401, 582, 691; 'And Frank' 235; 'Frank Sprague as the chair' 668; 'Miss Hawkins' 609), runs the consent agenda, the nonpublic votes and the adjournment (701). This cluster repeatedly absorbs the onset of the member she is recognising (84 'Miss Gillen.' + Skillen's first words; 72 + Hawkins's first words; 6, 208, 211 + other members' roll answers) and swallows a handful of neighbouring voices; the ones that can be tied to another speaker are reassigned by override",For the amendment?,Speaker 1
1:14:51.68,1:15:03.64,4491.68,4503.64,Whitney Skillen,"Claremont School Board member; CHAIR of the Policy subcommittee. CHAIR'S RECOGNITIONS straight into this voice: 'Miss Gillen.' (84, 0.82) -> 85; 'Yes, Miss Gillen.' (196, 0.43) -> 197, her motion to go into nonpublic; 'So the skill[en]' (298) -> 299; 'Miss Kellen.' (531, 0.62) -> 532; 'we can do a roll call, Whitney' (542, 0.94) -> 543; 'No objection, Miss Gillen' (580, 0.48) -> 581; 'Anybody like to make a motion and then miss going [Gillen]' (653) -> 654; and 'Anything from the policy subcommittee?' (677) -> 678, where she reports on her own schedule as policy chair. She refers to the chair in the third person at 532 ('I think what Heather is asking is'), so she is NOT Heather Whitney, who is a separate cluster (Speaker 1) here. The ASR garbles her surname as 'Gillen', 'going', 'Kellen', 'skill', 'Skilling' and - in the chair's 233 - 'still on'","No, wait. No, I have another question, because you're confusing me. Hold on. Wait. Can I ask one question is by amending this to acting, does this mean that, like the job title.",Speaker 7
1:15:03.72,1:15:14.68,4503.72,4514.68,Whitney Skillen,"Claremont School Board member; CHAIR of the Policy subcommittee. CHAIR'S RECOGNITIONS straight into this voice: 'Miss Gillen.' (84, 0.82) -> 85; 'Yes, Miss Gillen.' (196, 0.43) -> 197, her motion to go into nonpublic; 'So the skill[en]' (298) -> 299; 'Miss Kellen.' (531, 0.62) -> 532; 'we can do a roll call, Whitney' (542, 0.94) -> 543; 'No objection, Miss Gillen' (580, 0.48) -> 581; 'Anybody like to make a motion and then miss going [Gillen]' (653) -> 654; and 'Anything from the policy subcommittee?' (677) -> 678, where she reports on her own schedule as policy chair. She refers to the chair in the third person at 532 ('I think what Heather is asking is'), so she is NOT Heather Whitney, who is a separate cluster (Speaker 1) here. The ASR garbles her surname as 'Gillen', 'going', 'Kellen', 'skill', 'Skilling' and - in the chair's 233 - 'still on'","The job title is permanently going to be acting like if we modify it as we wish, can it go back to just assistant? Once we have the job description that the board is looking for.",Speaker 7
1:15:14.76,1:15:16.28,4514.76,4516.28,Heather Whitney,"CHAIR, Claremont School Board (chair since 4/5/2023, re-elected chair 3/20/2024). She opens the meeting in her own voice at 0 ('I would like to call to order the August 21st, 2024 meeting of the Claremont School Board'), notes the clerk is absent and takes the roll herself at 4-6 ('In the absence of our secretary [or] Clark'), and reads her own name LAST in both roll calls (6; 215 'And Heather Whitney', both words confidence 1.00). Whitney Skillen names her in the third person at 532 ('I think what Heather is asking is...', 'Heather' 1.00) and Bonnie Miles addresses her as 'Heather.' at 555 (1.00) - which fixes this presiding voice as Heather Whitney and NOT Whitney Skillen, the other sitting member whose first name is Whitney and who is a separate cluster (Speaker 7) in this same recording. She gives every recognition ('Miss Gillen' 84, 196, 580; 'Arlene' 72, 141, 188, 431; 'Candy' 173; 'Miss Crawford' 195, 665, 684; 'Mister patron' 309, 401, 582, 691; 'And Frank' 235; 'Frank Sprague as the chair' 668; 'Miss Hawkins' 609), runs the consent agenda, the nonpublic votes and the adjournment (701). This cluster repeatedly absorbs the onset of the member she is recognising (84 'Miss Gillen.' + Skillen's first words; 72 + Hawkins's first words; 6, 208, 211 + other members' roll answers) and swallows a handful of neighbouring voices; the ones that can be tied to another speaker are reassigned by override",It can.,Speaker 1
1:15:16.36,1:15:18.04,4516.36,4518.04,Bonnie Miles,"Claremont School Board member. CHAIR'S RECOGNITIONS straight into this voice: 'Sorry, Mr. Peter and then miss Miles' (303, 'Miles' 0.96) and 'Who's next, miss Miles?' (312, 'Miles' 1.00) -> 313, which opens her long run of questions on the assistant tech-centre director; Candace Crawford answers her by name at 408 ('I think Bonnie', 0.98) while this voice is speaking at 406-413. She is the member who asks whether the board may approve a position that has already been filled (322-332), who proposes the word 'acting' (335, 469) and who moves the amendment adopted that night (533). CAUTION - THIS CLUSTER MERGES TWO WOMEN: Speaker 6 carries both Bonnie Miles and Arlene Hawkins. Rows keep Miles by default; every stretch that a chair recognition or a colleague's direct address ties to Hawkins is reassigned by override. Short interjections that fall between the anchored runs cannot be separated acoustically and could belong to either member",Change any time. Is that correct?,Speaker 6
1:15:18.08,1:15:18.76,4518.08,4518.76,Heather Whitney,"CHAIR, Claremont School Board (chair since 4/5/2023, re-elected chair 3/20/2024). She opens the meeting in her own voice at 0 ('I would like to call to order the August 21st, 2024 meeting of the Claremont School Board'), notes the clerk is absent and takes the roll herself at 4-6 ('In the absence of our secretary [or] Clark'), and reads her own name LAST in both roll calls (6; 215 'And Heather Whitney', both words confidence 1.00). Whitney Skillen names her in the third person at 532 ('I think what Heather is asking is...', 'Heather' 1.00) and Bonnie Miles addresses her as 'Heather.' at 555 (1.00) - which fixes this presiding voice as Heather Whitney and NOT Whitney Skillen, the other sitting member whose first name is Whitney and who is a separate cluster (Speaker 7) in this same recording. She gives every recognition ('Miss Gillen' 84, 196, 580; 'Arlene' 72, 141, 188, 431; 'Candy' 173; 'Miss Crawford' 195, 665, 684; 'Mister patron' 309, 401, 582, 691; 'And Frank' 235; 'Frank Sprague as the chair' 668; 'Miss Hawkins' 609), runs the consent agenda, the nonpublic votes and the adjournment (701). This cluster repeatedly absorbs the onset of the member she is recognising (84 'Miss Gillen.' + Skillen's first words; 72 + Hawkins's first words; 6, 208, 211 + other members' roll answers) and swallows a handful of neighbouring voices; the ones that can be tied to another speaker are reassigned by override",Correct.,Speaker 1
1:15:19.00,1:15:22.16,4519.00,4522.16,Whitney Skillen,"Claremont School Board member; CHAIR of the Policy subcommittee. CHAIR'S RECOGNITIONS straight into this voice: 'Miss Gillen.' (84, 0.82) -> 85; 'Yes, Miss Gillen.' (196, 0.43) -> 197, her motion to go into nonpublic; 'So the skill[en]' (298) -> 299; 'Miss Kellen.' (531, 0.62) -> 532; 'we can do a roll call, Whitney' (542, 0.94) -> 543; 'No objection, Miss Gillen' (580, 0.48) -> 581; 'Anybody like to make a motion and then miss going [Gillen]' (653) -> 654; and 'Anything from the policy subcommittee?' (677) -> 678, where she reports on her own schedule as policy chair. She refers to the chair in the third person at 532 ('I think what Heather is asking is'), so she is NOT Heather Whitney, who is a separate cluster (Speaker 1) here. The ASR garbles her surname as 'Gillen', 'going', 'Kellen', 'skill', 'Skilling' and - in the chair's 233 - 'still on'","Okay then. Yeah, sure.",Speaker 7
1:15:22.24,1:15:23.08,4522.24,4523.08,Heather Whitney,"CHAIR, Claremont School Board (chair since 4/5/2023, re-elected chair 3/20/2024). She opens the meeting in her own voice at 0 ('I would like to call to order the August 21st, 2024 meeting of the Claremont School Board'), notes the clerk is absent and takes the roll herself at 4-6 ('In the absence of our secretary [or] Clark'), and reads her own name LAST in both roll calls (6; 215 'And Heather Whitney', both words confidence 1.00). Whitney Skillen names her in the third person at 532 ('I think what Heather is asking is...', 'Heather' 1.00) and Bonnie Miles addresses her as 'Heather.' at 555 (1.00) - which fixes this presiding voice as Heather Whitney and NOT Whitney Skillen, the other sitting member whose first name is Whitney and who is a separate cluster (Speaker 7) in this same recording. She gives every recognition ('Miss Gillen' 84, 196, 580; 'Arlene' 72, 141, 188, 431; 'Candy' 173; 'Miss Crawford' 195, 665, 684; 'Mister patron' 309, 401, 582, 691; 'And Frank' 235; 'Frank Sprague as the chair' 668; 'Miss Hawkins' 609), runs the consent agenda, the nonpublic votes and the adjournment (701). This cluster repeatedly absorbs the onset of the member she is recognising (84 'Miss Gillen.' + Skillen's first words; 72 + Hawkins's first words; 6, 208, 211 + other members' roll answers) and swallows a handful of neighbouring voices; the ones that can be tied to another speaker are reassigned by override",Mike.,Speaker 1
1:15:23.16,1:15:25.36,4523.16,4525.36,Michael Petrin,"Claremont School Board member (returned to the board as a write-in in the March 2024 election). CHAIR'S RECOGNITIONS, each straight into this voice: 'Mike, do you have a question?' (188) -> 189; 'Mister patron.' (309, 0.94) -> 310; 'Mister patron.' (401, 1.00) -> 402; 'Mike.' (551, 1.00) -> 552 ('No.'); 'Mr. patron?' (582, 1.00) -> 583 ('No.'); 'Mr. patron.' (691, 0.76) -> 692. He answers the opening roll in this voice at 5 ('Patron here', 'Patron' 1.00) and the nonpublic roll at 209, and the chair credits the second on the tech-centre motion to him at 292 ('Second for Mike patron'). At 130-132 he speaks off 'Frank and Whitney, what they were saying' and tells Sprague 'Frank retired. You can go take a walk. I can't' - so he is neither of them - and Frank Sprague places him at 483: 'Mike has a background in physical therapy.' ASR renders him 'Patron', 'patron', 'Peterson' (406, 1.00). THIS CLUSTER IS A MERGE: it also carries Assistant Superintendent Mike Koski's long turns, several of Frank Sprague's, and dozens of sub-second interjections from other people; every stretch that could be tied to another speaker is reassigned by override, and short unanchored backchannels left under this label may belong to someone else",No.,Speaker 2
1:15:25.44,1:15:29.08,4525.44,4529.08,Multiple,"Four board members answering the roll call on Bonnie Miles's amendment, merged into one 3.6 s segment. The chair calls 'Whitney' (542) and 'Mike.' (551) individually; Michael Petrin votes No at 552 and the remaining four members' ayes land here. The chair declares 'No lies [the ayes] have it' at 554 with no count announced",Yes yes yes yes.,Speaker 6
1:15:29.20,1:15:48.28,4529.20,4548.28,Heather Whitney,"CHAIR, Claremont School Board (chair since 4/5/2023, re-elected chair 3/20/2024). She opens the meeting in her own voice at 0 ('I would like to call to order the August 21st, 2024 meeting of the Claremont School Board'), notes the clerk is absent and takes the roll herself at 4-6 ('In the absence of our secretary [or] Clark'), and reads her own name LAST in both roll calls (6; 215 'And Heather Whitney', both words confidence 1.00). Whitney Skillen names her in the third person at 532 ('I think what Heather is asking is...', 'Heather' 1.00) and Bonnie Miles addresses her as 'Heather.' at 555 (1.00) - which fixes this presiding voice as Heather Whitney and NOT Whitney Skillen, the other sitting member whose first name is Whitney and who is a separate cluster (Speaker 7) in this same recording. She gives every recognition ('Miss Gillen' 84, 196, 580; 'Arlene' 72, 141, 188, 431; 'Candy' 173; 'Miss Crawford' 195, 665, 684; 'Mister patron' 309, 401, 582, 691; 'And Frank' 235; 'Frank Sprague as the chair' 668; 'Miss Hawkins' 609), runs the consent agenda, the nonpublic votes and the adjournment (701). This cluster repeatedly absorbs the onset of the member she is recognising (84 'Miss Gillen.' + Skillen's first words; 72 + Hawkins's first words; 6, 208, 211 + other members' roll answers) and swallows a handful of neighbouring voices; the ones that can be tied to another speaker are reassigned by override","No lies. Have it. So the amendment is the motion is amended. So the motion to approve this job description will include,  changing the job title to acting assistant CTE director for SR SRV RTC.",Speaker 1
1:15:48.36,1:15:54.76,4548.36,4554.76,Bonnie Miles,"Claremont School Board member. CHAIR'S RECOGNITIONS straight into this voice: 'Sorry, Mr. Peter and then miss Miles' (303, 'Miles' 0.96) and 'Who's next, miss Miles?' (312, 'Miles' 1.00) -> 313, which opens her long run of questions on the assistant tech-centre director; Candace Crawford answers her by name at 408 ('I think Bonnie', 0.98) while this voice is speaking at 406-413. She is the member who asks whether the board may approve a position that has already been filled (322-332), who proposes the word 'acting' (335, 469) and who moves the amendment adopted that night (533). CAUTION - THIS CLUSTER MERGES TWO WOMEN: Speaker 6 carries both Bonnie Miles and Arlene Hawkins. Rows keep Miles by default; every stretch that a chair recognition or a colleague's direct address ties to Hawkins is reassigned by override. Short interjections that fall between the anchored runs cannot be separated acoustically and could belong to either member",Heather. With that the motion is not to about the job description. It's about the position I know. Okay.,Speaker 6
1:15:54.84,1:16:04.12,4554.84,4564.12,Heather Whitney,"CHAIR, Claremont School Board (chair since 4/5/2023, re-elected chair 3/20/2024). She opens the meeting in her own voice at 0 ('I would like to call to order the August 21st, 2024 meeting of the Claremont School Board'), notes the clerk is absent and takes the roll herself at 4-6 ('In the absence of our secretary [or] Clark'), and reads her own name LAST in both roll calls (6; 215 'And Heather Whitney', both words confidence 1.00). Whitney Skillen names her in the third person at 532 ('I think what Heather is asking is...', 'Heather' 1.00) and Bonnie Miles addresses her as 'Heather.' at 555 (1.00) - which fixes this presiding voice as Heather Whitney and NOT Whitney Skillen, the other sitting member whose first name is Whitney and who is a separate cluster (Speaker 7) in this same recording. She gives every recognition ('Miss Gillen' 84, 196, 580; 'Arlene' 72, 141, 188, 431; 'Candy' 173; 'Miss Crawford' 195, 665, 684; 'Mister patron' 309, 401, 582, 691; 'And Frank' 235; 'Frank Sprague as the chair' 668; 'Miss Hawkins' 609), runs the consent agenda, the nonpublic votes and the adjournment (701). This cluster repeatedly absorbs the onset of the member she is recognising (84 'Miss Gillen.' + Skillen's first words; 72 + Hawkins's first words; 6, 208, 211 + other members' roll answers) and swallows a handful of neighbouring voices; the ones that can be tied to another speaker are reassigned by override",The amendment we just made amendment to modify the motion to accept this position. Right. So now we are changing the title.,Speaker 1
1:16:04.32,1:16:06.04,4564.32,4566.04,Bonnie Miles,"Claremont School Board member. CHAIR'S RECOGNITIONS straight into this voice: 'Sorry, Mr. Peter and then miss Miles' (303, 'Miles' 0.96) and 'Who's next, miss Miles?' (312, 'Miles' 1.00) -> 313, which opens her long run of questions on the assistant tech-centre director; Candace Crawford answers her by name at 408 ('I think Bonnie', 0.98) while this voice is speaking at 406-413. She is the member who asks whether the board may approve a position that has already been filled (322-332), who proposes the word 'acting' (335, 469) and who moves the amendment adopted that night (533). CAUTION - THIS CLUSTER MERGES TWO WOMEN: Speaker 6 carries both Bonnie Miles and Arlene Hawkins. Rows keep Miles by default; every stretch that a chair recognition or a colleague's direct address ties to Hawkins is reassigned by override. Short interjections that fall between the anchored runs cannot be separated acoustically and could belong to either member",To accept the position.,Speaker 6
1:16:06.12,1:16:51.88,4566.12,4611.88,Heather Whitney,"CHAIR, Claremont School Board (chair since 4/5/2023, re-elected chair 3/20/2024). She opens the meeting in her own voice at 0 ('I would like to call to order the August 21st, 2024 meeting of the Claremont School Board'), notes the clerk is absent and takes the roll herself at 4-6 ('In the absence of our secretary [or] Clark'), and reads her own name LAST in both roll calls (6; 215 'And Heather Whitney', both words confidence 1.00). Whitney Skillen names her in the third person at 532 ('I think what Heather is asking is...', 'Heather' 1.00) and Bonnie Miles addresses her as 'Heather.' at 555 (1.00) - which fixes this presiding voice as Heather Whitney and NOT Whitney Skillen, the other sitting member whose first name is Whitney and who is a separate cluster (Speaker 7) in this same recording. She gives every recognition ('Miss Gillen' 84, 196, 580; 'Arlene' 72, 141, 188, 431; 'Candy' 173; 'Miss Crawford' 195, 665, 684; 'Mister patron' 309, 401, 582, 691; 'And Frank' 235; 'Frank Sprague as the chair' 668; 'Miss Hawkins' 609), runs the consent agenda, the nonpublic votes and the adjournment (701). This cluster repeatedly absorbs the onset of the member she is recognising (84 'Miss Gillen.' + Skillen's first words; 72 + Hawkins's first words; 6, 208, 211 + other members' roll answers) and swallows a handful of neighbouring voices; the ones that can be tied to another speaker are reassigned by override","As I'm stating what the amendment is. Okay, which is now changing the the original position motion. So it will read. The motion will now read  that we are going to approve this, that it's an affirmative motion, that the board will approve the job description currently as written currently with the change acting assistant CTE director of SRV RTC. That's the only change that we're making to this document tonight, with the understanding that Mr. Pratt will provide a revised document at the next meeting, which would be September 2nd.",Speaker 1
1:16:51.96,1:16:52.60,4611.96,4612.60,Heather Whitney,"CHAIR, Claremont School Board (chair since 4/5/2023, re-elected chair 3/20/2024). She opens the meeting in her own voice at 0 ('I would like to call to order the August 21st, 2024 meeting of the Claremont School Board'), notes the clerk is absent and takes the roll herself at 4-6 ('In the absence of our secretary [or] Clark'), and reads her own name LAST in both roll calls (6; 215 'And Heather Whitney', both words confidence 1.00). Whitney Skillen names her in the third person at 532 ('I think what Heather is asking is...', 'Heather' 1.00) and Bonnie Miles addresses her as 'Heather.' at 555 (1.00) - which fixes this presiding voice as Heather Whitney and NOT Whitney Skillen, the other sitting member whose first name is Whitney and who is a separate cluster (Speaker 7) in this same recording. She gives every recognition ('Miss Gillen' 84, 196, 580; 'Arlene' 72, 141, 188, 431; 'Candy' 173; 'Miss Crawford' 195, 665, 684; 'Mister patron' 309, 401, 582, 691; 'And Frank' 235; 'Frank Sprague as the chair' 668; 'Miss Hawkins' 609), runs the consent agenda, the nonpublic votes and the adjournment (701). This cluster repeatedly absorbs the onset of the member she is recognising (84 'Miss Gillen.' + Skillen's first words; 72 + Hawkins's first words; 6, 208, 211 + other members' roll answers) and swallows a handful of neighbouring voices; the ones that can be tied to another speaker are reassigned by override",I think that would be.,Speaker 1
1:16:52.60,1:16:54.11,4612.60,4614.11,Candace Crawford,"Claremont School Board member (appointed 7/19/2023, re-elected March 2024); reports for the Capital Improvement Committee and the SRVRTC visioning committee. CHAIR'S RECOGNITIONS straight into this voice: 'Yes. Candy.' (173, 1.00) -> 174 'Do I make [a motion]'; 'Any Crawford seconds' (200, 0.86) right after 199; 'the motion, as stated by Miss Crawford' (195, 1.00) closing the Girls on the Run vote she moved at 183; 'And Candace and then, Mr. Patron' (373) -> 374; 'we're going to start with the Capital Improvement Subcommittee. And that would be Miss Crawford' (665, 1.00) -> 666; 'And Miss Crawford, you're up again' (684, 1.00) -> 685. She addresses Bonnie Miles by name at 408 ('I think Bonnie', 0.98), which is what separates Miles from Arlene Hawkins inside Speaker 6",September of that meeting is.,Speaker 4
1:16:54.24,1:17:16.96,4614.24,4636.96,Heather Whitney,"CHAIR, Claremont School Board (chair since 4/5/2023, re-elected chair 3/20/2024). She opens the meeting in her own voice at 0 ('I would like to call to order the August 21st, 2024 meeting of the Claremont School Board'), notes the clerk is absent and takes the roll herself at 4-6 ('In the absence of our secretary [or] Clark'), and reads her own name LAST in both roll calls (6; 215 'And Heather Whitney', both words confidence 1.00). Whitney Skillen names her in the third person at 532 ('I think what Heather is asking is...', 'Heather' 1.00) and Bonnie Miles addresses her as 'Heather.' at 555 (1.00) - which fixes this presiding voice as Heather Whitney and NOT Whitney Skillen, the other sitting member whose first name is Whitney and who is a separate cluster (Speaker 7) in this same recording. She gives every recognition ('Miss Gillen' 84, 196, 580; 'Arlene' 72, 141, 188, 431; 'Candy' 173; 'Miss Crawford' 195, 665, 684; 'Mister patron' 309, 401, 582, 691; 'And Frank' 235; 'Frank Sprague as the chair' 668; 'Miss Hawkins' 609), runs the consent agenda, the nonpublic votes and the adjournment (701). This cluster repeatedly absorbs the onset of the member she is recognising (84 'Miss Gillen.' + Skillen's first words; 72 + Hawkins's first words; 6, 208, 211 + other members' roll answers) and swallows a handful of neighbouring voices; the ones that can be tied to another speaker are reassigned by override","The fourth for the fourth. So that's what's before us right now is the motion is accepting that one word change with this job description currently, with the understanding that Mr. Pratt will bring us a revised job description on September 4th for board review and approval.",Speaker 1
1:17:17.04,1:17:19.24,4637.04,4639.24,Frank Sprague,"VICE CHAIR, Claremont School Board; CHAIR of the Finance Committee - the same voice the diarizer also files as Speaker 5. The chair opens the finance report with 'Finance subcommittee. That's Frank Sprague as the chair' (668, both words 1.00) with a 0.08 s gap into 669, and this cluster then carries the whole finance report (669-672): the RSA and Department of Revenue Administration deadlines, the September hiring-status and budget-timeline meeting, and the committee's next meeting on September 18th, 10 to 11",So can we vote on the amended position?,Speaker 13
1:17:19.40,1:17:39.36,4639.40,4659.36,Heather Whitney,"CHAIR, Claremont School Board (chair since 4/5/2023, re-elected chair 3/20/2024). She opens the meeting in her own voice at 0 ('I would like to call to order the August 21st, 2024 meeting of the Claremont School Board'), notes the clerk is absent and takes the roll herself at 4-6 ('In the absence of our secretary [or] Clark'), and reads her own name LAST in both roll calls (6; 215 'And Heather Whitney', both words confidence 1.00). Whitney Skillen names her in the third person at 532 ('I think what Heather is asking is...', 'Heather' 1.00) and Bonnie Miles addresses her as 'Heather.' at 555 (1.00) - which fixes this presiding voice as Heather Whitney and NOT Whitney Skillen, the other sitting member whose first name is Whitney and who is a separate cluster (Speaker 7) in this same recording. She gives every recognition ('Miss Gillen' 84, 196, 580; 'Arlene' 72, 141, 188, 431; 'Candy' 173; 'Miss Crawford' 195, 665, 684; 'Mister patron' 309, 401, 582, 691; 'And Frank' 235; 'Frank Sprague as the chair' 668; 'Miss Hawkins' 609), runs the consent agenda, the nonpublic votes and the adjournment (701). This cluster repeatedly absorbs the onset of the member she is recognising (84 'Miss Gillen.' + Skillen's first words; 72 + Hawkins's first words; 6, 208, 211 + other members' roll answers) and swallows a handful of neighbouring voices; the ones that can be tied to another speaker are reassigned by override","Correct. Which would be if we vote, if you're voting yes at this next motion, at this next vote, you're voting to accept this job description. With the change of acting, with the understanding that Mr. Pratt is going to bring a revised job description September 4th.",Speaker 1
1:17:39.44,1:17:45.12,4659.44,4665.12,Bonnie Miles,"Claremont School Board member. CHAIR'S RECOGNITIONS straight into this voice: 'Sorry, Mr. Peter and then miss Miles' (303, 'Miles' 0.96) and 'Who's next, miss Miles?' (312, 'Miles' 1.00) -> 313, which opens her long run of questions on the assistant tech-centre director; Candace Crawford answers her by name at 408 ('I think Bonnie', 0.98) while this voice is speaking at 406-413. She is the member who asks whether the board may approve a position that has already been filled (322-332), who proposes the word 'acting' (335, 469) and who moves the amendment adopted that night (533). CAUTION - THIS CLUSTER MERGES TWO WOMEN: Speaker 6 carries both Bonnie Miles and Arlene Hawkins. Rows keep Miles by default; every stretch that a chair recognition or a colleague's direct address ties to Hawkins is reassigned by override. Short interjections that fall between the anchored runs cannot be separated acoustically and could belong to either member","I don't mean to be difficult. I thought we were approving the position, not a job description.",Speaker 6
1:17:45.32,1:17:48.36,4665.32,4668.36,Heather Whitney,"CHAIR, Claremont School Board (chair since 4/5/2023, re-elected chair 3/20/2024). She opens the meeting in her own voice at 0 ('I would like to call to order the August 21st, 2024 meeting of the Claremont School Board'), notes the clerk is absent and takes the roll herself at 4-6 ('In the absence of our secretary [or] Clark'), and reads her own name LAST in both roll calls (6; 215 'And Heather Whitney', both words confidence 1.00). Whitney Skillen names her in the third person at 532 ('I think what Heather is asking is...', 'Heather' 1.00) and Bonnie Miles addresses her as 'Heather.' at 555 (1.00) - which fixes this presiding voice as Heather Whitney and NOT Whitney Skillen, the other sitting member whose first name is Whitney and who is a separate cluster (Speaker 7) in this same recording. She gives every recognition ('Miss Gillen' 84, 196, 580; 'Arlene' 72, 141, 188, 431; 'Candy' 173; 'Miss Crawford' 195, 665, 684; 'Mister patron' 309, 401, 582, 691; 'And Frank' 235; 'Frank Sprague as the chair' 668; 'Miss Hawkins' 609), runs the consent agenda, the nonpublic votes and the adjournment (701). This cluster repeatedly absorbs the onset of the member she is recognising (84 'Miss Gillen.' + Skillen's first words; 72 + Hawkins's first words; 6, 208, 211 + other members' roll answers) and swallows a handful of neighbouring voices; the ones that can be tied to another speaker are reassigned by override",The position has to come with a job description.,Speaker 1
1:17:48.44,1:17:53.68,4668.44,4673.68,Bonnie Miles,"Claremont School Board member. CHAIR'S RECOGNITIONS straight into this voice: 'Sorry, Mr. Peter and then miss Miles' (303, 'Miles' 0.96) and 'Who's next, miss Miles?' (312, 'Miles' 1.00) -> 313, which opens her long run of questions on the assistant tech-centre director; Candace Crawford answers her by name at 408 ('I think Bonnie', 0.98) while this voice is speaking at 406-413. She is the member who asks whether the board may approve a position that has already been filled (322-332), who proposes the word 'acting' (335, 469) and who moves the amendment adopted that night (533). CAUTION - THIS CLUSTER MERGES TWO WOMEN: Speaker 6 carries both Bonnie Miles and Arlene Hawkins. Rows keep Miles by default; every stretch that a chair recognition or a colleague's direct address ties to Hawkins is reassigned by override. Short interjections that fall between the anchored runs cannot be separated acoustically and could belong to either member",So we are approving a subscription. Okay. All right. I just want it to be myself. I have a question.,Speaker 6
1:17:53.72,1:17:56.96,4673.72,4676.96,Heather Whitney,"CHAIR, Claremont School Board (chair since 4/5/2023, re-elected chair 3/20/2024). She opens the meeting in her own voice at 0 ('I would like to call to order the August 21st, 2024 meeting of the Claremont School Board'), notes the clerk is absent and takes the roll herself at 4-6 ('In the absence of our secretary [or] Clark'), and reads her own name LAST in both roll calls (6; 215 'And Heather Whitney', both words confidence 1.00). Whitney Skillen names her in the third person at 532 ('I think what Heather is asking is...', 'Heather' 1.00) and Bonnie Miles addresses her as 'Heather.' at 555 (1.00) - which fixes this presiding voice as Heather Whitney and NOT Whitney Skillen, the other sitting member whose first name is Whitney and who is a separate cluster (Speaker 7) in this same recording. She gives every recognition ('Miss Gillen' 84, 196, 580; 'Arlene' 72, 141, 188, 431; 'Candy' 173; 'Miss Crawford' 195, 665, 684; 'Mister patron' 309, 401, 582, 691; 'And Frank' 235; 'Frank Sprague as the chair' 668; 'Miss Hawkins' 609), runs the consent agenda, the nonpublic votes and the adjournment (701). This cluster repeatedly absorbs the onset of the member she is recognising (84 'Miss Gillen.' + Skillen's first words; 72 + Hawkins's first words; 6, 208, 211 + other members' roll answers) and swallows a handful of neighbouring voices; the ones that can be tied to another speaker are reassigned by override","Sure, miss.",Speaker 1
1:17:57.04,1:18:12.16,4677.04,4692.16,Bonnie Miles,"Claremont School Board member. CHAIR'S RECOGNITIONS straight into this voice: 'Sorry, Mr. Peter and then miss Miles' (303, 'Miles' 0.96) and 'Who's next, miss Miles?' (312, 'Miles' 1.00) -> 313, which opens her long run of questions on the assistant tech-centre director; Candace Crawford answers her by name at 408 ('I think Bonnie', 0.98) while this voice is speaking at 406-413. She is the member who asks whether the board may approve a position that has already been filled (322-332), who proposes the word 'acting' (335, 469) and who moves the amendment adopted that night (533). CAUTION - THIS CLUSTER MERGES TWO WOMEN: Speaker 6 carries both Bonnie Miles and Arlene Hawkins. Rows keep Miles by default; every stretch that a chair recognition or a colleague's direct address ties to Hawkins is reassigned by override. Short interjections that fall between the anchored runs cannot be separated acoustically and could belong to either member","It made me think of what you had said. But Mr. Pratt was an interim superintendent before you became the superintendent, so I don't know if that makes a difference. I just wanted to throw a bit in there. If we needed to put that instead of acting.",Speaker 6
1:18:12.24,1:18:14.56,4692.24,4694.56,Candace Crawford,"Claremont School Board member (appointed 7/19/2023, re-elected March 2024); reports for the Capital Improvement Committee and the SRVRTC visioning committee. CHAIR'S RECOGNITIONS straight into this voice: 'Yes. Candy.' (173, 1.00) -> 174 'Do I make [a motion]'; 'Any Crawford seconds' (200, 0.86) right after 199; 'the motion, as stated by Miss Crawford' (195, 1.00) closing the Girls on the Run vote she moved at 183; 'And Candace and then, Mr. Patron' (373) -> 374; 'we're going to start with the Capital Improvement Subcommittee. And that would be Miss Crawford' (665, 1.00) -> 666; 'And Miss Crawford, you're up again' (684, 1.00) -> 685. She addresses Bonnie Miles by name at 408 ('I think Bonnie', 0.98), which is what separates Miles from Arlene Hawkins inside Speaker 6",I think we assessed is there. I think we're covered.,Speaker 4
1:18:14.60,1:18:15.36,4694.60,4695.36,Bonnie Miles,"Claremont School Board member. CHAIR'S RECOGNITIONS straight into this voice: 'Sorry, Mr. Peter and then miss Miles' (303, 'Miles' 0.96) and 'Who's next, miss Miles?' (312, 'Miles' 1.00) -> 313, which opens her long run of questions on the assistant tech-centre director; Candace Crawford answers her by name at 408 ('I think Bonnie', 0.98) while this voice is speaking at 406-413. She is the member who asks whether the board may approve a position that has already been filled (322-332), who proposes the word 'acting' (335, 469) and who moves the amendment adopted that night (533). CAUTION - THIS CLUSTER MERGES TWO WOMEN: Speaker 6 carries both Bonnie Miles and Arlene Hawkins. Rows keep Miles by default; every stretch that a chair recognition or a colleague's direct address ties to Hawkins is reassigned by override. Short interjections that fall between the anchored runs cannot be separated acoustically and could belong to either member",Okay.,Speaker 6
1:18:15.44,1:18:18.56,4695.44,4698.56,Heather Whitney,"CHAIR, Claremont School Board (chair since 4/5/2023, re-elected chair 3/20/2024). She opens the meeting in her own voice at 0 ('I would like to call to order the August 21st, 2024 meeting of the Claremont School Board'), notes the clerk is absent and takes the roll herself at 4-6 ('In the absence of our secretary [or] Clark'), and reads her own name LAST in both roll calls (6; 215 'And Heather Whitney', both words confidence 1.00). Whitney Skillen names her in the third person at 532 ('I think what Heather is asking is...', 'Heather' 1.00) and Bonnie Miles addresses her as 'Heather.' at 555 (1.00) - which fixes this presiding voice as Heather Whitney and NOT Whitney Skillen, the other sitting member whose first name is Whitney and who is a separate cluster (Speaker 7) in this same recording. She gives every recognition ('Miss Gillen' 84, 196, 580; 'Arlene' 72, 141, 188, 431; 'Candy' 173; 'Miss Crawford' 195, 665, 684; 'Mister patron' 309, 401, 582, 691; 'And Frank' 235; 'Frank Sprague as the chair' 668; 'Miss Hawkins' 609), runs the consent agenda, the nonpublic votes and the adjournment (701). This cluster repeatedly absorbs the onset of the member she is recognising (84 'Miss Gillen.' + Skillen's first words; 72 + Hawkins's first words; 6, 208, 211 + other members' roll answers) and swallows a handful of neighbouring voices; the ones that can be tied to another speaker are reassigned by override",That's fine. Do we have any more discussion before? Yes. Miss Gill.,Speaker 1
1:18:18.64,1:18:38.72,4698.64,4718.72,Whitney Skillen,"Claremont School Board member; CHAIR of the Policy subcommittee. CHAIR'S RECOGNITIONS straight into this voice: 'Miss Gillen.' (84, 0.82) -> 85; 'Yes, Miss Gillen.' (196, 0.43) -> 197, her motion to go into nonpublic; 'So the skill[en]' (298) -> 299; 'Miss Kellen.' (531, 0.62) -> 532; 'we can do a roll call, Whitney' (542, 0.94) -> 543; 'No objection, Miss Gillen' (580, 0.48) -> 581; 'Anybody like to make a motion and then miss going [Gillen]' (653) -> 654; and 'Anything from the policy subcommittee?' (677) -> 678, where she reports on her own schedule as policy chair. She refers to the chair in the third person at 532 ('I think what Heather is asking is'), so she is NOT Heather Whitney, who is a separate cluster (Speaker 1) here. The ASR garbles her surname as 'Gillen', 'going', 'Kellen', 'skill', 'Skilling' and - in the chair's 233 - 'still on'","Is the person currently, preparing to accept the offer for the acting assistant CTE director?  Be currently employed at a different Claremont School. And if that if the answer to that question is yes.  How is what is the status on backfilling that position? Oh, gosh.",Speaker 7
1:18:38.92,1:18:40.40,4718.92,4720.40,Bonnie Miles,"Claremont School Board member. CHAIR'S RECOGNITIONS straight into this voice: 'Sorry, Mr. Peter and then miss Miles' (303, 'Miles' 0.96) and 'Who's next, miss Miles?' (312, 'Miles' 1.00) -> 313, which opens her long run of questions on the assistant tech-centre director; Candace Crawford answers her by name at 408 ('I think Bonnie', 0.98) while this voice is speaking at 406-413. She is the member who asks whether the board may approve a position that has already been filled (322-332), who proposes the word 'acting' (335, 469) and who moves the amendment adopted that night (533). CAUTION - THIS CLUSTER MERGES TWO WOMEN: Speaker 6 carries both Bonnie Miles and Arlene Hawkins. Rows keep Miles by default; every stretch that a chair recognition or a colleague's direct address ties to Hawkins is reassigned by override. Short interjections that fall between the anchored runs cannot be separated acoustically and could belong to either member",That's a good question.,Speaker 6
1:18:40.48,1:18:52.04,4720.48,4732.04,Chris Pratt,"SUPERINTENDENT OF SCHOOLS, SAU 6 / Claremont School District. The chair puts the staff-nomination motion as 'approving the list of nominations as presented by doctor, Doctor Pratt. Mr. Pratt' (280, both 1.00) immediately after this voice's exchange, and names him three more times as the person who will bring the revised job description (558, 561, 563, 688 - all 1.00). He delivers the superintendent's report (8-41), calls it 'the superintendents report that I sent you' (8), hands off to 'Mr. O'Hearn' (219) and to 'Michael' for the AI/PD questions (31), and apologises to the board in the first person for hiring before the board approved the position (588-589). Bonnie Miles says at 568 'Mr. Pratt was an interim superintendent before you became the superintendent' and Michael Petrin at 538 'We have superintendent Chris was the acting superintendent because someone left mid-term' - both addressed to this voice, and the word 'interim' is never applied to him in the present tense anywhere in the file. Bonnie Miles and Arlene Hawkins both address him as 'Chris' (500, 502, 616; 1.00). ASR also renders him 'Mr. Pride' (610, 1.00)","So yes, there, take the position. And the position that should be vacating will be posted as soon as the contract signed.",Speaker 3
1:18:52.12,1:18:54.24,4732.12,4734.24,Bonnie Miles,"Claremont School Board member. CHAIR'S RECOGNITIONS straight into this voice: 'Sorry, Mr. Peter and then miss Miles' (303, 'Miles' 0.96) and 'Who's next, miss Miles?' (312, 'Miles' 1.00) -> 313, which opens her long run of questions on the assistant tech-centre director; Candace Crawford answers her by name at 408 ('I think Bonnie', 0.98) while this voice is speaking at 406-413. She is the member who asks whether the board may approve a position that has already been filled (322-332), who proposes the word 'acting' (335, 469) and who moves the amendment adopted that night (533). CAUTION - THIS CLUSTER MERGES TWO WOMEN: Speaker 6 carries both Bonnie Miles and Arlene Hawkins. Rows keep Miles by default; every stretch that a chair recognition or a colleague's direct address ties to Hawkins is reassigned by override. Short interjections that fall between the anchored runs cannot be separated acoustically and could belong to either member",And what's the position that would be vacated?,Speaker 6
1:18:54.40,1:18:56.00,4734.40,4736.00,Chris Pratt,"SUPERINTENDENT OF SCHOOLS, SAU 6 / Claremont School District. The chair puts the staff-nomination motion as 'approving the list of nominations as presented by doctor, Doctor Pratt. Mr. Pratt' (280, both 1.00) immediately after this voice's exchange, and names him three more times as the person who will bring the revised job description (558, 561, 563, 688 - all 1.00). He delivers the superintendent's report (8-41), calls it 'the superintendents report that I sent you' (8), hands off to 'Mr. O'Hearn' (219) and to 'Michael' for the AI/PD questions (31), and apologises to the board in the first person for hiring before the board approved the position (588-589). Bonnie Miles says at 568 'Mr. Pratt was an interim superintendent before you became the superintendent' and Michael Petrin at 538 'We have superintendent Chris was the acting superintendent because someone left mid-term' - both addressed to this voice, and the word 'interim' is never applied to him in the present tense anywhere in the file. Bonnie Miles and Arlene Hawkins both address him as 'Chris' (500, 502, 616; 1.00). ASR also renders him 'Mr. Pride' (610, 1.00)",Counseling position.,Speaker 3
1:18:56.08,1:18:59.64,4736.08,4739.64,Candace Crawford,"Claremont School Board member (appointed 7/19/2023, re-elected March 2024); reports for the Capital Improvement Committee and the SRVRTC visioning committee. CHAIR'S RECOGNITIONS straight into this voice: 'Yes. Candy.' (173, 1.00) -> 174 'Do I make [a motion]'; 'Any Crawford seconds' (200, 0.86) right after 199; 'the motion, as stated by Miss Crawford' (195, 1.00) closing the Girls on the Run vote she moved at 183; 'And Candace and then, Mr. Patron' (373) -> 374; 'we're going to start with the Capital Improvement Subcommittee. And that would be Miss Crawford' (665, 1.00) -> 666; 'And Miss Crawford, you're up again' (684, 1.00) -> 685. She addresses Bonnie Miles by name at 408 ('I think Bonnie', 0.98), which is what separates Miles from Arlene Hawkins inside Speaker 6",At not relative..,Speaker 4
1:18:59.72,1:19:02.04,4739.72,4742.04,Whitney Skillen,"Claremont School Board member; CHAIR of the Policy subcommittee. CHAIR'S RECOGNITIONS straight into this voice: 'Miss Gillen.' (84, 0.82) -> 85; 'Yes, Miss Gillen.' (196, 0.43) -> 197, her motion to go into nonpublic; 'So the skill[en]' (298) -> 299; 'Miss Kellen.' (531, 0.62) -> 532; 'we can do a roll call, Whitney' (542, 0.94) -> 543; 'No objection, Miss Gillen' (580, 0.48) -> 581; 'Anybody like to make a motion and then miss going [Gillen]' (653) -> 654; and 'Anything from the policy subcommittee?' (677) -> 678, where she reports on her own schedule as policy chair. She refers to the chair in the third person at 532 ('I think what Heather is asking is'), so she is NOT Heather Whitney, who is a separate cluster (Speaker 1) here. The ASR garbles her surname as 'Gillen', 'going', 'Kellen', 'skill', 'Skilling' and - in the chair's 233 - 'still on'",Can't in public.,Speaker 7
1:19:02.12,1:19:04.32,4742.12,4744.32,Bonnie Miles,"Claremont School Board member. CHAIR'S RECOGNITIONS straight into this voice: 'Sorry, Mr. Peter and then miss Miles' (303, 'Miles' 0.96) and 'Who's next, miss Miles?' (312, 'Miles' 1.00) -> 313, which opens her long run of questions on the assistant tech-centre director; Candace Crawford answers her by name at 408 ('I think Bonnie', 0.98) while this voice is speaking at 406-413. She is the member who asks whether the board may approve a position that has already been filled (322-332), who proposes the word 'acting' (335, 469) and who moves the amendment adopted that night (533). CAUTION - THIS CLUSTER MERGES TWO WOMEN: Speaker 6 carries both Bonnie Miles and Arlene Hawkins. Rows keep Miles by default; every stretch that a chair recognition or a colleague's direct address ties to Hawkins is reassigned by override. Short interjections that fall between the anchored runs cannot be separated acoustically and could belong to either member",Okay okay.,Speaker 6
1:19:04.36,1:19:11.72,4744.36,4751.72,Heather Whitney,"CHAIR, Claremont School Board (chair since 4/5/2023, re-elected chair 3/20/2024). She opens the meeting in her own voice at 0 ('I would like to call to order the August 21st, 2024 meeting of the Claremont School Board'), notes the clerk is absent and takes the roll herself at 4-6 ('In the absence of our secretary [or] Clark'), and reads her own name LAST in both roll calls (6; 215 'And Heather Whitney', both words confidence 1.00). Whitney Skillen names her in the third person at 532 ('I think what Heather is asking is...', 'Heather' 1.00) and Bonnie Miles addresses her as 'Heather.' at 555 (1.00) - which fixes this presiding voice as Heather Whitney and NOT Whitney Skillen, the other sitting member whose first name is Whitney and who is a separate cluster (Speaker 7) in this same recording. She gives every recognition ('Miss Gillen' 84, 196, 580; 'Arlene' 72, 141, 188, 431; 'Candy' 173; 'Miss Crawford' 195, 665, 684; 'Mister patron' 309, 401, 582, 691; 'And Frank' 235; 'Frank Sprague as the chair' 668; 'Miss Hawkins' 609), runs the consent agenda, the nonpublic votes and the adjournment (701). This cluster repeatedly absorbs the onset of the member she is recognising (84 'Miss Gillen.' + Skillen's first words; 72 + Hawkins's first words; 6, 208, 211 + other members' roll answers) and swallows a handful of neighbouring voices; the ones that can be tied to another speaker are reassigned by override","Is there any objection to doing a quick little roll call? Vote here. No objection, Miss Gillen.",Speaker 1
1:19:11.80,1:19:12.68,4751.80,4752.68,Whitney Skillen,"Claremont School Board member; CHAIR of the Policy subcommittee. CHAIR'S RECOGNITIONS straight into this voice: 'Miss Gillen.' (84, 0.82) -> 85; 'Yes, Miss Gillen.' (196, 0.43) -> 197, her motion to go into nonpublic; 'So the skill[en]' (298) -> 299; 'Miss Kellen.' (531, 0.62) -> 532; 'we can do a roll call, Whitney' (542, 0.94) -> 543; 'No objection, Miss Gillen' (580, 0.48) -> 581; 'Anybody like to make a motion and then miss going [Gillen]' (653) -> 654; and 'Anything from the policy subcommittee?' (677) -> 678, where she reports on her own schedule as policy chair. She refers to the chair in the third person at 532 ('I think what Heather is asking is'), so she is NOT Heather Whitney, who is a separate cluster (Speaker 1) here. The ASR garbles her surname as 'Gillen', 'going', 'Kellen', 'skill', 'Skilling' and - in the chair's 233 - 'still on'",Yes.,Speaker 7
1:19:12.76,1:19:13.52,4752.76,4753.52,Heather Whitney,"CHAIR, Claremont School Board (chair since 4/5/2023, re-elected chair 3/20/2024). She opens the meeting in her own voice at 0 ('I would like to call to order the August 21st, 2024 meeting of the Claremont School Board'), notes the clerk is absent and takes the roll herself at 4-6 ('In the absence of our secretary [or] Clark'), and reads her own name LAST in both roll calls (6; 215 'And Heather Whitney', both words confidence 1.00). Whitney Skillen names her in the third person at 532 ('I think what Heather is asking is...', 'Heather' 1.00) and Bonnie Miles addresses her as 'Heather.' at 555 (1.00) - which fixes this presiding voice as Heather Whitney and NOT Whitney Skillen, the other sitting member whose first name is Whitney and who is a separate cluster (Speaker 7) in this same recording. She gives every recognition ('Miss Gillen' 84, 196, 580; 'Arlene' 72, 141, 188, 431; 'Candy' 173; 'Miss Crawford' 195, 665, 684; 'Mister patron' 309, 401, 582, 691; 'And Frank' 235; 'Frank Sprague as the chair' 668; 'Miss Hawkins' 609), runs the consent agenda, the nonpublic votes and the adjournment (701). This cluster repeatedly absorbs the onset of the member she is recognising (84 'Miss Gillen.' + Skillen's first words; 72 + Hawkins's first words; 6, 208, 211 + other members' roll answers) and swallows a handful of neighbouring voices; the ones that can be tied to another speaker are reassigned by override",Mr. patron?,Speaker 1
1:19:13.56,1:19:14.88,4753.56,4754.88,Michael Petrin,"Claremont School Board member (returned to the board as a write-in in the March 2024 election). CHAIR'S RECOGNITIONS, each straight into this voice: 'Mike, do you have a question?' (188) -> 189; 'Mister patron.' (309, 0.94) -> 310; 'Mister patron.' (401, 1.00) -> 402; 'Mike.' (551, 1.00) -> 552 ('No.'); 'Mr. patron?' (582, 1.00) -> 583 ('No.'); 'Mr. patron.' (691, 0.76) -> 692. He answers the opening roll in this voice at 5 ('Patron here', 'Patron' 1.00) and the nonpublic roll at 209, and the chair credits the second on the tech-centre motion to him at 292 ('Second for Mike patron'). At 130-132 he speaks off 'Frank and Whitney, what they were saying' and tells Sprague 'Frank retired. You can go take a walk. I can't' - so he is neither of them - and Frank Sprague places him at 483: 'Mike has a background in physical therapy.' ASR renders him 'Patron', 'patron', 'Peterson' (406, 1.00). THIS CLUSTER IS A MERGE: it also carries Assistant Superintendent Mike Koski's long turns, several of Frank Sprague's, and dozens of sub-second interjections from other people; every stretch that could be tied to another speaker is reassigned by override, and short unanchored backchannels left under this label may belong to someone else",No.,Speaker 2
1:19:14.96,1:19:17.12,4754.96,4757.12,Multiple,"Board members answering the roll call on the main motion, merged into one 2.2 s segment. The chair calls 'Miss Gillen' (580, Skillen votes Yes at 581) and 'Mr. patron?' (582, Petrin votes No at 583); the remaining ayes land here and in the chair's own next segment (585). No count is announced",Yes yes yes.,Speaker 6
1:19:17.20,1:19:20.10,4757.20,4760.10,Heather Whitney,"CHAIR, Claremont School Board (chair since 4/5/2023, re-elected chair 3/20/2024). She opens the meeting in her own voice at 0 ('I would like to call to order the August 21st, 2024 meeting of the Claremont School Board'), notes the clerk is absent and takes the roll herself at 4-6 ('In the absence of our secretary [or] Clark'), and reads her own name LAST in both roll calls (6; 215 'And Heather Whitney', both words confidence 1.00). Whitney Skillen names her in the third person at 532 ('I think what Heather is asking is...', 'Heather' 1.00) and Bonnie Miles addresses her as 'Heather.' at 555 (1.00) - which fixes this presiding voice as Heather Whitney and NOT Whitney Skillen, the other sitting member whose first name is Whitney and who is a separate cluster (Speaker 7) in this same recording. She gives every recognition ('Miss Gillen' 84, 196, 580; 'Arlene' 72, 141, 188, 431; 'Candy' 173; 'Miss Crawford' 195, 665, 684; 'Mister patron' 309, 401, 582, 691; 'And Frank' 235; 'Frank Sprague as the chair' 668; 'Miss Hawkins' 609), runs the consent agenda, the nonpublic votes and the adjournment (701). This cluster repeatedly absorbs the onset of the member she is recognising (84 'Miss Gillen.' + Skillen's first words; 72 + Hawkins's first words; 6, 208, 211 + other members' roll answers) and swallows a handful of neighbouring voices; the ones that can be tied to another speaker are reassigned by override",Yes yes. Okay.,Speaker 1
1:19:20.18,1:19:20.96,4760.18,4760.96,Chris Pratt,"SUPERINTENDENT OF SCHOOLS, SAU 6 / Claremont School District. The chair puts the staff-nomination motion as 'approving the list of nominations as presented by doctor, Doctor Pratt. Mr. Pratt' (280, both 1.00) immediately after this voice's exchange, and names him three more times as the person who will bring the revised job description (558, 561, 563, 688 - all 1.00). He delivers the superintendent's report (8-41), calls it 'the superintendents report that I sent you' (8), hands off to 'Mr. O'Hearn' (219) and to 'Michael' for the AI/PD questions (31), and apologises to the board in the first person for hiring before the board approved the position (588-589). Bonnie Miles says at 568 'Mr. Pratt was an interim superintendent before you became the superintendent' and Michael Petrin at 538 'We have superintendent Chris was the acting superintendent because someone left mid-term' - both addressed to this voice, and the word 'interim' is never applied to him in the present tense anywhere in the file. Bonnie Miles and Arlene Hawkins both address him as 'Chris' (500, 502, 616; 1.00). ASR also renders him 'Mr. Pride' (610, 1.00)",Come on. Last comment.,Speaker 3
1:19:21.00,1:19:22.28,4761.00,4762.28,Heather Whitney,"CHAIR, Claremont School Board (chair since 4/5/2023, re-elected chair 3/20/2024). She opens the meeting in her own voice at 0 ('I would like to call to order the August 21st, 2024 meeting of the Claremont School Board'), notes the clerk is absent and takes the roll herself at 4-6 ('In the absence of our secretary [or] Clark'), and reads her own name LAST in both roll calls (6; 215 'And Heather Whitney', both words confidence 1.00). Whitney Skillen names her in the third person at 532 ('I think what Heather is asking is...', 'Heather' 1.00) and Bonnie Miles addresses her as 'Heather.' at 555 (1.00) - which fixes this presiding voice as Heather Whitney and NOT Whitney Skillen, the other sitting member whose first name is Whitney and who is a separate cluster (Speaker 7) in this same recording. She gives every recognition ('Miss Gillen' 84, 196, 580; 'Arlene' 72, 141, 188, 431; 'Candy' 173; 'Miss Crawford' 195, 665, 684; 'Mister patron' 309, 401, 582, 691; 'And Frank' 235; 'Frank Sprague as the chair' 668; 'Miss Hawkins' 609), runs the consent agenda, the nonpublic votes and the adjournment (701). This cluster repeatedly absorbs the onset of the member she is recognising (84 'Miss Gillen.' + Skillen's first words; 72 + Hawkins's first words; 6, 208, 211 + other members' roll answers) and swallows a handful of neighbouring voices; the ones that can be tied to another speaker are reassigned by override",Yes.,Speaker 1
1:19:22.36,1:19:44.08,4762.36,4784.08,Chris Pratt,"SUPERINTENDENT OF SCHOOLS, SAU 6 / Claremont School District. The chair puts the staff-nomination motion as 'approving the list of nominations as presented by doctor, Doctor Pratt. Mr. Pratt' (280, both 1.00) immediately after this voice's exchange, and names him three more times as the person who will bring the revised job description (558, 561, 563, 688 - all 1.00). He delivers the superintendent's report (8-41), calls it 'the superintendents report that I sent you' (8), hands off to 'Mr. O'Hearn' (219) and to 'Michael' for the AI/PD questions (31), and apologises to the board in the first person for hiring before the board approved the position (588-589). Bonnie Miles says at 568 'Mr. Pratt was an interim superintendent before you became the superintendent' and Michael Petrin at 538 'We have superintendent Chris was the acting superintendent because someone left mid-term' - both addressed to this voice, and the word 'interim' is never applied to him in the present tense anywhere in the file. Bonnie Miles and Arlene Hawkins both address him as 'Chris' (500, 502, 616; 1.00). ASR also renders him 'Mr. Pride' (610, 1.00)","I just want to apologize. It really wasn't my intention to cause the lost that ensued. It was just that I needed to make a good decision. With school a week away, in the guise of what I thought was going to be best for the students. It was never my intention to you that you are you on or anything like that.",Speaker 3
1:19:44.16,1:19:50.24,4784.16,4790.24,Chris Pratt,"SUPERINTENDENT OF SCHOOLS, SAU 6 / Claremont School District. The chair puts the staff-nomination motion as 'approving the list of nominations as presented by doctor, Doctor Pratt. Mr. Pratt' (280, both 1.00) immediately after this voice's exchange, and names him three more times as the person who will bring the revised job description (558, 561, 563, 688 - all 1.00). He delivers the superintendent's report (8-41), calls it 'the superintendents report that I sent you' (8), hands off to 'Mr. O'Hearn' (219) and to 'Michael' for the AI/PD questions (31), and apologises to the board in the first person for hiring before the board approved the position (588-589). Bonnie Miles says at 568 'Mr. Pratt was an interim superintendent before you became the superintendent' and Michael Petrin at 538 'We have superintendent Chris was the acting superintendent because someone left mid-term' - both addressed to this voice, and the word 'interim' is never applied to him in the present tense anywhere in the file. Bonnie Miles and Arlene Hawkins both address him as 'Chris' (500, 502, 616; 1.00). ASR also renders him 'Mr. Pride' (610, 1.00)",So I just wanted to say I apologize for for any of this. I just wanted to.,Speaker 3
1:19:50.32,1:20:02.08,4790.32,4802.08,Bonnie Miles,"Claremont School Board member. CHAIR'S RECOGNITIONS straight into this voice: 'Sorry, Mr. Peter and then miss Miles' (303, 'Miles' 0.96) and 'Who's next, miss Miles?' (312, 'Miles' 1.00) -> 313, which opens her long run of questions on the assistant tech-centre director; Candace Crawford answers her by name at 408 ('I think Bonnie', 0.98) while this voice is speaking at 406-413. She is the member who asks whether the board may approve a position that has already been filled (322-332), who proposes the word 'acting' (335, 469) and who moves the amendment adopted that night (533). CAUTION - THIS CLUSTER MERGES TWO WOMEN: Speaker 6 carries both Bonnie Miles and Arlene Hawkins. Rows keep Miles by default; every stretch that a chair recognition or a colleague's direct address ties to Hawkins is reassigned by override. Short interjections that fall between the anchored runs cannot be separated acoustically and could belong to either member",You are  not. You were put in a tough spot and your intention was to have that voted on and not having to see it. That's not your fault. And you had you had to jump on it.,Speaker 6
1:20:02.16,1:20:10.32,4802.16,4810.32,Heather Whitney,"CHAIR, Claremont School Board (chair since 4/5/2023, re-elected chair 3/20/2024). She opens the meeting in her own voice at 0 ('I would like to call to order the August 21st, 2024 meeting of the Claremont School Board'), notes the clerk is absent and takes the roll herself at 4-6 ('In the absence of our secretary [or] Clark'), and reads her own name LAST in both roll calls (6; 215 'And Heather Whitney', both words confidence 1.00). Whitney Skillen names her in the third person at 532 ('I think what Heather is asking is...', 'Heather' 1.00) and Bonnie Miles addresses her as 'Heather.' at 555 (1.00) - which fixes this presiding voice as Heather Whitney and NOT Whitney Skillen, the other sitting member whose first name is Whitney and who is a separate cluster (Speaker 7) in this same recording. She gives every recognition ('Miss Gillen' 84, 196, 580; 'Arlene' 72, 141, 188, 431; 'Candy' 173; 'Miss Crawford' 195, 665, 684; 'Mister patron' 309, 401, 582, 691; 'And Frank' 235; 'Frank Sprague as the chair' 668; 'Miss Hawkins' 609), runs the consent agenda, the nonpublic votes and the adjournment (701). This cluster repeatedly absorbs the onset of the member she is recognising (84 'Miss Gillen.' + Skillen's first words; 72 + Hawkins's first words; 6, 208, 211 + other members' roll answers) and swallows a handful of neighbouring voices; the ones that can be tied to another speaker are reassigned by override",We we have 15 minutes left to get our business done. So the question is is what do we want to not do this evening.,Speaker 1
1:20:10.40,1:20:12.72,4810.40,4812.72,Bonnie Miles,"Claremont School Board member. CHAIR'S RECOGNITIONS straight into this voice: 'Sorry, Mr. Peter and then miss Miles' (303, 'Miles' 0.96) and 'Who's next, miss Miles?' (312, 'Miles' 1.00) -> 313, which opens her long run of questions on the assistant tech-centre director; Candace Crawford answers her by name at 408 ('I think Bonnie', 0.98) while this voice is speaking at 406-413. She is the member who asks whether the board may approve a position that has already been filled (322-332), who proposes the word 'acting' (335, 469) and who moves the amendment adopted that night (533). CAUTION - THIS CLUSTER MERGES TWO WOMEN: Speaker 6 carries both Bonnie Miles and Arlene Hawkins. Rows keep Miles by default; every stretch that a chair recognition or a colleague's direct address ties to Hawkins is reassigned by override. Short interjections that fall between the anchored runs cannot be separated acoustically and could belong to either member",We did that last. What would.,Speaker 6
1:20:12.80,1:20:14.80,4812.80,4814.80,Candace Crawford,"Claremont School Board member (appointed 7/19/2023, re-elected March 2024); reports for the Capital Improvement Committee and the SRVRTC visioning committee. CHAIR'S RECOGNITIONS straight into this voice: 'Yes. Candy.' (173, 1.00) -> 174 'Do I make [a motion]'; 'Any Crawford seconds' (200, 0.86) right after 199; 'the motion, as stated by Miss Crawford' (195, 1.00) closing the Girls on the Run vote she moved at 183; 'And Candace and then, Mr. Patron' (373) -> 374; 'we're going to start with the Capital Improvement Subcommittee. And that would be Miss Crawford' (665, 1.00) -> 666; 'And Miss Crawford, you're up again' (684, 1.00) -> 685. She addresses Bonnie Miles by name at 408 ('I think Bonnie', 0.98), which is what separates Miles from Arlene Hawkins inside Speaker 6",You say? Anything that is essential.,Speaker 4
1:20:15.04,1:20:22.20,4815.04,4822.20,Heather Whitney,"CHAIR, Claremont School Board (chair since 4/5/2023, re-elected chair 3/20/2024). She opens the meeting in her own voice at 0 ('I would like to call to order the August 21st, 2024 meeting of the Claremont School Board'), notes the clerk is absent and takes the roll herself at 4-6 ('In the absence of our secretary [or] Clark'), and reads her own name LAST in both roll calls (6; 215 'And Heather Whitney', both words confidence 1.00). Whitney Skillen names her in the third person at 532 ('I think what Heather is asking is...', 'Heather' 1.00) and Bonnie Miles addresses her as 'Heather.' at 555 (1.00) - which fixes this presiding voice as Heather Whitney and NOT Whitney Skillen, the other sitting member whose first name is Whitney and who is a separate cluster (Speaker 7) in this same recording. She gives every recognition ('Miss Gillen' 84, 196, 580; 'Arlene' 72, 141, 188, 431; 'Candy' 173; 'Miss Crawford' 195, 665, 684; 'Mister patron' 309, 401, 582, 691; 'And Frank' 235; 'Frank Sprague as the chair' 668; 'Miss Hawkins' 609), runs the consent agenda, the nonpublic votes and the adjournment (701). This cluster repeatedly absorbs the onset of the member she is recognising (84 'Miss Gillen.' + Skillen's first words; 72 + Hawkins's first words; 6, 208, 211 + other members' roll answers) and swallows a handful of neighbouring voices; the ones that can be tied to another speaker are reassigned by override","I think there's multiple essential things, but I, there's quick housekeeping. But so I think that we're going to have.",Speaker 1
1:20:22.20,1:20:27.72,4822.20,4827.72,Frank Sprague,"VICE CHAIR, Claremont School Board; CHAIR of the Finance Committee - the same voice the diarizer also files as Speaker 5. The chair opens the finance report with 'Finance subcommittee. That's Frank Sprague as the chair' (668, both words 1.00) with a 0.08 s gap into 669, and this cluster then carries the whole finance report (669-672): the RSA and Department of Revenue Administration deadlines, the September hiring-status and budget-timeline meeting, and the committee's next meeting on September 18th, 10 to 11",To central thing in the finance committee as far as notifying the administration is to win the next.,Speaker 13
1:20:27.76,1:20:30.20,4827.76,4830.20,Heather Whitney,"CHAIR, Claremont School Board (chair since 4/5/2023, re-elected chair 3/20/2024). She opens the meeting in her own voice at 0 ('I would like to call to order the August 21st, 2024 meeting of the Claremont School Board'), notes the clerk is absent and takes the roll herself at 4-6 ('In the absence of our secretary [or] Clark'), and reads her own name LAST in both roll calls (6; 215 'And Heather Whitney', both words confidence 1.00). Whitney Skillen names her in the third person at 532 ('I think what Heather is asking is...', 'Heather' 1.00) and Bonnie Miles addresses her as 'Heather.' at 555 (1.00) - which fixes this presiding voice as Heather Whitney and NOT Whitney Skillen, the other sitting member whose first name is Whitney and who is a separate cluster (Speaker 7) in this same recording. She gives every recognition ('Miss Gillen' 84, 196, 580; 'Arlene' 72, 141, 188, 431; 'Candy' 173; 'Miss Crawford' 195, 665, 684; 'Mister patron' 309, 401, 582, 691; 'And Frank' 235; 'Frank Sprague as the chair' 668; 'Miss Hawkins' 609), runs the consent agenda, the nonpublic votes and the adjournment (701). This cluster repeatedly absorbs the onset of the member she is recognising (84 'Miss Gillen.' + Skillen's first words; 72 + Hawkins's first words; 6, 208, 211 + other members' roll answers) and swallows a handful of neighbouring voices; the ones that can be tied to another speaker are reassigned by override",Okay. So I think that we need to.,Speaker 1
1:20:30.28,1:20:31.28,4830.28,4831.28,Frank Sprague,"VICE CHAIR, Claremont School Board; CHAIR of the Finance Committee - the same voice the diarizer also files as Speaker 5. The chair opens the finance report with 'Finance subcommittee. That's Frank Sprague as the chair' (668, both words 1.00) with a 0.08 s gap into 669, and this cluster then carries the whole finance report (669-672): the RSA and Department of Revenue Administration deadlines, the September hiring-status and budget-timeline meeting, and the committee's next meeting on September 18th, 10 to 11",Try to read the whole thing.,Speaker 13
1:20:31.32,1:20:40.80,4831.32,4840.80,Heather Whitney,"CHAIR, Claremont School Board (chair since 4/5/2023, re-elected chair 3/20/2024). She opens the meeting in her own voice at 0 ('I would like to call to order the August 21st, 2024 meeting of the Claremont School Board'), notes the clerk is absent and takes the roll herself at 4-6 ('In the absence of our secretary [or] Clark'), and reads her own name LAST in both roll calls (6; 215 'And Heather Whitney', both words confidence 1.00). Whitney Skillen names her in the third person at 532 ('I think what Heather is asking is...', 'Heather' 1.00) and Bonnie Miles addresses her as 'Heather.' at 555 (1.00) - which fixes this presiding voice as Heather Whitney and NOT Whitney Skillen, the other sitting member whose first name is Whitney and who is a separate cluster (Speaker 7) in this same recording. She gives every recognition ('Miss Gillen' 84, 196, 580; 'Arlene' 72, 141, 188, 431; 'Candy' 173; 'Miss Crawford' 195, 665, 684; 'Mister patron' 309, 401, 582, 691; 'And Frank' 235; 'Frank Sprague as the chair' 668; 'Miss Hawkins' 609), runs the consent agenda, the nonpublic votes and the adjournment (701). This cluster repeatedly absorbs the onset of the member she is recognising (84 'Miss Gillen.' + Skillen's first words; 72 + Hawkins's first words; 6, 208, 211 + other members' roll answers) and swallows a handful of neighbouring voices; the ones that can be tied to another speaker are reassigned by override",What about the region ten agreement? Is this something that we can move to September 2nd or is it something we. Is it informational only or is it something we have to make a decision?,Speaker 1
1:20:40.84,1:20:46.76,4840.84,4846.76,Chris Pratt,"SUPERINTENDENT OF SCHOOLS, SAU 6 / Claremont School District. The chair puts the staff-nomination motion as 'approving the list of nominations as presented by doctor, Doctor Pratt. Mr. Pratt' (280, both 1.00) immediately after this voice's exchange, and names him three more times as the person who will bring the revised job description (558, 561, 563, 688 - all 1.00). He delivers the superintendent's report (8-41), calls it 'the superintendents report that I sent you' (8), hands off to 'Mr. O'Hearn' (219) and to 'Michael' for the AI/PD questions (31), and apologises to the board in the first person for hiring before the board approved the position (588-589). Bonnie Miles says at 568 'Mr. Pratt was an interim superintendent before you became the superintendent' and Michael Petrin at 538 'We have superintendent Chris was the acting superintendent because someone left mid-term' - both addressed to this voice, and the word 'interim' is never applied to him in the present tense anywhere in the file. Bonnie Miles and Arlene Hawkins both address him as 'Chris' (500, 502, 616; 1.00). ASR also renders him 'Mr. Pride' (610, 1.00)","I think I mean, yeah, I think we can wait. With everything going on, we can wait till the next one. It's there's really no changes except for the dates.",Speaker 3
1:20:46.84,1:20:49.96,4846.84,4849.96,Frank Sprague,"VICE CHAIR, Claremont School Board; CHAIR of the Finance Committee - the same voice the diarizer also files as Speaker 5. The chair opens the finance report with 'Finance subcommittee. That's Frank Sprague as the chair' (668, both words 1.00) with a 0.08 s gap into 669, and this cluster then carries the whole finance report (669-672): the RSA and Department of Revenue Administration deadlines, the September hiring-status and budget-timeline meeting, and the committee's next meeting on September 18th, 10 to 11",Okay. When does it have to be approved by.,Speaker 13
1:20:50.04,1:20:51.32,4850.04,4851.32,Bonnie Miles,"Claremont School Board member. CHAIR'S RECOGNITIONS straight into this voice: 'Sorry, Mr. Peter and then miss Miles' (303, 'Miles' 0.96) and 'Who's next, miss Miles?' (312, 'Miles' 1.00) -> 313, which opens her long run of questions on the assistant tech-centre director; Candace Crawford answers her by name at 408 ('I think Bonnie', 0.98) while this voice is speaking at 406-413. She is the member who asks whether the board may approve a position that has already been filled (322-332), who proposes the word 'acting' (335, 469) and who moves the amendment adopted that night (533). CAUTION - THIS CLUSTER MERGES TWO WOMEN: Speaker 6 carries both Bonnie Miles and Arlene Hawkins. Rows keep Miles by default; every stretch that a chair recognition or a colleague's direct address ties to Hawkins is reassigned by override. Short interjections that fall between the anchored runs cannot be separated acoustically and could belong to either member",This was just a discussion.,Speaker 6
1:20:51.36,1:20:52.08,4851.36,4852.08,Chris Pratt,"SUPERINTENDENT OF SCHOOLS, SAU 6 / Claremont School District. The chair puts the staff-nomination motion as 'approving the list of nominations as presented by doctor, Doctor Pratt. Mr. Pratt' (280, both 1.00) immediately after this voice's exchange, and names him three more times as the person who will bring the revised job description (558, 561, 563, 688 - all 1.00). He delivers the superintendent's report (8-41), calls it 'the superintendents report that I sent you' (8), hands off to 'Mr. O'Hearn' (219) and to 'Michael' for the AI/PD questions (31), and apologises to the board in the first person for hiring before the board approved the position (588-589). Bonnie Miles says at 568 'Mr. Pratt was an interim superintendent before you became the superintendent' and Michael Petrin at 538 'We have superintendent Chris was the acting superintendent because someone left mid-term' - both addressed to this voice, and the word 'interim' is never applied to him in the present tense anywhere in the file. Bonnie Miles and Arlene Hawkins both address him as 'Chris' (500, 502, 616; 1.00). ASR also renders him 'Mr. Pride' (610, 1.00)",I'm going to touch base.,Speaker 3
1:20:52.32,1:20:54.60,4852.32,4854.60,Candace Crawford,"Claremont School Board member (appointed 7/19/2023, re-elected March 2024); reports for the Capital Improvement Committee and the SRVRTC visioning committee. CHAIR'S RECOGNITIONS straight into this voice: 'Yes. Candy.' (173, 1.00) -> 174 'Do I make [a motion]'; 'Any Crawford seconds' (200, 0.86) right after 199; 'the motion, as stated by Miss Crawford' (195, 1.00) closing the Girls on the Run vote she moved at 183; 'And Candace and then, Mr. Patron' (373) -> 374; 'we're going to start with the Capital Improvement Subcommittee. And that would be Miss Crawford' (665, 1.00) -> 666; 'And Miss Crawford, you're up again' (684, 1.00) -> 685. She addresses Bonnie Miles by name at 408 ('I think Bonnie', 0.98), which is what separates Miles from Arlene Hawkins inside Speaker 6",There was only discussion for tonight.,Speaker 4
1:20:54.68,1:20:59.52,4854.68,4859.52,Chris Pratt,"SUPERINTENDENT OF SCHOOLS, SAU 6 / Claremont School District. The chair puts the staff-nomination motion as 'approving the list of nominations as presented by doctor, Doctor Pratt. Mr. Pratt' (280, both 1.00) immediately after this voice's exchange, and names him three more times as the person who will bring the revised job description (558, 561, 563, 688 - all 1.00). He delivers the superintendent's report (8-41), calls it 'the superintendents report that I sent you' (8), hands off to 'Mr. O'Hearn' (219) and to 'Michael' for the AI/PD questions (31), and apologises to the board in the first person for hiring before the board approved the position (588-589). Bonnie Miles says at 568 'Mr. Pratt was an interim superintendent before you became the superintendent' and Michael Petrin at 538 'We have superintendent Chris was the acting superintendent because someone left mid-term' - both addressed to this voice, and the word 'interim' is never applied to him in the present tense anywhere in the file. Bonnie Miles and Arlene Hawkins both address him as 'Chris' (500, 502, 616; 1.00). ASR also renders him 'Mr. Pride' (610, 1.00)",Touch base with our renewed. I think just the other district still has to sign it too.,Speaker 3
1:20:59.56,1:21:02.68,4859.56,4862.68,Heather Whitney,"CHAIR, Claremont School Board (chair since 4/5/2023, re-elected chair 3/20/2024). She opens the meeting in her own voice at 0 ('I would like to call to order the August 21st, 2024 meeting of the Claremont School Board'), notes the clerk is absent and takes the roll herself at 4-6 ('In the absence of our secretary [or] Clark'), and reads her own name LAST in both roll calls (6; 215 'And Heather Whitney', both words confidence 1.00). Whitney Skillen names her in the third person at 532 ('I think what Heather is asking is...', 'Heather' 1.00) and Bonnie Miles addresses her as 'Heather.' at 555 (1.00) - which fixes this presiding voice as Heather Whitney and NOT Whitney Skillen, the other sitting member whose first name is Whitney and who is a separate cluster (Speaker 7) in this same recording. She gives every recognition ('Miss Gillen' 84, 196, 580; 'Arlene' 72, 141, 188, 431; 'Candy' 173; 'Miss Crawford' 195, 665, 684; 'Mister patron' 309, 401, 582, 691; 'And Frank' 235; 'Frank Sprague as the chair' 668; 'Miss Hawkins' 609), runs the consent agenda, the nonpublic votes and the adjournment (701). This cluster repeatedly absorbs the onset of the member she is recognising (84 'Miss Gillen.' + Skillen's first words; 72 + Hawkins's first words; 6, 208, 211 + other members' roll answers) and swallows a handful of neighbouring voices; the ones that can be tied to another speaker are reassigned by override",So yeah. So we can move that to September 4th. Okay.,Speaker 1
1:21:02.72,1:21:04.68,4862.72,4864.68,Chris Pratt,"SUPERINTENDENT OF SCHOOLS, SAU 6 / Claremont School District. The chair puts the staff-nomination motion as 'approving the list of nominations as presented by doctor, Doctor Pratt. Mr. Pratt' (280, both 1.00) immediately after this voice's exchange, and names him three more times as the person who will bring the revised job description (558, 561, 563, 688 - all 1.00). He delivers the superintendent's report (8-41), calls it 'the superintendents report that I sent you' (8), hands off to 'Mr. O'Hearn' (219) and to 'Michael' for the AI/PD questions (31), and apologises to the board in the first person for hiring before the board approved the position (588-589). Bonnie Miles says at 568 'Mr. Pratt was an interim superintendent before you became the superintendent' and Michael Petrin at 538 'We have superintendent Chris was the acting superintendent because someone left mid-term' - both addressed to this voice, and the word 'interim' is never applied to him in the present tense anywhere in the file. Bonnie Miles and Arlene Hawkins both address him as 'Chris' (500, 502, 616; 1.00). ASR also renders him 'Mr. Pride' (610, 1.00)",Put a screeching halt to anything like that.,Speaker 3
1:21:04.72,1:21:16.70,4864.72,4876.70,Heather Whitney,"CHAIR, Claremont School Board (chair since 4/5/2023, re-elected chair 3/20/2024). She opens the meeting in her own voice at 0 ('I would like to call to order the August 21st, 2024 meeting of the Claremont School Board'), notes the clerk is absent and takes the roll herself at 4-6 ('In the absence of our secretary [or] Clark'), and reads her own name LAST in both roll calls (6; 215 'And Heather Whitney', both words confidence 1.00). Whitney Skillen names her in the third person at 532 ('I think what Heather is asking is...', 'Heather' 1.00) and Bonnie Miles addresses her as 'Heather.' at 555 (1.00) - which fixes this presiding voice as Heather Whitney and NOT Whitney Skillen, the other sitting member whose first name is Whitney and who is a separate cluster (Speaker 7) in this same recording. She gives every recognition ('Miss Gillen' 84, 196, 580; 'Arlene' 72, 141, 188, 431; 'Candy' 173; 'Miss Crawford' 195, 665, 684; 'Mister patron' 309, 401, 582, 691; 'And Frank' 235; 'Frank Sprague as the chair' 668; 'Miss Hawkins' 609), runs the consent agenda, the nonpublic votes and the adjournment (701). This cluster repeatedly absorbs the onset of the member she is recognising (84 'Miss Gillen.' + Skillen's first words; 72 + Hawkins's first words; 6, 208, 211 + other members' roll answers) and swallows a handful of neighbouring voices; the ones that can be tied to another speaker are reassigned by override","All right. I think what we may end up doing, given time constraints, is cherry picking which subcommittee, improvements we're going to talk about in cadence. And so we'll get to that point.",Speaker 1
1:21:16.76,1:21:21.64,4876.76,4881.64,Frank Sprague,"VICE CHAIR, Claremont School Board; CHAIR of the Finance Committee - the same voice the diarizer also files as Speaker 5. The chair opens the finance report with 'Finance subcommittee. That's Frank Sprague as the chair' (668, both words 1.00) with a 0.08 s gap into 669, and this cluster then carries the whole finance report (669-672): the RSA and Department of Revenue Administration deadlines, the September hiring-status and budget-timeline meeting, and the committee's next meeting on September 18th, 10 to 11","But yeah, I just want to just I actually just want to remember for. Okay.",Speaker 13
1:21:21.72,1:21:26.56,4881.72,4886.56,Heather Whitney,"CHAIR, Claremont School Board (chair since 4/5/2023, re-elected chair 3/20/2024). She opens the meeting in her own voice at 0 ('I would like to call to order the August 21st, 2024 meeting of the Claremont School Board'), notes the clerk is absent and takes the roll herself at 4-6 ('In the absence of our secretary [or] Clark'), and reads her own name LAST in both roll calls (6; 215 'And Heather Whitney', both words confidence 1.00). Whitney Skillen names her in the third person at 532 ('I think what Heather is asking is...', 'Heather' 1.00) and Bonnie Miles addresses her as 'Heather.' at 555 (1.00) - which fixes this presiding voice as Heather Whitney and NOT Whitney Skillen, the other sitting member whose first name is Whitney and who is a separate cluster (Speaker 7) in this same recording. She gives every recognition ('Miss Gillen' 84, 196, 580; 'Arlene' 72, 141, 188, 431; 'Candy' 173; 'Miss Crawford' 195, 665, 684; 'Mister patron' 309, 401, 582, 691; 'And Frank' 235; 'Frank Sprague as the chair' 668; 'Miss Hawkins' 609), runs the consent agenda, the nonpublic votes and the adjournment (701). This cluster repeatedly absorbs the onset of the member she is recognising (84 'Miss Gillen.' + Skillen's first words; 72 + Hawkins's first words; 6, 208, 211 + other members' roll answers) and swallows a handful of neighbouring voices; the ones that can be tied to another speaker are reassigned by override",So we'll just quickly move to I know that Miss Hawkins has a something of.,Speaker 1
1:21:26.60,1:21:43.72,4886.60,4903.72,Arlene Hawkins,"Claremont School Board member and SAU 6 board chair - the chair hands her the item at 609 ('I know that Miss Hawkins has a something of', 'Hawkins' 1.00) and this voice answers 'I do.' She reports meeting that afternoon with 'Mr. Pride [Pratt] and myself and Chelsea' and wants the document ready for the SAU 6 meeting on 12 September","I do. And if I can just say you guys got a very late copy today. We were able to meet this afternoon, Mr. Pride and myself and Chelsea. So if we want to postpone this until the September 4th meeting, I would like to have it ready for the Saw meeting on the 12th of September.",Speaker 6
1:21:43.80,1:21:44.48,4903.80,4904.48,Heather Whitney,"CHAIR, Claremont School Board (chair since 4/5/2023, re-elected chair 3/20/2024). She opens the meeting in her own voice at 0 ('I would like to call to order the August 21st, 2024 meeting of the Claremont School Board'), notes the clerk is absent and takes the roll herself at 4-6 ('In the absence of our secretary [or] Clark'), and reads her own name LAST in both roll calls (6; 215 'And Heather Whitney', both words confidence 1.00). Whitney Skillen names her in the third person at 532 ('I think what Heather is asking is...', 'Heather' 1.00) and Bonnie Miles addresses her as 'Heather.' at 555 (1.00) - which fixes this presiding voice as Heather Whitney and NOT Whitney Skillen, the other sitting member whose first name is Whitney and who is a separate cluster (Speaker 7) in this same recording. She gives every recognition ('Miss Gillen' 84, 196, 580; 'Arlene' 72, 141, 188, 431; 'Candy' 173; 'Miss Crawford' 195, 665, 684; 'Mister patron' 309, 401, 582, 691; 'And Frank' 235; 'Frank Sprague as the chair' 668; 'Miss Hawkins' 609), runs the consent agenda, the nonpublic votes and the adjournment (701). This cluster repeatedly absorbs the onset of the member she is recognising (84 'Miss Gillen.' + Skillen's first words; 72 + Hawkins's first words; 6, 208, 211 + other members' roll answers) and swallows a handful of neighbouring voices; the ones that can be tied to another speaker are reassigned by override",So you would.,Speaker 1
1:21:44.48,1:21:44.92,4904.48,4904.92,Arlene Hawkins,"Claremont School Board member and SAU 6 board chair - the chair hands her the item at 609 ('I know that Miss Hawkins has a something of', 'Hawkins' 1.00) and this voice answers 'I do.' She reports meeting that afternoon with 'Mr. Pride [Pratt] and myself and Chelsea' and wants the document ready for the SAU 6 meeting on 12 September",Like this?,Speaker 6
1:21:44.92,1:21:46.88,4904.92,4906.88,Heather Whitney,"CHAIR, Claremont School Board (chair since 4/5/2023, re-elected chair 3/20/2024). She opens the meeting in her own voice at 0 ('I would like to call to order the August 21st, 2024 meeting of the Claremont School Board'), notes the clerk is absent and takes the roll herself at 4-6 ('In the absence of our secretary [or] Clark'), and reads her own name LAST in both roll calls (6; 215 'And Heather Whitney', both words confidence 1.00). Whitney Skillen names her in the third person at 532 ('I think what Heather is asking is...', 'Heather' 1.00) and Bonnie Miles addresses her as 'Heather.' at 555 (1.00) - which fixes this presiding voice as Heather Whitney and NOT Whitney Skillen, the other sitting member whose first name is Whitney and who is a separate cluster (Speaker 7) in this same recording. She gives every recognition ('Miss Gillen' 84, 196, 580; 'Arlene' 72, 141, 188, 431; 'Candy' 173; 'Miss Crawford' 195, 665, 684; 'Mister patron' 309, 401, 582, 691; 'And Frank' 235; 'Frank Sprague as the chair' 668; 'Miss Hawkins' 609), runs the consent agenda, the nonpublic votes and the adjournment (701). This cluster repeatedly absorbs the onset of the member she is recognising (84 'Miss Gillen.' + Skillen's first words; 72 + Hawkins's first words; 6, 208, 211 + other members' roll answers) and swallows a handful of neighbouring voices; the ones that can be tied to another speaker are reassigned by override","Oh, this moved to September 4th as well?",Speaker 1
1:21:46.92,1:21:56.04,4906.92,4916.04,Arlene Hawkins,"Claremont School Board member and SAU 6 board chair - the chair hands her the item at 609 ('I know that Miss Hawkins has a something of', 'Hawkins' 1.00) and this voice answers 'I do.' She reports meeting that afternoon with 'Mr. Pride [Pratt] and myself and Chelsea' and wants the document ready for the SAU 6 meeting on 12 September","Well, it can be. What's the pleasure of the board? I mean, you just got a packet tonight. Today to move, I mean to read. I'm not asking for a motion, but just. Right.",Speaker 6
1:21:56.12,1:21:57.36,4916.12,4917.36,Candace Crawford,"Claremont School Board member (appointed 7/19/2023, re-elected March 2024); reports for the Capital Improvement Committee and the SRVRTC visioning committee. CHAIR'S RECOGNITIONS straight into this voice: 'Yes. Candy.' (173, 1.00) -> 174 'Do I make [a motion]'; 'Any Crawford seconds' (200, 0.86) right after 199; 'the motion, as stated by Miss Crawford' (195, 1.00) closing the Girls on the Run vote she moved at 183; 'And Candace and then, Mr. Patron' (373) -> 374; 'we're going to start with the Capital Improvement Subcommittee. And that would be Miss Crawford' (665, 1.00) -> 666; 'And Miss Crawford, you're up again' (684, 1.00) -> 685. She addresses Bonnie Miles by name at 408 ('I think Bonnie', 0.98), which is what separates Miles from Arlene Hawkins inside Speaker 6",Let's move it.,Speaker 4
1:21:57.44,1:21:58.22,4917.44,4918.22,Arlene Hawkins,"Claremont School Board member and SAU 6 board chair - the chair hands her the item at 609 ('I know that Miss Hawkins has a something of', 'Hawkins' 1.00) and this voice answers 'I do.' She reports meeting that afternoon with 'Mr. Pride [Pratt] and myself and Chelsea' and wants the document ready for the SAU 6 meeting on 12 September","Chris, what do you think?",Speaker 6
1:21:58.24,1:21:59.12,4918.24,4919.12,Heather Whitney,"CHAIR, Claremont School Board (chair since 4/5/2023, re-elected chair 3/20/2024). She opens the meeting in her own voice at 0 ('I would like to call to order the August 21st, 2024 meeting of the Claremont School Board'), notes the clerk is absent and takes the roll herself at 4-6 ('In the absence of our secretary [or] Clark'), and reads her own name LAST in both roll calls (6; 215 'And Heather Whitney', both words confidence 1.00). Whitney Skillen names her in the third person at 532 ('I think what Heather is asking is...', 'Heather' 1.00) and Bonnie Miles addresses her as 'Heather.' at 555 (1.00) - which fixes this presiding voice as Heather Whitney and NOT Whitney Skillen, the other sitting member whose first name is Whitney and who is a separate cluster (Speaker 7) in this same recording. She gives every recognition ('Miss Gillen' 84, 196, 580; 'Arlene' 72, 141, 188, 431; 'Candy' 173; 'Miss Crawford' 195, 665, 684; 'Mister patron' 309, 401, 582, 691; 'And Frank' 235; 'Frank Sprague as the chair' 668; 'Miss Hawkins' 609), runs the consent agenda, the nonpublic votes and the adjournment (701). This cluster repeatedly absorbs the onset of the member she is recognising (84 'Miss Gillen.' + Skillen's first words; 72 + Hawkins's first words; 6, 208, 211 + other members' roll answers) and swallows a handful of neighbouring voices; the ones that can be tied to another speaker are reassigned by override","No, I have no problem.",Speaker 1
1:21:59.28,1:21:59.95,4919.28,4919.95,Chris Pratt,"SUPERINTENDENT OF SCHOOLS, SAU 6 / Claremont School District. The chair puts the staff-nomination motion as 'approving the list of nominations as presented by doctor, Doctor Pratt. Mr. Pratt' (280, both 1.00) immediately after this voice's exchange, and names him three more times as the person who will bring the revised job description (558, 561, 563, 688 - all 1.00). He delivers the superintendent's report (8-41), calls it 'the superintendents report that I sent you' (8), hands off to 'Mr. O'Hearn' (219) and to 'Michael' for the AI/PD questions (31), and apologises to the board in the first person for hiring before the board approved the position (588-589). Bonnie Miles says at 568 'Mr. Pratt was an interim superintendent before you became the superintendent' and Michael Petrin at 538 'We have superintendent Chris was the acting superintendent because someone left mid-term' - both addressed to this voice, and the word 'interim' is never applied to him in the present tense anywhere in the file. Bonnie Miles and Arlene Hawkins both address him as 'Chris' (500, 502, 616; 1.00). ASR also renders him 'Mr. Pride' (610, 1.00)",I think we.,Speaker 3
1:22:00.04,1:22:01.00,4920.04,4921.00,Arlene Hawkins,"Claremont School Board member and SAU 6 board chair - the chair hands her the item at 609 ('I know that Miss Hawkins has a something of', 'Hawkins' 1.00) and this voice answers 'I do.' She reports meeting that afternoon with 'Mr. Pride [Pratt] and myself and Chelsea' and wants the document ready for the SAU 6 meeting on 12 September",I think it can wait.,Speaker 6
1:22:01.04,1:22:02.00,4921.04,4922.00,Frank Sprague,"VICE CHAIR, Claremont School Board; CHAIR of the Finance Committee - the same voice the diarizer also files as Speaker 5. The chair opens the finance report with 'Finance subcommittee. That's Frank Sprague as the chair' (668, both words 1.00) with a 0.08 s gap into 669, and this cluster then carries the whole finance report (669-672): the RSA and Department of Revenue Administration deadlines, the September hiring-status and budget-timeline meeting, and the committee's next meeting on September 18th, 10 to 11","Oh, okay.",Speaker 13
1:22:02.08,1:22:05.52,4922.08,4925.52,Chris Pratt,"SUPERINTENDENT OF SCHOOLS, SAU 6 / Claremont School District. The chair puts the staff-nomination motion as 'approving the list of nominations as presented by doctor, Doctor Pratt. Mr. Pratt' (280, both 1.00) immediately after this voice's exchange, and names him three more times as the person who will bring the revised job description (558, 561, 563, 688 - all 1.00). He delivers the superintendent's report (8-41), calls it 'the superintendents report that I sent you' (8), hands off to 'Mr. O'Hearn' (219) and to 'Michael' for the AI/PD questions (31), and apologises to the board in the first person for hiring before the board approved the position (588-589). Bonnie Miles says at 568 'Mr. Pratt was an interim superintendent before you became the superintendent' and Michael Petrin at 538 'We have superintendent Chris was the acting superintendent because someone left mid-term' - both addressed to this voice, and the word 'interim' is never applied to him in the present tense anywhere in the file. Bonnie Miles and Arlene Hawkins both address him as 'Chris' (500, 502, 616; 1.00). ASR also renders him 'Mr. Pride' (610, 1.00)","You know, we might think, you know, I say we could add more to it if we wanted to.",Speaker 3
1:22:05.56,1:22:07.48,4925.56,4927.48,Arlene Hawkins,"Claremont School Board member and SAU 6 board chair - the chair hands her the item at 609 ('I know that Miss Hawkins has a something of', 'Hawkins' 1.00) and this voice answers 'I do.' She reports meeting that afternoon with 'Mr. Pride [Pratt] and myself and Chelsea' and wants the document ready for the SAU 6 meeting on 12 September",And we have plenty.,Speaker 6
1:22:07.48,1:22:09.20,4927.48,4929.20,Arlene Hawkins,"Claremont School Board member - the middle of her own sentence, 622 + 623 + 624: 'And we have plenty / of people. The information about / and people can read it'",Of people. The information about.,Speaker 1
1:22:09.24,1:22:17.76,4929.24,4937.76,Arlene Hawkins,"Claremont School Board member and SAU 6 board chair - the chair hands her the item at 609 ('I know that Miss Hawkins has a something of', 'Hawkins' 1.00) and this voice answers 'I do.' She reports meeting that afternoon with 'Mr. Pride [Pratt] and myself and Chelsea' and wants the document ready for the SAU 6 meeting on 12 September",And people can read it and any questions feedback okay. So that's for the fourth okay.,Speaker 6
1:22:17.84,1:22:44.12,4937.84,4964.12,Heather Whitney,"CHAIR, Claremont School Board (chair since 4/5/2023, re-elected chair 3/20/2024). She opens the meeting in her own voice at 0 ('I would like to call to order the August 21st, 2024 meeting of the Claremont School Board'), notes the clerk is absent and takes the roll herself at 4-6 ('In the absence of our secretary [or] Clark'), and reads her own name LAST in both roll calls (6; 215 'And Heather Whitney', both words confidence 1.00). Whitney Skillen names her in the third person at 532 ('I think what Heather is asking is...', 'Heather' 1.00) and Bonnie Miles addresses her as 'Heather.' at 555 (1.00) - which fixes this presiding voice as Heather Whitney and NOT Whitney Skillen, the other sitting member whose first name is Whitney and who is a separate cluster (Speaker 7) in this same recording. She gives every recognition ('Miss Gillen' 84, 196, 580; 'Arlene' 72, 141, 188, 431; 'Candy' 173; 'Miss Crawford' 195, 665, 684; 'Mister patron' 309, 401, 582, 691; 'And Frank' 235; 'Frank Sprague as the chair' 668; 'Miss Hawkins' 609), runs the consent agenda, the nonpublic votes and the adjournment (701). This cluster repeatedly absorbs the onset of the member she is recognising (84 'Miss Gillen.' + Skillen's first words; 72 + Hawkins's first words; 6, 208, 211 + other members' roll answers) and swallows a handful of neighbouring voices; the ones that can be tied to another speaker are reassigned by override","Yep. We can do seven.  So I think what we're going to do tonight to kind of keep within our time frame is do number seven,  number eight, which will include, portions of number nine, which is subcommittee discussions. So  for item number seven, I met with Chelsea a few weeks back and we looked at competing dates.",Speaker 1
1:22:44.12,1:23:23.64,4964.12,5003.64,Heather Whitney,"CHAIR, Claremont School Board (chair since 4/5/2023, re-elected chair 3/20/2024). She opens the meeting in her own voice at 0 ('I would like to call to order the August 21st, 2024 meeting of the Claremont School Board'), notes the clerk is absent and takes the roll herself at 4-6 ('In the absence of our secretary [or] Clark'), and reads her own name LAST in both roll calls (6; 215 'And Heather Whitney', both words confidence 1.00). Whitney Skillen names her in the third person at 532 ('I think what Heather is asking is...', 'Heather' 1.00) and Bonnie Miles addresses her as 'Heather.' at 555 (1.00) - which fixes this presiding voice as Heather Whitney and NOT Whitney Skillen, the other sitting member whose first name is Whitney and who is a separate cluster (Speaker 7) in this same recording. She gives every recognition ('Miss Gillen' 84, 196, 580; 'Arlene' 72, 141, 188, 431; 'Candy' 173; 'Miss Crawford' 195, 665, 684; 'Mister patron' 309, 401, 582, 691; 'And Frank' 235; 'Frank Sprague as the chair' 668; 'Miss Hawkins' 609), runs the consent agenda, the nonpublic votes and the adjournment (701). This cluster repeatedly absorbs the onset of the member she is recognising (84 'Miss Gillen.' + Skillen's first words; 72 + Hawkins's first words; 6, 208, 211 + other members' roll answers) and swallows a handful of neighbouring voices; the ones that can be tied to another speaker are reassigned by override","We've over the years had issues with our activities of the school board, buzzsaw into other important activities within the district and in the municipality.  And so one thing that we had was that the  Claremont School Board meeting conflicts every single year with the senior student night board, which is the Wednesday before graduation. So the question before the board is, do we want to permanently change  our date to be two  day for the first week of June?",Speaker 1
1:23:23.72,1:23:25.48,5003.72,5005.48,Heather Whitney,"CHAIR, Claremont School Board (chair since 4/5/2023, re-elected chair 3/20/2024). She opens the meeting in her own voice at 0 ('I would like to call to order the August 21st, 2024 meeting of the Claremont School Board'), notes the clerk is absent and takes the roll herself at 4-6 ('In the absence of our secretary [or] Clark'), and reads her own name LAST in both roll calls (6; 215 'And Heather Whitney', both words confidence 1.00). Whitney Skillen names her in the third person at 532 ('I think what Heather is asking is...', 'Heather' 1.00) and Bonnie Miles addresses her as 'Heather.' at 555 (1.00) - which fixes this presiding voice as Heather Whitney and NOT Whitney Skillen, the other sitting member whose first name is Whitney and who is a separate cluster (Speaker 7) in this same recording. She gives every recognition ('Miss Gillen' 84, 196, 580; 'Arlene' 72, 141, 188, 431; 'Candy' 173; 'Miss Crawford' 195, 665, 684; 'Mister patron' 309, 401, 582, 691; 'And Frank' 235; 'Frank Sprague as the chair' 668; 'Miss Hawkins' 609), runs the consent agenda, the nonpublic votes and the adjournment (701). This cluster repeatedly absorbs the onset of the member she is recognising (84 'Miss Gillen.' + Skillen's first words; 72 + Hawkins's first words; 6, 208, 211 + other members' roll answers) and swallows a handful of neighbouring voices; the ones that can be tied to another speaker are reassigned by override",That way we will not conflict.,Speaker 1
1:23:25.52,1:23:33.52,5005.52,5013.52,Candace Crawford,"Claremont School Board member (appointed 7/19/2023, re-elected March 2024); reports for the Capital Improvement Committee and the SRVRTC visioning committee. CHAIR'S RECOGNITIONS straight into this voice: 'Yes. Candy.' (173, 1.00) -> 174 'Do I make [a motion]'; 'Any Crawford seconds' (200, 0.86) right after 199; 'the motion, as stated by Miss Crawford' (195, 1.00) closing the Girls on the Run vote she moved at 183; 'And Candace and then, Mr. Patron' (373) -> 374; 'we're going to start with the Capital Improvement Subcommittee. And that would be Miss Crawford' (665, 1.00) -> 666; 'And Miss Crawford, you're up again' (684, 1.00) -> 685. She addresses Bonnie Miles by name at 408 ('I think Bonnie', 0.98), which is what separates Miles from Arlene Hawkins inside Speaker 6","What if we go into that second week because. Because that first week is graduation week, and administration has all kinds of stuff going on.",Speaker 4
1:23:33.52,1:23:40.24,5013.52,5020.24,Heather Whitney,"CHAIR, Claremont School Board (chair since 4/5/2023, re-elected chair 3/20/2024). She opens the meeting in her own voice at 0 ('I would like to call to order the August 21st, 2024 meeting of the Claremont School Board'), notes the clerk is absent and takes the roll herself at 4-6 ('In the absence of our secretary [or] Clark'), and reads her own name LAST in both roll calls (6; 215 'And Heather Whitney', both words confidence 1.00). Whitney Skillen names her in the third person at 532 ('I think what Heather is asking is...', 'Heather' 1.00) and Bonnie Miles addresses her as 'Heather.' at 555 (1.00) - which fixes this presiding voice as Heather Whitney and NOT Whitney Skillen, the other sitting member whose first name is Whitney and who is a separate cluster (Speaker 7) in this same recording. She gives every recognition ('Miss Gillen' 84, 196, 580; 'Arlene' 72, 141, 188, 431; 'Candy' 173; 'Miss Crawford' 195, 665, 684; 'Mister patron' 309, 401, 582, 691; 'And Frank' 235; 'Frank Sprague as the chair' 668; 'Miss Hawkins' 609), runs the consent agenda, the nonpublic votes and the adjournment (701). This cluster repeatedly absorbs the onset of the member she is recognising (84 'Miss Gillen.' + Skillen's first words; 72 + Hawkins's first words; 6, 208, 211 + other members' roll answers) and swallows a handful of neighbouring voices; the ones that can be tied to another speaker are reassigned by override","I mean, the reason why we can't go to the second week is it's in conflict with the city council.",Speaker 1
1:23:40.32,1:23:44.20,5020.32,5024.20,Candace Crawford,"Claremont School Board member (appointed 7/19/2023, re-elected March 2024); reports for the Capital Improvement Committee and the SRVRTC visioning committee. CHAIR'S RECOGNITIONS straight into this voice: 'Yes. Candy.' (173, 1.00) -> 174 'Do I make [a motion]'; 'Any Crawford seconds' (200, 0.86) right after 199; 'the motion, as stated by Miss Crawford' (195, 1.00) closing the Girls on the Run vote she moved at 183; 'And Candace and then, Mr. Patron' (373) -> 374; 'we're going to start with the Capital Improvement Subcommittee. And that would be Miss Crawford' (665, 1.00) -> 666; 'And Miss Crawford, you're up again' (684, 1.00) -> 685. She addresses Bonnie Miles by name at 408 ('I think Bonnie', 0.98), which is what separates Miles from Arlene Hawkins inside Speaker 6","So the second week, Tuesday.",Speaker 4
1:23:44.28,1:23:45.76,5024.28,5025.76,Heather Whitney,"CHAIR, Claremont School Board (chair since 4/5/2023, re-elected chair 3/20/2024). She opens the meeting in her own voice at 0 ('I would like to call to order the August 21st, 2024 meeting of the Claremont School Board'), notes the clerk is absent and takes the roll herself at 4-6 ('In the absence of our secretary [or] Clark'), and reads her own name LAST in both roll calls (6; 215 'And Heather Whitney', both words confidence 1.00). Whitney Skillen names her in the third person at 532 ('I think what Heather is asking is...', 'Heather' 1.00) and Bonnie Miles addresses her as 'Heather.' at 555 (1.00) - which fixes this presiding voice as Heather Whitney and NOT Whitney Skillen, the other sitting member whose first name is Whitney and who is a separate cluster (Speaker 7) in this same recording. She gives every recognition ('Miss Gillen' 84, 196, 580; 'Arlene' 72, 141, 188, 431; 'Candy' 173; 'Miss Crawford' 195, 665, 684; 'Mister patron' 309, 401, 582, 691; 'And Frank' 235; 'Frank Sprague as the chair' 668; 'Miss Hawkins' 609), runs the consent agenda, the nonpublic votes and the adjournment (701). This cluster repeatedly absorbs the onset of the member she is recognising (84 'Miss Gillen.' + Skillen's first words; 72 + Hawkins's first words; 6, 208, 211 + other members' roll answers) and swallows a handful of neighbouring voices; the ones that can be tied to another speaker are reassigned by override",We can do second week Tuesday if.,Speaker 1
1:23:45.76,1:23:47.76,5025.76,5027.76,Bonnie Miles,"Claremont School Board member. CHAIR'S RECOGNITIONS straight into this voice: 'Sorry, Mr. Peter and then miss Miles' (303, 'Miles' 0.96) and 'Who's next, miss Miles?' (312, 'Miles' 1.00) -> 313, which opens her long run of questions on the assistant tech-centre director; Candace Crawford answers her by name at 408 ('I think Bonnie', 0.98) while this voice is speaking at 406-413. She is the member who asks whether the board may approve a position that has already been filled (322-332), who proposes the word 'acting' (335, 469) and who moves the amendment adopted that night (533). CAUTION - THIS CLUSTER MERGES TWO WOMEN: Speaker 6 carries both Bonnie Miles and Arlene Hawkins. Rows keep Miles by default; every stretch that a chair recognition or a colleague's direct address ties to Hawkins is reassigned by override. Short interjections that fall between the anchored runs cannot be separated acoustically and could belong to either member","You want, in conflict with unity and.",Speaker 6
1:23:47.84,1:23:48.76,5027.84,5028.76,Heather Whitney,"CHAIR, Claremont School Board (chair since 4/5/2023, re-elected chair 3/20/2024). She opens the meeting in her own voice at 0 ('I would like to call to order the August 21st, 2024 meeting of the Claremont School Board'), notes the clerk is absent and takes the roll herself at 4-6 ('In the absence of our secretary [or] Clark'), and reads her own name LAST in both roll calls (6; 215 'And Heather Whitney', both words confidence 1.00). Whitney Skillen names her in the third person at 532 ('I think what Heather is asking is...', 'Heather' 1.00) and Bonnie Miles addresses her as 'Heather.' at 555 (1.00) - which fixes this presiding voice as Heather Whitney and NOT Whitney Skillen, the other sitting member whose first name is Whitney and who is a separate cluster (Speaker 7) in this same recording. She gives every recognition ('Miss Gillen' 84, 196, 580; 'Arlene' 72, 141, 188, 431; 'Candy' 173; 'Miss Crawford' 195, 665, 684; 'Mister patron' 309, 401, 582, 691; 'And Frank' 235; 'Frank Sprague as the chair' 668; 'Miss Hawkins' 609), runs the consent agenda, the nonpublic votes and the adjournment (701). This cluster repeatedly absorbs the onset of the member she is recognising (84 'Miss Gillen.' + Skillen's first words; 72 + Hawkins's first words; 6, 208, 211 + other members' roll answers) and swallows a handful of neighbouring voices; the ones that can be tied to another speaker are reassigned by override",Conflict.,Speaker 1
1:23:48.84,1:23:52.72,5028.84,5032.72,Frank Sprague,"VICE CHAIR, Claremont School Board; CHAIR of the Finance Committee - the same voice the diarizer also files as Speaker 5. The chair opens the finance report with 'Finance subcommittee. That's Frank Sprague as the chair' (668, both words 1.00) with a 0.08 s gap into 669, and this cluster then carries the whole finance report (669-672): the RSA and Department of Revenue Administration deadlines, the September hiring-status and budget-timeline meeting, and the committee's next meeting on September 18th, 10 to 11",Because we have three in May know.,Speaker 13
1:23:52.80,1:23:55.92,5032.80,5035.92,Bonnie Miles,"Claremont School Board member. CHAIR'S RECOGNITIONS straight into this voice: 'Sorry, Mr. Peter and then miss Miles' (303, 'Miles' 0.96) and 'Who's next, miss Miles?' (312, 'Miles' 1.00) -> 313, which opens her long run of questions on the assistant tech-centre director; Candace Crawford answers her by name at 408 ('I think Bonnie', 0.98) while this voice is speaking at 406-413. She is the member who asks whether the board may approve a position that has already been filled (322-332), who proposes the word 'acting' (335, 469) and who moves the amendment adopted that night (533). CAUTION - THIS CLUSTER MERGES TWO WOMEN: Speaker 6 carries both Bonnie Miles and Arlene Hawkins. Rows keep Miles by default; every stretch that a chair recognition or a colleague's direct address ties to Hawkins is reassigned by override. Short interjections that fall between the anchored runs cannot be separated acoustically and could belong to either member",Let's try Thursday.,Speaker 6
1:23:56.00,1:24:00.20,5036.00,5040.20,Bonnie Miles,"Claremont School Board member. CHAIR'S RECOGNITIONS straight into this voice: 'Sorry, Mr. Peter and then miss Miles' (303, 'Miles' 0.96) and 'Who's next, miss Miles?' (312, 'Miles' 1.00) -> 313, which opens her long run of questions on the assistant tech-centre director; Candace Crawford answers her by name at 408 ('I think Bonnie', 0.98) while this voice is speaking at 406-413. She is the member who asks whether the board may approve a position that has already been filled (322-332), who proposes the word 'acting' (335, 469) and who moves the amendment adopted that night (533). CAUTION - THIS CLUSTER MERGES TWO WOMEN: Speaker 6 carries both Bonnie Miles and Arlene Hawkins. Rows keep Miles by default; every stretch that a chair recognition or a colleague's direct address ties to Hawkins is reassigned by override. Short interjections that fall between the anchored runs cannot be separated acoustically and could belong to either member",Can I just another story stay another Thursday. It's one meeting.,Speaker 6
1:24:00.28,1:24:00.92,5040.28,5040.92,Frank Sprague,"VICE CHAIR, Claremont School Board; CHAIR of the Finance Committee - the same voice the diarizer also files as Speaker 5. The chair opens the finance report with 'Finance subcommittee. That's Frank Sprague as the chair' (668, both words 1.00) with a 0.08 s gap into 669, and this cluster then carries the whole finance report (669-672): the RSA and Department of Revenue Administration deadlines, the September hiring-status and budget-timeline meeting, and the committee's next meeting on September 18th, 10 to 11",One in June.,Speaker 13
1:24:01.08,1:24:01.52,5041.08,5041.52,Bonnie Miles,"Claremont School Board member. CHAIR'S RECOGNITIONS straight into this voice: 'Sorry, Mr. Peter and then miss Miles' (303, 'Miles' 0.96) and 'Who's next, miss Miles?' (312, 'Miles' 1.00) -> 313, which opens her long run of questions on the assistant tech-centre director; Candace Crawford answers her by name at 408 ('I think Bonnie', 0.98) while this voice is speaking at 406-413. She is the member who asks whether the board may approve a position that has already been filled (322-332), who proposes the word 'acting' (335, 469) and who moves the amendment adopted that night (533). CAUTION - THIS CLUSTER MERGES TWO WOMEN: Speaker 6 carries both Bonnie Miles and Arlene Hawkins. Rows keep Miles by default; every stretch that a chair recognition or a colleague's direct address ties to Hawkins is reassigned by override. Short interjections that fall between the anchored runs cannot be separated acoustically and could belong to either member",We would.,Speaker 6
1:24:01.52,1:24:03.04,5041.52,5043.04,Heather Whitney,"CHAIR, Claremont School Board (chair since 4/5/2023, re-elected chair 3/20/2024). She opens the meeting in her own voice at 0 ('I would like to call to order the August 21st, 2024 meeting of the Claremont School Board'), notes the clerk is absent and takes the roll herself at 4-6 ('In the absence of our secretary [or] Clark'), and reads her own name LAST in both roll calls (6; 215 'And Heather Whitney', both words confidence 1.00). Whitney Skillen names her in the third person at 532 ('I think what Heather is asking is...', 'Heather' 1.00) and Bonnie Miles addresses her as 'Heather.' at 555 (1.00) - which fixes this presiding voice as Heather Whitney and NOT Whitney Skillen, the other sitting member whose first name is Whitney and who is a separate cluster (Speaker 7) in this same recording. She gives every recognition ('Miss Gillen' 84, 196, 580; 'Arlene' 72, 141, 188, 431; 'Candy' 173; 'Miss Crawford' 195, 665, 684; 'Mister patron' 309, 401, 582, 691; 'And Frank' 235; 'Frank Sprague as the chair' 668; 'Miss Hawkins' 609), runs the consent agenda, the nonpublic votes and the adjournment (701). This cluster repeatedly absorbs the onset of the member she is recognising (84 'Miss Gillen.' + Skillen's first words; 72 + Hawkins's first words; 6, 208, 211 + other members' roll answers) and swallows a handful of neighbouring voices; the ones that can be tied to another speaker are reassigned by override",Just be moving. We've just.,Speaker 1
1:24:03.04,1:24:03.20,5043.04,5043.20,Whitney Skillen,"Claremont School Board member; CHAIR of the Policy subcommittee. CHAIR'S RECOGNITIONS straight into this voice: 'Miss Gillen.' (84, 0.82) -> 85; 'Yes, Miss Gillen.' (196, 0.43) -> 197, her motion to go into nonpublic; 'So the skill[en]' (298) -> 299; 'Miss Kellen.' (531, 0.62) -> 532; 'we can do a roll call, Whitney' (542, 0.94) -> 543; 'No objection, Miss Gillen' (580, 0.48) -> 581; 'Anybody like to make a motion and then miss going [Gillen]' (653) -> 654; and 'Anything from the policy subcommittee?' (677) -> 678, where she reports on her own schedule as policy chair. She refers to the chair in the third person at 532 ('I think what Heather is asking is'), so she is NOT Heather Whitney, who is a separate cluster (Speaker 1) here. The ASR garbles her surname as 'Gillen', 'going', 'Kellen', 'skill', 'Skilling' and - in the chair's 233 - 'still on'",Been.,Speaker 7
1:24:03.20,1:24:03.76,5043.20,5043.76,Bonnie Miles,"Claremont School Board member. CHAIR'S RECOGNITIONS straight into this voice: 'Sorry, Mr. Peter and then miss Miles' (303, 'Miles' 0.96) and 'Who's next, miss Miles?' (312, 'Miles' 1.00) -> 313, which opens her long run of questions on the assistant tech-centre director; Candace Crawford answers her by name at 408 ('I think Bonnie', 0.98) while this voice is speaking at 406-413. She is the member who asks whether the board may approve a position that has already been filled (322-332), who proposes the word 'acting' (335, 469) and who moves the amendment adopted that night (533). CAUTION - THIS CLUSTER MERGES TWO WOMEN: Speaker 6 carries both Bonnie Miles and Arlene Hawkins. Rows keep Miles by default; every stretch that a chair recognition or a colleague's direct address ties to Hawkins is reassigned by override. Short interjections that fall between the anchored runs cannot be separated acoustically and could belong to either member",Moving it.,Speaker 6
1:24:03.76,1:24:04.88,5043.76,5044.88,Candace Crawford,"Claremont School Board member (appointed 7/19/2023, re-elected March 2024); reports for the Capital Improvement Committee and the SRVRTC visioning committee. CHAIR'S RECOGNITIONS straight into this voice: 'Yes. Candy.' (173, 1.00) -> 174 'Do I make [a motion]'; 'Any Crawford seconds' (200, 0.86) right after 199; 'the motion, as stated by Miss Crawford' (195, 1.00) closing the Girls on the Run vote she moved at 183; 'And Candace and then, Mr. Patron' (373) -> 374; 'we're going to start with the Capital Improvement Subcommittee. And that would be Miss Crawford' (665, 1.00) -> 666; 'And Miss Crawford, you're up again' (684, 1.00) -> 685. She addresses Bonnie Miles by name at 408 ('I think Bonnie', 0.98), which is what separates Miles from Arlene Hawkins inside Speaker 6",Yeah that's fine.,Speaker 4
1:24:04.96,1:24:17.80,5044.96,5057.80,Heather Whitney,"CHAIR, Claremont School Board (chair since 4/5/2023, re-elected chair 3/20/2024). She opens the meeting in her own voice at 0 ('I would like to call to order the August 21st, 2024 meeting of the Claremont School Board'), notes the clerk is absent and takes the roll herself at 4-6 ('In the absence of our secretary [or] Clark'), and reads her own name LAST in both roll calls (6; 215 'And Heather Whitney', both words confidence 1.00). Whitney Skillen names her in the third person at 532 ('I think what Heather is asking is...', 'Heather' 1.00) and Bonnie Miles addresses her as 'Heather.' at 555 (1.00) - which fixes this presiding voice as Heather Whitney and NOT Whitney Skillen, the other sitting member whose first name is Whitney and who is a separate cluster (Speaker 7) in this same recording. She gives every recognition ('Miss Gillen' 84, 196, 580; 'Arlene' 72, 141, 188, 431; 'Candy' 173; 'Miss Crawford' 195, 665, 684; 'Mister patron' 309, 401, 582, 691; 'And Frank' 235; 'Frank Sprague as the chair' 668; 'Miss Hawkins' 609), runs the consent agenda, the nonpublic votes and the adjournment (701). This cluster repeatedly absorbs the onset of the member she is recognising (84 'Miss Gillen.' + Skillen's first words; 72 + Hawkins's first words; 6, 208, 211 + other members' roll answers) and swallows a handful of neighbouring voices; the ones that can be tied to another speaker are reassigned by override",We just be moving the meeting. We just be saying the first meeting in June every year is now going to be on Tuesday. So it doesn't conflict with student senior student awards night. So it.,Speaker 1
1:24:17.80,1:24:27.14,5057.80,5067.14,Bonnie Miles,"Claremont School Board member. CHAIR'S RECOGNITIONS straight into this voice: 'Sorry, Mr. Peter and then miss Miles' (303, 'Miles' 0.96) and 'Who's next, miss Miles?' (312, 'Miles' 1.00) -> 313, which opens her long run of questions on the assistant tech-centre director; Candace Crawford answers her by name at 408 ('I think Bonnie', 0.98) while this voice is speaking at 406-413. She is the member who asks whether the board may approve a position that has already been filled (322-332), who proposes the word 'acting' (335, 469) and who moves the amendment adopted that night (533). CAUTION - THIS CLUSTER MERGES TWO WOMEN: Speaker 6 carries both Bonnie Miles and Arlene Hawkins. Rows keep Miles by default; every stretch that a chair recognition or a colleague's direct address ties to Hawkins is reassigned by override. Short interjections that fall between the anchored runs cannot be separated acoustically and could belong to either member","Would be for this coming year, June 3rd, the first Tuesday correct the week. Does that work for administration?",Speaker 6
1:24:27.22,1:24:28.92,5067.22,5068.92,Bonnie Miles,"Claremont School Board member. CHAIR'S RECOGNITIONS straight into this voice: 'Sorry, Mr. Peter and then miss Miles' (303, 'Miles' 0.96) and 'Who's next, miss Miles?' (312, 'Miles' 1.00) -> 313, which opens her long run of questions on the assistant tech-centre director; Candace Crawford answers her by name at 408 ('I think Bonnie', 0.98) while this voice is speaking at 406-413. She is the member who asks whether the board may approve a position that has already been filled (322-332), who proposes the word 'acting' (335, 469) and who moves the amendment adopted that night (533). CAUTION - THIS CLUSTER MERGES TWO WOMEN: Speaker 6 carries both Bonnie Miles and Arlene Hawkins. Rows keep Miles by default; every stretch that a chair recognition or a colleague's direct address ties to Hawkins is reassigned by override. Short interjections that fall between the anchored runs cannot be separated acoustically and could belong to either member",Oh yeah. They got a lot of the stuff.,Speaker 6
1:24:28.92,1:24:30.20,5068.92,5070.20,Heather Whitney,"CHAIR, Claremont School Board (chair since 4/5/2023, re-elected chair 3/20/2024). She opens the meeting in her own voice at 0 ('I would like to call to order the August 21st, 2024 meeting of the Claremont School Board'), notes the clerk is absent and takes the roll herself at 4-6 ('In the absence of our secretary [or] Clark'), and reads her own name LAST in both roll calls (6; 215 'And Heather Whitney', both words confidence 1.00). Whitney Skillen names her in the third person at 532 ('I think what Heather is asking is...', 'Heather' 1.00) and Bonnie Miles addresses her as 'Heather.' at 555 (1.00) - which fixes this presiding voice as Heather Whitney and NOT Whitney Skillen, the other sitting member whose first name is Whitney and who is a separate cluster (Speaker 7) in this same recording. She gives every recognition ('Miss Gillen' 84, 196, 580; 'Arlene' 72, 141, 188, 431; 'Candy' 173; 'Miss Crawford' 195, 665, 684; 'Mister patron' 309, 401, 582, 691; 'And Frank' 235; 'Frank Sprague as the chair' 668; 'Miss Hawkins' 609), runs the consent agenda, the nonpublic votes and the adjournment (701). This cluster repeatedly absorbs the onset of the member she is recognising (84 'Miss Gillen.' + Skillen's first words; 72 + Hawkins's first words; 6, 208, 211 + other members' roll answers) and swallows a handful of neighbouring voices; the ones that can be tied to another speaker are reassigned by override",Going on. Any other conflicts?,Speaker 1
1:24:30.36,1:24:32.36,5070.36,5072.36,Bonnie Miles,"Claremont School Board member. CHAIR'S RECOGNITIONS straight into this voice: 'Sorry, Mr. Peter and then miss Miles' (303, 'Miles' 0.96) and 'Who's next, miss Miles?' (312, 'Miles' 1.00) -> 313, which opens her long run of questions on the assistant tech-centre director; Candace Crawford answers her by name at 408 ('I think Bonnie', 0.98) while this voice is speaking at 406-413. She is the member who asks whether the board may approve a position that has already been filled (322-332), who proposes the word 'acting' (335, 469) and who moves the amendment adopted that night (533). CAUTION - THIS CLUSTER MERGES TWO WOMEN: Speaker 6 carries both Bonnie Miles and Arlene Hawkins. Rows keep Miles by default; every stretch that a chair recognition or a colleague's direct address ties to Hawkins is reassigned by override. Short interjections that fall between the anchored runs cannot be separated acoustically and could belong to either member",It's only one day earlier. That's it.,Speaker 6
1:24:32.47,1:24:34.08,5072.47,5074.08,Heather Whitney,"CHAIR, Claremont School Board (chair since 4/5/2023, re-elected chair 3/20/2024). She opens the meeting in her own voice at 0 ('I would like to call to order the August 21st, 2024 meeting of the Claremont School Board'), notes the clerk is absent and takes the roll herself at 4-6 ('In the absence of our secretary [or] Clark'), and reads her own name LAST in both roll calls (6; 215 'And Heather Whitney', both words confidence 1.00). Whitney Skillen names her in the third person at 532 ('I think what Heather is asking is...', 'Heather' 1.00) and Bonnie Miles addresses her as 'Heather.' at 555 (1.00) - which fixes this presiding voice as Heather Whitney and NOT Whitney Skillen, the other sitting member whose first name is Whitney and who is a separate cluster (Speaker 7) in this same recording. She gives every recognition ('Miss Gillen' 84, 196, 580; 'Arlene' 72, 141, 188, 431; 'Candy' 173; 'Miss Crawford' 195, 665, 684; 'Mister patron' 309, 401, 582, 691; 'And Frank' 235; 'Frank Sprague as the chair' 668; 'Miss Hawkins' 609), runs the consent agenda, the nonpublic votes and the adjournment (701). This cluster repeatedly absorbs the onset of the member she is recognising (84 'Miss Gillen.' + Skillen's first words; 72 + Hawkins's first words; 6, 208, 211 + other members' roll answers) and swallows a handful of neighbouring voices; the ones that can be tied to another speaker are reassigned by override",Yeah. It's just so we don't.,Speaker 1
1:24:34.16,1:24:34.60,5074.16,5074.60,Bonnie Miles,"Claremont School Board member. CHAIR'S RECOGNITIONS straight into this voice: 'Sorry, Mr. Peter and then miss Miles' (303, 'Miles' 0.96) and 'Who's next, miss Miles?' (312, 'Miles' 1.00) -> 313, which opens her long run of questions on the assistant tech-centre director; Candace Crawford answers her by name at 408 ('I think Bonnie', 0.98) while this voice is speaking at 406-413. She is the member who asks whether the board may approve a position that has already been filled (322-332), who proposes the word 'acting' (335, 469) and who moves the amendment adopted that night (533). CAUTION - THIS CLUSTER MERGES TWO WOMEN: Speaker 6 carries both Bonnie Miles and Arlene Hawkins. Rows keep Miles by default; every stretch that a chair recognition or a colleague's direct address ties to Hawkins is reassigned by override. Short interjections that fall between the anchored runs cannot be separated acoustically and could belong to either member",Make sense.,Speaker 6
1:24:34.65,1:24:40.00,5074.65,5080.00,Heather Whitney,"CHAIR, Claremont School Board (chair since 4/5/2023, re-elected chair 3/20/2024). She opens the meeting in her own voice at 0 ('I would like to call to order the August 21st, 2024 meeting of the Claremont School Board'), notes the clerk is absent and takes the roll herself at 4-6 ('In the absence of our secretary [or] Clark'), and reads her own name LAST in both roll calls (6; 215 'And Heather Whitney', both words confidence 1.00). Whitney Skillen names her in the third person at 532 ('I think what Heather is asking is...', 'Heather' 1.00) and Bonnie Miles addresses her as 'Heather.' at 555 (1.00) - which fixes this presiding voice as Heather Whitney and NOT Whitney Skillen, the other sitting member whose first name is Whitney and who is a separate cluster (Speaker 7) in this same recording. She gives every recognition ('Miss Gillen' 84, 196, 580; 'Arlene' 72, 141, 188, 431; 'Candy' 173; 'Miss Crawford' 195, 665, 684; 'Mister patron' 309, 401, 582, 691; 'And Frank' 235; 'Frank Sprague as the chair' 668; 'Miss Hawkins' 609), runs the consent agenda, the nonpublic votes and the adjournment (701). This cluster repeatedly absorbs the onset of the member she is recognising (84 'Miss Gillen.' + Skillen's first words; 72 + Hawkins's first words; 6, 208, 211 + other members' roll answers) and swallows a handful of neighbouring voices; the ones that can be tied to another speaker are reassigned by override",Always conflict with senior planning.,Speaker 1
1:24:40.08,1:24:42.28,5080.08,5082.28,Heather Whitney,"CHAIR, Claremont School Board (chair since 4/5/2023, re-elected chair 3/20/2024). She opens the meeting in her own voice at 0 ('I would like to call to order the August 21st, 2024 meeting of the Claremont School Board'), notes the clerk is absent and takes the roll herself at 4-6 ('In the absence of our secretary [or] Clark'), and reads her own name LAST in both roll calls (6; 215 'And Heather Whitney', both words confidence 1.00). Whitney Skillen names her in the third person at 532 ('I think what Heather is asking is...', 'Heather' 1.00) and Bonnie Miles addresses her as 'Heather.' at 555 (1.00) - which fixes this presiding voice as Heather Whitney and NOT Whitney Skillen, the other sitting member whose first name is Whitney and who is a separate cluster (Speaker 7) in this same recording. She gives every recognition ('Miss Gillen' 84, 196, 580; 'Arlene' 72, 141, 188, 431; 'Candy' 173; 'Miss Crawford' 195, 665, 684; 'Mister patron' 309, 401, 582, 691; 'And Frank' 235; 'Frank Sprague as the chair' 668; 'Miss Hawkins' 609), runs the consent agenda, the nonpublic votes and the adjournment (701). This cluster repeatedly absorbs the onset of the member she is recognising (84 'Miss Gillen.' + Skillen's first words; 72 + Hawkins's first words; 6, 208, 211 + other members' roll answers) and swallows a handful of neighbouring voices; the ones that can be tied to another speaker are reassigned by override",Is that any issue on your part?,Speaker 1
1:24:42.36,1:24:44.00,5082.36,5084.00,Chris Pratt,"SUPERINTENDENT OF SCHOOLS, SAU 6 / Claremont School District. The chair puts the staff-nomination motion as 'approving the list of nominations as presented by doctor, Doctor Pratt. Mr. Pratt' (280, both 1.00) immediately after this voice's exchange, and names him three more times as the person who will bring the revised job description (558, 561, 563, 688 - all 1.00). He delivers the superintendent's report (8-41), calls it 'the superintendents report that I sent you' (8), hands off to 'Mr. O'Hearn' (219) and to 'Michael' for the AI/PD questions (31), and apologises to the board in the first person for hiring before the board approved the position (588-589). Bonnie Miles says at 568 'Mr. Pratt was an interim superintendent before you became the superintendent' and Michael Petrin at 538 'We have superintendent Chris was the acting superintendent because someone left mid-term' - both addressed to this voice, and the word 'interim' is never applied to him in the present tense anywhere in the file. Bonnie Miles and Arlene Hawkins both address him as 'Chris' (500, 502, 616; 1.00). ASR also renders him 'Mr. Pride' (610, 1.00)","Okay. I'm there, I'm there.",Speaker 3
1:24:44.08,1:24:46.76,5084.08,5086.76,Heather Whitney,"CHAIR, Claremont School Board (chair since 4/5/2023, re-elected chair 3/20/2024). She opens the meeting in her own voice at 0 ('I would like to call to order the August 21st, 2024 meeting of the Claremont School Board'), notes the clerk is absent and takes the roll herself at 4-6 ('In the absence of our secretary [or] Clark'), and reads her own name LAST in both roll calls (6; 215 'And Heather Whitney', both words confidence 1.00). Whitney Skillen names her in the third person at 532 ('I think what Heather is asking is...', 'Heather' 1.00) and Bonnie Miles addresses her as 'Heather.' at 555 (1.00) - which fixes this presiding voice as Heather Whitney and NOT Whitney Skillen, the other sitting member whose first name is Whitney and who is a separate cluster (Speaker 7) in this same recording. She gives every recognition ('Miss Gillen' 84, 196, 580; 'Arlene' 72, 141, 188, 431; 'Candy' 173; 'Miss Crawford' 195, 665, 684; 'Mister patron' 309, 401, 582, 691; 'And Frank' 235; 'Frank Sprague as the chair' 668; 'Miss Hawkins' 609), runs the consent agenda, the nonpublic votes and the adjournment (701). This cluster repeatedly absorbs the onset of the member she is recognising (84 'Miss Gillen.' + Skillen's first words; 72 + Hawkins's first words; 6, 208, 211 + other members' roll answers) and swallows a handful of neighbouring voices; the ones that can be tied to another speaker are reassigned by override",Anybody like to make a motion and then miss going?,Speaker 1
1:24:46.80,1:24:56.48,5086.80,5096.48,Whitney Skillen,"Claremont School Board member; CHAIR of the Policy subcommittee. CHAIR'S RECOGNITIONS straight into this voice: 'Miss Gillen.' (84, 0.82) -> 85; 'Yes, Miss Gillen.' (196, 0.43) -> 197, her motion to go into nonpublic; 'So the skill[en]' (298) -> 299; 'Miss Kellen.' (531, 0.62) -> 532; 'we can do a roll call, Whitney' (542, 0.94) -> 543; 'No objection, Miss Gillen' (580, 0.48) -> 581; 'Anybody like to make a motion and then miss going [Gillen]' (653) -> 654; and 'Anything from the policy subcommittee?' (677) -> 678, where she reports on her own schedule as policy chair. She refers to the chair in the third person at 532 ('I think what Heather is asking is'), so she is NOT Heather Whitney, who is a separate cluster (Speaker 1) here. The ASR garbles her surname as 'Gillen', 'going', 'Kellen', 'skill', 'Skilling' and - in the chair's 233 - 'still on'",I'd like to make a motion to approve the permanent adjustment of the first week. The 1st of June meeting to a Tuesday.,Speaker 7
1:24:56.64,1:25:02.83,5096.64,5102.83,Heather Whitney,"CHAIR, Claremont School Board (chair since 4/5/2023, re-elected chair 3/20/2024). She opens the meeting in her own voice at 0 ('I would like to call to order the August 21st, 2024 meeting of the Claremont School Board'), notes the clerk is absent and takes the roll herself at 4-6 ('In the absence of our secretary [or] Clark'), and reads her own name LAST in both roll calls (6; 215 'And Heather Whitney', both words confidence 1.00). Whitney Skillen names her in the third person at 532 ('I think what Heather is asking is...', 'Heather' 1.00) and Bonnie Miles addresses her as 'Heather.' at 555 (1.00) - which fixes this presiding voice as Heather Whitney and NOT Whitney Skillen, the other sitting member whose first name is Whitney and who is a separate cluster (Speaker 7) in this same recording. She gives every recognition ('Miss Gillen' 84, 196, 580; 'Arlene' 72, 141, 188, 431; 'Candy' 173; 'Miss Crawford' 195, 665, 684; 'Mister patron' 309, 401, 582, 691; 'And Frank' 235; 'Frank Sprague as the chair' 668; 'Miss Hawkins' 609), runs the consent agenda, the nonpublic votes and the adjournment (701). This cluster repeatedly absorbs the onset of the member she is recognising (84 'Miss Gillen.' + Skillen's first words; 72 + Hawkins's first words; 6, 208, 211 + other members' roll answers) and swallows a handful of neighbouring voices; the ones that can be tied to another speaker are reassigned by override","To Tuesday. I'll second. Is there any further discussion on the board?  All in favor, say aye.",Speaker 1
1:25:03.04,1:25:04.20,5103.04,5104.20,Multiple,Board members voting aye on permanently moving the first June meeting to a Tuesday - a voice vote with no count announced; the chair puts the question at 655 and declares 'Not opposed. The motion passes' at 657,Aye.,Speaker 6
1:25:04.28,1:25:27.16,5104.28,5127.16,Heather Whitney,"CHAIR, Claremont School Board (chair since 4/5/2023, re-elected chair 3/20/2024). She opens the meeting in her own voice at 0 ('I would like to call to order the August 21st, 2024 meeting of the Claremont School Board'), notes the clerk is absent and takes the roll herself at 4-6 ('In the absence of our secretary [or] Clark'), and reads her own name LAST in both roll calls (6; 215 'And Heather Whitney', both words confidence 1.00). Whitney Skillen names her in the third person at 532 ('I think what Heather is asking is...', 'Heather' 1.00) and Bonnie Miles addresses her as 'Heather.' at 555 (1.00) - which fixes this presiding voice as Heather Whitney and NOT Whitney Skillen, the other sitting member whose first name is Whitney and who is a separate cluster (Speaker 7) in this same recording. She gives every recognition ('Miss Gillen' 84, 196, 580; 'Arlene' 72, 141, 188, 431; 'Candy' 173; 'Miss Crawford' 195, 665, 684; 'Mister patron' 309, 401, 582, 691; 'And Frank' 235; 'Frank Sprague as the chair' 668; 'Miss Hawkins' 609), runs the consent agenda, the nonpublic votes and the adjournment (701). This cluster repeatedly absorbs the onset of the member she is recognising (84 'Miss Gillen.' + Skillen's first words; 72 + Hawkins's first words; 6, 208, 211 + other members' roll answers) and swallows a handful of neighbouring voices; the ones that can be tied to another speaker are reassigned by override","Not opposed. The motion passes. So for the minutes when Noel gets to to them, we are going to permanently change the first meeting in June for the Claremont School Board to in perpetuity, to be held on Tuesday two so it does not conflict with the annual senior student awards night. Moving on to.",Speaker 1
1:25:27.24,1:25:33.20,5127.24,5133.20,Frank Sprague,"VICE CHAIR, Claremont School Board; CHAIR of the Finance Committee - the same voice the diarizer also files as Speaker 5. The chair opens the finance report with 'Finance subcommittee. That's Frank Sprague as the chair' (668, both words 1.00) with a 0.08 s gap into 669, and this cluster then carries the whole finance report (669-672): the RSA and Department of Revenue Administration deadlines, the September hiring-status and budget-timeline meeting, and the committee's next meeting on September 18th, 10 to 11",So just a quick question. Once underclassmen awards night.,Speaker 13
1:25:33.28,1:25:33.92,5133.28,5133.92,Heather Whitney,"CHAIR, Claremont School Board (chair since 4/5/2023, re-elected chair 3/20/2024). She opens the meeting in her own voice at 0 ('I would like to call to order the August 21st, 2024 meeting of the Claremont School Board'), notes the clerk is absent and takes the roll herself at 4-6 ('In the absence of our secretary [or] Clark'), and reads her own name LAST in both roll calls (6; 215 'And Heather Whitney', both words confidence 1.00). Whitney Skillen names her in the third person at 532 ('I think what Heather is asking is...', 'Heather' 1.00) and Bonnie Miles addresses her as 'Heather.' at 555 (1.00) - which fixes this presiding voice as Heather Whitney and NOT Whitney Skillen, the other sitting member whose first name is Whitney and who is a separate cluster (Speaker 7) in this same recording. She gives every recognition ('Miss Gillen' 84, 196, 580; 'Arlene' 72, 141, 188, 431; 'Candy' 173; 'Miss Crawford' 195, 665, 684; 'Mister patron' 309, 401, 582, 691; 'And Frank' 235; 'Frank Sprague as the chair' 668; 'Miss Hawkins' 609), runs the consent agenda, the nonpublic votes and the adjournment (701). This cluster repeatedly absorbs the onset of the member she is recognising (84 'Miss Gillen.' + Skillen's first words; 72 + Hawkins's first words; 6, 208, 211 + other members' roll answers) and swallows a handful of neighbouring voices; the ones that can be tied to another speaker are reassigned by override",It's not a thing.,Speaker 1
1:25:34.16,1:25:35.20,5134.16,5135.20,Frank Sprague,"VICE CHAIR, Claremont School Board; CHAIR of the Finance Committee - the same voice the diarizer also files as Speaker 5. The chair opens the finance report with 'Finance subcommittee. That's Frank Sprague as the chair' (668, both words 1.00) with a 0.08 s gap into 669, and this cluster then carries the whole finance report (669-672): the RSA and Department of Revenue Administration deadlines, the September hiring-status and budget-timeline meeting, and the committee's next meeting on September 18th, 10 to 11",Yeah. Not a thing okay.,Speaker 13
1:25:35.40,1:25:38.96,5135.40,5138.96,Chris Pratt,"SUPERINTENDENT OF SCHOOLS, SAU 6 / Claremont School District. The chair puts the staff-nomination motion as 'approving the list of nominations as presented by doctor, Doctor Pratt. Mr. Pratt' (280, both 1.00) immediately after this voice's exchange, and names him three more times as the person who will bring the revised job description (558, 561, 563, 688 - all 1.00). He delivers the superintendent's report (8-41), calls it 'the superintendents report that I sent you' (8), hands off to 'Mr. O'Hearn' (219) and to 'Michael' for the AI/PD questions (31), and apologises to the board in the first person for hiring before the board approved the position (588-589). Bonnie Miles says at 568 'Mr. Pratt was an interim superintendent before you became the superintendent' and Michael Petrin at 538 'We have superintendent Chris was the acting superintendent because someone left mid-term' - both addressed to this voice, and the word 'interim' is never applied to him in the present tense anywhere in the file. Bonnie Miles and Arlene Hawkins both address him as 'Chris' (500, 502, 616; 1.00). ASR also renders him 'Mr. Pride' (610, 1.00)",I mean I don't know whether.,Speaker 3
1:25:39.04,1:25:41.64,5139.04,5141.64,Candace Crawford,"Claremont School Board member (appointed 7/19/2023, re-elected March 2024); reports for the Capital Improvement Committee and the SRVRTC visioning committee. CHAIR'S RECOGNITIONS straight into this voice: 'Yes. Candy.' (173, 1.00) -> 174 'Do I make [a motion]'; 'Any Crawford seconds' (200, 0.86) right after 199; 'the motion, as stated by Miss Crawford' (195, 1.00) closing the Girls on the Run vote she moved at 183; 'And Candace and then, Mr. Patron' (373) -> 374; 'we're going to start with the Capital Improvement Subcommittee. And that would be Miss Crawford' (665, 1.00) -> 666; 'And Miss Crawford, you're up again' (684, 1.00) -> 685. She addresses Bonnie Miles by name at 408 ('I think Bonnie', 0.98), which is what separates Miles from Arlene Hawkins inside Speaker 6",It's not even at night.,Speaker 4
1:25:41.72,1:26:04.32,5141.72,5164.32,Heather Whitney,"CHAIR, Claremont School Board (chair since 4/5/2023, re-elected chair 3/20/2024). She opens the meeting in her own voice at 0 ('I would like to call to order the August 21st, 2024 meeting of the Claremont School Board'), notes the clerk is absent and takes the roll herself at 4-6 ('In the absence of our secretary [or] Clark'), and reads her own name LAST in both roll calls (6; 215 'And Heather Whitney', both words confidence 1.00). Whitney Skillen names her in the third person at 532 ('I think what Heather is asking is...', 'Heather' 1.00) and Bonnie Miles addresses her as 'Heather.' at 555 (1.00) - which fixes this presiding voice as Heather Whitney and NOT Whitney Skillen, the other sitting member whose first name is Whitney and who is a separate cluster (Speaker 7) in this same recording. She gives every recognition ('Miss Gillen' 84, 196, 580; 'Arlene' 72, 141, 188, 431; 'Candy' 173; 'Miss Crawford' 195, 665, 684; 'Mister patron' 309, 401, 582, 691; 'And Frank' 235; 'Frank Sprague as the chair' 668; 'Miss Hawkins' 609), runs the consent agenda, the nonpublic votes and the adjournment (701). This cluster repeatedly absorbs the onset of the member she is recognising (84 'Miss Gillen.' + Skillen's first words; 72 + Hawkins's first words; 6, 208, 211 + other members' roll answers) and swallows a handful of neighbouring voices; the ones that can be tied to another speaker are reassigned by override","Also I want to know why. The board, the administrative team and the public that January 2nd would be the first week of January.  It's going to be a federal holiday this year. So we're going to move the meeting to Thursday the first week. So that has to be reflected in the minutes as well for Noel and for Chelsea to know.",Speaker 1
1:26:04.40,1:26:30.20,5164.40,5190.20,Heather Whitney,"CHAIR, Claremont School Board (chair since 4/5/2023, re-elected chair 3/20/2024). She opens the meeting in her own voice at 0 ('I would like to call to order the August 21st, 2024 meeting of the Claremont School Board'), notes the clerk is absent and takes the roll herself at 4-6 ('In the absence of our secretary [or] Clark'), and reads her own name LAST in both roll calls (6; 215 'And Heather Whitney', both words confidence 1.00). Whitney Skillen names her in the third person at 532 ('I think what Heather is asking is...', 'Heather' 1.00) and Bonnie Miles addresses her as 'Heather.' at 555 (1.00) - which fixes this presiding voice as Heather Whitney and NOT Whitney Skillen, the other sitting member whose first name is Whitney and who is a separate cluster (Speaker 7) in this same recording. She gives every recognition ('Miss Gillen' 84, 196, 580; 'Arlene' 72, 141, 188, 431; 'Candy' 173; 'Miss Crawford' 195, 665, 684; 'Mister patron' 309, 401, 582, 691; 'And Frank' 235; 'Frank Sprague as the chair' 668; 'Miss Hawkins' 609), runs the consent agenda, the nonpublic votes and the adjournment (701). This cluster repeatedly absorbs the onset of the member she is recognising (84 'Miss Gillen.' + Skillen's first words; 72 + Hawkins's first words; 6, 208, 211 + other members' roll answers) and swallows a handful of neighbouring voices; the ones that can be tied to another speaker are reassigned by override","Moving on to item number eight, we're going to quickly review the progress of improving our subcommittee's effectiveness. Each subcommittee was charged with, providing the board with, what the mission of the subcommittee is going to be, what the cadence of the meetings and what the critical activities of those subcommittees, the expectations will be moving forward.",Speaker 1
1:26:30.32,1:27:00.80,5190.32,5220.80,Heather Whitney,"CHAIR, Claremont School Board (chair since 4/5/2023, re-elected chair 3/20/2024). She opens the meeting in her own voice at 0 ('I would like to call to order the August 21st, 2024 meeting of the Claremont School Board'), notes the clerk is absent and takes the roll herself at 4-6 ('In the absence of our secretary [or] Clark'), and reads her own name LAST in both roll calls (6; 215 'And Heather Whitney', both words confidence 1.00). Whitney Skillen names her in the third person at 532 ('I think what Heather is asking is...', 'Heather' 1.00) and Bonnie Miles addresses her as 'Heather.' at 555 (1.00) - which fixes this presiding voice as Heather Whitney and NOT Whitney Skillen, the other sitting member whose first name is Whitney and who is a separate cluster (Speaker 7) in this same recording. She gives every recognition ('Miss Gillen' 84, 196, 580; 'Arlene' 72, 141, 188, 431; 'Candy' 173; 'Miss Crawford' 195, 665, 684; 'Mister patron' 309, 401, 582, 691; 'And Frank' 235; 'Frank Sprague as the chair' 668; 'Miss Hawkins' 609), runs the consent agenda, the nonpublic votes and the adjournment (701). This cluster repeatedly absorbs the onset of the member she is recognising (84 'Miss Gillen.' + Skillen's first words; 72 + Hawkins's first words; 6, 208, 211 + other members' roll answers) and swallows a handful of neighbouring voices; the ones that can be tied to another speaker are reassigned by override","And when we get the new, website up, we're going to be able to present this to the public in our folder so the public knows what each subcommittee is responsible for and who the contact people are.  And when our  meeting meetings are expected to be held. So we're going to start with the Capital Improvement Subcommittee. And that would be Miss Crawford.",Speaker 1
1:27:00.88,1:27:36.84,5220.88,5256.84,Candace Crawford,"Claremont School Board member (appointed 7/19/2023, re-elected March 2024); reports for the Capital Improvement Committee and the SRVRTC visioning committee. CHAIR'S RECOGNITIONS straight into this voice: 'Yes. Candy.' (173, 1.00) -> 174 'Do I make [a motion]'; 'Any Crawford seconds' (200, 0.86) right after 199; 'the motion, as stated by Miss Crawford' (195, 1.00) closing the Girls on the Run vote she moved at 183; 'And Candace and then, Mr. Patron' (373) -> 374; 'we're going to start with the Capital Improvement Subcommittee. And that would be Miss Crawford' (665, 1.00) -> 666; 'And Miss Crawford, you're up again' (684, 1.00) -> 685. She addresses Bonnie Miles by name at 408 ('I think Bonnie', 0.98), which is what separates Miles from Arlene Hawkins inside Speaker 6","So the Capital Committee has changed from the building committee.  And I'm hoping that you all read the proposal in the packet  about what the intent of this is to develop a 3 to 5 year, two to 3 to 5 year plan, and the the sequencing of of the meetings, flex reflects that.",Speaker 4
1:27:38.20,1:27:41.60,5258.20,5261.60,Heather Whitney,"CHAIR, Claremont School Board (chair since 4/5/2023, re-elected chair 3/20/2024). She opens the meeting in her own voice at 0 ('I would like to call to order the August 21st, 2024 meeting of the Claremont School Board'), notes the clerk is absent and takes the roll herself at 4-6 ('In the absence of our secretary [or] Clark'), and reads her own name LAST in both roll calls (6; 215 'And Heather Whitney', both words confidence 1.00). Whitney Skillen names her in the third person at 532 ('I think what Heather is asking is...', 'Heather' 1.00) and Bonnie Miles addresses her as 'Heather.' at 555 (1.00) - which fixes this presiding voice as Heather Whitney and NOT Whitney Skillen, the other sitting member whose first name is Whitney and who is a separate cluster (Speaker 7) in this same recording. She gives every recognition ('Miss Gillen' 84, 196, 580; 'Arlene' 72, 141, 188, 431; 'Candy' 173; 'Miss Crawford' 195, 665, 684; 'Mister patron' 309, 401, 582, 691; 'And Frank' 235; 'Frank Sprague as the chair' 668; 'Miss Hawkins' 609), runs the consent agenda, the nonpublic votes and the adjournment (701). This cluster repeatedly absorbs the onset of the member she is recognising (84 'Miss Gillen.' + Skillen's first words; 72 + Hawkins's first words; 6, 208, 211 + other members' roll answers) and swallows a handful of neighbouring voices; the ones that can be tied to another speaker are reassigned by override",Finance subcommittee. That's Frank Sprague as the chair.,Speaker 1
1:27:41.68,1:27:55.76,5261.68,5275.76,Frank Sprague,"VICE CHAIR, Claremont School Board; CHAIR of the Finance Committee - the same voice the diarizer also files as Speaker 5. The chair opens the finance report with 'Finance subcommittee. That's Frank Sprague as the chair' (668, both words 1.00) with a 0.08 s gap into 669, and this cluster then carries the whole finance report (669-672): the RSA and Department of Revenue Administration deadlines, the September hiring-status and budget-timeline meeting, and the committee's next meeting on September 18th, 10 to 11","Again, it's it's in your packet.  We have some of our deadlines are actually by RSA and and statute and the, the rules of the,",Speaker 13
1:27:55.84,1:28:25.20,5275.84,5305.20,Frank Sprague,"VICE CHAIR, Claremont School Board; CHAIR of the Finance Committee - the same voice the diarizer also files as Speaker 5. The chair opens the finance report with 'Finance subcommittee. That's Frank Sprague as the chair' (668, both words 1.00) with a 0.08 s gap into 669, and this cluster then carries the whole finance report (669-672): the RSA and Department of Revenue Administration deadlines, the September hiring-status and budget-timeline meeting, and the committee's next meeting on September 18th, 10 to 11","Of revenue administration, the Dre  so this is ours the so I would bring to the administration's attention, I don't know if you all have this,  under number four and what this is, is responsible viewing a district wide hiring status and setting budget timeline and meeting dates in September. And so meet with the administrative team to review hiring expectations for the upcoming year.",Speaker 13
1:28:25.28,1:28:57.00,5305.28,5337.00,Frank Sprague,"VICE CHAIR, Claremont School Board; CHAIR of the Finance Committee - the same voice the diarizer also files as Speaker 5. The chair opens the finance report with 'Finance subcommittee. That's Frank Sprague as the chair' (668, both words 1.00) with a 0.08 s gap into 669, and this cluster then carries the whole finance report (669-672): the RSA and Department of Revenue Administration deadlines, the September hiring-status and budget-timeline meeting, and the committee's next meeting on September 18th, 10 to 11","Set a budget timeline and budget meeting dates. Discuss recommendations for disposition of end of year budget balance, and then share the summary of that meeting with the board and open meeting. And number five,  the next meeting with of this committee would be September 18th, 10 to 11, pending administrative team approval. So check your calendars. And also, you have this what we what we're going to what the goals of the meeting will be.",Speaker 13
1:28:57.08,1:29:13.24,5337.08,5353.24,Frank Sprague,"VICE CHAIR, Claremont School Board; CHAIR of the Finance Committee - the same voice the diarizer also files as Speaker 5. The chair opens the finance report with 'Finance subcommittee. That's Frank Sprague as the chair' (668, both words 1.00) with a 0.08 s gap into 669, and this cluster then carries the whole finance report (669-672): the RSA and Department of Revenue Administration deadlines, the September hiring-status and budget-timeline meeting, and the committee's next meeting on September 18th, 10 to 11","And so that's and then the rest of it is deals with  other  March. July, all these things that are dictated really by, the timing of the budget process.",Speaker 13
1:29:13.32,1:29:15.60,5353.32,5355.60,Heather Whitney,"CHAIR, Claremont School Board (chair since 4/5/2023, re-elected chair 3/20/2024). She opens the meeting in her own voice at 0 ('I would like to call to order the August 21st, 2024 meeting of the Claremont School Board'), notes the clerk is absent and takes the roll herself at 4-6 ('In the absence of our secretary [or] Clark'), and reads her own name LAST in both roll calls (6; 215 'And Heather Whitney', both words confidence 1.00). Whitney Skillen names her in the third person at 532 ('I think what Heather is asking is...', 'Heather' 1.00) and Bonnie Miles addresses her as 'Heather.' at 555 (1.00) - which fixes this presiding voice as Heather Whitney and NOT Whitney Skillen, the other sitting member whose first name is Whitney and who is a separate cluster (Speaker 7) in this same recording. She gives every recognition ('Miss Gillen' 84, 196, 580; 'Arlene' 72, 141, 188, 431; 'Candy' 173; 'Miss Crawford' 195, 665, 684; 'Mister patron' 309, 401, 582, 691; 'And Frank' 235; 'Frank Sprague as the chair' 668; 'Miss Hawkins' 609), runs the consent agenda, the nonpublic votes and the adjournment (701). This cluster repeatedly absorbs the onset of the member she is recognising (84 'Miss Gillen.' + Skillen's first words; 72 + Hawkins's first words; 6, 208, 211 + other members' roll answers) and swallows a handful of neighbouring voices; the ones that can be tied to another speaker are reassigned by override",And this was in a shared document.,Speaker 1
1:29:15.68,1:29:16.12,5355.68,5356.12,Bonnie Miles,"Claremont School Board member. CHAIR'S RECOGNITIONS straight into this voice: 'Sorry, Mr. Peter and then miss Miles' (303, 'Miles' 0.96) and 'Who's next, miss Miles?' (312, 'Miles' 1.00) -> 313, which opens her long run of questions on the assistant tech-centre director; Candace Crawford answers her by name at 408 ('I think Bonnie', 0.98) while this voice is speaking at 406-413. She is the member who asks whether the board may approve a position that has already been filled (322-332), who proposes the word 'acting' (335, 469) and who moves the amendment adopted that night (533). CAUTION - THIS CLUSTER MERGES TWO WOMEN: Speaker 6 carries both Bonnie Miles and Arlene Hawkins. Rows keep Miles by default; every stretch that a chair recognition or a colleague's direct address ties to Hawkins is reassigned by override. Short interjections that fall between the anchored runs cannot be separated acoustically and could belong to either member",It is.,Speaker 6
1:29:16.24,1:29:17.08,5356.24,5357.08,Heather Whitney,"CHAIR, Claremont School Board (chair since 4/5/2023, re-elected chair 3/20/2024). She opens the meeting in her own voice at 0 ('I would like to call to order the August 21st, 2024 meeting of the Claremont School Board'), notes the clerk is absent and takes the roll herself at 4-6 ('In the absence of our secretary [or] Clark'), and reads her own name LAST in both roll calls (6; 215 'And Heather Whitney', both words confidence 1.00). Whitney Skillen names her in the third person at 532 ('I think what Heather is asking is...', 'Heather' 1.00) and Bonnie Miles addresses her as 'Heather.' at 555 (1.00) - which fixes this presiding voice as Heather Whitney and NOT Whitney Skillen, the other sitting member whose first name is Whitney and who is a separate cluster (Speaker 7) in this same recording. She gives every recognition ('Miss Gillen' 84, 196, 580; 'Arlene' 72, 141, 188, 431; 'Candy' 173; 'Miss Crawford' 195, 665, 684; 'Mister patron' 309, 401, 582, 691; 'And Frank' 235; 'Frank Sprague as the chair' 668; 'Miss Hawkins' 609), runs the consent agenda, the nonpublic votes and the adjournment (701). This cluster repeatedly absorbs the onset of the member she is recognising (84 'Miss Gillen.' + Skillen's first words; 72 + Hawkins's first words; 6, 208, 211 + other members' roll answers) and swallows a handful of neighbouring voices; the ones that can be tied to another speaker are reassigned by override",Yes.,Speaker 1
1:29:17.16,1:29:19.64,5357.16,5359.64,Bonnie Miles,"Claremont School Board member. CHAIR'S RECOGNITIONS straight into this voice: 'Sorry, Mr. Peter and then miss Miles' (303, 'Miles' 0.96) and 'Who's next, miss Miles?' (312, 'Miles' 1.00) -> 313, which opens her long run of questions on the assistant tech-centre director; Candace Crawford answers her by name at 408 ('I think Bonnie', 0.98) while this voice is speaking at 406-413. She is the member who asks whether the board may approve a position that has already been filled (322-332), who proposes the word 'acting' (335, 469) and who moves the amendment adopted that night (533). CAUTION - THIS CLUSTER MERGES TWO WOMEN: Speaker 6 carries both Bonnie Miles and Arlene Hawkins. Rows keep Miles by default; every stretch that a chair recognition or a colleague's direct address ties to Hawkins is reassigned by override. Short interjections that fall between the anchored runs cannot be separated acoustically and could belong to either member",Yes.,Speaker 6
1:29:19.72,1:29:24.72,5359.72,5364.72,Heather Whitney,"CHAIR, Claremont School Board (chair since 4/5/2023, re-elected chair 3/20/2024). She opens the meeting in her own voice at 0 ('I would like to call to order the August 21st, 2024 meeting of the Claremont School Board'), notes the clerk is absent and takes the roll herself at 4-6 ('In the absence of our secretary [or] Clark'), and reads her own name LAST in both roll calls (6; 215 'And Heather Whitney', both words confidence 1.00). Whitney Skillen names her in the third person at 532 ('I think what Heather is asking is...', 'Heather' 1.00) and Bonnie Miles addresses her as 'Heather.' at 555 (1.00) - which fixes this presiding voice as Heather Whitney and NOT Whitney Skillen, the other sitting member whose first name is Whitney and who is a separate cluster (Speaker 7) in this same recording. She gives every recognition ('Miss Gillen' 84, 196, 580; 'Arlene' 72, 141, 188, 431; 'Candy' 173; 'Miss Crawford' 195, 665, 684; 'Mister patron' 309, 401, 582, 691; 'And Frank' 235; 'Frank Sprague as the chair' 668; 'Miss Hawkins' 609), runs the consent agenda, the nonpublic votes and the adjournment (701). This cluster repeatedly absorbs the onset of the member she is recognising (84 'Miss Gillen.' + Skillen's first words; 72 + Hawkins's first words; 6, 208, 211 + other members' roll answers) and swallows a handful of neighbouring voices; the ones that can be tied to another speaker are reassigned by override",Anything from the policy subcommittee? I know it's been a busy summer. Not yet.,Speaker 1
1:29:24.80,1:29:48.44,5364.80,5388.44,Whitney Skillen,"Claremont School Board member; CHAIR of the Policy subcommittee. CHAIR'S RECOGNITIONS straight into this voice: 'Miss Gillen.' (84, 0.82) -> 85; 'Yes, Miss Gillen.' (196, 0.43) -> 197, her motion to go into nonpublic; 'So the skill[en]' (298) -> 299; 'Miss Kellen.' (531, 0.62) -> 532; 'we can do a roll call, Whitney' (542, 0.94) -> 543; 'No objection, Miss Gillen' (580, 0.48) -> 581; 'Anybody like to make a motion and then miss going [Gillen]' (653) -> 654; and 'Anything from the policy subcommittee?' (677) -> 678, where she reports on her own schedule as policy chair. She refers to the chair in the third person at 532 ('I think what Heather is asking is'), so she is NOT Heather Whitney, who is a separate cluster (Speaker 1) here. The ASR garbles her surname as 'Gillen', 'going', 'Kellen', 'skill', 'Skilling' and - in the chair's 233 - 'still on'","No, but  I, starting this fall, my. I'm shifting my weekend days to Mondays and Tuesdays because I'll have, like, weekend facilitation time with my students. And so that actually opens up, like some regular business hours where I can do things out in the evenings.  So more to come as like as soon as school starts, I feel like stuff is going to like, change.",Speaker 7
1:29:48.48,1:29:50.16,5388.48,5390.16,Heather Whitney,"CHAIR, Claremont School Board (chair since 4/5/2023, re-elected chair 3/20/2024). She opens the meeting in her own voice at 0 ('I would like to call to order the August 21st, 2024 meeting of the Claremont School Board'), notes the clerk is absent and takes the roll herself at 4-6 ('In the absence of our secretary [or] Clark'), and reads her own name LAST in both roll calls (6; 215 'And Heather Whitney', both words confidence 1.00). Whitney Skillen names her in the third person at 532 ('I think what Heather is asking is...', 'Heather' 1.00) and Bonnie Miles addresses her as 'Heather.' at 555 (1.00) - which fixes this presiding voice as Heather Whitney and NOT Whitney Skillen, the other sitting member whose first name is Whitney and who is a separate cluster (Speaker 7) in this same recording. She gives every recognition ('Miss Gillen' 84, 196, 580; 'Arlene' 72, 141, 188, 431; 'Candy' 173; 'Miss Crawford' 195, 665, 684; 'Mister patron' 309, 401, 582, 691; 'And Frank' 235; 'Frank Sprague as the chair' 668; 'Miss Hawkins' 609), runs the consent agenda, the nonpublic votes and the adjournment (701). This cluster repeatedly absorbs the onset of the member she is recognising (84 'Miss Gillen.' + Skillen's first words; 72 + Hawkins's first words; 6, 208, 211 + other members' roll answers) and swallows a handful of neighbouring voices; the ones that can be tied to another speaker are reassigned by override",Yeah. Great. Thank you.,Speaker 1
1:29:50.20,1:29:57.92,5390.20,5397.92,Whitney Skillen,"Claremont School Board member; CHAIR of the Policy subcommittee. CHAIR'S RECOGNITIONS straight into this voice: 'Miss Gillen.' (84, 0.82) -> 85; 'Yes, Miss Gillen.' (196, 0.43) -> 197, her motion to go into nonpublic; 'So the skill[en]' (298) -> 299; 'Miss Kellen.' (531, 0.62) -> 532; 'we can do a roll call, Whitney' (542, 0.94) -> 543; 'No objection, Miss Gillen' (580, 0.48) -> 581; 'Anybody like to make a motion and then miss going [Gillen]' (653) -> 654; and 'Anything from the policy subcommittee?' (677) -> 678, where she reports on her own schedule as policy chair. She refers to the chair in the third person at 532 ('I think what Heather is asking is'), so she is NOT Heather Whitney, who is a separate cluster (Speaker 1) here. The ASR garbles her surname as 'Gillen', 'going', 'Kellen', 'skill', 'Skilling' and - in the chair's 233 - 'still on'",Which is weird because school starting should make me more busy. Busy? It's my schedule will be more in one piece at that time.,Speaker 7
1:29:58.00,1:30:01.48,5398.00,5401.48,Heather Whitney,"CHAIR, Claremont School Board (chair since 4/5/2023, re-elected chair 3/20/2024). She opens the meeting in her own voice at 0 ('I would like to call to order the August 21st, 2024 meeting of the Claremont School Board'), notes the clerk is absent and takes the roll herself at 4-6 ('In the absence of our secretary [or] Clark'), and reads her own name LAST in both roll calls (6; 215 'And Heather Whitney', both words confidence 1.00). Whitney Skillen names her in the third person at 532 ('I think what Heather is asking is...', 'Heather' 1.00) and Bonnie Miles addresses her as 'Heather.' at 555 (1.00) - which fixes this presiding voice as Heather Whitney and NOT Whitney Skillen, the other sitting member whose first name is Whitney and who is a separate cluster (Speaker 7) in this same recording. She gives every recognition ('Miss Gillen' 84, 196, 580; 'Arlene' 72, 141, 188, 431; 'Candy' 173; 'Miss Crawford' 195, 665, 684; 'Mister patron' 309, 401, 582, 691; 'And Frank' 235; 'Frank Sprague as the chair' 668; 'Miss Hawkins' 609), runs the consent agenda, the nonpublic votes and the adjournment (701). This cluster repeatedly absorbs the onset of the member she is recognising (84 'Miss Gillen.' + Skillen's first words; 72 + Hawkins's first words; 6, 208, 211 + other members' roll answers) and swallows a handful of neighbouring voices; the ones that can be tied to another speaker are reassigned by override",Yeah. Thank you.  Curriculum subcommittee.,Speaker 1
1:30:01.56,1:30:26.40,5401.56,5426.40,Arlene Hawkins,"Claremont School Board member - the curriculum-subcommittee report, which the chair opens at 681 ('Curriculum subcommittee.'). She is the board's curriculum representative under the 3/20/2024 subcommittee reading, and she says 'Mr. Kosugi [Koski] and I met' (682, 'Kosugi' 0.99)","This should be in your pocket. Mr. Kosugi and I met.  We're adding Kat McLaughlin to the subcommittee, and our purpose is to be the liaison between the curriculum area committees and the board regarding the work that's being done. And, making sure that everything is aligned with the state standards and our strategic plan. And we'll be coming back with reports on that.",Speaker 6
1:30:26.48,1:30:47.62,5426.48,5447.62,Arlene Hawkins,"Claremont School Board member - the curriculum-subcommittee report, which the chair opens at 681 ('Curriculum subcommittee.'). She is the board's curriculum representative under the 3/20/2024 subcommittee reading, and she says 'Mr. Kosugi [Koski] and I met' (682, 'Kosugi' 0.99)","Ela was begun first. Now they're working in math. So this committee will meet monthly in the fall. And then on an as needed basis, as determined by the committee based on the work that's being done. We do have a math update that's ready for the board whenever the board is ready to add it as a future agenda item.",Speaker 6
1:30:47.70,1:30:51.02,5447.70,5451.02,Heather Whitney,"CHAIR, Claremont School Board (chair since 4/5/2023, re-elected chair 3/20/2024). She opens the meeting in her own voice at 0 ('I would like to call to order the August 21st, 2024 meeting of the Claremont School Board'), notes the clerk is absent and takes the roll herself at 4-6 ('In the absence of our secretary [or] Clark'), and reads her own name LAST in both roll calls (6; 215 'And Heather Whitney', both words confidence 1.00). Whitney Skillen names her in the third person at 532 ('I think what Heather is asking is...', 'Heather' 1.00) and Bonnie Miles addresses her as 'Heather.' at 555 (1.00) - which fixes this presiding voice as Heather Whitney and NOT Whitney Skillen, the other sitting member whose first name is Whitney and who is a separate cluster (Speaker 7) in this same recording. She gives every recognition ('Miss Gillen' 84, 196, 580; 'Arlene' 72, 141, 188, 431; 'Candy' 173; 'Miss Crawford' 195, 665, 684; 'Mister patron' 309, 401, 582, 691; 'And Frank' 235; 'Frank Sprague as the chair' 668; 'Miss Hawkins' 609), runs the consent agenda, the nonpublic votes and the adjournment (701). This cluster repeatedly absorbs the onset of the member she is recognising (84 'Miss Gillen.' + Skillen's first words; 72 + Hawkins's first words; 6, 208, 211 + other members' roll answers) and swallows a handful of neighbouring voices; the ones that can be tied to another speaker are reassigned by override","And Miss Crawford, you're up again.",Speaker 1
1:30:51.10,1:31:00.38,5451.10,5460.38,Candace Crawford,"Claremont School Board member (appointed 7/19/2023, re-elected March 2024); reports for the Capital Improvement Committee and the SRVRTC visioning committee. CHAIR'S RECOGNITIONS straight into this voice: 'Yes. Candy.' (173, 1.00) -> 174 'Do I make [a motion]'; 'Any Crawford seconds' (200, 0.86) right after 199; 'the motion, as stated by Miss Crawford' (195, 1.00) closing the Girls on the Run vote she moved at 183; 'And Candace and then, Mr. Patron' (373) -> 374; 'we're going to start with the Capital Improvement Subcommittee. And that would be Miss Crawford' (665, 1.00) -> 666; 'And Miss Crawford, you're up again' (684, 1.00) -> 685. She addresses Bonnie Miles by name at 408 ('I think Bonnie', 0.98), which is what separates Miles from Arlene Hawkins inside Speaker 6","For missing committee. Yes, it's in the back and same thing applies. And I think people read it with you have questions? Let me know.",Speaker 4
1:31:00.46,1:31:04.06,5460.46,5464.06,Heather Whitney,"CHAIR, Claremont School Board (chair since 4/5/2023, re-elected chair 3/20/2024). She opens the meeting in her own voice at 0 ('I would like to call to order the August 21st, 2024 meeting of the Claremont School Board'), notes the clerk is absent and takes the roll herself at 4-6 ('In the absence of our secretary [or] Clark'), and reads her own name LAST in both roll calls (6; 215 'And Heather Whitney', both words confidence 1.00). Whitney Skillen names her in the third person at 532 ('I think what Heather is asking is...', 'Heather' 1.00) and Bonnie Miles addresses her as 'Heather.' at 555 (1.00) - which fixes this presiding voice as Heather Whitney and NOT Whitney Skillen, the other sitting member whose first name is Whitney and who is a separate cluster (Speaker 7) in this same recording. She gives every recognition ('Miss Gillen' 84, 196, 580; 'Arlene' 72, 141, 188, 431; 'Candy' 173; 'Miss Crawford' 195, 665, 684; 'Mister patron' 309, 401, 582, 691; 'And Frank' 235; 'Frank Sprague as the chair' 668; 'Miss Hawkins' 609), runs the consent agenda, the nonpublic votes and the adjournment (701). This cluster repeatedly absorbs the onset of the member she is recognising (84 'Miss Gillen.' + Skillen's first words; 72 + Hawkins's first words; 6, 208, 211 + other members' roll answers) and swallows a handful of neighbouring voices; the ones that can be tied to another speaker are reassigned by override",Thank you. And any nothing from the ad hoc committee yet?,Speaker 1
1:31:04.10,1:31:08.54,5464.10,5468.54,Michael Petrin,"Claremont School Board member (returned to the board as a write-in in the March 2024 election). CHAIR'S RECOGNITIONS, each straight into this voice: 'Mike, do you have a question?' (188) -> 189; 'Mister patron.' (309, 0.94) -> 310; 'Mister patron.' (401, 1.00) -> 402; 'Mike.' (551, 1.00) -> 552 ('No.'); 'Mr. patron?' (582, 1.00) -> 583 ('No.'); 'Mr. patron.' (691, 0.76) -> 692. He answers the opening roll in this voice at 5 ('Patron here', 'Patron' 1.00) and the nonpublic roll at 209, and the chair credits the second on the tech-centre motion to him at 292 ('Second for Mike patron'). At 130-132 he speaks off 'Frank and Whitney, what they were saying' and tells Sprague 'Frank retired. You can go take a walk. I can't' - so he is neither of them - and Frank Sprague places him at 483: 'Mike has a background in physical therapy.' ASR renders him 'Patron', 'patron', 'Peterson' (406, 1.00). THIS CLUSTER IS A MERGE: it also carries Assistant Superintendent Mike Koski's long turns, several of Frank Sprague's, and dozens of sub-second interjections from other people; every stretch that could be tied to another speaker is reassigned by override, and short unanchored backchannels left under this label may belong to someone else",Nothing yet. Can I find the time?,Speaker 2
1:31:08.62,1:31:50.38,5468.62,5510.38,Heather Whitney,"CHAIR, Claremont School Board (chair since 4/5/2023, re-elected chair 3/20/2024). She opens the meeting in her own voice at 0 ('I would like to call to order the August 21st, 2024 meeting of the Claremont School Board'), notes the clerk is absent and takes the roll herself at 4-6 ('In the absence of our secretary [or] Clark'), and reads her own name LAST in both roll calls (6; 215 'And Heather Whitney', both words confidence 1.00). Whitney Skillen names her in the third person at 532 ('I think what Heather is asking is...', 'Heather' 1.00) and Bonnie Miles addresses her as 'Heather.' at 555 (1.00) - which fixes this presiding voice as Heather Whitney and NOT Whitney Skillen, the other sitting member whose first name is Whitney and who is a separate cluster (Speaker 7) in this same recording. She gives every recognition ('Miss Gillen' 84, 196, 580; 'Arlene' 72, 141, 188, 431; 'Candy' 173; 'Miss Crawford' 195, 665, 684; 'Mister patron' 309, 401, 582, 691; 'And Frank' 235; 'Frank Sprague as the chair' 668; 'Miss Hawkins' 609), runs the consent agenda, the nonpublic votes and the adjournment (701). This cluster repeatedly absorbs the onset of the member she is recognising (84 'Miss Gillen.' + Skillen's first words; 72 + Hawkins's first words; 6, 208, 211 + other members' roll answers) and swallows a handful of neighbouring voices; the ones that can be tied to another speaker are reassigned by override","So we are blessedly on time. So I've got four hour just to review for our next meeting agenda. We are going to have, the revised job description from Mr. Pratt. We are going to have discussion of the region ten agreement. We're going to have a discussion of the exploratory subcommittee. Conclusions. We have an upcoming just for folks to know we're going to be meeting with the city council and the school board, a joint meeting that's going to be on September 30th.",Speaker 1
1:31:50.46,1:32:10.64,5510.46,5530.64,Heather Whitney,"CHAIR, Claremont School Board (chair since 4/5/2023, re-elected chair 3/20/2024). She opens the meeting in her own voice at 0 ('I would like to call to order the August 21st, 2024 meeting of the Claremont School Board'), notes the clerk is absent and takes the roll herself at 4-6 ('In the absence of our secretary [or] Clark'), and reads her own name LAST in both roll calls (6; 215 'And Heather Whitney', both words confidence 1.00). Whitney Skillen names her in the third person at 532 ('I think what Heather is asking is...', 'Heather' 1.00) and Bonnie Miles addresses her as 'Heather.' at 555 (1.00) - which fixes this presiding voice as Heather Whitney and NOT Whitney Skillen, the other sitting member whose first name is Whitney and who is a separate cluster (Speaker 7) in this same recording. She gives every recognition ('Miss Gillen' 84, 196, 580; 'Arlene' 72, 141, 188, 431; 'Candy' 173; 'Miss Crawford' 195, 665, 684; 'Mister patron' 309, 401, 582, 691; 'And Frank' 235; 'Frank Sprague as the chair' 668; 'Miss Hawkins' 609), runs the consent agenda, the nonpublic votes and the adjournment (701). This cluster repeatedly absorbs the onset of the member she is recognising (84 'Miss Gillen.' + Skillen's first words; 72 + Hawkins's first words; 6, 208, 211 + other members' roll answers) and swallows a handful of neighbouring voices; the ones that can be tied to another speaker are reassigned by override","The finance subcommittee has set our dates to to be televised by CCTV. It's going to be November 12th, November 19th, December 4th, December 18th. And is there any other request for agenda items? I do have the curriculum update and I'll see if there's.",Speaker 1
1:32:10.72,1:32:12.22,5530.72,5532.22,Bonnie Miles,"Claremont School Board member. CHAIR'S RECOGNITIONS straight into this voice: 'Sorry, Mr. Peter and then miss Miles' (303, 'Miles' 0.96) and 'Who's next, miss Miles?' (312, 'Miles' 1.00) -> 313, which opens her long run of questions on the assistant tech-centre director; Candace Crawford answers her by name at 408 ('I think Bonnie', 0.98) while this voice is speaking at 406-413. She is the member who asks whether the board may approve a position that has already been filled (322-332), who proposes the word 'acting' (335, 469) and who moves the amendment adopted that night (533). CAUTION - THIS CLUSTER MERGES TWO WOMEN: Speaker 6 carries both Bonnie Miles and Arlene Hawkins. Rows keep Miles by default; every stretch that a chair recognition or a colleague's direct address ties to Hawkins is reassigned by override. Short interjections that fall between the anchored runs cannot be separated acoustically and could belong to either member",The next meeting or that's.,Speaker 6
1:32:12.30,1:32:18.18,5532.30,5538.18,Heather Whitney,"CHAIR, Claremont School Board (chair since 4/5/2023, re-elected chair 3/20/2024). She opens the meeting in her own voice at 0 ('I would like to call to order the August 21st, 2024 meeting of the Claremont School Board'), notes the clerk is absent and takes the roll herself at 4-6 ('In the absence of our secretary [or] Clark'), and reads her own name LAST in both roll calls (6; 215 'And Heather Whitney', both words confidence 1.00). Whitney Skillen names her in the third person at 532 ('I think what Heather is asking is...', 'Heather' 1.00) and Bonnie Miles addresses her as 'Heather.' at 555 (1.00) - which fixes this presiding voice as Heather Whitney and NOT Whitney Skillen, the other sitting member whose first name is Whitney and who is a separate cluster (Speaker 7) in this same recording. She gives every recognition ('Miss Gillen' 84, 196, 580; 'Arlene' 72, 141, 188, 431; 'Candy' 173; 'Miss Crawford' 195, 665, 684; 'Mister patron' 309, 401, 582, 691; 'And Frank' 235; 'Frank Sprague as the chair' 668; 'Miss Hawkins' 609), runs the consent agenda, the nonpublic votes and the adjournment (701). This cluster repeatedly absorbs the onset of the member she is recognising (84 'Miss Gillen.' + Skillen's first words; 72 + Hawkins's first words; 6, 208, 211 + other members' roll answers) and swallows a handful of neighbouring voices; the ones that can be tied to another speaker are reassigned by override","If I was there, but I'll put it in the next two whenever. Mr. patron.",Speaker 1
1:32:18.22,1:32:24.22,5538.22,5544.22,Michael Petrin,"Claremont School Board member (returned to the board as a write-in in the March 2024 election). CHAIR'S RECOGNITIONS, each straight into this voice: 'Mike, do you have a question?' (188) -> 189; 'Mister patron.' (309, 0.94) -> 310; 'Mister patron.' (401, 1.00) -> 402; 'Mike.' (551, 1.00) -> 552 ('No.'); 'Mr. patron?' (582, 1.00) -> 583 ('No.'); 'Mr. patron.' (691, 0.76) -> 692. He answers the opening roll in this voice at 5 ('Patron here', 'Patron' 1.00) and the nonpublic roll at 209, and the chair credits the second on the tech-centre motion to him at 292 ('Second for Mike patron'). At 130-132 he speaks off 'Frank and Whitney, what they were saying' and tells Sprague 'Frank retired. You can go take a walk. I can't' - so he is neither of them - and Frank Sprague places him at 483: 'Mike has a background in physical therapy.' ASR renders him 'Patron', 'patron', 'Peterson' (406, 1.00). THIS CLUSTER IS A MERGE: it also carries Assistant Superintendent Mike Koski's long turns, several of Frank Sprague's, and dozens of sub-second interjections from other people; every stretch that could be tied to another speaker is reassigned by override, and short unanchored backchannels left under this label may belong to someone else","Just a clarification on the invite we get today, the D and G Strategic Planning Committee.",Speaker 2
1:32:24.30,1:32:34.42,5544.30,5554.42,Heather Whitney,"CHAIR, Claremont School Board (chair since 4/5/2023, re-elected chair 3/20/2024). She opens the meeting in her own voice at 0 ('I would like to call to order the August 21st, 2024 meeting of the Claremont School Board'), notes the clerk is absent and takes the roll herself at 4-6 ('In the absence of our secretary [or] Clark'), and reads her own name LAST in both roll calls (6; 215 'And Heather Whitney', both words confidence 1.00). Whitney Skillen names her in the third person at 532 ('I think what Heather is asking is...', 'Heather' 1.00) and Bonnie Miles addresses her as 'Heather.' at 555 (1.00) - which fixes this presiding voice as Heather Whitney and NOT Whitney Skillen, the other sitting member whose first name is Whitney and who is a separate cluster (Speaker 7) in this same recording. She gives every recognition ('Miss Gillen' 84, 196, 580; 'Arlene' 72, 141, 188, 431; 'Candy' 173; 'Miss Crawford' 195, 665, 684; 'Mister patron' 309, 401, 582, 691; 'And Frank' 235; 'Frank Sprague as the chair' 668; 'Miss Hawkins' 609), runs the consent agenda, the nonpublic votes and the adjournment (701). This cluster repeatedly absorbs the onset of the member she is recognising (84 'Miss Gillen.' + Skillen's first words; 72 + Hawkins's first words; 6, 208, 211 + other members' roll answers) and swallows a handful of neighbouring voices; the ones that can be tied to another speaker are reassigned by override",Oh. Do you want to speak to that? What was it? The g strategic planning. Everybody's getting update all the board members are getting.,Speaker 1
1:32:34.50,1:32:47.50,5554.50,5567.50,Chris Pratt,"SUPERINTENDENT OF SCHOOLS, SAU 6 / Claremont School District. The chair puts the staff-nomination motion as 'approving the list of nominations as presented by doctor, Doctor Pratt. Mr. Pratt' (280, both 1.00) immediately after this voice's exchange, and names him three more times as the person who will bring the revised job description (558, 561, 563, 688 - all 1.00). He delivers the superintendent's report (8-41), calls it 'the superintendents report that I sent you' (8), hands off to 'Mr. O'Hearn' (219) and to 'Michael' for the AI/PD questions (31), and apologises to the board in the first person for hiring before the board approved the position (588-589). Bonnie Miles says at 568 'Mr. Pratt was an interim superintendent before you became the superintendent' and Michael Petrin at 538 'We have superintendent Chris was the acting superintendent because someone left mid-term' - both addressed to this voice, and the word 'interim' is never applied to him in the present tense anywhere in the file. Bonnie Miles and Arlene Hawkins both address him as 'Chris' (500, 502, 616; 1.00). ASR also renders him 'Mr. Pride' (610, 1.00)","Yeah. So they sent out invites today to to board members to get additional  feedback in regards to the strategic planning. They also sent it out to, the the mayor in the town manager.",Speaker 3
1:32:47.70,1:32:48.82,5567.70,5568.82,Michael Petrin,"Claremont School Board member (returned to the board as a write-in in the March 2024 election). CHAIR'S RECOGNITIONS, each straight into this voice: 'Mike, do you have a question?' (188) -> 189; 'Mister patron.' (309, 0.94) -> 310; 'Mister patron.' (401, 1.00) -> 402; 'Mike.' (551, 1.00) -> 552 ('No.'); 'Mr. patron?' (582, 1.00) -> 583 ('No.'); 'Mr. patron.' (691, 0.76) -> 692. He answers the opening roll in this voice at 5 ('Patron here', 'Patron' 1.00) and the nonpublic roll at 209, and the chair credits the second on the tech-centre motion to him at 292 ('Second for Mike patron'). At 130-132 he speaks off 'Frank and Whitney, what they were saying' and tells Sprague 'Frank retired. You can go take a walk. I can't' - so he is neither of them - and Frank Sprague places him at 483: 'Mike has a background in physical therapy.' ASR renders him 'Patron', 'patron', 'Peterson' (406, 1.00). THIS CLUSTER IS A MERGE: it also carries Assistant Superintendent Mike Koski's long turns, several of Frank Sprague's, and dozens of sub-second interjections from other people; every stretch that could be tied to another speaker is reassigned by override, and short unanchored backchannels left under this label may belong to someone else",DMG is.,Speaker 2
1:32:48.90,1:33:04.18,5568.90,5584.18,Chris Pratt,"SUPERINTENDENT OF SCHOOLS, SAU 6 / Claremont School District. The chair puts the staff-nomination motion as 'approving the list of nominations as presented by doctor, Doctor Pratt. Mr. Pratt' (280, both 1.00) immediately after this voice's exchange, and names him three more times as the person who will bring the revised job description (558, 561, 563, 688 - all 1.00). He delivers the superintendent's report (8-41), calls it 'the superintendents report that I sent you' (8), hands off to 'Mr. O'Hearn' (219) and to 'Michael' for the AI/PD questions (31), and apologises to the board in the first person for hiring before the board approved the position (588-589). Bonnie Miles says at 568 'Mr. Pratt was an interim superintendent before you became the superintendent' and Michael Petrin at 538 'We have superintendent Chris was the acting superintendent because someone left mid-term' - both addressed to this voice, and the word 'interim' is never applied to him in the present tense anywhere in the file. Bonnie Miles and Arlene Hawkins both address him as 'Chris' (500, 502, 616; 1.00). ASR also renders him 'Mr. Pride' (610, 1.00)","It's a district management group. They're the ones that are facilitating our work for creating the strategic plan. So there are a few more focus groups they want to get to. And the board, the mayor, the town manager and.",Speaker 3
1:33:04.26,1:33:12.54,5584.26,5592.54,Chris Pratt,"SUPERINTENDENT OF SCHOOLS, SAU 6 / Claremont School District. The chair puts the staff-nomination motion as 'approving the list of nominations as presented by doctor, Doctor Pratt. Mr. Pratt' (280, both 1.00) immediately after this voice's exchange, and names him three more times as the person who will bring the revised job description (558, 561, 563, 688 - all 1.00). He delivers the superintendent's report (8-41), calls it 'the superintendents report that I sent you' (8), hands off to 'Mr. O'Hearn' (219) and to 'Michael' for the AI/PD questions (31), and apologises to the board in the first person for hiring before the board approved the position (588-589). Bonnie Miles says at 568 'Mr. Pratt was an interim superintendent before you became the superintendent' and Michael Petrin at 538 'We have superintendent Chris was the acting superintendent because someone left mid-term' - both addressed to this voice, and the word 'interim' is never applied to him in the present tense anywhere in the file. Bonnie Miles and Arlene Hawkins both address him as 'Chris' (500, 502, 616; 1.00). ASR also renders him 'Mr. Pride' (610, 1.00)","Some parents. So that you should probably start an email today, asking for, you know, time that available.",Speaker 3
1:33:12.62,1:33:14.78,5592.62,5594.78,Michael Petrin,"Claremont School Board member (returned to the board as a write-in in the March 2024 election). CHAIR'S RECOGNITIONS, each straight into this voice: 'Mike, do you have a question?' (188) -> 189; 'Mister patron.' (309, 0.94) -> 310; 'Mister patron.' (401, 1.00) -> 402; 'Mike.' (551, 1.00) -> 552 ('No.'); 'Mr. patron?' (582, 1.00) -> 583 ('No.'); 'Mr. patron.' (691, 0.76) -> 692. He answers the opening roll in this voice at 5 ('Patron here', 'Patron' 1.00) and the nonpublic roll at 209, and the chair credits the second on the tech-centre motion to him at 292 ('Second for Mike patron'). At 130-132 he speaks off 'Frank and Whitney, what they were saying' and tells Sprague 'Frank retired. You can go take a walk. I can't' - so he is neither of them - and Frank Sprague places him at 483: 'Mike has a background in physical therapy.' ASR renders him 'Patron', 'patron', 'Peterson' (406, 1.00). THIS CLUSTER IS A MERGE: it also carries Assistant Superintendent Mike Koski's long turns, several of Frank Sprague's, and dozens of sub-second interjections from other people; every stretch that could be tied to another speaker is reassigned by override, and short unanchored backchannels left under this label may belong to someone else",To invite. And I just went pleasant clear. Exactly.,Speaker 2
1:33:14.86,1:33:18.06,5594.86,5598.06,Chris Pratt,"SUPERINTENDENT OF SCHOOLS, SAU 6 / Claremont School District. The chair puts the staff-nomination motion as 'approving the list of nominations as presented by doctor, Doctor Pratt. Mr. Pratt' (280, both 1.00) immediately after this voice's exchange, and names him three more times as the person who will bring the revised job description (558, 561, 563, 688 - all 1.00). He delivers the superintendent's report (8-41), calls it 'the superintendents report that I sent you' (8), hands off to 'Mr. O'Hearn' (219) and to 'Michael' for the AI/PD questions (31), and apologises to the board in the first person for hiring before the board approved the position (588-589). Bonnie Miles says at 568 'Mr. Pratt was an interim superintendent before you became the superintendent' and Michael Petrin at 538 'We have superintendent Chris was the acting superintendent because someone left mid-term' - both addressed to this voice, and the word 'interim' is never applied to him in the present tense anywhere in the file. Bonnie Miles and Arlene Hawkins both address him as 'Chris' (500, 502, 616; 1.00). ASR also renders him 'Mr. Pride' (610, 1.00)",That was yeah. You want to know where you're like.,Speaker 3
1:33:18.14,1:33:22.74,5598.14,5602.74,Michael Petrin,"Claremont School Board member (returned to the board as a write-in in the March 2024 election). CHAIR'S RECOGNITIONS, each straight into this voice: 'Mike, do you have a question?' (188) -> 189; 'Mister patron.' (309, 0.94) -> 310; 'Mister patron.' (401, 1.00) -> 402; 'Mike.' (551, 1.00) -> 552 ('No.'); 'Mr. patron?' (582, 1.00) -> 583 ('No.'); 'Mr. patron.' (691, 0.76) -> 692. He answers the opening roll in this voice at 5 ('Patron here', 'Patron' 1.00) and the nonpublic roll at 209, and the chair credits the second on the tech-centre motion to him at 292 ('Second for Mike patron'). At 130-132 he speaks off 'Frank and Whitney, what they were saying' and tells Sprague 'Frank retired. You can go take a walk. I can't' - so he is neither of them - and Frank Sprague places him at 483: 'Mike has a background in physical therapy.' ASR renders him 'Patron', 'patron', 'Peterson' (406, 1.00). THIS CLUSTER IS A MERGE: it also carries Assistant Superintendent Mike Koski's long turns, several of Frank Sprague's, and dozens of sub-second interjections from other people; every stretch that could be tied to another speaker is reassigned by override, and short unanchored backchannels left under this label may belong to someone else","Oh, I know what else I'm meeting.",Speaker 2
1:33:22.82,1:33:29.82,5602.82,5609.82,Heather Whitney,"CHAIR, Claremont School Board (chair since 4/5/2023, re-elected chair 3/20/2024). She opens the meeting in her own voice at 0 ('I would like to call to order the August 21st, 2024 meeting of the Claremont School Board'), notes the clerk is absent and takes the roll herself at 4-6 ('In the absence of our secretary [or] Clark'), and reads her own name LAST in both roll calls (6; 215 'And Heather Whitney', both words confidence 1.00). Whitney Skillen names her in the third person at 532 ('I think what Heather is asking is...', 'Heather' 1.00) and Bonnie Miles addresses her as 'Heather.' at 555 (1.00) - which fixes this presiding voice as Heather Whitney and NOT Whitney Skillen, the other sitting member whose first name is Whitney and who is a separate cluster (Speaker 7) in this same recording. She gives every recognition ('Miss Gillen' 84, 196, 580; 'Arlene' 72, 141, 188, 431; 'Candy' 173; 'Miss Crawford' 195, 665, 684; 'Mister patron' 309, 401, 582, 691; 'And Frank' 235; 'Frank Sprague as the chair' 668; 'Miss Hawkins' 609), runs the consent agenda, the nonpublic votes and the adjournment (701). This cluster repeatedly absorbs the onset of the member she is recognising (84 'Miss Gillen.' + Skillen's first words; 72 + Hawkins's first words; 6, 208, 211 + other members' roll answers) and swallows a handful of neighbouring voices; the ones that can be tied to another speaker are reassigned by override",Is there any objection to a during the meeting? You have no objection. Meeting is adjourned. Thank you.,Speaker 1
1:33:29.86,1:33:33.66,5609.86,5613.66,Whitney Skillen,"Claremont School Board member; CHAIR of the Policy subcommittee. CHAIR'S RECOGNITIONS straight into this voice: 'Miss Gillen.' (84, 0.82) -> 85; 'Yes, Miss Gillen.' (196, 0.43) -> 197, her motion to go into nonpublic; 'So the skill[en]' (298) -> 299; 'Miss Kellen.' (531, 0.62) -> 532; 'we can do a roll call, Whitney' (542, 0.94) -> 543; 'No objection, Miss Gillen' (580, 0.48) -> 581; 'Anybody like to make a motion and then miss going [Gillen]' (653) -> 654; and 'Anything from the policy subcommittee?' (677) -> 678, where she reports on her own schedule as policy chair. She refers to the chair in the third person at 532 ('I think what Heather is asking is'), so she is NOT Heather Whitney, who is a separate cluster (Speaker 1) here. The ASR garbles her surname as 'Gillen', 'going', 'Kellen', 'skill', 'Skilling' and - in the chair's 233 - 'still on'",Is there a place we can put for shredding the stuff that has.,Speaker 7
