Start,End,Start (sec),End (sec),Speaker,Role,Dialogue,Diarized As,Video URL
0:00:01.50,0:00:04.10,1.50,4.10,Unidentified,"Pre-gavel room noise 2.7 s before the chair calls the meeting to order - a single token ('Ello.') at ASR confidence 0.22, filed by the diarizer with Candace Crawford but carrying no anchor at all",Ello.,Speaker 1,https://reflect-claremont.cablecast.tv/internetchannel/show/15994?site=1&seekto=1
0:00:04.18,0:00:32.22,4.18,32.22,Heather Whitney,"CHAIR, Claremont School Board (re-elected chair at the 3/20/2024 organizational meeting) - SHE IS NEVER NAMED ANYWHERE ON THIS RECORDING; a name scan for Whitney/Heather returns ZERO hits. The identification is closed-set elimination plus the public record: she calls the meeting to order (1, 'the September 4th, 2024 Clermont School board meeting'), asks the clerk for the roll (2), runs every agenda item, gives every recognition in the file ('Miss Crawford'; 'Mr. Peter' / 'Mr. Peters' / 'Mr. Patron' / 'Mr. Peterson' for Petrin; 'Frank' and 'Mr. Sprague'; 'Arlene' and 'Miss Hawkins'; 'Mr. Pratt') and adjourns the meeting (346). Her own announced tally at 129 - 'Motion passes with, Mister Patron, Mister Sprague and myself, voting in the affirmative, and Miss Crawford and Miss Hawkins voting against' - places her outside Petrin, Sprague, Crawford and Hawkins, leaving only Heather Whitney, Whitney Skillen and Bonnie Miles of the seven-member 2024 board; neither Skillen nor Miles was ever chair, and vice chair Sprague is in the room and not presiding. She also says 'being on the board for as long as I have now' (209) and sets the agenda with the superintendent ('when Mr. Pratt and I discussed adding this on to the agenda 45 minutes before the meeting', 234). NOT Whitney Skillen, whose first name is Whitney; Skillen is not audible anywhere in this file","I'd like to call to order the September 4th, 2024  Clermont School board meeting. All in attendance. Please rise and join the Pledge of Allegiance. I pledge allegiance to the flag of the United States of America and to the Republic for which it stands. One nation under God, indivisible, with liberty and justice for all.",Speaker 2,https://reflect-claremont.cablecast.tv/internetchannel/show/15994?site=1&seekto=4
0:00:32.30,0:00:37.34,32.30,37.34,Heather Whitney,"CHAIR, Claremont School Board (re-elected chair at the 3/20/2024 organizational meeting) - SHE IS NEVER NAMED ANYWHERE ON THIS RECORDING; a name scan for Whitney/Heather returns ZERO hits. The identification is closed-set elimination plus the public record: she calls the meeting to order (1, 'the September 4th, 2024 Clermont School board meeting'), asks the clerk for the roll (2), runs every agenda item, gives every recognition in the file ('Miss Crawford'; 'Mr. Peter' / 'Mr. Peters' / 'Mr. Patron' / 'Mr. Peterson' for Petrin; 'Frank' and 'Mr. Sprague'; 'Arlene' and 'Miss Hawkins'; 'Mr. Pratt') and adjourns the meeting (346). Her own announced tally at 129 - 'Motion passes with, Mister Patron, Mister Sprague and myself, voting in the affirmative, and Miss Crawford and Miss Hawkins voting against' - places her outside Petrin, Sprague, Crawford and Hawkins, leaving only Heather Whitney, Whitney Skillen and Bonnie Miles of the seven-member 2024 board; neither Skillen nor Miles was ever chair, and vice chair Sprague is in the room and not presiding. She also says 'being on the board for as long as I have now' (209) and sets the agenda with the superintendent ('when Mr. Pratt and I discussed adding this on to the agenda 45 minutes before the meeting', 234). NOT Whitney Skillen, whose first name is Whitney; Skillen is not audible anywhere in this file","I'm with the clerk, please. Roll call.",Speaker 2,https://reflect-claremont.cablecast.tv/internetchannel/show/15994?site=1&seekto=32
0:00:37.42,0:00:42.54,37.42,42.54,Unidentified,"ROLL CALL - the clerk reading members' names with members' answers absorbed into the same segment. The chair asks for it at 2 ('I'm with the clerk, please. Roll call.'), so the reader is the board clerk (Noelle Kronberg, appointed 11/15/2023) rather than the chair, but this segment also contains at least one member's 'Here' and the ASR recovers only 'Here. Arlene Foster here. Bonnie Myers.' - 'Arlene Foster' being the garble for Arlene Hawkins and 'Bonnie Myers' for Bonnie Miles. No single speaker can be named for the row",Here. Arlene Foster here. Bonnie Myers.,Speaker 2,https://reflect-claremont.cablecast.tv/internetchannel/show/15994?site=1&seekto=37
0:00:42.62,0:00:43.55,42.62,43.55,Unidentified,ROLL CALL - a one-word answer ('Here.') from a seated board member; the name the clerk read immediately before it was not transcribed,Here.,Speaker 2,https://reflect-claremont.cablecast.tv/internetchannel/show/15994?site=1&seekto=42
0:00:43.63,0:00:45.86,43.63,45.86,Unidentified,"ROLL CALL - a single 2.2 s fragment ('Are you.') inside the roll, which runs 37.4 s to 49.4 s and yields only seven transcribed words in total. The clerk's calling of the names and the members' answers are merged across segments 3-6 and mostly untranscribed, so the voice here cannot be recovered",Are you.,Speaker 3,https://reflect-claremont.cablecast.tv/internetchannel/show/15994?site=1&seekto=43
0:00:45.94,0:01:19.94,45.94,79.94,Heather Whitney,"CHAIR, Claremont School Board (re-elected chair at the 3/20/2024 organizational meeting) - SHE IS NEVER NAMED ANYWHERE ON THIS RECORDING; a name scan for Whitney/Heather returns ZERO hits. The identification is closed-set elimination plus the public record: she calls the meeting to order (1, 'the September 4th, 2024 Clermont School board meeting'), asks the clerk for the roll (2), runs every agenda item, gives every recognition in the file ('Miss Crawford'; 'Mr. Peter' / 'Mr. Peters' / 'Mr. Patron' / 'Mr. Peterson' for Petrin; 'Frank' and 'Mr. Sprague'; 'Arlene' and 'Miss Hawkins'; 'Mr. Pratt') and adjourns the meeting (346). Her own announced tally at 129 - 'Motion passes with, Mister Patron, Mister Sprague and myself, voting in the affirmative, and Miss Crawford and Miss Hawkins voting against' - places her outside Petrin, Sprague, Crawford and Hawkins, leaving only Heather Whitney, Whitney Skillen and Bonnie Miles of the seven-member 2024 board; neither Skillen nor Miles was ever chair, and vice chair Sprague is in the room and not presiding. She also says 'being on the board for as long as I have now' (209) and sets the agenda with the superintendent ('when Mr. Pratt and I discussed adding this on to the agenda 45 minutes before the meeting', 234). NOT Whitney Skillen, whose first name is Whitney; Skillen is not audible anywhere in this file","Here? Here. Moving on to our first item on our agenda, the consent agenda, which will include, with consent of the board, approval of the two sets of minutes that were provided. And also  a request to expand item two on the agenda to include discussion of proposed administrative oversight model at the Technical Center. Is there any objection to moving forward with the amendment and the approval of the minutes?",Speaker 2,https://reflect-claremont.cablecast.tv/internetchannel/show/15994?site=1&seekto=45
0:01:20.02,0:01:55.66,80.02,115.66,Heather Whitney,"CHAIR, Claremont School Board (re-elected chair at the 3/20/2024 organizational meeting) - SHE IS NEVER NAMED ANYWHERE ON THIS RECORDING; a name scan for Whitney/Heather returns ZERO hits. The identification is closed-set elimination plus the public record: she calls the meeting to order (1, 'the September 4th, 2024 Clermont School board meeting'), asks the clerk for the roll (2), runs every agenda item, gives every recognition in the file ('Miss Crawford'; 'Mr. Peter' / 'Mr. Peters' / 'Mr. Patron' / 'Mr. Peterson' for Petrin; 'Frank' and 'Mr. Sprague'; 'Arlene' and 'Miss Hawkins'; 'Mr. Pratt') and adjourns the meeting (346). Her own announced tally at 129 - 'Motion passes with, Mister Patron, Mister Sprague and myself, voting in the affirmative, and Miss Crawford and Miss Hawkins voting against' - places her outside Petrin, Sprague, Crawford and Hawkins, leaving only Heather Whitney, Whitney Skillen and Bonnie Miles of the seven-member 2024 board; neither Skillen nor Miles was ever chair, and vice chair Sprague is in the room and not presiding. She also says 'being on the board for as long as I have now' (209) and sets the agenda with the superintendent ('when Mr. Pratt and I discussed adding this on to the agenda 45 minutes before the meeting', 234). NOT Whitney Skillen, whose first name is Whitney; Skillen is not audible anywhere in this file","Seeing none, the consent agenda is moved by consent. Moving on to our next item of business, which is citizens comments.  I see no citizens in the room to comment. So we will move on. We're all citizens. We all know citizens and the chairs. Right to comment. So we'll move forward to the public hearing on this public hearing is to accept a donation from McGee Toyota of Claremont, in the amount of $10,000 to help fund the upgrade of batting cages at Bomb Barns Park.",Speaker 2,https://reflect-claremont.cablecast.tv/internetchannel/show/15994?site=1&seekto=80
0:01:55.90,0:02:05.62,115.90,125.62,Heather Whitney,"CHAIR, Claremont School Board (re-elected chair at the 3/20/2024 organizational meeting) - SHE IS NEVER NAMED ANYWHERE ON THIS RECORDING; a name scan for Whitney/Heather returns ZERO hits. The identification is closed-set elimination plus the public record: she calls the meeting to order (1, 'the September 4th, 2024 Clermont School board meeting'), asks the clerk for the roll (2), runs every agenda item, gives every recognition in the file ('Miss Crawford'; 'Mr. Peter' / 'Mr. Peters' / 'Mr. Patron' / 'Mr. Peterson' for Petrin; 'Frank' and 'Mr. Sprague'; 'Arlene' and 'Miss Hawkins'; 'Mr. Pratt') and adjourns the meeting (346). Her own announced tally at 129 - 'Motion passes with, Mister Patron, Mister Sprague and myself, voting in the affirmative, and Miss Crawford and Miss Hawkins voting against' - places her outside Petrin, Sprague, Crawford and Hawkins, leaving only Heather Whitney, Whitney Skillen and Bonnie Miles of the seven-member 2024 board; neither Skillen nor Miles was ever chair, and vice chair Sprague is in the room and not presiding. She also says 'being on the board for as long as I have now' (209) and sets the agenda with the superintendent ('when Mr. Pratt and I discussed adding this on to the agenda 45 minutes before the meeting', 234). NOT Whitney Skillen, whose first name is Whitney; Skillen is not audible anywhere in this file",We have Mr. Joe Perry here who is going to come to the podium and explain what this donation is going to be used for. Thank you.,Speaker 2,https://reflect-claremont.cablecast.tv/internetchannel/show/15994?site=1&seekto=115
0:02:05.66,0:02:41.31,125.66,161.31,Unidentified,"CLAREMONT SCHOOL DISTRICT ATHLETICS STAFF - the only member of the public / non-board presenter at the podium. He presents the $10,000 Magee (ASR also 'McGee') Toyota of Claremont donation toward batting cages and a protective fence at Barnes Park, speaks of 'our head baseball coach, Bill Bundy' and of coordinating with the community center, and says 'I knew we needed to get the approval from the school board. And so that's why I'm here' (12). HIS NAME IS NOT RECOVERABLE: the chair renders it 'Mr. Joe Perry' at 8 ('Perry' conf 0.48, 'Mr.' conf 0.64) and 'Mr. Dupree' at 13 (conf 0.49) - two irreconcilable low-confidence readings five minutes apart, so no name is asserted","Thank you.  So this has been a project for the last few years.  There is no batting. There are no batting cages at Barnes.  We have worked in conjunction with the community center.  And they felt, and we agree that not only, our  batting cages needed, but a protective fence to  to keep folks away and stray balls and all sorts of things,  needs to be built.",Speaker 4,https://reflect-claremont.cablecast.tv/internetchannel/show/15994?site=1&seekto=125
0:02:41.34,0:03:13.86,161.34,193.86,Unidentified,"CLAREMONT SCHOOL DISTRICT ATHLETICS STAFF - the only member of the public / non-board presenter at the podium. He presents the $10,000 Magee (ASR also 'McGee') Toyota of Claremont donation toward batting cages and a protective fence at Barnes Park, speaks of 'our head baseball coach, Bill Bundy' and of coordinating with the community center, and says 'I knew we needed to get the approval from the school board. And so that's why I'm here' (12). HIS NAME IS NOT RECOVERABLE: the chair renders it 'Mr. Joe Perry' at 8 ('Perry' conf 0.48, 'Mr.' conf 0.64) and 'Mr. Dupree' at 13 (conf 0.49) - two irreconcilable low-confidence readings five minutes apart, so no name is asserted","And so the original batting cages that we were looking  to,  put up,  that cost just kept going up and up and up. And  our, our  head  baseball coach, Bill Bundy, was able to, I talked with Magee, Otto, and they were looking to make a donation, and they have a donation of $10,000, which is extremely generous of them.",Speaker 4,https://reflect-claremont.cablecast.tv/internetchannel/show/15994?site=1&seekto=161
0:03:13.86,0:03:43.30,193.86,223.30,Unidentified,"CLAREMONT SCHOOL DISTRICT ATHLETICS STAFF - the only member of the public / non-board presenter at the podium. He presents the $10,000 Magee (ASR also 'McGee') Toyota of Claremont donation toward batting cages and a protective fence at Barnes Park, speaks of 'our head baseball coach, Bill Bundy' and of coordinating with the community center, and says 'I knew we needed to get the approval from the school board. And so that's why I'm here' (12). HIS NAME IS NOT RECOVERABLE: the chair renders it 'Mr. Joe Perry' at 8 ('Perry' conf 0.48, 'Mr.' conf 0.64) and 'Mr. Dupree' at 13 (conf 0.49) - two irreconcilable low-confidence readings five minutes apart, so no name is asserted","It will help us out immensely. Be probably very close to finishing the project. And again, this is also in conjunction with the community center. So, you know, we're kind of going off of their specs as far as  how the, how the batting cage should be put together. So we just needed that approval because it was over the, you know, it was such a large amount.",Speaker 4,https://reflect-claremont.cablecast.tv/internetchannel/show/15994?site=1&seekto=193
0:03:43.38,0:03:48.34,223.38,228.34,Unidentified,"CLAREMONT SCHOOL DISTRICT ATHLETICS STAFF - the only member of the public / non-board presenter at the podium. He presents the $10,000 Magee (ASR also 'McGee') Toyota of Claremont donation toward batting cages and a protective fence at Barnes Park, speaks of 'our head baseball coach, Bill Bundy' and of coordinating with the community center, and says 'I knew we needed to get the approval from the school board. And so that's why I'm here' (12). HIS NAME IS NOT RECOVERABLE: the chair renders it 'Mr. Joe Perry' at 8 ('Perry' conf 0.48, 'Mr.' conf 0.64) and 'Mr. Dupree' at 13 (conf 0.49) - two irreconcilable low-confidence readings five minutes apart, so no name is asserted",I knew we needed to get the approval from the school board. And so that's why I'm here.,Speaker 4,https://reflect-claremont.cablecast.tv/internetchannel/show/15994?site=1&seekto=223
0:03:48.42,0:03:55.42,228.42,235.42,Heather Whitney,"CHAIR, Claremont School Board (re-elected chair at the 3/20/2024 organizational meeting) - SHE IS NEVER NAMED ANYWHERE ON THIS RECORDING; a name scan for Whitney/Heather returns ZERO hits. The identification is closed-set elimination plus the public record: she calls the meeting to order (1, 'the September 4th, 2024 Clermont School board meeting'), asks the clerk for the roll (2), runs every agenda item, gives every recognition in the file ('Miss Crawford'; 'Mr. Peter' / 'Mr. Peters' / 'Mr. Patron' / 'Mr. Peterson' for Petrin; 'Frank' and 'Mr. Sprague'; 'Arlene' and 'Miss Hawkins'; 'Mr. Pratt') and adjourns the meeting (346). Her own announced tally at 129 - 'Motion passes with, Mister Patron, Mister Sprague and myself, voting in the affirmative, and Miss Crawford and Miss Hawkins voting against' - places her outside Petrin, Sprague, Crawford and Hawkins, leaving only Heather Whitney, Whitney Skillen and Bonnie Miles of the seven-member 2024 board; neither Skillen nor Miles was ever chair, and vice chair Sprague is in the room and not presiding. She also says 'being on the board for as long as I have now' (209) and sets the agenda with the superintendent ('when Mr. Pratt and I discussed adding this on to the agenda 45 minutes before the meeting', 234). NOT Whitney Skillen, whose first name is Whitney; Skillen is not audible anywhere in this file",Thank you. Is there any member of the board that has any questions for Mr. Dupree?,Speaker 2,https://reflect-claremont.cablecast.tv/internetchannel/show/15994?site=1&seekto=228
0:03:55.50,0:03:56.58,235.50,236.58,Heather Whitney,"CHAIR, Claremont School Board (re-elected chair at the 3/20/2024 organizational meeting) - SHE IS NEVER NAMED ANYWHERE ON THIS RECORDING; a name scan for Whitney/Heather returns ZERO hits. The identification is closed-set elimination plus the public record: she calls the meeting to order (1, 'the September 4th, 2024 Clermont School board meeting'), asks the clerk for the roll (2), runs every agenda item, gives every recognition in the file ('Miss Crawford'; 'Mr. Peter' / 'Mr. Peters' / 'Mr. Patron' / 'Mr. Peterson' for Petrin; 'Frank' and 'Mr. Sprague'; 'Arlene' and 'Miss Hawkins'; 'Mr. Pratt') and adjourns the meeting (346). Her own announced tally at 129 - 'Motion passes with, Mister Patron, Mister Sprague and myself, voting in the affirmative, and Miss Crawford and Miss Hawkins voting against' - places her outside Petrin, Sprague, Crawford and Hawkins, leaving only Heather Whitney, Whitney Skillen and Bonnie Miles of the seven-member 2024 board; neither Skillen nor Miles was ever chair, and vice chair Sprague is in the room and not presiding. She also says 'being on the board for as long as I have now' (209) and sets the agenda with the superintendent ('when Mr. Pratt and I discussed adding this on to the agenda 45 minutes before the meeting', 234). NOT Whitney Skillen, whose first name is Whitney; Skillen is not audible anywhere in this file",Yes. Mr..,Speaker 2,https://reflect-claremont.cablecast.tv/internetchannel/show/15994?site=1&seekto=235
0:03:56.66,0:04:02.54,236.66,242.54,Unidentified,"CLAREMONT SCHOOL BOARD MEMBER, male - the chair asks 'Is there any member of the board that has any questions for Mr. Dupree?' (13) and recognises 'Yes. Mr..' (14) with the surname unspoken, and this question ('who's responsible for upkeep?') is the answer to that recognition. The diarizer filed it with the superintendent's cluster, which cannot be right - the chair asked for board questions and the superintendent is not a board member. Michael Petrin and Frank Sprague are the two candidates and nothing in the recording chooses between them","Curious as we as we build and add things, who's responsible for upkeep?",Speaker 5,https://reflect-claremont.cablecast.tv/internetchannel/show/15994?site=1&seekto=236
0:04:02.62,0:04:08.18,242.62,248.18,Unidentified,"CLAREMONT SCHOOL DISTRICT ATHLETICS STAFF - the only member of the public / non-board presenter at the podium. He presents the $10,000 Magee (ASR also 'McGee') Toyota of Claremont donation toward batting cages and a protective fence at Barnes Park, speaks of 'our head baseball coach, Bill Bundy' and of coordinating with the community center, and says 'I knew we needed to get the approval from the school board. And so that's why I'm here' (12). HIS NAME IS NOT RECOVERABLE: the chair renders it 'Mr. Joe Perry' at 8 ('Perry' conf 0.48, 'Mr.' conf 0.64) and 'Mr. Dupree' at 13 (conf 0.49) - two irreconcilable low-confidence readings five minutes apart, so no name is asserted","Well, that would be I mean, it's it's on city property.  So.",Speaker 4,https://reflect-claremont.cablecast.tv/internetchannel/show/15994?site=1&seekto=242
0:04:08.30,0:04:09.22,248.30,249.22,Unidentified,"CLAREMONT SCHOOL BOARD MEMBER, male - continuation of the upkeep exchange begun at 15; see that note",Unique situation.,Speaker 5,https://reflect-claremont.cablecast.tv/internetchannel/show/15994?site=1&seekto=248
0:04:09.22,0:04:46.54,249.22,286.54,Unidentified,"CLAREMONT SCHOOL DISTRICT ATHLETICS STAFF - the only member of the public / non-board presenter at the podium. He presents the $10,000 Magee (ASR also 'McGee') Toyota of Claremont donation toward batting cages and a protective fence at Barnes Park, speaks of 'our head baseball coach, Bill Bundy' and of coordinating with the community center, and says 'I knew we needed to get the approval from the school board. And so that's why I'm here' (12). HIS NAME IS NOT RECOVERABLE: the chair renders it 'Mr. Joe Perry' at 8 ('Perry' conf 0.48, 'Mr.' conf 0.64) and 'Mr. Dupree' at 13 (conf 0.49) - two irreconcilable low-confidence readings five minutes apart, so no name is asserted","That it is a unique a unique situation.  I would imagine it would be kind of working together, which we try to do anyway.  And,  you know, just try to keep the the batting cages is as nice and as safe as they possibly can. But in, in my communications with Justin and Sean and Tim and, and Coach Bundy be kind of a cooperative thing, which is always good to have the school and the town work a city working together.",Speaker 4,https://reflect-claremont.cablecast.tv/internetchannel/show/15994?site=1&seekto=249
0:04:46.62,0:04:52.02,286.62,292.02,Heather Whitney,"CHAIR, Claremont School Board (re-elected chair at the 3/20/2024 organizational meeting) - SHE IS NEVER NAMED ANYWHERE ON THIS RECORDING; a name scan for Whitney/Heather returns ZERO hits. The identification is closed-set elimination plus the public record: she calls the meeting to order (1, 'the September 4th, 2024 Clermont School board meeting'), asks the clerk for the roll (2), runs every agenda item, gives every recognition in the file ('Miss Crawford'; 'Mr. Peter' / 'Mr. Peters' / 'Mr. Patron' / 'Mr. Peterson' for Petrin; 'Frank' and 'Mr. Sprague'; 'Arlene' and 'Miss Hawkins'; 'Mr. Pratt') and adjourns the meeting (346). Her own announced tally at 129 - 'Motion passes with, Mister Patron, Mister Sprague and myself, voting in the affirmative, and Miss Crawford and Miss Hawkins voting against' - places her outside Petrin, Sprague, Crawford and Hawkins, leaving only Heather Whitney, Whitney Skillen and Bonnie Miles of the seven-member 2024 board; neither Skillen nor Miles was ever chair, and vice chair Sprague is in the room and not presiding. She also says 'being on the board for as long as I have now' (209) and sets the agenda with the superintendent ('when Mr. Pratt and I discussed adding this on to the agenda 45 minutes before the meeting', 234). NOT Whitney Skillen, whose first name is Whitney; Skillen is not audible anywhere in this file",Can I I'm seeking a motion to accept this  donation. Miss Crawford.,Speaker 2,https://reflect-claremont.cablecast.tv/internetchannel/show/15994?site=1&seekto=286
0:04:52.06,0:04:54.30,292.06,294.30,Candace Crawford,"Claremont School Board member (appointed 7/19/2023, re-elected March 2024); chair of the SRVRTC Visioning Committee - CHAIR'S RECOGNITIONS, each straight into this voice: 'Miss Crawford.' (19, 33, 285, 327) and 'Mr. Crawford.' (97, 194 - the ASR slipping Miss to Mr), every token at confidence 1.00. The chair also uses her first name twice, 'Candy, where did you see that?' (41, conf 1.00) and 'Chris, would you work with Candy' (50, conf 0.99), and confirms this voice as the seconder of the region ten motion ('seconded by Miss Crawford', 76) one segment after it says 'I'll second be happy to say' (75). She identifies herself as chair of the visioning committee ('as the chairperson of that, I'd be fine', 45), states her own no vote on the acting-title amendment ('I'll be voting. No... because I think the word acting should be in the title', 122), and the chair's tally names her among the two voting against (129). Her verbal tic 'I'd be happy to' (45, 75) also ties segment 20 to her",I'd be happy to move acceptance.,Speaker 5,https://reflect-claremont.cablecast.tv/internetchannel/show/15994?site=1&seekto=292
0:04:54.30,0:04:56.22,294.30,296.22,Candace Crawford,Claremont School Board member - ONE-SEGMENT MICRO-CLUSTER holding the tail of her own motion. The chair says 'I'm seeking a motion to accept this donation. Miss Crawford.' (19); this voice completes the sentence begun in segment 20 with a 0.00 s gap - 'I'd be happy to move acceptance.' / 'Of this wonderful donation.' See the Speaker 1 note,Of this wonderful donation.,Speaker 6,https://reflect-claremont.cablecast.tv/internetchannel/show/15994?site=1&seekto=294
0:04:56.30,0:04:58.70,296.30,298.70,Unidentified,"A Claremont School Board member seconding Crawford's motion to accept the Magee Toyota donation ('I'll second it. Second.'). The diarizer filed it with Crawford, who had just made the motion two segments earlier and cannot also second it. The chair never names the seconder and the vote that follows is a voice vote with no count",I'll second it. Second.,Speaker 1,https://reflect-claremont.cablecast.tv/internetchannel/show/15994?site=1&seekto=296
0:04:58.78,0:05:14.54,298.78,314.54,Heather Whitney,"CHAIR, Claremont School Board (re-elected chair at the 3/20/2024 organizational meeting) - SHE IS NEVER NAMED ANYWHERE ON THIS RECORDING; a name scan for Whitney/Heather returns ZERO hits. The identification is closed-set elimination plus the public record: she calls the meeting to order (1, 'the September 4th, 2024 Clermont School board meeting'), asks the clerk for the roll (2), runs every agenda item, gives every recognition in the file ('Miss Crawford'; 'Mr. Peter' / 'Mr. Peters' / 'Mr. Patron' / 'Mr. Peterson' for Petrin; 'Frank' and 'Mr. Sprague'; 'Arlene' and 'Miss Hawkins'; 'Mr. Pratt') and adjourns the meeting (346). Her own announced tally at 129 - 'Motion passes with, Mister Patron, Mister Sprague and myself, voting in the affirmative, and Miss Crawford and Miss Hawkins voting against' - places her outside Petrin, Sprague, Crawford and Hawkins, leaving only Heather Whitney, Whitney Skillen and Bonnie Miles of the seven-member 2024 board; neither Skillen nor Miles was ever chair, and vice chair Sprague is in the room and not presiding. She also says 'being on the board for as long as I have now' (209) and sets the agenda with the superintendent ('when Mr. Pratt and I discussed adding this on to the agenda 45 minutes before the meeting', 234). NOT Whitney Skillen, whose first name is Whitney; Skillen is not audible anywhere in this file","So, is there any discussion? Further discussion. All in favor of accepting  from Magee Toyota of Claremont, $10,000 to aid in the funding and of the upgrading of batting cages at Barnes Park. Say I.",Speaker 2,https://reflect-claremont.cablecast.tv/internetchannel/show/15994?site=1&seekto=298
0:05:14.62,0:05:15.58,314.62,315.58,Multiple,"Claremont School Board members voting aye on accepting the $10,000 Magee Toyota donation - a voice vote with no count announced; the chair declares 'Seeing none oppose the motion passes' (25)",I.,Speaker 5,https://reflect-claremont.cablecast.tv/internetchannel/show/15994?site=1&seekto=314
0:05:15.66,0:05:27.38,315.66,327.38,Heather Whitney,"CHAIR, Claremont School Board (re-elected chair at the 3/20/2024 organizational meeting) - SHE IS NEVER NAMED ANYWHERE ON THIS RECORDING; a name scan for Whitney/Heather returns ZERO hits. The identification is closed-set elimination plus the public record: she calls the meeting to order (1, 'the September 4th, 2024 Clermont School board meeting'), asks the clerk for the roll (2), runs every agenda item, gives every recognition in the file ('Miss Crawford'; 'Mr. Peter' / 'Mr. Peters' / 'Mr. Patron' / 'Mr. Peterson' for Petrin; 'Frank' and 'Mr. Sprague'; 'Arlene' and 'Miss Hawkins'; 'Mr. Pratt') and adjourns the meeting (346). Her own announced tally at 129 - 'Motion passes with, Mister Patron, Mister Sprague and myself, voting in the affirmative, and Miss Crawford and Miss Hawkins voting against' - places her outside Petrin, Sprague, Crawford and Hawkins, leaving only Heather Whitney, Whitney Skillen and Bonnie Miles of the seven-member 2024 board; neither Skillen nor Miles was ever chair, and vice chair Sprague is in the room and not presiding. She also says 'being on the board for as long as I have now' (209) and sets the agenda with the superintendent ('when Mr. Pratt and I discussed adding this on to the agenda 45 minutes before the meeting', 234). NOT Whitney Skillen, whose first name is Whitney; Skillen is not audible anywhere in this file","Seeing none oppose the motion passes. Thank you very much. Thank you. And thank you.  Magee  parents, for this extremely generous donation is very generous, helping to elevate the community.",Speaker 2,https://reflect-claremont.cablecast.tv/internetchannel/show/15994?site=1&seekto=315
0:05:27.46,0:05:30.90,327.46,330.90,Candace Crawford,"Claremont School Board member (appointed 7/19/2023, re-elected March 2024); chair of the SRVRTC Visioning Committee - CHAIR'S RECOGNITIONS, each straight into this voice: 'Miss Crawford.' (19, 33, 285, 327) and 'Mr. Crawford.' (97, 194 - the ASR slipping Miss to Mr), every token at confidence 1.00. The chair also uses her first name twice, 'Candy, where did you see that?' (41, conf 1.00) and 'Chris, would you work with Candy' (50, conf 0.99), and confirms this voice as the seconder of the region ten motion ('seconded by Miss Crawford', 76) one segment after it says 'I'll second be happy to say' (75). She identifies herself as chair of the visioning committee ('as the chairperson of that, I'd be fine', 45), states her own no vote on the acting-title amendment ('I'll be voting. No... because I think the word acting should be in the title', 122), and the chair's tally names her among the two voting against (129). Her verbal tic 'I'd be happy to' (45, 75) also ties segment 20 to her",Much appreciated. Much appreciate it.,Speaker 1,https://reflect-claremont.cablecast.tv/internetchannel/show/15994?site=1&seekto=327
0:05:30.98,0:05:49.94,330.98,349.94,Heather Whitney,"CHAIR, Claremont School Board (re-elected chair at the 3/20/2024 organizational meeting) - SHE IS NEVER NAMED ANYWHERE ON THIS RECORDING; a name scan for Whitney/Heather returns ZERO hits. The identification is closed-set elimination plus the public record: she calls the meeting to order (1, 'the September 4th, 2024 Clermont School board meeting'), asks the clerk for the roll (2), runs every agenda item, gives every recognition in the file ('Miss Crawford'; 'Mr. Peter' / 'Mr. Peters' / 'Mr. Patron' / 'Mr. Peterson' for Petrin; 'Frank' and 'Mr. Sprague'; 'Arlene' and 'Miss Hawkins'; 'Mr. Pratt') and adjourns the meeting (346). Her own announced tally at 129 - 'Motion passes with, Mister Patron, Mister Sprague and myself, voting in the affirmative, and Miss Crawford and Miss Hawkins voting against' - places her outside Petrin, Sprague, Crawford and Hawkins, leaving only Heather Whitney, Whitney Skillen and Bonnie Miles of the seven-member 2024 board; neither Skillen nor Miles was ever chair, and vice chair Sprague is in the room and not presiding. She also says 'being on the board for as long as I have now' (209) and sets the agenda with the superintendent ('when Mr. Pratt and I discussed adding this on to the agenda 45 minutes before the meeting', 234). NOT Whitney Skillen, whose first name is Whitney; Skillen is not audible anywhere in this file",So we're now going to technically close the public hearing. Moving on to our discussion and action items. Some of these were pushed over from our last meeting. Item number one is a discussion of the region ten agreement.  The presentation will be from Mr. Pratt and Mr..,Speaker 2,https://reflect-claremont.cablecast.tv/internetchannel/show/15994?site=1&seekto=330
0:05:50.02,0:06:17.40,350.02,377.40,Chris Pratt,"SUPERINTENDENT OF SCHOOLS, SAU 6 - CHAIR'S RECOGNITIONS straight into this voice: 'The presentation will be from Mr. Pratt' (27), 'Mr. Pratt yeah.' (87) and 'Miss Hawkins and Mr. Pratt' (250), all at conf 1.00. Arlene Hawkins addresses him mid-report ('Did I say that correctly, Mr. Pratt?', 304) and vouches for him ('I have every faith in Mr. Pratt', 228); Candace Crawford says 'I talked to Superintendent Pratt before the meeting' (236); the chair calls him 'Chris' at 50. He speaks as superintendent in the first person: 'I do a lot of the oversight already as superintendent' (166), 'as a superintendent here, you know, in this district' (203), 'as a superintendent you're doing the work anyways' (183). He reports obtaining his level one CTE director/principal licence and lays out the three tech-center administration options. NOTE FOR THE RECORD, NOT HARMONISED: this voice also says 'I've known her for for many years and I've given her a lot of things over the years when I was a superintendent in, in Vermont' (206, 'Vermont' conf 1.00), 'I also know from working in Massachusetts and Vermont' (220), 'I'm still relatively new to the community' (231), 'being new around the table' (38) and 'my second week on' (35) - which sits oddly with the project record of Chris Pratt as the long-serving Stevens High School principal. Quoted as spoken; not reconciled here","Good evening everyone. So this is the annual agreement of the regional council, which is for Claremont, Newport and centerpiece.  Some of the obvious changes that you'll see in the agreement is just updating the dates in regards to how long this agreement is in an act.  It also talks a little one of the major parts of this agreement.",Speaker 5,https://reflect-claremont.cablecast.tv/internetchannel/show/15994?site=1&seekto=350
0:06:17.42,0:06:39.82,377.42,399.82,Chris Pratt,"SUPERINTENDENT OF SCHOOLS, SAU 6 - CHAIR'S RECOGNITIONS straight into this voice: 'The presentation will be from Mr. Pratt' (27), 'Mr. Pratt yeah.' (87) and 'Miss Hawkins and Mr. Pratt' (250), all at conf 1.00. Arlene Hawkins addresses him mid-report ('Did I say that correctly, Mr. Pratt?', 304) and vouches for him ('I have every faith in Mr. Pratt', 228); Candace Crawford says 'I talked to Superintendent Pratt before the meeting' (236); the chair calls him 'Chris' at 50. He speaks as superintendent in the first person: 'I do a lot of the oversight already as superintendent' (166), 'as a superintendent here, you know, in this district' (203), 'as a superintendent you're doing the work anyways' (183). He reports obtaining his level one CTE director/principal licence and lays out the three tech-center administration options. NOTE FOR THE RECORD, NOT HARMONISED: this voice also says 'I've known her for for many years and I've given her a lot of things over the years when I was a superintendent in, in Vermont' (206, 'Vermont' conf 1.00), 'I also know from working in Massachusetts and Vermont' (220), 'I'm still relatively new to the community' (231), 'being new around the table' (38) and 'my second week on' (35) - which sits oddly with the project record of Chris Pratt as the long-serving Stevens High School principal. Quoted as spoken; not reconciled here","Some of the things we have to talk to, talk about and make sure that we're all on the same page with things like transportation, how many seats, the school gets at the other districts, for instance, Claremont School District. We get six the.",Speaker 5,https://reflect-claremont.cablecast.tv/internetchannel/show/15994?site=1&seekto=377
0:06:39.90,0:07:03.42,399.90,423.42,Chris Pratt,"SUPERINTENDENT OF SCHOOLS, SAU 6 - CHAIR'S RECOGNITIONS straight into this voice: 'The presentation will be from Mr. Pratt' (27), 'Mr. Pratt yeah.' (87) and 'Miss Hawkins and Mr. Pratt' (250), all at conf 1.00. Arlene Hawkins addresses him mid-report ('Did I say that correctly, Mr. Pratt?', 304) and vouches for him ('I have every faith in Mr. Pratt', 228); Candace Crawford says 'I talked to Superintendent Pratt before the meeting' (236); the chair calls him 'Chris' at 50. He speaks as superintendent in the first person: 'I do a lot of the oversight already as superintendent' (166), 'as a superintendent here, you know, in this district' (203), 'as a superintendent you're doing the work anyways' (183). He reports obtaining his level one CTE director/principal licence and lays out the three tech-center administration options. NOTE FOR THE RECORD, NOT HARMONISED: this voice also says 'I've known her for for many years and I've given her a lot of things over the years when I was a superintendent in, in Vermont' (206, 'Vermont' conf 1.00), 'I also know from working in Massachusetts and Vermont' (220), 'I'm still relatively new to the community' (231), 'being new around the table' (38) and 'my second week on' (35) - which sits oddly with the project record of Chris Pratt as the long-serving Stevens High School principal. Quoted as spoken; not reconciled here","So we have Claremont get six seats. Newport six and son of P two seats. And that goes both ways. In a lot of times it's for part of the region ten agreement is making sure one not competing in regards to we're offering the same courses at Claremont and Newport. There are some differences and we could have similarities, but we should have different pathways and stuff.",Speaker 5,https://reflect-claremont.cablecast.tv/internetchannel/show/15994?site=1&seekto=399
0:07:03.50,0:07:15.70,423.50,435.70,Chris Pratt,"SUPERINTENDENT OF SCHOOLS, SAU 6 - CHAIR'S RECOGNITIONS straight into this voice: 'The presentation will be from Mr. Pratt' (27), 'Mr. Pratt yeah.' (87) and 'Miss Hawkins and Mr. Pratt' (250), all at conf 1.00. Arlene Hawkins addresses him mid-report ('Did I say that correctly, Mr. Pratt?', 304) and vouches for him ('I have every faith in Mr. Pratt', 228); Candace Crawford says 'I talked to Superintendent Pratt before the meeting' (236); the chair calls him 'Chris' at 50. He speaks as superintendent in the first person: 'I do a lot of the oversight already as superintendent' (166), 'as a superintendent here, you know, in this district' (203), 'as a superintendent you're doing the work anyways' (183). He reports obtaining his level one CTE director/principal licence and lays out the three tech-center administration options. NOTE FOR THE RECORD, NOT HARMONISED: this voice also says 'I've known her for for many years and I've given her a lot of things over the years when I was a superintendent in, in Vermont' (206, 'Vermont' conf 1.00), 'I also know from working in Massachusetts and Vermont' (220), 'I'm still relatively new to the community' (231), 'being new around the table' (38) and 'my second week on' (35) - which sits oddly with the project record of Chris Pratt as the long-serving Stevens High School principal. Quoted as spoken; not reconciled here",So that kind of outlines kind of like the what we're all agreeing to do as working partners and providing students with tech education.,Speaker 5,https://reflect-claremont.cablecast.tv/internetchannel/show/15994?site=1&seekto=423
0:07:15.78,0:07:47.26,435.78,467.26,Chris Pratt,"SUPERINTENDENT OF SCHOOLS, SAU 6 - CHAIR'S RECOGNITIONS straight into this voice: 'The presentation will be from Mr. Pratt' (27), 'Mr. Pratt yeah.' (87) and 'Miss Hawkins and Mr. Pratt' (250), all at conf 1.00. Arlene Hawkins addresses him mid-report ('Did I say that correctly, Mr. Pratt?', 304) and vouches for him ('I have every faith in Mr. Pratt', 228); Candace Crawford says 'I talked to Superintendent Pratt before the meeting' (236); the chair calls him 'Chris' at 50. He speaks as superintendent in the first person: 'I do a lot of the oversight already as superintendent' (166), 'as a superintendent here, you know, in this district' (203), 'as a superintendent you're doing the work anyways' (183). He reports obtaining his level one CTE director/principal licence and lays out the three tech-center administration options. NOTE FOR THE RECORD, NOT HARMONISED: this voice also says 'I've known her for for many years and I've given her a lot of things over the years when I was a superintendent in, in Vermont' (206, 'Vermont' conf 1.00), 'I also know from working in Massachusetts and Vermont' (220), 'I'm still relatively new to the community' (231), 'being new around the table' (38) and 'my second week on' (35) - which sits oddly with the project record of Chris Pratt as the long-serving Stevens High School principal. Quoted as spoken; not reconciled here","And that's, you know, that's pretty much it. You said we talked about tuition, transportation. If there's a dispute between the two parties of the sending district, you know how we resolve those. And it's all in line with  the New Hampshire Department of Education and working together. It's it's just a an MOU, really, of agreement between all the tech centers that we're going to work in good faith, with each other to provide these students this education.",Speaker 5,https://reflect-claremont.cablecast.tv/internetchannel/show/15994?site=1&seekto=435
0:07:47.34,0:07:48.86,467.34,468.86,Heather Whitney,"CHAIR, Claremont School Board (re-elected chair at the 3/20/2024 organizational meeting) - SHE IS NEVER NAMED ANYWHERE ON THIS RECORDING; a name scan for Whitney/Heather returns ZERO hits. The identification is closed-set elimination plus the public record: she calls the meeting to order (1, 'the September 4th, 2024 Clermont School board meeting'), asks the clerk for the roll (2), runs every agenda item, gives every recognition in the file ('Miss Crawford'; 'Mr. Peter' / 'Mr. Peters' / 'Mr. Patron' / 'Mr. Peterson' for Petrin; 'Frank' and 'Mr. Sprague'; 'Arlene' and 'Miss Hawkins'; 'Mr. Pratt') and adjourns the meeting (346). Her own announced tally at 129 - 'Motion passes with, Mister Patron, Mister Sprague and myself, voting in the affirmative, and Miss Crawford and Miss Hawkins voting against' - places her outside Petrin, Sprague, Crawford and Hawkins, leaving only Heather Whitney, Whitney Skillen and Bonnie Miles of the seven-member 2024 board; neither Skillen nor Miles was ever chair, and vice chair Sprague is in the room and not presiding. She also says 'being on the board for as long as I have now' (209) and sets the agenda with the superintendent ('when Mr. Pratt and I discussed adding this on to the agenda 45 minutes before the meeting', 234). NOT Whitney Skillen, whose first name is Whitney; Skillen is not audible anywhere in this file",Miss Crawford.,Speaker 2,https://reflect-claremont.cablecast.tv/internetchannel/show/15994?site=1&seekto=467
0:07:48.94,0:07:53.54,468.94,473.54,Candace Crawford,"Claremont School Board member (appointed 7/19/2023, re-elected March 2024); chair of the SRVRTC Visioning Committee - CHAIR'S RECOGNITIONS, each straight into this voice: 'Miss Crawford.' (19, 33, 285, 327) and 'Mr. Crawford.' (97, 194 - the ASR slipping Miss to Mr), every token at confidence 1.00. The chair also uses her first name twice, 'Candy, where did you see that?' (41, conf 1.00) and 'Chris, would you work with Candy' (50, conf 0.99), and confirms this voice as the seconder of the region ten motion ('seconded by Miss Crawford', 76) one segment after it says 'I'll second be happy to say' (75). She identifies herself as chair of the visioning committee ('as the chairperson of that, I'd be fine', 45), states her own no vote on the acting-title amendment ('I'll be voting. No... because I think the word acting should be in the title', 122), and the chair's tally names her among the two voting against (129). Her verbal tic 'I'd be happy to' (45, 75) also ties segment 20 to her",Are there any changes besides dates? Are there material changes?,Speaker 1,https://reflect-claremont.cablecast.tv/internetchannel/show/15994?site=1&seekto=468
0:07:53.74,0:08:09.58,473.74,489.58,Chris Pratt,"SUPERINTENDENT OF SCHOOLS, SAU 6 - CHAIR'S RECOGNITIONS straight into this voice: 'The presentation will be from Mr. Pratt' (27), 'Mr. Pratt yeah.' (87) and 'Miss Hawkins and Mr. Pratt' (250), all at conf 1.00. Arlene Hawkins addresses him mid-report ('Did I say that correctly, Mr. Pratt?', 304) and vouches for him ('I have every faith in Mr. Pratt', 228); Candace Crawford says 'I talked to Superintendent Pratt before the meeting' (236); the chair calls him 'Chris' at 50. He speaks as superintendent in the first person: 'I do a lot of the oversight already as superintendent' (166), 'as a superintendent here, you know, in this district' (203), 'as a superintendent you're doing the work anyways' (183). He reports obtaining his level one CTE director/principal licence and lays out the three tech-center administration options. NOTE FOR THE RECORD, NOT HARMONISED: this voice also says 'I've known her for for many years and I've given her a lot of things over the years when I was a superintendent in, in Vermont' (206, 'Vermont' conf 1.00), 'I also know from working in Massachusetts and Vermont' (220), 'I'm still relatively new to the community' (231), 'being new around the table' (38) and 'my second week on' (35) - which sits oddly with the project record of Chris Pratt as the long-serving Stevens High School principal. Quoted as spoken; not reconciled here","Not really. I mean, we look at we look at the seats, I don't think I don't know if the seats change from last year to this year. I think we had I had part of this meeting probably my second week on, but I don't I don't because a lot of it is just governed by, by law, what we have to do.",Speaker 5,https://reflect-claremont.cablecast.tv/internetchannel/show/15994?site=1&seekto=473
0:08:09.66,0:08:13.38,489.66,493.38,Chris Pratt,"SUPERINTENDENT OF SCHOOLS, SAU 6 - CHAIR'S RECOGNITIONS straight into this voice: 'The presentation will be from Mr. Pratt' (27), 'Mr. Pratt yeah.' (87) and 'Miss Hawkins and Mr. Pratt' (250), all at conf 1.00. Arlene Hawkins addresses him mid-report ('Did I say that correctly, Mr. Pratt?', 304) and vouches for him ('I have every faith in Mr. Pratt', 228); Candace Crawford says 'I talked to Superintendent Pratt before the meeting' (236); the chair calls him 'Chris' at 50. He speaks as superintendent in the first person: 'I do a lot of the oversight already as superintendent' (166), 'as a superintendent here, you know, in this district' (203), 'as a superintendent you're doing the work anyways' (183). He reports obtaining his level one CTE director/principal licence and lays out the three tech-center administration options. NOTE FOR THE RECORD, NOT HARMONISED: this voice also says 'I've known her for for many years and I've given her a lot of things over the years when I was a superintendent in, in Vermont' (206, 'Vermont' conf 1.00), 'I also know from working in Massachusetts and Vermont' (220), 'I'm still relatively new to the community' (231), 'being new around the table' (38) and 'my second week on' (35) - which sits oddly with the project record of Chris Pratt as the long-serving Stevens High School principal. Quoted as spoken; not reconciled here",So I don't recall any big changes that we discussed.,Speaker 5,https://reflect-claremont.cablecast.tv/internetchannel/show/15994?site=1&seekto=489
0:08:13.46,0:08:45.70,493.46,525.70,Candace Crawford,"Claremont School Board member (appointed 7/19/2023, re-elected March 2024); chair of the SRVRTC Visioning Committee - CHAIR'S RECOGNITIONS, each straight into this voice: 'Miss Crawford.' (19, 33, 285, 327) and 'Mr. Crawford.' (97, 194 - the ASR slipping Miss to Mr), every token at confidence 1.00. The chair also uses her first name twice, 'Candy, where did you see that?' (41, conf 1.00) and 'Chris, would you work with Candy' (50, conf 0.99), and confirms this voice as the seconder of the region ten motion ('seconded by Miss Crawford', 76) one segment after it says 'I'll second be happy to say' (75). She identifies herself as chair of the visioning committee ('as the chairperson of that, I'd be fine', 45), states her own no vote on the acting-title amendment ('I'll be voting. No... because I think the word acting should be in the title', 122), and the chair's tally names her among the two voting against (129). Her verbal tic 'I'd be happy to' (45, 75) also ties segment 20 to her","And the second question  is there's been so much debate over the past years whether to sign on to this. And I, for one, am happy to see us approve of it. I think we should. And,  but I  guess all the I'm hoping that the questions and conflicts that had arisen over the past couple of years that had prevented us from adopting it have been resolved.",Speaker 1,https://reflect-claremont.cablecast.tv/internetchannel/show/15994?site=1&seekto=493
0:08:45.78,0:09:04.94,525.78,544.94,Chris Pratt,"SUPERINTENDENT OF SCHOOLS, SAU 6 - CHAIR'S RECOGNITIONS straight into this voice: 'The presentation will be from Mr. Pratt' (27), 'Mr. Pratt yeah.' (87) and 'Miss Hawkins and Mr. Pratt' (250), all at conf 1.00. Arlene Hawkins addresses him mid-report ('Did I say that correctly, Mr. Pratt?', 304) and vouches for him ('I have every faith in Mr. Pratt', 228); Candace Crawford says 'I talked to Superintendent Pratt before the meeting' (236); the chair calls him 'Chris' at 50. He speaks as superintendent in the first person: 'I do a lot of the oversight already as superintendent' (166), 'as a superintendent here, you know, in this district' (203), 'as a superintendent you're doing the work anyways' (183). He reports obtaining his level one CTE director/principal licence and lays out the three tech-center administration options. NOTE FOR THE RECORD, NOT HARMONISED: this voice also says 'I've known her for for many years and I've given her a lot of things over the years when I was a superintendent in, in Vermont' (206, 'Vermont' conf 1.00), 'I also know from working in Massachusetts and Vermont' (220), 'I'm still relatively new to the community' (231), 'being new around the table' (38) and 'my second week on' (35) - which sits oddly with the project record of Chris Pratt as the long-serving Stevens High School principal. Quoted as spoken; not reconciled here","Yeah, I went through it. I mean, being new around the table, there's nothing it just good practice. Yeah, it's nothing in there that, you know, should limit on what we do. Right? It's just it forces us to, you know, it doesn't force us, but we should be working more collaboratively together with some of P and Newport anyways, because it's about the kids.",Speaker 5,https://reflect-claremont.cablecast.tv/internetchannel/show/15994?site=1&seekto=525
0:09:05.02,0:09:26.42,545.02,566.42,Chris Pratt,"SUPERINTENDENT OF SCHOOLS, SAU 6 - CHAIR'S RECOGNITIONS straight into this voice: 'The presentation will be from Mr. Pratt' (27), 'Mr. Pratt yeah.' (87) and 'Miss Hawkins and Mr. Pratt' (250), all at conf 1.00. Arlene Hawkins addresses him mid-report ('Did I say that correctly, Mr. Pratt?', 304) and vouches for him ('I have every faith in Mr. Pratt', 228); Candace Crawford says 'I talked to Superintendent Pratt before the meeting' (236); the chair calls him 'Chris' at 50. He speaks as superintendent in the first person: 'I do a lot of the oversight already as superintendent' (166), 'as a superintendent here, you know, in this district' (203), 'as a superintendent you're doing the work anyways' (183). He reports obtaining his level one CTE director/principal licence and lays out the three tech-center administration options. NOTE FOR THE RECORD, NOT HARMONISED: this voice also says 'I've known her for for many years and I've given her a lot of things over the years when I was a superintendent in, in Vermont' (206, 'Vermont' conf 1.00), 'I also know from working in Massachusetts and Vermont' (220), 'I'm still relatively new to the community' (231), 'being new around the table' (38) and 'my second week on' (35) - which sits oddly with the project record of Chris Pratt as the long-serving Stevens High School principal. Quoted as spoken; not reconciled here","I don't see anything in here that limits us to do that. I think we just have to have a keep that open line of communication. Because you have Newport, they're going through a lot, you know, a building project, and they're trying to improve their programs. We're going to continue to improve out here. It's not about competing. It's about how we can,  collaborate with each other to, you know, offer students what they need.",Speaker 5,https://reflect-claremont.cablecast.tv/internetchannel/show/15994?site=1&seekto=545
0:09:26.58,0:09:42.66,566.58,582.66,Candace Crawford,"Claremont School Board member (appointed 7/19/2023, re-elected March 2024); chair of the SRVRTC Visioning Committee - CHAIR'S RECOGNITIONS, each straight into this voice: 'Miss Crawford.' (19, 33, 285, 327) and 'Mr. Crawford.' (97, 194 - the ASR slipping Miss to Mr), every token at confidence 1.00. The chair also uses her first name twice, 'Candy, where did you see that?' (41, conf 1.00) and 'Chris, would you work with Candy' (50, conf 0.99), and confirms this voice as the seconder of the region ten motion ('seconded by Miss Crawford', 76) one segment after it says 'I'll second be happy to say' (75). She identifies herself as chair of the visioning committee ('as the chairperson of that, I'd be fine', 45), states her own no vote on the acting-title amendment ('I'll be voting. No... because I think the word acting should be in the title', 122), and the chair's tally names her among the two voting against (129). Her verbal tic 'I'd be happy to' (45, 75) also ties segment 20 to her","And I see that, you know, again, that we have to have at least one joint meeting a year. And I think it's important to get that on the calendar. So that, in fact, happens.",Speaker 1,https://reflect-claremont.cablecast.tv/internetchannel/show/15994?site=1&seekto=566
0:09:42.74,0:09:46.06,582.74,586.06,Heather Whitney,"CHAIR, Claremont School Board (re-elected chair at the 3/20/2024 organizational meeting) - SHE IS NEVER NAMED ANYWHERE ON THIS RECORDING; a name scan for Whitney/Heather returns ZERO hits. The identification is closed-set elimination plus the public record: she calls the meeting to order (1, 'the September 4th, 2024 Clermont School board meeting'), asks the clerk for the roll (2), runs every agenda item, gives every recognition in the file ('Miss Crawford'; 'Mr. Peter' / 'Mr. Peters' / 'Mr. Patron' / 'Mr. Peterson' for Petrin; 'Frank' and 'Mr. Sprague'; 'Arlene' and 'Miss Hawkins'; 'Mr. Pratt') and adjourns the meeting (346). Her own announced tally at 129 - 'Motion passes with, Mister Patron, Mister Sprague and myself, voting in the affirmative, and Miss Crawford and Miss Hawkins voting against' - places her outside Petrin, Sprague, Crawford and Hawkins, leaving only Heather Whitney, Whitney Skillen and Bonnie Miles of the seven-member 2024 board; neither Skillen nor Miles was ever chair, and vice chair Sprague is in the room and not presiding. She also says 'being on the board for as long as I have now' (209) and sets the agenda with the superintendent ('when Mr. Pratt and I discussed adding this on to the agenda 45 minutes before the meeting', 234). NOT Whitney Skillen, whose first name is Whitney; Skillen is not audible anywhere in this file","Candy, where did you see that? Is that between the two boards?",Speaker 2,https://reflect-claremont.cablecast.tv/internetchannel/show/15994?site=1&seekto=582
0:09:46.14,0:10:02.12,586.14,602.12,Candace Crawford,"Claremont School Board member (appointed 7/19/2023, re-elected March 2024); chair of the SRVRTC Visioning Committee - CHAIR'S RECOGNITIONS, each straight into this voice: 'Miss Crawford.' (19, 33, 285, 327) and 'Mr. Crawford.' (97, 194 - the ASR slipping Miss to Mr), every token at confidence 1.00. The chair also uses her first name twice, 'Candy, where did you see that?' (41, conf 1.00) and 'Chris, would you work with Candy' (50, conf 0.99), and confirms this voice as the seconder of the region ten motion ('seconded by Miss Crawford', 76) one segment after it says 'I'll second be happy to say' (75). She identifies herself as chair of the visioning committee ('as the chairperson of that, I'd be fine', 45), states her own no vote on the acting-title amendment ('I'll be voting. No... because I think the word acting should be in the title', 122), and the chair's tally names her among the two voting against (129). Her verbal tic 'I'd be happy to' (45, 75) also ties segment 20 to her","It's set on page two under district agreement. Section three, number one, I know that's been discussed in the past.",Speaker 1,https://reflect-claremont.cablecast.tv/internetchannel/show/15994?site=1&seekto=586
0:10:02.12,0:10:07.94,602.12,607.94,Candace Crawford,"Claremont School Board member (appointed 7/19/2023, re-elected March 2024); chair of the SRVRTC Visioning Committee - CHAIR'S RECOGNITIONS, each straight into this voice: 'Miss Crawford.' (19, 33, 285, 327) and 'Mr. Crawford.' (97, 194 - the ASR slipping Miss to Mr), every token at confidence 1.00. The chair also uses her first name twice, 'Candy, where did you see that?' (41, conf 1.00) and 'Chris, would you work with Candy' (50, conf 0.99), and confirms this voice as the seconder of the region ten motion ('seconded by Miss Crawford', 76) one segment after it says 'I'll second be happy to say' (75). She identifies herself as chair of the visioning committee ('as the chairperson of that, I'd be fine', 45), states her own no vote on the acting-title amendment ('I'll be voting. No... because I think the word acting should be in the title', 122), and the chair's tally names her among the two voting against (129). Her verbal tic 'I'd be happy to' (45, 75) also ties segment 20 to her",That's why I look for it.,Speaker 1,https://reflect-claremont.cablecast.tv/internetchannel/show/15994?site=1&seekto=602
0:10:08.02,0:10:14.38,608.02,614.38,Heather Whitney,"CHAIR, Claremont School Board (re-elected chair at the 3/20/2024 organizational meeting) - SHE IS NEVER NAMED ANYWHERE ON THIS RECORDING; a name scan for Whitney/Heather returns ZERO hits. The identification is closed-set elimination plus the public record: she calls the meeting to order (1, 'the September 4th, 2024 Clermont School board meeting'), asks the clerk for the roll (2), runs every agenda item, gives every recognition in the file ('Miss Crawford'; 'Mr. Peter' / 'Mr. Peters' / 'Mr. Patron' / 'Mr. Peterson' for Petrin; 'Frank' and 'Mr. Sprague'; 'Arlene' and 'Miss Hawkins'; 'Mr. Pratt') and adjourns the meeting (346). Her own announced tally at 129 - 'Motion passes with, Mister Patron, Mister Sprague and myself, voting in the affirmative, and Miss Crawford and Miss Hawkins voting against' - places her outside Petrin, Sprague, Crawford and Hawkins, leaving only Heather Whitney, Whitney Skillen and Bonnie Miles of the seven-member 2024 board; neither Skillen nor Miles was ever chair, and vice chair Sprague is in the room and not presiding. She also says 'being on the board for as long as I have now' (209) and sets the agenda with the superintendent ('when Mr. Pratt and I discussed adding this on to the agenda 45 minutes before the meeting', 234). NOT Whitney Skillen, whose first name is Whitney; Skillen is not audible anywhere in this file","What do you think about the visioning Committee being the representatives that go because it's a designee, it's the chairperson or designate.",Speaker 2,https://reflect-claremont.cablecast.tv/internetchannel/show/15994?site=1&seekto=608
0:10:14.42,0:10:24.34,614.42,624.34,Candace Crawford,"Claremont School Board member (appointed 7/19/2023, re-elected March 2024); chair of the SRVRTC Visioning Committee - CHAIR'S RECOGNITIONS, each straight into this voice: 'Miss Crawford.' (19, 33, 285, 327) and 'Mr. Crawford.' (97, 194 - the ASR slipping Miss to Mr), every token at confidence 1.00. The chair also uses her first name twice, 'Candy, where did you see that?' (41, conf 1.00) and 'Chris, would you work with Candy' (50, conf 0.99), and confirms this voice as the seconder of the region ten motion ('seconded by Miss Crawford', 76) one segment after it says 'I'll second be happy to say' (75). She identifies herself as chair of the visioning committee ('as the chairperson of that, I'd be fine', 45), states her own no vote on the acting-title amendment ('I'll be voting. No... because I think the word acting should be in the title', 122), and the chair's tally names her among the two voting against (129). Her verbal tic 'I'd be happy to' (45, 75) also ties segment 20 to her","I mean, as the chairperson of that, I'd be fine. I'd be happy with that. I'd be happy to do that. But that's your call.",Speaker 1,https://reflect-claremont.cablecast.tv/internetchannel/show/15994?site=1&seekto=614
0:10:24.42,0:10:27.58,624.42,627.58,Heather Whitney,"CHAIR, Claremont School Board (re-elected chair at the 3/20/2024 organizational meeting) - SHE IS NEVER NAMED ANYWHERE ON THIS RECORDING; a name scan for Whitney/Heather returns ZERO hits. The identification is closed-set elimination plus the public record: she calls the meeting to order (1, 'the September 4th, 2024 Clermont School board meeting'), asks the clerk for the roll (2), runs every agenda item, gives every recognition in the file ('Miss Crawford'; 'Mr. Peter' / 'Mr. Peters' / 'Mr. Patron' / 'Mr. Peterson' for Petrin; 'Frank' and 'Mr. Sprague'; 'Arlene' and 'Miss Hawkins'; 'Mr. Pratt') and adjourns the meeting (346). Her own announced tally at 129 - 'Motion passes with, Mister Patron, Mister Sprague and myself, voting in the affirmative, and Miss Crawford and Miss Hawkins voting against' - places her outside Petrin, Sprague, Crawford and Hawkins, leaving only Heather Whitney, Whitney Skillen and Bonnie Miles of the seven-member 2024 board; neither Skillen nor Miles was ever chair, and vice chair Sprague is in the room and not presiding. She also says 'being on the board for as long as I have now' (209) and sets the agenda with the superintendent ('when Mr. Pratt and I discussed adding this on to the agenda 45 minutes before the meeting', 234). NOT Whitney Skillen, whose first name is Whitney; Skillen is not audible anywhere in this file","Oh, I'm. I'm. I'm just looking for the most effective way.",Speaker 2,https://reflect-claremont.cablecast.tv/internetchannel/show/15994?site=1&seekto=624
0:10:27.62,0:10:42.38,627.62,642.38,Candace Crawford,"Claremont School Board member (appointed 7/19/2023, re-elected March 2024); chair of the SRVRTC Visioning Committee - CHAIR'S RECOGNITIONS, each straight into this voice: 'Miss Crawford.' (19, 33, 285, 327) and 'Mr. Crawford.' (97, 194 - the ASR slipping Miss to Mr), every token at confidence 1.00. The chair also uses her first name twice, 'Candy, where did you see that?' (41, conf 1.00) and 'Chris, would you work with Candy' (50, conf 0.99), and confirms this voice as the seconder of the region ten motion ('seconded by Miss Crawford', 76) one segment after it says 'I'll second be happy to say' (75). She identifies herself as chair of the visioning committee ('as the chairperson of that, I'd be fine', 45), states her own no vote on the acting-title amendment ('I'll be voting. No... because I think the word acting should be in the title', 122), and the chair's tally names her among the two voting against (129). Her verbal tic 'I'd be happy to' (45, 75) also ties segment 20 to her","Yeah, yeah. No, I think that would be the most effective way, frankly, because, I mean, that's we've had a lot of sufficient. Yeah, we've had a lot of discussion and background discussions. So we're probably in a good spot to be able to.",Speaker 1,https://reflect-claremont.cablecast.tv/internetchannel/show/15994?site=1&seekto=627
0:10:42.54,0:10:42.78,642.54,642.78,Candace Crawford,"Claremont School Board member (appointed 7/19/2023, re-elected March 2024); chair of the SRVRTC Visioning Committee - CHAIR'S RECOGNITIONS, each straight into this voice: 'Miss Crawford.' (19, 33, 285, 327) and 'Mr. Crawford.' (97, 194 - the ASR slipping Miss to Mr), every token at confidence 1.00. The chair also uses her first name twice, 'Candy, where did you see that?' (41, conf 1.00) and 'Chris, would you work with Candy' (50, conf 0.99), and confirms this voice as the seconder of the region ten motion ('seconded by Miss Crawford', 76) one segment after it says 'I'll second be happy to say' (75). She identifies herself as chair of the visioning committee ('as the chairperson of that, I'd be fine', 45), states her own no vote on the acting-title amendment ('I'll be voting. No... because I think the word acting should be in the title', 122), and the chair's tally names her among the two voting against (129). Her verbal tic 'I'd be happy to' (45, 75) also ties segment 20 to her",Be the.,Speaker 2,https://reflect-claremont.cablecast.tv/internetchannel/show/15994?site=1&seekto=642
0:10:42.78,0:10:43.54,642.78,643.54,Candace Crawford,"Claremont School Board member (appointed 7/19/2023, re-elected March 2024); chair of the SRVRTC Visioning Committee - CHAIR'S RECOGNITIONS, each straight into this voice: 'Miss Crawford.' (19, 33, 285, 327) and 'Mr. Crawford.' (97, 194 - the ASR slipping Miss to Mr), every token at confidence 1.00. The chair also uses her first name twice, 'Candy, where did you see that?' (41, conf 1.00) and 'Chris, would you work with Candy' (50, conf 0.99), and confirms this voice as the seconder of the region ten motion ('seconded by Miss Crawford', 76) one segment after it says 'I'll second be happy to say' (75). She identifies herself as chair of the visioning committee ('as the chairperson of that, I'd be fine', 45), states her own no vote on the acting-title amendment ('I'll be voting. No... because I think the word acting should be in the title', 122), and the chair's tally names her among the two voting against (129). Her verbal tic 'I'd be happy to' (45, 75) also ties segment 20 to her",Representatives.,Speaker 1,https://reflect-claremont.cablecast.tv/internetchannel/show/15994?site=1&seekto=642
0:10:43.58,0:10:50.10,643.58,650.10,Heather Whitney,"CHAIR, Claremont School Board (re-elected chair at the 3/20/2024 organizational meeting) - SHE IS NEVER NAMED ANYWHERE ON THIS RECORDING; a name scan for Whitney/Heather returns ZERO hits. The identification is closed-set elimination plus the public record: she calls the meeting to order (1, 'the September 4th, 2024 Clermont School board meeting'), asks the clerk for the roll (2), runs every agenda item, gives every recognition in the file ('Miss Crawford'; 'Mr. Peter' / 'Mr. Peters' / 'Mr. Patron' / 'Mr. Peterson' for Petrin; 'Frank' and 'Mr. Sprague'; 'Arlene' and 'Miss Hawkins'; 'Mr. Pratt') and adjourns the meeting (346). Her own announced tally at 129 - 'Motion passes with, Mister Patron, Mister Sprague and myself, voting in the affirmative, and Miss Crawford and Miss Hawkins voting against' - places her outside Petrin, Sprague, Crawford and Hawkins, leaving only Heather Whitney, Whitney Skillen and Bonnie Miles of the seven-member 2024 board; neither Skillen nor Miles was ever chair, and vice chair Sprague is in the room and not presiding. She also says 'being on the board for as long as I have now' (209) and sets the agenda with the superintendent ('when Mr. Pratt and I discussed adding this on to the agenda 45 minutes before the meeting', 234). NOT Whitney Skillen, whose first name is Whitney; Skillen is not audible anywhere in this file","More so than myself. Right. Chris, would you work with Candy to set to make sure that's on the calendar?",Speaker 2,https://reflect-claremont.cablecast.tv/internetchannel/show/15994?site=1&seekto=643
0:10:50.14,0:10:52.66,650.14,652.66,Chris Pratt,"SUPERINTENDENT OF SCHOOLS, SAU 6 - CHAIR'S RECOGNITIONS straight into this voice: 'The presentation will be from Mr. Pratt' (27), 'Mr. Pratt yeah.' (87) and 'Miss Hawkins and Mr. Pratt' (250), all at conf 1.00. Arlene Hawkins addresses him mid-report ('Did I say that correctly, Mr. Pratt?', 304) and vouches for him ('I have every faith in Mr. Pratt', 228); Candace Crawford says 'I talked to Superintendent Pratt before the meeting' (236); the chair calls him 'Chris' at 50. He speaks as superintendent in the first person: 'I do a lot of the oversight already as superintendent' (166), 'as a superintendent here, you know, in this district' (203), 'as a superintendent you're doing the work anyways' (183). He reports obtaining his level one CTE director/principal licence and lays out the three tech-center administration options. NOTE FOR THE RECORD, NOT HARMONISED: this voice also says 'I've known her for for many years and I've given her a lot of things over the years when I was a superintendent in, in Vermont' (206, 'Vermont' conf 1.00), 'I also know from working in Massachusetts and Vermont' (220), 'I'm still relatively new to the community' (231), 'being new around the table' (38) and 'my second week on' (35) - which sits oddly with the project record of Chris Pratt as the long-serving Stevens High School principal. Quoted as spoken; not reconciled here",Sure. Any and I can work together.,Speaker 5,https://reflect-claremont.cablecast.tv/internetchannel/show/15994?site=1&seekto=650
0:10:52.74,0:10:54.54,652.74,654.54,Candace Crawford,"Claremont School Board member (appointed 7/19/2023, re-elected March 2024); chair of the SRVRTC Visioning Committee - CHAIR'S RECOGNITIONS, each straight into this voice: 'Miss Crawford.' (19, 33, 285, 327) and 'Mr. Crawford.' (97, 194 - the ASR slipping Miss to Mr), every token at confidence 1.00. The chair also uses her first name twice, 'Candy, where did you see that?' (41, conf 1.00) and 'Chris, would you work with Candy' (50, conf 0.99), and confirms this voice as the seconder of the region ten motion ('seconded by Miss Crawford', 76) one segment after it says 'I'll second be happy to say' (75). She identifies herself as chair of the visioning committee ('as the chairperson of that, I'd be fine', 45), states her own no vote on the acting-title amendment ('I'll be voting. No... because I think the word acting should be in the title', 122), and the chair's tally names her among the two voting against (129). Her verbal tic 'I'd be happy to' (45, 75) also ties segment 20 to her",Yes we can.,Speaker 1,https://reflect-claremont.cablecast.tv/internetchannel/show/15994?site=1&seekto=652
0:10:54.62,0:10:56.98,654.62,656.98,Heather Whitney,"CHAIR, Claremont School Board (re-elected chair at the 3/20/2024 organizational meeting) - SHE IS NEVER NAMED ANYWHERE ON THIS RECORDING; a name scan for Whitney/Heather returns ZERO hits. The identification is closed-set elimination plus the public record: she calls the meeting to order (1, 'the September 4th, 2024 Clermont School board meeting'), asks the clerk for the roll (2), runs every agenda item, gives every recognition in the file ('Miss Crawford'; 'Mr. Peter' / 'Mr. Peters' / 'Mr. Patron' / 'Mr. Peterson' for Petrin; 'Frank' and 'Mr. Sprague'; 'Arlene' and 'Miss Hawkins'; 'Mr. Pratt') and adjourns the meeting (346). Her own announced tally at 129 - 'Motion passes with, Mister Patron, Mister Sprague and myself, voting in the affirmative, and Miss Crawford and Miss Hawkins voting against' - places her outside Petrin, Sprague, Crawford and Hawkins, leaving only Heather Whitney, Whitney Skillen and Bonnie Miles of the seven-member 2024 board; neither Skillen nor Miles was ever chair, and vice chair Sprague is in the room and not presiding. She also says 'being on the board for as long as I have now' (209) and sets the agenda with the superintendent ('when Mr. Pratt and I discussed adding this on to the agenda 45 minutes before the meeting', 234). NOT Whitney Skillen, whose first name is Whitney; Skillen is not audible anywhere in this file",Frank was next. And then I'll move it to you on this weekend.,Speaker 2,https://reflect-claremont.cablecast.tv/internetchannel/show/15994?site=1&seekto=654
0:10:57.02,0:11:16.42,657.02,676.42,Frank Sprague,"VICE CHAIR, Claremont School Board (re-elected vice chair 3/20/2024) - CHAIR'S RECOGNITIONS straight into this voice: 'Frank was next.' (53), 'Did? Miss, Mr. Sprague.' (264) and 'Mr. Sprague, did you have' (322), 'Sprague' at conf 1.00 both times it is spoken in full. He gives his own biography in the form this corpus records elsewhere - 'having been a former guidance counselor and having been an administrator' (200) - names Hawkins in the third person ('I agree with Mrs. Hawkins', 201, conf 1.00) and addresses Petrin by first name ('No, Mike, I was going to use a little same analogy he did', 323, conf 1.00). Michael Petrin reports the ad hoc communications committee as 'a quick update from Frank and I' (337) and says 'Frank is going to do some digging' (339), and THIS voice picks up the next segment in the first person - 'So I'm also going to look at the strategic plan' (340) - which closes the identification. The chair's tally at 129 puts 'Mister Sprague' among the three voting aye. THE DIARIZER SPLIT HIS AND PETRIN'S VOICES ACROSS THIS CLUSTER AND SPEAKER 9; the crossings are reassigned by override","So my question has to do with transportation. I know there were a number of years ago the DuPont busses ran this way, and the Claremont busses ran that way. And then Claremont started doing all of the bussing. So I'm wondering how,  in reading this, are we reimbursed by the state for bussing?",Speaker 7,https://reflect-claremont.cablecast.tv/internetchannel/show/15994?site=1&seekto=657
0:11:16.50,0:11:17.18,676.50,677.18,Mary Henry,"Business Administrator, Claremont School District / SAU 6 - the clipped onset of her own answer to Sprague's transportation-reimbursement question; 'Yes, for.' runs into 'Part of the bussing. Yes, we are.' (56) with a 0.00 s gap","Yes, for.",Speaker 2,https://reflect-claremont.cablecast.tv/internetchannel/show/15994?site=1&seekto=676
0:11:17.18,0:11:19.34,677.18,679.34,Mary Henry,"BUSINESS ADMINISTRATOR, Claremont School District / SAU 6 (started early July 2023) - DIRECT ADDRESS BY FIRST NAME, twice at conf 1.00: the chair, 'And I don't know if Mary I did a quick calculation' (294), and Arlene Hawkins closing her report, 'Did I say that correctly, Mr. Pratt? Mary.' (304), which this voice answers in the very next segment - 'Can I just make a comment? Remember, that number fluctuates every year because it's based 50% on assessed value and 50% on student ratio' (305). Her other runs are business-office content: state transportation reimbursement (56-69) and the SAU cost-sharing formula and how it would have to be changed (307). ONLY THE FIRST NAME 'Mary' IS SPOKEN in this file; the surname comes from the project record (the 11/30/2023 round-robin names 'Mary Henry, business administrator') and from the already-shipped 6/20/2024 CSV, where the chair introduces her as 'Miss Mary Henry, our business administrator'","Part of the bussing. Yes, we are.",Speaker 8,https://reflect-claremont.cablecast.tv/internetchannel/show/15994?site=1&seekto=677
0:11:19.42,0:11:20.34,679.42,680.34,Frank Sprague,"VICE CHAIR, Claremont School Board (re-elected vice chair 3/20/2024) - CHAIR'S RECOGNITIONS straight into this voice: 'Frank was next.' (53), 'Did? Miss, Mr. Sprague.' (264) and 'Mr. Sprague, did you have' (322), 'Sprague' at conf 1.00 both times it is spoken in full. He gives his own biography in the form this corpus records elsewhere - 'having been a former guidance counselor and having been an administrator' (200) - names Hawkins in the third person ('I agree with Mrs. Hawkins', 201, conf 1.00) and addresses Petrin by first name ('No, Mike, I was going to use a little same analogy he did', 323, conf 1.00). Michael Petrin reports the ad hoc communications committee as 'a quick update from Frank and I' (337) and says 'Frank is going to do some digging' (339), and THIS voice picks up the next segment in the first person - 'So I'm also going to look at the strategic plan' (340) - which closes the identification. The chair's tally at 129 puts 'Mister Sprague' among the three voting aye. THE DIARIZER SPLIT HIS AND PETRIN'S VOICES ACROSS THIS CLUSTER AND SPEAKER 9; the crossings are reassigned by override",For part of it.,Speaker 7,https://reflect-claremont.cablecast.tv/internetchannel/show/15994?site=1&seekto=679
0:11:20.38,0:11:23.82,680.38,683.82,Mary Henry,"BUSINESS ADMINISTRATOR, Claremont School District / SAU 6 (started early July 2023) - DIRECT ADDRESS BY FIRST NAME, twice at conf 1.00: the chair, 'And I don't know if Mary I did a quick calculation' (294), and Arlene Hawkins closing her report, 'Did I say that correctly, Mr. Pratt? Mary.' (304), which this voice answers in the very next segment - 'Can I just make a comment? Remember, that number fluctuates every year because it's based 50% on assessed value and 50% on student ratio' (305). Her other runs are business-office content: state transportation reimbursement (56-69) and the SAU cost-sharing formula and how it would have to be changed (307). ONLY THE FIRST NAME 'Mary' IS SPOKEN in this file; the surname comes from the project record (the 11/30/2023 round-robin names 'Mary Henry, business administrator') and from the already-shipped 6/20/2024 CSV, where the chair introduces her as 'Miss Mary Henry, our business administrator'","Yes, most of it we are reimbursed for from the state.",Speaker 8,https://reflect-claremont.cablecast.tv/internetchannel/show/15994?site=1&seekto=680
0:11:23.90,0:11:28.82,683.90,688.82,Frank Sprague,"VICE CHAIR, Claremont School Board (re-elected vice chair 3/20/2024) - CHAIR'S RECOGNITIONS straight into this voice: 'Frank was next.' (53), 'Did? Miss, Mr. Sprague.' (264) and 'Mr. Sprague, did you have' (322), 'Sprague' at conf 1.00 both times it is spoken in full. He gives his own biography in the form this corpus records elsewhere - 'having been a former guidance counselor and having been an administrator' (200) - names Hawkins in the third person ('I agree with Mrs. Hawkins', 201, conf 1.00) and addresses Petrin by first name ('No, Mike, I was going to use a little same analogy he did', 323, conf 1.00). Michael Petrin reports the ad hoc communications committee as 'a quick update from Frank and I' (337) and says 'Frank is going to do some digging' (339), and THIS voice picks up the next segment in the first person - 'So I'm also going to look at the strategic plan' (340) - which closes the identification. The chair's tally at 129 puts 'Mister Sprague' among the three voting aye. THE DIARIZER SPLIT HIS AND PETRIN'S VOICES ACROSS THIS CLUSTER AND SPEAKER 9; the crossings are reassigned by override",So how do we do? We charge Newport. Anything for bussing if.,Speaker 7,https://reflect-claremont.cablecast.tv/internetchannel/show/15994?site=1&seekto=683
0:11:28.90,0:11:32.26,688.90,692.26,Mary Henry,"BUSINESS ADMINISTRATOR, Claremont School District / SAU 6 (started early July 2023) - DIRECT ADDRESS BY FIRST NAME, twice at conf 1.00: the chair, 'And I don't know if Mary I did a quick calculation' (294), and Arlene Hawkins closing her report, 'Did I say that correctly, Mr. Pratt? Mary.' (304), which this voice answers in the very next segment - 'Can I just make a comment? Remember, that number fluctuates every year because it's based 50% on assessed value and 50% on student ratio' (305). Her other runs are business-office content: state transportation reimbursement (56-69) and the SAU cost-sharing formula and how it would have to be changed (307). ONLY THE FIRST NAME 'Mary' IS SPOKEN in this file; the surname comes from the project record (the 11/30/2023 round-robin names 'Mary Henry, business administrator') and from the already-shipped 6/20/2024 CSV, where the chair introduces her as 'Miss Mary Henry, our business administrator'","Okay, if we're sending kids to Newport or they're sending kids here.",Speaker 8,https://reflect-claremont.cablecast.tv/internetchannel/show/15994?site=1&seekto=688
0:11:32.46,0:11:34.14,692.46,694.14,Frank Sprague,"VICE CHAIR, Claremont School Board (re-elected vice chair 3/20/2024) - CHAIR'S RECOGNITIONS straight into this voice: 'Frank was next.' (53), 'Did? Miss, Mr. Sprague.' (264) and 'Mr. Sprague, did you have' (322), 'Sprague' at conf 1.00 both times it is spoken in full. He gives his own biography in the form this corpus records elsewhere - 'having been a former guidance counselor and having been an administrator' (200) - names Hawkins in the third person ('I agree with Mrs. Hawkins', 201, conf 1.00) and addresses Petrin by first name ('No, Mike, I was going to use a little same analogy he did', 323, conf 1.00). Michael Petrin reports the ad hoc communications committee as 'a quick update from Frank and I' (337) and says 'Frank is going to do some digging' (339), and THIS voice picks up the next segment in the first person - 'So I'm also going to look at the strategic plan' (340) - which closes the identification. The chair's tally at 129 puts 'Mister Sprague' among the three voting aye. THE DIARIZER SPLIT HIS AND PETRIN'S VOICES ACROSS THIS CLUSTER AND SPEAKER 9; the crossings are reassigned by override",Don't we bring their kids back?,Speaker 7,https://reflect-claremont.cablecast.tv/internetchannel/show/15994?site=1&seekto=692
0:11:34.22,0:11:38.82,694.22,698.82,Mary Henry,"BUSINESS ADMINISTRATOR, Claremont School District / SAU 6 (started early July 2023) - DIRECT ADDRESS BY FIRST NAME, twice at conf 1.00: the chair, 'And I don't know if Mary I did a quick calculation' (294), and Arlene Hawkins closing her report, 'Did I say that correctly, Mr. Pratt? Mary.' (304), which this voice answers in the very next segment - 'Can I just make a comment? Remember, that number fluctuates every year because it's based 50% on assessed value and 50% on student ratio' (305). Her other runs are business-office content: state transportation reimbursement (56-69) and the SAU cost-sharing formula and how it would have to be changed (307). ONLY THE FIRST NAME 'Mary' IS SPOKEN in this file; the surname comes from the project record (the 11/30/2023 round-robin names 'Mary Henry, business administrator') and from the already-shipped 6/20/2024 CSV, where the chair introduces her as 'Miss Mary Henry, our business administrator'","If we bring their kids back, we're picking up our kids, aren't we? I'd have to look at the route.",Speaker 8,https://reflect-claremont.cablecast.tv/internetchannel/show/15994?site=1&seekto=694
0:11:38.86,0:11:54.10,698.86,714.10,Chris Pratt,"SUPERINTENDENT OF SCHOOLS, SAU 6 - CHAIR'S RECOGNITIONS straight into this voice: 'The presentation will be from Mr. Pratt' (27), 'Mr. Pratt yeah.' (87) and 'Miss Hawkins and Mr. Pratt' (250), all at conf 1.00. Arlene Hawkins addresses him mid-report ('Did I say that correctly, Mr. Pratt?', 304) and vouches for him ('I have every faith in Mr. Pratt', 228); Candace Crawford says 'I talked to Superintendent Pratt before the meeting' (236); the chair calls him 'Chris' at 50. He speaks as superintendent in the first person: 'I do a lot of the oversight already as superintendent' (166), 'as a superintendent here, you know, in this district' (203), 'as a superintendent you're doing the work anyways' (183). He reports obtaining his level one CTE director/principal licence and lays out the three tech-center administration options. NOTE FOR THE RECORD, NOT HARMONISED: this voice also says 'I've known her for for many years and I've given her a lot of things over the years when I was a superintendent in, in Vermont' (206, 'Vermont' conf 1.00), 'I also know from working in Massachusetts and Vermont' (220), 'I'm still relatively new to the community' (231), 'being new around the table' (38) and 'my second week on' (35) - which sits oddly with the project record of Chris Pratt as the long-serving Stevens High School principal. Quoted as spoken; not reconciled here","Yeah. The way the route is, it's like it's,  circular. If they're coming here, we're sending someone there so we never have to make a run specifically just to bring their kids back. We're bringing their kids back as we're picking ours up. Right?",Speaker 5,https://reflect-claremont.cablecast.tv/internetchannel/show/15994?site=1&seekto=698
0:11:54.18,0:11:59.78,714.18,719.78,Frank Sprague,"VICE CHAIR, Claremont School Board (re-elected vice chair 3/20/2024) - CHAIR'S RECOGNITIONS straight into this voice: 'Frank was next.' (53), 'Did? Miss, Mr. Sprague.' (264) and 'Mr. Sprague, did you have' (322), 'Sprague' at conf 1.00 both times it is spoken in full. He gives his own biography in the form this corpus records elsewhere - 'having been a former guidance counselor and having been an administrator' (200) - names Hawkins in the third person ('I agree with Mrs. Hawkins', 201, conf 1.00) and addresses Petrin by first name ('No, Mike, I was going to use a little same analogy he did', 323, conf 1.00). Michael Petrin reports the ad hoc communications committee as 'a quick update from Frank and I' (337) and says 'Frank is going to do some digging' (339), and THIS voice picks up the next segment in the first person - 'So I'm also going to look at the strategic plan' (340) - which closes the identification. The chair's tally at 129 puts 'Mister Sprague' among the three voting aye. THE DIARIZER SPLIT HIS AND PETRIN'S VOICES ACROSS THIS CLUSTER AND SPEAKER 9; the crossings are reassigned by override",How did they get back to Newport after the last class of the day?,Speaker 7,https://reflect-claremont.cablecast.tv/internetchannel/show/15994?site=1&seekto=714
0:11:59.86,0:12:00.58,719.86,720.58,Chris Pratt,"Superintendent of Schools, SAU 6 - the clipped onset of his own answer; 'Someone picks.' runs into 'Him up. It depends on the class.' (66) with a 0.00 s gap",Someone picks.,Speaker 1,https://reflect-claremont.cablecast.tv/internetchannel/show/15994?site=1&seekto=719
0:12:00.58,0:12:05.98,720.58,725.98,Chris Pratt,"SUPERINTENDENT OF SCHOOLS, SAU 6 - CHAIR'S RECOGNITIONS straight into this voice: 'The presentation will be from Mr. Pratt' (27), 'Mr. Pratt yeah.' (87) and 'Miss Hawkins and Mr. Pratt' (250), all at conf 1.00. Arlene Hawkins addresses him mid-report ('Did I say that correctly, Mr. Pratt?', 304) and vouches for him ('I have every faith in Mr. Pratt', 228); Candace Crawford says 'I talked to Superintendent Pratt before the meeting' (236); the chair calls him 'Chris' at 50. He speaks as superintendent in the first person: 'I do a lot of the oversight already as superintendent' (166), 'as a superintendent here, you know, in this district' (203), 'as a superintendent you're doing the work anyways' (183). He reports obtaining his level one CTE director/principal licence and lays out the three tech-center administration options. NOTE FOR THE RECORD, NOT HARMONISED: this voice also says 'I've known her for for many years and I've given her a lot of things over the years when I was a superintendent in, in Vermont' (206, 'Vermont' conf 1.00), 'I also know from working in Massachusetts and Vermont' (220), 'I'm still relatively new to the community' (231), 'being new around the table' (38) and 'my second week on' (35) - which sits oddly with the project record of Chris Pratt as the long-serving Stevens High School principal. Quoted as spoken; not reconciled here",Him up. It depends on the class. Because we usually have kids. We may have kids there at the end of the day.,Speaker 5,https://reflect-claremont.cablecast.tv/internetchannel/show/15994?site=1&seekto=720
0:12:06.10,0:12:07.18,726.10,727.18,Candace Crawford,"Claremont School Board member (appointed 7/19/2023, re-elected March 2024); chair of the SRVRTC Visioning Committee - CHAIR'S RECOGNITIONS, each straight into this voice: 'Miss Crawford.' (19, 33, 285, 327) and 'Mr. Crawford.' (97, 194 - the ASR slipping Miss to Mr), every token at confidence 1.00. The chair also uses her first name twice, 'Candy, where did you see that?' (41, conf 1.00) and 'Chris, would you work with Candy' (50, conf 0.99), and confirms this voice as the seconder of the region ten motion ('seconded by Miss Crawford', 76) one segment after it says 'I'll second be happy to say' (75). She identifies herself as chair of the visioning committee ('as the chairperson of that, I'd be fine', 45), states her own no vote on the acting-title amendment ('I'll be voting. No... because I think the word acting should be in the title', 122), and the chair's tally names her among the two voting against (129). Her verbal tic 'I'd be happy to' (45, 75) also ties segment 20 to her",Over there.,Speaker 1,https://reflect-claremont.cablecast.tv/internetchannel/show/15994?site=1&seekto=726
0:12:07.26,0:12:07.78,727.26,727.78,Chris Pratt,"SUPERINTENDENT OF SCHOOLS, SAU 6 - CHAIR'S RECOGNITIONS straight into this voice: 'The presentation will be from Mr. Pratt' (27), 'Mr. Pratt yeah.' (87) and 'Miss Hawkins and Mr. Pratt' (250), all at conf 1.00. Arlene Hawkins addresses him mid-report ('Did I say that correctly, Mr. Pratt?', 304) and vouches for him ('I have every faith in Mr. Pratt', 228); Candace Crawford says 'I talked to Superintendent Pratt before the meeting' (236); the chair calls him 'Chris' at 50. He speaks as superintendent in the first person: 'I do a lot of the oversight already as superintendent' (166), 'as a superintendent here, you know, in this district' (203), 'as a superintendent you're doing the work anyways' (183). He reports obtaining his level one CTE director/principal licence and lays out the three tech-center administration options. NOTE FOR THE RECORD, NOT HARMONISED: this voice also says 'I've known her for for many years and I've given her a lot of things over the years when I was a superintendent in, in Vermont' (206, 'Vermont' conf 1.00), 'I also know from working in Massachusetts and Vermont' (220), 'I'm still relatively new to the community' (231), 'being new around the table' (38) and 'my second week on' (35) - which sits oddly with the project record of Chris Pratt as the long-serving Stevens High School principal. Quoted as spoken; not reconciled here",All right.,Speaker 5,https://reflect-claremont.cablecast.tv/internetchannel/show/15994?site=1&seekto=727
0:12:07.86,0:12:18.70,727.86,738.70,Mary Henry,"BUSINESS ADMINISTRATOR, Claremont School District / SAU 6 (started early July 2023) - DIRECT ADDRESS BY FIRST NAME, twice at conf 1.00: the chair, 'And I don't know if Mary I did a quick calculation' (294), and Arlene Hawkins closing her report, 'Did I say that correctly, Mr. Pratt? Mary.' (304), which this voice answers in the very next segment - 'Can I just make a comment? Remember, that number fluctuates every year because it's based 50% on assessed value and 50% on student ratio' (305). Her other runs are business-office content: state transportation reimbursement (56-69) and the SAU cost-sharing formula and how it would have to be changed (307). ONLY THE FIRST NAME 'Mary' IS SPOKEN in this file; the surname comes from the project record (the 11/30/2023 round-robin names 'Mary Henry, business administrator') and from the already-shipped 6/20/2024 CSV, where the chair introduces her as 'Miss Mary Henry, our business administrator'","So that's usually the way it's swapped, I know that, but we do get a good chunk of our transportation back every year. I can get that number, but I don't have it right off the top of my head. Okay.",Speaker 8,https://reflect-claremont.cablecast.tv/internetchannel/show/15994?site=1&seekto=727
0:12:18.78,0:12:20.38,738.78,740.38,Heather Whitney,"CHAIR, Claremont School Board (re-elected chair at the 3/20/2024 organizational meeting) - SHE IS NEVER NAMED ANYWHERE ON THIS RECORDING; a name scan for Whitney/Heather returns ZERO hits. The identification is closed-set elimination plus the public record: she calls the meeting to order (1, 'the September 4th, 2024 Clermont School board meeting'), asks the clerk for the roll (2), runs every agenda item, gives every recognition in the file ('Miss Crawford'; 'Mr. Peter' / 'Mr. Peters' / 'Mr. Patron' / 'Mr. Peterson' for Petrin; 'Frank' and 'Mr. Sprague'; 'Arlene' and 'Miss Hawkins'; 'Mr. Pratt') and adjourns the meeting (346). Her own announced tally at 129 - 'Motion passes with, Mister Patron, Mister Sprague and myself, voting in the affirmative, and Miss Crawford and Miss Hawkins voting against' - places her outside Petrin, Sprague, Crawford and Hawkins, leaving only Heather Whitney, Whitney Skillen and Bonnie Miles of the seven-member 2024 board; neither Skillen nor Miles was ever chair, and vice chair Sprague is in the room and not presiding. She also says 'being on the board for as long as I have now' (209) and sets the agenda with the superintendent ('when Mr. Pratt and I discussed adding this on to the agenda 45 minutes before the meeting', 234). NOT Whitney Skillen, whose first name is Whitney; Skillen is not audible anywhere in this file",Mr.. Peter.,Speaker 2,https://reflect-claremont.cablecast.tv/internetchannel/show/15994?site=1&seekto=738
0:12:20.46,0:12:22.18,740.46,742.18,Michael Petrin,"Claremont School Board member - his motion on the region ten agreement, which the diarizer splits alternately between this cluster and Speaker 9 across segments 71-74 ('I just wanted to make a motion to accept.' / 'The region ten agreement.' / 'And ask.' / 'Our school board chair to sign.'). The chair recognises 'Mr.. Peter.' immediately before (70) and names the mover as 'Mr. Peters' immediately after (76)",I just wanted to make a motion to accept.,Speaker 7,https://reflect-claremont.cablecast.tv/internetchannel/show/15994?site=1&seekto=740
0:12:22.18,0:12:23.42,742.18,743.42,Michael Petrin,"Claremont School Board member (returned as a write-in in the March 2024 election) - CHAIR'S RECOGNITIONS straight into this voice: 'Mr.. Peter.' (70, conf 1.00), 'Mr.. Peter.' (90, conf 0.86), 'Mr. Patron.' (159, 308, conf 1.00) and 'Mr. Peterson?' (336, conf 0.49) - the four-way ASR garble family for Petrin. The chair then names the mover of the region ten motion as 'Mr. Peters' (76) and asks 'Mike, would you like to restate the motion' (123, conf 1.00) immediately before this voice restates it (124); she says she is 'actually in agreement with Mike on this' (104) about the amendment this voice moved (100, 102). Her tally at 129 puts 'Mister Patron' among the three voting aye. He reports the ad hoc communications committee with 'a quick update from Frank and I' (337). Frank Sprague addresses him as 'Mike' (323)",The region ten agreement.,Speaker 9,https://reflect-claremont.cablecast.tv/internetchannel/show/15994?site=1&seekto=742
0:12:23.58,0:12:24.18,743.58,744.18,Michael Petrin,Claremont School Board member - third fragment of his region ten motion; see the note at 71,And ask.,Speaker 7,https://reflect-claremont.cablecast.tv/internetchannel/show/15994?site=1&seekto=743
0:12:24.18,0:12:29.38,744.18,749.38,Michael Petrin,"Claremont School Board member (returned as a write-in in the March 2024 election) - CHAIR'S RECOGNITIONS straight into this voice: 'Mr.. Peter.' (70, conf 1.00), 'Mr.. Peter.' (90, conf 0.86), 'Mr. Patron.' (159, 308, conf 1.00) and 'Mr. Peterson?' (336, conf 0.49) - the four-way ASR garble family for Petrin. The chair then names the mover of the region ten motion as 'Mr. Peters' (76) and asks 'Mike, would you like to restate the motion' (123, conf 1.00) immediately before this voice restates it (124); she says she is 'actually in agreement with Mike on this' (104) about the amendment this voice moved (100, 102). Her tally at 129 puts 'Mister Patron' among the three voting aye. He reports the ad hoc communications committee with 'a quick update from Frank and I' (337). Frank Sprague addresses him as 'Mike' (323)",Our school board chair to sign.,Speaker 9,https://reflect-claremont.cablecast.tv/internetchannel/show/15994?site=1&seekto=744
0:12:29.46,0:12:31.54,749.46,751.54,Candace Crawford,"Claremont School Board member (appointed 7/19/2023, re-elected March 2024); chair of the SRVRTC Visioning Committee - CHAIR'S RECOGNITIONS, each straight into this voice: 'Miss Crawford.' (19, 33, 285, 327) and 'Mr. Crawford.' (97, 194 - the ASR slipping Miss to Mr), every token at confidence 1.00. The chair also uses her first name twice, 'Candy, where did you see that?' (41, conf 1.00) and 'Chris, would you work with Candy' (50, conf 0.99), and confirms this voice as the seconder of the region ten motion ('seconded by Miss Crawford', 76) one segment after it says 'I'll second be happy to say' (75). She identifies herself as chair of the visioning committee ('as the chairperson of that, I'd be fine', 45), states her own no vote on the acting-title amendment ('I'll be voting. No... because I think the word acting should be in the title', 122), and the chair's tally names her among the two voting against (129). Her verbal tic 'I'd be happy to' (45, 75) also ties segment 20 to her",I'll second be happy to say.,Speaker 1,https://reflect-claremont.cablecast.tv/internetchannel/show/15994?site=1&seekto=749
0:12:31.62,0:12:55.60,751.62,775.60,Heather Whitney,"CHAIR, Claremont School Board (re-elected chair at the 3/20/2024 organizational meeting) - SHE IS NEVER NAMED ANYWHERE ON THIS RECORDING; a name scan for Whitney/Heather returns ZERO hits. The identification is closed-set elimination plus the public record: she calls the meeting to order (1, 'the September 4th, 2024 Clermont School board meeting'), asks the clerk for the roll (2), runs every agenda item, gives every recognition in the file ('Miss Crawford'; 'Mr. Peter' / 'Mr. Peters' / 'Mr. Patron' / 'Mr. Peterson' for Petrin; 'Frank' and 'Mr. Sprague'; 'Arlene' and 'Miss Hawkins'; 'Mr. Pratt') and adjourns the meeting (346). Her own announced tally at 129 - 'Motion passes with, Mister Patron, Mister Sprague and myself, voting in the affirmative, and Miss Crawford and Miss Hawkins voting against' - places her outside Petrin, Sprague, Crawford and Hawkins, leaving only Heather Whitney, Whitney Skillen and Bonnie Miles of the seven-member 2024 board; neither Skillen nor Miles was ever chair, and vice chair Sprague is in the room and not presiding. She also says 'being on the board for as long as I have now' (209) and sets the agenda with the superintendent ('when Mr. Pratt and I discussed adding this on to the agenda 45 minutes before the meeting', 234). NOT Whitney Skillen, whose first name is Whitney; Skillen is not audible anywhere in this file","Is there any objection to the motion made by Mr. Peters, seconded by  Miss Crawford? Just ask a question, sir. Thank you. On page two, it might be a typo or I might not understand. In the second paragraph, it refers to serving the reasonable needs of CTE. Region 17.",Speaker 2,https://reflect-claremont.cablecast.tv/internetchannel/show/15994?site=1&seekto=751
0:12:55.68,0:12:56.40,775.68,776.40,Heather Whitney,"CHAIR, Claremont School Board (re-elected chair at the 3/20/2024 organizational meeting) - SHE IS NEVER NAMED ANYWHERE ON THIS RECORDING; a name scan for Whitney/Heather returns ZERO hits. The identification is closed-set elimination plus the public record: she calls the meeting to order (1, 'the September 4th, 2024 Clermont School board meeting'), asks the clerk for the roll (2), runs every agenda item, gives every recognition in the file ('Miss Crawford'; 'Mr. Peter' / 'Mr. Peters' / 'Mr. Patron' / 'Mr. Peterson' for Petrin; 'Frank' and 'Mr. Sprague'; 'Arlene' and 'Miss Hawkins'; 'Mr. Pratt') and adjourns the meeting (346). Her own announced tally at 129 - 'Motion passes with, Mister Patron, Mister Sprague and myself, voting in the affirmative, and Miss Crawford and Miss Hawkins voting against' - places her outside Petrin, Sprague, Crawford and Hawkins, leaving only Heather Whitney, Whitney Skillen and Bonnie Miles of the seven-member 2024 board; neither Skillen nor Miles was ever chair, and vice chair Sprague is in the room and not presiding. She also says 'being on the board for as long as I have now' (209) and sets the agenda with the superintendent ('when Mr. Pratt and I discussed adding this on to the agenda 45 minutes before the meeting', 234). NOT Whitney Skillen, whose first name is Whitney; Skillen is not audible anywhere in this file",Region.,Speaker 2,https://reflect-claremont.cablecast.tv/internetchannel/show/15994?site=1&seekto=775
0:12:56.48,0:12:59.48,776.48,779.48,Candace Crawford,"Claremont School Board member (appointed 7/19/2023, re-elected March 2024); chair of the SRVRTC Visioning Committee - CHAIR'S RECOGNITIONS, each straight into this voice: 'Miss Crawford.' (19, 33, 285, 327) and 'Mr. Crawford.' (97, 194 - the ASR slipping Miss to Mr), every token at confidence 1.00. The chair also uses her first name twice, 'Candy, where did you see that?' (41, conf 1.00) and 'Chris, would you work with Candy' (50, conf 0.99), and confirms this voice as the seconder of the region ten motion ('seconded by Miss Crawford', 76) one segment after it says 'I'll second be happy to say' (75). She identifies herself as chair of the visioning committee ('as the chairperson of that, I'd be fine', 45), states her own no vote on the acting-title amendment ('I'll be voting. No... because I think the word acting should be in the title', 122), and the chair's tally names her among the two voting against (129). Her verbal tic 'I'd be happy to' (45, 75) also ties segment 20 to her",Is that.,Speaker 1,https://reflect-claremont.cablecast.tv/internetchannel/show/15994?site=1&seekto=776
0:12:59.56,0:13:01.44,779.56,781.44,Unidentified,SINGLE-SEGMENT MICRO-CLUSTER - one 1.9 s fragment ('I believe me see.') inside four seconds of crosstalk in which five people talk over one another about a 'Region 17' typo in the region ten agreement (77-82). No anchor of any kind,I believe me see.,Speaker 10,https://reflect-claremont.cablecast.tv/internetchannel/show/15994?site=1&seekto=779
0:13:01.52,0:13:02.55,781.52,782.55,Chris Pratt,"SUPERINTENDENT OF SCHOOLS, SAU 6 - CHAIR'S RECOGNITIONS straight into this voice: 'The presentation will be from Mr. Pratt' (27), 'Mr. Pratt yeah.' (87) and 'Miss Hawkins and Mr. Pratt' (250), all at conf 1.00. Arlene Hawkins addresses him mid-report ('Did I say that correctly, Mr. Pratt?', 304) and vouches for him ('I have every faith in Mr. Pratt', 228); Candace Crawford says 'I talked to Superintendent Pratt before the meeting' (236); the chair calls him 'Chris' at 50. He speaks as superintendent in the first person: 'I do a lot of the oversight already as superintendent' (166), 'as a superintendent here, you know, in this district' (203), 'as a superintendent you're doing the work anyways' (183). He reports obtaining his level one CTE director/principal licence and lays out the three tech-center administration options. NOTE FOR THE RECORD, NOT HARMONISED: this voice also says 'I've known her for for many years and I've given her a lot of things over the years when I was a superintendent in, in Vermont' (206, 'Vermont' conf 1.00), 'I also know from working in Massachusetts and Vermont' (220), 'I'm still relatively new to the community' (231), 'being new around the table' (38) and 'my second week on' (35) - which sits oddly with the project record of Chris Pratt as the long-serving Stevens High School principal. Quoted as spoken; not reconciled here",Is 80 S80.,Speaker 5,https://reflect-claremont.cablecast.tv/internetchannel/show/15994?site=1&seekto=781
0:13:02.60,0:13:03.48,782.60,783.48,Heather Whitney,"CHAIR, Claremont School Board (re-elected chair at the 3/20/2024 organizational meeting) - SHE IS NEVER NAMED ANYWHERE ON THIS RECORDING; a name scan for Whitney/Heather returns ZERO hits. The identification is closed-set elimination plus the public record: she calls the meeting to order (1, 'the September 4th, 2024 Clermont School board meeting'), asks the clerk for the roll (2), runs every agenda item, gives every recognition in the file ('Miss Crawford'; 'Mr. Peter' / 'Mr. Peters' / 'Mr. Patron' / 'Mr. Peterson' for Petrin; 'Frank' and 'Mr. Sprague'; 'Arlene' and 'Miss Hawkins'; 'Mr. Pratt') and adjourns the meeting (346). Her own announced tally at 129 - 'Motion passes with, Mister Patron, Mister Sprague and myself, voting in the affirmative, and Miss Crawford and Miss Hawkins voting against' - places her outside Petrin, Sprague, Crawford and Hawkins, leaving only Heather Whitney, Whitney Skillen and Bonnie Miles of the seven-member 2024 board; neither Skillen nor Miles was ever chair, and vice chair Sprague is in the room and not presiding. She also says 'being on the board for as long as I have now' (209) and sets the agenda with the superintendent ('when Mr. Pratt and I discussed adding this on to the agenda 45 minutes before the meeting', 234). NOT Whitney Skillen, whose first name is Whitney; Skillen is not audible anywhere in this file",585.,Speaker 2,https://reflect-claremont.cablecast.tv/internetchannel/show/15994?site=1&seekto=782
0:13:03.52,0:13:08.08,783.52,788.08,Candace Crawford,"Claremont School Board member (appointed 7/19/2023, re-elected March 2024); chair of the SRVRTC Visioning Committee - CHAIR'S RECOGNITIONS, each straight into this voice: 'Miss Crawford.' (19, 33, 285, 327) and 'Mr. Crawford.' (97, 194 - the ASR slipping Miss to Mr), every token at confidence 1.00. The chair also uses her first name twice, 'Candy, where did you see that?' (41, conf 1.00) and 'Chris, would you work with Candy' (50, conf 0.99), and confirms this voice as the seconder of the region ten motion ('seconded by Miss Crawford', 76) one segment after it says 'I'll second be happy to say' (75). She identifies herself as chair of the visioning committee ('as the chairperson of that, I'd be fine', 45), states her own no vote on the acting-title amendment ('I'll be voting. No... because I think the word acting should be in the title', 122), and the chair's tally names her among the two voting against (129). Her verbal tic 'I'd be happy to' (45, 75) also ties segment 20 to her","Okay, so that's a typo.",Speaker 1,https://reflect-claremont.cablecast.tv/internetchannel/show/15994?site=1&seekto=783
0:13:08.16,0:13:17.24,788.16,797.24,Chris Pratt,"SUPERINTENDENT OF SCHOOLS, SAU 6 - CHAIR'S RECOGNITIONS straight into this voice: 'The presentation will be from Mr. Pratt' (27), 'Mr. Pratt yeah.' (87) and 'Miss Hawkins and Mr. Pratt' (250), all at conf 1.00. Arlene Hawkins addresses him mid-report ('Did I say that correctly, Mr. Pratt?', 304) and vouches for him ('I have every faith in Mr. Pratt', 228); Candace Crawford says 'I talked to Superintendent Pratt before the meeting' (236); the chair calls him 'Chris' at 50. He speaks as superintendent in the first person: 'I do a lot of the oversight already as superintendent' (166), 'as a superintendent here, you know, in this district' (203), 'as a superintendent you're doing the work anyways' (183). He reports obtaining his level one CTE director/principal licence and lays out the three tech-center administration options. NOTE FOR THE RECORD, NOT HARMONISED: this voice also says 'I've known her for for many years and I've given her a lot of things over the years when I was a superintendent in, in Vermont' (206, 'Vermont' conf 1.00), 'I also know from working in Massachusetts and Vermont' (220), 'I'm still relatively new to the community' (231), 'being new around the table' (38) and 'my second week on' (35) - which sits oddly with the project record of Chris Pratt as the long-serving Stevens High School principal. Quoted as spoken; not reconciled here",I can have the region. I think Eric puts this together and I think they used in the past one from another district in the template.,Speaker 5,https://reflect-claremont.cablecast.tv/internetchannel/show/15994?site=1&seekto=788
0:13:17.33,0:13:20.16,797.33,800.16,Frank Sprague,"VICE CHAIR, Claremont School Board (re-elected vice chair 3/20/2024) - CHAIR'S RECOGNITIONS straight into this voice: 'Frank was next.' (53), 'Did? Miss, Mr. Sprague.' (264) and 'Mr. Sprague, did you have' (322), 'Sprague' at conf 1.00 both times it is spoken in full. He gives his own biography in the form this corpus records elsewhere - 'having been a former guidance counselor and having been an administrator' (200) - names Hawkins in the third person ('I agree with Mrs. Hawkins', 201, conf 1.00) and addresses Petrin by first name ('No, Mike, I was going to use a little same analogy he did', 323, conf 1.00). Michael Petrin reports the ad hoc communications committee as 'a quick update from Frank and I' (337) and says 'Frank is going to do some digging' (339), and THIS voice picks up the next segment in the first person - 'So I'm also going to look at the strategic plan' (340) - which closes the identification. The chair's tally at 129 puts 'Mister Sprague' among the three voting aye. THE DIARIZER SPLIT HIS AND PETRIN'S VOICES ACROSS THIS CLUSTER AND SPEAKER 9; the crossings are reassigned by override",Sounds like 17.,Speaker 7,https://reflect-claremont.cablecast.tv/internetchannel/show/15994?site=1&seekto=797
0:13:20.24,0:13:36.38,800.24,816.38,Heather Whitney,"CHAIR, Claremont School Board (re-elected chair at the 3/20/2024 organizational meeting) - SHE IS NEVER NAMED ANYWHERE ON THIS RECORDING; a name scan for Whitney/Heather returns ZERO hits. The identification is closed-set elimination plus the public record: she calls the meeting to order (1, 'the September 4th, 2024 Clermont School board meeting'), asks the clerk for the roll (2), runs every agenda item, gives every recognition in the file ('Miss Crawford'; 'Mr. Peter' / 'Mr. Peters' / 'Mr. Patron' / 'Mr. Peterson' for Petrin; 'Frank' and 'Mr. Sprague'; 'Arlene' and 'Miss Hawkins'; 'Mr. Pratt') and adjourns the meeting (346). Her own announced tally at 129 - 'Motion passes with, Mister Patron, Mister Sprague and myself, voting in the affirmative, and Miss Crawford and Miss Hawkins voting against' - places her outside Petrin, Sprague, Crawford and Hawkins, leaving only Heather Whitney, Whitney Skillen and Bonnie Miles of the seven-member 2024 board; neither Skillen nor Miles was ever chair, and vice chair Sprague is in the room and not presiding. She also says 'being on the board for as long as I have now' (209) and sets the agenda with the superintendent ('when Mr. Pratt and I discussed adding this on to the agenda 45 minutes before the meeting', 234). NOT Whitney Skillen, whose first name is Whitney; Skillen is not audible anywhere in this file","Okay. So we can amend the motion to accept the region ten agreement with the typo corrected. Sure. Is that okay with you? Sorry. All in favor, say aye.",Speaker 2,https://reflect-claremont.cablecast.tv/internetchannel/show/15994?site=1&seekto=800
0:13:36.46,0:13:38.12,816.46,818.12,Candace Crawford,"Claremont School Board member (appointed 7/19/2023, re-elected March 2024); chair of the SRVRTC Visioning Committee - CHAIR'S RECOGNITIONS, each straight into this voice: 'Miss Crawford.' (19, 33, 285, 327) and 'Mr. Crawford.' (97, 194 - the ASR slipping Miss to Mr), every token at confidence 1.00. The chair also uses her first name twice, 'Candy, where did you see that?' (41, conf 1.00) and 'Chris, would you work with Candy' (50, conf 0.99), and confirms this voice as the seconder of the region ten motion ('seconded by Miss Crawford', 76) one segment after it says 'I'll second be happy to say' (75). She identifies herself as chair of the visioning committee ('as the chairperson of that, I'd be fine', 45), states her own no vote on the acting-title amendment ('I'll be voting. No... because I think the word acting should be in the title', 122), and the chair's tally names her among the two voting against (129). Her verbal tic 'I'd be happy to' (45, 75) also ties segment 20 to her",Aye  aye.,Speaker 1,https://reflect-claremont.cablecast.tv/internetchannel/show/15994?site=1&seekto=816
0:13:38.20,0:14:10.60,818.20,850.60,Heather Whitney,"CHAIR, Claremont School Board (re-elected chair at the 3/20/2024 organizational meeting) - SHE IS NEVER NAMED ANYWHERE ON THIS RECORDING; a name scan for Whitney/Heather returns ZERO hits. The identification is closed-set elimination plus the public record: she calls the meeting to order (1, 'the September 4th, 2024 Clermont School board meeting'), asks the clerk for the roll (2), runs every agenda item, gives every recognition in the file ('Miss Crawford'; 'Mr. Peter' / 'Mr. Peters' / 'Mr. Patron' / 'Mr. Peterson' for Petrin; 'Frank' and 'Mr. Sprague'; 'Arlene' and 'Miss Hawkins'; 'Mr. Pratt') and adjourns the meeting (346). Her own announced tally at 129 - 'Motion passes with, Mister Patron, Mister Sprague and myself, voting in the affirmative, and Miss Crawford and Miss Hawkins voting against' - places her outside Petrin, Sprague, Crawford and Hawkins, leaving only Heather Whitney, Whitney Skillen and Bonnie Miles of the seven-member 2024 board; neither Skillen nor Miles was ever chair, and vice chair Sprague is in the room and not presiding. She also says 'being on the board for as long as I have now' (209) and sets the agenda with the superintendent ('when Mr. Pratt and I discussed adding this on to the agenda 45 minutes before the meeting', 234). NOT Whitney Skillen, whose first name is Whitney; Skillen is not audible anywhere in this file","None opposed. Motion passes to accept the region  ten agreement. Next item on the agenda is  the revised  agenda item is the discussing the Revised Assistant Text Center  job description and also discussing, expanding or expanding, expanding on the proposed administrative oversight model. Mr. Pratt yeah.",Speaker 2,https://reflect-claremont.cablecast.tv/internetchannel/show/15994?site=1&seekto=818
0:14:10.60,0:14:41.84,850.60,881.84,Chris Pratt,"SUPERINTENDENT OF SCHOOLS, SAU 6 - CHAIR'S RECOGNITIONS straight into this voice: 'The presentation will be from Mr. Pratt' (27), 'Mr. Pratt yeah.' (87) and 'Miss Hawkins and Mr. Pratt' (250), all at conf 1.00. Arlene Hawkins addresses him mid-report ('Did I say that correctly, Mr. Pratt?', 304) and vouches for him ('I have every faith in Mr. Pratt', 228); Candace Crawford says 'I talked to Superintendent Pratt before the meeting' (236); the chair calls him 'Chris' at 50. He speaks as superintendent in the first person: 'I do a lot of the oversight already as superintendent' (166), 'as a superintendent here, you know, in this district' (203), 'as a superintendent you're doing the work anyways' (183). He reports obtaining his level one CTE director/principal licence and lays out the three tech-center administration options. NOTE FOR THE RECORD, NOT HARMONISED: this voice also says 'I've known her for for many years and I've given her a lot of things over the years when I was a superintendent in, in Vermont' (206, 'Vermont' conf 1.00), 'I also know from working in Massachusetts and Vermont' (220), 'I'm still relatively new to the community' (231), 'being new around the table' (38) and 'my second week on' (35) - which sits oddly with the project record of Chris Pratt as the long-serving Stevens High School principal. Quoted as spoken; not reconciled here","So what I did, the changes I made  are highlighted. Most of them are in the last page. But it did make we we agreed to  move from assistant director to acting assistant director and reports to the director and the superintendent before it was the principal. So we change that the superintendent. And then on the last page, we added  certification requirements certified as New Hampshire Tech Education, its director.",Speaker 5,https://reflect-claremont.cablecast.tv/internetchannel/show/15994?site=1&seekto=850
0:14:41.84,0:15:01.94,881.84,901.94,Chris Pratt,"SUPERINTENDENT OF SCHOOLS, SAU 6 - CHAIR'S RECOGNITIONS straight into this voice: 'The presentation will be from Mr. Pratt' (27), 'Mr. Pratt yeah.' (87) and 'Miss Hawkins and Mr. Pratt' (250), all at conf 1.00. Arlene Hawkins addresses him mid-report ('Did I say that correctly, Mr. Pratt?', 304) and vouches for him ('I have every faith in Mr. Pratt', 228); Candace Crawford says 'I talked to Superintendent Pratt before the meeting' (236); the chair calls him 'Chris' at 50. He speaks as superintendent in the first person: 'I do a lot of the oversight already as superintendent' (166), 'as a superintendent here, you know, in this district' (203), 'as a superintendent you're doing the work anyways' (183). He reports obtaining his level one CTE director/principal licence and lays out the three tech-center administration options. NOTE FOR THE RECORD, NOT HARMONISED: this voice also says 'I've known her for for many years and I've given her a lot of things over the years when I was a superintendent in, in Vermont' (206, 'Vermont' conf 1.00), 'I also know from working in Massachusetts and Vermont' (220), 'I'm still relatively new to the community' (231), 'being new around the table' (38) and 'my second week on' (35) - which sits oddly with the project record of Chris Pratt as the long-serving Stevens High School principal. Quoted as spoken; not reconciled here",But it's really by the state. It's a principal now license will be eligible for certification. And then prior experience career and technical education or specific trade demonstrating relevant expertise and knowledge. And then the last one experience in similar role within a school district.,Speaker 5,https://reflect-claremont.cablecast.tv/internetchannel/show/15994?site=1&seekto=881
0:15:02.02,0:15:08.82,902.02,908.82,Heather Whitney,"CHAIR, Claremont School Board (re-elected chair at the 3/20/2024 organizational meeting) - SHE IS NEVER NAMED ANYWHERE ON THIS RECORDING; a name scan for Whitney/Heather returns ZERO hits. The identification is closed-set elimination plus the public record: she calls the meeting to order (1, 'the September 4th, 2024 Clermont School board meeting'), asks the clerk for the roll (2), runs every agenda item, gives every recognition in the file ('Miss Crawford'; 'Mr. Peter' / 'Mr. Peters' / 'Mr. Patron' / 'Mr. Peterson' for Petrin; 'Frank' and 'Mr. Sprague'; 'Arlene' and 'Miss Hawkins'; 'Mr. Pratt') and adjourns the meeting (346). Her own announced tally at 129 - 'Motion passes with, Mister Patron, Mister Sprague and myself, voting in the affirmative, and Miss Crawford and Miss Hawkins voting against' - places her outside Petrin, Sprague, Crawford and Hawkins, leaving only Heather Whitney, Whitney Skillen and Bonnie Miles of the seven-member 2024 board; neither Skillen nor Miles was ever chair, and vice chair Sprague is in the room and not presiding. She also says 'being on the board for as long as I have now' (209) and sets the agenda with the superintendent ('when Mr. Pratt and I discussed adding this on to the agenda 45 minutes before the meeting', 234). NOT Whitney Skillen, whose first name is Whitney; Skillen is not audible anywhere in this file",There. Any questions or comments from the board related to the alterations? Mr.. Peter.,Speaker 2,https://reflect-claremont.cablecast.tv/internetchannel/show/15994?site=1&seekto=902
0:15:08.90,0:15:09.18,908.90,909.18,Michael Petrin,"Claremont School Board member - a 0.28 s onset ('I.') clipped into the neighbouring cluster, 0.04 s before 'Would still like to express my objection to the to the phrase acting in the job title' (92); the chair recognises 'Mr.. Peter.' immediately before it (90)",I.,Speaker 7,https://reflect-claremont.cablecast.tv/internetchannel/show/15994?site=1&seekto=908
0:15:09.22,0:15:38.66,909.22,938.66,Michael Petrin,"Claremont School Board member (returned as a write-in in the March 2024 election) - CHAIR'S RECOGNITIONS straight into this voice: 'Mr.. Peter.' (70, conf 1.00), 'Mr.. Peter.' (90, conf 0.86), 'Mr. Patron.' (159, 308, conf 1.00) and 'Mr. Peterson?' (336, conf 0.49) - the four-way ASR garble family for Petrin. The chair then names the mover of the region ten motion as 'Mr. Peters' (76) and asks 'Mike, would you like to restate the motion' (123, conf 1.00) immediately before this voice restates it (124); she says she is 'actually in agreement with Mike on this' (104) about the amendment this voice moved (100, 102). Her tally at 129 puts 'Mister Patron' among the three voting aye. He reports the ad hoc communications committee with 'a quick update from Frank and I' (337). Frank Sprague addresses him as 'Mike' (323)","Would still like to express my objection to the to the phrase acting in the job title.  To me,  acting is the same as what we would say interim.  And to me, that's, a title that,  would not be in the job description. That's the title that someone would put on that position if they're filling a role, because of the role as vacated or something happens filming for a short term.",Speaker 9,https://reflect-claremont.cablecast.tv/internetchannel/show/15994?site=1&seekto=909
0:15:38.74,0:15:56.66,938.74,956.66,Michael Petrin,"Claremont School Board member (returned as a write-in in the March 2024 election) - CHAIR'S RECOGNITIONS straight into this voice: 'Mr.. Peter.' (70, conf 1.00), 'Mr.. Peter.' (90, conf 0.86), 'Mr. Patron.' (159, 308, conf 1.00) and 'Mr. Peterson?' (336, conf 0.49) - the four-way ASR garble family for Petrin. The chair then names the mover of the region ten motion as 'Mr. Peters' (76) and asks 'Mike, would you like to restate the motion' (123, conf 1.00) immediately before this voice restates it (124); she says she is 'actually in agreement with Mike on this' (104) about the amendment this voice moved (100, 102). Her tally at 129 puts 'Mister Patron' among the three voting aye. He reports the ad hoc communications committee with 'a quick update from Frank and I' (337). Frank Sprague addresses him as 'Mike' (323)","You now have a job description, and your job description is acting assistant. See, you don't we don't have an assistant position. The job the job going forward is always going to be with this job description is going to be an acting assistant director.",Speaker 9,https://reflect-claremont.cablecast.tv/internetchannel/show/15994?site=1&seekto=938
0:15:56.74,0:15:59.34,956.74,959.34,Candace Crawford,"Claremont School Board member (appointed 7/19/2023, re-elected March 2024); chair of the SRVRTC Visioning Committee - CHAIR'S RECOGNITIONS, each straight into this voice: 'Miss Crawford.' (19, 33, 285, 327) and 'Mr. Crawford.' (97, 194 - the ASR slipping Miss to Mr), every token at confidence 1.00. The chair also uses her first name twice, 'Candy, where did you see that?' (41, conf 1.00) and 'Chris, would you work with Candy' (50, conf 0.99), and confirms this voice as the seconder of the region ten motion ('seconded by Miss Crawford', 76) one segment after it says 'I'll second be happy to say' (75). She identifies herself as chair of the visioning committee ('as the chairperson of that, I'd be fine', 45), states her own no vote on the acting-title amendment ('I'll be voting. No... because I think the word acting should be in the title', 122), and the chair's tally names her among the two voting against (129). Her verbal tic 'I'd be happy to' (45, 75) also ties segment 20 to her",That's we change it.,Speaker 1,https://reflect-claremont.cablecast.tv/internetchannel/show/15994?site=1&seekto=956
0:15:59.54,0:16:05.66,959.54,965.66,Heather Whitney,"CHAIR, Claremont School Board (re-elected chair at the 3/20/2024 organizational meeting) - SHE IS NEVER NAMED ANYWHERE ON THIS RECORDING; a name scan for Whitney/Heather returns ZERO hits. The identification is closed-set elimination plus the public record: she calls the meeting to order (1, 'the September 4th, 2024 Clermont School board meeting'), asks the clerk for the roll (2), runs every agenda item, gives every recognition in the file ('Miss Crawford'; 'Mr. Peter' / 'Mr. Peters' / 'Mr. Patron' / 'Mr. Peterson' for Petrin; 'Frank' and 'Mr. Sprague'; 'Arlene' and 'Miss Hawkins'; 'Mr. Pratt') and adjourns the meeting (346). Her own announced tally at 129 - 'Motion passes with, Mister Patron, Mister Sprague and myself, voting in the affirmative, and Miss Crawford and Miss Hawkins voting against' - places her outside Petrin, Sprague, Crawford and Hawkins, leaving only Heather Whitney, Whitney Skillen and Bonnie Miles of the seven-member 2024 board; neither Skillen nor Miles was ever chair, and vice chair Sprague is in the room and not presiding. She also says 'being on the board for as long as I have now' (209) and sets the agenda with the superintendent ('when Mr. Pratt and I discussed adding this on to the agenda 45 minutes before the meeting', 234). NOT Whitney Skillen, whose first name is Whitney; Skillen is not audible anywhere in this file",I thought it was like a one year. Yeah. And then we could change this at any time. Once the.,Speaker 2,https://reflect-claremont.cablecast.tv/internetchannel/show/15994?site=1&seekto=959
0:16:05.74,0:16:29.42,965.74,989.42,Michael Petrin,"Claremont School Board member (returned as a write-in in the March 2024 election) - CHAIR'S RECOGNITIONS straight into this voice: 'Mr.. Peter.' (70, conf 1.00), 'Mr.. Peter.' (90, conf 0.86), 'Mr. Patron.' (159, 308, conf 1.00) and 'Mr. Peterson?' (336, conf 0.49) - the four-way ASR garble family for Petrin. The chair then names the mover of the region ten motion as 'Mr. Peters' (76) and asks 'Mike, would you like to restate the motion' (123, conf 1.00) immediately before this voice restates it (124); she says she is 'actually in agreement with Mike on this' (104) about the amendment this voice moved (100, 102). Her tally at 129 puts 'Mister Patron' among the three voting aye. He reports the ad hoc communications committee with 'a quick update from Frank and I' (337). Frank Sprague addresses him as 'Mike' (323)","To me that is that is also getting into micromanaging the administration because no matter if acting is there or not, this is a one year contract. It's always going to be a one year contract. It's renewable contract after one year. So the acting doesn't do anything besides foot limitations.",Speaker 9,https://reflect-claremont.cablecast.tv/internetchannel/show/15994?site=1&seekto=965
0:16:29.50,0:16:31.78,989.50,991.78,Heather Whitney,"CHAIR, Claremont School Board (re-elected chair at the 3/20/2024 organizational meeting) - SHE IS NEVER NAMED ANYWHERE ON THIS RECORDING; a name scan for Whitney/Heather returns ZERO hits. The identification is closed-set elimination plus the public record: she calls the meeting to order (1, 'the September 4th, 2024 Clermont School board meeting'), asks the clerk for the roll (2), runs every agenda item, gives every recognition in the file ('Miss Crawford'; 'Mr. Peter' / 'Mr. Peters' / 'Mr. Patron' / 'Mr. Peterson' for Petrin; 'Frank' and 'Mr. Sprague'; 'Arlene' and 'Miss Hawkins'; 'Mr. Pratt') and adjourns the meeting (346). Her own announced tally at 129 - 'Motion passes with, Mister Patron, Mister Sprague and myself, voting in the affirmative, and Miss Crawford and Miss Hawkins voting against' - places her outside Petrin, Sprague, Crawford and Hawkins, leaving only Heather Whitney, Whitney Skillen and Bonnie Miles of the seven-member 2024 board; neither Skillen nor Miles was ever chair, and vice chair Sprague is in the room and not presiding. She also says 'being on the board for as long as I have now' (209) and sets the agenda with the superintendent ('when Mr. Pratt and I discussed adding this on to the agenda 45 minutes before the meeting', 234). NOT Whitney Skillen, whose first name is Whitney; Skillen is not audible anywhere in this file",Mr. Crawford.,Speaker 2,https://reflect-claremont.cablecast.tv/internetchannel/show/15994?site=1&seekto=989
0:16:31.86,0:17:04.14,991.86,1024.14,Candace Crawford,"Claremont School Board member (appointed 7/19/2023, re-elected March 2024); chair of the SRVRTC Visioning Committee - CHAIR'S RECOGNITIONS, each straight into this voice: 'Miss Crawford.' (19, 33, 285, 327) and 'Mr. Crawford.' (97, 194 - the ASR slipping Miss to Mr), every token at confidence 1.00. The chair also uses her first name twice, 'Candy, where did you see that?' (41, conf 1.00) and 'Chris, would you work with Candy' (50, conf 0.99), and confirms this voice as the seconder of the region ten motion ('seconded by Miss Crawford', 76) one segment after it says 'I'll second be happy to say' (75). She identifies herself as chair of the visioning committee ('as the chairperson of that, I'd be fine', 45), states her own no vote on the acting-title amendment ('I'll be voting. No... because I think the word acting should be in the title', 122), and the chair's tally names her among the two voting against (129). Her verbal tic 'I'd be happy to' (45, 75) also ties segment 20 to her","I think that the reason for the acting is this is a transitional year, and we're trying to work out how this will be going forward. This we're not committing to this long term, frankly. And that's why the word acting is in there. And I think that, well, it's the administration responsibility and prerogative to, to,  make changes.  They look to the board for some direction.",Speaker 1,https://reflect-claremont.cablecast.tv/internetchannel/show/15994?site=1&seekto=991
0:17:04.38,0:17:14.30,1024.38,1034.30,Candace Crawford,"Claremont School Board member (appointed 7/19/2023, re-elected March 2024); chair of the SRVRTC Visioning Committee - CHAIR'S RECOGNITIONS, each straight into this voice: 'Miss Crawford.' (19, 33, 285, 327) and 'Mr. Crawford.' (97, 194 - the ASR slipping Miss to Mr), every token at confidence 1.00. The chair also uses her first name twice, 'Candy, where did you see that?' (41, conf 1.00) and 'Chris, would you work with Candy' (50, conf 0.99), and confirms this voice as the seconder of the region ten motion ('seconded by Miss Crawford', 76) one segment after it says 'I'll second be happy to say' (75). She identifies herself as chair of the visioning committee ('as the chairperson of that, I'd be fine', 45), states her own no vote on the acting-title amendment ('I'll be voting. No... because I think the word acting should be in the title', 122), and the chair's tally names her among the two voting against (129). Her verbal tic 'I'd be happy to' (45, 75) also ties segment 20 to her","And we've been very clear that this is just a, this is an interim situation, and we want to wait and see how it goes. Right.",Speaker 1,https://reflect-claremont.cablecast.tv/internetchannel/show/15994?site=1&seekto=1024
0:17:14.38,0:17:36.22,1034.38,1056.22,Michael Petrin,"Claremont School Board member (returned as a write-in in the March 2024 election) - CHAIR'S RECOGNITIONS straight into this voice: 'Mr.. Peter.' (70, conf 1.00), 'Mr.. Peter.' (90, conf 0.86), 'Mr. Patron.' (159, 308, conf 1.00) and 'Mr. Peterson?' (336, conf 0.49) - the four-way ASR garble family for Petrin. The chair then names the mover of the region ten motion as 'Mr. Peters' (76) and asks 'Mike, would you like to restate the motion' (123, conf 1.00) immediately before this voice restates it (124); she says she is 'actually in agreement with Mike on this' (104) about the amendment this voice moved (100, 102). Her tally at 129 puts 'Mister Patron' among the three voting aye. He reports the ad hoc communications committee with 'a quick update from Frank and I' (337). Frank Sprague addresses him as 'Mike' (323)","I'm sorry.  That's I think that's clear, but it can be clear by us stating that without it,  being the official job description. So, I'd like to make a motion to accept the job description as presented with the removal of the term acting.",Speaker 9,https://reflect-claremont.cablecast.tv/internetchannel/show/15994?site=1&seekto=1034
0:17:36.30,0:17:40.22,1056.30,1060.22,Heather Whitney,"CHAIR, Claremont School Board (re-elected chair at the 3/20/2024 organizational meeting) - SHE IS NEVER NAMED ANYWHERE ON THIS RECORDING; a name scan for Whitney/Heather returns ZERO hits. The identification is closed-set elimination plus the public record: she calls the meeting to order (1, 'the September 4th, 2024 Clermont School board meeting'), asks the clerk for the roll (2), runs every agenda item, gives every recognition in the file ('Miss Crawford'; 'Mr. Peter' / 'Mr. Peters' / 'Mr. Patron' / 'Mr. Peterson' for Petrin; 'Frank' and 'Mr. Sprague'; 'Arlene' and 'Miss Hawkins'; 'Mr. Pratt') and adjourns the meeting (346). Her own announced tally at 129 - 'Motion passes with, Mister Patron, Mister Sprague and myself, voting in the affirmative, and Miss Crawford and Miss Hawkins voting against' - places her outside Petrin, Sprague, Crawford and Hawkins, leaving only Heather Whitney, Whitney Skillen and Bonnie Miles of the seven-member 2024 board; neither Skillen nor Miles was ever chair, and vice chair Sprague is in the room and not presiding. She also says 'being on the board for as long as I have now' (209) and sets the agenda with the superintendent ('when Mr. Pratt and I discussed adding this on to the agenda 45 minutes before the meeting', 234). NOT Whitney Skillen, whose first name is Whitney; Skillen is not audible anywhere in this file","So you're making,  a motion to amend.",Speaker 2,https://reflect-claremont.cablecast.tv/internetchannel/show/15994?site=1&seekto=1056
0:17:40.30,0:17:45.78,1060.30,1065.78,Michael Petrin,"Claremont School Board member (returned as a write-in in the March 2024 election) - CHAIR'S RECOGNITIONS straight into this voice: 'Mr.. Peter.' (70, conf 1.00), 'Mr.. Peter.' (90, conf 0.86), 'Mr. Patron.' (159, 308, conf 1.00) and 'Mr. Peterson?' (336, conf 0.49) - the four-way ASR garble family for Petrin. The chair then names the mover of the region ten motion as 'Mr. Peters' (76) and asks 'Mike, would you like to restate the motion' (123, conf 1.00) immediately before this voice restates it (124); she says she is 'actually in agreement with Mike on this' (104) about the amendment this voice moved (100, 102). Her tally at 129 puts 'Mister Patron' among the three voting aye. He reports the ad hoc communications committee with 'a quick update from Frank and I' (337). Frank Sprague addresses him as 'Mike' (323)","I make a motion to approve this with those amendments, with that amendment.",Speaker 9,https://reflect-claremont.cablecast.tv/internetchannel/show/15994?site=1&seekto=1060
0:17:45.86,0:17:49.90,1065.86,1069.90,Heather Whitney,"CHAIR, Claremont School Board (re-elected chair at the 3/20/2024 organizational meeting) - SHE IS NEVER NAMED ANYWHERE ON THIS RECORDING; a name scan for Whitney/Heather returns ZERO hits. The identification is closed-set elimination plus the public record: she calls the meeting to order (1, 'the September 4th, 2024 Clermont School board meeting'), asks the clerk for the roll (2), runs every agenda item, gives every recognition in the file ('Miss Crawford'; 'Mr. Peter' / 'Mr. Peters' / 'Mr. Patron' / 'Mr. Peterson' for Petrin; 'Frank' and 'Mr. Sprague'; 'Arlene' and 'Miss Hawkins'; 'Mr. Pratt') and adjourns the meeting (346). Her own announced tally at 129 - 'Motion passes with, Mister Patron, Mister Sprague and myself, voting in the affirmative, and Miss Crawford and Miss Hawkins voting against' - places her outside Petrin, Sprague, Crawford and Hawkins, leaving only Heather Whitney, Whitney Skillen and Bonnie Miles of the seven-member 2024 board; neither Skillen nor Miles was ever chair, and vice chair Sprague is in the room and not presiding. She also says 'being on the board for as long as I have now' (209) and sets the agenda with the superintendent ('when Mr. Pratt and I discussed adding this on to the agenda 45 minutes before the meeting', 234). NOT Whitney Skillen, whose first name is Whitney; Skillen is not audible anywhere in this file",I'll second that.,Speaker 2,https://reflect-claremont.cablecast.tv/internetchannel/show/15994?site=1&seekto=1065
0:17:49.98,0:18:23.54,1069.98,1103.54,Heather Whitney,"CHAIR, Claremont School Board (re-elected chair at the 3/20/2024 organizational meeting) - SHE IS NEVER NAMED ANYWHERE ON THIS RECORDING; a name scan for Whitney/Heather returns ZERO hits. The identification is closed-set elimination plus the public record: she calls the meeting to order (1, 'the September 4th, 2024 Clermont School board meeting'), asks the clerk for the roll (2), runs every agenda item, gives every recognition in the file ('Miss Crawford'; 'Mr. Peter' / 'Mr. Peters' / 'Mr. Patron' / 'Mr. Peterson' for Petrin; 'Frank' and 'Mr. Sprague'; 'Arlene' and 'Miss Hawkins'; 'Mr. Pratt') and adjourns the meeting (346). Her own announced tally at 129 - 'Motion passes with, Mister Patron, Mister Sprague and myself, voting in the affirmative, and Miss Crawford and Miss Hawkins voting against' - places her outside Petrin, Sprague, Crawford and Hawkins, leaving only Heather Whitney, Whitney Skillen and Bonnie Miles of the seven-member 2024 board; neither Skillen nor Miles was ever chair, and vice chair Sprague is in the room and not presiding. She also says 'being on the board for as long as I have now' (209) and sets the agenda with the superintendent ('when Mr. Pratt and I discussed adding this on to the agenda 45 minutes before the meeting', 234). NOT Whitney Skillen, whose first name is Whitney; Skillen is not audible anywhere in this file","You can move to discuss.  I have to I'm actually in agreement with Mike on this. Just because it does not change the intent or the function of any of the key responsibilities or anything within the stock, and I believe it sets a tone for the person that's in this position.  That's probably not intentional, that they are more vulnerable than than they really are, that there are no more vulnerable with this than they would be without it.",Speaker 2,https://reflect-claremont.cablecast.tv/internetchannel/show/15994?site=1&seekto=1069
0:18:23.62,0:18:37.38,1103.62,1117.38,Heather Whitney,"CHAIR, Claremont School Board (re-elected chair at the 3/20/2024 organizational meeting) - SHE IS NEVER NAMED ANYWHERE ON THIS RECORDING; a name scan for Whitney/Heather returns ZERO hits. The identification is closed-set elimination plus the public record: she calls the meeting to order (1, 'the September 4th, 2024 Clermont School board meeting'), asks the clerk for the roll (2), runs every agenda item, gives every recognition in the file ('Miss Crawford'; 'Mr. Peter' / 'Mr. Peters' / 'Mr. Patron' / 'Mr. Peterson' for Petrin; 'Frank' and 'Mr. Sprague'; 'Arlene' and 'Miss Hawkins'; 'Mr. Pratt') and adjourns the meeting (346). Her own announced tally at 129 - 'Motion passes with, Mister Patron, Mister Sprague and myself, voting in the affirmative, and Miss Crawford and Miss Hawkins voting against' - places her outside Petrin, Sprague, Crawford and Hawkins, leaving only Heather Whitney, Whitney Skillen and Bonnie Miles of the seven-member 2024 board; neither Skillen nor Miles was ever chair, and vice chair Sprague is in the room and not presiding. She also says 'being on the board for as long as I have now' (209) and sets the agenda with the superintendent ('when Mr. Pratt and I discussed adding this on to the agenda 45 minutes before the meeting', 234). NOT Whitney Skillen, whose first name is Whitney; Skillen is not audible anywhere in this file","But it just I think it's superfluous. And,  with the one year contract built right in. I do think it's appropriate.",Speaker 2,https://reflect-claremont.cablecast.tv/internetchannel/show/15994?site=1&seekto=1103
0:18:37.46,0:18:44.62,1117.46,1124.62,Candace Crawford,"Claremont School Board member (appointed 7/19/2023, re-elected March 2024); chair of the SRVRTC Visioning Committee - CHAIR'S RECOGNITIONS, each straight into this voice: 'Miss Crawford.' (19, 33, 285, 327) and 'Mr. Crawford.' (97, 194 - the ASR slipping Miss to Mr), every token at confidence 1.00. The chair also uses her first name twice, 'Candy, where did you see that?' (41, conf 1.00) and 'Chris, would you work with Candy' (50, conf 0.99), and confirms this voice as the seconder of the region ten motion ('seconded by Miss Crawford', 76) one segment after it says 'I'll second be happy to say' (75). She identifies herself as chair of the visioning committee ('as the chairperson of that, I'd be fine', 45), states her own no vote on the acting-title amendment ('I'll be voting. No... because I think the word acting should be in the title', 122), and the chair's tally names her among the two voting against (129). Her verbal tic 'I'd be happy to' (45, 75) also ties segment 20 to her","I think it's very important to have the word acting in there, because this is a transitional year.",Speaker 1,https://reflect-claremont.cablecast.tv/internetchannel/show/15994?site=1&seekto=1117
0:18:44.70,0:18:49.18,1124.70,1129.18,Heather Whitney,"CHAIR, Claremont School Board (re-elected chair at the 3/20/2024 organizational meeting) - SHE IS NEVER NAMED ANYWHERE ON THIS RECORDING; a name scan for Whitney/Heather returns ZERO hits. The identification is closed-set elimination plus the public record: she calls the meeting to order (1, 'the September 4th, 2024 Clermont School board meeting'), asks the clerk for the roll (2), runs every agenda item, gives every recognition in the file ('Miss Crawford'; 'Mr. Peter' / 'Mr. Peters' / 'Mr. Patron' / 'Mr. Peterson' for Petrin; 'Frank' and 'Mr. Sprague'; 'Arlene' and 'Miss Hawkins'; 'Mr. Pratt') and adjourns the meeting (346). Her own announced tally at 129 - 'Motion passes with, Mister Patron, Mister Sprague and myself, voting in the affirmative, and Miss Crawford and Miss Hawkins voting against' - places her outside Petrin, Sprague, Crawford and Hawkins, leaving only Heather Whitney, Whitney Skillen and Bonnie Miles of the seven-member 2024 board; neither Skillen nor Miles was ever chair, and vice chair Sprague is in the room and not presiding. She also says 'being on the board for as long as I have now' (209) and sets the agenda with the superintendent ('when Mr. Pratt and I discussed adding this on to the agenda 45 minutes before the meeting', 234). NOT Whitney Skillen, whose first name is Whitney; Skillen is not audible anywhere in this file","Does it change anything? If that was to go away, what would change?",Speaker 2,https://reflect-claremont.cablecast.tv/internetchannel/show/15994?site=1&seekto=1124
0:18:49.26,0:19:15.90,1129.26,1155.90,Candace Crawford,"Claremont School Board member (appointed 7/19/2023, re-elected March 2024); chair of the SRVRTC Visioning Committee - CHAIR'S RECOGNITIONS, each straight into this voice: 'Miss Crawford.' (19, 33, 285, 327) and 'Mr. Crawford.' (97, 194 - the ASR slipping Miss to Mr), every token at confidence 1.00. The chair also uses her first name twice, 'Candy, where did you see that?' (41, conf 1.00) and 'Chris, would you work with Candy' (50, conf 0.99), and confirms this voice as the seconder of the region ten motion ('seconded by Miss Crawford', 76) one segment after it says 'I'll second be happy to say' (75). She identifies herself as chair of the visioning committee ('as the chairperson of that, I'd be fine', 45), states her own no vote on the acting-title amendment ('I'll be voting. No... because I think the word acting should be in the title', 122), and the chair's tally names her among the two voting against (129). Her verbal tic 'I'd be happy to' (45, 75) also ties segment 20 to her","I think that, I'm looking at this as the job description. The person who is hired for this position understands that it is  a transitional period. This is not this is not making any long term commitments that it's recognizing. It's putting it right there on the table that this is a transition.",Speaker 1,https://reflect-claremont.cablecast.tv/internetchannel/show/15994?site=1&seekto=1129
0:19:15.98,0:19:28.42,1155.98,1168.42,Heather Whitney,"CHAIR, Claremont School Board (re-elected chair at the 3/20/2024 organizational meeting) - SHE IS NEVER NAMED ANYWHERE ON THIS RECORDING; a name scan for Whitney/Heather returns ZERO hits. The identification is closed-set elimination plus the public record: she calls the meeting to order (1, 'the September 4th, 2024 Clermont School board meeting'), asks the clerk for the roll (2), runs every agenda item, gives every recognition in the file ('Miss Crawford'; 'Mr. Peter' / 'Mr. Peters' / 'Mr. Patron' / 'Mr. Peterson' for Petrin; 'Frank' and 'Mr. Sprague'; 'Arlene' and 'Miss Hawkins'; 'Mr. Pratt') and adjourns the meeting (346). Her own announced tally at 129 - 'Motion passes with, Mister Patron, Mister Sprague and myself, voting in the affirmative, and Miss Crawford and Miss Hawkins voting against' - places her outside Petrin, Sprague, Crawford and Hawkins, leaving only Heather Whitney, Whitney Skillen and Bonnie Miles of the seven-member 2024 board; neither Skillen nor Miles was ever chair, and vice chair Sprague is in the room and not presiding. She also says 'being on the board for as long as I have now' (209) and sets the agenda with the superintendent ('when Mr. Pratt and I discussed adding this on to the agenda 45 minutes before the meeting', 234). NOT Whitney Skillen, whose first name is Whitney; Skillen is not audible anywhere in this file",So the I don't think it limits us to being able to change anything within it. So that's why I just think it's kind of a word salad and unnecessary.,Speaker 2,https://reflect-claremont.cablecast.tv/internetchannel/show/15994?site=1&seekto=1155
0:19:28.50,0:19:37.18,1168.50,1177.18,Frank Sprague,"VICE CHAIR, Claremont School Board (re-elected vice chair 3/20/2024) - CHAIR'S RECOGNITIONS straight into this voice: 'Frank was next.' (53), 'Did? Miss, Mr. Sprague.' (264) and 'Mr. Sprague, did you have' (322), 'Sprague' at conf 1.00 both times it is spoken in full. He gives his own biography in the form this corpus records elsewhere - 'having been a former guidance counselor and having been an administrator' (200) - names Hawkins in the third person ('I agree with Mrs. Hawkins', 201, conf 1.00) and addresses Petrin by first name ('No, Mike, I was going to use a little same analogy he did', 323, conf 1.00). Michael Petrin reports the ad hoc communications committee as 'a quick update from Frank and I' (337) and says 'Frank is going to do some digging' (339), and THIS voice picks up the next segment in the first person - 'So I'm also going to look at the strategic plan' (340) - which closes the identification. The chair's tally at 129 puts 'Mister Sprague' among the three voting aye. THE DIARIZER SPLIT HIS AND PETRIN'S VOICES ACROSS THIS CLUSTER AND SPEAKER 9; the crossings are reassigned by override",So so we're voting on. Amending it. No we're voting. Voting on what the job job description is. Correct. True.,Speaker 7,https://reflect-claremont.cablecast.tv/internetchannel/show/15994?site=1&seekto=1168
0:19:37.38,0:19:37.94,1177.38,1177.94,Heather Whitney,"CHAIR, Claremont School Board (re-elected chair at the 3/20/2024 organizational meeting) - SHE IS NEVER NAMED ANYWHERE ON THIS RECORDING; a name scan for Whitney/Heather returns ZERO hits. The identification is closed-set elimination plus the public record: she calls the meeting to order (1, 'the September 4th, 2024 Clermont School board meeting'), asks the clerk for the roll (2), runs every agenda item, gives every recognition in the file ('Miss Crawford'; 'Mr. Peter' / 'Mr. Peters' / 'Mr. Patron' / 'Mr. Peterson' for Petrin; 'Frank' and 'Mr. Sprague'; 'Arlene' and 'Miss Hawkins'; 'Mr. Pratt') and adjourns the meeting (346). Her own announced tally at 129 - 'Motion passes with, Mister Patron, Mister Sprague and myself, voting in the affirmative, and Miss Crawford and Miss Hawkins voting against' - places her outside Petrin, Sprague, Crawford and Hawkins, leaving only Heather Whitney, Whitney Skillen and Bonnie Miles of the seven-member 2024 board; neither Skillen nor Miles was ever chair, and vice chair Sprague is in the room and not presiding. She also says 'being on the board for as long as I have now' (209) and sets the agenda with the superintendent ('when Mr. Pratt and I discussed adding this on to the agenda 45 minutes before the meeting', 234). NOT Whitney Skillen, whose first name is Whitney; Skillen is not audible anywhere in this file",Correct.,Speaker 2,https://reflect-claremont.cablecast.tv/internetchannel/show/15994?site=1&seekto=1177
0:19:37.98,0:19:44.38,1177.98,1184.38,Candace Crawford,"Claremont School Board member (appointed 7/19/2023, re-elected March 2024); chair of the SRVRTC Visioning Committee - CHAIR'S RECOGNITIONS, each straight into this voice: 'Miss Crawford.' (19, 33, 285, 327) and 'Mr. Crawford.' (97, 194 - the ASR slipping Miss to Mr), every token at confidence 1.00. The chair also uses her first name twice, 'Candy, where did you see that?' (41, conf 1.00) and 'Chris, would you work with Candy' (50, conf 0.99), and confirms this voice as the seconder of the region ten motion ('seconded by Miss Crawford', 76) one segment after it says 'I'll second be happy to say' (75). She identifies herself as chair of the visioning committee ('as the chairperson of that, I'd be fine', 45), states her own no vote on the acting-title amendment ('I'll be voting. No... because I think the word acting should be in the title', 122), and the chair's tally names her among the two voting against (129). Her verbal tic 'I'd be happy to' (45, 75) also ties segment 20 to her",But we but it's also with the change of the title.,Speaker 1,https://reflect-claremont.cablecast.tv/internetchannel/show/15994?site=1&seekto=1177
0:19:44.46,0:19:52.18,1184.46,1192.18,Heather Whitney,"CHAIR, Claremont School Board (re-elected chair at the 3/20/2024 organizational meeting) - SHE IS NEVER NAMED ANYWHERE ON THIS RECORDING; a name scan for Whitney/Heather returns ZERO hits. The identification is closed-set elimination plus the public record: she calls the meeting to order (1, 'the September 4th, 2024 Clermont School board meeting'), asks the clerk for the roll (2), runs every agenda item, gives every recognition in the file ('Miss Crawford'; 'Mr. Peter' / 'Mr. Peters' / 'Mr. Patron' / 'Mr. Peterson' for Petrin; 'Frank' and 'Mr. Sprague'; 'Arlene' and 'Miss Hawkins'; 'Mr. Pratt') and adjourns the meeting (346). Her own announced tally at 129 - 'Motion passes with, Mister Patron, Mister Sprague and myself, voting in the affirmative, and Miss Crawford and Miss Hawkins voting against' - places her outside Petrin, Sprague, Crawford and Hawkins, leaving only Heather Whitney, Whitney Skillen and Bonnie Miles of the seven-member 2024 board; neither Skillen nor Miles was ever chair, and vice chair Sprague is in the room and not presiding. She also says 'being on the board for as long as I have now' (209) and sets the agenda with the superintendent ('when Mr. Pratt and I discussed adding this on to the agenda 45 minutes before the meeting', 234). NOT Whitney Skillen, whose first name is Whitney; Skillen is not audible anywhere in this file",But the job description doesn't change whether it has acting in front of it or not.,Speaker 2,https://reflect-claremont.cablecast.tv/internetchannel/show/15994?site=1&seekto=1184
0:19:52.26,0:19:59.10,1192.26,1199.10,Heather Whitney,"CHAIR, Claremont School Board (re-elected chair at the 3/20/2024 organizational meeting) - SHE IS NEVER NAMED ANYWHERE ON THIS RECORDING; a name scan for Whitney/Heather returns ZERO hits. The identification is closed-set elimination plus the public record: she calls the meeting to order (1, 'the September 4th, 2024 Clermont School board meeting'), asks the clerk for the roll (2), runs every agenda item, gives every recognition in the file ('Miss Crawford'; 'Mr. Peter' / 'Mr. Peters' / 'Mr. Patron' / 'Mr. Peterson' for Petrin; 'Frank' and 'Mr. Sprague'; 'Arlene' and 'Miss Hawkins'; 'Mr. Pratt') and adjourns the meeting (346). Her own announced tally at 129 - 'Motion passes with, Mister Patron, Mister Sprague and myself, voting in the affirmative, and Miss Crawford and Miss Hawkins voting against' - places her outside Petrin, Sprague, Crawford and Hawkins, leaving only Heather Whitney, Whitney Skillen and Bonnie Miles of the seven-member 2024 board; neither Skillen nor Miles was ever chair, and vice chair Sprague is in the room and not presiding. She also says 'being on the board for as long as I have now' (209) and sets the agenda with the superintendent ('when Mr. Pratt and I discussed adding this on to the agenda 45 minutes before the meeting', 234). NOT Whitney Skillen, whose first name is Whitney; Skillen is not audible anywhere in this file","I the way I see it and it's just my opinion the the when your contract is for the person, that's.",Speaker 2,https://reflect-claremont.cablecast.tv/internetchannel/show/15994?site=1&seekto=1192
0:19:59.10,0:20:12.58,1199.10,1212.58,Arlene Hawkins,"Claremont School Board member; CHAIR of the SAU 6 joint board (re-elected SAU chair 4/11/2024) - CHAIR'S RECOGNITIONS straight into this voice: 'Arlene. And then.' (191, conf 1.00) and 'Next item agenda is the exploratory subcommittee update. Miss Hawkins and Mr. Pratt.' (250, 'Hawkins' conf 1.00), after which this voice delivers that report in the first person - 'Mr. Pratt and I met quite a while, and we went through all of the financial components' (254). Frank Sprague names her while agreeing with her position ('again, I agree with Mrs. Hawkins', 201, conf 1.00). The chair's tally at 129 puts 'Miss Hawkins' among the two voting against, and this voice carries the 'Nay, nay' at 128. Her SAU chairmanship is on this tape too: the chair says 'it sounds like you're the chair. So maybe having this be an item' (330) and this voice answers 'I can share it at the next essay, you mean and it will go in the packet prior to the meeting' (333)","The person's contract. This is for the position, which is a transitionary,  trial to see if this model works. That's how I see the difference between those two.",Speaker 11,https://reflect-claremont.cablecast.tv/internetchannel/show/15994?site=1&seekto=1199
0:20:12.66,0:20:15.50,1212.66,1215.50,Heather Whitney,"CHAIR, Claremont School Board (re-elected chair at the 3/20/2024 organizational meeting) - SHE IS NEVER NAMED ANYWHERE ON THIS RECORDING; a name scan for Whitney/Heather returns ZERO hits. The identification is closed-set elimination plus the public record: she calls the meeting to order (1, 'the September 4th, 2024 Clermont School board meeting'), asks the clerk for the roll (2), runs every agenda item, gives every recognition in the file ('Miss Crawford'; 'Mr. Peter' / 'Mr. Peters' / 'Mr. Patron' / 'Mr. Peterson' for Petrin; 'Frank' and 'Mr. Sprague'; 'Arlene' and 'Miss Hawkins'; 'Mr. Pratt') and adjourns the meeting (346). Her own announced tally at 129 - 'Motion passes with, Mister Patron, Mister Sprague and myself, voting in the affirmative, and Miss Crawford and Miss Hawkins voting against' - places her outside Petrin, Sprague, Crawford and Hawkins, leaving only Heather Whitney, Whitney Skillen and Bonnie Miles of the seven-member 2024 board; neither Skillen nor Miles was ever chair, and vice chair Sprague is in the room and not presiding. She also says 'being on the board for as long as I have now' (209) and sets the agenda with the superintendent ('when Mr. Pratt and I discussed adding this on to the agenda 45 minutes before the meeting', 234). NOT Whitney Skillen, whose first name is Whitney; Skillen is not audible anywhere in this file","Sure, but it's still a trial, whether the words there or not. It's just.",Speaker 2,https://reflect-claremont.cablecast.tv/internetchannel/show/15994?site=1&seekto=1212
0:20:15.54,0:20:16.94,1215.54,1216.94,Candace Crawford,"Claremont School Board member (appointed 7/19/2023, re-elected March 2024); chair of the SRVRTC Visioning Committee - CHAIR'S RECOGNITIONS, each straight into this voice: 'Miss Crawford.' (19, 33, 285, 327) and 'Mr. Crawford.' (97, 194 - the ASR slipping Miss to Mr), every token at confidence 1.00. The chair also uses her first name twice, 'Candy, where did you see that?' (41, conf 1.00) and 'Chris, would you work with Candy' (50, conf 0.99), and confirms this voice as the seconder of the region ten motion ('seconded by Miss Crawford', 76) one segment after it says 'I'll second be happy to say' (75). She identifies herself as chair of the visioning committee ('as the chairperson of that, I'd be fine', 45), states her own no vote on the acting-title amendment ('I'll be voting. No... because I think the word acting should be in the title', 122), and the chair's tally names her among the two voting against (129). Her verbal tic 'I'd be happy to' (45, 75) also ties segment 20 to her",Not necessarily.,Speaker 1,https://reflect-claremont.cablecast.tv/internetchannel/show/15994?site=1&seekto=1215
0:20:17.02,0:20:35.60,1217.02,1235.60,Heather Whitney,"CHAIR, Claremont School Board (re-elected chair at the 3/20/2024 organizational meeting) - SHE IS NEVER NAMED ANYWHERE ON THIS RECORDING; a name scan for Whitney/Heather returns ZERO hits. The identification is closed-set elimination plus the public record: she calls the meeting to order (1, 'the September 4th, 2024 Clermont School board meeting'), asks the clerk for the roll (2), runs every agenda item, gives every recognition in the file ('Miss Crawford'; 'Mr. Peter' / 'Mr. Peters' / 'Mr. Patron' / 'Mr. Peterson' for Petrin; 'Frank' and 'Mr. Sprague'; 'Arlene' and 'Miss Hawkins'; 'Mr. Pratt') and adjourns the meeting (346). Her own announced tally at 129 - 'Motion passes with, Mister Patron, Mister Sprague and myself, voting in the affirmative, and Miss Crawford and Miss Hawkins voting against' - places her outside Petrin, Sprague, Crawford and Hawkins, leaving only Heather Whitney, Whitney Skillen and Bonnie Miles of the seven-member 2024 board; neither Skillen nor Miles was ever chair, and vice chair Sprague is in the room and not presiding. She also says 'being on the board for as long as I have now' (209) and sets the agenda with the superintendent ('when Mr. Pratt and I discussed adding this on to the agenda 45 minutes before the meeting', 234). NOT Whitney Skillen, whose first name is Whitney; Skillen is not audible anywhere in this file","We could say we don't want it. The board would board of the superintendent would make that change. But, if there's no more discussion, we can vote on the amendment.",Speaker 2,https://reflect-claremont.cablecast.tv/internetchannel/show/15994?site=1&seekto=1217
0:20:35.68,0:20:44.88,1235.68,1244.88,Heather Whitney,"CHAIR, Claremont School Board (re-elected chair at the 3/20/2024 organizational meeting) - SHE IS NEVER NAMED ANYWHERE ON THIS RECORDING; a name scan for Whitney/Heather returns ZERO hits. The identification is closed-set elimination plus the public record: she calls the meeting to order (1, 'the September 4th, 2024 Clermont School board meeting'), asks the clerk for the roll (2), runs every agenda item, gives every recognition in the file ('Miss Crawford'; 'Mr. Peter' / 'Mr. Peters' / 'Mr. Patron' / 'Mr. Peterson' for Petrin; 'Frank' and 'Mr. Sprague'; 'Arlene' and 'Miss Hawkins'; 'Mr. Pratt') and adjourns the meeting (346). Her own announced tally at 129 - 'Motion passes with, Mister Patron, Mister Sprague and myself, voting in the affirmative, and Miss Crawford and Miss Hawkins voting against' - places her outside Petrin, Sprague, Crawford and Hawkins, leaving only Heather Whitney, Whitney Skillen and Bonnie Miles of the seven-member 2024 board; neither Skillen nor Miles was ever chair, and vice chair Sprague is in the room and not presiding. She also says 'being on the board for as long as I have now' (209) and sets the agenda with the superintendent ('when Mr. Pratt and I discussed adding this on to the agenda 45 minutes before the meeting', 234). NOT Whitney Skillen, whose first name is Whitney; Skillen is not audible anywhere in this file",All in favor of accepting the one. Do you want to say the amendment? So it would be accepting this job description.,Speaker 2,https://reflect-claremont.cablecast.tv/internetchannel/show/15994?site=1&seekto=1235
0:20:44.92,0:20:45.52,1244.92,1245.52,Heather Whitney,"Chair, Claremont School Board - a 0.60 s fragment ('Moving the word.') inside her own restatement of the amendment, 0.04 s after 'So it would be accepting this job description' (119) and 0.16 s before 'Without the word acting.' (121). Both neighbours are hers",Moving the word.,Speaker 11,https://reflect-claremont.cablecast.tv/internetchannel/show/15994?site=1&seekto=1244
0:20:45.68,0:20:50.08,1245.68,1250.08,Heather Whitney,"CHAIR, Claremont School Board (re-elected chair at the 3/20/2024 organizational meeting) - SHE IS NEVER NAMED ANYWHERE ON THIS RECORDING; a name scan for Whitney/Heather returns ZERO hits. The identification is closed-set elimination plus the public record: she calls the meeting to order (1, 'the September 4th, 2024 Clermont School board meeting'), asks the clerk for the roll (2), runs every agenda item, gives every recognition in the file ('Miss Crawford'; 'Mr. Peter' / 'Mr. Peters' / 'Mr. Patron' / 'Mr. Peterson' for Petrin; 'Frank' and 'Mr. Sprague'; 'Arlene' and 'Miss Hawkins'; 'Mr. Pratt') and adjourns the meeting (346). Her own announced tally at 129 - 'Motion passes with, Mister Patron, Mister Sprague and myself, voting in the affirmative, and Miss Crawford and Miss Hawkins voting against' - places her outside Petrin, Sprague, Crawford and Hawkins, leaving only Heather Whitney, Whitney Skillen and Bonnie Miles of the seven-member 2024 board; neither Skillen nor Miles was ever chair, and vice chair Sprague is in the room and not presiding. She also says 'being on the board for as long as I have now' (209) and sets the agenda with the superintendent ('when Mr. Pratt and I discussed adding this on to the agenda 45 minutes before the meeting', 234). NOT Whitney Skillen, whose first name is Whitney; Skillen is not audible anywhere in this file",Without the word acting.,Speaker 2,https://reflect-claremont.cablecast.tv/internetchannel/show/15994?site=1&seekto=1245
0:20:50.16,0:21:04.08,1250.16,1264.08,Candace Crawford,"Claremont School Board member (appointed 7/19/2023, re-elected March 2024); chair of the SRVRTC Visioning Committee - CHAIR'S RECOGNITIONS, each straight into this voice: 'Miss Crawford.' (19, 33, 285, 327) and 'Mr. Crawford.' (97, 194 - the ASR slipping Miss to Mr), every token at confidence 1.00. The chair also uses her first name twice, 'Candy, where did you see that?' (41, conf 1.00) and 'Chris, would you work with Candy' (50, conf 0.99), and confirms this voice as the seconder of the region ten motion ('seconded by Miss Crawford', 76) one segment after it says 'I'll second be happy to say' (75). She identifies herself as chair of the visioning committee ('as the chairperson of that, I'd be fine', 45), states her own no vote on the acting-title amendment ('I'll be voting. No... because I think the word acting should be in the title', 122), and the chair's tally names her among the two voting against (129). Her verbal tic 'I'd be happy to' (45, 75) also ties segment 20 to her","I'll be voting. No, not that I'm against the job description. I will be voting no because I think the word acting should be in the title. Correct? I just want to be clear.",Speaker 1,https://reflect-claremont.cablecast.tv/internetchannel/show/15994?site=1&seekto=1250
0:21:04.16,0:21:08.08,1264.16,1268.08,Heather Whitney,"CHAIR, Claremont School Board (re-elected chair at the 3/20/2024 organizational meeting) - SHE IS NEVER NAMED ANYWHERE ON THIS RECORDING; a name scan for Whitney/Heather returns ZERO hits. The identification is closed-set elimination plus the public record: she calls the meeting to order (1, 'the September 4th, 2024 Clermont School board meeting'), asks the clerk for the roll (2), runs every agenda item, gives every recognition in the file ('Miss Crawford'; 'Mr. Peter' / 'Mr. Peters' / 'Mr. Patron' / 'Mr. Peterson' for Petrin; 'Frank' and 'Mr. Sprague'; 'Arlene' and 'Miss Hawkins'; 'Mr. Pratt') and adjourns the meeting (346). Her own announced tally at 129 - 'Motion passes with, Mister Patron, Mister Sprague and myself, voting in the affirmative, and Miss Crawford and Miss Hawkins voting against' - places her outside Petrin, Sprague, Crawford and Hawkins, leaving only Heather Whitney, Whitney Skillen and Bonnie Miles of the seven-member 2024 board; neither Skillen nor Miles was ever chair, and vice chair Sprague is in the room and not presiding. She also says 'being on the board for as long as I have now' (209) and sets the agenda with the superintendent ('when Mr. Pratt and I discussed adding this on to the agenda 45 minutes before the meeting', 234). NOT Whitney Skillen, whose first name is Whitney; Skillen is not audible anywhere in this file","Mike, would you like to restate the motion and then we can.",Speaker 2,https://reflect-claremont.cablecast.tv/internetchannel/show/15994?site=1&seekto=1264
0:21:08.16,0:21:20.04,1268.16,1280.04,Michael Petrin,"Claremont School Board member (returned as a write-in in the March 2024 election) - CHAIR'S RECOGNITIONS straight into this voice: 'Mr.. Peter.' (70, conf 1.00), 'Mr.. Peter.' (90, conf 0.86), 'Mr. Patron.' (159, 308, conf 1.00) and 'Mr. Peterson?' (336, conf 0.49) - the four-way ASR garble family for Petrin. The chair then names the mover of the region ten motion as 'Mr. Peters' (76) and asks 'Mike, would you like to restate the motion' (123, conf 1.00) immediately before this voice restates it (124); she says she is 'actually in agreement with Mike on this' (104) about the amendment this voice moved (100, 102). Her tally at 129 puts 'Mister Patron' among the three voting aye. He reports the ad hoc communications committee with 'a quick update from Frank and I' (337). Frank Sprague addresses him as 'Mike' (323)","The motion states that will, approve this job description with the removal  of the term acting from the job title. Okay.",Speaker 9,https://reflect-claremont.cablecast.tv/internetchannel/show/15994?site=1&seekto=1268
0:21:20.12,0:21:21.88,1280.12,1281.88,Heather Whitney,"CHAIR, Claremont School Board (re-elected chair at the 3/20/2024 organizational meeting) - SHE IS NEVER NAMED ANYWHERE ON THIS RECORDING; a name scan for Whitney/Heather returns ZERO hits. The identification is closed-set elimination plus the public record: she calls the meeting to order (1, 'the September 4th, 2024 Clermont School board meeting'), asks the clerk for the roll (2), runs every agenda item, gives every recognition in the file ('Miss Crawford'; 'Mr. Peter' / 'Mr. Peters' / 'Mr. Patron' / 'Mr. Peterson' for Petrin; 'Frank' and 'Mr. Sprague'; 'Arlene' and 'Miss Hawkins'; 'Mr. Pratt') and adjourns the meeting (346). Her own announced tally at 129 - 'Motion passes with, Mister Patron, Mister Sprague and myself, voting in the affirmative, and Miss Crawford and Miss Hawkins voting against' - places her outside Petrin, Sprague, Crawford and Hawkins, leaving only Heather Whitney, Whitney Skillen and Bonnie Miles of the seven-member 2024 board; neither Skillen nor Miles was ever chair, and vice chair Sprague is in the room and not presiding. She also says 'being on the board for as long as I have now' (209) and sets the agenda with the superintendent ('when Mr. Pratt and I discussed adding this on to the agenda 45 minutes before the meeting', 234). NOT Whitney Skillen, whose first name is Whitney; Skillen is not audible anywhere in this file","All in favor, say aye.",Speaker 2,https://reflect-claremont.cablecast.tv/internetchannel/show/15994?site=1&seekto=1280
0:21:21.96,0:21:22.46,1281.96,1282.46,Michael Petrin,"Claremont School Board member (returned as a write-in in the March 2024 election) - CHAIR'S RECOGNITIONS straight into this voice: 'Mr.. Peter.' (70, conf 1.00), 'Mr.. Peter.' (90, conf 0.86), 'Mr. Patron.' (159, 308, conf 1.00) and 'Mr. Peterson?' (336, conf 0.49) - the four-way ASR garble family for Petrin. The chair then names the mover of the region ten motion as 'Mr. Peters' (76) and asks 'Mike, would you like to restate the motion' (123, conf 1.00) immediately before this voice restates it (124); she says she is 'actually in agreement with Mike on this' (104) about the amendment this voice moved (100, 102). Her tally at 129 puts 'Mister Patron' among the three voting aye. He reports the ad hoc communications committee with 'a quick update from Frank and I' (337). Frank Sprague addresses him as 'Mike' (323)",Aye aye.,Speaker 9,https://reflect-claremont.cablecast.tv/internetchannel/show/15994?site=1&seekto=1281
0:21:22.68,0:21:25.25,1282.68,1285.25,Heather Whitney,"CHAIR, Claremont School Board (re-elected chair at the 3/20/2024 organizational meeting) - SHE IS NEVER NAMED ANYWHERE ON THIS RECORDING; a name scan for Whitney/Heather returns ZERO hits. The identification is closed-set elimination plus the public record: she calls the meeting to order (1, 'the September 4th, 2024 Clermont School board meeting'), asks the clerk for the roll (2), runs every agenda item, gives every recognition in the file ('Miss Crawford'; 'Mr. Peter' / 'Mr. Peters' / 'Mr. Patron' / 'Mr. Peterson' for Petrin; 'Frank' and 'Mr. Sprague'; 'Arlene' and 'Miss Hawkins'; 'Mr. Pratt') and adjourns the meeting (346). Her own announced tally at 129 - 'Motion passes with, Mister Patron, Mister Sprague and myself, voting in the affirmative, and Miss Crawford and Miss Hawkins voting against' - places her outside Petrin, Sprague, Crawford and Hawkins, leaving only Heather Whitney, Whitney Skillen and Bonnie Miles of the seven-member 2024 board; neither Skillen nor Miles was ever chair, and vice chair Sprague is in the room and not presiding. She also says 'being on the board for as long as I have now' (209) and sets the agenda with the superintendent ('when Mr. Pratt and I discussed adding this on to the agenda 45 minutes before the meeting', 234). NOT Whitney Skillen, whose first name is Whitney; Skillen is not audible anywhere in this file","I,  nay.",Speaker 2,https://reflect-claremont.cablecast.tv/internetchannel/show/15994?site=1&seekto=1282
0:21:25.33,0:21:27.12,1285.33,1287.12,Arlene Hawkins,"Claremont School Board member; CHAIR of the SAU 6 joint board (re-elected SAU chair 4/11/2024) - CHAIR'S RECOGNITIONS straight into this voice: 'Arlene. And then.' (191, conf 1.00) and 'Next item agenda is the exploratory subcommittee update. Miss Hawkins and Mr. Pratt.' (250, 'Hawkins' conf 1.00), after which this voice delivers that report in the first person - 'Mr. Pratt and I met quite a while, and we went through all of the financial components' (254). Frank Sprague names her while agreeing with her position ('again, I agree with Mrs. Hawkins', 201, conf 1.00). The chair's tally at 129 puts 'Miss Hawkins' among the two voting against, and this voice carries the 'Nay, nay' at 128. Her SAU chairmanship is on this tape too: the chair says 'it sounds like you're the chair. So maybe having this be an item' (330) and this voice answers 'I can share it at the next essay, you mean and it will go in the packet prior to the meeting' (333)","Nay, nay.",Speaker 11,https://reflect-claremont.cablecast.tv/internetchannel/show/15994?site=1&seekto=1285
0:21:27.20,0:21:57.00,1287.20,1317.00,Heather Whitney,"CHAIR, Claremont School Board (re-elected chair at the 3/20/2024 organizational meeting) - SHE IS NEVER NAMED ANYWHERE ON THIS RECORDING; a name scan for Whitney/Heather returns ZERO hits. The identification is closed-set elimination plus the public record: she calls the meeting to order (1, 'the September 4th, 2024 Clermont School board meeting'), asks the clerk for the roll (2), runs every agenda item, gives every recognition in the file ('Miss Crawford'; 'Mr. Peter' / 'Mr. Peters' / 'Mr. Patron' / 'Mr. Peterson' for Petrin; 'Frank' and 'Mr. Sprague'; 'Arlene' and 'Miss Hawkins'; 'Mr. Pratt') and adjourns the meeting (346). Her own announced tally at 129 - 'Motion passes with, Mister Patron, Mister Sprague and myself, voting in the affirmative, and Miss Crawford and Miss Hawkins voting against' - places her outside Petrin, Sprague, Crawford and Hawkins, leaving only Heather Whitney, Whitney Skillen and Bonnie Miles of the seven-member 2024 board; neither Skillen nor Miles was ever chair, and vice chair Sprague is in the room and not presiding. She also says 'being on the board for as long as I have now' (209) and sets the agenda with the superintendent ('when Mr. Pratt and I discussed adding this on to the agenda 45 minutes before the meeting', 234). NOT Whitney Skillen, whose first name is Whitney; Skillen is not audible anywhere in this file","Motion passes with, Mister Patron, Mister Sprague and myself, voting in the affirmative, and Miss Crawford and Miss Hawkins voting against, not against the job description per se, but against the word acting being removed. Thank you all. And Mr.. Do you want to continue to expand into the discussion?",Speaker 2,https://reflect-claremont.cablecast.tv/internetchannel/show/15994?site=1&seekto=1287
0:21:57.08,0:22:44.04,1317.08,1364.04,Chris Pratt,"SUPERINTENDENT OF SCHOOLS, SAU 6 - CHAIR'S RECOGNITIONS straight into this voice: 'The presentation will be from Mr. Pratt' (27), 'Mr. Pratt yeah.' (87) and 'Miss Hawkins and Mr. Pratt' (250), all at conf 1.00. Arlene Hawkins addresses him mid-report ('Did I say that correctly, Mr. Pratt?', 304) and vouches for him ('I have every faith in Mr. Pratt', 228); Candace Crawford says 'I talked to Superintendent Pratt before the meeting' (236); the chair calls him 'Chris' at 50. He speaks as superintendent in the first person: 'I do a lot of the oversight already as superintendent' (166), 'as a superintendent here, you know, in this district' (203), 'as a superintendent you're doing the work anyways' (183). He reports obtaining his level one CTE director/principal licence and lays out the three tech-center administration options. NOTE FOR THE RECORD, NOT HARMONISED: this voice also says 'I've known her for for many years and I've given her a lot of things over the years when I was a superintendent in, in Vermont' (206, 'Vermont' conf 1.00), 'I also know from working in Massachusetts and Vermont' (220), 'I'm still relatively new to the community' (231), 'being new around the table' (38) and 'my second week on' (35) - which sits oddly with the project record of Chris Pratt as the long-serving Stevens High School principal. Quoted as spoken; not reconciled here","And so, in regards to talking a little bit about moving forward with the current proposal, I just wanted to offer out options. I think we you know, I would like the board's feedback on in regards to moving forward, the situation, the current situation, as it's we don't have an agreement with with Newport or anything like that in regards to we have to have, you know, one director for the two and based on everything, not the superintendent or the director they currently have, but based on the timing of this,  that we have some other options that we could look at in regards to moving forward.",Speaker 5,https://reflect-claremont.cablecast.tv/internetchannel/show/15994?site=1&seekto=1317
0:22:44.12,0:23:16.72,1364.12,1396.72,Chris Pratt,"SUPERINTENDENT OF SCHOOLS, SAU 6 - CHAIR'S RECOGNITIONS straight into this voice: 'The presentation will be from Mr. Pratt' (27), 'Mr. Pratt yeah.' (87) and 'Miss Hawkins and Mr. Pratt' (250), all at conf 1.00. Arlene Hawkins addresses him mid-report ('Did I say that correctly, Mr. Pratt?', 304) and vouches for him ('I have every faith in Mr. Pratt', 228); Candace Crawford says 'I talked to Superintendent Pratt before the meeting' (236); the chair calls him 'Chris' at 50. He speaks as superintendent in the first person: 'I do a lot of the oversight already as superintendent' (166), 'as a superintendent here, you know, in this district' (203), 'as a superintendent you're doing the work anyways' (183). He reports obtaining his level one CTE director/principal licence and lays out the three tech-center administration options. NOTE FOR THE RECORD, NOT HARMONISED: this voice also says 'I've known her for for many years and I've given her a lot of things over the years when I was a superintendent in, in Vermont' (206, 'Vermont' conf 1.00), 'I also know from working in Massachusetts and Vermont' (220), 'I'm still relatively new to the community' (231), 'being new around the table' (38) and 'my second week on' (35) - which sits oddly with the project record of Chris Pratt as the long-serving Stevens High School principal. Quoted as spoken; not reconciled here","I would. So that's the first option. We continue to move forward with having one director oversee two sites. The second one would be that, you would.  I have my level one CTE principal of directors, licensed. So I could be that person.  With Michelle being the assistant director, I would be the name of record for the state of being the director or principal of the tech center.",Speaker 5,https://reflect-claremont.cablecast.tv/internetchannel/show/15994?site=1&seekto=1364
0:23:16.80,0:23:45.84,1396.80,1425.84,Chris Pratt,"SUPERINTENDENT OF SCHOOLS, SAU 6 - CHAIR'S RECOGNITIONS straight into this voice: 'The presentation will be from Mr. Pratt' (27), 'Mr. Pratt yeah.' (87) and 'Miss Hawkins and Mr. Pratt' (250), all at conf 1.00. Arlene Hawkins addresses him mid-report ('Did I say that correctly, Mr. Pratt?', 304) and vouches for him ('I have every faith in Mr. Pratt', 228); Candace Crawford says 'I talked to Superintendent Pratt before the meeting' (236); the chair calls him 'Chris' at 50. He speaks as superintendent in the first person: 'I do a lot of the oversight already as superintendent' (166), 'as a superintendent here, you know, in this district' (203), 'as a superintendent you're doing the work anyways' (183). He reports obtaining his level one CTE director/principal licence and lays out the three tech-center administration options. NOTE FOR THE RECORD, NOT HARMONISED: this voice also says 'I've known her for for many years and I've given her a lot of things over the years when I was a superintendent in, in Vermont' (206, 'Vermont' conf 1.00), 'I also know from working in Massachusetts and Vermont' (220), 'I'm still relatively new to the community' (231), 'being new around the table' (38) and 'my second week on' (35) - which sits oddly with the project record of Chris Pratt as the long-serving Stevens High School principal. Quoted as spoken; not reconciled here","The third would be that you would keep Michelle on as the assistant director, also taking on the role of counseling and try to find  a director  for the for the program. So those are the three options I think moving forward, just based on the past few weeks in regards to everything I have going on in Newport and the direction we want to go here, I think it's in me getting my my level one.",Speaker 5,https://reflect-claremont.cablecast.tv/internetchannel/show/15994?site=1&seekto=1396
0:23:45.88,0:24:23.64,1425.88,1463.64,Chris Pratt,"SUPERINTENDENT OF SCHOOLS, SAU 6 - CHAIR'S RECOGNITIONS straight into this voice: 'The presentation will be from Mr. Pratt' (27), 'Mr. Pratt yeah.' (87) and 'Miss Hawkins and Mr. Pratt' (250), all at conf 1.00. Arlene Hawkins addresses him mid-report ('Did I say that correctly, Mr. Pratt?', 304) and vouches for him ('I have every faith in Mr. Pratt', 228); Candace Crawford says 'I talked to Superintendent Pratt before the meeting' (236); the chair calls him 'Chris' at 50. He speaks as superintendent in the first person: 'I do a lot of the oversight already as superintendent' (166), 'as a superintendent here, you know, in this district' (203), 'as a superintendent you're doing the work anyways' (183). He reports obtaining his level one CTE director/principal licence and lays out the three tech-center administration options. NOTE FOR THE RECORD, NOT HARMONISED: this voice also says 'I've known her for for many years and I've given her a lot of things over the years when I was a superintendent in, in Vermont' (206, 'Vermont' conf 1.00), 'I also know from working in Massachusetts and Vermont' (220), 'I'm still relatively new to the community' (231), 'being new around the table' (38) and 'my second week on' (35) - which sits oddly with the project record of Chris Pratt as the long-serving Stevens High School principal. Quoted as spoken; not reconciled here","I believe it is CTE certificate. I would say that  our best interest would probably most likely be have Michelle be the, assistant director and myself named as the, director until we can, for this year. And the reason and the reason these these this came up is the after speaking to, Jeff Baird, I think from the state is that there's a lot when you know, you would we would need to do mou one for Eric working here and one from a shell going over there and a lot of that.",Speaker 5,https://reflect-claremont.cablecast.tv/internetchannel/show/15994?site=1&seekto=1425
0:24:23.72,0:24:43.24,1463.72,1483.24,Chris Pratt,"SUPERINTENDENT OF SCHOOLS, SAU 6 - CHAIR'S RECOGNITIONS straight into this voice: 'The presentation will be from Mr. Pratt' (27), 'Mr. Pratt yeah.' (87) and 'Miss Hawkins and Mr. Pratt' (250), all at conf 1.00. Arlene Hawkins addresses him mid-report ('Did I say that correctly, Mr. Pratt?', 304) and vouches for him ('I have every faith in Mr. Pratt', 228); Candace Crawford says 'I talked to Superintendent Pratt before the meeting' (236); the chair calls him 'Chris' at 50. He speaks as superintendent in the first person: 'I do a lot of the oversight already as superintendent' (166), 'as a superintendent here, you know, in this district' (203), 'as a superintendent you're doing the work anyways' (183). He reports obtaining his level one CTE director/principal licence and lays out the three tech-center administration options. NOTE FOR THE RECORD, NOT HARMONISED: this voice also says 'I've known her for for many years and I've given her a lot of things over the years when I was a superintendent in, in Vermont' (206, 'Vermont' conf 1.00), 'I also know from working in Massachusetts and Vermont' (220), 'I'm still relatively new to the community' (231), 'being new around the table' (38) and 'my second week on' (35) - which sits oddly with the project record of Chris Pratt as the long-serving Stevens High School principal. Quoted as spoken; not reconciled here","And so they're pretty detailed moves that we would need to to create. The other thing would be that they said it's a, it's a good model. You know, you can save money from doing that. But he said no one in the state has done that yet. So they don't really know what the full,  direction would be moving moving forward.",Speaker 5,https://reflect-claremont.cablecast.tv/internetchannel/show/15994?site=1&seekto=1463
0:24:43.24,0:25:09.92,1483.24,1509.92,Chris Pratt,"SUPERINTENDENT OF SCHOOLS, SAU 6 - CHAIR'S RECOGNITIONS straight into this voice: 'The presentation will be from Mr. Pratt' (27), 'Mr. Pratt yeah.' (87) and 'Miss Hawkins and Mr. Pratt' (250), all at conf 1.00. Arlene Hawkins addresses him mid-report ('Did I say that correctly, Mr. Pratt?', 304) and vouches for him ('I have every faith in Mr. Pratt', 228); Candace Crawford says 'I talked to Superintendent Pratt before the meeting' (236); the chair calls him 'Chris' at 50. He speaks as superintendent in the first person: 'I do a lot of the oversight already as superintendent' (166), 'as a superintendent here, you know, in this district' (203), 'as a superintendent you're doing the work anyways' (183). He reports obtaining his level one CTE director/principal licence and lays out the three tech-center administration options. NOTE FOR THE RECORD, NOT HARMONISED: this voice also says 'I've known her for for many years and I've given her a lot of things over the years when I was a superintendent in, in Vermont' (206, 'Vermont' conf 1.00), 'I also know from working in Massachusetts and Vermont' (220), 'I'm still relatively new to the community' (231), 'being new around the table' (38) and 'my second week on' (35) - which sits oddly with the project record of Chris Pratt as the long-serving Stevens High School principal. Quoted as spoken; not reconciled here","But it's definitely doable.  If we put the right things in place with with MOU.  The other thing is that if, one having that one person be the named on file as the the director of the tech center, they would be the ones getting all the communication. And in this case, you know, you know, it would be Eric would get all the communications and he would share that with would Michelle in that.",Speaker 5,https://reflect-claremont.cablecast.tv/internetchannel/show/15994?site=1&seekto=1483
0:25:09.92,0:25:24.52,1509.92,1524.52,Chris Pratt,"SUPERINTENDENT OF SCHOOLS, SAU 6 - CHAIR'S RECOGNITIONS straight into this voice: 'The presentation will be from Mr. Pratt' (27), 'Mr. Pratt yeah.' (87) and 'Miss Hawkins and Mr. Pratt' (250), all at conf 1.00. Arlene Hawkins addresses him mid-report ('Did I say that correctly, Mr. Pratt?', 304) and vouches for him ('I have every faith in Mr. Pratt', 228); Candace Crawford says 'I talked to Superintendent Pratt before the meeting' (236); the chair calls him 'Chris' at 50. He speaks as superintendent in the first person: 'I do a lot of the oversight already as superintendent' (166), 'as a superintendent here, you know, in this district' (203), 'as a superintendent you're doing the work anyways' (183). He reports obtaining his level one CTE director/principal licence and lays out the three tech-center administration options. NOTE FOR THE RECORD, NOT HARMONISED: this voice also says 'I've known her for for many years and I've given her a lot of things over the years when I was a superintendent in, in Vermont' (206, 'Vermont' conf 1.00), 'I also know from working in Massachusetts and Vermont' (220), 'I'm still relatively new to the community' (231), 'being new around the table' (38) and 'my second week on' (35) - which sits oddly with the project record of Chris Pratt as the long-serving Stevens High School principal. Quoted as spoken; not reconciled here",So those so you do have three. We do have three options after exploring this you know further with with this with the state. And the decision is totally up. Up to you guys.,Speaker 5,https://reflect-claremont.cablecast.tv/internetchannel/show/15994?site=1&seekto=1509
0:25:24.60,0:25:27.31,1524.60,1527.31,Candace Crawford,"Claremont School Board member (appointed 7/19/2023, re-elected March 2024); chair of the SRVRTC Visioning Committee - CHAIR'S RECOGNITIONS, each straight into this voice: 'Miss Crawford.' (19, 33, 285, 327) and 'Mr. Crawford.' (97, 194 - the ASR slipping Miss to Mr), every token at confidence 1.00. The chair also uses her first name twice, 'Candy, where did you see that?' (41, conf 1.00) and 'Chris, would you work with Candy' (50, conf 0.99), and confirms this voice as the seconder of the region ten motion ('seconded by Miss Crawford', 76) one segment after it says 'I'll second be happy to say' (75). She identifies herself as chair of the visioning committee ('as the chairperson of that, I'd be fine', 45), states her own no vote on the acting-title amendment ('I'll be voting. No... because I think the word acting should be in the title', 122), and the chair's tally names her among the two voting against (129). Her verbal tic 'I'd be happy to' (45, 75) also ties segment 20 to her",I'm unclear what is the decision we're making.,Speaker 1,https://reflect-claremont.cablecast.tv/internetchannel/show/15994?site=1&seekto=1524
0:25:27.32,0:25:54.40,1527.32,1554.40,Chris Pratt,"SUPERINTENDENT OF SCHOOLS, SAU 6 - CHAIR'S RECOGNITIONS straight into this voice: 'The presentation will be from Mr. Pratt' (27), 'Mr. Pratt yeah.' (87) and 'Miss Hawkins and Mr. Pratt' (250), all at conf 1.00. Arlene Hawkins addresses him mid-report ('Did I say that correctly, Mr. Pratt?', 304) and vouches for him ('I have every faith in Mr. Pratt', 228); Candace Crawford says 'I talked to Superintendent Pratt before the meeting' (236); the chair calls him 'Chris' at 50. He speaks as superintendent in the first person: 'I do a lot of the oversight already as superintendent' (166), 'as a superintendent here, you know, in this district' (203), 'as a superintendent you're doing the work anyways' (183). He reports obtaining his level one CTE director/principal licence and lays out the three tech-center administration options. NOTE FOR THE RECORD, NOT HARMONISED: this voice also says 'I've known her for for many years and I've given her a lot of things over the years when I was a superintendent in, in Vermont' (206, 'Vermont' conf 1.00), 'I also know from working in Massachusetts and Vermont' (220), 'I'm still relatively new to the community' (231), 'being new around the table' (38) and 'my second week on' (35) - which sits oddly with the project record of Chris Pratt as the long-serving Stevens High School principal. Quoted as spoken; not reconciled here","So it's not a decision. It's just I, I would. Like that direction from the board in regards to it's such an important issue. What, because after the last meeting there were concerns of we want to make sure we're moving forward. So with that I applied for my CTE director, which I got. So that does open up more options that we didn't have before with the new assistant director and the uncertainty of how much time Eric could actually give us from Newport.",Speaker 5,https://reflect-claremont.cablecast.tv/internetchannel/show/15994?site=1&seekto=1527
0:25:54.48,0:26:06.00,1554.48,1566.00,Candace Crawford,"Claremont School Board member (appointed 7/19/2023, re-elected March 2024); chair of the SRVRTC Visioning Committee - CHAIR'S RECOGNITIONS, each straight into this voice: 'Miss Crawford.' (19, 33, 285, 327) and 'Mr. Crawford.' (97, 194 - the ASR slipping Miss to Mr), every token at confidence 1.00. The chair also uses her first name twice, 'Candy, where did you see that?' (41, conf 1.00) and 'Chris, would you work with Candy' (50, conf 0.99), and confirms this voice as the seconder of the region ten motion ('seconded by Miss Crawford', 76) one segment after it says 'I'll second be happy to say' (75). She identifies herself as chair of the visioning committee ('as the chairperson of that, I'd be fine', 45), states her own no vote on the acting-title amendment ('I'll be voting. No... because I think the word acting should be in the title', 122), and the chair's tally names her among the two voting against (129). Her verbal tic 'I'd be happy to' (45, 75) also ties segment 20 to her","So, so following up on that,  I, I thought last week, last time we said that Michelle wouldn't be spending any time in Newport.",Speaker 1,https://reflect-claremont.cablecast.tv/internetchannel/show/15994?site=1&seekto=1554
0:26:06.20,0:26:12.56,1566.20,1572.56,Heather Whitney,"CHAIR, Claremont School Board (re-elected chair at the 3/20/2024 organizational meeting) - SHE IS NEVER NAMED ANYWHERE ON THIS RECORDING; a name scan for Whitney/Heather returns ZERO hits. The identification is closed-set elimination plus the public record: she calls the meeting to order (1, 'the September 4th, 2024 Clermont School board meeting'), asks the clerk for the roll (2), runs every agenda item, gives every recognition in the file ('Miss Crawford'; 'Mr. Peter' / 'Mr. Peters' / 'Mr. Patron' / 'Mr. Peterson' for Petrin; 'Frank' and 'Mr. Sprague'; 'Arlene' and 'Miss Hawkins'; 'Mr. Pratt') and adjourns the meeting (346). Her own announced tally at 129 - 'Motion passes with, Mister Patron, Mister Sprague and myself, voting in the affirmative, and Miss Crawford and Miss Hawkins voting against' - places her outside Petrin, Sprague, Crawford and Hawkins, leaving only Heather Whitney, Whitney Skillen and Bonnie Miles of the seven-member 2024 board; neither Skillen nor Miles was ever chair, and vice chair Sprague is in the room and not presiding. She also says 'being on the board for as long as I have now' (209) and sets the agenda with the superintendent ('when Mr. Pratt and I discussed adding this on to the agenda 45 minutes before the meeting', 234). NOT Whitney Skillen, whose first name is Whitney; Skillen is not audible anywhere in this file","Well, no, I think the model was, is that when  Eric was here, Michelle would be over there.",Speaker 2,https://reflect-claremont.cablecast.tv/internetchannel/show/15994?site=1&seekto=1566
0:26:12.76,0:26:17.84,1572.76,1577.84,Candace Crawford,"Claremont School Board member (appointed 7/19/2023, re-elected March 2024); chair of the SRVRTC Visioning Committee - CHAIR'S RECOGNITIONS, each straight into this voice: 'Miss Crawford.' (19, 33, 285, 327) and 'Mr. Crawford.' (97, 194 - the ASR slipping Miss to Mr), every token at confidence 1.00. The chair also uses her first name twice, 'Candy, where did you see that?' (41, conf 1.00) and 'Chris, would you work with Candy' (50, conf 0.99), and confirms this voice as the seconder of the region ten motion ('seconded by Miss Crawford', 76) one segment after it says 'I'll second be happy to say' (75). She identifies herself as chair of the visioning committee ('as the chairperson of that, I'd be fine', 45), states her own no vote on the acting-title amendment ('I'll be voting. No... because I think the word acting should be in the title', 122), and the chair's tally names her among the two voting against (129). Her verbal tic 'I'd be happy to' (45, 75) also ties segment 20 to her","I thought Michelle was going to be here all the time, and their assistant was going to be there all the time.",Speaker 1,https://reflect-claremont.cablecast.tv/internetchannel/show/15994?site=1&seekto=1572
0:26:17.88,0:26:33.84,1577.88,1593.84,Chris Pratt,"SUPERINTENDENT OF SCHOOLS, SAU 6 - CHAIR'S RECOGNITIONS straight into this voice: 'The presentation will be from Mr. Pratt' (27), 'Mr. Pratt yeah.' (87) and 'Miss Hawkins and Mr. Pratt' (250), all at conf 1.00. Arlene Hawkins addresses him mid-report ('Did I say that correctly, Mr. Pratt?', 304) and vouches for him ('I have every faith in Mr. Pratt', 228); Candace Crawford says 'I talked to Superintendent Pratt before the meeting' (236); the chair calls him 'Chris' at 50. He speaks as superintendent in the first person: 'I do a lot of the oversight already as superintendent' (166), 'as a superintendent here, you know, in this district' (203), 'as a superintendent you're doing the work anyways' (183). He reports obtaining his level one CTE director/principal licence and lays out the three tech-center administration options. NOTE FOR THE RECORD, NOT HARMONISED: this voice also says 'I've known her for for many years and I've given her a lot of things over the years when I was a superintendent in, in Vermont' (206, 'Vermont' conf 1.00), 'I also know from working in Massachusetts and Vermont' (220), 'I'm still relatively new to the community' (231), 'being new around the table' (38) and 'my second week on' (35) - which sits oddly with the project record of Chris Pratt as the long-serving Stevens High School principal. Quoted as spoken; not reconciled here","No, they don't have they don't have an assistant. How it was rolled out the last time was that any time Eric would, they would try to let's be at each other's sites. In regards to if Eric had to come here, Michelle will go there to learn about their programs and more time he spent here or learn about hours.",Speaker 5,https://reflect-claremont.cablecast.tv/internetchannel/show/15994?site=1&seekto=1577
0:26:33.92,0:26:42.24,1593.92,1602.24,Chris Pratt,"SUPERINTENDENT OF SCHOOLS, SAU 6 - CHAIR'S RECOGNITIONS straight into this voice: 'The presentation will be from Mr. Pratt' (27), 'Mr. Pratt yeah.' (87) and 'Miss Hawkins and Mr. Pratt' (250), all at conf 1.00. Arlene Hawkins addresses him mid-report ('Did I say that correctly, Mr. Pratt?', 304) and vouches for him ('I have every faith in Mr. Pratt', 228); Candace Crawford says 'I talked to Superintendent Pratt before the meeting' (236); the chair calls him 'Chris' at 50. He speaks as superintendent in the first person: 'I do a lot of the oversight already as superintendent' (166), 'as a superintendent here, you know, in this district' (203), 'as a superintendent you're doing the work anyways' (183). He reports obtaining his level one CTE director/principal licence and lays out the three tech-center administration options. NOTE FOR THE RECORD, NOT HARMONISED: this voice also says 'I've known her for for many years and I've given her a lot of things over the years when I was a superintendent in, in Vermont' (206, 'Vermont' conf 1.00), 'I also know from working in Massachusetts and Vermont' (220), 'I'm still relatively new to the community' (231), 'being new around the table' (38) and 'my second week on' (35) - which sits oddly with the project record of Chris Pratt as the long-serving Stevens High School principal. Quoted as spoken; not reconciled here","So with that, if that was something we were going to do, we right now we don't have an MOU or anything like that.",Speaker 5,https://reflect-claremont.cablecast.tv/internetchannel/show/15994?site=1&seekto=1593
0:26:42.32,0:26:44.00,1602.32,1604.00,Candace Crawford,"Claremont School Board member (appointed 7/19/2023, re-elected March 2024); chair of the SRVRTC Visioning Committee - CHAIR'S RECOGNITIONS, each straight into this voice: 'Miss Crawford.' (19, 33, 285, 327) and 'Mr. Crawford.' (97, 194 - the ASR slipping Miss to Mr), every token at confidence 1.00. The chair also uses her first name twice, 'Candy, where did you see that?' (41, conf 1.00) and 'Chris, would you work with Candy' (50, conf 0.99), and confirms this voice as the seconder of the region ten motion ('seconded by Miss Crawford', 76) one segment after it says 'I'll second be happy to say' (75). She identifies herself as chair of the visioning committee ('as the chairperson of that, I'd be fine', 45), states her own no vote on the acting-title amendment ('I'll be voting. No... because I think the word acting should be in the title', 122), and the chair's tally names her among the two voting against (129). Her verbal tic 'I'd be happy to' (45, 75) also ties segment 20 to her",Do we have to make that decision tonight?,Speaker 1,https://reflect-claremont.cablecast.tv/internetchannel/show/15994?site=1&seekto=1602
0:26:44.12,0:26:45.08,1604.12,1605.08,Chris Pratt,"Superintendent of Schools, SAU 6 - the clipped onset of his answer to Crawford's 'Do we have to make that decision tonight?' (144); 'Well, we're not deciding.' precedes 'It's not just just guiding us moving forward.' (146) by 0.04 s and restates his own framing at 138 ('So it's not a decision. It's just I would like that direction from the board')","Well, we're not deciding.",Speaker 11,https://reflect-claremont.cablecast.tv/internetchannel/show/15994?site=1&seekto=1604
0:26:45.12,0:26:47.76,1605.12,1607.76,Chris Pratt,"SUPERINTENDENT OF SCHOOLS, SAU 6 - CHAIR'S RECOGNITIONS straight into this voice: 'The presentation will be from Mr. Pratt' (27), 'Mr. Pratt yeah.' (87) and 'Miss Hawkins and Mr. Pratt' (250), all at conf 1.00. Arlene Hawkins addresses him mid-report ('Did I say that correctly, Mr. Pratt?', 304) and vouches for him ('I have every faith in Mr. Pratt', 228); Candace Crawford says 'I talked to Superintendent Pratt before the meeting' (236); the chair calls him 'Chris' at 50. He speaks as superintendent in the first person: 'I do a lot of the oversight already as superintendent' (166), 'as a superintendent here, you know, in this district' (203), 'as a superintendent you're doing the work anyways' (183). He reports obtaining his level one CTE director/principal licence and lays out the three tech-center administration options. NOTE FOR THE RECORD, NOT HARMONISED: this voice also says 'I've known her for for many years and I've given her a lot of things over the years when I was a superintendent in, in Vermont' (206, 'Vermont' conf 1.00), 'I also know from working in Massachusetts and Vermont' (220), 'I'm still relatively new to the community' (231), 'being new around the table' (38) and 'my second week on' (35) - which sits oddly with the project record of Chris Pratt as the long-serving Stevens High School principal. Quoted as spoken; not reconciled here",It's not just just guiding us moving forward.,Speaker 5,https://reflect-claremont.cablecast.tv/internetchannel/show/15994?site=1&seekto=1605
0:26:47.80,0:27:23.00,1607.80,1643.00,Heather Whitney,"CHAIR, Claremont School Board (re-elected chair at the 3/20/2024 organizational meeting) - SHE IS NEVER NAMED ANYWHERE ON THIS RECORDING; a name scan for Whitney/Heather returns ZERO hits. The identification is closed-set elimination plus the public record: she calls the meeting to order (1, 'the September 4th, 2024 Clermont School board meeting'), asks the clerk for the roll (2), runs every agenda item, gives every recognition in the file ('Miss Crawford'; 'Mr. Peter' / 'Mr. Peters' / 'Mr. Patron' / 'Mr. Peterson' for Petrin; 'Frank' and 'Mr. Sprague'; 'Arlene' and 'Miss Hawkins'; 'Mr. Pratt') and adjourns the meeting (346). Her own announced tally at 129 - 'Motion passes with, Mister Patron, Mister Sprague and myself, voting in the affirmative, and Miss Crawford and Miss Hawkins voting against' - places her outside Petrin, Sprague, Crawford and Hawkins, leaving only Heather Whitney, Whitney Skillen and Bonnie Miles of the seven-member 2024 board; neither Skillen nor Miles was ever chair, and vice chair Sprague is in the room and not presiding. She also says 'being on the board for as long as I have now' (209) and sets the agenda with the superintendent ('when Mr. Pratt and I discussed adding this on to the agenda 45 minutes before the meeting', 234). NOT Whitney Skillen, whose first name is Whitney; Skillen is not audible anywhere in this file","So can I just see if I can summarize the three proposals? So it sounds like the the first proposal is the proposal we heard at the last meeting, which was we would cost share a director's position with Eric and Newport and the way that model would work, since they do not have an assistant director, that when he was spending time over here kind of doing his super supervisory kind of activities, Michelle would go to, Newport to be the acting administrator there.",Speaker 2,https://reflect-claremont.cablecast.tv/internetchannel/show/15994?site=1&seekto=1607
0:27:23.08,0:27:52.04,1643.08,1672.04,Heather Whitney,"CHAIR, Claremont School Board (re-elected chair at the 3/20/2024 organizational meeting) - SHE IS NEVER NAMED ANYWHERE ON THIS RECORDING; a name scan for Whitney/Heather returns ZERO hits. The identification is closed-set elimination plus the public record: she calls the meeting to order (1, 'the September 4th, 2024 Clermont School board meeting'), asks the clerk for the roll (2), runs every agenda item, gives every recognition in the file ('Miss Crawford'; 'Mr. Peter' / 'Mr. Peters' / 'Mr. Patron' / 'Mr. Peterson' for Petrin; 'Frank' and 'Mr. Sprague'; 'Arlene' and 'Miss Hawkins'; 'Mr. Pratt') and adjourns the meeting (346). Her own announced tally at 129 - 'Motion passes with, Mister Patron, Mister Sprague and myself, voting in the affirmative, and Miss Crawford and Miss Hawkins voting against' - places her outside Petrin, Sprague, Crawford and Hawkins, leaving only Heather Whitney, Whitney Skillen and Bonnie Miles of the seven-member 2024 board; neither Skillen nor Miles was ever chair, and vice chair Sprague is in the room and not presiding. She also says 'being on the board for as long as I have now' (209) and sets the agenda with the superintendent ('when Mr. Pratt and I discussed adding this on to the agenda 45 minutes before the meeting', 234). NOT Whitney Skillen, whose first name is Whitney; Skillen is not audible anywhere in this file","Then our second option is now that Mr. Pratt has, obtained his level one CTE director license. Yeah, that Mr. Pratt could be the director  of license, so he would be the CTE director here, and Michelle would be acting as the assistant CT director. And she could also assume the counseling position, which is unfilled.",Speaker 2,https://reflect-claremont.cablecast.tv/internetchannel/show/15994?site=1&seekto=1643
0:27:52.16,0:27:53.03,1672.16,1673.03,Arlene Hawkins,"Claremont School Board member; CHAIR of the SAU 6 joint board (re-elected SAU chair 4/11/2024) - CHAIR'S RECOGNITIONS straight into this voice: 'Arlene. And then.' (191, conf 1.00) and 'Next item agenda is the exploratory subcommittee update. Miss Hawkins and Mr. Pratt.' (250, 'Hawkins' conf 1.00), after which this voice delivers that report in the first person - 'Mr. Pratt and I met quite a while, and we went through all of the financial components' (254). Frank Sprague names her while agreeing with her position ('again, I agree with Mrs. Hawkins', 201, conf 1.00). The chair's tally at 129 puts 'Miss Hawkins' among the two voting against, and this voice carries the 'Nay, nay' at 128. Her SAU chairmanship is on this tape too: the chair says 'it sounds like you're the chair. So maybe having this be an item' (330) and this voice answers 'I can share it at the next essay, you mean and it will go in the packet prior to the meeting' (333)",The career counseling.,Speaker 11,https://reflect-claremont.cablecast.tv/internetchannel/show/15994?site=1&seekto=1672
0:27:53.07,0:27:56.48,1673.07,1676.48,Heather Whitney,"CHAIR, Claremont School Board (re-elected chair at the 3/20/2024 organizational meeting) - SHE IS NEVER NAMED ANYWHERE ON THIS RECORDING; a name scan for Whitney/Heather returns ZERO hits. The identification is closed-set elimination plus the public record: she calls the meeting to order (1, 'the September 4th, 2024 Clermont School board meeting'), asks the clerk for the roll (2), runs every agenda item, gives every recognition in the file ('Miss Crawford'; 'Mr. Peter' / 'Mr. Peters' / 'Mr. Patron' / 'Mr. Peterson' for Petrin; 'Frank' and 'Mr. Sprague'; 'Arlene' and 'Miss Hawkins'; 'Mr. Pratt') and adjourns the meeting (346). Her own announced tally at 129 - 'Motion passes with, Mister Patron, Mister Sprague and myself, voting in the affirmative, and Miss Crawford and Miss Hawkins voting against' - places her outside Petrin, Sprague, Crawford and Hawkins, leaving only Heather Whitney, Whitney Skillen and Bonnie Miles of the seven-member 2024 board; neither Skillen nor Miles was ever chair, and vice chair Sprague is in the room and not presiding. She also says 'being on the board for as long as I have now' (209) and sets the agenda with the superintendent ('when Mr. Pratt and I discussed adding this on to the agenda 45 minutes before the meeting', 234). NOT Whitney Skillen, whose first name is Whitney; Skillen is not audible anywhere in this file","Career counselor, she has an extensive background in am I wrong?",Speaker 2,https://reflect-claremont.cablecast.tv/internetchannel/show/15994?site=1&seekto=1673
0:27:56.52,0:27:57.60,1676.52,1677.60,Chris Pratt,"SUPERINTENDENT OF SCHOOLS, SAU 6 - CHAIR'S RECOGNITIONS straight into this voice: 'The presentation will be from Mr. Pratt' (27), 'Mr. Pratt yeah.' (87) and 'Miss Hawkins and Mr. Pratt' (250), all at conf 1.00. Arlene Hawkins addresses him mid-report ('Did I say that correctly, Mr. Pratt?', 304) and vouches for him ('I have every faith in Mr. Pratt', 228); Candace Crawford says 'I talked to Superintendent Pratt before the meeting' (236); the chair calls him 'Chris' at 50. He speaks as superintendent in the first person: 'I do a lot of the oversight already as superintendent' (166), 'as a superintendent here, you know, in this district' (203), 'as a superintendent you're doing the work anyways' (183). He reports obtaining his level one CTE director/principal licence and lays out the three tech-center administration options. NOTE FOR THE RECORD, NOT HARMONISED: this voice also says 'I've known her for for many years and I've given her a lot of things over the years when I was a superintendent in, in Vermont' (206, 'Vermont' conf 1.00), 'I also know from working in Massachusetts and Vermont' (220), 'I'm still relatively new to the community' (231), 'being new around the table' (38) and 'my second week on' (35) - which sits oddly with the project record of Chris Pratt as the long-serving Stevens High School principal. Quoted as spoken; not reconciled here",Get her master's in counseling.,Speaker 5,https://reflect-claremont.cablecast.tv/internetchannel/show/15994?site=1&seekto=1676
0:27:57.64,0:28:02.60,1677.64,1682.60,Heather Whitney,"CHAIR, Claremont School Board (re-elected chair at the 3/20/2024 organizational meeting) - SHE IS NEVER NAMED ANYWHERE ON THIS RECORDING; a name scan for Whitney/Heather returns ZERO hits. The identification is closed-set elimination plus the public record: she calls the meeting to order (1, 'the September 4th, 2024 Clermont School board meeting'), asks the clerk for the roll (2), runs every agenda item, gives every recognition in the file ('Miss Crawford'; 'Mr. Peter' / 'Mr. Peters' / 'Mr. Patron' / 'Mr. Peterson' for Petrin; 'Frank' and 'Mr. Sprague'; 'Arlene' and 'Miss Hawkins'; 'Mr. Pratt') and adjourns the meeting (346). Her own announced tally at 129 - 'Motion passes with, Mister Patron, Mister Sprague and myself, voting in the affirmative, and Miss Crawford and Miss Hawkins voting against' - places her outside Petrin, Sprague, Crawford and Hawkins, leaving only Heather Whitney, Whitney Skillen and Bonnie Miles of the seven-member 2024 board; neither Skillen nor Miles was ever chair, and vice chair Sprague is in the room and not presiding. She also says 'being on the board for as long as I have now' (209) and sets the agenda with the superintendent ('when Mr. Pratt and I discussed adding this on to the agenda 45 minutes before the meeting', 234). NOT Whitney Skillen, whose first name is Whitney; Skillen is not audible anywhere in this file",She has a master's in counseling. And then our third option would be to.,Speaker 2,https://reflect-claremont.cablecast.tv/internetchannel/show/15994?site=1&seekto=1677
0:28:02.72,0:28:18.52,1682.72,1698.52,Chris Pratt,"SUPERINTENDENT OF SCHOOLS, SAU 6 - CHAIR'S RECOGNITIONS straight into this voice: 'The presentation will be from Mr. Pratt' (27), 'Mr. Pratt yeah.' (87) and 'Miss Hawkins and Mr. Pratt' (250), all at conf 1.00. Arlene Hawkins addresses him mid-report ('Did I say that correctly, Mr. Pratt?', 304) and vouches for him ('I have every faith in Mr. Pratt', 228); Candace Crawford says 'I talked to Superintendent Pratt before the meeting' (236); the chair calls him 'Chris' at 50. He speaks as superintendent in the first person: 'I do a lot of the oversight already as superintendent' (166), 'as a superintendent here, you know, in this district' (203), 'as a superintendent you're doing the work anyways' (183). He reports obtaining his level one CTE director/principal licence and lays out the three tech-center administration options. NOTE FOR THE RECORD, NOT HARMONISED: this voice also says 'I've known her for for many years and I've given her a lot of things over the years when I was a superintendent in, in Vermont' (206, 'Vermont' conf 1.00), 'I also know from working in Massachusetts and Vermont' (220), 'I'm still relatively new to the community' (231), 'being new around the table' (38) and 'my second week on' (35) - which sits oddly with the project record of Chris Pratt as the long-serving Stevens High School principal. Quoted as spoken; not reconciled here",Would be we we we would have the money to prom. If there's anyone out there to hire a director who would be the director of the of the tech center. So those are the three options.,Speaker 5,https://reflect-claremont.cablecast.tv/internetchannel/show/15994?site=1&seekto=1682
0:28:18.60,0:28:23.24,1698.60,1703.24,Heather Whitney,"CHAIR, Claremont School Board (re-elected chair at the 3/20/2024 organizational meeting) - SHE IS NEVER NAMED ANYWHERE ON THIS RECORDING; a name scan for Whitney/Heather returns ZERO hits. The identification is closed-set elimination plus the public record: she calls the meeting to order (1, 'the September 4th, 2024 Clermont School board meeting'), asks the clerk for the roll (2), runs every agenda item, gives every recognition in the file ('Miss Crawford'; 'Mr. Peter' / 'Mr. Peters' / 'Mr. Patron' / 'Mr. Peterson' for Petrin; 'Frank' and 'Mr. Sprague'; 'Arlene' and 'Miss Hawkins'; 'Mr. Pratt') and adjourns the meeting (346). Her own announced tally at 129 - 'Motion passes with, Mister Patron, Mister Sprague and myself, voting in the affirmative, and Miss Crawford and Miss Hawkins voting against' - places her outside Petrin, Sprague, Crawford and Hawkins, leaving only Heather Whitney, Whitney Skillen and Bonnie Miles of the seven-member 2024 board; neither Skillen nor Miles was ever chair, and vice chair Sprague is in the room and not presiding. She also says 'being on the board for as long as I have now' (209) and sets the agenda with the superintendent ('when Mr. Pratt and I discussed adding this on to the agenda 45 minutes before the meeting', 234). NOT Whitney Skillen, whose first name is Whitney; Skillen is not audible anywhere in this file","But we did post for the director's position this summer and had. No, we did not.",Speaker 2,https://reflect-claremont.cablecast.tv/internetchannel/show/15994?site=1&seekto=1698
0:28:23.44,0:28:26.16,1703.44,1706.16,Chris Pratt,"SUPERINTENDENT OF SCHOOLS, SAU 6 - CHAIR'S RECOGNITIONS straight into this voice: 'The presentation will be from Mr. Pratt' (27), 'Mr. Pratt yeah.' (87) and 'Miss Hawkins and Mr. Pratt' (250), all at conf 1.00. Arlene Hawkins addresses him mid-report ('Did I say that correctly, Mr. Pratt?', 304) and vouches for him ('I have every faith in Mr. Pratt', 228); Candace Crawford says 'I talked to Superintendent Pratt before the meeting' (236); the chair calls him 'Chris' at 50. He speaks as superintendent in the first person: 'I do a lot of the oversight already as superintendent' (166), 'as a superintendent here, you know, in this district' (203), 'as a superintendent you're doing the work anyways' (183). He reports obtaining his level one CTE director/principal licence and lays out the three tech-center administration options. NOTE FOR THE RECORD, NOT HARMONISED: this voice also says 'I've known her for for many years and I've given her a lot of things over the years when I was a superintendent in, in Vermont' (206, 'Vermont' conf 1.00), 'I also know from working in Massachusetts and Vermont' (220), 'I'm still relatively new to the community' (231), 'being new around the table' (38) and 'my second week on' (35) - which sits oddly with the project record of Chris Pratt as the long-serving Stevens High School principal. Quoted as spoken; not reconciled here",We posted it in June. We we didn't have it.,Speaker 5,https://reflect-claremont.cablecast.tv/internetchannel/show/15994?site=1&seekto=1703
0:28:26.24,0:28:29.12,1706.24,1709.12,Candace Crawford,"Claremont School Board member (appointed 7/19/2023, re-elected March 2024); chair of the SRVRTC Visioning Committee - CHAIR'S RECOGNITIONS, each straight into this voice: 'Miss Crawford.' (19, 33, 285, 327) and 'Mr. Crawford.' (97, 194 - the ASR slipping Miss to Mr), every token at confidence 1.00. The chair also uses her first name twice, 'Candy, where did you see that?' (41, conf 1.00) and 'Chris, would you work with Candy' (50, conf 0.99), and confirms this voice as the seconder of the region ten motion ('seconded by Miss Crawford', 76) one segment after it says 'I'll second be happy to say' (75). She identifies herself as chair of the visioning committee ('as the chairperson of that, I'd be fine', 45), states her own no vote on the acting-title amendment ('I'll be voting. No... because I think the word acting should be in the title', 122), and the chair's tally names her among the two voting against (129). Her verbal tic 'I'd be happy to' (45, 75) also ties segment 20 to her",And we just posted it on the website.,Speaker 1,https://reflect-claremont.cablecast.tv/internetchannel/show/15994?site=1&seekto=1706
0:28:29.20,0:28:46.72,1709.20,1726.72,Chris Pratt,"SUPERINTENDENT OF SCHOOLS, SAU 6 - CHAIR'S RECOGNITIONS straight into this voice: 'The presentation will be from Mr. Pratt' (27), 'Mr. Pratt yeah.' (87) and 'Miss Hawkins and Mr. Pratt' (250), all at conf 1.00. Arlene Hawkins addresses him mid-report ('Did I say that correctly, Mr. Pratt?', 304) and vouches for him ('I have every faith in Mr. Pratt', 228); Candace Crawford says 'I talked to Superintendent Pratt before the meeting' (236); the chair calls him 'Chris' at 50. He speaks as superintendent in the first person: 'I do a lot of the oversight already as superintendent' (166), 'as a superintendent here, you know, in this district' (203), 'as a superintendent you're doing the work anyways' (183). He reports obtaining his level one CTE director/principal licence and lays out the three tech-center administration options. NOTE FOR THE RECORD, NOT HARMONISED: this voice also says 'I've known her for for many years and I've given her a lot of things over the years when I was a superintendent in, in Vermont' (206, 'Vermont' conf 1.00), 'I also know from working in Massachusetts and Vermont' (220), 'I'm still relatively new to the community' (231), 'being new around the table' (38) and 'my second week on' (35) - which sits oddly with the project record of Chris Pratt as the long-serving Stevens High School principal. Quoted as spoken; not reconciled here","No, no, we posted it. We posted on when we posted on the website, we printed the front line. Then it gets pushed out to indeed. Then it also gets posted on School Spring. Where is it? We're educators go. So it's been posted many places because once we post, once we post it, other companies can pick it up and post it.",Speaker 5,https://reflect-claremont.cablecast.tv/internetchannel/show/15994?site=1&seekto=1709
0:28:46.80,0:28:55.40,1726.80,1735.40,Chris Pratt,"SUPERINTENDENT OF SCHOOLS, SAU 6 - CHAIR'S RECOGNITIONS straight into this voice: 'The presentation will be from Mr. Pratt' (27), 'Mr. Pratt yeah.' (87) and 'Miss Hawkins and Mr. Pratt' (250), all at conf 1.00. Arlene Hawkins addresses him mid-report ('Did I say that correctly, Mr. Pratt?', 304) and vouches for him ('I have every faith in Mr. Pratt', 228); Candace Crawford says 'I talked to Superintendent Pratt before the meeting' (236); the chair calls him 'Chris' at 50. He speaks as superintendent in the first person: 'I do a lot of the oversight already as superintendent' (166), 'as a superintendent here, you know, in this district' (203), 'as a superintendent you're doing the work anyways' (183). He reports obtaining his level one CTE director/principal licence and lays out the three tech-center administration options. NOTE FOR THE RECORD, NOT HARMONISED: this voice also says 'I've known her for for many years and I've given her a lot of things over the years when I was a superintendent in, in Vermont' (206, 'Vermont' conf 1.00), 'I also know from working in Massachusetts and Vermont' (220), 'I'm still relatively new to the community' (231), 'being new around the table' (38) and 'my second week on' (35) - which sits oddly with the project record of Chris Pratt as the long-serving Stevens High School principal. Quoted as spoken; not reconciled here","And you know, they can apply through like indeed. So no, it's been posted many, many places.",Speaker 5,https://reflect-claremont.cablecast.tv/internetchannel/show/15994?site=1&seekto=1726
0:28:55.48,0:28:57.28,1735.48,1737.28,Heather Whitney,"CHAIR, Claremont School Board (re-elected chair at the 3/20/2024 organizational meeting) - SHE IS NEVER NAMED ANYWHERE ON THIS RECORDING; a name scan for Whitney/Heather returns ZERO hits. The identification is closed-set elimination plus the public record: she calls the meeting to order (1, 'the September 4th, 2024 Clermont School board meeting'), asks the clerk for the roll (2), runs every agenda item, gives every recognition in the file ('Miss Crawford'; 'Mr. Peter' / 'Mr. Peters' / 'Mr. Patron' / 'Mr. Peterson' for Petrin; 'Frank' and 'Mr. Sprague'; 'Arlene' and 'Miss Hawkins'; 'Mr. Pratt') and adjourns the meeting (346). Her own announced tally at 129 - 'Motion passes with, Mister Patron, Mister Sprague and myself, voting in the affirmative, and Miss Crawford and Miss Hawkins voting against' - places her outside Petrin, Sprague, Crawford and Hawkins, leaving only Heather Whitney, Whitney Skillen and Bonnie Miles of the seven-member 2024 board; neither Skillen nor Miles was ever chair, and vice chair Sprague is in the room and not presiding. She also says 'being on the board for as long as I have now' (209) and sets the agenda with the superintendent ('when Mr. Pratt and I discussed adding this on to the agenda 45 minutes before the meeting', 234). NOT Whitney Skillen, whose first name is Whitney; Skillen is not audible anywhere in this file",Mr. Patron.,Speaker 2,https://reflect-claremont.cablecast.tv/internetchannel/show/15994?site=1&seekto=1735
0:28:57.36,0:29:31.24,1737.36,1771.24,Michael Petrin,"Claremont School Board member (returned as a write-in in the March 2024 election) - CHAIR'S RECOGNITIONS straight into this voice: 'Mr.. Peter.' (70, conf 1.00), 'Mr.. Peter.' (90, conf 0.86), 'Mr. Patron.' (159, 308, conf 1.00) and 'Mr. Peterson?' (336, conf 0.49) - the four-way ASR garble family for Petrin. The chair then names the mover of the region ten motion as 'Mr. Peters' (76) and asks 'Mike, would you like to restate the motion' (123, conf 1.00) immediately before this voice restates it (124); she says she is 'actually in agreement with Mike on this' (104) about the amendment this voice moved (100, 102). Her tally at 129 puts 'Mister Patron' among the three voting aye. He reports the ad hoc communications committee with 'a quick update from Frank and I' (337). Frank Sprague addresses him as 'Mike' (323)","So my thought is almost a different  option I guess at some point, but I would like or what I thought we were the road we were headed towards would be that we would have an assistant director, they would have an assistant director and then one director overseeing both buildings without our assistant director going there. Right. I was more of the thought that our assistant director may go there more for some training for education and get to know,  tech in the tech center, not not being there to oversee anything but being there for for educational purposes.",Speaker 9,https://reflect-claremont.cablecast.tv/internetchannel/show/15994?site=1&seekto=1737
0:29:31.44,0:29:48.32,1771.44,1788.32,Chris Pratt,"SUPERINTENDENT OF SCHOOLS, SAU 6 - CHAIR'S RECOGNITIONS straight into this voice: 'The presentation will be from Mr. Pratt' (27), 'Mr. Pratt yeah.' (87) and 'Miss Hawkins and Mr. Pratt' (250), all at conf 1.00. Arlene Hawkins addresses him mid-report ('Did I say that correctly, Mr. Pratt?', 304) and vouches for him ('I have every faith in Mr. Pratt', 228); Candace Crawford says 'I talked to Superintendent Pratt before the meeting' (236); the chair calls him 'Chris' at 50. He speaks as superintendent in the first person: 'I do a lot of the oversight already as superintendent' (166), 'as a superintendent here, you know, in this district' (203), 'as a superintendent you're doing the work anyways' (183). He reports obtaining his level one CTE director/principal licence and lays out the three tech-center administration options. NOTE FOR THE RECORD, NOT HARMONISED: this voice also says 'I've known her for for many years and I've given her a lot of things over the years when I was a superintendent in, in Vermont' (206, 'Vermont' conf 1.00), 'I also know from working in Massachusetts and Vermont' (220), 'I'm still relatively new to the community' (231), 'being new around the table' (38) and 'my second week on' (35) - which sits oddly with the project record of Chris Pratt as the long-serving Stevens High School principal. Quoted as spoken; not reconciled here","And long term, that would initially that was our that was the thoughts when I, I started talking to them in the summertime, but they did not fill an assistant director position over there. And so it led to that kind of swap back and forth that we talked about last meeting.",Speaker 5,https://reflect-claremont.cablecast.tv/internetchannel/show/15994?site=1&seekto=1771
0:29:48.48,0:29:57.52,1788.48,1797.52,Candace Crawford,"Claremont School Board member (appointed 7/19/2023, re-elected March 2024); chair of the SRVRTC Visioning Committee - CHAIR'S RECOGNITIONS, each straight into this voice: 'Miss Crawford.' (19, 33, 285, 327) and 'Mr. Crawford.' (97, 194 - the ASR slipping Miss to Mr), every token at confidence 1.00. The chair also uses her first name twice, 'Candy, where did you see that?' (41, conf 1.00) and 'Chris, would you work with Candy' (50, conf 0.99), and confirms this voice as the seconder of the region ten motion ('seconded by Miss Crawford', 76) one segment after it says 'I'll second be happy to say' (75). She identifies herself as chair of the visioning committee ('as the chairperson of that, I'd be fine', 45), states her own no vote on the acting-title amendment ('I'll be voting. No... because I think the word acting should be in the title', 122), and the chair's tally names her among the two voting against (129). Her verbal tic 'I'd be happy to' (45, 75) also ties segment 20 to her","What is the role of, Eric being over here? I mean, where does that whole discussion stand?",Speaker 1,https://reflect-claremont.cablecast.tv/internetchannel/show/15994?site=1&seekto=1788
0:29:57.60,0:30:32.76,1797.60,1832.76,Chris Pratt,"SUPERINTENDENT OF SCHOOLS, SAU 6 - CHAIR'S RECOGNITIONS straight into this voice: 'The presentation will be from Mr. Pratt' (27), 'Mr. Pratt yeah.' (87) and 'Miss Hawkins and Mr. Pratt' (250), all at conf 1.00. Arlene Hawkins addresses him mid-report ('Did I say that correctly, Mr. Pratt?', 304) and vouches for him ('I have every faith in Mr. Pratt', 228); Candace Crawford says 'I talked to Superintendent Pratt before the meeting' (236); the chair calls him 'Chris' at 50. He speaks as superintendent in the first person: 'I do a lot of the oversight already as superintendent' (166), 'as a superintendent here, you know, in this district' (203), 'as a superintendent you're doing the work anyways' (183). He reports obtaining his level one CTE director/principal licence and lays out the three tech-center administration options. NOTE FOR THE RECORD, NOT HARMONISED: this voice also says 'I've known her for for many years and I've given her a lot of things over the years when I was a superintendent in, in Vermont' (206, 'Vermont' conf 1.00), 'I also know from working in Massachusetts and Vermont' (220), 'I'm still relatively new to the community' (231), 'being new around the table' (38) and 'my second week on' (35) - which sits oddly with the project record of Chris Pratt as the long-serving Stevens High School principal. Quoted as spoken; not reconciled here","His oversight here would be similar. It would it pretty much be getting to know the programs and everyone here. And same would be Michelle over his oversight would be, you know, maybe having second eyes on the Perkins Grant,  program developments, you know, working with Michelle on program development. The overall more of the behind the scenes stuff that, a director would do if he has an assistant.",Speaker 5,https://reflect-claremont.cablecast.tv/internetchannel/show/15994?site=1&seekto=1797
0:30:32.84,0:30:34.28,1832.84,1834.28,Heather Whitney,"CHAIR, Claremont School Board (re-elected chair at the 3/20/2024 organizational meeting) - SHE IS NEVER NAMED ANYWHERE ON THIS RECORDING; a name scan for Whitney/Heather returns ZERO hits. The identification is closed-set elimination plus the public record: she calls the meeting to order (1, 'the September 4th, 2024 Clermont School board meeting'), asks the clerk for the roll (2), runs every agenda item, gives every recognition in the file ('Miss Crawford'; 'Mr. Peter' / 'Mr. Peters' / 'Mr. Patron' / 'Mr. Peterson' for Petrin; 'Frank' and 'Mr. Sprague'; 'Arlene' and 'Miss Hawkins'; 'Mr. Pratt') and adjourns the meeting (346). Her own announced tally at 129 - 'Motion passes with, Mister Patron, Mister Sprague and myself, voting in the affirmative, and Miss Crawford and Miss Hawkins voting against' - places her outside Petrin, Sprague, Crawford and Hawkins, leaving only Heather Whitney, Whitney Skillen and Bonnie Miles of the seven-member 2024 board; neither Skillen nor Miles was ever chair, and vice chair Sprague is in the room and not presiding. She also says 'being on the board for as long as I have now' (209) and sets the agenda with the superintendent ('when Mr. Pratt and I discussed adding this on to the agenda 45 minutes before the meeting', 234). NOT Whitney Skillen, whose first name is Whitney; Skillen is not audible anywhere in this file",Personally.,Speaker 2,https://reflect-claremont.cablecast.tv/internetchannel/show/15994?site=1&seekto=1832
0:30:34.36,0:31:22.44,1834.36,1882.44,Arlene Hawkins,"Claremont School Board member; CHAIR of the SAU 6 joint board (re-elected SAU chair 4/11/2024) - CHAIR'S RECOGNITIONS straight into this voice: 'Arlene. And then.' (191, conf 1.00) and 'Next item agenda is the exploratory subcommittee update. Miss Hawkins and Mr. Pratt.' (250, 'Hawkins' conf 1.00), after which this voice delivers that report in the first person - 'Mr. Pratt and I met quite a while, and we went through all of the financial components' (254). Frank Sprague names her while agreeing with her position ('again, I agree with Mrs. Hawkins', 201, conf 1.00). The chair's tally at 129 puts 'Miss Hawkins' among the two voting against, and this voice carries the 'Nay, nay' at 128. Her SAU chairmanship is on this tape too: the chair says 'it sounds like you're the chair. So maybe having this be an item' (330) and this voice answers 'I can share it at the next essay, you mean and it will go in the packet prior to the meeting' (333)","So these three options are mutually exclusive. I'm hearing that the director of both sites, which you just explained is not option one. I mean that. Is not is not falling into place the way it had been anticipated, right? Correct. And option number two, this is my opinion. I think you have so much on your plate currently between the say you all the wonderful, wonderful work that you doing with Mr. Caskey for curriculum and instruction, assessment, taking on something where the community and everyone wants to see really move forward.",Speaker 11,https://reflect-claremont.cablecast.tv/internetchannel/show/15994?site=1&seekto=1834
0:31:22.52,0:31:46.40,1882.52,1906.40,Chris Pratt,"SUPERINTENDENT OF SCHOOLS, SAU 6 - CHAIR'S RECOGNITIONS straight into this voice: 'The presentation will be from Mr. Pratt' (27), 'Mr. Pratt yeah.' (87) and 'Miss Hawkins and Mr. Pratt' (250), all at conf 1.00. Arlene Hawkins addresses him mid-report ('Did I say that correctly, Mr. Pratt?', 304) and vouches for him ('I have every faith in Mr. Pratt', 228); Candace Crawford says 'I talked to Superintendent Pratt before the meeting' (236); the chair calls him 'Chris' at 50. He speaks as superintendent in the first person: 'I do a lot of the oversight already as superintendent' (166), 'as a superintendent here, you know, in this district' (203), 'as a superintendent you're doing the work anyways' (183). He reports obtaining his level one CTE director/principal licence and lays out the three tech-center administration options. NOTE FOR THE RECORD, NOT HARMONISED: this voice also says 'I've known her for for many years and I've given her a lot of things over the years when I was a superintendent in, in Vermont' (206, 'Vermont' conf 1.00), 'I also know from working in Massachusetts and Vermont' (220), 'I'm still relatively new to the community' (231), 'being new around the table' (38) and 'my second week on' (35) - which sits oddly with the project record of Chris Pratt as the long-serving Stevens High School principal. Quoted as spoken; not reconciled here","I would agree with that. But we have such a strong assistant director right now and everything she's doing, I don't I mean, and if we want to continue moving forward with, with our plans and stuff, I don't see that. I mean, I do a lot of the oversight already as superintendent in regards to looking at grants programs, working with the sRGB.",Speaker 5,https://reflect-claremont.cablecast.tv/internetchannel/show/15994?site=1&seekto=1882
0:31:46.44,0:32:11.66,1906.44,1931.66,Chris Pratt,"SUPERINTENDENT OF SCHOOLS, SAU 6 - CHAIR'S RECOGNITIONS straight into this voice: 'The presentation will be from Mr. Pratt' (27), 'Mr. Pratt yeah.' (87) and 'Miss Hawkins and Mr. Pratt' (250), all at conf 1.00. Arlene Hawkins addresses him mid-report ('Did I say that correctly, Mr. Pratt?', 304) and vouches for him ('I have every faith in Mr. Pratt', 228); Candace Crawford says 'I talked to Superintendent Pratt before the meeting' (236); the chair calls him 'Chris' at 50. He speaks as superintendent in the first person: 'I do a lot of the oversight already as superintendent' (166), 'as a superintendent here, you know, in this district' (203), 'as a superintendent you're doing the work anyways' (183). He reports obtaining his level one CTE director/principal licence and lays out the three tech-center administration options. NOTE FOR THE RECORD, NOT HARMONISED: this voice also says 'I've known her for for many years and I've given her a lot of things over the years when I was a superintendent in, in Vermont' (206, 'Vermont' conf 1.00), 'I also know from working in Massachusetts and Vermont' (220), 'I'm still relatively new to the community' (231), 'being new around the table' (38) and 'my second week on' (35) - which sits oddly with the project record of Chris Pratt as the long-serving Stevens High School principal. Quoted as spoken; not reconciled here","And we'll continue to work with the  and, you know, she's really taking the bull by the horns and and run with it. And I think, I think  I think based on the direction we want to go,  other than I think that's I think that the timing could be off with everything they have going on in Newport to expect a lot.",Speaker 5,https://reflect-claremont.cablecast.tv/internetchannel/show/15994?site=1&seekto=1906
0:32:11.78,0:32:14.26,1931.78,1934.26,Arlene Hawkins,"Claremont School Board member; CHAIR of the SAU 6 joint board (re-elected SAU chair 4/11/2024) - CHAIR'S RECOGNITIONS straight into this voice: 'Arlene. And then.' (191, conf 1.00) and 'Next item agenda is the exploratory subcommittee update. Miss Hawkins and Mr. Pratt.' (250, 'Hawkins' conf 1.00), after which this voice delivers that report in the first person - 'Mr. Pratt and I met quite a while, and we went through all of the financial components' (254). Frank Sprague names her while agreeing with her position ('again, I agree with Mrs. Hawkins', 201, conf 1.00). The chair's tally at 129 puts 'Miss Hawkins' among the two voting against, and this voice carries the 'Nay, nay' at 128. Her SAU chairmanship is on this tape too: the chair says 'it sounds like you're the chair. So maybe having this be an item' (330) and this voice answers 'I can share it at the next essay, you mean and it will go in the packet prior to the meeting' (333)",Sounds like this is not the time.,Speaker 11,https://reflect-claremont.cablecast.tv/internetchannel/show/15994?site=1&seekto=1931
0:32:14.34,0:32:15.66,1934.34,1935.66,Chris Pratt,"SUPERINTENDENT OF SCHOOLS, SAU 6 - CHAIR'S RECOGNITIONS straight into this voice: 'The presentation will be from Mr. Pratt' (27), 'Mr. Pratt yeah.' (87) and 'Miss Hawkins and Mr. Pratt' (250), all at conf 1.00. Arlene Hawkins addresses him mid-report ('Did I say that correctly, Mr. Pratt?', 304) and vouches for him ('I have every faith in Mr. Pratt', 228); Candace Crawford says 'I talked to Superintendent Pratt before the meeting' (236); the chair calls him 'Chris' at 50. He speaks as superintendent in the first person: 'I do a lot of the oversight already as superintendent' (166), 'as a superintendent here, you know, in this district' (203), 'as a superintendent you're doing the work anyways' (183). He reports obtaining his level one CTE director/principal licence and lays out the three tech-center administration options. NOTE FOR THE RECORD, NOT HARMONISED: this voice also says 'I've known her for for many years and I've given her a lot of things over the years when I was a superintendent in, in Vermont' (206, 'Vermont' conf 1.00), 'I also know from working in Massachusetts and Vermont' (220), 'I'm still relatively new to the community' (231), 'being new around the table' (38) and 'my second week on' (35) - which sits oddly with the project record of Chris Pratt as the long-serving Stevens High School principal. Quoted as spoken; not reconciled here","It's not the people, it's the timing.",Speaker 5,https://reflect-claremont.cablecast.tv/internetchannel/show/15994?site=1&seekto=1934
0:32:15.70,0:32:24.78,1935.70,1944.78,Arlene Hawkins,"Claremont School Board member; CHAIR of the SAU 6 joint board (re-elected SAU chair 4/11/2024) - CHAIR'S RECOGNITIONS straight into this voice: 'Arlene. And then.' (191, conf 1.00) and 'Next item agenda is the exploratory subcommittee update. Miss Hawkins and Mr. Pratt.' (250, 'Hawkins' conf 1.00), after which this voice delivers that report in the first person - 'Mr. Pratt and I met quite a while, and we went through all of the financial components' (254). Frank Sprague names her while agreeing with her position ('again, I agree with Mrs. Hawkins', 201, conf 1.00). The chair's tally at 129 puts 'Miss Hawkins' among the two voting against, and this voice carries the 'Nay, nay' at 128. Her SAU chairmanship is on this tape too: the chair says 'it sounds like you're the chair. So maybe having this be an item' (330) and this voice answers 'I can share it at the next essay, you mean and it will go in the packet prior to the meeting' (333)","Right? The time is not right for Newport when it comes to the day to day operation. Here at the tech Center, the assistant director would be taking care of that.",Speaker 11,https://reflect-claremont.cablecast.tv/internetchannel/show/15994?site=1&seekto=1935
0:32:24.82,0:32:25.54,1944.82,1945.54,Chris Pratt,"SUPERINTENDENT OF SCHOOLS, SAU 6 - CHAIR'S RECOGNITIONS straight into this voice: 'The presentation will be from Mr. Pratt' (27), 'Mr. Pratt yeah.' (87) and 'Miss Hawkins and Mr. Pratt' (250), all at conf 1.00. Arlene Hawkins addresses him mid-report ('Did I say that correctly, Mr. Pratt?', 304) and vouches for him ('I have every faith in Mr. Pratt', 228); Candace Crawford says 'I talked to Superintendent Pratt before the meeting' (236); the chair calls him 'Chris' at 50. He speaks as superintendent in the first person: 'I do a lot of the oversight already as superintendent' (166), 'as a superintendent here, you know, in this district' (203), 'as a superintendent you're doing the work anyways' (183). He reports obtaining his level one CTE director/principal licence and lays out the three tech-center administration options. NOTE FOR THE RECORD, NOT HARMONISED: this voice also says 'I've known her for for many years and I've given her a lot of things over the years when I was a superintendent in, in Vermont' (206, 'Vermont' conf 1.00), 'I also know from working in Massachusetts and Vermont' (220), 'I'm still relatively new to the community' (231), 'being new around the table' (38) and 'my second week on' (35) - which sits oddly with the project record of Chris Pratt as the long-serving Stevens High School principal. Quoted as spoken; not reconciled here",Yep.,Speaker 5,https://reflect-claremont.cablecast.tv/internetchannel/show/15994?site=1&seekto=1944
0:32:25.62,0:32:43.34,1945.62,1963.34,Arlene Hawkins,"Claremont School Board member; CHAIR of the SAU 6 joint board (re-elected SAU chair 4/11/2024) - CHAIR'S RECOGNITIONS straight into this voice: 'Arlene. And then.' (191, conf 1.00) and 'Next item agenda is the exploratory subcommittee update. Miss Hawkins and Mr. Pratt.' (250, 'Hawkins' conf 1.00), after which this voice delivers that report in the first person - 'Mr. Pratt and I met quite a while, and we went through all of the financial components' (254). Frank Sprague names her while agreeing with her position ('again, I agree with Mrs. Hawkins', 201, conf 1.00). The chair's tally at 129 puts 'Miss Hawkins' among the two voting against, and this voice carries the 'Nay, nay' at 128. Her SAU chairmanship is on this tape too: the chair says 'it sounds like you're the chair. So maybe having this be an item' (330) and this voice answers 'I can share it at the next essay, you mean and it will go in the packet prior to the meeting' (333)","And so my question would be could we do both two and three continue to post. But also I don't know if there's a school in New Hampshire that offer CTE classes where where teachers are getting certified. And then the word could go out that we're looking I mean, through that networking.",Speaker 11,https://reflect-claremont.cablecast.tv/internetchannel/show/15994?site=1&seekto=1945
0:32:43.38,0:32:45.18,1963.38,1965.18,Candace Crawford,"Claremont School Board member (appointed 7/19/2023, re-elected March 2024); chair of the SRVRTC Visioning Committee - CHAIR'S RECOGNITIONS, each straight into this voice: 'Miss Crawford.' (19, 33, 285, 327) and 'Mr. Crawford.' (97, 194 - the ASR slipping Miss to Mr), every token at confidence 1.00. The chair also uses her first name twice, 'Candy, where did you see that?' (41, conf 1.00) and 'Chris, would you work with Candy' (50, conf 0.99), and confirms this voice as the seconder of the region ten motion ('seconded by Miss Crawford', 76) one segment after it says 'I'll second be happy to say' (75). She identifies herself as chair of the visioning committee ('as the chairperson of that, I'd be fine', 45), states her own no vote on the acting-title amendment ('I'll be voting. No... because I think the word acting should be in the title', 122), and the chair's tally names her among the two voting against (129). Her verbal tic 'I'd be happy to' (45, 75) also ties segment 20 to her",There are three schools in  Ireland.,Speaker 1,https://reflect-claremont.cablecast.tv/internetchannel/show/15994?site=1&seekto=1963
0:32:45.22,0:32:46.34,1965.22,1966.34,Mary Henry,"BUSINESS ADMINISTRATOR, Claremont School District / SAU 6 (started early July 2023) - DIRECT ADDRESS BY FIRST NAME, twice at conf 1.00: the chair, 'And I don't know if Mary I did a quick calculation' (294), and Arlene Hawkins closing her report, 'Did I say that correctly, Mr. Pratt? Mary.' (304), which this voice answers in the very next segment - 'Can I just make a comment? Remember, that number fluctuates every year because it's based 50% on assessed value and 50% on student ratio' (305). Her other runs are business-office content: state transportation reimbursement (56-69) and the SAU cost-sharing formula and how it would have to be changed (307). ONLY THE FIRST NAME 'Mary' IS SPOKEN in this file; the surname comes from the project record (the 11/30/2023 round-robin names 'Mary Henry, business administrator') and from the already-shipped 6/20/2024 CSV, where the chair introduces her as 'Miss Mary Henry, our business administrator'",It's it's tough.,Speaker 8,https://reflect-claremont.cablecast.tv/internetchannel/show/15994?site=1&seekto=1965
0:32:46.38,0:33:05.14,1966.38,1985.14,Chris Pratt,"SUPERINTENDENT OF SCHOOLS, SAU 6 - CHAIR'S RECOGNITIONS straight into this voice: 'The presentation will be from Mr. Pratt' (27), 'Mr. Pratt yeah.' (87) and 'Miss Hawkins and Mr. Pratt' (250), all at conf 1.00. Arlene Hawkins addresses him mid-report ('Did I say that correctly, Mr. Pratt?', 304) and vouches for him ('I have every faith in Mr. Pratt', 228); Candace Crawford says 'I talked to Superintendent Pratt before the meeting' (236); the chair calls him 'Chris' at 50. He speaks as superintendent in the first person: 'I do a lot of the oversight already as superintendent' (166), 'as a superintendent here, you know, in this district' (203), 'as a superintendent you're doing the work anyways' (183). He reports obtaining his level one CTE director/principal licence and lays out the three tech-center administration options. NOTE FOR THE RECORD, NOT HARMONISED: this voice also says 'I've known her for for many years and I've given her a lot of things over the years when I was a superintendent in, in Vermont' (206, 'Vermont' conf 1.00), 'I also know from working in Massachusetts and Vermont' (220), 'I'm still relatively new to the community' (231), 'being new around the table' (38) and 'my second week on' (35) - which sits oddly with the project record of Chris Pratt as the long-serving Stevens High School principal. Quoted as spoken; not reconciled here","I mean, the state just changed it up a little bit where they don't it's not a direct anymore. It's a principal and stuff. And so whether it just be it be a matter of finding someone who's are we. You know, if we did find someone, you know who is interested, we often in consideration, you know, would they be certified.",Speaker 5,https://reflect-claremont.cablecast.tv/internetchannel/show/15994?site=1&seekto=1966
0:33:05.22,0:33:32.85,1985.22,2012.85,Chris Pratt,"SUPERINTENDENT OF SCHOOLS, SAU 6 - CHAIR'S RECOGNITIONS straight into this voice: 'The presentation will be from Mr. Pratt' (27), 'Mr. Pratt yeah.' (87) and 'Miss Hawkins and Mr. Pratt' (250), all at conf 1.00. Arlene Hawkins addresses him mid-report ('Did I say that correctly, Mr. Pratt?', 304) and vouches for him ('I have every faith in Mr. Pratt', 228); Candace Crawford says 'I talked to Superintendent Pratt before the meeting' (236); the chair calls him 'Chris' at 50. He speaks as superintendent in the first person: 'I do a lot of the oversight already as superintendent' (166), 'as a superintendent here, you know, in this district' (203), 'as a superintendent you're doing the work anyways' (183). He reports obtaining his level one CTE director/principal licence and lays out the three tech-center administration options. NOTE FOR THE RECORD, NOT HARMONISED: this voice also says 'I've known her for for many years and I've given her a lot of things over the years when I was a superintendent in, in Vermont' (206, 'Vermont' conf 1.00), 'I also know from working in Massachusetts and Vermont' (220), 'I'm still relatively new to the community' (231), 'being new around the table' (38) and 'my second week on' (35) - which sits oddly with the project record of Chris Pratt as the long-serving Stevens High School principal. Quoted as spoken; not reconciled here","We got to make sure that we're bringing someone in as a director to work with Michelle, that they're carrying the certifications or we're up against the the same one because, we could find someone out there who may necessarily have the tech background and, you know, being a, you know, being a tech teacher or something like that, but doesn't they don't carry their principal certification, but that's working from the other one.",Speaker 5,https://reflect-claremont.cablecast.tv/internetchannel/show/15994?site=1&seekto=1985
0:33:32.86,0:33:35.74,2012.86,2015.74,Chris Pratt,"SUPERINTENDENT OF SCHOOLS, SAU 6 - CHAIR'S RECOGNITIONS straight into this voice: 'The presentation will be from Mr. Pratt' (27), 'Mr. Pratt yeah.' (87) and 'Miss Hawkins and Mr. Pratt' (250), all at conf 1.00. Arlene Hawkins addresses him mid-report ('Did I say that correctly, Mr. Pratt?', 304) and vouches for him ('I have every faith in Mr. Pratt', 228); Candace Crawford says 'I talked to Superintendent Pratt before the meeting' (236); the chair calls him 'Chris' at 50. He speaks as superintendent in the first person: 'I do a lot of the oversight already as superintendent' (166), 'as a superintendent here, you know, in this district' (203), 'as a superintendent you're doing the work anyways' (183). He reports obtaining his level one CTE director/principal licence and lays out the three tech-center administration options. NOTE FOR THE RECORD, NOT HARMONISED: this voice also says 'I've known her for for many years and I've given her a lot of things over the years when I was a superintendent in, in Vermont' (206, 'Vermont' conf 1.00), 'I also know from working in Massachusetts and Vermont' (220), 'I'm still relatively new to the community' (231), 'being new around the table' (38) and 'my second week on' (35) - which sits oddly with the project record of Chris Pratt as the long-serving Stevens High School principal. Quoted as spoken; not reconciled here",Michelle is where she's got the educational background.,Speaker 5,https://reflect-claremont.cablecast.tv/internetchannel/show/15994?site=1&seekto=2012
0:33:35.90,0:33:36.30,2015.90,2016.30,Chris Pratt,"Superintendent of Schools, SAU 6 - a 0.40 s fragment ('Without.') splitting his own sentence, 0.00 s before 'The tech.' (179), which completes 'Michelle is where she's got the educational background... without the tech' (177-179)",Without.,Speaker 1,https://reflect-claremont.cablecast.tv/internetchannel/show/15994?site=1&seekto=2015
0:33:36.30,0:33:39.90,2016.30,2019.90,Chris Pratt,"SUPERINTENDENT OF SCHOOLS, SAU 6 - CHAIR'S RECOGNITIONS straight into this voice: 'The presentation will be from Mr. Pratt' (27), 'Mr. Pratt yeah.' (87) and 'Miss Hawkins and Mr. Pratt' (250), all at conf 1.00. Arlene Hawkins addresses him mid-report ('Did I say that correctly, Mr. Pratt?', 304) and vouches for him ('I have every faith in Mr. Pratt', 228); Candace Crawford says 'I talked to Superintendent Pratt before the meeting' (236); the chair calls him 'Chris' at 50. He speaks as superintendent in the first person: 'I do a lot of the oversight already as superintendent' (166), 'as a superintendent here, you know, in this district' (203), 'as a superintendent you're doing the work anyways' (183). He reports obtaining his level one CTE director/principal licence and lays out the three tech-center administration options. NOTE FOR THE RECORD, NOT HARMONISED: this voice also says 'I've known her for for many years and I've given her a lot of things over the years when I was a superintendent in, in Vermont' (206, 'Vermont' conf 1.00), 'I also know from working in Massachusetts and Vermont' (220), 'I'm still relatively new to the community' (231), 'being new around the table' (38) and 'my second week on' (35) - which sits oddly with the project record of Chris Pratt as the long-serving Stevens High School principal. Quoted as spoken; not reconciled here",The tech. And that's why I'm coming to the board to to get your feedback.,Speaker 5,https://reflect-claremont.cablecast.tv/internetchannel/show/15994?site=1&seekto=2016
0:33:39.94,0:33:48.26,2019.94,2028.26,Arlene Hawkins,"Claremont School Board member; CHAIR of the SAU 6 joint board (re-elected SAU chair 4/11/2024) - CHAIR'S RECOGNITIONS straight into this voice: 'Arlene. And then.' (191, conf 1.00) and 'Next item agenda is the exploratory subcommittee update. Miss Hawkins and Mr. Pratt.' (250, 'Hawkins' conf 1.00), after which this voice delivers that report in the first person - 'Mr. Pratt and I met quite a while, and we went through all of the financial components' (254). Frank Sprague names her while agreeing with her position ('again, I agree with Mrs. Hawkins', 201, conf 1.00). The chair's tally at 129 puts 'Miss Hawkins' among the two voting against, and this voice carries the 'Nay, nay' at 128. Her SAU chairmanship is on this tape too: the chair says 'it sounds like you're the chair. So maybe having this be an item' (330) and this voice answers 'I can share it at the next essay, you mean and it will go in the packet prior to the meeting' (333)","Again, my  only reason in even bringing that up is because of the added responsibility for our superintendent.",Speaker 11,https://reflect-claremont.cablecast.tv/internetchannel/show/15994?site=1&seekto=2019
0:33:48.34,0:34:09.38,2028.34,2049.38,Chris Pratt,"SUPERINTENDENT OF SCHOOLS, SAU 6 - CHAIR'S RECOGNITIONS straight into this voice: 'The presentation will be from Mr. Pratt' (27), 'Mr. Pratt yeah.' (87) and 'Miss Hawkins and Mr. Pratt' (250), all at conf 1.00. Arlene Hawkins addresses him mid-report ('Did I say that correctly, Mr. Pratt?', 304) and vouches for him ('I have every faith in Mr. Pratt', 228); Candace Crawford says 'I talked to Superintendent Pratt before the meeting' (236); the chair calls him 'Chris' at 50. He speaks as superintendent in the first person: 'I do a lot of the oversight already as superintendent' (166), 'as a superintendent here, you know, in this district' (203), 'as a superintendent you're doing the work anyways' (183). He reports obtaining his level one CTE director/principal licence and lays out the three tech-center administration options. NOTE FOR THE RECORD, NOT HARMONISED: this voice also says 'I've known her for for many years and I've given her a lot of things over the years when I was a superintendent in, in Vermont' (206, 'Vermont' conf 1.00), 'I also know from working in Massachusetts and Vermont' (220), 'I'm still relatively new to the community' (231), 'being new around the table' (38) and 'my second week on' (35) - which sits oddly with the project record of Chris Pratt as the long-serving Stevens High School principal. Quoted as spoken; not reconciled here","I mean, I meet with I meet with all my principals on the regular basis. And, you know, I see you've been working with Alex. I mean, there was it just part of it? You just it's just another it's just be like Michelle, you know, it's like the assistant principal and I'm checking in and stuff. I don't. I think we're in good hands and I don't see it really creating extra workload.",Speaker 5,https://reflect-claremont.cablecast.tv/internetchannel/show/15994?site=1&seekto=2028
0:34:09.38,0:34:37.86,2049.38,2077.86,Chris Pratt,"SUPERINTENDENT OF SCHOOLS, SAU 6 - CHAIR'S RECOGNITIONS straight into this voice: 'The presentation will be from Mr. Pratt' (27), 'Mr. Pratt yeah.' (87) and 'Miss Hawkins and Mr. Pratt' (250), all at conf 1.00. Arlene Hawkins addresses him mid-report ('Did I say that correctly, Mr. Pratt?', 304) and vouches for him ('I have every faith in Mr. Pratt', 228); Candace Crawford says 'I talked to Superintendent Pratt before the meeting' (236); the chair calls him 'Chris' at 50. He speaks as superintendent in the first person: 'I do a lot of the oversight already as superintendent' (166), 'as a superintendent here, you know, in this district' (203), 'as a superintendent you're doing the work anyways' (183). He reports obtaining his level one CTE director/principal licence and lays out the three tech-center administration options. NOTE FOR THE RECORD, NOT HARMONISED: this voice also says 'I've known her for for many years and I've given her a lot of things over the years when I was a superintendent in, in Vermont' (206, 'Vermont' conf 1.00), 'I also know from working in Massachusetts and Vermont' (220), 'I'm still relatively new to the community' (231), 'being new around the table' (38) and 'my second week on' (35) - which sits oddly with the project record of Chris Pratt as the long-serving Stevens High School principal. Quoted as spoken; not reconciled here","Anything that was going to be I was going to be part of it anyways, whether Eric was here or not. Because, you know, I'm invested in wanting to make sure we're moving in the right direction.  You know, I think Michelle's very capable of doing the day to day stuff on a regular basis. It's more having someone there who can, you know, go over the systems, you know, you know, she, she, she has her own, you know, mentor that that we get for her and she has that and stuff.",Speaker 5,https://reflect-claremont.cablecast.tv/internetchannel/show/15994?site=1&seekto=2049
0:34:37.86,0:35:01.18,2077.86,2101.18,Chris Pratt,"SUPERINTENDENT OF SCHOOLS, SAU 6 - CHAIR'S RECOGNITIONS straight into this voice: 'The presentation will be from Mr. Pratt' (27), 'Mr. Pratt yeah.' (87) and 'Miss Hawkins and Mr. Pratt' (250), all at conf 1.00. Arlene Hawkins addresses him mid-report ('Did I say that correctly, Mr. Pratt?', 304) and vouches for him ('I have every faith in Mr. Pratt', 228); Candace Crawford says 'I talked to Superintendent Pratt before the meeting' (236); the chair calls him 'Chris' at 50. He speaks as superintendent in the first person: 'I do a lot of the oversight already as superintendent' (166), 'as a superintendent here, you know, in this district' (203), 'as a superintendent you're doing the work anyways' (183). He reports obtaining his level one CTE director/principal licence and lays out the three tech-center administration options. NOTE FOR THE RECORD, NOT HARMONISED: this voice also says 'I've known her for for many years and I've given her a lot of things over the years when I was a superintendent in, in Vermont' (206, 'Vermont' conf 1.00), 'I also know from working in Massachusetts and Vermont' (220), 'I'm still relatively new to the community' (231), 'being new around the table' (38) and 'my second week on' (35) - which sits oddly with the project record of Chris Pratt as the long-serving Stevens High School principal. Quoted as spoken; not reconciled here","So she, you know, and it could be Eric. I mean, I don't know, I think it's some it might be someone else, but she has all those supports in place. And as a superintendent you're doing the work anyways, whether it's a tech center or a school. It just bringing that extra set of eyes on things to make sure the legalities in like region ten agreements and the Perkins Grants and how those.",Speaker 5,https://reflect-claremont.cablecast.tv/internetchannel/show/15994?site=1&seekto=2077
0:35:01.26,0:35:01.86,2101.26,2101.86,Chris Pratt,"Superintendent of Schools, SAU 6 - a 0.60 s fragment ('All of that would.') splitting his own sentence, 0.00 s before 'Fall already involved in that anyways as of last year.' (185); both flanking segments are his",All of that would.,Speaker 11,https://reflect-claremont.cablecast.tv/internetchannel/show/15994?site=1&seekto=2101
0:35:01.86,0:35:07.13,2101.86,2107.13,Chris Pratt,"SUPERINTENDENT OF SCHOOLS, SAU 6 - CHAIR'S RECOGNITIONS straight into this voice: 'The presentation will be from Mr. Pratt' (27), 'Mr. Pratt yeah.' (87) and 'Miss Hawkins and Mr. Pratt' (250), all at conf 1.00. Arlene Hawkins addresses him mid-report ('Did I say that correctly, Mr. Pratt?', 304) and vouches for him ('I have every faith in Mr. Pratt', 228); Candace Crawford says 'I talked to Superintendent Pratt before the meeting' (236); the chair calls him 'Chris' at 50. He speaks as superintendent in the first person: 'I do a lot of the oversight already as superintendent' (166), 'as a superintendent here, you know, in this district' (203), 'as a superintendent you're doing the work anyways' (183). He reports obtaining his level one CTE director/principal licence and lays out the three tech-center administration options. NOTE FOR THE RECORD, NOT HARMONISED: this voice also says 'I've known her for for many years and I've given her a lot of things over the years when I was a superintendent in, in Vermont' (206, 'Vermont' conf 1.00), 'I also know from working in Massachusetts and Vermont' (220), 'I'm still relatively new to the community' (231), 'being new around the table' (38) and 'my second week on' (35) - which sits oddly with the project record of Chris Pratt as the long-serving Stevens High School principal. Quoted as spoken; not reconciled here",Fall already involved in that anyways as of last year.,Speaker 5,https://reflect-claremont.cablecast.tv/internetchannel/show/15994?site=1&seekto=2101
0:35:07.21,0:35:07.86,2107.21,2107.86,Heather Whitney,"CHAIR, Claremont School Board (re-elected chair at the 3/20/2024 organizational meeting) - SHE IS NEVER NAMED ANYWHERE ON THIS RECORDING; a name scan for Whitney/Heather returns ZERO hits. The identification is closed-set elimination plus the public record: she calls the meeting to order (1, 'the September 4th, 2024 Clermont School board meeting'), asks the clerk for the roll (2), runs every agenda item, gives every recognition in the file ('Miss Crawford'; 'Mr. Peter' / 'Mr. Peters' / 'Mr. Patron' / 'Mr. Peterson' for Petrin; 'Frank' and 'Mr. Sprague'; 'Arlene' and 'Miss Hawkins'; 'Mr. Pratt') and adjourns the meeting (346). Her own announced tally at 129 - 'Motion passes with, Mister Patron, Mister Sprague and myself, voting in the affirmative, and Miss Crawford and Miss Hawkins voting against' - places her outside Petrin, Sprague, Crawford and Hawkins, leaving only Heather Whitney, Whitney Skillen and Bonnie Miles of the seven-member 2024 board; neither Skillen nor Miles was ever chair, and vice chair Sprague is in the room and not presiding. She also says 'being on the board for as long as I have now' (209) and sets the agenda with the superintendent ('when Mr. Pratt and I discussed adding this on to the agenda 45 minutes before the meeting', 234). NOT Whitney Skillen, whose first name is Whitney; Skillen is not audible anywhere in this file",Mr..,Speaker 2,https://reflect-claremont.cablecast.tv/internetchannel/show/15994?site=1&seekto=2107
0:35:07.94,0:35:10.98,2107.94,2110.98,Arlene Hawkins,"Claremont School Board member; CHAIR of the SAU 6 joint board (re-elected SAU chair 4/11/2024) - CHAIR'S RECOGNITIONS straight into this voice: 'Arlene. And then.' (191, conf 1.00) and 'Next item agenda is the exploratory subcommittee update. Miss Hawkins and Mr. Pratt.' (250, 'Hawkins' conf 1.00), after which this voice delivers that report in the first person - 'Mr. Pratt and I met quite a while, and we went through all of the financial components' (254). Frank Sprague names her while agreeing with her position ('again, I agree with Mrs. Hawkins', 201, conf 1.00). The chair's tally at 129 puts 'Miss Hawkins' among the two voting against, and this voice carries the 'Nay, nay' at 128. Her SAU chairmanship is on this tape too: the chair says 'it sounds like you're the chair. So maybe having this be an item' (330) and this voice answers 'I can share it at the next essay, you mean and it will go in the packet prior to the meeting' (333)",Thank you. Very capable. It's just I don't want.,Speaker 11,https://reflect-claremont.cablecast.tv/internetchannel/show/15994?site=1&seekto=2107
0:35:11.06,0:35:36.10,2111.06,2136.10,Michael Petrin,"Claremont School Board member (returned as a write-in in the March 2024 election) - CHAIR'S RECOGNITIONS straight into this voice: 'Mr.. Peter.' (70, conf 1.00), 'Mr.. Peter.' (90, conf 0.86), 'Mr. Patron.' (159, 308, conf 1.00) and 'Mr. Peterson?' (336, conf 0.49) - the four-way ASR garble family for Petrin. The chair then names the mover of the region ten motion as 'Mr. Peters' (76) and asks 'Mike, would you like to restate the motion' (123, conf 1.00) immediately before this voice restates it (124); she says she is 'actually in agreement with Mike on this' (104) about the amendment this voice moved (100, 102). Her tally at 129 puts 'Mister Patron' among the three voting aye. He reports the ad hoc communications committee with 'a quick update from Frank and I' (337). Frank Sprague addresses him as 'Mike' (323)","My question or concern was the same. If you having enough room on your plate, you know, to take that on.  What I would like to see happen would be if you take this on and, you know, doing what you're doing. But doing oversight would be also to continue to work with Newport, in my, my opinion, to continue to work with Newport to see about moving forward with them.",Speaker 9,https://reflect-claremont.cablecast.tv/internetchannel/show/15994?site=1&seekto=2111
0:35:36.18,0:35:44.94,2136.18,2144.94,Michael Petrin,"Claremont School Board member (returned as a write-in in the March 2024 election) - CHAIR'S RECOGNITIONS straight into this voice: 'Mr.. Peter.' (70, conf 1.00), 'Mr.. Peter.' (90, conf 0.86), 'Mr. Patron.' (159, 308, conf 1.00) and 'Mr. Peterson?' (336, conf 0.49) - the four-way ASR garble family for Petrin. The chair then names the mover of the region ten motion as 'Mr. Peters' (76) and asks 'Mike, would you like to restate the motion' (123, conf 1.00) immediately before this voice restates it (124); she says she is 'actually in agreement with Mike on this' (104) about the amendment this voice moved (100, 102). Her tally at 129 puts 'Mister Patron' among the three voting aye. He reports the ad hoc communications committee with 'a quick update from Frank and I' (337). Frank Sprague addresses him as 'Mike' (323)","Getting an assistant director and moving towards that model of error, overseeing as you're supervising.",Speaker 9,https://reflect-claremont.cablecast.tv/internetchannel/show/15994?site=1&seekto=2136
0:35:45.02,0:36:03.78,2145.02,2163.78,Chris Pratt,"SUPERINTENDENT OF SCHOOLS, SAU 6 - CHAIR'S RECOGNITIONS straight into this voice: 'The presentation will be from Mr. Pratt' (27), 'Mr. Pratt yeah.' (87) and 'Miss Hawkins and Mr. Pratt' (250), all at conf 1.00. Arlene Hawkins addresses him mid-report ('Did I say that correctly, Mr. Pratt?', 304) and vouches for him ('I have every faith in Mr. Pratt', 228); Candace Crawford says 'I talked to Superintendent Pratt before the meeting' (236); the chair calls him 'Chris' at 50. He speaks as superintendent in the first person: 'I do a lot of the oversight already as superintendent' (166), 'as a superintendent here, you know, in this district' (203), 'as a superintendent you're doing the work anyways' (183). He reports obtaining his level one CTE director/principal licence and lays out the three tech-center administration options. NOTE FOR THE RECORD, NOT HARMONISED: this voice also says 'I've known her for for many years and I've given her a lot of things over the years when I was a superintendent in, in Vermont' (206, 'Vermont' conf 1.00), 'I also know from working in Massachusetts and Vermont' (220), 'I'm still relatively new to the community' (231), 'being new around the table' (38) and 'my second week on' (35) - which sits oddly with the project record of Chris Pratt as the long-serving Stevens High School principal. Quoted as spoken; not reconciled here","Yeah. And that's something we want to do anyway. We want to continue. You know, when we spoke with I spoke with the superintendent and Eric over the over the summertime is like, no matter what it looks like this year, we want to come up with a long term plan for both centers. Would that would that in place? Absolutely.",Speaker 5,https://reflect-claremont.cablecast.tv/internetchannel/show/15994?site=1&seekto=2145
0:36:03.86,0:36:05.06,2163.86,2165.06,Heather Whitney,"CHAIR, Claremont School Board (re-elected chair at the 3/20/2024 organizational meeting) - SHE IS NEVER NAMED ANYWHERE ON THIS RECORDING; a name scan for Whitney/Heather returns ZERO hits. The identification is closed-set elimination plus the public record: she calls the meeting to order (1, 'the September 4th, 2024 Clermont School board meeting'), asks the clerk for the roll (2), runs every agenda item, gives every recognition in the file ('Miss Crawford'; 'Mr. Peter' / 'Mr. Peters' / 'Mr. Patron' / 'Mr. Peterson' for Petrin; 'Frank' and 'Mr. Sprague'; 'Arlene' and 'Miss Hawkins'; 'Mr. Pratt') and adjourns the meeting (346). Her own announced tally at 129 - 'Motion passes with, Mister Patron, Mister Sprague and myself, voting in the affirmative, and Miss Crawford and Miss Hawkins voting against' - places her outside Petrin, Sprague, Crawford and Hawkins, leaving only Heather Whitney, Whitney Skillen and Bonnie Miles of the seven-member 2024 board; neither Skillen nor Miles was ever chair, and vice chair Sprague is in the room and not presiding. She also says 'being on the board for as long as I have now' (209) and sets the agenda with the superintendent ('when Mr. Pratt and I discussed adding this on to the agenda 45 minutes before the meeting', 234). NOT Whitney Skillen, whose first name is Whitney; Skillen is not audible anywhere in this file",Arlene. And then.,Speaker 2,https://reflect-claremont.cablecast.tv/internetchannel/show/15994?site=1&seekto=2163
0:36:05.14,0:36:09.58,2165.14,2169.58,Arlene Hawkins,"Claremont School Board member; CHAIR of the SAU 6 joint board (re-elected SAU chair 4/11/2024) - CHAIR'S RECOGNITIONS straight into this voice: 'Arlene. And then.' (191, conf 1.00) and 'Next item agenda is the exploratory subcommittee update. Miss Hawkins and Mr. Pratt.' (250, 'Hawkins' conf 1.00), after which this voice delivers that report in the first person - 'Mr. Pratt and I met quite a while, and we went through all of the financial components' (254). Frank Sprague names her while agreeing with her position ('again, I agree with Mrs. Hawkins', 201, conf 1.00). The chair's tally at 129 puts 'Miss Hawkins' among the two voting against, and this voice carries the 'Nay, nay' at 128. Her SAU chairmanship is on this tape too: the chair says 'it sounds like you're the chair. So maybe having this be an item' (330) and this voice answers 'I can share it at the next essay, you mean and it will go in the packet prior to the meeting' (333)",Are they are they continuing their search for an assistant director in Newport?,Speaker 11,https://reflect-claremont.cablecast.tv/internetchannel/show/15994?site=1&seekto=2165
0:36:09.66,0:36:13.26,2169.66,2173.26,Chris Pratt,"SUPERINTENDENT OF SCHOOLS, SAU 6 - CHAIR'S RECOGNITIONS straight into this voice: 'The presentation will be from Mr. Pratt' (27), 'Mr. Pratt yeah.' (87) and 'Miss Hawkins and Mr. Pratt' (250), all at conf 1.00. Arlene Hawkins addresses him mid-report ('Did I say that correctly, Mr. Pratt?', 304) and vouches for him ('I have every faith in Mr. Pratt', 228); Candace Crawford says 'I talked to Superintendent Pratt before the meeting' (236); the chair calls him 'Chris' at 50. He speaks as superintendent in the first person: 'I do a lot of the oversight already as superintendent' (166), 'as a superintendent here, you know, in this district' (203), 'as a superintendent you're doing the work anyways' (183). He reports obtaining his level one CTE director/principal licence and lays out the three tech-center administration options. NOTE FOR THE RECORD, NOT HARMONISED: this voice also says 'I've known her for for many years and I've given her a lot of things over the years when I was a superintendent in, in Vermont' (206, 'Vermont' conf 1.00), 'I also know from working in Massachusetts and Vermont' (220), 'I'm still relatively new to the community' (231), 'being new around the table' (38) and 'my second week on' (35) - which sits oddly with the project record of Chris Pratt as the long-serving Stevens High School principal. Quoted as spoken; not reconciled here",A I don't know if they are at this point.,Speaker 5,https://reflect-claremont.cablecast.tv/internetchannel/show/15994?site=1&seekto=2169
0:36:13.34,0:36:19.32,2173.34,2179.32,Heather Whitney,"CHAIR, Claremont School Board (re-elected chair at the 3/20/2024 organizational meeting) - SHE IS NEVER NAMED ANYWHERE ON THIS RECORDING; a name scan for Whitney/Heather returns ZERO hits. The identification is closed-set elimination plus the public record: she calls the meeting to order (1, 'the September 4th, 2024 Clermont School board meeting'), asks the clerk for the roll (2), runs every agenda item, gives every recognition in the file ('Miss Crawford'; 'Mr. Peter' / 'Mr. Peters' / 'Mr. Patron' / 'Mr. Peterson' for Petrin; 'Frank' and 'Mr. Sprague'; 'Arlene' and 'Miss Hawkins'; 'Mr. Pratt') and adjourns the meeting (346). Her own announced tally at 129 - 'Motion passes with, Mister Patron, Mister Sprague and myself, voting in the affirmative, and Miss Crawford and Miss Hawkins voting against' - places her outside Petrin, Sprague, Crawford and Hawkins, leaving only Heather Whitney, Whitney Skillen and Bonnie Miles of the seven-member 2024 board; neither Skillen nor Miles was ever chair, and vice chair Sprague is in the room and not presiding. She also says 'being on the board for as long as I have now' (209) and sets the agenda with the superintendent ('when Mr. Pratt and I discussed adding this on to the agenda 45 minutes before the meeting', 234). NOT Whitney Skillen, whose first name is Whitney; Skillen is not audible anywhere in this file",Mr. Crawford.,Speaker 2,https://reflect-claremont.cablecast.tv/internetchannel/show/15994?site=1&seekto=2173
0:36:19.40,0:36:39.68,2179.40,2199.68,Candace Crawford,"Claremont School Board member (appointed 7/19/2023, re-elected March 2024); chair of the SRVRTC Visioning Committee - CHAIR'S RECOGNITIONS, each straight into this voice: 'Miss Crawford.' (19, 33, 285, 327) and 'Mr. Crawford.' (97, 194 - the ASR slipping Miss to Mr), every token at confidence 1.00. The chair also uses her first name twice, 'Candy, where did you see that?' (41, conf 1.00) and 'Chris, would you work with Candy' (50, conf 0.99), and confirms this voice as the seconder of the region ten motion ('seconded by Miss Crawford', 76) one segment after it says 'I'll second be happy to say' (75). She identifies herself as chair of the visioning committee ('as the chairperson of that, I'd be fine', 45), states her own no vote on the acting-title amendment ('I'll be voting. No... because I think the word acting should be in the title', 122), and the chair's tally names her among the two voting against (129). Her verbal tic 'I'd be happy to' (45, 75) also ties segment 20 to her","I, I think that having Michelle be the career counselor is is good because I think she does have the background. My concern is having her be the career counselor and the assistant.",Speaker 1,https://reflect-claremont.cablecast.tv/internetchannel/show/15994?site=1&seekto=2179
0:36:39.76,0:37:16.35,2199.76,2236.35,Candace Crawford,"Claremont School Board member (appointed 7/19/2023, re-elected March 2024); chair of the SRVRTC Visioning Committee - CHAIR'S RECOGNITIONS, each straight into this voice: 'Miss Crawford.' (19, 33, 285, 327) and 'Mr. Crawford.' (97, 194 - the ASR slipping Miss to Mr), every token at confidence 1.00. The chair also uses her first name twice, 'Candy, where did you see that?' (41, conf 1.00) and 'Chris, would you work with Candy' (50, conf 0.99), and confirms this voice as the seconder of the region ten motion ('seconded by Miss Crawford', 76) one segment after it says 'I'll second be happy to say' (75). She identifies herself as chair of the visioning committee ('as the chairperson of that, I'd be fine', 45), states her own no vote on the acting-title amendment ('I'll be voting. No... because I think the word acting should be in the title', 122), and the chair's tally names her among the two voting against (129). Her verbal tic 'I'd be happy to' (45, 75) also ties segment 20 to her","All wrapped up into one job.  I think that career counselor, it's it is  working with the students and and doing,  career counseling. Obviously, it's also working with the businesses in the community and making sure there are  alliances between the tech center and the business community to make sure that that's a strong relationship, that we are training our students for those jobs that are out there that that they need staff for.",Speaker 1,https://reflect-claremont.cablecast.tv/internetchannel/show/15994?site=1&seekto=2199
0:37:16.48,0:37:52.04,2236.48,2272.04,Candace Crawford,"Claremont School Board member (appointed 7/19/2023, re-elected March 2024); chair of the SRVRTC Visioning Committee - CHAIR'S RECOGNITIONS, each straight into this voice: 'Miss Crawford.' (19, 33, 285, 327) and 'Mr. Crawford.' (97, 194 - the ASR slipping Miss to Mr), every token at confidence 1.00. The chair also uses her first name twice, 'Candy, where did you see that?' (41, conf 1.00) and 'Chris, would you work with Candy' (50, conf 0.99), and confirms this voice as the seconder of the region ten motion ('seconded by Miss Crawford', 76) one segment after it says 'I'll second be happy to say' (75). She identifies herself as chair of the visioning committee ('as the chairperson of that, I'd be fine', 45), states her own no vote on the acting-title amendment ('I'll be voting. No... because I think the word acting should be in the title', 122), and the chair's tally names her among the two voting against (129). Her verbal tic 'I'd be happy to' (45, 75) also ties segment 20 to her","And, and our students need jobs. So that's a strong relationship. And I think I think Michelle, from her background, I think she could do it.  It's the administrative piece that is of concern. The second thing is, I did think that there was a to having Eric involved because, he has done a good job growing the program in Newport, and he has he has lots of contacts and he has familiarity with the building, you know, getting a building plan over there, which we're going to be doing here.",Speaker 1,https://reflect-claremont.cablecast.tv/internetchannel/show/15994?site=1&seekto=2236
0:37:52.20,0:38:08.92,2272.20,2288.92,Candace Crawford,"Claremont School Board member (appointed 7/19/2023, re-elected March 2024); chair of the SRVRTC Visioning Committee - CHAIR'S RECOGNITIONS, each straight into this voice: 'Miss Crawford.' (19, 33, 285, 327) and 'Mr. Crawford.' (97, 194 - the ASR slipping Miss to Mr), every token at confidence 1.00. The chair also uses her first name twice, 'Candy, where did you see that?' (41, conf 1.00) and 'Chris, would you work with Candy' (50, conf 0.99), and confirms this voice as the seconder of the region ten motion ('seconded by Miss Crawford', 76) one segment after it says 'I'll second be happy to say' (75). She identifies herself as chair of the visioning committee ('as the chairperson of that, I'd be fine', 45), states her own no vote on the acting-title amendment ('I'll be voting. No... because I think the word acting should be in the title', 122), and the chair's tally names her among the two voting against (129). Her verbal tic 'I'd be happy to' (45, 75) also ties segment 20 to her","So I think there's benefit to having him involved and being the director of of two campuses. However, I understand that that that can only work if he has a full time assistant over in Newport and one here.",Speaker 1,https://reflect-claremont.cablecast.tv/internetchannel/show/15994?site=1&seekto=2272
0:38:09.00,0:38:11.68,2289.00,2291.68,Arlene Hawkins,"Claremont School Board member; CHAIR of the SAU 6 joint board (re-elected SAU chair 4/11/2024) - CHAIR'S RECOGNITIONS straight into this voice: 'Arlene. And then.' (191, conf 1.00) and 'Next item agenda is the exploratory subcommittee update. Miss Hawkins and Mr. Pratt.' (250, 'Hawkins' conf 1.00), after which this voice delivers that report in the first person - 'Mr. Pratt and I met quite a while, and we went through all of the financial components' (254). Frank Sprague names her while agreeing with her position ('again, I agree with Mrs. Hawkins', 201, conf 1.00). The chair's tally at 129 puts 'Miss Hawkins' among the two voting against, and this voice carries the 'Nay, nay' at 128. Her SAU chairmanship is on this tape too: the chair says 'it sounds like you're the chair. So maybe having this be an item' (330) and this voice answers 'I can share it at the next essay, you mean and it will go in the packet prior to the meeting' (333)",He doesn't have it. Right. This is the whole option.,Speaker 11,https://reflect-claremont.cablecast.tv/internetchannel/show/15994?site=1&seekto=2289
0:38:11.72,0:38:45.44,2291.72,2325.44,Frank Sprague,"VICE CHAIR, Claremont School Board (re-elected vice chair 3/20/2024) - CHAIR'S RECOGNITIONS straight into this voice: 'Frank was next.' (53), 'Did? Miss, Mr. Sprague.' (264) and 'Mr. Sprague, did you have' (322), 'Sprague' at conf 1.00 both times it is spoken in full. He gives his own biography in the form this corpus records elsewhere - 'having been a former guidance counselor and having been an administrator' (200) - names Hawkins in the third person ('I agree with Mrs. Hawkins', 201, conf 1.00) and addresses Petrin by first name ('No, Mike, I was going to use a little same analogy he did', 323, conf 1.00). Michael Petrin reports the ad hoc communications committee as 'a quick update from Frank and I' (337) and says 'Frank is going to do some digging' (339), and THIS voice picks up the next segment in the first person - 'So I'm also going to look at the strategic plan' (340) - which closes the identification. The chair's tally at 129 puts 'Mister Sprague' among the three voting aye. THE DIARIZER SPLIT HIS AND PETRIN'S VOICES ACROSS THIS CLUSTER AND SPEAKER 9; the crossings are reassigned by override","So,  what I'm leaning toward is that having been a former guidance counselor and having been an administrator,  a lot of the guidance was counseling things that I would do as a guidance counselor. I continued to do when I was an administrator.  So I suspect that in her interactions with kids that are either highly engaged or disengaged or whatever they are,  she is going to do some of that.",Speaker 7,https://reflect-claremont.cablecast.tv/internetchannel/show/15994?site=1&seekto=2291
0:38:45.44,0:39:07.32,2325.44,2347.32,Frank Sprague,"VICE CHAIR, Claremont School Board (re-elected vice chair 3/20/2024) - CHAIR'S RECOGNITIONS straight into this voice: 'Frank was next.' (53), 'Did? Miss, Mr. Sprague.' (264) and 'Mr. Sprague, did you have' (322), 'Sprague' at conf 1.00 both times it is spoken in full. He gives his own biography in the form this corpus records elsewhere - 'having been a former guidance counselor and having been an administrator' (200) - names Hawkins in the third person ('I agree with Mrs. Hawkins', 201, conf 1.00) and addresses Petrin by first name ('No, Mike, I was going to use a little same analogy he did', 323, conf 1.00). Michael Petrin reports the ad hoc communications committee as 'a quick update from Frank and I' (337) and says 'Frank is going to do some digging' (339), and THIS voice picks up the next segment in the first person - 'So I'm also going to look at the strategic plan' (340) - which closes the identification. The chair's tally at 129 puts 'Mister Sprague' among the three voting aye. THE DIARIZER SPLIT HIS AND PETRIN'S VOICES ACROSS THIS CLUSTER AND SPEAKER 9; the crossings are reassigned by override","I don't think she's going to be able to do the outreach, but who knows? That's what opportunities may present themselves. But,  again, I agree with Mrs. Hawkins that to me, the ideal model would be you to be the director sort of de facto and then the assistant and then her take on the role as career counselor as well.",Speaker 7,https://reflect-claremont.cablecast.tv/internetchannel/show/15994?site=1&seekto=2325
0:39:07.40,0:39:33.92,2347.40,2373.92,Frank Sprague,"VICE CHAIR, Claremont School Board (re-elected vice chair 3/20/2024) - CHAIR'S RECOGNITIONS straight into this voice: 'Frank was next.' (53), 'Did? Miss, Mr. Sprague.' (264) and 'Mr. Sprague, did you have' (322), 'Sprague' at conf 1.00 both times it is spoken in full. He gives his own biography in the form this corpus records elsewhere - 'having been a former guidance counselor and having been an administrator' (200) - names Hawkins in the third person ('I agree with Mrs. Hawkins', 201, conf 1.00) and addresses Petrin by first name ('No, Mike, I was going to use a little same analogy he did', 323, conf 1.00). Michael Petrin reports the ad hoc communications committee as 'a quick update from Frank and I' (337) and says 'Frank is going to do some digging' (339), and THIS voice picks up the next segment in the first person - 'So I'm also going to look at the strategic plan' (340) - which closes the identification. The chair's tally at 129 puts 'Mister Sprague' among the three voting aye. THE DIARIZER SPLIT HIS AND PETRIN'S VOICES ACROSS THIS CLUSTER AND SPEAKER 9; the crossings are reassigned by override","But, I don't I that's just, I don't see I don't think that's realistic, really. And, no offense. No, I just don't. Which it is too much. And, but I feel okay with it because I think if we go with you sort of being in the background or being the assistant that she's going to do a lot of those functions anyway with considering  her background is.",Speaker 7,https://reflect-claremont.cablecast.tv/internetchannel/show/15994?site=1&seekto=2347
0:39:34.00,0:39:54.20,2374.00,2394.20,Chris Pratt,"SUPERINTENDENT OF SCHOOLS, SAU 6 - CHAIR'S RECOGNITIONS straight into this voice: 'The presentation will be from Mr. Pratt' (27), 'Mr. Pratt yeah.' (87) and 'Miss Hawkins and Mr. Pratt' (250), all at conf 1.00. Arlene Hawkins addresses him mid-report ('Did I say that correctly, Mr. Pratt?', 304) and vouches for him ('I have every faith in Mr. Pratt', 228); Candace Crawford says 'I talked to Superintendent Pratt before the meeting' (236); the chair calls him 'Chris' at 50. He speaks as superintendent in the first person: 'I do a lot of the oversight already as superintendent' (166), 'as a superintendent here, you know, in this district' (203), 'as a superintendent you're doing the work anyways' (183). He reports obtaining his level one CTE director/principal licence and lays out the three tech-center administration options. NOTE FOR THE RECORD, NOT HARMONISED: this voice also says 'I've known her for for many years and I've given her a lot of things over the years when I was a superintendent in, in Vermont' (206, 'Vermont' conf 1.00), 'I also know from working in Massachusetts and Vermont' (220), 'I'm still relatively new to the community' (231), 'being new around the table' (38) and 'my second week on' (35) - which sits oddly with the project record of Chris Pratt as the long-serving Stevens High School principal. Quoted as spoken; not reconciled here","So. Yeah, I mean, you're right. I mean, as you know, it's kind of like a, as a, as a superintendent here, you know, in this district, I find that I work very closely with all the principals anyways. And I think, you know, I have the benefit of knowing Michelle for eight years and her capabilities and knowing all the stuff she's already done already.",Speaker 5,https://reflect-claremont.cablecast.tv/internetchannel/show/15994?site=1&seekto=2374
0:39:54.20,0:40:14.56,2394.20,2414.56,Chris Pratt,"SUPERINTENDENT OF SCHOOLS, SAU 6 - CHAIR'S RECOGNITIONS straight into this voice: 'The presentation will be from Mr. Pratt' (27), 'Mr. Pratt yeah.' (87) and 'Miss Hawkins and Mr. Pratt' (250), all at conf 1.00. Arlene Hawkins addresses him mid-report ('Did I say that correctly, Mr. Pratt?', 304) and vouches for him ('I have every faith in Mr. Pratt', 228); Candace Crawford says 'I talked to Superintendent Pratt before the meeting' (236); the chair calls him 'Chris' at 50. He speaks as superintendent in the first person: 'I do a lot of the oversight already as superintendent' (166), 'as a superintendent here, you know, in this district' (203), 'as a superintendent you're doing the work anyways' (183). He reports obtaining his level one CTE director/principal licence and lays out the three tech-center administration options. NOTE FOR THE RECORD, NOT HARMONISED: this voice also says 'I've known her for for many years and I've given her a lot of things over the years when I was a superintendent in, in Vermont' (206, 'Vermont' conf 1.00), 'I also know from working in Massachusetts and Vermont' (220), 'I'm still relatively new to the community' (231), 'being new around the table' (38) and 'my second week on' (35) - which sits oddly with the project record of Chris Pratt as the long-serving Stevens High School principal. Quoted as spoken; not reconciled here","She's already met. I think with most of the kids one on one, she's already had field trips out into the community and stuff. So she's doing both right now. I think it's just a matter of having someone else, you know, behind the curtains, working on the, you know, the, the bigger stuff. So deadlines. So, you know, right. Keep an eye on those things there.",Speaker 5,https://reflect-claremont.cablecast.tv/internetchannel/show/15994?site=1&seekto=2394
0:40:14.56,0:40:50.36,2414.56,2450.36,Chris Pratt,"SUPERINTENDENT OF SCHOOLS, SAU 6 - CHAIR'S RECOGNITIONS straight into this voice: 'The presentation will be from Mr. Pratt' (27), 'Mr. Pratt yeah.' (87) and 'Miss Hawkins and Mr. Pratt' (250), all at conf 1.00. Arlene Hawkins addresses him mid-report ('Did I say that correctly, Mr. Pratt?', 304) and vouches for him ('I have every faith in Mr. Pratt', 228); Candace Crawford says 'I talked to Superintendent Pratt before the meeting' (236); the chair calls him 'Chris' at 50. He speaks as superintendent in the first person: 'I do a lot of the oversight already as superintendent' (166), 'as a superintendent here, you know, in this district' (203), 'as a superintendent you're doing the work anyways' (183). He reports obtaining his level one CTE director/principal licence and lays out the three tech-center administration options. NOTE FOR THE RECORD, NOT HARMONISED: this voice also says 'I've known her for for many years and I've given her a lot of things over the years when I was a superintendent in, in Vermont' (206, 'Vermont' conf 1.00), 'I also know from working in Massachusetts and Vermont' (220), 'I'm still relatively new to the community' (231), 'being new around the table' (38) and 'my second week on' (35) - which sits oddly with the project record of Chris Pratt as the long-serving Stevens High School principal. Quoted as spoken; not reconciled here","And having the main point of contact, you know, be, you know, someone in the district on record as the director. So we're getting those those communications and stuff. I mean whether, you know, we decide to whatever we decide whether I'm going to be just as involved with or without the title, over here, because that's just part of my job is superintendent is being involved and helping make decisions, and whether it's grant spending, whether it's hiring, whether it's  policy and stuff, it's kind of a you're doing it anyways.",Speaker 5,https://reflect-claremont.cablecast.tv/internetchannel/show/15994?site=1&seekto=2414
0:40:50.48,0:41:08.16,2450.48,2468.16,Chris Pratt,"SUPERINTENDENT OF SCHOOLS, SAU 6 - CHAIR'S RECOGNITIONS straight into this voice: 'The presentation will be from Mr. Pratt' (27), 'Mr. Pratt yeah.' (87) and 'Miss Hawkins and Mr. Pratt' (250), all at conf 1.00. Arlene Hawkins addresses him mid-report ('Did I say that correctly, Mr. Pratt?', 304) and vouches for him ('I have every faith in Mr. Pratt', 228); Candace Crawford says 'I talked to Superintendent Pratt before the meeting' (236); the chair calls him 'Chris' at 50. He speaks as superintendent in the first person: 'I do a lot of the oversight already as superintendent' (166), 'as a superintendent here, you know, in this district' (203), 'as a superintendent you're doing the work anyways' (183). He reports obtaining his level one CTE director/principal licence and lays out the three tech-center administration options. NOTE FOR THE RECORD, NOT HARMONISED: this voice also says 'I've known her for for many years and I've given her a lot of things over the years when I was a superintendent in, in Vermont' (206, 'Vermont' conf 1.00), 'I also know from working in Massachusetts and Vermont' (220), 'I'm still relatively new to the community' (231), 'being new around the table' (38) and 'my second week on' (35) - which sits oddly with the project record of Chris Pratt as the long-serving Stevens High School principal. Quoted as spoken; not reconciled here","And with Michelle, like I said, I'm lucky. I've known her for for many years and I've, I've given her a lot of things over the years when I was a superintendent in, in Vermont and she's she takes the she takes it and she runs with it. I mean, if it was anyone else, I wouldn't be, you know, stepping up and say, okay,  well I want to not I'll, I'll do it.",Speaker 5,https://reflect-claremont.cablecast.tv/internetchannel/show/15994?site=1&seekto=2450
0:41:08.32,0:41:21.48,2468.32,2481.48,Chris Pratt,"SUPERINTENDENT OF SCHOOLS, SAU 6 - CHAIR'S RECOGNITIONS straight into this voice: 'The presentation will be from Mr. Pratt' (27), 'Mr. Pratt yeah.' (87) and 'Miss Hawkins and Mr. Pratt' (250), all at conf 1.00. Arlene Hawkins addresses him mid-report ('Did I say that correctly, Mr. Pratt?', 304) and vouches for him ('I have every faith in Mr. Pratt', 228); Candace Crawford says 'I talked to Superintendent Pratt before the meeting' (236); the chair calls him 'Chris' at 50. He speaks as superintendent in the first person: 'I do a lot of the oversight already as superintendent' (166), 'as a superintendent here, you know, in this district' (203), 'as a superintendent you're doing the work anyways' (183). He reports obtaining his level one CTE director/principal licence and lays out the three tech-center administration options. NOTE FOR THE RECORD, NOT HARMONISED: this voice also says 'I've known her for for many years and I've given her a lot of things over the years when I was a superintendent in, in Vermont' (206, 'Vermont' conf 1.00), 'I also know from working in Massachusetts and Vermont' (220), 'I'm still relatively new to the community' (231), 'being new around the table' (38) and 'my second week on' (35) - which sits oddly with the project record of Chris Pratt as the long-serving Stevens High School principal. Quoted as spoken; not reconciled here","It's it's all based on the person that we currently have there that I think it's, I don't see it being a lot of my extra time going above and beyond what I already do with working with the principals right now. Anyways.",Speaker 5,https://reflect-claremont.cablecast.tv/internetchannel/show/15994?site=1&seekto=2468
0:41:21.56,0:41:40.88,2481.56,2500.88,Heather Whitney,"CHAIR, Claremont School Board (re-elected chair at the 3/20/2024 organizational meeting) - SHE IS NEVER NAMED ANYWHERE ON THIS RECORDING; a name scan for Whitney/Heather returns ZERO hits. The identification is closed-set elimination plus the public record: she calls the meeting to order (1, 'the September 4th, 2024 Clermont School board meeting'), asks the clerk for the roll (2), runs every agenda item, gives every recognition in the file ('Miss Crawford'; 'Mr. Peter' / 'Mr. Peters' / 'Mr. Patron' / 'Mr. Peterson' for Petrin; 'Frank' and 'Mr. Sprague'; 'Arlene' and 'Miss Hawkins'; 'Mr. Pratt') and adjourns the meeting (346). Her own announced tally at 129 - 'Motion passes with, Mister Patron, Mister Sprague and myself, voting in the affirmative, and Miss Crawford and Miss Hawkins voting against' - places her outside Petrin, Sprague, Crawford and Hawkins, leaving only Heather Whitney, Whitney Skillen and Bonnie Miles of the seven-member 2024 board; neither Skillen nor Miles was ever chair, and vice chair Sprague is in the room and not presiding. She also says 'being on the board for as long as I have now' (209) and sets the agenda with the superintendent ('when Mr. Pratt and I discussed adding this on to the agenda 45 minutes before the meeting', 234). NOT Whitney Skillen, whose first name is Whitney; Skillen is not audible anywhere in this file","So just to, reconfirm she's working towards her certification to become a director as well. Okay. So my gut feeling has been, that we should have one director overseeing both.",Speaker 2,https://reflect-claremont.cablecast.tv/internetchannel/show/15994?site=1&seekto=2481
0:41:40.96,0:42:11.48,2500.96,2531.48,Heather Whitney,"CHAIR, Claremont School Board (re-elected chair at the 3/20/2024 organizational meeting) - SHE IS NEVER NAMED ANYWHERE ON THIS RECORDING; a name scan for Whitney/Heather returns ZERO hits. The identification is closed-set elimination plus the public record: she calls the meeting to order (1, 'the September 4th, 2024 Clermont School board meeting'), asks the clerk for the roll (2), runs every agenda item, gives every recognition in the file ('Miss Crawford'; 'Mr. Peter' / 'Mr. Peters' / 'Mr. Patron' / 'Mr. Peterson' for Petrin; 'Frank' and 'Mr. Sprague'; 'Arlene' and 'Miss Hawkins'; 'Mr. Pratt') and adjourns the meeting (346). Her own announced tally at 129 - 'Motion passes with, Mister Patron, Mister Sprague and myself, voting in the affirmative, and Miss Crawford and Miss Hawkins voting against' - places her outside Petrin, Sprague, Crawford and Hawkins, leaving only Heather Whitney, Whitney Skillen and Bonnie Miles of the seven-member 2024 board; neither Skillen nor Miles was ever chair, and vice chair Sprague is in the room and not presiding. She also says 'being on the board for as long as I have now' (209) and sets the agenda with the superintendent ('when Mr. Pratt and I discussed adding this on to the agenda 45 minutes before the meeting', 234). NOT Whitney Skillen, whose first name is Whitney; Skillen is not audible anywhere in this file","I do see the risk of losing our identity  by doing that  on some level. I think as an interim that this was is a perfectly acceptable alternative.  And being on the board for as long as I have now, what I've come to understand, which I knew before another national positions, is it's the person in the position more than the position that matters.",Speaker 2,https://reflect-claremont.cablecast.tv/internetchannel/show/15994?site=1&seekto=2500
0:42:11.56,0:42:52.88,2531.56,2572.88,Heather Whitney,"CHAIR, Claremont School Board (re-elected chair at the 3/20/2024 organizational meeting) - SHE IS NEVER NAMED ANYWHERE ON THIS RECORDING; a name scan for Whitney/Heather returns ZERO hits. The identification is closed-set elimination plus the public record: she calls the meeting to order (1, 'the September 4th, 2024 Clermont School board meeting'), asks the clerk for the roll (2), runs every agenda item, gives every recognition in the file ('Miss Crawford'; 'Mr. Peter' / 'Mr. Peters' / 'Mr. Patron' / 'Mr. Peterson' for Petrin; 'Frank' and 'Mr. Sprague'; 'Arlene' and 'Miss Hawkins'; 'Mr. Pratt') and adjourns the meeting (346). Her own announced tally at 129 - 'Motion passes with, Mister Patron, Mister Sprague and myself, voting in the affirmative, and Miss Crawford and Miss Hawkins voting against' - places her outside Petrin, Sprague, Crawford and Hawkins, leaving only Heather Whitney, Whitney Skillen and Bonnie Miles of the seven-member 2024 board; neither Skillen nor Miles was ever chair, and vice chair Sprague is in the room and not presiding. She also says 'being on the board for as long as I have now' (209) and sets the agenda with the superintendent ('when Mr. Pratt and I discussed adding this on to the agenda 45 minutes before the meeting', 234). NOT Whitney Skillen, whose first name is Whitney; Skillen is not audible anywhere in this file","And so I think if we  give this individual a year and see what she's able to achieve, then we can really make a more accurate assessment about how this should look, moving forward. I mean, if she is able to achieve her, get her certification, and if the board and the visioning committee  is more than satisfied with what is happening at the tech center, then I  that opens up a bunch of possibilities for us that, we don't we really can't speak to with the information that we have right now.",Speaker 2,https://reflect-claremont.cablecast.tv/internetchannel/show/15994?site=1&seekto=2531
0:42:53.12,0:43:08.12,2573.12,2588.12,Chris Pratt,"SUPERINTENDENT OF SCHOOLS, SAU 6 - CHAIR'S RECOGNITIONS straight into this voice: 'The presentation will be from Mr. Pratt' (27), 'Mr. Pratt yeah.' (87) and 'Miss Hawkins and Mr. Pratt' (250), all at conf 1.00. Arlene Hawkins addresses him mid-report ('Did I say that correctly, Mr. Pratt?', 304) and vouches for him ('I have every faith in Mr. Pratt', 228); Candace Crawford says 'I talked to Superintendent Pratt before the meeting' (236); the chair calls him 'Chris' at 50. He speaks as superintendent in the first person: 'I do a lot of the oversight already as superintendent' (166), 'as a superintendent here, you know, in this district' (203), 'as a superintendent you're doing the work anyways' (183). He reports obtaining his level one CTE director/principal licence and lays out the three tech-center administration options. NOTE FOR THE RECORD, NOT HARMONISED: this voice also says 'I've known her for for many years and I've given her a lot of things over the years when I was a superintendent in, in Vermont' (206, 'Vermont' conf 1.00), 'I also know from working in Massachusetts and Vermont' (220), 'I'm still relatively new to the community' (231), 'being new around the table' (38) and 'my second week on' (35) - which sits oddly with the project record of Chris Pratt as the long-serving Stevens High School principal. Quoted as spoken; not reconciled here","I just don't want to close any doors. I, I think,  you know, after a year, I want to be in a situation where we're tied into something where we have someone who's now ready to be a director. We're very happy with what she's doing, and we've closed some doors now, that's that's not an option.",Speaker 5,https://reflect-claremont.cablecast.tv/internetchannel/show/15994?site=1&seekto=2573
0:43:08.16,0:43:10.12,2588.16,2590.12,Heather Whitney,"CHAIR, Claremont School Board (re-elected chair at the 3/20/2024 organizational meeting) - SHE IS NEVER NAMED ANYWHERE ON THIS RECORDING; a name scan for Whitney/Heather returns ZERO hits. The identification is closed-set elimination plus the public record: she calls the meeting to order (1, 'the September 4th, 2024 Clermont School board meeting'), asks the clerk for the roll (2), runs every agenda item, gives every recognition in the file ('Miss Crawford'; 'Mr. Peter' / 'Mr. Peters' / 'Mr. Patron' / 'Mr. Peterson' for Petrin; 'Frank' and 'Mr. Sprague'; 'Arlene' and 'Miss Hawkins'; 'Mr. Pratt') and adjourns the meeting (346). Her own announced tally at 129 - 'Motion passes with, Mister Patron, Mister Sprague and myself, voting in the affirmative, and Miss Crawford and Miss Hawkins voting against' - places her outside Petrin, Sprague, Crawford and Hawkins, leaving only Heather Whitney, Whitney Skillen and Bonnie Miles of the seven-member 2024 board; neither Skillen nor Miles was ever chair, and vice chair Sprague is in the room and not presiding. She also says 'being on the board for as long as I have now' (209) and sets the agenda with the superintendent ('when Mr. Pratt and I discussed adding this on to the agenda 45 minutes before the meeting', 234). NOT Whitney Skillen, whose first name is Whitney; Skillen is not audible anywhere in this file","She doesn't have growth, right?",Speaker 2,https://reflect-claremont.cablecast.tv/internetchannel/show/15994?site=1&seekto=2588
0:43:10.16,0:43:26.75,2590.16,2606.75,Chris Pratt,"SUPERINTENDENT OF SCHOOLS, SAU 6 - CHAIR'S RECOGNITIONS straight into this voice: 'The presentation will be from Mr. Pratt' (27), 'Mr. Pratt yeah.' (87) and 'Miss Hawkins and Mr. Pratt' (250), all at conf 1.00. Arlene Hawkins addresses him mid-report ('Did I say that correctly, Mr. Pratt?', 304) and vouches for him ('I have every faith in Mr. Pratt', 228); Candace Crawford says 'I talked to Superintendent Pratt before the meeting' (236); the chair calls him 'Chris' at 50. He speaks as superintendent in the first person: 'I do a lot of the oversight already as superintendent' (166), 'as a superintendent here, you know, in this district' (203), 'as a superintendent you're doing the work anyways' (183). He reports obtaining his level one CTE director/principal licence and lays out the three tech-center administration options. NOTE FOR THE RECORD, NOT HARMONISED: this voice also says 'I've known her for for many years and I've given her a lot of things over the years when I was a superintendent in, in Vermont' (206, 'Vermont' conf 1.00), 'I also know from working in Massachusetts and Vermont' (220), 'I'm still relatively new to the community' (231), 'being new around the table' (38) and 'my second week on' (35) - which sits oddly with the project record of Chris Pratt as the long-serving Stevens High School principal. Quoted as spoken; not reconciled here","I want to make sure she has growth. And, you know, but like, I, like I said, like I said before, we, you know, we have the three options. We can keep Eric as a director. I could step in or we could, you know, hire director.",Speaker 5,https://reflect-claremont.cablecast.tv/internetchannel/show/15994?site=1&seekto=2590
0:43:26.83,0:43:36.98,2606.83,2616.98,Chris Pratt,"SUPERINTENDENT OF SCHOOLS, SAU 6 - CHAIR'S RECOGNITIONS straight into this voice: 'The presentation will be from Mr. Pratt' (27), 'Mr. Pratt yeah.' (87) and 'Miss Hawkins and Mr. Pratt' (250), all at conf 1.00. Arlene Hawkins addresses him mid-report ('Did I say that correctly, Mr. Pratt?', 304) and vouches for him ('I have every faith in Mr. Pratt', 228); Candace Crawford says 'I talked to Superintendent Pratt before the meeting' (236); the chair calls him 'Chris' at 50. He speaks as superintendent in the first person: 'I do a lot of the oversight already as superintendent' (166), 'as a superintendent here, you know, in this district' (203), 'as a superintendent you're doing the work anyways' (183). He reports obtaining his level one CTE director/principal licence and lays out the three tech-center administration options. NOTE FOR THE RECORD, NOT HARMONISED: this voice also says 'I've known her for for many years and I've given her a lot of things over the years when I was a superintendent in, in Vermont' (206, 'Vermont' conf 1.00), 'I also know from working in Massachusetts and Vermont' (220), 'I'm still relatively new to the community' (231), 'being new around the table' (38) and 'my second week on' (35) - which sits oddly with the project record of Chris Pratt as the long-serving Stevens High School principal. Quoted as spoken; not reconciled here","They just haven't been out there. If they are, we want to make sure that they're coming in with the license to. We're just working from both ends.",Speaker 5,https://reflect-claremont.cablecast.tv/internetchannel/show/15994?site=1&seekto=2606
0:43:37.06,0:43:47.66,2617.06,2627.66,Heather Whitney,"CHAIR, Claremont School Board (re-elected chair at the 3/20/2024 organizational meeting) - SHE IS NEVER NAMED ANYWHERE ON THIS RECORDING; a name scan for Whitney/Heather returns ZERO hits. The identification is closed-set elimination plus the public record: she calls the meeting to order (1, 'the September 4th, 2024 Clermont School board meeting'), asks the clerk for the roll (2), runs every agenda item, gives every recognition in the file ('Miss Crawford'; 'Mr. Peter' / 'Mr. Peters' / 'Mr. Patron' / 'Mr. Peterson' for Petrin; 'Frank' and 'Mr. Sprague'; 'Arlene' and 'Miss Hawkins'; 'Mr. Pratt') and adjourns the meeting (346). Her own announced tally at 129 - 'Motion passes with, Mister Patron, Mister Sprague and myself, voting in the affirmative, and Miss Crawford and Miss Hawkins voting against' - places her outside Petrin, Sprague, Crawford and Hawkins, leaving only Heather Whitney, Whitney Skillen and Bonnie Miles of the seven-member 2024 board; neither Skillen nor Miles was ever chair, and vice chair Sprague is in the room and not presiding. She also says 'being on the board for as long as I have now' (209) and sets the agenda with the superintendent ('when Mr. Pratt and I discussed adding this on to the agenda 45 minutes before the meeting', 234). NOT Whitney Skillen, whose first name is Whitney; Skillen is not audible anywhere in this file","So for me, I wouldn't want to be looking for a new director right now in particular, just because the ideal option would be to have one director overseeing both Newport and us.",Speaker 2,https://reflect-claremont.cablecast.tv/internetchannel/show/15994?site=1&seekto=2617
0:43:47.78,0:43:58.90,2627.78,2638.90,Arlene Hawkins,"Claremont School Board member; CHAIR of the SAU 6 joint board (re-elected SAU chair 4/11/2024) - CHAIR'S RECOGNITIONS straight into this voice: 'Arlene. And then.' (191, conf 1.00) and 'Next item agenda is the exploratory subcommittee update. Miss Hawkins and Mr. Pratt.' (250, 'Hawkins' conf 1.00), after which this voice delivers that report in the first person - 'Mr. Pratt and I met quite a while, and we went through all of the financial components' (254). Frank Sprague names her while agreeing with her position ('again, I agree with Mrs. Hawkins', 201, conf 1.00). The chair's tally at 129 puts 'Miss Hawkins' among the two voting against, and this voice carries the 'Nay, nay' at 128. Her SAU chairmanship is on this tape too: the chair says 'it sounds like you're the chair. So maybe having this be an item' (330) and this voice answers 'I can share it at the next essay, you mean and it will go in the packet prior to the meeting' (333)",Can I ask a question about that? Yes. Your statement. I heard  Mr. Pratt say that had not been done in the state before. Correct. To have one director overseeing both.,Speaker 11,https://reflect-claremont.cablecast.tv/internetchannel/show/15994?site=1&seekto=2627
0:43:58.94,0:43:59.82,2638.94,2639.82,Arlene Hawkins,"Claremont School Board member - a 0.88 s fragment ('Two programs.') inside her own question, completing 'To have one director overseeing both' (216) 0.04 s earlier and followed by her own 'What was there or did they give you any sense of' (218)",Two programs.,Speaker 2,https://reflect-claremont.cablecast.tv/internetchannel/show/15994?site=1&seekto=2638
0:43:59.98,0:44:35.78,2639.98,2675.78,Arlene Hawkins,"Claremont School Board member; CHAIR of the SAU 6 joint board (re-elected SAU chair 4/11/2024) - CHAIR'S RECOGNITIONS straight into this voice: 'Arlene. And then.' (191, conf 1.00) and 'Next item agenda is the exploratory subcommittee update. Miss Hawkins and Mr. Pratt.' (250, 'Hawkins' conf 1.00), after which this voice delivers that report in the first person - 'Mr. Pratt and I met quite a while, and we went through all of the financial components' (254). Frank Sprague names her while agreeing with her position ('again, I agree with Mrs. Hawkins', 201, conf 1.00). The chair's tally at 129 puts 'Miss Hawkins' among the two voting against, and this voice carries the 'Nay, nay' at 128. Her SAU chairmanship is on this tape too: the chair says 'it sounds like you're the chair. So maybe having this be an item' (330) and this voice answers 'I can share it at the next essay, you mean and it will go in the packet prior to the meeting' (333)","What was there  or did they give you any sense of. Is it done in other places? Is is that the likelihood it can be or has been successful? Would there be maybe the visioning committee going to other states to see how it works, so that ideally at the end of the year, if Newport has the.  Assistant director, we have ours or she moves into the director, however it's going to be, at least there's been some information that has been gained  and learned in the course of this year that we might be forging new ground.",Speaker 11,https://reflect-claremont.cablecast.tv/internetchannel/show/15994?site=1&seekto=2639
0:44:35.78,0:44:37.78,2675.78,2677.78,Arlene Hawkins,"Claremont School Board member; CHAIR of the SAU 6 joint board (re-elected SAU chair 4/11/2024) - CHAIR'S RECOGNITIONS straight into this voice: 'Arlene. And then.' (191, conf 1.00) and 'Next item agenda is the exploratory subcommittee update. Miss Hawkins and Mr. Pratt.' (250, 'Hawkins' conf 1.00), after which this voice delivers that report in the first person - 'Mr. Pratt and I met quite a while, and we went through all of the financial components' (254). Frank Sprague names her while agreeing with her position ('again, I agree with Mrs. Hawkins', 201, conf 1.00). The chair's tally at 129 puts 'Miss Hawkins' among the two voting against, and this voice carries the 'Nay, nay' at 128. Her SAU chairmanship is on this tape too: the chair says 'it sounds like you're the chair. So maybe having this be an item' (330) and this voice answers 'I can share it at the next essay, you mean and it will go in the packet prior to the meeting' (333)",That is fabulous.,Speaker 11,https://reflect-claremont.cablecast.tv/internetchannel/show/15994?site=1&seekto=2675
0:44:37.86,0:44:58.86,2677.86,2698.86,Chris Pratt,"SUPERINTENDENT OF SCHOOLS, SAU 6 - CHAIR'S RECOGNITIONS straight into this voice: 'The presentation will be from Mr. Pratt' (27), 'Mr. Pratt yeah.' (87) and 'Miss Hawkins and Mr. Pratt' (250), all at conf 1.00. Arlene Hawkins addresses him mid-report ('Did I say that correctly, Mr. Pratt?', 304) and vouches for him ('I have every faith in Mr. Pratt', 228); Candace Crawford says 'I talked to Superintendent Pratt before the meeting' (236); the chair calls him 'Chris' at 50. He speaks as superintendent in the first person: 'I do a lot of the oversight already as superintendent' (166), 'as a superintendent here, you know, in this district' (203), 'as a superintendent you're doing the work anyways' (183). He reports obtaining his level one CTE director/principal licence and lays out the three tech-center administration options. NOTE FOR THE RECORD, NOT HARMONISED: this voice also says 'I've known her for for many years and I've given her a lot of things over the years when I was a superintendent in, in Vermont' (206, 'Vermont' conf 1.00), 'I also know from working in Massachusetts and Vermont' (220), 'I'm still relatively new to the community' (231), 'being new around the table' (38) and 'my second week on' (35) - which sits oddly with the project record of Chris Pratt as the long-serving Stevens High School principal. Quoted as spoken; not reconciled here","Yeah. They didn't talk about other you know, you know, they just said it has not been done in New Hampshire as of now. But I also know from working in Massachusetts and  Vermont, the models are very different. They have tech centers. But the way kids come and go and everything, and they're there, they vary tremendously between New Hampshire and Vermont and Massachusetts.",Speaker 5,https://reflect-claremont.cablecast.tv/internetchannel/show/15994?site=1&seekto=2677
0:44:59.06,0:45:13.70,2699.06,2713.70,Chris Pratt,"SUPERINTENDENT OF SCHOOLS, SAU 6 - CHAIR'S RECOGNITIONS straight into this voice: 'The presentation will be from Mr. Pratt' (27), 'Mr. Pratt yeah.' (87) and 'Miss Hawkins and Mr. Pratt' (250), all at conf 1.00. Arlene Hawkins addresses him mid-report ('Did I say that correctly, Mr. Pratt?', 304) and vouches for him ('I have every faith in Mr. Pratt', 228); Candace Crawford says 'I talked to Superintendent Pratt before the meeting' (236); the chair calls him 'Chris' at 50. He speaks as superintendent in the first person: 'I do a lot of the oversight already as superintendent' (166), 'as a superintendent here, you know, in this district' (203), 'as a superintendent you're doing the work anyways' (183). He reports obtaining his level one CTE director/principal licence and lays out the three tech-center administration options. NOTE FOR THE RECORD, NOT HARMONISED: this voice also says 'I've known her for for many years and I've given her a lot of things over the years when I was a superintendent in, in Vermont' (206, 'Vermont' conf 1.00), 'I also know from working in Massachusetts and Vermont' (220), 'I'm still relatively new to the community' (231), 'being new around the table' (38) and 'my second week on' (35) - which sits oddly with the project record of Chris Pratt as the long-serving Stevens High School principal. Quoted as spoken; not reconciled here","So looking at their models, they may have done, but it's Massachusetts. It's a regional model. You know, Vermont, it's you could have a private tech center versus one that's attached to a school district. It means so they so they vary.",Speaker 5,https://reflect-claremont.cablecast.tv/internetchannel/show/15994?site=1&seekto=2699
0:45:13.78,0:45:14.98,2713.78,2714.98,Arlene Hawkins,"Claremont School Board member; CHAIR of the SAU 6 joint board (re-elected SAU chair 4/11/2024) - CHAIR'S RECOGNITIONS straight into this voice: 'Arlene. And then.' (191, conf 1.00) and 'Next item agenda is the exploratory subcommittee update. Miss Hawkins and Mr. Pratt.' (250, 'Hawkins' conf 1.00), after which this voice delivers that report in the first person - 'Mr. Pratt and I met quite a while, and we went through all of the financial components' (254). Frank Sprague names her while agreeing with her position ('again, I agree with Mrs. Hawkins', 201, conf 1.00). The chair's tally at 129 puts 'Miss Hawkins' among the two voting against, and this voice carries the 'Nay, nay' at 128. Her SAU chairmanship is on this tape too: the chair says 'it sounds like you're the chair. So maybe having this be an item' (330) and this voice answers 'I can share it at the next essay, you mean and it will go in the packet prior to the meeting' (333)",So that would not be helpful.,Speaker 11,https://reflect-claremont.cablecast.tv/internetchannel/show/15994?site=1&seekto=2713
0:45:15.02,0:45:24.06,2715.02,2724.06,Candace Crawford,"Claremont School Board member (appointed 7/19/2023, re-elected March 2024); chair of the SRVRTC Visioning Committee - CHAIR'S RECOGNITIONS, each straight into this voice: 'Miss Crawford.' (19, 33, 285, 327) and 'Mr. Crawford.' (97, 194 - the ASR slipping Miss to Mr), every token at confidence 1.00. The chair also uses her first name twice, 'Candy, where did you see that?' (41, conf 1.00) and 'Chris, would you work with Candy' (50, conf 0.99), and confirms this voice as the seconder of the region ten motion ('seconded by Miss Crawford', 76) one segment after it says 'I'll second be happy to say' (75). She identifies herself as chair of the visioning committee ('as the chairperson of that, I'd be fine', 45), states her own no vote on the acting-title amendment ('I'll be voting. No... because I think the word acting should be in the title', 122), and the chair's tally names her among the two voting against (129). Her verbal tic 'I'd be happy to' (45, 75) also ties segment 20 to her","I don't think there are any, tech centers with two campuses in the state except ours. So that's why they're.",Speaker 1,https://reflect-claremont.cablecast.tv/internetchannel/show/15994?site=1&seekto=2715
0:45:24.06,0:45:25.30,2724.06,2725.30,Michael Petrin,"Claremont School Board member (returned as a write-in in the March 2024 election) - CHAIR'S RECOGNITIONS straight into this voice: 'Mr.. Peter.' (70, conf 1.00), 'Mr.. Peter.' (90, conf 0.86), 'Mr. Patron.' (159, 308, conf 1.00) and 'Mr. Peterson?' (336, conf 0.49) - the four-way ASR garble family for Petrin. The chair then names the mover of the region ten motion as 'Mr. Peters' (76) and asks 'Mike, would you like to restate the motion' (123, conf 1.00) immediately before this voice restates it (124); she says she is 'actually in agreement with Mike on this' (104) about the amendment this voice moved (100, 102). Her tally at 129 puts 'Mister Patron' among the three voting aye. He reports the ad hoc communications committee with 'a quick update from Frank and I' (337). Frank Sprague addresses him as 'Mike' (323)",Saying that's the other question.,Speaker 9,https://reflect-claremont.cablecast.tv/internetchannel/show/15994?site=1&seekto=2724
0:45:25.36,0:45:29.50,2725.36,2729.50,Mary Henry,"BUSINESS ADMINISTRATOR, Claremont School District / SAU 6 (started early July 2023) - DIRECT ADDRESS BY FIRST NAME, twice at conf 1.00: the chair, 'And I don't know if Mary I did a quick calculation' (294), and Arlene Hawkins closing her report, 'Did I say that correctly, Mr. Pratt? Mary.' (304), which this voice answers in the very next segment - 'Can I just make a comment? Remember, that number fluctuates every year because it's based 50% on assessed value and 50% on student ratio' (305). Her other runs are business-office content: state transportation reimbursement (56-69) and the SAU cost-sharing formula and how it would have to be changed (307). ONLY THE FIRST NAME 'Mary' IS SPOKEN in this file; the surname comes from the project record (the 11/30/2023 round-robin names 'Mary Henry, business administrator') and from the already-shipped 6/20/2024 CSV, where the chair introduces her as 'Miss Mary Henry, our business administrator'",Yeah. There is no other there is no other opportunity.,Speaker 8,https://reflect-claremont.cablecast.tv/internetchannel/show/15994?site=1&seekto=2725
0:45:29.72,0:45:31.50,2729.72,2731.50,Candace Crawford,"Claremont School Board member (appointed 7/19/2023, re-elected March 2024); chair of the SRVRTC Visioning Committee - CHAIR'S RECOGNITIONS, each straight into this voice: 'Miss Crawford.' (19, 33, 285, 327) and 'Mr. Crawford.' (97, 194 - the ASR slipping Miss to Mr), every token at confidence 1.00. The chair also uses her first name twice, 'Candy, where did you see that?' (41, conf 1.00) and 'Chris, would you work with Candy' (50, conf 0.99), and confirms this voice as the seconder of the region ten motion ('seconded by Miss Crawford', 76) one segment after it says 'I'll second be happy to say' (75). She identifies herself as chair of the visioning committee ('as the chairperson of that, I'd be fine', 45), states her own no vote on the acting-title amendment ('I'll be voting. No... because I think the word acting should be in the title', 122), and the chair's tally names her among the two voting against (129). Her verbal tic 'I'd be happy to' (45, 75) also ties segment 20 to her","Right, right.",Speaker 1,https://reflect-claremont.cablecast.tv/internetchannel/show/15994?site=1&seekto=2729
0:45:31.58,0:45:42.34,2731.58,2742.34,Heather Whitney,"CHAIR, Claremont School Board (re-elected chair at the 3/20/2024 organizational meeting) - SHE IS NEVER NAMED ANYWHERE ON THIS RECORDING; a name scan for Whitney/Heather returns ZERO hits. The identification is closed-set elimination plus the public record: she calls the meeting to order (1, 'the September 4th, 2024 Clermont School board meeting'), asks the clerk for the roll (2), runs every agenda item, gives every recognition in the file ('Miss Crawford'; 'Mr. Peter' / 'Mr. Peters' / 'Mr. Patron' / 'Mr. Peterson' for Petrin; 'Frank' and 'Mr. Sprague'; 'Arlene' and 'Miss Hawkins'; 'Mr. Pratt') and adjourns the meeting (346). Her own announced tally at 129 - 'Motion passes with, Mister Patron, Mister Sprague and myself, voting in the affirmative, and Miss Crawford and Miss Hawkins voting against' - places her outside Petrin, Sprague, Crawford and Hawkins, leaving only Heather Whitney, Whitney Skillen and Bonnie Miles of the seven-member 2024 board; neither Skillen nor Miles was ever chair, and vice chair Sprague is in the room and not presiding. She also says 'being on the board for as long as I have now' (209) and sets the agenda with the superintendent ('when Mr. Pratt and I discussed adding this on to the agenda 45 minutes before the meeting', 234). NOT Whitney Skillen, whose first name is Whitney; Skillen is not audible anywhere in this file",So I guess the the direction that I think you're looking for is do we give Mr.. What do we give Mr.. Pratt? R g that sounds like a good idea or we leave it to him to.,Speaker 2,https://reflect-claremont.cablecast.tv/internetchannel/show/15994?site=1&seekto=2731
0:45:42.38,0:45:47.02,2742.38,2747.02,Arlene Hawkins,"Claremont School Board member; CHAIR of the SAU 6 joint board (re-elected SAU chair 4/11/2024) - CHAIR'S RECOGNITIONS straight into this voice: 'Arlene. And then.' (191, conf 1.00) and 'Next item agenda is the exploratory subcommittee update. Miss Hawkins and Mr. Pratt.' (250, 'Hawkins' conf 1.00), after which this voice delivers that report in the first person - 'Mr. Pratt and I met quite a while, and we went through all of the financial components' (254). Frank Sprague names her while agreeing with her position ('again, I agree with Mrs. Hawkins', 201, conf 1.00). The chair's tally at 129 puts 'Miss Hawkins' among the two voting against, and this voice carries the 'Nay, nay' at 128. Her SAU chairmanship is on this tape too: the chair says 'it sounds like you're the chair. So maybe having this be an item' (330) and this voice answers 'I can share it at the next essay, you mean and it will go in the packet prior to the meeting' (333)",I have every faith in Mr.. Pratt. Yep. And for us.,Speaker 11,https://reflect-claremont.cablecast.tv/internetchannel/show/15994?site=1&seekto=2742
0:45:47.06,0:45:49.24,2747.06,2749.24,Chris Pratt,"SUPERINTENDENT OF SCHOOLS, SAU 6 - CHAIR'S RECOGNITIONS straight into this voice: 'The presentation will be from Mr. Pratt' (27), 'Mr. Pratt yeah.' (87) and 'Miss Hawkins and Mr. Pratt' (250), all at conf 1.00. Arlene Hawkins addresses him mid-report ('Did I say that correctly, Mr. Pratt?', 304) and vouches for him ('I have every faith in Mr. Pratt', 228); Candace Crawford says 'I talked to Superintendent Pratt before the meeting' (236); the chair calls him 'Chris' at 50. He speaks as superintendent in the first person: 'I do a lot of the oversight already as superintendent' (166), 'as a superintendent here, you know, in this district' (203), 'as a superintendent you're doing the work anyways' (183). He reports obtaining his level one CTE director/principal licence and lays out the three tech-center administration options. NOTE FOR THE RECORD, NOT HARMONISED: this voice also says 'I've known her for for many years and I've given her a lot of things over the years when I was a superintendent in, in Vermont' (206, 'Vermont' conf 1.00), 'I also know from working in Massachusetts and Vermont' (220), 'I'm still relatively new to the community' (231), 'being new around the table' (38) and 'my second week on' (35) - which sits oddly with the project record of Chris Pratt as the long-serving Stevens High School principal. Quoted as spoken; not reconciled here",She thinks.,Speaker 5,https://reflect-claremont.cablecast.tv/internetchannel/show/15994?site=1&seekto=2747
0:45:49.32,0:45:50.26,2749.32,2750.26,Arlene Hawkins,"Claremont School Board member; CHAIR of the SAU 6 joint board (re-elected SAU chair 4/11/2024) - CHAIR'S RECOGNITIONS straight into this voice: 'Arlene. And then.' (191, conf 1.00) and 'Next item agenda is the exploratory subcommittee update. Miss Hawkins and Mr. Pratt.' (250, 'Hawkins' conf 1.00), after which this voice delivers that report in the first person - 'Mr. Pratt and I met quite a while, and we went through all of the financial components' (254). Frank Sprague names her while agreeing with her position ('again, I agree with Mrs. Hawkins', 201, conf 1.00). The chair's tally at 129 puts 'Miss Hawkins' among the two voting against, and this voice carries the 'Nay, nay' at 128. Her SAU chairmanship is on this tape too: the chair says 'it sounds like you're the chair. So maybe having this be an item' (330) and this voice answers 'I can share it at the next essay, you mean and it will go in the packet prior to the meeting' (333)",Thought you could get off.,Speaker 11,https://reflect-claremont.cablecast.tv/internetchannel/show/15994?site=1&seekto=2749
0:45:50.26,0:46:08.10,2750.26,2768.10,Chris Pratt,"SUPERINTENDENT OF SCHOOLS, SAU 6 - CHAIR'S RECOGNITIONS straight into this voice: 'The presentation will be from Mr. Pratt' (27), 'Mr. Pratt yeah.' (87) and 'Miss Hawkins and Mr. Pratt' (250), all at conf 1.00. Arlene Hawkins addresses him mid-report ('Did I say that correctly, Mr. Pratt?', 304) and vouches for him ('I have every faith in Mr. Pratt', 228); Candace Crawford says 'I talked to Superintendent Pratt before the meeting' (236); the chair calls him 'Chris' at 50. He speaks as superintendent in the first person: 'I do a lot of the oversight already as superintendent' (166), 'as a superintendent here, you know, in this district' (203), 'as a superintendent you're doing the work anyways' (183). He reports obtaining his level one CTE director/principal licence and lays out the three tech-center administration options. NOTE FOR THE RECORD, NOT HARMONISED: this voice also says 'I've known her for for many years and I've given her a lot of things over the years when I was a superintendent in, in Vermont' (206, 'Vermont' conf 1.00), 'I also know from working in Massachusetts and Vermont' (220), 'I'm still relatively new to the community' (231), 'being new around the table' (38) and 'my second week on' (35) - which sits oddly with the project record of Chris Pratt as the long-serving Stevens High School principal. Quoted as spoken; not reconciled here","The hook. I just felt it important. I wanted to share the options out there. I'm really comfortable with any of them, but I'm still relatively new to the community and all the work that's been put into tech centers over the years, and I just want to make sure that I'm getting feedback that's going to help me make a decision based on the information.",Speaker 5,https://reflect-claremont.cablecast.tv/internetchannel/show/15994?site=1&seekto=2750
0:46:08.14,0:46:08.78,2768.14,2768.78,Arlene Hawkins,"Claremont School Board member; CHAIR of the SAU 6 joint board (re-elected SAU chair 4/11/2024) - CHAIR'S RECOGNITIONS straight into this voice: 'Arlene. And then.' (191, conf 1.00) and 'Next item agenda is the exploratory subcommittee update. Miss Hawkins and Mr. Pratt.' (250, 'Hawkins' conf 1.00), after which this voice delivers that report in the first person - 'Mr. Pratt and I met quite a while, and we went through all of the financial components' (254). Frank Sprague names her while agreeing with her position ('again, I agree with Mrs. Hawkins', 201, conf 1.00). The chair's tally at 129 puts 'Miss Hawkins' among the two voting against, and this voice carries the 'Nay, nay' at 128. Her SAU chairmanship is on this tape too: the chair says 'it sounds like you're the chair. So maybe having this be an item' (330) and this voice answers 'I can share it at the next essay, you mean and it will go in the packet prior to the meeting' (333)",What would be best.,Speaker 11,https://reflect-claremont.cablecast.tv/internetchannel/show/15994?site=1&seekto=2768
0:46:08.78,0:46:12.62,2768.78,2772.62,Candace Crawford,"Claremont School Board member (appointed 7/19/2023, re-elected March 2024); chair of the SRVRTC Visioning Committee - CHAIR'S RECOGNITIONS, each straight into this voice: 'Miss Crawford.' (19, 33, 285, 327) and 'Mr. Crawford.' (97, 194 - the ASR slipping Miss to Mr), every token at confidence 1.00. The chair also uses her first name twice, 'Candy, where did you see that?' (41, conf 1.00) and 'Chris, would you work with Candy' (50, conf 0.99), and confirms this voice as the seconder of the region ten motion ('seconded by Miss Crawford', 76) one segment after it says 'I'll second be happy to say' (75). She identifies herself as chair of the visioning committee ('as the chairperson of that, I'd be fine', 45), states her own no vote on the acting-title amendment ('I'll be voting. No... because I think the word acting should be in the title', 122), and the chair's tally names her among the two voting against (129). Her verbal tic 'I'd be happy to' (45, 75) also ties segment 20 to her","For what, a strong program and whatever it takes to get there, get it done.",Speaker 1,https://reflect-claremont.cablecast.tv/internetchannel/show/15994?site=1&seekto=2768
0:46:12.82,0:46:33.98,2772.82,2793.98,Heather Whitney,"CHAIR, Claremont School Board (re-elected chair at the 3/20/2024 organizational meeting) - SHE IS NEVER NAMED ANYWHERE ON THIS RECORDING; a name scan for Whitney/Heather returns ZERO hits. The identification is closed-set elimination plus the public record: she calls the meeting to order (1, 'the September 4th, 2024 Clermont School board meeting'), asks the clerk for the roll (2), runs every agenda item, gives every recognition in the file ('Miss Crawford'; 'Mr. Peter' / 'Mr. Peters' / 'Mr. Patron' / 'Mr. Peterson' for Petrin; 'Frank' and 'Mr. Sprague'; 'Arlene' and 'Miss Hawkins'; 'Mr. Pratt') and adjourns the meeting (346). Her own announced tally at 129 - 'Motion passes with, Mister Patron, Mister Sprague and myself, voting in the affirmative, and Miss Crawford and Miss Hawkins voting against' - places her outside Petrin, Sprague, Crawford and Hawkins, leaving only Heather Whitney, Whitney Skillen and Bonnie Miles of the seven-member 2024 board; neither Skillen nor Miles was ever chair, and vice chair Sprague is in the room and not presiding. She also says 'being on the board for as long as I have now' (209) and sets the agenda with the superintendent ('when Mr. Pratt and I discussed adding this on to the agenda 45 minutes before the meeting', 234). NOT Whitney Skillen, whose first name is Whitney; Skillen is not audible anywhere in this file","Just for an FYI for the board, when Mr. Pratt and I discussed adding this on to the agenda 45 minutes before the meeting,  I did chalk at request that, Miss Harrington come to the board within the next few months to give a presentation kind of an onboarding  or a this is what I'm looking to do. This is my plans.",Speaker 2,https://reflect-claremont.cablecast.tv/internetchannel/show/15994?site=1&seekto=2772
0:46:33.98,0:46:39.02,2793.98,2799.02,Heather Whitney,"CHAIR, Claremont School Board (re-elected chair at the 3/20/2024 organizational meeting) - SHE IS NEVER NAMED ANYWHERE ON THIS RECORDING; a name scan for Whitney/Heather returns ZERO hits. The identification is closed-set elimination plus the public record: she calls the meeting to order (1, 'the September 4th, 2024 Clermont School board meeting'), asks the clerk for the roll (2), runs every agenda item, gives every recognition in the file ('Miss Crawford'; 'Mr. Peter' / 'Mr. Peters' / 'Mr. Patron' / 'Mr. Peterson' for Petrin; 'Frank' and 'Mr. Sprague'; 'Arlene' and 'Miss Hawkins'; 'Mr. Pratt') and adjourns the meeting (346). Her own announced tally at 129 - 'Motion passes with, Mister Patron, Mister Sprague and myself, voting in the affirmative, and Miss Crawford and Miss Hawkins voting against' - places her outside Petrin, Sprague, Crawford and Hawkins, leaving only Heather Whitney, Whitney Skillen and Bonnie Miles of the seven-member 2024 board; neither Skillen nor Miles was ever chair, and vice chair Sprague is in the room and not presiding. She also says 'being on the board for as long as I have now' (209) and sets the agenda with the superintendent ('when Mr. Pratt and I discussed adding this on to the agenda 45 minutes before the meeting', 234). NOT Whitney Skillen, whose first name is Whitney; Skillen is not audible anywhere in this file","This is what I've done so far. So we can get a sense of,",Speaker 2,https://reflect-claremont.cablecast.tv/internetchannel/show/15994?site=1&seekto=2793
0:46:39.10,0:46:53.14,2799.10,2813.14,Candace Crawford,"Claremont School Board member (appointed 7/19/2023, re-elected March 2024); chair of the SRVRTC Visioning Committee - CHAIR'S RECOGNITIONS, each straight into this voice: 'Miss Crawford.' (19, 33, 285, 327) and 'Mr. Crawford.' (97, 194 - the ASR slipping Miss to Mr), every token at confidence 1.00. The chair also uses her first name twice, 'Candy, where did you see that?' (41, conf 1.00) and 'Chris, would you work with Candy' (50, conf 0.99), and confirms this voice as the seconder of the region ten motion ('seconded by Miss Crawford', 76) one segment after it says 'I'll second be happy to say' (75). She identifies herself as chair of the visioning committee ('as the chairperson of that, I'd be fine', 45), states her own no vote on the acting-title amendment ('I'll be voting. No... because I think the word acting should be in the title', 122), and the chair's tally names her among the two voting against (129). Her verbal tic 'I'd be happy to' (45, 75) also ties segment 20 to her","Also of I talked to Superintendent Pratt before the meeting, and we talked about having the visioning subcommittee meet and having Miss Harrington come and meet with the vision subcommittee.",Speaker 1,https://reflect-claremont.cablecast.tv/internetchannel/show/15994?site=1&seekto=2799
0:46:53.22,0:46:57.44,2813.22,2817.44,Heather Whitney,"CHAIR, Claremont School Board (re-elected chair at the 3/20/2024 organizational meeting) - SHE IS NEVER NAMED ANYWHERE ON THIS RECORDING; a name scan for Whitney/Heather returns ZERO hits. The identification is closed-set elimination plus the public record: she calls the meeting to order (1, 'the September 4th, 2024 Clermont School board meeting'), asks the clerk for the roll (2), runs every agenda item, gives every recognition in the file ('Miss Crawford'; 'Mr. Peter' / 'Mr. Peters' / 'Mr. Patron' / 'Mr. Peterson' for Petrin; 'Frank' and 'Mr. Sprague'; 'Arlene' and 'Miss Hawkins'; 'Mr. Pratt') and adjourns the meeting (346). Her own announced tally at 129 - 'Motion passes with, Mister Patron, Mister Sprague and myself, voting in the affirmative, and Miss Crawford and Miss Hawkins voting against' - places her outside Petrin, Sprague, Crawford and Hawkins, leaving only Heather Whitney, Whitney Skillen and Bonnie Miles of the seven-member 2024 board; neither Skillen nor Miles was ever chair, and vice chair Sprague is in the room and not presiding. She also says 'being on the board for as long as I have now' (209) and sets the agenda with the superintendent ('when Mr. Pratt and I discussed adding this on to the agenda 45 minutes before the meeting', 234). NOT Whitney Skillen, whose first name is Whitney; Skillen is not audible anywhere in this file","She can be your, administrative liaison person. Now, that makes.",Speaker 2,https://reflect-claremont.cablecast.tv/internetchannel/show/15994?site=1&seekto=2813
0:46:57.58,0:46:58.66,2817.58,2818.66,Candace Crawford,"Claremont School Board member (appointed 7/19/2023, re-elected March 2024); chair of the SRVRTC Visioning Committee - CHAIR'S RECOGNITIONS, each straight into this voice: 'Miss Crawford.' (19, 33, 285, 327) and 'Mr. Crawford.' (97, 194 - the ASR slipping Miss to Mr), every token at confidence 1.00. The chair also uses her first name twice, 'Candy, where did you see that?' (41, conf 1.00) and 'Chris, would you work with Candy' (50, conf 0.99), and confirms this voice as the seconder of the region ten motion ('seconded by Miss Crawford', 76) one segment after it says 'I'll second be happy to say' (75). She identifies herself as chair of the visioning committee ('as the chairperson of that, I'd be fine', 45), states her own no vote on the acting-title amendment ('I'll be voting. No... because I think the word acting should be in the title', 122), and the chair's tally names her among the two voting against (129). Her verbal tic 'I'd be happy to' (45, 75) also ties segment 20 to her","Well, we'll see.",Speaker 1,https://reflect-claremont.cablecast.tv/internetchannel/show/15994?site=1&seekto=2817
0:46:58.74,0:47:01.70,2818.74,2821.70,Arlene Hawkins,"Claremont School Board member; CHAIR of the SAU 6 joint board (re-elected SAU chair 4/11/2024) - CHAIR'S RECOGNITIONS straight into this voice: 'Arlene. And then.' (191, conf 1.00) and 'Next item agenda is the exploratory subcommittee update. Miss Hawkins and Mr. Pratt.' (250, 'Hawkins' conf 1.00), after which this voice delivers that report in the first person - 'Mr. Pratt and I met quite a while, and we went through all of the financial components' (254). Frank Sprague names her while agreeing with her position ('again, I agree with Mrs. Hawkins', 201, conf 1.00). The chair's tally at 129 puts 'Miss Hawkins' among the two voting against, and this voice carries the 'Nay, nay' at 128. Her SAU chairmanship is on this tape too: the chair says 'it sounds like you're the chair. So maybe having this be an item' (330) and this voice answers 'I can share it at the next essay, you mean and it will go in the packet prior to the meeting' (333)",Are there any budgetary is there any budgetary impact?,Speaker 11,https://reflect-claremont.cablecast.tv/internetchannel/show/15994?site=1&seekto=2818
0:47:01.74,0:47:03.30,2821.74,2823.30,Heather Whitney,"CHAIR, Claremont School Board (re-elected chair at the 3/20/2024 organizational meeting) - SHE IS NEVER NAMED ANYWHERE ON THIS RECORDING; a name scan for Whitney/Heather returns ZERO hits. The identification is closed-set elimination plus the public record: she calls the meeting to order (1, 'the September 4th, 2024 Clermont School board meeting'), asks the clerk for the roll (2), runs every agenda item, gives every recognition in the file ('Miss Crawford'; 'Mr. Peter' / 'Mr. Peters' / 'Mr. Patron' / 'Mr. Peterson' for Petrin; 'Frank' and 'Mr. Sprague'; 'Arlene' and 'Miss Hawkins'; 'Mr. Pratt') and adjourns the meeting (346). Her own announced tally at 129 - 'Motion passes with, Mister Patron, Mister Sprague and myself, voting in the affirmative, and Miss Crawford and Miss Hawkins voting against' - places her outside Petrin, Sprague, Crawford and Hawkins, leaving only Heather Whitney, Whitney Skillen and Bonnie Miles of the seven-member 2024 board; neither Skillen nor Miles was ever chair, and vice chair Sprague is in the room and not presiding. She also says 'being on the board for as long as I have now' (209) and sets the agenda with the superintendent ('when Mr. Pratt and I discussed adding this on to the agenda 45 minutes before the meeting', 234). NOT Whitney Skillen, whose first name is Whitney; Skillen is not audible anywhere in this file",Only positive if.,Speaker 2,https://reflect-claremont.cablecast.tv/internetchannel/show/15994?site=1&seekto=2821
0:47:03.38,0:47:05.70,2823.38,2825.70,Candace Crawford,"Claremont School Board member (appointed 7/19/2023, re-elected March 2024); chair of the SRVRTC Visioning Committee - CHAIR'S RECOGNITIONS, each straight into this voice: 'Miss Crawford.' (19, 33, 285, 327) and 'Mr. Crawford.' (97, 194 - the ASR slipping Miss to Mr), every token at confidence 1.00. The chair also uses her first name twice, 'Candy, where did you see that?' (41, conf 1.00) and 'Chris, would you work with Candy' (50, conf 0.99), and confirms this voice as the seconder of the region ten motion ('seconded by Miss Crawford', 76) one segment after it says 'I'll second be happy to say' (75). She identifies herself as chair of the visioning committee ('as the chairperson of that, I'd be fine', 45), states her own no vote on the acting-title amendment ('I'll be voting. No... because I think the word acting should be in the title', 122), and the chair's tally names her among the two voting against (129). Her verbal tic 'I'd be happy to' (45, 75) also ties segment 20 to her",The positive impacts were not spending money.,Speaker 1,https://reflect-claremont.cablecast.tv/internetchannel/show/15994?site=1&seekto=2823
0:47:05.74,0:47:14.62,2825.74,2834.62,Heather Whitney,"CHAIR, Claremont School Board (re-elected chair at the 3/20/2024 organizational meeting) - SHE IS NEVER NAMED ANYWHERE ON THIS RECORDING; a name scan for Whitney/Heather returns ZERO hits. The identification is closed-set elimination plus the public record: she calls the meeting to order (1, 'the September 4th, 2024 Clermont School board meeting'), asks the clerk for the roll (2), runs every agenda item, gives every recognition in the file ('Miss Crawford'; 'Mr. Peter' / 'Mr. Peters' / 'Mr. Patron' / 'Mr. Peterson' for Petrin; 'Frank' and 'Mr. Sprague'; 'Arlene' and 'Miss Hawkins'; 'Mr. Pratt') and adjourns the meeting (346). Her own announced tally at 129 - 'Motion passes with, Mister Patron, Mister Sprague and myself, voting in the affirmative, and Miss Crawford and Miss Hawkins voting against' - places her outside Petrin, Sprague, Crawford and Hawkins, leaving only Heather Whitney, Whitney Skillen and Bonnie Miles of the seven-member 2024 board; neither Skillen nor Miles was ever chair, and vice chair Sprague is in the room and not presiding. She also says 'being on the board for as long as I have now' (209) and sets the agenda with the superintendent ('when Mr. Pratt and I discussed adding this on to the agenda 45 minutes before the meeting', 234). NOT Whitney Skillen, whose first name is Whitney; Skillen is not audible anywhere in this file","Correct? Well, because we wouldn't be spending, miss Harrington, salary is not as substantial as the directors.",Speaker 2,https://reflect-claremont.cablecast.tv/internetchannel/show/15994?site=1&seekto=2825
0:47:14.82,0:47:17.10,2834.82,2837.10,Arlene Hawkins,"Claremont School Board member; CHAIR of the SAU 6 joint board (re-elected SAU chair 4/11/2024) - CHAIR'S RECOGNITIONS straight into this voice: 'Arlene. And then.' (191, conf 1.00) and 'Next item agenda is the exploratory subcommittee update. Miss Hawkins and Mr. Pratt.' (250, 'Hawkins' conf 1.00), after which this voice delivers that report in the first person - 'Mr. Pratt and I met quite a while, and we went through all of the financial components' (254). Frank Sprague names her while agreeing with her position ('again, I agree with Mrs. Hawkins', 201, conf 1.00). The chair's tally at 129 puts 'Miss Hawkins' among the two voting against, and this voice carries the 'Nay, nay' at 128. Her SAU chairmanship is on this tape too: the chair says 'it sounds like you're the chair. So maybe having this be an item' (330) and this voice answers 'I can share it at the next essay, you mean and it will go in the packet prior to the meeting' (333)",And she's also doing the career.,Speaker 11,https://reflect-claremont.cablecast.tv/internetchannel/show/15994?site=1&seekto=2834
0:47:17.14,0:47:18.46,2837.14,2838.46,Heather Whitney,"CHAIR, Claremont School Board (re-elected chair at the 3/20/2024 organizational meeting) - SHE IS NEVER NAMED ANYWHERE ON THIS RECORDING; a name scan for Whitney/Heather returns ZERO hits. The identification is closed-set elimination plus the public record: she calls the meeting to order (1, 'the September 4th, 2024 Clermont School board meeting'), asks the clerk for the roll (2), runs every agenda item, gives every recognition in the file ('Miss Crawford'; 'Mr. Peter' / 'Mr. Peters' / 'Mr. Patron' / 'Mr. Peterson' for Petrin; 'Frank' and 'Mr. Sprague'; 'Arlene' and 'Miss Hawkins'; 'Mr. Pratt') and adjourns the meeting (346). Her own announced tally at 129 - 'Motion passes with, Mister Patron, Mister Sprague and myself, voting in the affirmative, and Miss Crawford and Miss Hawkins voting against' - places her outside Petrin, Sprague, Crawford and Hawkins, leaving only Heather Whitney, Whitney Skillen and Bonnie Miles of the seven-member 2024 board; neither Skillen nor Miles was ever chair, and vice chair Sprague is in the room and not presiding. She also says 'being on the board for as long as I have now' (209) and sets the agenda with the superintendent ('when Mr. Pratt and I discussed adding this on to the agenda 45 minutes before the meeting', 234). NOT Whitney Skillen, whose first name is Whitney; Skillen is not audible anywhere in this file",She would be doing both roles.,Speaker 2,https://reflect-claremont.cablecast.tv/internetchannel/show/15994?site=1&seekto=2837
0:47:18.50,0:47:19.70,2838.50,2839.70,Arlene Hawkins,"Claremont School Board member; CHAIR of the SAU 6 joint board (re-elected SAU chair 4/11/2024) - CHAIR'S RECOGNITIONS straight into this voice: 'Arlene. And then.' (191, conf 1.00) and 'Next item agenda is the exploratory subcommittee update. Miss Hawkins and Mr. Pratt.' (250, 'Hawkins' conf 1.00), after which this voice delivers that report in the first person - 'Mr. Pratt and I met quite a while, and we went through all of the financial components' (254). Frank Sprague names her while agreeing with her position ('again, I agree with Mrs. Hawkins', 201, conf 1.00). The chair's tally at 129 puts 'Miss Hawkins' among the two voting against, and this voice carries the 'Nay, nay' at 128. Her SAU chairmanship is on this tape too: the chair says 'it sounds like you're the chair. So maybe having this be an item' (330) and this voice answers 'I can share it at the next essay, you mean and it will go in the packet prior to the meeting' (333)",As part of her job.,Speaker 11,https://reflect-claremont.cablecast.tv/internetchannel/show/15994?site=1&seekto=2838
0:47:19.86,0:47:23.30,2839.86,2843.30,Heather Whitney,"CHAIR, Claremont School Board (re-elected chair at the 3/20/2024 organizational meeting) - SHE IS NEVER NAMED ANYWHERE ON THIS RECORDING; a name scan for Whitney/Heather returns ZERO hits. The identification is closed-set elimination plus the public record: she calls the meeting to order (1, 'the September 4th, 2024 Clermont School board meeting'), asks the clerk for the roll (2), runs every agenda item, gives every recognition in the file ('Miss Crawford'; 'Mr. Peter' / 'Mr. Peters' / 'Mr. Patron' / 'Mr. Peterson' for Petrin; 'Frank' and 'Mr. Sprague'; 'Arlene' and 'Miss Hawkins'; 'Mr. Pratt') and adjourns the meeting (346). Her own announced tally at 129 - 'Motion passes with, Mister Patron, Mister Sprague and myself, voting in the affirmative, and Miss Crawford and Miss Hawkins voting against' - places her outside Petrin, Sprague, Crawford and Hawkins, leaving only Heather Whitney, Whitney Skillen and Bonnie Miles of the seven-member 2024 board; neither Skillen nor Miles was ever chair, and vice chair Sprague is in the room and not presiding. She also says 'being on the board for as long as I have now' (209) and sets the agenda with the superintendent ('when Mr. Pratt and I discussed adding this on to the agenda 45 minutes before the meeting', 234). NOT Whitney Skillen, whose first name is Whitney; Skillen is not audible anywhere in this file",As part of her job. So it would be a net positive for the.,Speaker 2,https://reflect-claremont.cablecast.tv/internetchannel/show/15994?site=1&seekto=2839
0:47:23.38,0:47:23.78,2843.38,2843.78,Arlene Hawkins,"Claremont School Board member; CHAIR of the SAU 6 joint board (re-elected SAU chair 4/11/2024) - CHAIR'S RECOGNITIONS straight into this voice: 'Arlene. And then.' (191, conf 1.00) and 'Next item agenda is the exploratory subcommittee update. Miss Hawkins and Mr. Pratt.' (250, 'Hawkins' conf 1.00), after which this voice delivers that report in the first person - 'Mr. Pratt and I met quite a while, and we went through all of the financial components' (254). Frank Sprague names her while agreeing with her position ('again, I agree with Mrs. Hawkins', 201, conf 1.00). The chair's tally at 129 puts 'Miss Hawkins' among the two voting against, and this voice carries the 'Nay, nay' at 128. Her SAU chairmanship is on this tape too: the chair says 'it sounds like you're the chair. So maybe having this be an item' (330) and this voice answers 'I can share it at the next essay, you mean and it will go in the packet prior to the meeting' (333)",Okay.,Speaker 11,https://reflect-claremont.cablecast.tv/internetchannel/show/15994?site=1&seekto=2843
0:47:23.94,0:47:24.82,2843.94,2844.82,Heather Whitney,"CHAIR, Claremont School Board (re-elected chair at the 3/20/2024 organizational meeting) - SHE IS NEVER NAMED ANYWHERE ON THIS RECORDING; a name scan for Whitney/Heather returns ZERO hits. The identification is closed-set elimination plus the public record: she calls the meeting to order (1, 'the September 4th, 2024 Clermont School board meeting'), asks the clerk for the roll (2), runs every agenda item, gives every recognition in the file ('Miss Crawford'; 'Mr. Peter' / 'Mr. Peters' / 'Mr. Patron' / 'Mr. Peterson' for Petrin; 'Frank' and 'Mr. Sprague'; 'Arlene' and 'Miss Hawkins'; 'Mr. Pratt') and adjourns the meeting (346). Her own announced tally at 129 - 'Motion passes with, Mister Patron, Mister Sprague and myself, voting in the affirmative, and Miss Crawford and Miss Hawkins voting against' - places her outside Petrin, Sprague, Crawford and Hawkins, leaving only Heather Whitney, Whitney Skillen and Bonnie Miles of the seven-member 2024 board; neither Skillen nor Miles was ever chair, and vice chair Sprague is in the room and not presiding. She also says 'being on the board for as long as I have now' (209) and sets the agenda with the superintendent ('when Mr. Pratt and I discussed adding this on to the agenda 45 minutes before the meeting', 234). NOT Whitney Skillen, whose first name is Whitney; Skillen is not audible anywhere in this file","Thank you, district.",Speaker 2,https://reflect-claremont.cablecast.tv/internetchannel/show/15994?site=1&seekto=2843
0:47:24.82,0:47:28.48,2844.82,2848.48,Arlene Hawkins,"Claremont School Board member; CHAIR of the SAU 6 joint board (re-elected SAU chair 4/11/2024) - CHAIR'S RECOGNITIONS straight into this voice: 'Arlene. And then.' (191, conf 1.00) and 'Next item agenda is the exploratory subcommittee update. Miss Hawkins and Mr. Pratt.' (250, 'Hawkins' conf 1.00), after which this voice delivers that report in the first person - 'Mr. Pratt and I met quite a while, and we went through all of the financial components' (254). Frank Sprague names her while agreeing with her position ('again, I agree with Mrs. Hawkins', 201, conf 1.00). The chair's tally at 129 puts 'Miss Hawkins' among the two voting against, and this voice carries the 'Nay, nay' at 128. Her SAU chairmanship is on this tape too: the chair says 'it sounds like you're the chair. So maybe having this be an item' (330) and this voice answers 'I can share it at the next essay, you mean and it will go in the packet prior to the meeting' (333)",Financially. Go for it.,Speaker 11,https://reflect-claremont.cablecast.tv/internetchannel/show/15994?site=1&seekto=2844
0:47:28.56,0:47:45.18,2848.56,2865.18,Heather Whitney,"CHAIR, Claremont School Board (re-elected chair at the 3/20/2024 organizational meeting) - SHE IS NEVER NAMED ANYWHERE ON THIS RECORDING; a name scan for Whitney/Heather returns ZERO hits. The identification is closed-set elimination plus the public record: she calls the meeting to order (1, 'the September 4th, 2024 Clermont School board meeting'), asks the clerk for the roll (2), runs every agenda item, gives every recognition in the file ('Miss Crawford'; 'Mr. Peter' / 'Mr. Peters' / 'Mr. Patron' / 'Mr. Peterson' for Petrin; 'Frank' and 'Mr. Sprague'; 'Arlene' and 'Miss Hawkins'; 'Mr. Pratt') and adjourns the meeting (346). Her own announced tally at 129 - 'Motion passes with, Mister Patron, Mister Sprague and myself, voting in the affirmative, and Miss Crawford and Miss Hawkins voting against' - places her outside Petrin, Sprague, Crawford and Hawkins, leaving only Heather Whitney, Whitney Skillen and Bonnie Miles of the seven-member 2024 board; neither Skillen nor Miles was ever chair, and vice chair Sprague is in the room and not presiding. She also says 'being on the board for as long as I have now' (209) and sets the agenda with the superintendent ('when Mr. Pratt and I discussed adding this on to the agenda 45 minutes before the meeting', 234). NOT Whitney Skillen, whose first name is Whitney; Skillen is not audible anywhere in this file","Okay, good. Anybody have any other  comments they want to make before we move on? Next item agenda is the exploratory subcommittee update. Miss Hawkins and Mr. Pratt.",Speaker 2,https://reflect-claremont.cablecast.tv/internetchannel/show/15994?site=1&seekto=2848
0:47:45.26,0:47:45.66,2865.26,2865.66,Arlene Hawkins,"Claremont School Board member; CHAIR of the SAU 6 joint board (re-elected SAU chair 4/11/2024) - CHAIR'S RECOGNITIONS straight into this voice: 'Arlene. And then.' (191, conf 1.00) and 'Next item agenda is the exploratory subcommittee update. Miss Hawkins and Mr. Pratt.' (250, 'Hawkins' conf 1.00), after which this voice delivers that report in the first person - 'Mr. Pratt and I met quite a while, and we went through all of the financial components' (254). Frank Sprague names her while agreeing with her position ('again, I agree with Mrs. Hawkins', 201, conf 1.00). The chair's tally at 129 puts 'Miss Hawkins' among the two voting against, and this voice carries the 'Nay, nay' at 128. Her SAU chairmanship is on this tape too: the chair says 'it sounds like you're the chair. So maybe having this be an item' (330) and this voice answers 'I can share it at the next essay, you mean and it will go in the packet prior to the meeting' (333)",You have.,Speaker 11,https://reflect-claremont.cablecast.tv/internetchannel/show/15994?site=1&seekto=2865
0:47:45.66,0:47:45.78,2865.66,2865.78,Arlene Hawkins,"Claremont School Board member - a 0.12 s fragment ('In.') completing her false start 'You have.' (251) with a 0.00 s gap, before Pratt tells her to carry on (253) and she restarts with 'you have in your packet a copy of the minutes' (254)",In.,Speaker 8,https://reflect-claremont.cablecast.tv/internetchannel/show/15994?site=1&seekto=2865
0:47:45.78,0:47:48.86,2865.78,2868.86,Chris Pratt,"SUPERINTENDENT OF SCHOOLS, SAU 6 - CHAIR'S RECOGNITIONS straight into this voice: 'The presentation will be from Mr. Pratt' (27), 'Mr. Pratt yeah.' (87) and 'Miss Hawkins and Mr. Pratt' (250), all at conf 1.00. Arlene Hawkins addresses him mid-report ('Did I say that correctly, Mr. Pratt?', 304) and vouches for him ('I have every faith in Mr. Pratt', 228); Candace Crawford says 'I talked to Superintendent Pratt before the meeting' (236); the chair calls him 'Chris' at 50. He speaks as superintendent in the first person: 'I do a lot of the oversight already as superintendent' (166), 'as a superintendent here, you know, in this district' (203), 'as a superintendent you're doing the work anyways' (183). He reports obtaining his level one CTE director/principal licence and lays out the three tech-center administration options. NOTE FOR THE RECORD, NOT HARMONISED: this voice also says 'I've known her for for many years and I've given her a lot of things over the years when I was a superintendent in, in Vermont' (206, 'Vermont' conf 1.00), 'I also know from working in Massachusetts and Vermont' (220), 'I'm still relatively new to the community' (231), 'being new around the table' (38) and 'my second week on' (35) - which sits oddly with the project record of Chris Pratt as the long-serving Stevens High School principal. Quoted as spoken; not reconciled here","Your winded right now, so go ahead. I'll catch up with you.",Speaker 5,https://reflect-claremont.cablecast.tv/internetchannel/show/15994?site=1&seekto=2865
0:47:48.94,0:48:18.94,2868.94,2898.94,Arlene Hawkins,"Claremont School Board member; CHAIR of the SAU 6 joint board (re-elected SAU chair 4/11/2024) - CHAIR'S RECOGNITIONS straight into this voice: 'Arlene. And then.' (191, conf 1.00) and 'Next item agenda is the exploratory subcommittee update. Miss Hawkins and Mr. Pratt.' (250, 'Hawkins' conf 1.00), after which this voice delivers that report in the first person - 'Mr. Pratt and I met quite a while, and we went through all of the financial components' (254). Frank Sprague names her while agreeing with her position ('again, I agree with Mrs. Hawkins', 201, conf 1.00). The chair's tally at 129 puts 'Miss Hawkins' among the two voting against, and this voice carries the 'Nay, nay' at 128. Her SAU chairmanship is on this tape too: the chair says 'it sounds like you're the chair. So maybe having this be an item' (330) and this voice answers 'I can share it at the next essay, you mean and it will go in the packet prior to the meeting' (333)","Feel free to pop in at any time you have in your packet a copy of the minutes of our  exploratory ad hoc subcommittee, which the board created in the beginning of August. And Mr. Pratt and I met quite a while, and we went through all of the financial components and then looked at the implication for unity if they decide to remain as part of the or should be a community vote to leave the essay you.",Speaker 11,https://reflect-claremont.cablecast.tv/internetchannel/show/15994?site=1&seekto=2868
0:48:19.02,0:48:47.82,2899.02,2927.82,Arlene Hawkins,"Claremont School Board member; CHAIR of the SAU 6 joint board (re-elected SAU chair 4/11/2024) - CHAIR'S RECOGNITIONS straight into this voice: 'Arlene. And then.' (191, conf 1.00) and 'Next item agenda is the exploratory subcommittee update. Miss Hawkins and Mr. Pratt.' (250, 'Hawkins' conf 1.00), after which this voice delivers that report in the first person - 'Mr. Pratt and I met quite a while, and we went through all of the financial components' (254). Frank Sprague names her while agreeing with her position ('again, I agree with Mrs. Hawkins', 201, conf 1.00). The chair's tally at 129 puts 'Miss Hawkins' among the two voting against, and this voice carries the 'Nay, nay' at 128. Her SAU chairmanship is on this tape too: the chair says 'it sounds like you're the chair. So maybe having this be an item' (330) and this voice answers 'I can share it at the next essay, you mean and it will go in the packet prior to the meeting' (333)","So on your first page, you'll see that they currently contribute 7.8% of the saw  costs for the city administration and staff, and that comes out to one up. Well, I'm going to say 193,000. It might be a little less, might be a little more, but we tended to round off. So there have been concerns about the time that has been allocated to unity  receiving.",Speaker 11,https://reflect-claremont.cablecast.tv/internetchannel/show/15994?site=1&seekto=2899
0:48:47.86,0:49:21.02,2927.86,2961.02,Arlene Hawkins,"Claremont School Board member; CHAIR of the SAU 6 joint board (re-elected SAU chair 4/11/2024) - CHAIR'S RECOGNITIONS straight into this voice: 'Arlene. And then.' (191, conf 1.00) and 'Next item agenda is the exploratory subcommittee update. Miss Hawkins and Mr. Pratt.' (250, 'Hawkins' conf 1.00), after which this voice delivers that report in the first person - 'Mr. Pratt and I met quite a while, and we went through all of the financial components' (254). Frank Sprague names her while agreeing with her position ('again, I agree with Mrs. Hawkins', 201, conf 1.00). The chair's tally at 129 puts 'Miss Hawkins' among the two voting against, and this voice carries the 'Nay, nay' at 128. Her SAU chairmanship is on this tape too: the chair says 'it sounds like you're the chair. So maybe having this be an item' (330) and this voice answers 'I can share it at the next essay, you mean and it will go in the packet prior to the meeting' (333)","I saw services, so we began with well should they decide they need more time, unity, unity. So unity would have the opportunity to, if they choose, as part of their budget process to increase the amount  of, say, time without any additional hiring by unity, that would reduce the percentage that Claremont would receive because there's only 100% total. So we just put that in there.",Speaker 11,https://reflect-claremont.cablecast.tv/internetchannel/show/15994?site=1&seekto=2927
0:49:21.10,0:50:03.42,2961.10,3003.42,Arlene Hawkins,"Claremont School Board member; CHAIR of the SAU 6 joint board (re-elected SAU chair 4/11/2024) - CHAIR'S RECOGNITIONS straight into this voice: 'Arlene. And then.' (191, conf 1.00) and 'Next item agenda is the exploratory subcommittee update. Miss Hawkins and Mr. Pratt.' (250, 'Hawkins' conf 1.00), after which this voice delivers that report in the first person - 'Mr. Pratt and I met quite a while, and we went through all of the financial components' (254). Frank Sprague names her while agreeing with her position ('again, I agree with Mrs. Hawkins', 201, conf 1.00). The chair's tally at 129 puts 'Miss Hawkins' among the two voting against, and this voice carries the 'Nay, nay' at 128. Her SAU chairmanship is on this tape too: the chair says 'it sounds like you're the chair. So maybe having this be an item' (330) and this voice answers 'I can share it at the next essay, you mean and it will go in the packet prior to the meeting' (333)","Then we looked at should unity the community vote to leave the saw, there would be $193,000 loss from the budget for Claremont. Claremont would receive 100% of the administration and staff time. It would not impact enrollment, tuition. And then there would be ways that we would have to find two  absorb that loss.  And we talked about possibly at the essay level or at the building level, local individual budgets impacting possibly professional development, reducing support services,  possibly reducing positions.",Speaker 11,https://reflect-claremont.cablecast.tv/internetchannel/show/15994?site=1&seekto=2961
0:50:03.42,0:50:28.86,3003.42,3028.86,Arlene Hawkins,"Claremont School Board member; CHAIR of the SAU 6 joint board (re-elected SAU chair 4/11/2024) - CHAIR'S RECOGNITIONS straight into this voice: 'Arlene. And then.' (191, conf 1.00) and 'Next item agenda is the exploratory subcommittee update. Miss Hawkins and Mr. Pratt.' (250, 'Hawkins' conf 1.00), after which this voice delivers that report in the first person - 'Mr. Pratt and I met quite a while, and we went through all of the financial components' (254). Frank Sprague names her while agreeing with her position ('again, I agree with Mrs. Hawkins', 201, conf 1.00). The chair's tally at 129 puts 'Miss Hawkins' among the two voting against, and this voice carries the 'Nay, nay' at 128. Her SAU chairmanship is on this tape too: the chair says 'it sounds like you're the chair. So maybe having this be an item' (330) and this voice answers 'I can share it at the next essay, you mean and it will go in the packet prior to the meeting' (333)","None of it is pretty. None of it is anything that any of us would like to talk, because we don't have any cushioning in the budget currently. So that's on page two of the minutes. Then Roman numeral three, also on page two is if should Unity and Claremont remain as the essay you six so the budget would remain the same.",Speaker 11,https://reflect-claremont.cablecast.tv/internetchannel/show/15994?site=1&seekto=3003
0:50:28.94,0:51:05.86,3028.94,3065.86,Arlene Hawkins,"Claremont School Board member; CHAIR of the SAU 6 joint board (re-elected SAU chair 4/11/2024) - CHAIR'S RECOGNITIONS straight into this voice: 'Arlene. And then.' (191, conf 1.00) and 'Next item agenda is the exploratory subcommittee update. Miss Hawkins and Mr. Pratt.' (250, 'Hawkins' conf 1.00), after which this voice delivers that report in the first person - 'Mr. Pratt and I met quite a while, and we went through all of the financial components' (254). Frank Sprague names her while agreeing with her position ('again, I agree with Mrs. Hawkins', 201, conf 1.00). The chair's tally at 129 puts 'Miss Hawkins' among the two voting against, and this voice carries the 'Nay, nay' at 128. Her SAU chairmanship is on this tape too: the chair says 'it sounds like you're the chair. So maybe having this be an item' (330) and this voice answers 'I can share it at the next essay, you mean and it will go in the packet prior to the meeting' (333)","There would not be losses  of services. But what we realized was we've never really talked about what is the percent of service based on the percentage of the budget. So when we we talked we talked about communication responses, planning services and requests for information. And you will see under communication responses based on the 7.8%, we rounded it to, any communication responses should go to unity.",Speaker 11,https://reflect-claremont.cablecast.tv/internetchannel/show/15994?site=1&seekto=3028
0:51:05.86,0:51:40.98,3065.86,3100.98,Arlene Hawkins,"Claremont School Board member; CHAIR of the SAU 6 joint board (re-elected SAU chair 4/11/2024) - CHAIR'S RECOGNITIONS straight into this voice: 'Arlene. And then.' (191, conf 1.00) and 'Next item agenda is the exploratory subcommittee update. Miss Hawkins and Mr. Pratt.' (250, 'Hawkins' conf 1.00), after which this voice delivers that report in the first person - 'Mr. Pratt and I met quite a while, and we went through all of the financial components' (254). Frank Sprague names her while agreeing with her position ('again, I agree with Mrs. Hawkins', 201, conf 1.00). The chair's tally at 129 puts 'Miss Hawkins' among the two voting against, and this voice carries the 'Nay, nay' at 128. Her SAU chairmanship is on this tape too: the chair says 'it sounds like you're the chair. So maybe having this be an item' (330) and this voice answers 'I can share it at the next essay, you mean and it will go in the packet prior to the meeting' (333)","Within a week. Planning would be focusing on high level critical issues. The degree of service outside the regular work week. So we talked about that. The superintendent would attend each Unity School board meeting, but that other members of the administrative team would attend as needed. When it's agenda specific,  outside of regular working hours, and then any post meeting follow up would be presented at the next Unity School board meeting, excuse me.",Speaker 11,https://reflect-claremont.cablecast.tv/internetchannel/show/15994?site=1&seekto=3065
0:51:41.06,0:52:27.86,3101.06,3147.86,Arlene Hawkins,"Claremont School Board member; CHAIR of the SAU 6 joint board (re-elected SAU chair 4/11/2024) - CHAIR'S RECOGNITIONS straight into this voice: 'Arlene. And then.' (191, conf 1.00) and 'Next item agenda is the exploratory subcommittee update. Miss Hawkins and Mr. Pratt.' (250, 'Hawkins' conf 1.00), after which this voice delivers that report in the first person - 'Mr. Pratt and I met quite a while, and we went through all of the financial components' (254). Frank Sprague names her while agreeing with her position ('again, I agree with Mrs. Hawkins', 201, conf 1.00). The chair's tally at 129 puts 'Miss Hawkins' among the two voting against, and this voice carries the 'Nay, nay' at 128. Her SAU chairmanship is on this tape too: the chair says 'it sounds like you're the chair. So maybe having this be an item' (330) and this voice answers 'I can share it at the next essay, you mean and it will go in the packet prior to the meeting' (333)","Requests again would be no longer than a week. The importance of alignment between school districts, school calendars because we have unity students coming to Stephens. If the calendars are not aligned, it creates difficulties for the families and the communities. We also talked about unity.  I mean consistent building safety procedures so that it's consistent across the say you to to minimize the amount of risk students and families might be going through decision making, curriculum and assessment, because we are an saw that does have an aligned curriculum, instruction and assessments.",Speaker 11,https://reflect-claremont.cablecast.tv/internetchannel/show/15994?site=1&seekto=3101
0:52:27.94,0:53:01.14,3147.94,3181.14,Arlene Hawkins,"Claremont School Board member; CHAIR of the SAU 6 joint board (re-elected SAU chair 4/11/2024) - CHAIR'S RECOGNITIONS straight into this voice: 'Arlene. And then.' (191, conf 1.00) and 'Next item agenda is the exploratory subcommittee update. Miss Hawkins and Mr. Pratt.' (250, 'Hawkins' conf 1.00), after which this voice delivers that report in the first person - 'Mr. Pratt and I met quite a while, and we went through all of the financial components' (254). Frank Sprague names her while agreeing with her position ('again, I agree with Mrs. Hawkins', 201, conf 1.00). The chair's tally at 129 puts 'Miss Hawkins' among the two voting against, and this voice carries the 'Nay, nay' at 128. Her SAU chairmanship is on this tape too: the chair says 'it sounds like you're the chair. So maybe having this be an item' (330) and this voice answers 'I can share it at the next essay, you mean and it will go in the packet prior to the meeting' (333)","It's important to also align PD with that across Claremont and Unity. So we're trying to what we looked at was aligning more as an saw  and receiving comparable services  evaluation instruments. And then from the business office special education following protocols timelines so that everyone knows what's happening when it's due. And based on the percentage of allocation, we can all be satisfied with the services that are being met.",Speaker 11,https://reflect-claremont.cablecast.tv/internetchannel/show/15994?site=1&seekto=3147
0:53:01.22,0:53:22.90,3181.22,3202.90,Arlene Hawkins,"Claremont School Board member; CHAIR of the SAU 6 joint board (re-elected SAU chair 4/11/2024) - CHAIR'S RECOGNITIONS straight into this voice: 'Arlene. And then.' (191, conf 1.00) and 'Next item agenda is the exploratory subcommittee update. Miss Hawkins and Mr. Pratt.' (250, 'Hawkins' conf 1.00), after which this voice delivers that report in the first person - 'Mr. Pratt and I met quite a while, and we went through all of the financial components' (254). Frank Sprague names her while agreeing with her position ('again, I agree with Mrs. Hawkins', 201, conf 1.00). The chair's tally at 129 puts 'Miss Hawkins' among the two voting against, and this voice carries the 'Nay, nay' at 128. Her SAU chairmanship is on this tape too: the chair says 'it sounds like you're the chair. So maybe having this be an item' (330) and this voice answers 'I can share it at the next essay, you mean and it will go in the packet prior to the meeting' (333)","So this is the report that's well, actually these are the minutes from the meeting. There is a tentative report based on these minutes. If the board is comfortable with these results from the ad hoc committee, we have completed our task and we'd like to know direction from the board. What would you suggest our next steps as a result of the work we.",Speaker 11,https://reflect-claremont.cablecast.tv/internetchannel/show/15994?site=1&seekto=3181
0:53:22.90,0:53:24.38,3202.90,3204.38,Heather Whitney,"CHAIR, Claremont School Board (re-elected chair at the 3/20/2024 organizational meeting) - SHE IS NEVER NAMED ANYWHERE ON THIS RECORDING; a name scan for Whitney/Heather returns ZERO hits. The identification is closed-set elimination plus the public record: she calls the meeting to order (1, 'the September 4th, 2024 Clermont School board meeting'), asks the clerk for the roll (2), runs every agenda item, gives every recognition in the file ('Miss Crawford'; 'Mr. Peter' / 'Mr. Peters' / 'Mr. Patron' / 'Mr. Peterson' for Petrin; 'Frank' and 'Mr. Sprague'; 'Arlene' and 'Miss Hawkins'; 'Mr. Pratt') and adjourns the meeting (346). Her own announced tally at 129 - 'Motion passes with, Mister Patron, Mister Sprague and myself, voting in the affirmative, and Miss Crawford and Miss Hawkins voting against' - places her outside Petrin, Sprague, Crawford and Hawkins, leaving only Heather Whitney, Whitney Skillen and Bonnie Miles of the seven-member 2024 board; neither Skillen nor Miles was ever chair, and vice chair Sprague is in the room and not presiding. She also says 'being on the board for as long as I have now' (209) and sets the agenda with the superintendent ('when Mr. Pratt and I discussed adding this on to the agenda 45 minutes before the meeting', 234). NOT Whitney Skillen, whose first name is Whitney; Skillen is not audible anywhere in this file","Did? Miss, Mr. Sprague.",Speaker 2,https://reflect-claremont.cablecast.tv/internetchannel/show/15994?site=1&seekto=3202
0:53:24.42,0:53:40.58,3204.42,3220.58,Frank Sprague,"VICE CHAIR, Claremont School Board (re-elected vice chair 3/20/2024) - CHAIR'S RECOGNITIONS straight into this voice: 'Frank was next.' (53), 'Did? Miss, Mr. Sprague.' (264) and 'Mr. Sprague, did you have' (322), 'Sprague' at conf 1.00 both times it is spoken in full. He gives his own biography in the form this corpus records elsewhere - 'having been a former guidance counselor and having been an administrator' (200) - names Hawkins in the third person ('I agree with Mrs. Hawkins', 201, conf 1.00) and addresses Petrin by first name ('No, Mike, I was going to use a little same analogy he did', 323, conf 1.00). Michael Petrin reports the ad hoc communications committee as 'a quick update from Frank and I' (337) and says 'Frank is going to do some digging' (339), and THIS voice picks up the next segment in the first person - 'So I'm also going to look at the strategic plan' (340) - which closes the identification. The chair's tally at 129 puts 'Mister Sprague' among the three voting aye. THE DIARIZER SPLIT HIS AND PETRIN'S VOICES ACROSS THIS CLUSTER AND SPEAKER 9; the crossings are reassigned by override","Just just a clarifying question. So on, number two,  it says unity contributes 7.8% of saw costs and it says administration and staff. Is that the only part, only expenses that they pay for.",Speaker 7,https://reflect-claremont.cablecast.tv/internetchannel/show/15994?site=1&seekto=3204
0:53:40.62,0:53:42.98,3220.62,3222.98,Arlene Hawkins,"Claremont School Board member; CHAIR of the SAU 6 joint board (re-elected SAU chair 4/11/2024) - CHAIR'S RECOGNITIONS straight into this voice: 'Arlene. And then.' (191, conf 1.00) and 'Next item agenda is the exploratory subcommittee update. Miss Hawkins and Mr. Pratt.' (250, 'Hawkins' conf 1.00), after which this voice delivers that report in the first person - 'Mr. Pratt and I met quite a while, and we went through all of the financial components' (254). Frank Sprague names her while agreeing with her position ('again, I agree with Mrs. Hawkins', 201, conf 1.00). The chair's tally at 129 puts 'Miss Hawkins' among the two voting against, and this voice carries the 'Nay, nay' at 128. Her SAU chairmanship is on this tape too: the chair says 'it sounds like you're the chair. So maybe having this be an item' (330) and this voice answers 'I can share it at the next essay, you mean and it will go in the packet prior to the meeting' (333)",Whatever comes out of the Dow building is my understanding.,Speaker 11,https://reflect-claremont.cablecast.tv/internetchannel/show/15994?site=1&seekto=3220
0:53:42.98,0:53:46.66,3222.98,3226.66,Frank Sprague,"VICE CHAIR, Claremont School Board (re-elected vice chair 3/20/2024) - CHAIR'S RECOGNITIONS straight into this voice: 'Frank was next.' (53), 'Did? Miss, Mr. Sprague.' (264) and 'Mr. Sprague, did you have' (322), 'Sprague' at conf 1.00 both times it is spoken in full. He gives his own biography in the form this corpus records elsewhere - 'having been a former guidance counselor and having been an administrator' (200) - names Hawkins in the third person ('I agree with Mrs. Hawkins', 201, conf 1.00) and addresses Petrin by first name ('No, Mike, I was going to use a little same analogy he did', 323, conf 1.00). Michael Petrin reports the ad hoc communications committee as 'a quick update from Frank and I' (337) and says 'Frank is going to do some digging' (339), and THIS voice picks up the next segment in the first person - 'So I'm also going to look at the strategic plan' (340) - which closes the identification. The chair's tally at 129 puts 'Mister Sprague' among the three voting aye. THE DIARIZER SPLIT HIS AND PETRIN'S VOICES ACROSS THIS CLUSTER AND SPEAKER 9; the crossings are reassigned by override",Okay. So they pay for the heat and.,Speaker 7,https://reflect-claremont.cablecast.tv/internetchannel/show/15994?site=1&seekto=3222
0:53:46.74,0:53:53.18,3226.74,3233.18,Arlene Hawkins,"Claremont School Board member; CHAIR of the SAU 6 joint board (re-elected SAU chair 4/11/2024) - CHAIR'S RECOGNITIONS straight into this voice: 'Arlene. And then.' (191, conf 1.00) and 'Next item agenda is the exploratory subcommittee update. Miss Hawkins and Mr. Pratt.' (250, 'Hawkins' conf 1.00), after which this voice delivers that report in the first person - 'Mr. Pratt and I met quite a while, and we went through all of the financial components' (254). Frank Sprague names her while agreeing with her position ('again, I agree with Mrs. Hawkins', 201, conf 1.00). The chair's tally at 129 puts 'Miss Hawkins' among the two voting against, and this voice carries the 'Nay, nay' at 128. Her SAU chairmanship is on this tape too: the chair says 'it sounds like you're the chair. So maybe having this be an item' (330) and this voice answers 'I can share it at the next essay, you mean and it will go in the packet prior to the meeting' (333)",I can't answer that question. What do you mean? I don't know the answer to that. If unity is charged for 7.8% of those.,Speaker 11,https://reflect-claremont.cablecast.tv/internetchannel/show/15994?site=1&seekto=3226
0:53:53.22,0:53:54.06,3233.22,3234.06,Mary Henry,"BUSINESS ADMINISTRATOR, Claremont School District / SAU 6 (started early July 2023) - DIRECT ADDRESS BY FIRST NAME, twice at conf 1.00: the chair, 'And I don't know if Mary I did a quick calculation' (294), and Arlene Hawkins closing her report, 'Did I say that correctly, Mr. Pratt? Mary.' (304), which this voice answers in the very next segment - 'Can I just make a comment? Remember, that number fluctuates every year because it's based 50% on assessed value and 50% on student ratio' (305). Her other runs are business-office content: state transportation reimbursement (56-69) and the SAU cost-sharing formula and how it would have to be changed (307). ONLY THE FIRST NAME 'Mary' IS SPOKEN in this file; the surname comes from the project record (the 11/30/2023 round-robin names 'Mary Henry, business administrator') and from the already-shipped 6/20/2024 CSV, where the chair introduces her as 'Miss Mary Henry, our business administrator'",The entire budget.,Speaker 8,https://reflect-claremont.cablecast.tv/internetchannel/show/15994?site=1&seekto=3233
0:53:54.10,0:53:55.62,3234.10,3235.62,Candace Crawford,"Claremont School Board member (appointed 7/19/2023, re-elected March 2024); chair of the SRVRTC Visioning Committee - CHAIR'S RECOGNITIONS, each straight into this voice: 'Miss Crawford.' (19, 33, 285, 327) and 'Mr. Crawford.' (97, 194 - the ASR slipping Miss to Mr), every token at confidence 1.00. The chair also uses her first name twice, 'Candy, where did you see that?' (41, conf 1.00) and 'Chris, would you work with Candy' (50, conf 0.99), and confirms this voice as the seconder of the region ten motion ('seconded by Miss Crawford', 76) one segment after it says 'I'll second be happy to say' (75). She identifies herself as chair of the visioning committee ('as the chairperson of that, I'd be fine', 45), states her own no vote on the acting-title amendment ('I'll be voting. No... because I think the word acting should be in the title', 122), and the chair's tally names her among the two voting against (129). Her verbal tic 'I'd be happy to' (45, 75) also ties segment 20 to her","Yeah, it's the whole thing.",Speaker 1,https://reflect-claremont.cablecast.tv/internetchannel/show/15994?site=1&seekto=3234
0:53:55.62,0:53:56.06,3235.62,3236.06,Mary Henry,"BUSINESS ADMINISTRATOR, Claremont School District / SAU 6 (started early July 2023) - DIRECT ADDRESS BY FIRST NAME, twice at conf 1.00: the chair, 'And I don't know if Mary I did a quick calculation' (294), and Arlene Hawkins closing her report, 'Did I say that correctly, Mr. Pratt? Mary.' (304), which this voice answers in the very next segment - 'Can I just make a comment? Remember, that number fluctuates every year because it's based 50% on assessed value and 50% on student ratio' (305). Her other runs are business-office content: state transportation reimbursement (56-69) and the SAU cost-sharing formula and how it would have to be changed (307). ONLY THE FIRST NAME 'Mary' IS SPOKEN in this file; the surname comes from the project record (the 11/30/2023 round-robin names 'Mary Henry, business administrator') and from the already-shipped 6/20/2024 CSV, where the chair introduces her as 'Miss Mary Henry, our business administrator'",Yeah.,Speaker 8,https://reflect-claremont.cablecast.tv/internetchannel/show/15994?site=1&seekto=3235
0:53:56.14,0:53:59.18,3236.14,3239.18,Frank Sprague,"VICE CHAIR, Claremont School Board (re-elected vice chair 3/20/2024) - CHAIR'S RECOGNITIONS straight into this voice: 'Frank was next.' (53), 'Did? Miss, Mr. Sprague.' (264) and 'Mr. Sprague, did you have' (322), 'Sprague' at conf 1.00 both times it is spoken in full. He gives his own biography in the form this corpus records elsewhere - 'having been a former guidance counselor and having been an administrator' (200) - names Hawkins in the third person ('I agree with Mrs. Hawkins', 201, conf 1.00) and addresses Petrin by first name ('No, Mike, I was going to use a little same analogy he did', 323, conf 1.00). Michael Petrin reports the ad hoc communications committee as 'a quick update from Frank and I' (337) and says 'Frank is going to do some digging' (339), and THIS voice picks up the next segment in the first person - 'So I'm also going to look at the strategic plan' (340) - which closes the identification. The chair's tally at 129 puts 'Mister Sprague' among the three voting aye. THE DIARIZER SPLIT HIS AND PETRIN'S VOICES ACROSS THIS CLUSTER AND SPEAKER 9; the crossings are reassigned by override","Well, well, it doesn't say that it's this administration and staff.",Speaker 7,https://reflect-claremont.cablecast.tv/internetchannel/show/15994?site=1&seekto=3236
0:53:59.26,0:54:01.26,3239.26,3241.26,Arlene Hawkins,"Claremont School Board member; CHAIR of the SAU 6 joint board (re-elected SAU chair 4/11/2024) - CHAIR'S RECOGNITIONS straight into this voice: 'Arlene. And then.' (191, conf 1.00) and 'Next item agenda is the exploratory subcommittee update. Miss Hawkins and Mr. Pratt.' (250, 'Hawkins' conf 1.00), after which this voice delivers that report in the first person - 'Mr. Pratt and I met quite a while, and we went through all of the financial components' (254). Frank Sprague names her while agreeing with her position ('again, I agree with Mrs. Hawkins', 201, conf 1.00). The chair's tally at 129 puts 'Miss Hawkins' among the two voting against, and this voice carries the 'Nay, nay' at 128. Her SAU chairmanship is on this tape too: the chair says 'it sounds like you're the chair. So maybe having this be an item' (330) and this voice answers 'I can share it at the next essay, you mean and it will go in the packet prior to the meeting' (333)",How would you like to me to clarify that?,Speaker 11,https://reflect-claremont.cablecast.tv/internetchannel/show/15994?site=1&seekto=3239
0:54:01.30,0:54:01.97,3241.30,3241.97,Candace Crawford,"Claremont School Board member (appointed 7/19/2023, re-elected March 2024); chair of the SRVRTC Visioning Committee - CHAIR'S RECOGNITIONS, each straight into this voice: 'Miss Crawford.' (19, 33, 285, 327) and 'Mr. Crawford.' (97, 194 - the ASR slipping Miss to Mr), every token at confidence 1.00. The chair also uses her first name twice, 'Candy, where did you see that?' (41, conf 1.00) and 'Chris, would you work with Candy' (50, conf 0.99), and confirms this voice as the seconder of the region ten motion ('seconded by Miss Crawford', 76) one segment after it says 'I'll second be happy to say' (75). She identifies herself as chair of the visioning committee ('as the chairperson of that, I'd be fine', 45), states her own no vote on the acting-title amendment ('I'll be voting. No... because I think the word acting should be in the title', 122), and the chair's tally names her among the two voting against (129). Her verbal tic 'I'd be happy to' (45, 75) also ties segment 20 to her","Well, I mean.",Speaker 1,https://reflect-claremont.cablecast.tv/internetchannel/show/15994?site=1&seekto=3241
0:54:02.06,0:54:02.58,3242.06,3242.58,Michael Petrin,"Claremont School Board member - a 0.52 s fragment ('Yeah, give.') running into 'Me some point 8% of the budget.' (276) with a 0.00 s gap; one sentence, and the longer half is his","Yeah, give.",Speaker 11,https://reflect-claremont.cablecast.tv/internetchannel/show/15994?site=1&seekto=3242
0:54:02.58,0:54:05.02,3242.58,3245.02,Michael Petrin,"Claremont School Board member (returned as a write-in in the March 2024 election) - CHAIR'S RECOGNITIONS straight into this voice: 'Mr.. Peter.' (70, conf 1.00), 'Mr.. Peter.' (90, conf 0.86), 'Mr. Patron.' (159, 308, conf 1.00) and 'Mr. Peterson?' (336, conf 0.49) - the four-way ASR garble family for Petrin. The chair then names the mover of the region ten motion as 'Mr. Peters' (76) and asks 'Mike, would you like to restate the motion' (123, conf 1.00) immediately before this voice restates it (124); she says she is 'actually in agreement with Mike on this' (104) about the amendment this voice moved (100, 102). Her tally at 129 puts 'Mister Patron' among the three voting aye. He reports the ad hoc communications committee with 'a quick update from Frank and I' (337). Frank Sprague addresses him as 'Mike' (323)",Me some point 8% of the budget.,Speaker 9,https://reflect-claremont.cablecast.tv/internetchannel/show/15994?site=1&seekto=3242
0:54:05.06,0:54:05.90,3245.06,3245.90,Frank Sprague,"VICE CHAIR, Claremont School Board (re-elected vice chair 3/20/2024) - CHAIR'S RECOGNITIONS straight into this voice: 'Frank was next.' (53), 'Did? Miss, Mr. Sprague.' (264) and 'Mr. Sprague, did you have' (322), 'Sprague' at conf 1.00 both times it is spoken in full. He gives his own biography in the form this corpus records elsewhere - 'having been a former guidance counselor and having been an administrator' (200) - names Hawkins in the third person ('I agree with Mrs. Hawkins', 201, conf 1.00) and addresses Petrin by first name ('No, Mike, I was going to use a little same analogy he did', 323, conf 1.00). Michael Petrin reports the ad hoc communications committee as 'a quick update from Frank and I' (337) and says 'Frank is going to do some digging' (339), and THIS voice picks up the next segment in the first person - 'So I'm also going to look at the strategic plan' (340) - which closes the identification. The chair's tally at 129 puts 'Mister Sprague' among the three voting aye. THE DIARIZER SPLIT HIS AND PETRIN'S VOICES ACROSS THIS CLUSTER AND SPEAKER 9; the crossings are reassigned by override",Yeah. So your budget.,Speaker 7,https://reflect-claremont.cablecast.tv/internetchannel/show/15994?site=1&seekto=3245
0:54:05.98,0:54:06.46,3245.98,3246.46,Heather Whitney,"CHAIR, Claremont School Board (re-elected chair at the 3/20/2024 organizational meeting) - SHE IS NEVER NAMED ANYWHERE ON THIS RECORDING; a name scan for Whitney/Heather returns ZERO hits. The identification is closed-set elimination plus the public record: she calls the meeting to order (1, 'the September 4th, 2024 Clermont School board meeting'), asks the clerk for the roll (2), runs every agenda item, gives every recognition in the file ('Miss Crawford'; 'Mr. Peter' / 'Mr. Peters' / 'Mr. Patron' / 'Mr. Peterson' for Petrin; 'Frank' and 'Mr. Sprague'; 'Arlene' and 'Miss Hawkins'; 'Mr. Pratt') and adjourns the meeting (346). Her own announced tally at 129 - 'Motion passes with, Mister Patron, Mister Sprague and myself, voting in the affirmative, and Miss Crawford and Miss Hawkins voting against' - places her outside Petrin, Sprague, Crawford and Hawkins, leaving only Heather Whitney, Whitney Skillen and Bonnie Miles of the seven-member 2024 board; neither Skillen nor Miles was ever chair, and vice chair Sprague is in the room and not presiding. She also says 'being on the board for as long as I have now' (209) and sets the agenda with the superintendent ('when Mr. Pratt and I discussed adding this on to the agenda 45 minutes before the meeting', 234). NOT Whitney Skillen, whose first name is Whitney; Skillen is not audible anywhere in this file",Okay.,Speaker 2,https://reflect-claremont.cablecast.tv/internetchannel/show/15994?site=1&seekto=3245
0:54:06.66,0:54:07.34,3246.66,3247.34,Frank Sprague,"VICE CHAIR, Claremont School Board (re-elected vice chair 3/20/2024) - CHAIR'S RECOGNITIONS straight into this voice: 'Frank was next.' (53), 'Did? Miss, Mr. Sprague.' (264) and 'Mr. Sprague, did you have' (322), 'Sprague' at conf 1.00 both times it is spoken in full. He gives his own biography in the form this corpus records elsewhere - 'having been a former guidance counselor and having been an administrator' (200) - names Hawkins in the third person ('I agree with Mrs. Hawkins', 201, conf 1.00) and addresses Petrin by first name ('No, Mike, I was going to use a little same analogy he did', 323, conf 1.00). Michael Petrin reports the ad hoc communications committee as 'a quick update from Frank and I' (337) and says 'Frank is going to do some digging' (339), and THIS voice picks up the next segment in the first person - 'So I'm also going to look at the strategic plan' (340) - which closes the identification. The chair's tally at 129 puts 'Mister Sprague' among the three voting aye. THE DIARIZER SPLIT HIS AND PETRIN'S VOICES ACROSS THIS CLUSTER AND SPEAKER 9; the crossings are reassigned by override",Yeah.,Speaker 7,https://reflect-claremont.cablecast.tv/internetchannel/show/15994?site=1&seekto=3246
0:54:07.42,0:54:20.86,3247.42,3260.86,Arlene Hawkins,"Claremont School Board member; CHAIR of the SAU 6 joint board (re-elected SAU chair 4/11/2024) - CHAIR'S RECOGNITIONS straight into this voice: 'Arlene. And then.' (191, conf 1.00) and 'Next item agenda is the exploratory subcommittee update. Miss Hawkins and Mr. Pratt.' (250, 'Hawkins' conf 1.00), after which this voice delivers that report in the first person - 'Mr. Pratt and I met quite a while, and we went through all of the financial components' (254). Frank Sprague names her while agreeing with her position ('again, I agree with Mrs. Hawkins', 201, conf 1.00). The chair's tally at 129 puts 'Miss Hawkins' among the two voting against, and this voice carries the 'Nay, nay' at 128. Her SAU chairmanship is on this tape too: the chair says 'it sounds like you're the chair. So maybe having this be an item' (330) and this voice answers 'I can share it at the next essay, you mean and it will go in the packet prior to the meeting' (333)",When I was trying to differentiate and we talked about was that it wasn't building. There were no buildings. The schools are separate. So all we have to say is 7.8% of say you budget.,Speaker 11,https://reflect-claremont.cablecast.tv/internetchannel/show/15994?site=1&seekto=3247
0:54:21.02,0:54:21.42,3261.02,3261.42,Frank Sprague,"VICE CHAIR, Claremont School Board (re-elected vice chair 3/20/2024) - CHAIR'S RECOGNITIONS straight into this voice: 'Frank was next.' (53), 'Did? Miss, Mr. Sprague.' (264) and 'Mr. Sprague, did you have' (322), 'Sprague' at conf 1.00 both times it is spoken in full. He gives his own biography in the form this corpus records elsewhere - 'having been a former guidance counselor and having been an administrator' (200) - names Hawkins in the third person ('I agree with Mrs. Hawkins', 201, conf 1.00) and addresses Petrin by first name ('No, Mike, I was going to use a little same analogy he did', 323, conf 1.00). Michael Petrin reports the ad hoc communications committee as 'a quick update from Frank and I' (337) and says 'Frank is going to do some digging' (339), and THIS voice picks up the next segment in the first person - 'So I'm also going to look at the strategic plan' (340) - which closes the identification. The chair's tally at 129 puts 'Mister Sprague' among the three voting aye. THE DIARIZER SPLIT HIS AND PETRIN'S VOICES ACROSS THIS CLUSTER AND SPEAKER 9; the crossings are reassigned by override",Yeah.,Speaker 7,https://reflect-claremont.cablecast.tv/internetchannel/show/15994?site=1&seekto=3261
0:54:21.46,0:54:22.26,3261.46,3262.26,Arlene Hawkins,"Claremont School Board member; CHAIR of the SAU 6 joint board (re-elected SAU chair 4/11/2024) - CHAIR'S RECOGNITIONS straight into this voice: 'Arlene. And then.' (191, conf 1.00) and 'Next item agenda is the exploratory subcommittee update. Miss Hawkins and Mr. Pratt.' (250, 'Hawkins' conf 1.00), after which this voice delivers that report in the first person - 'Mr. Pratt and I met quite a while, and we went through all of the financial components' (254). Frank Sprague names her while agreeing with her position ('again, I agree with Mrs. Hawkins', 201, conf 1.00). The chair's tally at 129 puts 'Miss Hawkins' among the two voting against, and this voice carries the 'Nay, nay' at 128. Her SAU chairmanship is on this tape too: the chair says 'it sounds like you're the chair. So maybe having this be an item' (330) and this voice answers 'I can share it at the next essay, you mean and it will go in the packet prior to the meeting' (333)",Right. Okay.,Speaker 11,https://reflect-claremont.cablecast.tv/internetchannel/show/15994?site=1&seekto=3261
0:54:22.42,0:54:23.18,3262.42,3263.18,Heather Whitney,"CHAIR, Claremont School Board (re-elected chair at the 3/20/2024 organizational meeting) - SHE IS NEVER NAMED ANYWHERE ON THIS RECORDING; a name scan for Whitney/Heather returns ZERO hits. The identification is closed-set elimination plus the public record: she calls the meeting to order (1, 'the September 4th, 2024 Clermont School board meeting'), asks the clerk for the roll (2), runs every agenda item, gives every recognition in the file ('Miss Crawford'; 'Mr. Peter' / 'Mr. Peters' / 'Mr. Patron' / 'Mr. Peterson' for Petrin; 'Frank' and 'Mr. Sprague'; 'Arlene' and 'Miss Hawkins'; 'Mr. Pratt') and adjourns the meeting (346). Her own announced tally at 129 - 'Motion passes with, Mister Patron, Mister Sprague and myself, voting in the affirmative, and Miss Crawford and Miss Hawkins voting against' - places her outside Petrin, Sprague, Crawford and Hawkins, leaving only Heather Whitney, Whitney Skillen and Bonnie Miles of the seven-member 2024 board; neither Skillen nor Miles was ever chair, and vice chair Sprague is in the room and not presiding. She also says 'being on the board for as long as I have now' (209) and sets the agenda with the superintendent ('when Mr. Pratt and I discussed adding this on to the agenda 45 minutes before the meeting', 234). NOT Whitney Skillen, whose first name is Whitney; Skillen is not audible anywhere in this file",Yeah.,Speaker 2,https://reflect-claremont.cablecast.tv/internetchannel/show/15994?site=1&seekto=3262
0:54:23.26,0:54:26.62,3263.26,3266.62,Arlene Hawkins,"Claremont School Board member; CHAIR of the SAU 6 joint board (re-elected SAU chair 4/11/2024) - CHAIR'S RECOGNITIONS straight into this voice: 'Arlene. And then.' (191, conf 1.00) and 'Next item agenda is the exploratory subcommittee update. Miss Hawkins and Mr. Pratt.' (250, 'Hawkins' conf 1.00), after which this voice delivers that report in the first person - 'Mr. Pratt and I met quite a while, and we went through all of the financial components' (254). Frank Sprague names her while agreeing with her position ('again, I agree with Mrs. Hawkins', 201, conf 1.00). The chair's tally at 129 puts 'Miss Hawkins' among the two voting against, and this voice carries the 'Nay, nay' at 128. Her SAU chairmanship is on this tape too: the chair says 'it sounds like you're the chair. So maybe having this be an item' (330) and this voice answers 'I can share it at the next essay, you mean and it will go in the packet prior to the meeting' (333)",Thank you for that. That clarifies that.,Speaker 11,https://reflect-claremont.cablecast.tv/internetchannel/show/15994?site=1&seekto=3263
0:54:26.70,0:54:29.62,3266.70,3269.62,Heather Whitney,"CHAIR, Claremont School Board (re-elected chair at the 3/20/2024 organizational meeting) - SHE IS NEVER NAMED ANYWHERE ON THIS RECORDING; a name scan for Whitney/Heather returns ZERO hits. The identification is closed-set elimination plus the public record: she calls the meeting to order (1, 'the September 4th, 2024 Clermont School board meeting'), asks the clerk for the roll (2), runs every agenda item, gives every recognition in the file ('Miss Crawford'; 'Mr. Peter' / 'Mr. Peters' / 'Mr. Patron' / 'Mr. Peterson' for Petrin; 'Frank' and 'Mr. Sprague'; 'Arlene' and 'Miss Hawkins'; 'Mr. Pratt') and adjourns the meeting (346). Her own announced tally at 129 - 'Motion passes with, Mister Patron, Mister Sprague and myself, voting in the affirmative, and Miss Crawford and Miss Hawkins voting against' - places her outside Petrin, Sprague, Crawford and Hawkins, leaving only Heather Whitney, Whitney Skillen and Bonnie Miles of the seven-member 2024 board; neither Skillen nor Miles was ever chair, and vice chair Sprague is in the room and not presiding. She also says 'being on the board for as long as I have now' (209) and sets the agenda with the superintendent ('when Mr. Pratt and I discussed adding this on to the agenda 45 minutes before the meeting', 234). NOT Whitney Skillen, whose first name is Whitney; Skillen is not audible anywhere in this file","So what this. Oh, I'm sorry, Miss Crawford.",Speaker 2,https://reflect-claremont.cablecast.tv/internetchannel/show/15994?site=1&seekto=3266
0:54:29.70,0:54:52.18,3269.70,3292.18,Candace Crawford,"Claremont School Board member (appointed 7/19/2023, re-elected March 2024); chair of the SRVRTC Visioning Committee - CHAIR'S RECOGNITIONS, each straight into this voice: 'Miss Crawford.' (19, 33, 285, 327) and 'Mr. Crawford.' (97, 194 - the ASR slipping Miss to Mr), every token at confidence 1.00. The chair also uses her first name twice, 'Candy, where did you see that?' (41, conf 1.00) and 'Chris, would you work with Candy' (50, conf 0.99), and confirms this voice as the seconder of the region ten motion ('seconded by Miss Crawford', 76) one segment after it says 'I'll second be happy to say' (75). She identifies herself as chair of the visioning committee ('as the chairperson of that, I'd be fine', 45), states her own no vote on the acting-title amendment ('I'll be voting. No... because I think the word acting should be in the title', 122), and the chair's tally names her among the two voting against (129). Her verbal tic 'I'd be happy to' (45, 75) also ties segment 20 to her","I have a question. I think this outlines a lot of information. So a lot of work. Yeah, yeah. So thank you for documenting so much of this. One of the questions I have is, I know this is a, a year that Unity's trying to figure out what they're going to do, and then it will be be a year before they actually implement it.",Speaker 1,https://reflect-claremont.cablecast.tv/internetchannel/show/15994?site=1&seekto=3269
0:54:52.42,0:55:09.74,3292.42,3309.74,Candace Crawford,"Claremont School Board member (appointed 7/19/2023, re-elected March 2024); chair of the SRVRTC Visioning Committee - CHAIR'S RECOGNITIONS, each straight into this voice: 'Miss Crawford.' (19, 33, 285, 327) and 'Mr. Crawford.' (97, 194 - the ASR slipping Miss to Mr), every token at confidence 1.00. The chair also uses her first name twice, 'Candy, where did you see that?' (41, conf 1.00) and 'Chris, would you work with Candy' (50, conf 0.99), and confirms this voice as the seconder of the region ten motion ('seconded by Miss Crawford', 76) one segment after it says 'I'll second be happy to say' (75). She identifies herself as chair of the visioning committee ('as the chairperson of that, I'd be fine', 45), states her own no vote on the acting-title amendment ('I'll be voting. No... because I think the word acting should be in the title', 122), and the chair's tally names her among the two voting against (129). Her verbal tic 'I'd be happy to' (45, 75) also ties segment 20 to her","In the meantime, how do we address if unity is feeling like thinking they need more services? Do we put this in place sooner than two years down the road?",Speaker 1,https://reflect-claremont.cablecast.tv/internetchannel/show/15994?site=1&seekto=3292
0:55:09.82,0:55:29.50,3309.82,3329.50,Heather Whitney,"CHAIR, Claremont School Board (re-elected chair at the 3/20/2024 organizational meeting) - SHE IS NEVER NAMED ANYWHERE ON THIS RECORDING; a name scan for Whitney/Heather returns ZERO hits. The identification is closed-set elimination plus the public record: she calls the meeting to order (1, 'the September 4th, 2024 Clermont School board meeting'), asks the clerk for the roll (2), runs every agenda item, gives every recognition in the file ('Miss Crawford'; 'Mr. Peter' / 'Mr. Peters' / 'Mr. Patron' / 'Mr. Peterson' for Petrin; 'Frank' and 'Mr. Sprague'; 'Arlene' and 'Miss Hawkins'; 'Mr. Pratt') and adjourns the meeting (346). Her own announced tally at 129 - 'Motion passes with, Mister Patron, Mister Sprague and myself, voting in the affirmative, and Miss Crawford and Miss Hawkins voting against' - places her outside Petrin, Sprague, Crawford and Hawkins, leaving only Heather Whitney, Whitney Skillen and Bonnie Miles of the seven-member 2024 board; neither Skillen nor Miles was ever chair, and vice chair Sprague is in the room and not presiding. She also says 'being on the board for as long as I have now' (209) and sets the agenda with the superintendent ('when Mr. Pratt and I discussed adding this on to the agenda 45 minutes before the meeting', 234). NOT Whitney Skillen, whose first name is Whitney; Skillen is not audible anywhere in this file","For me, I think it's the fairest thing that Claremont could do is let unity know that moving forward, our expectations will be more in line with this document than what their expectations have led them to believe that they are due.",Speaker 2,https://reflect-claremont.cablecast.tv/internetchannel/show/15994?site=1&seekto=3309
0:55:29.58,0:55:30.66,3329.58,3330.66,Candace Crawford,"Claremont School Board member (appointed 7/19/2023, re-elected March 2024); chair of the SRVRTC Visioning Committee - CHAIR'S RECOGNITIONS, each straight into this voice: 'Miss Crawford.' (19, 33, 285, 327) and 'Mr. Crawford.' (97, 194 - the ASR slipping Miss to Mr), every token at confidence 1.00. The chair also uses her first name twice, 'Candy, where did you see that?' (41, conf 1.00) and 'Chris, would you work with Candy' (50, conf 0.99), and confirms this voice as the seconder of the region ten motion ('seconded by Miss Crawford', 76) one segment after it says 'I'll second be happy to say' (75). She identifies herself as chair of the visioning committee ('as the chairperson of that, I'd be fine', 45), states her own no vote on the acting-title amendment ('I'll be voting. No... because I think the word acting should be in the title', 122), and the chair's tally names her among the two voting against (129). Her verbal tic 'I'd be happy to' (45, 75) also ties segment 20 to her",I would agree with that.,Speaker 1,https://reflect-claremont.cablecast.tv/internetchannel/show/15994?site=1&seekto=3329
0:55:30.66,0:55:33.54,3330.66,3333.54,Mary Henry,"BUSINESS ADMINISTRATOR, Claremont School District / SAU 6 (started early July 2023) - DIRECT ADDRESS BY FIRST NAME, twice at conf 1.00: the chair, 'And I don't know if Mary I did a quick calculation' (294), and Arlene Hawkins closing her report, 'Did I say that correctly, Mr. Pratt? Mary.' (304), which this voice answers in the very next segment - 'Can I just make a comment? Remember, that number fluctuates every year because it's based 50% on assessed value and 50% on student ratio' (305). Her other runs are business-office content: state transportation reimbursement (56-69) and the SAU cost-sharing formula and how it would have to be changed (307). ONLY THE FIRST NAME 'Mary' IS SPOKEN in this file; the surname comes from the project record (the 11/30/2023 round-robin names 'Mary Henry, business administrator') and from the already-shipped 6/20/2024 CSV, where the chair introduces her as 'Miss Mary Henry, our business administrator'",So.,Speaker 8,https://reflect-claremont.cablecast.tv/internetchannel/show/15994?site=1&seekto=3330
0:55:33.62,0:55:37.57,3333.62,3337.57,Arlene Hawkins,"Claremont School Board member; CHAIR of the SAU 6 joint board (re-elected SAU chair 4/11/2024) - CHAIR'S RECOGNITIONS straight into this voice: 'Arlene. And then.' (191, conf 1.00) and 'Next item agenda is the exploratory subcommittee update. Miss Hawkins and Mr. Pratt.' (250, 'Hawkins' conf 1.00), after which this voice delivers that report in the first person - 'Mr. Pratt and I met quite a while, and we went through all of the financial components' (254). Frank Sprague names her while agreeing with her position ('again, I agree with Mrs. Hawkins', 201, conf 1.00). The chair's tally at 129 puts 'Miss Hawkins' among the two voting against, and this voice carries the 'Nay, nay' at 128. Her SAU chairmanship is on this tape too: the chair says 'it sounds like you're the chair. So maybe having this be an item' (330) and this voice answers 'I can share it at the next essay, you mean and it will go in the packet prior to the meeting' (333)",I don't think it's ever been spelled out in fairness to either community.,Speaker 11,https://reflect-claremont.cablecast.tv/internetchannel/show/15994?site=1&seekto=3333
0:55:37.71,0:55:38.46,3337.71,3338.46,Heather Whitney,"CHAIR, Claremont School Board (re-elected chair at the 3/20/2024 organizational meeting) - SHE IS NEVER NAMED ANYWHERE ON THIS RECORDING; a name scan for Whitney/Heather returns ZERO hits. The identification is closed-set elimination plus the public record: she calls the meeting to order (1, 'the September 4th, 2024 Clermont School board meeting'), asks the clerk for the roll (2), runs every agenda item, gives every recognition in the file ('Miss Crawford'; 'Mr. Peter' / 'Mr. Peters' / 'Mr. Patron' / 'Mr. Peterson' for Petrin; 'Frank' and 'Mr. Sprague'; 'Arlene' and 'Miss Hawkins'; 'Mr. Pratt') and adjourns the meeting (346). Her own announced tally at 129 - 'Motion passes with, Mister Patron, Mister Sprague and myself, voting in the affirmative, and Miss Crawford and Miss Hawkins voting against' - places her outside Petrin, Sprague, Crawford and Hawkins, leaving only Heather Whitney, Whitney Skillen and Bonnie Miles of the seven-member 2024 board; neither Skillen nor Miles was ever chair, and vice chair Sprague is in the room and not presiding. She also says 'being on the board for as long as I have now' (209) and sets the agenda with the superintendent ('when Mr. Pratt and I discussed adding this on to the agenda 45 minutes before the meeting', 234). NOT Whitney Skillen, whose first name is Whitney; Skillen is not audible anywhere in this file",Their community.,Speaker 2,https://reflect-claremont.cablecast.tv/internetchannel/show/15994?site=1&seekto=3337
0:55:38.70,0:55:43.46,3338.70,3343.46,Arlene Hawkins,"Claremont School Board member; CHAIR of the SAU 6 joint board (re-elected SAU chair 4/11/2024) - CHAIR'S RECOGNITIONS straight into this voice: 'Arlene. And then.' (191, conf 1.00) and 'Next item agenda is the exploratory subcommittee update. Miss Hawkins and Mr. Pratt.' (250, 'Hawkins' conf 1.00), after which this voice delivers that report in the first person - 'Mr. Pratt and I met quite a while, and we went through all of the financial components' (254). Frank Sprague names her while agreeing with her position ('again, I agree with Mrs. Hawkins', 201, conf 1.00). The chair's tally at 129 puts 'Miss Hawkins' among the two voting against, and this voice carries the 'Nay, nay' at 128. Her SAU chairmanship is on this tape too: the chair says 'it sounds like you're the chair. So maybe having this be an item' (330) and this voice answers 'I can share it at the next essay, you mean and it will go in the packet prior to the meeting' (333)",So this was we found that we were spelling it out.,Speaker 11,https://reflect-claremont.cablecast.tv/internetchannel/show/15994?site=1&seekto=3338
0:55:43.54,0:56:09.54,3343.54,3369.54,Heather Whitney,"CHAIR, Claremont School Board (re-elected chair at the 3/20/2024 organizational meeting) - SHE IS NEVER NAMED ANYWHERE ON THIS RECORDING; a name scan for Whitney/Heather returns ZERO hits. The identification is closed-set elimination plus the public record: she calls the meeting to order (1, 'the September 4th, 2024 Clermont School board meeting'), asks the clerk for the roll (2), runs every agenda item, gives every recognition in the file ('Miss Crawford'; 'Mr. Peter' / 'Mr. Peters' / 'Mr. Patron' / 'Mr. Peterson' for Petrin; 'Frank' and 'Mr. Sprague'; 'Arlene' and 'Miss Hawkins'; 'Mr. Pratt') and adjourns the meeting (346). Her own announced tally at 129 - 'Motion passes with, Mister Patron, Mister Sprague and myself, voting in the affirmative, and Miss Crawford and Miss Hawkins voting against' - places her outside Petrin, Sprague, Crawford and Hawkins, leaving only Heather Whitney, Whitney Skillen and Bonnie Miles of the seven-member 2024 board; neither Skillen nor Miles was ever chair, and vice chair Sprague is in the room and not presiding. She also says 'being on the board for as long as I have now' (209) and sets the agenda with the superintendent ('when Mr. Pratt and I discussed adding this on to the agenda 45 minutes before the meeting', 234). NOT Whitney Skillen, whose first name is Whitney; Skillen is not audible anywhere in this file","And I don't know if Mary I did a quick calculation. So if I'm dividing Unity's contribution to the saw and how it would impact them, leaving would impact our Claremont budget. I divide that by 38 million. Right. It's roughly .00 5% of our total Claremont budget. Is the loss right? It's that.",Speaker 2,https://reflect-claremont.cablecast.tv/internetchannel/show/15994?site=1&seekto=3343
0:56:09.62,0:56:10.58,3369.62,3370.58,Heather Whitney,"Chair, Claremont School Board - a 0.96 s fragment ('It's minuscule.') sandwiched between two of her own segments and completing her own sentence, '...It's that' (294) / 'It's minuscule' / 'Compared to our budget now' (296). It cannot be Crawford, who pushes back on exactly that word two segments later ('I know 193 is not minuscule', 297)",It's minuscule.,Speaker 1,https://reflect-claremont.cablecast.tv/internetchannel/show/15994?site=1&seekto=3369
0:56:10.74,0:56:15.42,3370.74,3375.42,Heather Whitney,"CHAIR, Claremont School Board (re-elected chair at the 3/20/2024 organizational meeting) - SHE IS NEVER NAMED ANYWHERE ON THIS RECORDING; a name scan for Whitney/Heather returns ZERO hits. The identification is closed-set elimination plus the public record: she calls the meeting to order (1, 'the September 4th, 2024 Clermont School board meeting'), asks the clerk for the roll (2), runs every agenda item, gives every recognition in the file ('Miss Crawford'; 'Mr. Peter' / 'Mr. Peters' / 'Mr. Patron' / 'Mr. Peterson' for Petrin; 'Frank' and 'Mr. Sprague'; 'Arlene' and 'Miss Hawkins'; 'Mr. Pratt') and adjourns the meeting (346). Her own announced tally at 129 - 'Motion passes with, Mister Patron, Mister Sprague and myself, voting in the affirmative, and Miss Crawford and Miss Hawkins voting against' - places her outside Petrin, Sprague, Crawford and Hawkins, leaving only Heather Whitney, Whitney Skillen and Bonnie Miles of the seven-member 2024 board; neither Skillen nor Miles was ever chair, and vice chair Sprague is in the room and not presiding. She also says 'being on the board for as long as I have now' (209) and sets the agenda with the superintendent ('when Mr. Pratt and I discussed adding this on to the agenda 45 minutes before the meeting', 234). NOT Whitney Skillen, whose first name is Whitney; Skillen is not audible anywhere in this file",Compared to our budget now. Right? It is. 7.8% of the.,Speaker 2,https://reflect-claremont.cablecast.tv/internetchannel/show/15994?site=1&seekto=3370
0:56:15.50,0:56:17.58,3375.50,3377.58,Candace Crawford,"Claremont School Board member (appointed 7/19/2023, re-elected March 2024); chair of the SRVRTC Visioning Committee - CHAIR'S RECOGNITIONS, each straight into this voice: 'Miss Crawford.' (19, 33, 285, 327) and 'Mr. Crawford.' (97, 194 - the ASR slipping Miss to Mr), every token at confidence 1.00. The chair also uses her first name twice, 'Candy, where did you see that?' (41, conf 1.00) and 'Chris, would you work with Candy' (50, conf 0.99), and confirms this voice as the seconder of the region ten motion ('seconded by Miss Crawford', 76) one segment after it says 'I'll second be happy to say' (75). She identifies herself as chair of the visioning committee ('as the chairperson of that, I'd be fine', 45), states her own no vote on the acting-title amendment ('I'll be voting. No... because I think the word acting should be in the title', 122), and the chair's tally names her among the two voting against (129). Her verbal tic 'I'd be happy to' (45, 75) also ties segment 20 to her",I know 193 is not minuscule.,Speaker 1,https://reflect-claremont.cablecast.tv/internetchannel/show/15994?site=1&seekto=3375
0:56:17.62,0:56:52.14,3377.62,3412.14,Heather Whitney,"CHAIR, Claremont School Board (re-elected chair at the 3/20/2024 organizational meeting) - SHE IS NEVER NAMED ANYWHERE ON THIS RECORDING; a name scan for Whitney/Heather returns ZERO hits. The identification is closed-set elimination plus the public record: she calls the meeting to order (1, 'the September 4th, 2024 Clermont School board meeting'), asks the clerk for the roll (2), runs every agenda item, gives every recognition in the file ('Miss Crawford'; 'Mr. Peter' / 'Mr. Peters' / 'Mr. Patron' / 'Mr. Peterson' for Petrin; 'Frank' and 'Mr. Sprague'; 'Arlene' and 'Miss Hawkins'; 'Mr. Pratt') and adjourns the meeting (346). Her own announced tally at 129 - 'Motion passes with, Mister Patron, Mister Sprague and myself, voting in the affirmative, and Miss Crawford and Miss Hawkins voting against' - places her outside Petrin, Sprague, Crawford and Hawkins, leaving only Heather Whitney, Whitney Skillen and Bonnie Miles of the seven-member 2024 board; neither Skillen nor Miles was ever chair, and vice chair Sprague is in the room and not presiding. She also says 'being on the board for as long as I have now' (209) and sets the agenda with the superintendent ('when Mr. Pratt and I discussed adding this on to the agenda 45 minutes before the meeting', 234). NOT Whitney Skillen, whose first name is Whitney; Skillen is not audible anywhere in this file","For the public and for like it kind of sense of, you know, what's the actual impact. And so what it sounds like to me is there's disparity on expectation versus contribution. And Claremont is being asked tonight to say, we acknowledge that there's a disparity between the expectation and the contribution. And moving forward, we would support adhering more to the tenants in this.",Speaker 2,https://reflect-claremont.cablecast.tv/internetchannel/show/15994?site=1&seekto=3377
0:56:52.22,0:57:08.14,3412.22,3428.14,Heather Whitney,"CHAIR, Claremont School Board (re-elected chair at the 3/20/2024 organizational meeting) - SHE IS NEVER NAMED ANYWHERE ON THIS RECORDING; a name scan for Whitney/Heather returns ZERO hits. The identification is closed-set elimination plus the public record: she calls the meeting to order (1, 'the September 4th, 2024 Clermont School board meeting'), asks the clerk for the roll (2), runs every agenda item, gives every recognition in the file ('Miss Crawford'; 'Mr. Peter' / 'Mr. Peters' / 'Mr. Patron' / 'Mr. Peterson' for Petrin; 'Frank' and 'Mr. Sprague'; 'Arlene' and 'Miss Hawkins'; 'Mr. Pratt') and adjourns the meeting (346). Her own announced tally at 129 - 'Motion passes with, Mister Patron, Mister Sprague and myself, voting in the affirmative, and Miss Crawford and Miss Hawkins voting against' - places her outside Petrin, Sprague, Crawford and Hawkins, leaving only Heather Whitney, Whitney Skillen and Bonnie Miles of the seven-member 2024 board; neither Skillen nor Miles was ever chair, and vice chair Sprague is in the room and not presiding. She also says 'being on the board for as long as I have now' (209) and sets the agenda with the superintendent ('when Mr. Pratt and I discussed adding this on to the agenda 45 minutes before the meeting', 234). NOT Whitney Skillen, whose first name is Whitney; Skillen is not audible anywhere in this file","Document to be moving forward. This should be the expectation from unity, and if they are looking for more, they would expect we would. Claremont would be considering expecting more financial. Am I wrong?",Speaker 2,https://reflect-claremont.cablecast.tv/internetchannel/show/15994?site=1&seekto=3412
0:57:08.22,0:57:09.18,3428.22,3429.18,Arlene Hawkins,"Claremont School Board member; CHAIR of the SAU 6 joint board (re-elected SAU chair 4/11/2024) - CHAIR'S RECOGNITIONS straight into this voice: 'Arlene. And then.' (191, conf 1.00) and 'Next item agenda is the exploratory subcommittee update. Miss Hawkins and Mr. Pratt.' (250, 'Hawkins' conf 1.00), after which this voice delivers that report in the first person - 'Mr. Pratt and I met quite a while, and we went through all of the financial components' (254). Frank Sprague names her while agreeing with her position ('again, I agree with Mrs. Hawkins', 201, conf 1.00). The chair's tally at 129 puts 'Miss Hawkins' among the two voting against, and this voice carries the 'Nay, nay' at 128. Her SAU chairmanship is on this tape too: the chair says 'it sounds like you're the chair. So maybe having this be an item' (330) and this voice answers 'I can share it at the next essay, you mean and it will go in the packet prior to the meeting' (333)",You're correct.,Speaker 11,https://reflect-claremont.cablecast.tv/internetchannel/show/15994?site=1&seekto=3428
0:57:09.26,0:57:11.42,3429.26,3431.42,Heather Whitney,"CHAIR, Claremont School Board (re-elected chair at the 3/20/2024 organizational meeting) - SHE IS NEVER NAMED ANYWHERE ON THIS RECORDING; a name scan for Whitney/Heather returns ZERO hits. The identification is closed-set elimination plus the public record: she calls the meeting to order (1, 'the September 4th, 2024 Clermont School board meeting'), asks the clerk for the roll (2), runs every agenda item, gives every recognition in the file ('Miss Crawford'; 'Mr. Peter' / 'Mr. Peters' / 'Mr. Patron' / 'Mr. Peterson' for Petrin; 'Frank' and 'Mr. Sprague'; 'Arlene' and 'Miss Hawkins'; 'Mr. Pratt') and adjourns the meeting (346). Her own announced tally at 129 - 'Motion passes with, Mister Patron, Mister Sprague and myself, voting in the affirmative, and Miss Crawford and Miss Hawkins voting against' - places her outside Petrin, Sprague, Crawford and Hawkins, leaving only Heather Whitney, Whitney Skillen and Bonnie Miles of the seven-member 2024 board; neither Skillen nor Miles was ever chair, and vice chair Sprague is in the room and not presiding. She also says 'being on the board for as long as I have now' (209) and sets the agenda with the superintendent ('when Mr. Pratt and I discussed adding this on to the agenda 45 minutes before the meeting', 234). NOT Whitney Skillen, whose first name is Whitney; Skillen is not audible anywhere in this file",More financial  compensation.,Speaker 2,https://reflect-claremont.cablecast.tv/internetchannel/show/15994?site=1&seekto=3429
0:57:11.50,0:57:29.66,3431.50,3449.66,Arlene Hawkins,"Claremont School Board member; CHAIR of the SAU 6 joint board (re-elected SAU chair 4/11/2024) - CHAIR'S RECOGNITIONS straight into this voice: 'Arlene. And then.' (191, conf 1.00) and 'Next item agenda is the exploratory subcommittee update. Miss Hawkins and Mr. Pratt.' (250, 'Hawkins' conf 1.00), after which this voice delivers that report in the first person - 'Mr. Pratt and I met quite a while, and we went through all of the financial components' (254). Frank Sprague names her while agreeing with her position ('again, I agree with Mrs. Hawkins', 201, conf 1.00). The chair's tally at 129 puts 'Miss Hawkins' among the two voting against, and this voice carries the 'Nay, nay' at 128. Her SAU chairmanship is on this tape too: the chair says 'it sounds like you're the chair. So maybe having this be an item' (330) and this voice answers 'I can share it at the next essay, you mean and it will go in the packet prior to the meeting' (333)","The question would be keeping in mind the total is 100% correct. An increase for unity has to result in a decrease in services from two Claremont, except if unity decides to make part of their own budget.",Speaker 11,https://reflect-claremont.cablecast.tv/internetchannel/show/15994?site=1&seekto=3431
0:57:29.74,0:57:31.74,3449.74,3451.74,Heather Whitney,"CHAIR, Claremont School Board (re-elected chair at the 3/20/2024 organizational meeting) - SHE IS NEVER NAMED ANYWHERE ON THIS RECORDING; a name scan for Whitney/Heather returns ZERO hits. The identification is closed-set elimination plus the public record: she calls the meeting to order (1, 'the September 4th, 2024 Clermont School board meeting'), asks the clerk for the roll (2), runs every agenda item, gives every recognition in the file ('Miss Crawford'; 'Mr. Peter' / 'Mr. Peters' / 'Mr. Patron' / 'Mr. Peterson' for Petrin; 'Frank' and 'Mr. Sprague'; 'Arlene' and 'Miss Hawkins'; 'Mr. Pratt') and adjourns the meeting (346). Her own announced tally at 129 - 'Motion passes with, Mister Patron, Mister Sprague and myself, voting in the affirmative, and Miss Crawford and Miss Hawkins voting against' - places her outside Petrin, Sprague, Crawford and Hawkins, leaving only Heather Whitney, Whitney Skillen and Bonnie Miles of the seven-member 2024 board; neither Skillen nor Miles was ever chair, and vice chair Sprague is in the room and not presiding. She also says 'being on the board for as long as I have now' (209) and sets the agenda with the superintendent ('when Mr. Pratt and I discussed adding this on to the agenda 45 minutes before the meeting', 234). NOT Whitney Skillen, whose first name is Whitney; Skillen is not audible anywhere in this file",And hire their own someone.,Speaker 2,https://reflect-claremont.cablecast.tv/internetchannel/show/15994?site=1&seekto=3449
0:57:31.82,0:57:44.90,3451.82,3464.90,Arlene Hawkins,"Claremont School Board member; CHAIR of the SAU 6 joint board (re-elected SAU chair 4/11/2024) - CHAIR'S RECOGNITIONS straight into this voice: 'Arlene. And then.' (191, conf 1.00) and 'Next item agenda is the exploratory subcommittee update. Miss Hawkins and Mr. Pratt.' (250, 'Hawkins' conf 1.00), after which this voice delivers that report in the first person - 'Mr. Pratt and I met quite a while, and we went through all of the financial components' (254). Frank Sprague names her while agreeing with her position ('again, I agree with Mrs. Hawkins', 201, conf 1.00). The chair's tally at 129 puts 'Miss Hawkins' among the two voting against, and this voice carries the 'Nay, nay' at 128. Her SAU chairmanship is on this tape too: the chair says 'it sounds like you're the chair. So maybe having this be an item' (330) and this voice answers 'I can share it at the next essay, you mean and it will go in the packet prior to the meeting' (333)","To either be their administrative staff or someone to take some of the tasks that are time consuming from the essay. Did I say that correctly, Mr. Pratt? Mary.",Speaker 11,https://reflect-claremont.cablecast.tv/internetchannel/show/15994?site=1&seekto=3451
0:57:45.06,0:58:10.50,3465.06,3490.50,Mary Henry,"BUSINESS ADMINISTRATOR, Claremont School District / SAU 6 (started early July 2023) - DIRECT ADDRESS BY FIRST NAME, twice at conf 1.00: the chair, 'And I don't know if Mary I did a quick calculation' (294), and Arlene Hawkins closing her report, 'Did I say that correctly, Mr. Pratt? Mary.' (304), which this voice answers in the very next segment - 'Can I just make a comment? Remember, that number fluctuates every year because it's based 50% on assessed value and 50% on student ratio' (305). Her other runs are business-office content: state transportation reimbursement (56-69) and the SAU cost-sharing formula and how it would have to be changed (307). ONLY THE FIRST NAME 'Mary' IS SPOKEN in this file; the surname comes from the project record (the 11/30/2023 round-robin names 'Mary Henry, business administrator') and from the already-shipped 6/20/2024 CSV, where the chair introduces her as 'Miss Mary Henry, our business administrator'","Can I just make a comment? Remember, that number fluctuates every year because it's based 50% on assessed value and 50% on student ratio. So the year before they paid almost to 300,000. But because Claremont's property values  went up so much, that amount dropped substantially. So just so you know, that that does fluctuate based on those things.",Speaker 8,https://reflect-claremont.cablecast.tv/internetchannel/show/15994?site=1&seekto=3465
0:58:10.58,0:58:12.06,3490.58,3492.06,Arlene Hawkins,"Claremont School Board member; CHAIR of the SAU 6 joint board (re-elected SAU chair 4/11/2024) - CHAIR'S RECOGNITIONS straight into this voice: 'Arlene. And then.' (191, conf 1.00) and 'Next item agenda is the exploratory subcommittee update. Miss Hawkins and Mr. Pratt.' (250, 'Hawkins' conf 1.00), after which this voice delivers that report in the first person - 'Mr. Pratt and I met quite a while, and we went through all of the financial components' (254). Frank Sprague names her while agreeing with her position ('again, I agree with Mrs. Hawkins', 201, conf 1.00). The chair's tally at 129 puts 'Miss Hawkins' among the two voting against, and this voice carries the 'Nay, nay' at 128. Her SAU chairmanship is on this tape too: the chair says 'it sounds like you're the chair. So maybe having this be an item' (330) and this voice answers 'I can share it at the next essay, you mean and it will go in the packet prior to the meeting' (333)",I didn't realize property value.,Speaker 11,https://reflect-claremont.cablecast.tv/internetchannel/show/15994?site=1&seekto=3490
0:58:12.26,0:58:25.98,3492.26,3505.98,Mary Henry,"BUSINESS ADMINISTRATOR, Claremont School District / SAU 6 (started early July 2023) - DIRECT ADDRESS BY FIRST NAME, twice at conf 1.00: the chair, 'And I don't know if Mary I did a quick calculation' (294), and Arlene Hawkins closing her report, 'Did I say that correctly, Mr. Pratt? Mary.' (304), which this voice answers in the very next segment - 'Can I just make a comment? Remember, that number fluctuates every year because it's based 50% on assessed value and 50% on student ratio' (305). Her other runs are business-office content: state transportation reimbursement (56-69) and the SAU cost-sharing formula and how it would have to be changed (307). ONLY THE FIRST NAME 'Mary' IS SPOKEN in this file; the surname comes from the project record (the 11/30/2023 round-robin names 'Mary Henry, business administrator') and from the already-shipped 6/20/2024 CSV, where the chair introduces her as 'Miss Mary Henry, our business administrator'","Oh yeah. You have it. You have an agreement. I'm sure somewhere written that says that this is how the formula works, which would then have to be voted on by all taxpayers. That's usually how that works. To change those formulas.",Speaker 8,https://reflect-claremont.cablecast.tv/internetchannel/show/15994?site=1&seekto=3492
0:58:26.06,0:58:28.86,3506.06,3508.86,Heather Whitney,"CHAIR, Claremont School Board (re-elected chair at the 3/20/2024 organizational meeting) - SHE IS NEVER NAMED ANYWHERE ON THIS RECORDING; a name scan for Whitney/Heather returns ZERO hits. The identification is closed-set elimination plus the public record: she calls the meeting to order (1, 'the September 4th, 2024 Clermont School board meeting'), asks the clerk for the roll (2), runs every agenda item, gives every recognition in the file ('Miss Crawford'; 'Mr. Peter' / 'Mr. Peters' / 'Mr. Patron' / 'Mr. Peterson' for Petrin; 'Frank' and 'Mr. Sprague'; 'Arlene' and 'Miss Hawkins'; 'Mr. Pratt') and adjourns the meeting (346). Her own announced tally at 129 - 'Motion passes with, Mister Patron, Mister Sprague and myself, voting in the affirmative, and Miss Crawford and Miss Hawkins voting against' - places her outside Petrin, Sprague, Crawford and Hawkins, leaving only Heather Whitney, Whitney Skillen and Bonnie Miles of the seven-member 2024 board; neither Skillen nor Miles was ever chair, and vice chair Sprague is in the room and not presiding. She also says 'being on the board for as long as I have now' (209) and sets the agenda with the superintendent ('when Mr. Pratt and I discussed adding this on to the agenda 45 minutes before the meeting', 234). NOT Whitney Skillen, whose first name is Whitney; Skillen is not audible anywhere in this file",Mr. Patron.,Speaker 2,https://reflect-claremont.cablecast.tv/internetchannel/show/15994?site=1&seekto=3506
0:58:28.94,0:58:58.54,3508.94,3538.54,Michael Petrin,"Claremont School Board member (returned as a write-in in the March 2024 election) - CHAIR'S RECOGNITIONS straight into this voice: 'Mr.. Peter.' (70, conf 1.00), 'Mr.. Peter.' (90, conf 0.86), 'Mr. Patron.' (159, 308, conf 1.00) and 'Mr. Peterson?' (336, conf 0.49) - the four-way ASR garble family for Petrin. The chair then names the mover of the region ten motion as 'Mr. Peters' (76) and asks 'Mike, would you like to restate the motion' (123, conf 1.00) immediately before this voice restates it (124); she says she is 'actually in agreement with Mike on this' (104) about the amendment this voice moved (100, 102). Her tally at 129 puts 'Mister Patron' among the three voting aye. He reports the ad hoc communications committee with 'a quick update from Frank and I' (337). Frank Sprague addresses him as 'Mike' (323)","A couple of things. I wouldn't be looking to make any changes as far as giving up more time from the s a you,  if you wanted to spend more money,  I would not be in agreement to giving up more of our more of our time to go there.  I don't think it's necessary.  And then I guess something down the road, decreasing, you know, $193,000 a d if we were to take that all in.",Speaker 9,https://reflect-claremont.cablecast.tv/internetchannel/show/15994?site=1&seekto=3508
0:58:58.62,0:59:24.26,3538.62,3564.26,Michael Petrin,"Claremont School Board member (returned as a write-in in the March 2024 election) - CHAIR'S RECOGNITIONS straight into this voice: 'Mr.. Peter.' (70, conf 1.00), 'Mr.. Peter.' (90, conf 0.86), 'Mr. Patron.' (159, 308, conf 1.00) and 'Mr. Peterson?' (336, conf 0.49) - the four-way ASR garble family for Petrin. The chair then names the mover of the region ten motion as 'Mr. Peters' (76) and asks 'Mike, would you like to restate the motion' (123, conf 1.00) immediately before this voice restates it (124); she says she is 'actually in agreement with Mike on this' (104) about the amendment this voice moved (100, 102). Her tally at 129 puts 'Mister Patron' among the three voting aye. He reports the ad hoc communications committee with 'a quick update from Frank and I' (337). Frank Sprague addresses him as 'Mike' (323)","I'm not sure if there's anywhere to decrease that. It's a relatively small amount, a dollar amount in the grand scheme of things. So when we're talking about the question of, you know, not to get anybody worked up and if there's any type of using staff or reduce, I can't see where we would, you know, be able to reduce to, to make up that cost because it's like taking two kids out of a class.",Speaker 9,https://reflect-claremont.cablecast.tv/internetchannel/show/15994?site=1&seekto=3538
0:59:24.26,0:59:28.70,3564.26,3568.70,Michael Petrin,"Claremont School Board member (returned as a write-in in the March 2024 election) - CHAIR'S RECOGNITIONS straight into this voice: 'Mr.. Peter.' (70, conf 1.00), 'Mr.. Peter.' (90, conf 0.86), 'Mr. Patron.' (159, 308, conf 1.00) and 'Mr. Peterson?' (336, conf 0.49) - the four-way ASR garble family for Petrin. The chair then names the mover of the region ten motion as 'Mr. Peters' (76) and asks 'Mike, would you like to restate the motion' (123, conf 1.00) immediately before this voice restates it (124); she says she is 'actually in agreement with Mike on this' (104) about the amendment this voice moved (100, 102). Her tally at 129 puts 'Mister Patron' among the three voting aye. He reports the ad hoc communications committee with 'a quick update from Frank and I' (337). Frank Sprague addresses him as 'Mike' (323)","You go from 28 to 26, you're not going to reduce your teachers.",Speaker 9,https://reflect-claremont.cablecast.tv/internetchannel/show/15994?site=1&seekto=3564
0:59:28.78,0:59:32.98,3568.78,3572.98,Arlene Hawkins,"Claremont School Board member; CHAIR of the SAU 6 joint board (re-elected SAU chair 4/11/2024) - CHAIR'S RECOGNITIONS straight into this voice: 'Arlene. And then.' (191, conf 1.00) and 'Next item agenda is the exploratory subcommittee update. Miss Hawkins and Mr. Pratt.' (250, 'Hawkins' conf 1.00), after which this voice delivers that report in the first person - 'Mr. Pratt and I met quite a while, and we went through all of the financial components' (254). Frank Sprague names her while agreeing with her position ('again, I agree with Mrs. Hawkins', 201, conf 1.00). The chair's tally at 129 puts 'Miss Hawkins' among the two voting against, and this voice carries the 'Nay, nay' at 128. Her SAU chairmanship is on this tape too: the chair says 'it sounds like you're the chair. So maybe having this be an item' (330) and this voice answers 'I can share it at the next essay, you mean and it will go in the packet prior to the meeting' (333)","So we did just lay it all out, right.",Speaker 11,https://reflect-claremont.cablecast.tv/internetchannel/show/15994?site=1&seekto=3568
0:59:33.02,0:59:33.26,3573.02,3573.26,Frank Sprague,"VICE CHAIR, Claremont School Board (re-elected vice chair 3/20/2024) - CHAIR'S RECOGNITIONS straight into this voice: 'Frank was next.' (53), 'Did? Miss, Mr. Sprague.' (264) and 'Mr. Sprague, did you have' (322), 'Sprague' at conf 1.00 both times it is spoken in full. He gives his own biography in the form this corpus records elsewhere - 'having been a former guidance counselor and having been an administrator' (200) - names Hawkins in the third person ('I agree with Mrs. Hawkins', 201, conf 1.00) and addresses Petrin by first name ('No, Mike, I was going to use a little same analogy he did', 323, conf 1.00). Michael Petrin reports the ad hoc communications committee as 'a quick update from Frank and I' (337) and says 'Frank is going to do some digging' (339), and THIS voice picks up the next segment in the first person - 'So I'm also going to look at the strategic plan' (340) - which closes the identification. The chair's tally at 129 puts 'Mister Sprague' among the three voting aye. THE DIARIZER SPLIT HIS AND PETRIN'S VOICES ACROSS THIS CLUSTER AND SPEAKER 9; the crossings are reassigned by override",You know.,Speaker 7,https://reflect-claremont.cablecast.tv/internetchannel/show/15994?site=1&seekto=3573
0:59:33.38,0:59:34.30,3573.38,3574.30,Michael Petrin,"Claremont School Board member (returned as a write-in in the March 2024 election) - CHAIR'S RECOGNITIONS straight into this voice: 'Mr.. Peter.' (70, conf 1.00), 'Mr.. Peter.' (90, conf 0.86), 'Mr. Patron.' (159, 308, conf 1.00) and 'Mr. Peterson?' (336, conf 0.49) - the four-way ASR garble family for Petrin. The chair then names the mover of the region ten motion as 'Mr. Peters' (76) and asks 'Mike, would you like to restate the motion' (123, conf 1.00) immediately before this voice restates it (124); she says she is 'actually in agreement with Mike on this' (104) about the amendment this voice moved (100, 102). Her tally at 129 puts 'Mister Patron' among the three voting aye. He reports the ad hoc communications committee with 'a quick update from Frank and I' (337). Frank Sprague addresses him as 'Mike' (323)",I'm just saying we'd have.,Speaker 9,https://reflect-claremont.cablecast.tv/internetchannel/show/15994?site=1&seekto=3573
0:59:34.30,0:59:34.90,3574.30,3574.90,Michael Petrin,"Claremont School Board member - a 0.60 s fragment ('To.') completing 'I'm just saying we'd have' (314) with a 0.00 s gap, restated by him at 316 ('In my opinion, we'd have to eat that cost somewhere')",To.,Speaker 11,https://reflect-claremont.cablecast.tv/internetchannel/show/15994?site=1&seekto=3574
0:59:34.98,0:59:40.34,3574.98,3580.34,Michael Petrin,"Claremont School Board member (returned as a write-in in the March 2024 election) - CHAIR'S RECOGNITIONS straight into this voice: 'Mr.. Peter.' (70, conf 1.00), 'Mr.. Peter.' (90, conf 0.86), 'Mr. Patron.' (159, 308, conf 1.00) and 'Mr. Peterson?' (336, conf 0.49) - the four-way ASR garble family for Petrin. The chair then names the mover of the region ten motion as 'Mr. Peters' (76) and asks 'Mike, would you like to restate the motion' (123, conf 1.00) immediately before this voice restates it (124); she says she is 'actually in agreement with Mike on this' (104) about the amendment this voice moved (100, 102). Her tally at 129 puts 'Mister Patron' among the three voting aye. He reports the ad hoc communications committee with 'a quick update from Frank and I' (337). Frank Sprague addresses him as 'Mike' (323)","In my opinion, we'd have to eat that cost somewhere, right? And not by reducing staff.",Speaker 9,https://reflect-claremont.cablecast.tv/internetchannel/show/15994?site=1&seekto=3574
0:59:40.34,1:00:11.30,3580.34,3611.30,Arlene Hawkins,"Claremont School Board member; CHAIR of the SAU 6 joint board (re-elected SAU chair 4/11/2024) - CHAIR'S RECOGNITIONS straight into this voice: 'Arlene. And then.' (191, conf 1.00) and 'Next item agenda is the exploratory subcommittee update. Miss Hawkins and Mr. Pratt.' (250, 'Hawkins' conf 1.00), after which this voice delivers that report in the first person - 'Mr. Pratt and I met quite a while, and we went through all of the financial components' (254). Frank Sprague names her while agreeing with her position ('again, I agree with Mrs. Hawkins', 201, conf 1.00). The chair's tally at 129 puts 'Miss Hawkins' among the two voting against, and this voice carries the 'Nay, nay' at 128. Her SAU chairmanship is on this tape too: the chair says 'it sounds like you're the chair. So maybe having this be an item' (330) and this voice answers 'I can share it at the next essay, you mean and it will go in the packet prior to the meeting' (333)","So we just laid out everything, you know, with no recommendation, no thought, other than how does that impact the total picture? And the decision is totally in Unity's pants as to whether they their community votes to stay or to leave. But the reality currently is that 7.8% of saw costs do result in specific  amount of time. And I don't think that, again, I don't think that's ever been laid out before.",Speaker 11,https://reflect-claremont.cablecast.tv/internetchannel/show/15994?site=1&seekto=3580
1:00:11.46,1:00:36.26,3611.46,3636.26,Arlene Hawkins,"Claremont School Board member; CHAIR of the SAU 6 joint board (re-elected SAU chair 4/11/2024) - CHAIR'S RECOGNITIONS straight into this voice: 'Arlene. And then.' (191, conf 1.00) and 'Next item agenda is the exploratory subcommittee update. Miss Hawkins and Mr. Pratt.' (250, 'Hawkins' conf 1.00), after which this voice delivers that report in the first person - 'Mr. Pratt and I met quite a while, and we went through all of the financial components' (254). Frank Sprague names her while agreeing with her position ('again, I agree with Mrs. Hawkins', 201, conf 1.00). The chair's tally at 129 puts 'Miss Hawkins' among the two voting against, and this voice carries the 'Nay, nay' at 128. Her SAU chairmanship is on this tape too: the chair says 'it sounds like you're the chair. So maybe having this be an item' (330) and this voice answers 'I can share it at the next essay, you mean and it will go in the packet prior to the meeting' (333)","And the fact that the administrative team attends two meetings here and then a meeting at the s a year and then their unity meetings, that's a lot of additional time beyond their normal workday. So I think it was helpful that the board asked for this ad hoc committee, and we were able to really recognize where our where we are at.",Speaker 11,https://reflect-claremont.cablecast.tv/internetchannel/show/15994?site=1&seekto=3611
1:00:36.34,1:00:37.10,3636.34,3637.10,Frank Sprague,"VICE CHAIR, Claremont School Board (re-elected vice chair 3/20/2024) - CHAIR'S RECOGNITIONS straight into this voice: 'Frank was next.' (53), 'Did? Miss, Mr. Sprague.' (264) and 'Mr. Sprague, did you have' (322), 'Sprague' at conf 1.00 both times it is spoken in full. He gives his own biography in the form this corpus records elsewhere - 'having been a former guidance counselor and having been an administrator' (200) - names Hawkins in the third person ('I agree with Mrs. Hawkins', 201, conf 1.00) and addresses Petrin by first name ('No, Mike, I was going to use a little same analogy he did', 323, conf 1.00). Michael Petrin reports the ad hoc communications committee as 'a quick update from Frank and I' (337) and says 'Frank is going to do some digging' (339), and THIS voice picks up the next segment in the first person - 'So I'm also going to look at the strategic plan' (340) - which closes the identification. The chair's tally at 129 puts 'Mister Sprague' among the three voting aye. THE DIARIZER SPLIT HIS AND PETRIN'S VOICES ACROSS THIS CLUSTER AND SPEAKER 9; the crossings are reassigned by override",Nice job.,Speaker 7,https://reflect-claremont.cablecast.tv/internetchannel/show/15994?site=1&seekto=3636
1:00:37.34,1:00:38.38,3637.34,3638.38,Heather Whitney,"CHAIR, Claremont School Board (re-elected chair at the 3/20/2024 organizational meeting) - SHE IS NEVER NAMED ANYWHERE ON THIS RECORDING; a name scan for Whitney/Heather returns ZERO hits. The identification is closed-set elimination plus the public record: she calls the meeting to order (1, 'the September 4th, 2024 Clermont School board meeting'), asks the clerk for the roll (2), runs every agenda item, gives every recognition in the file ('Miss Crawford'; 'Mr. Peter' / 'Mr. Peters' / 'Mr. Patron' / 'Mr. Peterson' for Petrin; 'Frank' and 'Mr. Sprague'; 'Arlene' and 'Miss Hawkins'; 'Mr. Pratt') and adjourns the meeting (346). Her own announced tally at 129 - 'Motion passes with, Mister Patron, Mister Sprague and myself, voting in the affirmative, and Miss Crawford and Miss Hawkins voting against' - places her outside Petrin, Sprague, Crawford and Hawkins, leaving only Heather Whitney, Whitney Skillen and Bonnie Miles of the seven-member 2024 board; neither Skillen nor Miles was ever chair, and vice chair Sprague is in the room and not presiding. She also says 'being on the board for as long as I have now' (209) and sets the agenda with the superintendent ('when Mr. Pratt and I discussed adding this on to the agenda 45 minutes before the meeting', 234). NOT Whitney Skillen, whose first name is Whitney; Skillen is not audible anywhere in this file","Yeah, a lot of hard work.",Speaker 2,https://reflect-claremont.cablecast.tv/internetchannel/show/15994?site=1&seekto=3637
1:00:38.42,1:00:39.34,3638.42,3639.34,Arlene Hawkins,"Claremont School Board member; CHAIR of the SAU 6 joint board (re-elected SAU chair 4/11/2024) - CHAIR'S RECOGNITIONS straight into this voice: 'Arlene. And then.' (191, conf 1.00) and 'Next item agenda is the exploratory subcommittee update. Miss Hawkins and Mr. Pratt.' (250, 'Hawkins' conf 1.00), after which this voice delivers that report in the first person - 'Mr. Pratt and I met quite a while, and we went through all of the financial components' (254). Frank Sprague names her while agreeing with her position ('again, I agree with Mrs. Hawkins', 201, conf 1.00). The chair's tally at 129 puts 'Miss Hawkins' among the two voting against, and this voice carries the 'Nay, nay' at 128. Her SAU chairmanship is on this tape too: the chair says 'it sounds like you're the chair. So maybe having this be an item' (330) and this voice answers 'I can share it at the next essay, you mean and it will go in the packet prior to the meeting' (333)",We work together.,Speaker 11,https://reflect-claremont.cablecast.tv/internetchannel/show/15994?site=1&seekto=3638
1:00:39.54,1:00:40.54,3639.54,3640.54,Heather Whitney,"CHAIR, Claremont School Board (re-elected chair at the 3/20/2024 organizational meeting) - SHE IS NEVER NAMED ANYWHERE ON THIS RECORDING; a name scan for Whitney/Heather returns ZERO hits. The identification is closed-set elimination plus the public record: she calls the meeting to order (1, 'the September 4th, 2024 Clermont School board meeting'), asks the clerk for the roll (2), runs every agenda item, gives every recognition in the file ('Miss Crawford'; 'Mr. Peter' / 'Mr. Peters' / 'Mr. Patron' / 'Mr. Peterson' for Petrin; 'Frank' and 'Mr. Sprague'; 'Arlene' and 'Miss Hawkins'; 'Mr. Pratt') and adjourns the meeting (346). Her own announced tally at 129 - 'Motion passes with, Mister Patron, Mister Sprague and myself, voting in the affirmative, and Miss Crawford and Miss Hawkins voting against' - places her outside Petrin, Sprague, Crawford and Hawkins, leaving only Heather Whitney, Whitney Skillen and Bonnie Miles of the seven-member 2024 board; neither Skillen nor Miles was ever chair, and vice chair Sprague is in the room and not presiding. She also says 'being on the board for as long as I have now' (209) and sets the agenda with the superintendent ('when Mr. Pratt and I discussed adding this on to the agenda 45 minutes before the meeting', 234). NOT Whitney Skillen, whose first name is Whitney; Skillen is not audible anywhere in this file","Mr. Sprague, did you have.",Speaker 2,https://reflect-claremont.cablecast.tv/internetchannel/show/15994?site=1&seekto=3639
1:00:40.54,1:00:53.10,3640.54,3653.10,Frank Sprague,"VICE CHAIR, Claremont School Board (re-elected vice chair 3/20/2024) - CHAIR'S RECOGNITIONS straight into this voice: 'Frank was next.' (53), 'Did? Miss, Mr. Sprague.' (264) and 'Mr. Sprague, did you have' (322), 'Sprague' at conf 1.00 both times it is spoken in full. He gives his own biography in the form this corpus records elsewhere - 'having been a former guidance counselor and having been an administrator' (200) - names Hawkins in the third person ('I agree with Mrs. Hawkins', 201, conf 1.00) and addresses Petrin by first name ('No, Mike, I was going to use a little same analogy he did', 323, conf 1.00). Michael Petrin reports the ad hoc communications committee as 'a quick update from Frank and I' (337) and says 'Frank is going to do some digging' (339), and THIS voice picks up the next segment in the first person - 'So I'm also going to look at the strategic plan' (340) - which closes the identification. The chair's tally at 129 puts 'Mister Sprague' among the three voting aye. THE DIARIZER SPLIT HIS AND PETRIN'S VOICES ACROSS THIS CLUSTER AND SPEAKER 9; the crossings are reassigned by override","A comment? No, Mike,  I was going to use a little same analogy he did. It would be,  like if we lost 20 kids in the district and somebody said, well, 20 kids, you can cut a teacher. And that's.",Speaker 7,https://reflect-claremont.cablecast.tv/internetchannel/show/15994?site=1&seekto=3640
1:00:53.14,1:00:54.94,3653.14,3654.94,Candace Crawford,"Claremont School Board member (appointed 7/19/2023, re-elected March 2024); chair of the SRVRTC Visioning Committee - CHAIR'S RECOGNITIONS, each straight into this voice: 'Miss Crawford.' (19, 33, 285, 327) and 'Mr. Crawford.' (97, 194 - the ASR slipping Miss to Mr), every token at confidence 1.00. The chair also uses her first name twice, 'Candy, where did you see that?' (41, conf 1.00) and 'Chris, would you work with Candy' (50, conf 0.99), and confirms this voice as the seconder of the region ten motion ('seconded by Miss Crawford', 76) one segment after it says 'I'll second be happy to say' (75). She identifies herself as chair of the visioning committee ('as the chairperson of that, I'd be fine', 45), states her own no vote on the acting-title amendment ('I'll be voting. No... because I think the word acting should be in the title', 122), and the chair's tally names her among the two voting against (129). Her verbal tic 'I'd be happy to' (45, 75) also ties segment 20 to her",But they're only in. Right?,Speaker 1,https://reflect-claremont.cablecast.tv/internetchannel/show/15994?site=1&seekto=3653
1:00:55.02,1:00:56.54,3655.02,3656.54,Frank Sprague,"VICE CHAIR, Claremont School Board (re-elected vice chair 3/20/2024) - CHAIR'S RECOGNITIONS straight into this voice: 'Frank was next.' (53), 'Did? Miss, Mr. Sprague.' (264) and 'Mr. Sprague, did you have' (322), 'Sprague' at conf 1.00 both times it is spoken in full. He gives his own biography in the form this corpus records elsewhere - 'having been a former guidance counselor and having been an administrator' (200) - names Hawkins in the third person ('I agree with Mrs. Hawkins', 201, conf 1.00) and addresses Petrin by first name ('No, Mike, I was going to use a little same analogy he did', 323, conf 1.00). Michael Petrin reports the ad hoc communications committee as 'a quick update from Frank and I' (337) and says 'Frank is going to do some digging' (339), and THIS voice picks up the next segment in the first person - 'So I'm also going to look at the strategic plan' (340) - which closes the identification. The chair's tally at 129 puts 'Mister Sprague' among the three voting aye. THE DIARIZER SPLIT HIS AND PETRIN'S VOICES ACROSS THIS CLUSTER AND SPEAKER 9; the crossings are reassigned by override",It's one and a half in each grade.,Speaker 7,https://reflect-claremont.cablecast.tv/internetchannel/show/15994?site=1&seekto=3655
1:00:56.58,1:00:59.14,3656.58,3659.14,Candace Crawford,"Claremont School Board member (appointed 7/19/2023, re-elected March 2024); chair of the SRVRTC Visioning Committee - CHAIR'S RECOGNITIONS, each straight into this voice: 'Miss Crawford.' (19, 33, 285, 327) and 'Mr. Crawford.' (97, 194 - the ASR slipping Miss to Mr), every token at confidence 1.00. The chair also uses her first name twice, 'Candy, where did you see that?' (41, conf 1.00) and 'Chris, would you work with Candy' (50, conf 0.99), and confirms this voice as the seconder of the region ten motion ('seconded by Miss Crawford', 76) one segment after it says 'I'll second be happy to say' (75). She identifies herself as chair of the visioning committee ('as the chairperson of that, I'd be fine', 45), states her own no vote on the acting-title amendment ('I'll be voting. No... because I think the word acting should be in the title', 122), and the chair's tally names her among the two voting against (129). Her verbal tic 'I'd be happy to' (45, 75) also ties segment 20 to her",Yeah. All over the place. Yeah.,Speaker 1,https://reflect-claremont.cablecast.tv/internetchannel/show/15994?site=1&seekto=3656
1:00:59.22,1:01:01.30,3659.22,3661.30,Heather Whitney,"Chair, Claremont School Board - a chair's recognition ('Miss Crawford.', conf 1.00) filed by the diarizer with the business administrator's cluster; Crawford answers in the next segment (328) and every other recognition in the file is the chair's",Miss Crawford.,Speaker 8,https://reflect-claremont.cablecast.tv/internetchannel/show/15994?site=1&seekto=3659
1:01:01.38,1:01:24.70,3661.38,3684.70,Candace Crawford,"Claremont School Board member (appointed 7/19/2023, re-elected March 2024); chair of the SRVRTC Visioning Committee - CHAIR'S RECOGNITIONS, each straight into this voice: 'Miss Crawford.' (19, 33, 285, 327) and 'Mr. Crawford.' (97, 194 - the ASR slipping Miss to Mr), every token at confidence 1.00. The chair also uses her first name twice, 'Candy, where did you see that?' (41, conf 1.00) and 'Chris, would you work with Candy' (50, conf 0.99), and confirms this voice as the seconder of the region ten motion ('seconded by Miss Crawford', 76) one segment after it says 'I'll second be happy to say' (75). She identifies herself as chair of the visioning committee ('as the chairperson of that, I'd be fine', 45), states her own no vote on the acting-title amendment ('I'll be voting. No... because I think the word acting should be in the title', 122), and the chair's tally names her among the two voting against (129). Her verbal tic 'I'd be happy to' (45, 75) also ties segment 20 to her","I think this is a huge reality check for unity. And I think it helps clarify expectations for our saw administrative team. I know that they get pulled in all kinds of directions, and this clarifies where we grow the legions. Li.",Speaker 1,https://reflect-claremont.cablecast.tv/internetchannel/show/15994?site=1&seekto=3661
1:01:24.78,1:01:30.66,3684.78,3690.66,Arlene Hawkins,"Claremont School Board member; CHAIR of the SAU 6 joint board (re-elected SAU chair 4/11/2024) - CHAIR'S RECOGNITIONS straight into this voice: 'Arlene. And then.' (191, conf 1.00) and 'Next item agenda is the exploratory subcommittee update. Miss Hawkins and Mr. Pratt.' (250, 'Hawkins' conf 1.00), after which this voice delivers that report in the first person - 'Mr. Pratt and I met quite a while, and we went through all of the financial components' (254). Frank Sprague names her while agreeing with her position ('again, I agree with Mrs. Hawkins', 201, conf 1.00). The chair's tally at 129 puts 'Miss Hawkins' among the two voting against, and this voice carries the 'Nay, nay' at 128. Her SAU chairmanship is on this tape too: the chair says 'it sounds like you're the chair. So maybe having this be an item' (330) and this voice answers 'I can share it at the next essay, you mean and it will go in the packet prior to the meeting' (333)",So we are looking to the board the direction on what would you like us to do next?,Speaker 11,https://reflect-claremont.cablecast.tv/internetchannel/show/15994?site=1&seekto=3684
1:01:30.74,1:01:45.46,3690.74,3705.46,Heather Whitney,"CHAIR, Claremont School Board (re-elected chair at the 3/20/2024 organizational meeting) - SHE IS NEVER NAMED ANYWHERE ON THIS RECORDING; a name scan for Whitney/Heather returns ZERO hits. The identification is closed-set elimination plus the public record: she calls the meeting to order (1, 'the September 4th, 2024 Clermont School board meeting'), asks the clerk for the roll (2), runs every agenda item, gives every recognition in the file ('Miss Crawford'; 'Mr. Peter' / 'Mr. Peters' / 'Mr. Patron' / 'Mr. Peterson' for Petrin; 'Frank' and 'Mr. Sprague'; 'Arlene' and 'Miss Hawkins'; 'Mr. Pratt') and adjourns the meeting (346). Her own announced tally at 129 - 'Motion passes with, Mister Patron, Mister Sprague and myself, voting in the affirmative, and Miss Crawford and Miss Hawkins voting against' - places her outside Petrin, Sprague, Crawford and Hawkins, leaving only Heather Whitney, Whitney Skillen and Bonnie Miles of the seven-member 2024 board; neither Skillen nor Miles was ever chair, and vice chair Sprague is in the room and not presiding. She also says 'being on the board for as long as I have now' (209) and sets the agenda with the superintendent ('when Mr. Pratt and I discussed adding this on to the agenda 45 minutes before the meeting', 234). NOT Whitney Skillen, whose first name is Whitney; Skillen is not audible anywhere in this file","I think sharing this information with unity and, it sounds like you're the chair. So maybe having this be an item, I got it. Yeah.",Speaker 2,https://reflect-claremont.cablecast.tv/internetchannel/show/15994?site=1&seekto=3690
1:01:45.54,1:01:50.82,3705.54,3710.82,Arlene Hawkins,"Claremont School Board member; CHAIR of the SAU 6 joint board (re-elected SAU chair 4/11/2024) - CHAIR'S RECOGNITIONS straight into this voice: 'Arlene. And then.' (191, conf 1.00) and 'Next item agenda is the exploratory subcommittee update. Miss Hawkins and Mr. Pratt.' (250, 'Hawkins' conf 1.00), after which this voice delivers that report in the first person - 'Mr. Pratt and I met quite a while, and we went through all of the financial components' (254). Frank Sprague names her while agreeing with her position ('again, I agree with Mrs. Hawkins', 201, conf 1.00). The chair's tally at 129 puts 'Miss Hawkins' among the two voting against, and this voice carries the 'Nay, nay' at 128. Her SAU chairmanship is on this tape too: the chair says 'it sounds like you're the chair. So maybe having this be an item' (330) and this voice answers 'I can share it at the next essay, you mean and it will go in the packet prior to the meeting' (333)",I just was looking for direction from this board. Yes. To provide a report to the.,Speaker 11,https://reflect-claremont.cablecast.tv/internetchannel/show/15994?site=1&seekto=3705
1:01:50.90,1:01:51.39,3710.90,3711.39,Arlene Hawkins,"Claremont School Board member - a 0.49 s fragment ('Board that.') inside her own sentence, completing 'To provide a report to the' (331) and running on into 'In all fairness, in light of the research that unity is doing' (333)",Board that.,Speaker 1,https://reflect-claremont.cablecast.tv/internetchannel/show/15994?site=1&seekto=3710
1:01:51.58,1:02:12.82,3711.58,3732.82,Arlene Hawkins,"Claremont School Board member; CHAIR of the SAU 6 joint board (re-elected SAU chair 4/11/2024) - CHAIR'S RECOGNITIONS straight into this voice: 'Arlene. And then.' (191, conf 1.00) and 'Next item agenda is the exploratory subcommittee update. Miss Hawkins and Mr. Pratt.' (250, 'Hawkins' conf 1.00), after which this voice delivers that report in the first person - 'Mr. Pratt and I met quite a while, and we went through all of the financial components' (254). Frank Sprague names her while agreeing with her position ('again, I agree with Mrs. Hawkins', 201, conf 1.00). The chair's tally at 129 puts 'Miss Hawkins' among the two voting against, and this voice carries the 'Nay, nay' at 128. Her SAU chairmanship is on this tape too: the chair says 'it sounds like you're the chair. So maybe having this be an item' (330) and this voice answers 'I can share it at the next essay, you mean and it will go in the packet prior to the meeting' (333)","In all fairness, in light of the research that unity is doing to see what the implications may be, might not be. Moving forward to give them additional information as they move forward. Yes. So I can we can share that. I can share it at the next essay, you mean and it will go in the packet prior to the meeting.",Speaker 11,https://reflect-claremont.cablecast.tv/internetchannel/show/15994?site=1&seekto=3711
1:02:12.82,1:02:21.14,3732.82,3741.14,Arlene Hawkins,"Claremont School Board member; CHAIR of the SAU 6 joint board (re-elected SAU chair 4/11/2024) - CHAIR'S RECOGNITIONS straight into this voice: 'Arlene. And then.' (191, conf 1.00) and 'Next item agenda is the exploratory subcommittee update. Miss Hawkins and Mr. Pratt.' (250, 'Hawkins' conf 1.00), after which this voice delivers that report in the first person - 'Mr. Pratt and I met quite a while, and we went through all of the financial components' (254). Frank Sprague names her while agreeing with her position ('again, I agree with Mrs. Hawkins', 201, conf 1.00). The chair's tally at 129 puts 'Miss Hawkins' among the two voting against, and this voice carries the 'Nay, nay' at 128. Her SAU chairmanship is on this tape too: the chair says 'it sounds like you're the chair. So maybe having this be an item' (330) and this voice answers 'I can share it at the next essay, you mean and it will go in the packet prior to the meeting' (333)","So there are no surprises. I mean, it's it is what it is. It's fact. It's data.",Speaker 11,https://reflect-claremont.cablecast.tv/internetchannel/show/15994?site=1&seekto=3732
1:02:21.22,1:02:26.02,3741.22,3746.02,Arlene Hawkins,"Claremont School Board member; CHAIR of the SAU 6 joint board (re-elected SAU chair 4/11/2024) - CHAIR'S RECOGNITIONS straight into this voice: 'Arlene. And then.' (191, conf 1.00) and 'Next item agenda is the exploratory subcommittee update. Miss Hawkins and Mr. Pratt.' (250, 'Hawkins' conf 1.00), after which this voice delivers that report in the first person - 'Mr. Pratt and I met quite a while, and we went through all of the financial components' (254). Frank Sprague names her while agreeing with her position ('again, I agree with Mrs. Hawkins', 201, conf 1.00). The chair's tally at 129 puts 'Miss Hawkins' among the two voting against, and this voice carries the 'Nay, nay' at 128. Her SAU chairmanship is on this tape too: the chair says 'it sounds like you're the chair. So maybe having this be an item' (330) and this voice answers 'I can share it at the next essay, you mean and it will go in the packet prior to the meeting' (333)",Okay. Thank you.,Speaker 11,https://reflect-claremont.cablecast.tv/internetchannel/show/15994?site=1&seekto=3741
1:02:26.10,1:02:41.66,3746.10,3761.66,Heather Whitney,"CHAIR, Claremont School Board (re-elected chair at the 3/20/2024 organizational meeting) - SHE IS NEVER NAMED ANYWHERE ON THIS RECORDING; a name scan for Whitney/Heather returns ZERO hits. The identification is closed-set elimination plus the public record: she calls the meeting to order (1, 'the September 4th, 2024 Clermont School board meeting'), asks the clerk for the roll (2), runs every agenda item, gives every recognition in the file ('Miss Crawford'; 'Mr. Peter' / 'Mr. Peters' / 'Mr. Patron' / 'Mr. Peterson' for Petrin; 'Frank' and 'Mr. Sprague'; 'Arlene' and 'Miss Hawkins'; 'Mr. Pratt') and adjourns the meeting (346). Her own announced tally at 129 - 'Motion passes with, Mister Patron, Mister Sprague and myself, voting in the affirmative, and Miss Crawford and Miss Hawkins voting against' - places her outside Petrin, Sprague, Crawford and Hawkins, leaving only Heather Whitney, Whitney Skillen and Bonnie Miles of the seven-member 2024 board; neither Skillen nor Miles was ever chair, and vice chair Sprague is in the room and not presiding. She also says 'being on the board for as long as I have now' (209) and sets the agenda with the superintendent ('when Mr. Pratt and I discussed adding this on to the agenda 45 minutes before the meeting', 234). NOT Whitney Skillen, whose first name is Whitney; Skillen is not audible anywhere in this file","All right. Moving forward,  we do have a standing agenda item of subcommittee.  Updates. Is there any subcommittee chairs here that have had any new Mr. Peterson?",Speaker 2,https://reflect-claremont.cablecast.tv/internetchannel/show/15994?site=1&seekto=3746
1:02:41.74,1:03:13.94,3761.74,3793.94,Michael Petrin,"Claremont School Board member (returned as a write-in in the March 2024 election) - CHAIR'S RECOGNITIONS straight into this voice: 'Mr.. Peter.' (70, conf 1.00), 'Mr.. Peter.' (90, conf 0.86), 'Mr. Patron.' (159, 308, conf 1.00) and 'Mr. Peterson?' (336, conf 0.49) - the four-way ASR garble family for Petrin. The chair then names the mover of the region ten motion as 'Mr. Peters' (76) and asks 'Mike, would you like to restate the motion' (123, conf 1.00) immediately before this voice restates it (124); she says she is 'actually in agreement with Mike on this' (104) about the amendment this voice moved (100, 102). Her tally at 129 puts 'Mister Patron' among the three voting aye. He reports the ad hoc communications committee with 'a quick update from Frank and I' (337). Frank Sprague addresses him as 'Mike' (323)","Just a quick update from Frank and I. The ad hoc Committee for communications, just started some discussion around really what we're  kind of looking for us to do.  I know part of it is communication out to the public, whether that be via social media,  or different avenues.  Some discussion about, you know, whether, this school board secretary could be tasked with putting that information out.",Speaker 9,https://reflect-claremont.cablecast.tv/internetchannel/show/15994?site=1&seekto=3761
1:03:14.10,1:03:42.26,3794.10,3822.26,Michael Petrin,"Claremont School Board member (returned as a write-in in the March 2024 election) - CHAIR'S RECOGNITIONS straight into this voice: 'Mr.. Peter.' (70, conf 1.00), 'Mr.. Peter.' (90, conf 0.86), 'Mr. Patron.' (159, 308, conf 1.00) and 'Mr. Peterson?' (336, conf 0.49) - the four-way ASR garble family for Petrin. The chair then names the mover of the region ten motion as 'Mr. Peters' (76) and asks 'Mike, would you like to restate the motion' (123, conf 1.00) immediately before this voice restates it (124); she says she is 'actually in agreement with Mike on this' (104) about the amendment this voice moved (100, 102). Her tally at 129 puts 'Mister Patron' among the three voting aye. He reports the ad hoc communications committee with 'a quick update from Frank and I' (337). Frank Sprague addresses him as 'Mike' (323)","Obviously there's conversation and,  whether that's available or,  you know, Chelsea could, you know, who could put the information out if the board wants and chooses to, get a Facebook page back up and running?  We had some discussion about what would,  you put out as information. It's the agenda, the the link for the video, you know, different things.",Speaker 9,https://reflect-claremont.cablecast.tv/internetchannel/show/15994?site=1&seekto=3794
1:03:42.34,1:03:53.70,3822.34,3833.70,Michael Petrin,"Claremont School Board member (returned as a write-in in the March 2024 election) - CHAIR'S RECOGNITIONS straight into this voice: 'Mr.. Peter.' (70, conf 1.00), 'Mr.. Peter.' (90, conf 0.86), 'Mr. Patron.' (159, 308, conf 1.00) and 'Mr. Peterson?' (336, conf 0.49) - the four-way ASR garble family for Petrin. The chair then names the mover of the region ten motion as 'Mr. Peters' (76) and asks 'Mike, would you like to restate the motion' (123, conf 1.00) immediately before this voice restates it (124); she says she is 'actually in agreement with Mike on this' (104) about the amendment this voice moved (100, 102). Her tally at 129 puts 'Mister Patron' among the three voting aye. He reports the ad hoc communications committee with 'a quick update from Frank and I' (337). Frank Sprague addresses him as 'Mike' (323)","Frank is going to do some things to do some digging,  to other policies and other areas and what other places have, it affects the communication.",Speaker 9,https://reflect-claremont.cablecast.tv/internetchannel/show/15994?site=1&seekto=3822
1:03:53.70,1:04:19.58,3833.70,3859.58,Frank Sprague,"VICE CHAIR, Claremont School Board (re-elected vice chair 3/20/2024) - CHAIR'S RECOGNITIONS straight into this voice: 'Frank was next.' (53), 'Did? Miss, Mr. Sprague.' (264) and 'Mr. Sprague, did you have' (322), 'Sprague' at conf 1.00 both times it is spoken in full. He gives his own biography in the form this corpus records elsewhere - 'having been a former guidance counselor and having been an administrator' (200) - names Hawkins in the third person ('I agree with Mrs. Hawkins', 201, conf 1.00) and addresses Petrin by first name ('No, Mike, I was going to use a little same analogy he did', 323, conf 1.00). Michael Petrin reports the ad hoc communications committee as 'a quick update from Frank and I' (337) and says 'Frank is going to do some digging' (339), and THIS voice picks up the next segment in the first person - 'So I'm also going to look at the strategic plan' (340) - which closes the identification. The chair's tally at 129 puts 'Mister Sprague' among the three voting aye. THE DIARIZER SPLIT HIS AND PETRIN'S VOICES ACROSS THIS CLUSTER AND SPEAKER 9; the crossings are reassigned by override","So I'm also going to look at the strategic plan as it develops around communication. Make sure those are,  are meshing.  There are some models out there and it's more than just how we communicate board meetings, there's different types of communication.  So I'm interested in sort of developing some kind of a matrix  around different types of communication and who's responsible and how that happens.",Speaker 7,https://reflect-claremont.cablecast.tv/internetchannel/show/15994?site=1&seekto=3833
1:04:19.58,1:04:41.78,3859.58,3881.78,Frank Sprague,"VICE CHAIR, Claremont School Board (re-elected vice chair 3/20/2024) - CHAIR'S RECOGNITIONS straight into this voice: 'Frank was next.' (53), 'Did? Miss, Mr. Sprague.' (264) and 'Mr. Sprague, did you have' (322), 'Sprague' at conf 1.00 both times it is spoken in full. He gives his own biography in the form this corpus records elsewhere - 'having been a former guidance counselor and having been an administrator' (200) - names Hawkins in the third person ('I agree with Mrs. Hawkins', 201, conf 1.00) and addresses Petrin by first name ('No, Mike, I was going to use a little same analogy he did', 323, conf 1.00). Michael Petrin reports the ad hoc communications committee as 'a quick update from Frank and I' (337) and says 'Frank is going to do some digging' (339), and THIS voice picks up the next segment in the first person - 'So I'm also going to look at the strategic plan' (340) - which closes the identification. The chair's tally at 129 puts 'Mister Sprague' among the three voting aye. THE DIARIZER SPLIT HIS AND PETRIN'S VOICES ACROSS THIS CLUSTER AND SPEAKER 9; the crossings are reassigned by override","And so really, looking at putting together a and looking at our own rules and regulations around how, for example, under emergency communication, who's the spokesman? And just another place to clarify all that around communication. So so we'll have something for you. So.",Speaker 7,https://reflect-claremont.cablecast.tv/internetchannel/show/15994?site=1&seekto=3859
1:04:41.86,1:05:11.46,3881.86,3911.46,Heather Whitney,"CHAIR, Claremont School Board (re-elected chair at the 3/20/2024 organizational meeting) - SHE IS NEVER NAMED ANYWHERE ON THIS RECORDING; a name scan for Whitney/Heather returns ZERO hits. The identification is closed-set elimination plus the public record: she calls the meeting to order (1, 'the September 4th, 2024 Clermont School board meeting'), asks the clerk for the roll (2), runs every agenda item, gives every recognition in the file ('Miss Crawford'; 'Mr. Peter' / 'Mr. Peters' / 'Mr. Patron' / 'Mr. Peterson' for Petrin; 'Frank' and 'Mr. Sprague'; 'Arlene' and 'Miss Hawkins'; 'Mr. Pratt') and adjourns the meeting (346). Her own announced tally at 129 - 'Motion passes with, Mister Patron, Mister Sprague and myself, voting in the affirmative, and Miss Crawford and Miss Hawkins voting against' - places her outside Petrin, Sprague, Crawford and Hawkins, leaving only Heather Whitney, Whitney Skillen and Bonnie Miles of the seven-member 2024 board; neither Skillen nor Miles was ever chair, and vice chair Sprague is in the room and not presiding. She also says 'being on the board for as long as I have now' (209) and sets the agenda with the superintendent ('when Mr. Pratt and I discussed adding this on to the agenda 45 minutes before the meeting', 234). NOT Whitney Skillen, whose first name is Whitney; Skillen is not audible anywhere in this file","Well thank you for working on that. It's something that we've been looking to make improvements on for quite a while, so it's greatly appreciated.  Any other. No no, no. Okay.  Other business we do have,  I wanted to announce to the community that  we are that the saw Office administrative team has set up a date for community engagement related to our strategic plan.",Speaker 2,https://reflect-claremont.cablecast.tv/internetchannel/show/15994?site=1&seekto=3881
1:05:11.54,1:05:21.38,3911.54,3921.38,Heather Whitney,"CHAIR, Claremont School Board (re-elected chair at the 3/20/2024 organizational meeting) - SHE IS NEVER NAMED ANYWHERE ON THIS RECORDING; a name scan for Whitney/Heather returns ZERO hits. The identification is closed-set elimination plus the public record: she calls the meeting to order (1, 'the September 4th, 2024 Clermont School board meeting'), asks the clerk for the roll (2), runs every agenda item, gives every recognition in the file ('Miss Crawford'; 'Mr. Peter' / 'Mr. Peters' / 'Mr. Patron' / 'Mr. Peterson' for Petrin; 'Frank' and 'Mr. Sprague'; 'Arlene' and 'Miss Hawkins'; 'Mr. Pratt') and adjourns the meeting (346). Her own announced tally at 129 - 'Motion passes with, Mister Patron, Mister Sprague and myself, voting in the affirmative, and Miss Crawford and Miss Hawkins voting against' - places her outside Petrin, Sprague, Crawford and Hawkins, leaving only Heather Whitney, Whitney Skillen and Bonnie Miles of the seven-member 2024 board; neither Skillen nor Miles was ever chair, and vice chair Sprague is in the room and not presiding. She also says 'being on the board for as long as I have now' (209) and sets the agenda with the superintendent ('when Mr. Pratt and I discussed adding this on to the agenda 45 minutes before the meeting', 234). NOT Whitney Skillen, whose first name is Whitney; Skillen is not audible anywhere in this file","And for Claremont, it will be held for all citizens. Parents  of Claremont on September 25th. At what time?",Speaker 2,https://reflect-claremont.cablecast.tv/internetchannel/show/15994?site=1&seekto=3911
1:05:21.42,1:05:24.14,3921.42,3924.14,Chris Pratt,"SUPERINTENDENT OF SCHOOLS, SAU 6 - CHAIR'S RECOGNITIONS straight into this voice: 'The presentation will be from Mr. Pratt' (27), 'Mr. Pratt yeah.' (87) and 'Miss Hawkins and Mr. Pratt' (250), all at conf 1.00. Arlene Hawkins addresses him mid-report ('Did I say that correctly, Mr. Pratt?', 304) and vouches for him ('I have every faith in Mr. Pratt', 228); Candace Crawford says 'I talked to Superintendent Pratt before the meeting' (236); the chair calls him 'Chris' at 50. He speaks as superintendent in the first person: 'I do a lot of the oversight already as superintendent' (166), 'as a superintendent here, you know, in this district' (203), 'as a superintendent you're doing the work anyways' (183). He reports obtaining his level one CTE director/principal licence and lays out the three tech-center administration options. NOTE FOR THE RECORD, NOT HARMONISED: this voice also says 'I've known her for for many years and I've given her a lot of things over the years when I was a superintendent in, in Vermont' (206, 'Vermont' conf 1.00), 'I also know from working in Massachusetts and Vermont' (220), 'I'm still relatively new to the community' (231), 'being new around the table' (38) and 'my second week on' (35) - which sits oddly with the project record of Chris Pratt as the long-serving Stevens High School principal. Quoted as spoken; not reconciled here",6:00 at the Stevens High School auditorium.,Speaker 5,https://reflect-claremont.cablecast.tv/internetchannel/show/15994?site=1&seekto=3921
1:05:24.22,1:05:50.74,3924.22,3950.74,Heather Whitney,"CHAIR, Claremont School Board (re-elected chair at the 3/20/2024 organizational meeting) - SHE IS NEVER NAMED ANYWHERE ON THIS RECORDING; a name scan for Whitney/Heather returns ZERO hits. The identification is closed-set elimination plus the public record: she calls the meeting to order (1, 'the September 4th, 2024 Clermont School board meeting'), asks the clerk for the roll (2), runs every agenda item, gives every recognition in the file ('Miss Crawford'; 'Mr. Peter' / 'Mr. Peters' / 'Mr. Patron' / 'Mr. Peterson' for Petrin; 'Frank' and 'Mr. Sprague'; 'Arlene' and 'Miss Hawkins'; 'Mr. Pratt') and adjourns the meeting (346). Her own announced tally at 129 - 'Motion passes with, Mister Patron, Mister Sprague and myself, voting in the affirmative, and Miss Crawford and Miss Hawkins voting against' - places her outside Petrin, Sprague, Crawford and Hawkins, leaving only Heather Whitney, Whitney Skillen and Bonnie Miles of the seven-member 2024 board; neither Skillen nor Miles was ever chair, and vice chair Sprague is in the room and not presiding. She also says 'being on the board for as long as I have now' (209) and sets the agenda with the superintendent ('when Mr. Pratt and I discussed adding this on to the agenda 45 minutes before the meeting', 234). NOT Whitney Skillen, whose first name is Whitney; Skillen is not audible anywhere in this file","And it will be an opportunity for the community and the parents and students, if appropriate, to get a look at how the the strategic plan is being developed and have an opportunity for input  as parents and community members.  We also have an Saw six board meeting on the 12th. Our other board meeting for Claremont is on the 18th.",Speaker 2,https://reflect-claremont.cablecast.tv/internetchannel/show/15994?site=1&seekto=3924
1:05:50.82,1:06:11.66,3950.82,3971.66,Heather Whitney,"CHAIR, Claremont School Board (re-elected chair at the 3/20/2024 organizational meeting) - SHE IS NEVER NAMED ANYWHERE ON THIS RECORDING; a name scan for Whitney/Heather returns ZERO hits. The identification is closed-set elimination plus the public record: she calls the meeting to order (1, 'the September 4th, 2024 Clermont School board meeting'), asks the clerk for the roll (2), runs every agenda item, gives every recognition in the file ('Miss Crawford'; 'Mr. Peter' / 'Mr. Peters' / 'Mr. Patron' / 'Mr. Peterson' for Petrin; 'Frank' and 'Mr. Sprague'; 'Arlene' and 'Miss Hawkins'; 'Mr. Pratt') and adjourns the meeting (346). Her own announced tally at 129 - 'Motion passes with, Mister Patron, Mister Sprague and myself, voting in the affirmative, and Miss Crawford and Miss Hawkins voting against' - places her outside Petrin, Sprague, Crawford and Hawkins, leaving only Heather Whitney, Whitney Skillen and Bonnie Miles of the seven-member 2024 board; neither Skillen nor Miles was ever chair, and vice chair Sprague is in the room and not presiding. She also says 'being on the board for as long as I have now' (209) and sets the agenda with the superintendent ('when Mr. Pratt and I discussed adding this on to the agenda 45 minutes before the meeting', 234). NOT Whitney Skillen, whose first name is Whitney; Skillen is not audible anywhere in this file","We are moving forward with our joint City Council and Claremont School Board meeting on the 30th, and we have our finance subcommittee dates already in the books as well. So unless there's any questions, comments, concerns, I would like to adjourn the meeting. Seeing no objection. Meeting is adjourned.",Speaker 2,https://reflect-claremont.cablecast.tv/internetchannel/show/15994?site=1&seekto=3950
