Start,End,Start (sec),End (sec),Speaker,Role,Dialogue,Diarized As,Video URL
0:00:00.62,0:00:01.10,0.62,1.10,Candace Crawford,"School Board Member; presiding member, Finance Subcommittee",Okay.,Speaker 1,https://reflect-claremont.cablecast.tv/internetchannel/show/17029?site=1&seekto=0
0:00:01.18,0:00:05.70,1.18,5.70,Heather Whitney,School Board Chair; Finance Subcommittee member (uncertain — identified as the 'Heather' the presiding member named as her co-presenter; one of only two committee members present),"Explain to me afterwards.  In a moment, please.",Speaker 2,https://reflect-claremont.cablecast.tv/internetchannel/show/17029?site=1&seekto=1
0:00:05.78,0:00:39.62,5.78,39.62,Candace Crawford,"School Board Member; presiding member, Finance Subcommittee","Okay. Good morning everybody.  Today is  Wednesday, December 10th, and this is the meeting of the Claremont School Board Finance Committee meeting.  This is our first,  budget analysis meeting, if you will. And we're having it here at the tech center so it can be broadcast.  For folks who might not be able to make it here in the building,  I would like to introduce make us opening statement.",Speaker 1,https://reflect-claremont.cablecast.tv/internetchannel/show/17029?site=1&seekto=5
0:00:39.66,0:01:04.46,39.66,64.46,Candace Crawford,"School Board Member; presiding member, Finance Subcommittee","And I think it's really important to keep these, these points in mind as we're going over this.  In the past years, the budget process has included a review of last year's approved budget and then a review of year to date expenditures. Additionally, school administration has presented ideas, programs, expenses they think would improve education in the next year.",Speaker 1,https://reflect-claremont.cablecast.tv/internetchannel/show/17029?site=1&seekto=39
0:01:04.54,0:01:31.90,64.54,91.90,Candace Crawford,"School Board Member; presiding member, Finance Subcommittee","This process cannot be followed in the same way this time around because of the following number one references to past budgets aren't going to work.  Because their error is significant significant errors in the last year's budget. So to use that as a reference point is, is ridiculous.  And that's because they were incorrect amounts entered in the approved budget.",Speaker 1,https://reflect-claremont.cablecast.tv/internetchannel/show/17029?site=1&seekto=64
0:01:31.90,0:02:02.18,91.90,122.18,Candace Crawford,"School Board Member; presiding member, Finance Subcommittee","In the approved budget. So the approved budget had some errors. Number two, the actual spending over budget was significant. Number three, there were unexpected  expenses during the year.  This current year that we did not foresee.  Sped, of course.  There were some additional expenditures there.  The statewide building billing. Excuse me, for additional school care costs of 868,000.",Speaker 1,https://reflect-claremont.cablecast.tv/internetchannel/show/17029?site=1&seekto=91
0:02:02.42,0:02:36.82,122.42,156.82,Candace Crawford,"School Board Member; presiding member, Finance Subcommittee","That was a significant amount. And  health care variances.  And so the third one is this year, we have had prior year bills that we've had to pay this year that really weren't part of this year's budget, but we had to pay them in this year's money. And so to look at expenditures in this year's budget is,  is a little problematic because it's artificially high, because of having to pay last year's  items.",Speaker 1,https://reflect-claremont.cablecast.tv/internetchannel/show/17029?site=1&seekto=122
0:02:36.90,0:02:59.23,156.90,179.23,Candace Crawford,"School Board Member; presiding member, Finance Subcommittee","Okay. So that sets the stage of why we can't use the current year's budget as a model going forward. There are also three considerations, at least three that I know of driving this budget process.  And I think it's important for everyone to recognize that this is our priority. These are our priorities. Number one, it's student achievement.",Speaker 1,https://reflect-claremont.cablecast.tv/internetchannel/show/17029?site=1&seekto=156
0:02:59.26,0:03:32.50,179.26,212.50,Candace Crawford,"School Board Member; presiding member, Finance Subcommittee","We want to focus on student achievement. We have to get student achievement up.  The second is the student achievement. Some of it is driven by school configuration.  That has that impacts,  a school achievement. It impacts the budget. And we're looking and it also is impacted by  population models. And third, we also in the whole bunch of process.",Speaker 1,https://reflect-claremont.cablecast.tv/internetchannel/show/17029?site=1&seekto=179
0:03:32.54,0:04:04.38,212.54,244.38,Candace Crawford,"School Board Member; presiding member, Finance Subcommittee",Of course we  are always sensitive to the financial impact on the property tax rate. Those are  three consecutive concentric circles that we we focus on.  The school configuration needs a little further explanation. Declining student populations in Claremont must be considered. I know this is a really high topic and people are having a difficult time. I've talked to a number of people and I don't think they realize this and that.,Speaker 1,https://reflect-claremont.cablecast.tv/internetchannel/show/17029?site=1&seekto=212
0:04:04.46,0:04:33.66,244.46,273.66,Candace Crawford,"School Board Member; presiding member, Finance Subcommittee","As soon as I'm done, it's going to give us some information, hard data about that,  about the impacts of that.  Obviously our buildings and the,  the condition of our current buildings.  We've been running on shoestring budgets for way too long, and we haven't addressed up updates to many of our buildings. And so we need to talk about that.",Speaker 1,https://reflect-claremont.cablecast.tv/internetchannel/show/17029?site=1&seekto=244
0:04:33.74,0:05:01.98,273.74,301.98,Candace Crawford,"School Board Member; presiding member, Finance Subcommittee","And  we also want to see how,  how can we deliver services to students in the best way to improve their achievement. How can we utilize our staff most effectively to increase student achievement? There will be three options presented during our discussions, and I want everyone to realize that. But there will be no, we're not making any decisions here, folks.",Speaker 1,https://reflect-claremont.cablecast.tv/internetchannel/show/17029?site=1&seekto=273
0:05:02.06,0:05:32.90,302.06,332.90,Candace Crawford,"School Board Member; presiding member, Finance Subcommittee","We're just gathering data. And,  we will be talking about the relative merits and drawbacks of the various models.  And I'm sure that the public has thoughts and questions regarding that, but the finance committee meetings isn't the place for that discussion. The public meeting, public school board meeting is where those issues will be addressed.  So the three models that we will be talking about.",Speaker 1,https://reflect-claremont.cablecast.tv/internetchannel/show/17029?site=1&seekto=302
0:05:32.94,0:06:10.06,332.94,370.06,Candace Crawford,"School Board Member; presiding member, Finance Subcommittee","Number one is maintaining the current for school setup with two elementary schools that are grades K through five. The Claremont Middle School six through eight, and Stevens High School nine through 12. The second model is continue to have four schools. But we're going to. But proposing changing the forward to Disney  would be K through two and Maple would be three through five and seems would continue to be six through eight and Stevens would be nine through 12.",Speaker 1,https://reflect-claremont.cablecast.tv/internetchannel/show/17029?site=1&seekto=332
0:06:10.14,0:06:36.38,370.14,396.38,Candace Crawford,"School Board Member; presiding member, Finance Subcommittee","And then there is the three school model, which means that there would be one elementary school gate grades three through six. The middle school would be grades four. Sorry. Grades K through three. Then the middle school would be grades four through six, and Stevens High School would be grades seven through 12. And,  we will learn about those Ferris models.",Speaker 1,https://reflect-claremont.cablecast.tv/internetchannel/show/17029?site=1&seekto=370
0:06:36.50,0:07:04.82,396.50,424.82,Candace Crawford,"School Board Member; presiding member, Finance Subcommittee","And it's important for all of us to keep an open mind and to see the relative merits and drawbacks of all of those.  Additionally, I just want to say that these these public  finance committee meetings are  work meetings.  And I guess I've said that before, there'll be time for questions from the public about just technical things, but input will take place at regular school board meetings.",Speaker 1,https://reflect-claremont.cablecast.tv/internetchannel/show/17029?site=1&seekto=396
0:07:04.90,0:07:28.98,424.90,448.98,Candace Crawford,"School Board Member; presiding member, Finance Subcommittee","And then finally, we will have future meetings. Just so everyone knows, Friday in two days, we will have an additional meeting here and we will follow up on what we don't get done today. Wednesday, December 17th is  for the school board and we'll be giving a budget update to the full board. Heather and I will do that.  January 7th is a school board meeting.",Speaker 1,https://reflect-claremont.cablecast.tv/internetchannel/show/17029?site=1&seekto=424
0:07:29.06,0:07:59.78,449.06,479.78,Candace Crawford,"School Board Member; presiding member, Finance Subcommittee","We will be updating the board. Then on January 21st, we will have to have a hearing on the budget. And after the hearing,  the board will adopt a a budget.  Obviously on the 22nd. Sorry,  on January 7th, the but the board will have to adopt a budget to be presented at the hearing, but the final adoption won't be until after the hearing.",Speaker 1,https://reflect-claremont.cablecast.tv/internetchannel/show/17029?site=1&seekto=449
0:08:00.02,0:08:32.02,480.02,512.02,Candace Crawford,"School Board Member; presiding member, Finance Subcommittee","So I just want to make that clear what the process is.  So, given all that, I think that we're going to begin today first with  Matt giving us some information about the  populations, the, the, the five, ten year populations.  And as you might have heard, Nasdaq  provides that service to us. It's part of our membership fees.",Speaker 1,https://reflect-claremont.cablecast.tv/internetchannel/show/17029?site=1&seekto=480
0:08:32.06,0:08:46.06,512.06,526.06,Candace Crawford,"School Board Member; presiding member, Finance Subcommittee","Our fees include that. And  we haven't had to pay additional monies for that service. So we have hard data. And  Matt, would you please help us with that?",Speaker 1,https://reflect-claremont.cablecast.tv/internetchannel/show/17029?site=1&seekto=512
0:08:46.10,0:08:58.86,526.10,538.86,Matt Angell,"Interim Business Administrator, SAU 6","Yeah.  Let's see the amount that we paid for that, because I know that came up as a as a question before. I have the invoice right here. No sugar. I think it was like,  2000.",Speaker 3,https://reflect-claremont.cablecast.tv/internetchannel/show/17029?site=1&seekto=526
0:08:58.94,0:08:59.66,538.94,539.66,Heather Whitney,School Board Chair; Finance Subcommittee member (uncertain — identified as the 'Heather' the presiding member named as her co-presenter; one of only two committee members present),Yeah. It wasn't much.,Speaker 2,https://reflect-claremont.cablecast.tv/internetchannel/show/17029?site=1&seekto=538
0:08:59.70,0:09:03.02,539.70,543.02,Matt Angell,"Interim Business Administrator, SAU 6","Like $858, which represented the dues.",Speaker 3,https://reflect-claremont.cablecast.tv/internetchannel/show/17029?site=1&seekto=539
0:09:03.10,0:09:04.50,543.10,544.50,Candace Crawford,"School Board Member; presiding member, Finance Subcommittee",It's our dues. Right.,Speaker 1,https://reflect-claremont.cablecast.tv/internetchannel/show/17029?site=1&seekto=543
0:09:04.54,0:09:07.74,544.54,547.74,Matt Angell,"Interim Business Administrator, SAU 6","Or is it $2,585?",Speaker 3,https://reflect-claremont.cablecast.tv/internetchannel/show/17029?site=1&seekto=544
0:09:07.98,0:09:11.62,547.98,551.62,Candace Crawford,"School Board Member; presiding member, Finance Subcommittee",And so the 2500 to $3000 range?,Speaker 1,https://reflect-claremont.cablecast.tv/internetchannel/show/17029?site=1&seekto=547
0:09:11.66,0:09:12.46,551.66,552.46,Matt Angell,"Interim Business Administrator, SAU 6",Yes.,Speaker 3,https://reflect-claremont.cablecast.tv/internetchannel/show/17029?site=1&seekto=551
0:09:12.54,0:09:14.14,552.54,554.14,Candace Crawford,"School Board Member; presiding member, Finance Subcommittee",For dues.,Speaker 1,https://reflect-claremont.cablecast.tv/internetchannel/show/17029?site=1&seekto=552
0:09:14.22,0:09:34.38,554.22,574.38,Matt Angell,"Interim Business Administrator, SAU 6","Included as part of those dues, they they gave us a  an. I'm sorry. I just found the invoice. They gave us an enrollment projection. Okay, okay. Got it. And so it's a ten year enrollment projection. And what they're projecting for next fiscal year or next school year is  1379 students.",Speaker 3,https://reflect-claremont.cablecast.tv/internetchannel/show/17029?site=1&seekto=554
0:09:34.46,0:09:37.34,574.46,577.34,Candace Crawford,"School Board Member; presiding member, Finance Subcommittee","So, so for 2627.",Speaker 1,https://reflect-claremont.cablecast.tv/internetchannel/show/17029?site=1&seekto=574
0:09:37.50,0:09:38.66,577.50,578.66,Heather Whitney,School Board Chair; Finance Subcommittee member (uncertain — identified as the 'Heather' the presiding member named as her co-presenter; one of only two committee members present),Fiscal year 27. Yeah.,Speaker 2,https://reflect-claremont.cablecast.tv/internetchannel/show/17029?site=1&seekto=577
0:09:38.70,0:09:40.86,578.70,580.86,Candace Crawford,"School Board Member; presiding member, Finance Subcommittee","Yeah. It is. Say that again, please.",Speaker 1,https://reflect-claremont.cablecast.tv/internetchannel/show/17029?site=1&seekto=578
0:09:40.90,0:10:07.62,580.90,607.62,Matt Angell,"Interim Business Administrator, SAU 6","1379. Okay.  Now, just so you understand, I just couldn't tangent here for a second when we're doing the budget model. We're doing  enrollment projections based upon what the building principles are saying. Okay. Because they felt that the numbers that Nasdaq was projecting was incorrect. Okay. So,  when we do the,  when we go through those, you're going to see a discrepancy.",Speaker 3,https://reflect-claremont.cablecast.tv/internetchannel/show/17029?site=1&seekto=580
0:10:07.70,0:10:07.98,607.70,607.98,Matt Angell,"Interim Business Administrator, SAU 6",Okay.,Speaker 3,https://reflect-claremont.cablecast.tv/internetchannel/show/17029?site=1&seekto=607
0:10:08.02,0:10:09.10,608.02,609.10,Candace Crawford,"School Board Member; presiding member, Finance Subcommittee",Okay.,Speaker 1,https://reflect-claremont.cablecast.tv/internetchannel/show/17029?site=1&seekto=608
0:10:09.18,0:10:39.42,609.18,639.42,Matt Angell,"Interim Business Administrator, SAU 6","So but back to the report in ten years. Nasdaq is estimating,  k 12 to be 1089 students. Okay. So  as part of the model, the school models that I've been  talking to the school board about is,  you can have for school model three school model and a two school model. And at some point when you get down to ten.",Speaker 3,https://reflect-claremont.cablecast.tv/internetchannel/show/17029?site=1&seekto=609
0:10:39.50,0:10:44.06,639.50,644.06,Matt Angell,"Interim Business Administrator, SAU 6","Sorry. 1089 students, you're really looking at a two school model.",Speaker 3,https://reflect-claremont.cablecast.tv/internetchannel/show/17029?site=1&seekto=639
0:10:44.30,0:10:46.02,644.30,646.02,Candace Crawford,"School Board Member; presiding member, Finance Subcommittee",So that's a ten year projection?,Speaker 1,https://reflect-claremont.cablecast.tv/internetchannel/show/17029?site=1&seekto=644
0:10:46.10,0:10:46.30,646.10,646.30,Heather Whitney,School Board Chair; Finance Subcommittee member (uncertain — identified as the 'Heather' the presiding member named as her co-presenter; one of only two committee members present),Yeah.,Speaker 2,https://reflect-claremont.cablecast.tv/internetchannel/show/17029?site=1&seekto=646
0:10:46.34,0:10:48.90,646.34,648.90,Candace Crawford,"School Board Member; presiding member, Finance Subcommittee",Correct. Okay. Okay. Yep.,Speaker 1,https://reflect-claremont.cablecast.tv/internetchannel/show/17029?site=1&seekto=646
0:10:48.98,0:11:14.54,648.98,674.54,Matt Angell,"Interim Business Administrator, SAU 6","I've also been talking to the school board in the in the way that, if you're going to go to a two school model, what I recommend is,  trying to keep a for school model open for next year so that you can have open space  at one so that at for one of the years, you can actually keep the middle school free of students.",Speaker 3,https://reflect-claremont.cablecast.tv/internetchannel/show/17029?site=1&seekto=648
0:11:14.58,0:11:20.90,674.58,680.90,Matt Angell,"Interim Business Administrator, SAU 6",So you're going to move the middle school to the high school and then rehab the middle school into an elementary school.,Speaker 3,https://reflect-claremont.cablecast.tv/internetchannel/show/17029?site=1&seekto=674
0:11:20.94,0:11:23.14,680.94,683.14,Candace Crawford,"School Board Member; presiding member, Finance Subcommittee",Okay. So you're talking about okay.,Speaker 1,https://reflect-claremont.cablecast.tv/internetchannel/show/17029?site=1&seekto=680
0:11:23.18,0:11:31.30,683.18,691.30,Matt Angell,"Interim Business Administrator, SAU 6","I'm just telling you model to make sure everything is out there. Okay. All right. Yep. So,  But.",Speaker 3,https://reflect-claremont.cablecast.tv/internetchannel/show/17029?site=1&seekto=683
0:11:31.38,0:11:55.30,691.38,715.30,Candace Crawford,"School Board Member; presiding member, Finance Subcommittee","Okay, so. So what I hear you saying is you're giving us the the projections for population. Yeah. And,  can you enlighten us?  Obviously, Nasdaq has done this before.  The reliability of their data has got to be their.",Speaker 1,https://reflect-claremont.cablecast.tv/internetchannel/show/17029?site=1&seekto=691
0:11:55.38,0:12:04.26,715.38,724.26,Matt Angell,"Interim Business Administrator, SAU 6","Well, I okay, I have, I have used  the I've used reports before.",Speaker 3,https://reflect-claremont.cablecast.tv/internetchannel/show/17029?site=1&seekto=715
0:12:04.42,0:12:05.30,724.42,725.30,Heather Whitney,School Board Chair; Finance Subcommittee member (uncertain — identified as the 'Heather' the presiding member named as her co-presenter; one of only two committee members present),Yeah.,Speaker 2,https://reflect-claremont.cablecast.tv/internetchannel/show/17029?site=1&seekto=724
0:12:05.38,0:12:13.90,725.38,733.90,Matt Angell,"Interim Business Administrator, SAU 6","And  in my last school district, after ten years, it was like off by 20 students. So it's it's.",Speaker 3,https://reflect-claremont.cablecast.tv/internetchannel/show/17029?site=1&seekto=725
0:12:13.94,0:12:14.66,733.94,734.66,Candace Crawford,"School Board Member; presiding member, Finance Subcommittee",Pretty reliable.,Speaker 1,https://reflect-claremont.cablecast.tv/internetchannel/show/17029?site=1&seekto=733
0:12:14.70,0:12:30.02,734.70,750.02,Matt Angell,"Interim Business Administrator, SAU 6","Pretty reliable. Now, I do want to say I've had communications with other school board members about the two school model, about rehabbing the middle school, and they asked if I'm going to be here to do it. And I said, I'm not okay. It's just not going to happen.",Speaker 3,https://reflect-claremont.cablecast.tv/internetchannel/show/17029?site=1&seekto=734
0:12:30.06,0:12:48.86,750.06,768.86,Heather Whitney,School Board Chair; Finance Subcommittee member (uncertain — identified as the 'Heather' the presiding member named as her co-presenter; one of only two committee members present),"Go ahead. So my question is about. So what I hear is the two school, the four school model for next year. The decision to keep the four school model is predicated. The wisdom of keeping the four school model is predicated on the functional rationale that we would be then going to a two school model. Yes.",Speaker 2,https://reflect-claremont.cablecast.tv/internetchannel/show/17029?site=1&seekto=750
0:12:48.98,0:12:50.74,768.98,770.74,Candace Crawford,"School Board Member; presiding member, Finance Subcommittee",That it would be an interim step.,Speaker 1,https://reflect-claremont.cablecast.tv/internetchannel/show/17029?site=1&seekto=768
0:12:50.90,0:12:58.74,770.90,778.74,Heather Whitney,School Board Chair; Finance Subcommittee member (uncertain — identified as the 'Heather' the presiding member named as her co-presenter; one of only two committee members present),An interim step within an X year period of time. Yeah.  So that's the only rationale for keeping.,Speaker 2,https://reflect-claremont.cablecast.tv/internetchannel/show/17029?site=1&seekto=770
0:12:58.78,0:12:59.78,778.78,779.78,Matt Angell,"Interim Business Administrator, SAU 6",That's the only rationale.,Speaker 3,https://reflect-claremont.cablecast.tv/internetchannel/show/17029?site=1&seekto=778
0:12:59.98,0:13:00.62,779.98,780.62,Heather Whitney,School Board Chair; Finance Subcommittee member (uncertain — identified as the 'Heather' the presiding member named as her co-presenter; one of only two committee members present),For school.,Speaker 2,https://reflect-claremont.cablecast.tv/internetchannel/show/17029?site=1&seekto=779
0:13:00.62,0:13:02.74,780.62,782.74,Matt Angell,"Interim Business Administrator, SAU 6",Model given. Yeah.,Speaker 3,https://reflect-claremont.cablecast.tv/internetchannel/show/17029?site=1&seekto=780
0:13:02.82,0:13:11.54,782.82,791.54,Heather Whitney,School Board Chair; Finance Subcommittee member (uncertain — identified as the 'Heather' the presiding member named as her co-presenter; one of only two committee members present),Fiscally or educationally would be the understanding that that is a step towards a two school model. Yes.,Speaker 2,https://reflect-claremont.cablecast.tv/internetchannel/show/17029?site=1&seekto=782
0:13:11.62,0:13:30.26,791.62,810.26,Candace Crawford,"School Board Member; presiding member, Finance Subcommittee","Well, I think there are a couple of things there first. Next, what I hear is the four school model is an interim step that has to be done so that we can get to. The next step is the three school model. And we can't get to three school until,  What are you shaking your head?",Speaker 1,https://reflect-claremont.cablecast.tv/internetchannel/show/17029?site=1&seekto=791
0:13:30.30,0:13:36.66,810.30,816.66,Heather Whitney,School Board Chair; Finance Subcommittee member (uncertain — identified as the 'Heather' the presiding member named as her co-presenter; one of only two committee members present),"We can go to three school now. We can't go to two school. Well, there's a there's an assumption that.",Speaker 2,https://reflect-claremont.cablecast.tv/internetchannel/show/17029?site=1&seekto=810
0:13:36.74,0:13:58.14,816.74,838.14,Candace Crawford,"School Board Member; presiding member, Finance Subcommittee","Well, there's some reason why we can't go to three schools, so we'll talk about that. We have the four school model. The three school. The two school model is ten years. I understand that right. So. So for folks, let's not get confused. We're not talking about it right now. However, the three school model.",Speaker 1,https://reflect-claremont.cablecast.tv/internetchannel/show/17029?site=1&seekto=816
0:13:58.22,0:14:00.54,838.22,840.54,Matt Angell,"Interim Business Administrator, SAU 6",I think the two school model is closer than you think.,Speaker 3,https://reflect-claremont.cablecast.tv/internetchannel/show/17029?site=1&seekto=838
0:14:00.62,0:14:01.70,840.62,841.70,Heather Whitney,School Board Chair; Finance Subcommittee member (uncertain — identified as the 'Heather' the presiding member named as her co-presenter; one of only two committee members present),Correct.,Speaker 2,https://reflect-claremont.cablecast.tv/internetchannel/show/17029?site=1&seekto=840
0:14:01.78,0:14:12.58,841.78,852.58,Candace Crawford,"School Board Member; presiding member, Finance Subcommittee","But in order for the two school model, there has to be a interim year for a building to get rehabbed to, in fact, go to the two school model.",Speaker 1,https://reflect-claremont.cablecast.tv/internetchannel/show/17029?site=1&seekto=841
0:14:12.66,0:14:38.58,852.66,878.58,Matt Angell,"Interim Business Administrator, SAU 6","So but in five years, the population count is going to be 1249. So that means you could go you could put 700 kids in the high school and 500 kids in, in the existing middle school and go to a two year, two school model. Right. But the but the problem is the middle school isn't set up for an elementary school.",Speaker 3,https://reflect-claremont.cablecast.tv/internetchannel/show/17029?site=1&seekto=852
0:14:38.58,0:14:51.02,878.58,891.02,Matt Angell,"Interim Business Administrator, SAU 6",There's certain changes that you have to make. Okay. And I think it's important for the board to walk through these buildings and and the middle school.,Speaker 3,https://reflect-claremont.cablecast.tv/internetchannel/show/17029?site=1&seekto=878
0:14:51.10,0:14:54.02,891.10,894.02,Unidentified,Diarizer artifact cluster — sub-second crosstalk/onset-clip fragments shed by the four participants; not a distinct person,It needs to be love.,Speaker 4,https://reflect-claremont.cablecast.tv/internetchannel/show/17029?site=1&seekto=891
0:14:54.10,0:15:19.34,894.10,919.34,Heather Whitney,School Board Chair; Finance Subcommittee member (uncertain — identified as the 'Heather' the presiding member named as her co-presenter; one of only two committee members present),"What what kind of a ticket item is good? Well, because if we're if we're really making building a budget on projecting a specific outcome, which is that's what I'm hearing and I'm not disagreeing with that. And I think, quite frankly, this is something that we failed to do. We initiated a,  reconfiguration. We've activated the idea of of reconfiguration on multiple  occasions.",Speaker 2,https://reflect-claremont.cablecast.tv/internetchannel/show/17029?site=1&seekto=894
0:15:19.34,0:15:42.30,919.34,942.30,Heather Whitney,School Board Chair; Finance Subcommittee member (uncertain — identified as the 'Heather' the presiding member named as her co-presenter; one of only two committee members present),"I think the first time was in 2020. And for for the reasons that I miss, Crawford stated, is that we recognized as a board that we were having real issues with human resources and that it was impacting our ability to deliver educational services effectively in an a cost effective way.  Both the functional and financial impact of that.",Speaker 2,https://reflect-claremont.cablecast.tv/internetchannel/show/17029?site=1&seekto=919
0:15:42.54,0:16:06.94,942.54,966.94,Heather Whitney,School Board Chair; Finance Subcommittee member (uncertain — identified as the 'Heather' the presiding member named as her co-presenter; one of only two committee members present),"But I do want there to be clarity that the purpose of staying at the for school model is predicated on the understanding that that is the that the wisdom of staying in a for school model is that we would be going to a two school model, so there would have to be a community commitment on some level, or  a recognition that that's the value of staying to four schools.",Speaker 2,https://reflect-claremont.cablecast.tv/internetchannel/show/17029?site=1&seekto=942
0:16:07.14,0:16:25.38,967.14,985.38,Heather Whitney,School Board Chair; Finance Subcommittee member (uncertain — identified as the 'Heather' the presiding member named as her co-presenter; one of only two committee members present),"That's the only value of staying at four schools is that we're going to be moving to two, and that two would be a financial,  obligation that the community would have to bear, because we would have to reconfigure  the middle school to accept those students and my incorrect or.",Speaker 2,https://reflect-claremont.cablecast.tv/internetchannel/show/17029?site=1&seekto=967
0:16:25.58,0:16:26.58,985.58,986.58,Matt Angell,"Interim Business Administrator, SAU 6",Yeah. But can I?,Speaker 3,https://reflect-claremont.cablecast.tv/internetchannel/show/17029?site=1&seekto=985
0:16:26.66,0:16:26.98,986.66,986.98,Heather Whitney,School Board Chair; Finance Subcommittee member (uncertain — identified as the 'Heather' the presiding member named as her co-presenter; one of only two committee members present),Yes.,Speaker 2,https://reflect-claremont.cablecast.tv/internetchannel/show/17029?site=1&seekto=986
0:16:27.02,0:16:44.06,987.02,1004.06,Matt Angell,"Interim Business Administrator, SAU 6","I want to expand on one of the things that you're saying because you're talking about,  educationally. Okay. And if we use the existing model to k five schools, one middle school and high school,  there there's not an efficiency amongst the grades.",Speaker 3,https://reflect-claremont.cablecast.tv/internetchannel/show/17029?site=1&seekto=987
0:16:44.18,0:16:44.78,1004.18,1004.78,Candace Crawford,"School Board Member; presiding member, Finance Subcommittee","Right, right.",Speaker 1,https://reflect-claremont.cablecast.tv/internetchannel/show/17029?site=1&seekto=1004
0:16:44.82,0:17:13.18,1004.82,1033.18,Matt Angell,"Interim Business Administrator, SAU 6","Okay. Right, right. And I can't add a minute just for I want to pause for a second, just for the public. There are three things that I've been trying to propose for the school board. One is intervention. One is,  a robust  evaluation model so that you can have targeted PD, which is the third thing. Okay. Those three things are oh, I'm sorry for the third thing,  targeted PD with I mean evaluation with targeted PD is second.",Speaker 3,https://reflect-claremont.cablecast.tv/internetchannel/show/17029?site=1&seekto=1004
0:17:13.30,0:17:42.66,1033.30,1062.66,Matt Angell,"Interim Business Administrator, SAU 6","The third thing is a good mentorship program. Okay. Those three things are going to move the test scores. Okay. Now with the two K-5 schools you can't get  intervention teachers. Right? Okay. When you align the grades you can get intervention teachers. And in the model that,  I'm for the, for school model, I can, I can get,  six intervention teachers.",Speaker 3,https://reflect-claremont.cablecast.tv/internetchannel/show/17029?site=1&seekto=1033
0:17:42.74,0:17:58.73,1062.74,1078.73,Matt Angell,"Interim Business Administrator, SAU 6","143 4k two and 3446. Okay. However, if you go to a three school model, I can put in more intervention teachers on top of that because I'll have more efficiencies.",Speaker 3,https://reflect-claremont.cablecast.tv/internetchannel/show/17029?site=1&seekto=1062
0:17:58.81,0:18:35.38,1078.81,1115.38,Heather Whitney,School Board Chair; Finance Subcommittee member (uncertain — identified as the 'Heather' the presiding member named as her co-presenter; one of only two committee members present),"I, I just want to rewind because I was on the board when we tried to move forward with the very model that you're talking about before the previous one, the four school model that was had  was aligned by grade. And one of the primary concerns of the I'm just trying to project ahead what the questions were going to have so we can have the answers or the solutions that we can provide,  or the information to the board to make these decisions, is that there was real concerns about our ability to bus efficiently, and there was a big,  outcry from the community about how this was going to impact families.",Speaker 2,https://reflect-claremont.cablecast.tv/internetchannel/show/17029?site=1&seekto=1078
0:18:35.38,0:18:44.94,1115.38,1124.94,Heather Whitney,School Board Chair; Finance Subcommittee member (uncertain — identified as the 'Heather' the presiding member named as her co-presenter; one of only two committee members present),"There was a lot of resistance to that very model, because of  making it inconvenient for our parents to pick up from multiple different.",Speaker 2,https://reflect-claremont.cablecast.tv/internetchannel/show/17029?site=1&seekto=1115
0:18:45.02,0:18:46.06,1125.02,1126.06,Candace Crawford,"School Board Member; presiding member, Finance Subcommittee",Right. But understand.,Speaker 1,https://reflect-claremont.cablecast.tv/internetchannel/show/17029?site=1&seekto=1125
0:18:46.10,0:19:16.73,1126.10,1156.73,Heather Whitney,School Board Chair; Finance Subcommittee member (uncertain — identified as the 'Heather' the presiding member named as her co-presenter; one of only two committee members present),"That we understand that. But I want the world to know that we're like the world that wasn't listening then, because we have a whole group of different group of parents listening that have moved on from 2020 that don't really have an interest in the in the elementary portion of this, you know, endeavor. So we're acknowledging that we  that these concerns were brought to the board at the time, brought to the administration at the time, and there was such resistance that we stepped back and did not move forward.",Speaker 2,https://reflect-claremont.cablecast.tv/internetchannel/show/17029?site=1&seekto=1126
0:19:16.74,0:19:30.96,1156.74,1170.96,Heather Whitney,School Board Chair; Finance Subcommittee member (uncertain — identified as the 'Heather' the presiding member named as her co-presenter; one of only two committee members present),"I'm not suggesting we don't, but I want the community to know that we heard it then, and we're bringing it to Mr. Angel as a a concern that I see coming up again. Right, that we should have answers to at the next meeting.",Speaker 2,https://reflect-claremont.cablecast.tv/internetchannel/show/17029?site=1&seekto=1156
0:19:30.98,0:19:42.78,1170.98,1182.78,Candace Crawford,"School Board Member; presiding member, Finance Subcommittee","I do think I hear what you're saying. I do think in the year, fiscal year 26, we've got different situations.  We've got a financial situation.",Speaker 1,https://reflect-claremont.cablecast.tv/internetchannel/show/17029?site=1&seekto=1170
0:19:42.82,0:19:45.30,1182.82,1185.30,Heather Whitney,School Board Chair; Finance Subcommittee member (uncertain — identified as the 'Heather' the presiding member named as her co-presenter; one of only two committee members present),"I'm not I'm not denying. Right, right. I agree with you.",Speaker 2,https://reflect-claremont.cablecast.tv/internetchannel/show/17029?site=1&seekto=1182
0:19:45.34,0:19:51.62,1185.34,1191.62,Candace Crawford,"School Board Member; presiding member, Finance Subcommittee",But I want the public to recognize that we're in a different position now than we were six years ago.,Speaker 1,https://reflect-claremont.cablecast.tv/internetchannel/show/17029?site=1&seekto=1185
0:19:51.70,0:19:56.78,1191.70,1196.78,Heather Whitney,School Board Chair; Finance Subcommittee member (uncertain — identified as the 'Heather' the presiding member named as her co-presenter; one of only two committee members present),There is different level of urgency that public  input may not have.,Speaker 2,https://reflect-claremont.cablecast.tv/internetchannel/show/17029?site=1&seekto=1191
0:19:56.86,0:20:12.10,1196.86,1212.10,Candace Crawford,"School Board Member; presiding member, Finance Subcommittee","Our our  scores have gone down, our population has gone down and our resources have gone down. And therefore, it is much more critical that we look at consolidation at this point than we did 5 or 6 years ago.",Speaker 1,https://reflect-claremont.cablecast.tv/internetchannel/show/17029?site=1&seekto=1196
0:20:12.14,0:20:17.22,1212.14,1217.22,Heather Whitney,School Board Chair; Finance Subcommittee member (uncertain — identified as the 'Heather' the presiding member named as her co-presenter; one of only two committee members present),"I think the only real factor right now is that because our scores, I.",Speaker 2,https://reflect-claremont.cablecast.tv/internetchannel/show/17029?site=1&seekto=1212
0:20:17.30,0:20:25.09,1217.30,1225.09,Candace Crawford,"School Board Member; presiding member, Finance Subcommittee","Frankly I disagree. I think it is a portion, but I am looking at it in achievement. I.",Speaker 1,https://reflect-claremont.cablecast.tv/internetchannel/show/17029?site=1&seekto=1217
0:20:25.24,0:20:27.30,1225.24,1227.30,Heather Whitney,School Board Chair; Finance Subcommittee member (uncertain — identified as the 'Heather' the presiding member named as her co-presenter; one of only two committee members present),I was looking at it then I.,Speaker 2,https://reflect-claremont.cablecast.tv/internetchannel/show/17029?site=1&seekto=1225
0:20:27.38,0:20:43.10,1227.38,1243.10,Candace Crawford,"School Board Member; presiding member, Finance Subcommittee","I, I wanted to look at achievement and, and  we're about education where you have to deliver it in a  fiscally responsible way. But that is not the only determining factor for this education model.",Speaker 1,https://reflect-claremont.cablecast.tv/internetchannel/show/17029?site=1&seekto=1227
0:20:43.14,0:21:01.30,1243.14,1261.30,Heather Whitney,School Board Chair; Finance Subcommittee member (uncertain — identified as the 'Heather' the presiding member named as her co-presenter; one of only two committee members present),"No, but what I am going to say is that when I was sitting at the table, that was the message that we were projecting to the communities. We recognized then, right, that this was an achievement issue. And at the time it was a resource management issue. We actually weren't going to get huge budget savings by going to that model.",Speaker 2,https://reflect-claremont.cablecast.tv/internetchannel/show/17029?site=1&seekto=1243
0:21:01.54,0:21:27.74,1261.54,1287.74,Heather Whitney,School Board Chair; Finance Subcommittee member (uncertain — identified as the 'Heather' the presiding member named as her co-presenter; one of only two committee members present),"The the position of the board at that time was it was a real achievement issue. And that to consolidate and to align all the courses and align all the grades was in the best interests of the kids that, you know, there may be a little bit of an economic benefit, but that wasn't the primary driver. So I'm just communicating this so that we are prepared to address these concerns to the public, which I will feel, I feel are going to be similar concerns that we will hear.",Speaker 2,https://reflect-claremont.cablecast.tv/internetchannel/show/17029?site=1&seekto=1261
0:21:27.94,0:21:33.58,1287.94,1293.58,Candace Crawford,"School Board Member; presiding member, Finance Subcommittee",So I think that's important. I do think it is a we need to move on. And I.,Speaker 1,https://reflect-claremont.cablecast.tv/internetchannel/show/17029?site=1&seekto=1287
0:21:33.58,0:21:33.74,1293.58,1293.74,Candace Crawford,"School Board Member; presiding member, Finance Subcommittee (sentence continuation)",Agree.,Speaker 2,https://reflect-claremont.cablecast.tv/internetchannel/show/17029?site=1&seekto=1293
0:21:33.74,0:21:35.26,1293.74,1295.26,Candace Crawford,"School Board Member; presiding member, Finance Subcommittee",With you. The past is.,Speaker 1,https://reflect-claremont.cablecast.tv/internetchannel/show/17029?site=1&seekto=1293
0:21:35.34,0:22:03.98,1295.34,1323.98,Heather Whitney,School Board Chair; Finance Subcommittee member (uncertain — identified as the 'Heather' the presiding member named as her co-presenter; one of only two committee members present),"Is the past is Prolog and I understand that. But I just wanted there are two administrators at the table to know that we have touched on this, and we have used the same arguments and that we're we're alternately, we're going to have to,  get the public to understand or the community to,  feel confident that this is a achievement issue at an achievement issue and not simply being driven primarily by finances, although that is a component.",Speaker 2,https://reflect-claremont.cablecast.tv/internetchannel/show/17029?site=1&seekto=1295
0:22:04.14,0:22:07.54,1324.14,1327.54,Candace Crawford,"School Board Member; presiding member, Finance Subcommittee","That is a component, but it's it's not the only component. That's all I'm saying.",Speaker 1,https://reflect-claremont.cablecast.tv/internetchannel/show/17029?site=1&seekto=1324
0:22:07.58,0:22:23.86,1327.58,1343.86,Matt Angell,"Interim Business Administrator, SAU 6","I have to I have to sit on both sides of the fence. So I have to go and work on student achievement, which which I have three goals. And then I also have to work on, making the organization efficient so that we can squeeze out, right, financial resources.",Speaker 3,https://reflect-claremont.cablecast.tv/internetchannel/show/17029?site=1&seekto=1327
0:22:23.94,0:22:48.02,1343.94,1368.02,Kerry Kennedy,"Interim Superintendent, SAU 6","Just interject on the achievement part. So we did recognize at the last board meeting the schools that have come out of exited at sea. And you know and. I just did. And so this,  Maple Avenue and unity and we're all recognizes is in good standing. But I also want to clarify that was for the subsets of students that were in jeopardy before were still not academically where we need to be.",Speaker 5,https://reflect-claremont.cablecast.tv/internetchannel/show/17029?site=1&seekto=1343
0:22:48.10,0:22:59.22,1368.10,1379.22,Kerry Kennedy,"Interim Superintendent, SAU 6","So I just want everybody to know of that. So like, yes, we did recognize that they they exited that  status. But it's not a everything is great academic and.",Speaker 5,https://reflect-claremont.cablecast.tv/internetchannel/show/17029?site=1&seekto=1368
0:22:59.30,0:23:00.34,1379.30,1380.34,Heather Whitney,School Board Chair; Finance Subcommittee member (uncertain — identified as the 'Heather' the presiding member named as her co-presenter; one of only two committee members present),The goal we want.,Speaker 2,https://reflect-claremont.cablecast.tv/internetchannel/show/17029?site=1&seekto=1379
0:23:00.42,0:23:01.66,1380.42,1381.66,Kerry Kennedy,"Interim Superintendent, SAU 6",I just want to clarify.,Speaker 5,https://reflect-claremont.cablecast.tv/internetchannel/show/17029?site=1&seekto=1380
0:23:01.74,0:23:02.50,1381.74,1382.50,Candace Crawford,"School Board Member; presiding member, Finance Subcommittee",But it's not.,Speaker 1,https://reflect-claremont.cablecast.tv/internetchannel/show/17029?site=1&seekto=1381
0:23:02.54,0:23:02.98,1382.54,1382.98,Candace Crawford,"School Board Member; presiding member, Finance Subcommittee (sentence continuation)",Where.,Speaker 5,https://reflect-claremont.cablecast.tv/internetchannel/show/17029?site=1&seekto=1382
0:23:02.98,0:23:03.48,1382.98,1383.48,Candace Crawford,"School Board Member; presiding member, Finance Subcommittee",It's to be.,Speaker 1,https://reflect-claremont.cablecast.tv/internetchannel/show/17029?site=1&seekto=1382
0:23:03.58,0:23:07.58,1383.58,1387.58,Kerry Kennedy,"Interim Superintendent, SAU 6",They exited a status but they're not. Still everybody's academically proficient.,Speaker 5,https://reflect-claremont.cablecast.tv/internetchannel/show/17029?site=1&seekto=1383
0:23:07.58,0:23:10.54,1387.58,1390.54,Unidentified,Diarizer artifact cluster — sub-second crosstalk/onset-clip fragments shed by the four participants; not a distinct person,So did you just.,Speaker 4,https://reflect-claremont.cablecast.tv/internetchannel/show/17029?site=1&seekto=1387
0:23:10.62,0:23:17.86,1390.62,1397.86,Candace Crawford,"School Board Member; presiding member, Finance Subcommittee",Know I know you don't want to do that  well.,Speaker 1,https://reflect-claremont.cablecast.tv/internetchannel/show/17029?site=1&seekto=1390
0:23:17.94,0:23:24.82,1397.94,1404.82,Heather Whitney,School Board Chair; Finance Subcommittee member (uncertain — identified as the 'Heather' the presiding member named as her co-presenter; one of only two committee members present),"We're just kind of I mean, I don't you're you're leading the meeting.",Speaker 2,https://reflect-claremont.cablecast.tv/internetchannel/show/17029?site=1&seekto=1397
0:23:24.90,0:23:26.30,1404.90,1406.30,Unidentified,Diarizer artifact cluster — sub-second crosstalk/onset-clip fragments shed by the four participants; not a distinct person,All right.,Speaker 4,https://reflect-claremont.cablecast.tv/internetchannel/show/17029?site=1&seekto=1404
0:23:26.38,0:23:36.34,1406.38,1416.34,Matt Angell,"Interim Business Administrator, SAU 6","So for the public, because the the  everyone here knows,  I'm struggling with data and trying to I'm having to recreate a lot of stuff.",Speaker 3,https://reflect-claremont.cablecast.tv/internetchannel/show/17029?site=1&seekto=1406
0:23:36.38,0:23:36.82,1416.38,1416.82,Unidentified,Diarizer artifact cluster — sub-second crosstalk/onset-clip fragments shed by the four participants; not a distinct person,Right.,Speaker 4,https://reflect-claremont.cablecast.tv/internetchannel/show/17029?site=1&seekto=1416
0:23:36.86,0:23:43.30,1416.86,1423.30,Matt Angell,"Interim Business Administrator, SAU 6",Okay.  And I've been working seven days a week on just the budget.,Speaker 3,https://reflect-claremont.cablecast.tv/internetchannel/show/17029?site=1&seekto=1416
0:23:43.42,0:23:46.82,1423.42,1426.82,Candace Crawford,"School Board Member; presiding member, Finance Subcommittee",People need to hear you say that time and time again.,Speaker 1,https://reflect-claremont.cablecast.tv/internetchannel/show/17029?site=1&seekto=1423
0:23:46.90,0:23:52.86,1426.90,1432.86,Matt Angell,"Interim Business Administrator, SAU 6","Last night, I burned out when,  I had to go and revisit health insurance. So,",Speaker 3,https://reflect-claremont.cablecast.tv/internetchannel/show/17029?site=1&seekto=1426
0:23:52.94,0:23:58.76,1432.94,1438.76,Candace Crawford,"School Board Member; presiding member, Finance Subcommittee","What does that mean when you say revisit health insurance? Tell us what you mean by that, because people don't understand that phrase.",Speaker 1,https://reflect-claremont.cablecast.tv/internetchannel/show/17029?site=1&seekto=1432
0:23:58.82,0:24:03.34,1438.82,1443.34,Matt Angell,"Interim Business Administrator, SAU 6","Okay. So,  I have to estimate what health insurance is going to be for next year.",Speaker 3,https://reflect-claremont.cablecast.tv/internetchannel/show/17029?site=1&seekto=1438
0:24:03.38,0:24:04.02,1443.38,1444.02,Unidentified,Diarizer artifact cluster — sub-second crosstalk/onset-clip fragments shed by the four participants; not a distinct person,Fair.,Speaker 4,https://reflect-claremont.cablecast.tv/internetchannel/show/17029?site=1&seekto=1443
0:24:04.10,0:24:14.66,1444.10,1454.66,Matt Angell,"Interim Business Administrator, SAU 6",And I was hoping to have a time savings right where we've been working really hard and trying to evaluate. I'm sorry. Correct. Health insurance in the system. And I wanted.,Speaker 3,https://reflect-claremont.cablecast.tv/internetchannel/show/17029?site=1&seekto=1444
0:24:14.74,0:24:38.42,1454.74,1478.42,Candace Crawford,"School Board Member; presiding member, Finance Subcommittee","When you say correct health insurance, you're saying in the system which has 500 employees, each employee has a different, different configuration of what their health insurance is. And some might choose single, some might choose two person, some might choose family. And what you found is the information that was put in the system is incorrect.",Speaker 1,https://reflect-claremont.cablecast.tv/internetchannel/show/17029?site=1&seekto=1454
0:24:38.62,0:24:39.39,1478.62,1479.39,Matt Angell,"Interim Business Administrator, SAU 6","Originally, yes.",Speaker 3,https://reflect-claremont.cablecast.tv/internetchannel/show/17029?site=1&seekto=1478
0:24:39.51,0:24:52.98,1479.51,1492.98,Candace Crawford,"School Board Member; presiding member, Finance Subcommittee",Often. Often incorrect. And so much of your time and your staff's time has been correcting the entry to correct it to the current actual needs of the individual employees. Yeah. Okay.,Speaker 1,https://reflect-claremont.cablecast.tv/internetchannel/show/17029?site=1&seekto=1479
0:24:53.02,0:25:16.90,1493.02,1516.90,Matt Angell,"Interim Business Administrator, SAU 6","Yeah. And actually it's it's about like 270 that are on the health insurance. Okay. And I found 44 where I need we need to revisit as a team. And so  what I was hoping was, is just a download what they're currently paying. Multiply it by  the increase factor. Because we know that that health insurance is going to increase.",Speaker 3,https://reflect-claremont.cablecast.tv/internetchannel/show/17029?site=1&seekto=1493
0:25:16.90,0:25:39.38,1516.90,1539.38,Matt Angell,"Interim Business Administrator, SAU 6","I think it was by 11.8% okay. Yep. And so I was going to increase everything by that. But now that I know that we have more work to do. I don't have health insurance, but I do have a preliminary number on payroll because that's starting to settle down.",Speaker 3,https://reflect-claremont.cablecast.tv/internetchannel/show/17029?site=1&seekto=1516
0:25:40.22,0:25:55.70,1540.22,1555.70,Matt Angell,"Interim Business Administrator, SAU 6",And this is just the for school model. Okay. Now when I'm I was able to find  a pretty detailed payroll set up for last year. So this is a comparison to that setup. Okay.,Speaker 3,https://reflect-claremont.cablecast.tv/internetchannel/show/17029?site=1&seekto=1540
0:25:55.78,0:25:58.62,1555.78,1558.62,Heather Whitney,School Board Chair; Finance Subcommittee member (uncertain — identified as the 'Heather' the presiding member named as her co-presenter; one of only two committee members present),So you're 26 to 27.,Speaker 2,https://reflect-claremont.cablecast.tv/internetchannel/show/17029?site=1&seekto=1555
0:25:58.71,0:25:59.85,1558.71,1559.85,Unidentified,Diarizer artifact cluster — sub-second crosstalk/onset-clip fragments shed by the four participants; not a distinct person,Yes. Okay.,Speaker 4,https://reflect-claremont.cablecast.tv/internetchannel/show/17029?site=1&seekto=1558
0:26:00.06,0:26:29.26,1560.06,1589.26,Matt Angell,"Interim Business Administrator, SAU 6","And this is just the for school model. And and also for the public. I, I had told the two committee members here that  I'm, I'm trying to work or I anticipated that,  the budget was going to be flat or lower than the current year. Okay. Yeah. And so just looking at just payroll, it's almost $79,000 increase over the current year.",Speaker 3,https://reflect-claremont.cablecast.tv/internetchannel/show/17029?site=1&seekto=1560
0:26:29.34,0:26:30.62,1589.34,1590.62,Candace Crawford,"School Board Member; presiding member, Finance Subcommittee",Which is negligible.,Speaker 1,https://reflect-claremont.cablecast.tv/internetchannel/show/17029?site=1&seekto=1589
0:26:30.86,0:26:32.10,1590.86,1592.10,Matt Angell,"Interim Business Administrator, SAU 6",Because I've.,Speaker 3,https://reflect-claremont.cablecast.tv/internetchannel/show/17029?site=1&seekto=1590
0:26:32.26,0:26:34.42,1592.26,1594.42,Candace Crawford,"School Board Member; presiding member, Finance Subcommittee","Over I mean because yeah, 79.",Speaker 1,https://reflect-claremont.cablecast.tv/internetchannel/show/17029?site=1&seekto=1592
0:26:34.42,0:26:34.86,1594.42,1594.86,Candace Crawford,"School Board Member; presiding member, Finance Subcommittee (sentence continuation)",Thousand.,Speaker 4,https://reflect-claremont.cablecast.tv/internetchannel/show/17029?site=1&seekto=1594
0:26:34.94,0:26:41.58,1594.94,1601.58,Matt Angell,"Interim Business Administrator, SAU 6",Do the when you do the for school model and you align all the grades. Right. I can I can remove positions.,Speaker 3,https://reflect-claremont.cablecast.tv/internetchannel/show/17029?site=1&seekto=1594
0:26:41.66,0:26:42.42,1601.66,1602.42,Heather Whitney,School Board Chair; Finance Subcommittee member (uncertain — identified as the 'Heather' the presiding member named as her co-presenter; one of only two committee members present),By attrition.,Speaker 2,https://reflect-claremont.cablecast.tv/internetchannel/show/17029?site=1&seekto=1601
0:26:42.42,0:26:44.78,1602.42,1604.78,Matt Angell,"Interim Business Administrator, SAU 6",Only by attrition only. Okay.,Speaker 3,https://reflect-claremont.cablecast.tv/internetchannel/show/17029?site=1&seekto=1602
0:26:44.94,0:26:47.14,1604.94,1607.14,Unidentified,Diarizer artifact cluster — sub-second crosstalk/onset-clip fragments shed by the four participants; not a distinct person,And also staff. So okay.,Speaker 4,https://reflect-claremont.cablecast.tv/internetchannel/show/17029?site=1&seekto=1604
0:26:47.18,0:26:59.18,1607.18,1619.18,Matt Angell,"Interim Business Administrator, SAU 6","So we went from the budgets. Current year budget is based upon a five school model. And. Right. Oh another important distinction. When we talk about the school models, we're not including the tech.",Speaker 3,https://reflect-claremont.cablecast.tv/internetchannel/show/17029?site=1&seekto=1607
0:26:59.26,0:27:01.22,1619.26,1621.22,Kerry Kennedy,"Interim Superintendent, SAU 6",Already assumed that.,Speaker 5,https://reflect-claremont.cablecast.tv/internetchannel/show/17029?site=1&seekto=1619
0:27:01.30,0:27:02.66,1621.30,1622.66,Matt Angell,"Interim Business Administrator, SAU 6",Every single conversation.,Speaker 3,https://reflect-claremont.cablecast.tv/internetchannel/show/17029?site=1&seekto=1621
0:27:02.90,0:27:03.38,1622.90,1623.38,Unidentified,Diarizer artifact cluster — sub-second crosstalk/onset-clip fragments shed by the four participants; not a distinct person,Okay.,Speaker 4,https://reflect-claremont.cablecast.tv/internetchannel/show/17029?site=1&seekto=1622
0:27:03.62,0:27:14.58,1623.62,1634.58,Matt Angell,"Interim Business Administrator, SAU 6","So,  we know bluff has been closed. So,  in my budget, I've eliminated  quite a few positions that would be normally assigned to bluff.",Speaker 3,https://reflect-claremont.cablecast.tv/internetchannel/show/17029?site=1&seekto=1623
0:27:14.70,0:27:19.58,1634.70,1639.58,Candace Crawford,"School Board Member; presiding member, Finance Subcommittee",But the four school model you're referencing is alignment of grades.,Speaker 1,https://reflect-claremont.cablecast.tv/internetchannel/show/17029?site=1&seekto=1634
0:27:19.62,0:27:21.22,1639.62,1641.22,Matt Angell,"Interim Business Administrator, SAU 6",Alignment of grades.,Speaker 3,https://reflect-claremont.cablecast.tv/internetchannel/show/17029?site=1&seekto=1639
0:27:21.30,0:27:22.20,1641.30,1642.20,Unidentified,Diarizer artifact cluster — sub-second crosstalk/onset-clip fragments shed by the four participants; not a distinct person,Right.,Speaker 4,https://reflect-claremont.cablecast.tv/internetchannel/show/17029?site=1&seekto=1641
0:27:22.28,0:27:31.02,1642.28,1651.02,Matt Angell,"Interim Business Administrator, SAU 6","No one's. No one from the board level has asked me to do yet  another model. That's two K-5 schools, and I can.",Speaker 3,https://reflect-claremont.cablecast.tv/internetchannel/show/17029?site=1&seekto=1642
0:27:31.06,0:27:32.70,1651.06,1652.70,Heather Whitney,School Board Chair; Finance Subcommittee member (uncertain — identified as the 'Heather' the presiding member named as her co-presenter; one of only two committee members present),"That's what you mentioned, though at the beginning.",Speaker 2,https://reflect-claremont.cablecast.tv/internetchannel/show/17029?site=1&seekto=1651
0:27:32.74,0:27:34.09,1652.74,1654.09,Kerry Kennedy,"Interim Superintendent, SAU 6",That was what how it exists.,Speaker 5,https://reflect-claremont.cablecast.tv/internetchannel/show/17029?site=1&seekto=1652
0:27:34.10,0:27:37.62,1654.10,1657.62,Candace Crawford,"School Board Member; presiding member, Finance Subcommittee",And I only mention it because people.  So I.,Speaker 1,https://reflect-claremont.cablecast.tv/internetchannel/show/17029?site=1&seekto=1654
0:27:37.62,0:27:41.10,1657.62,1661.10,Matt Angell,"Interim Business Administrator, SAU 6","Think I can do it, but I can tell you it's going.",Speaker 3,https://reflect-claremont.cablecast.tv/internetchannel/show/17029?site=1&seekto=1657
0:27:41.10,0:27:41.50,1661.10,1661.50,Unidentified,Diarizer artifact cluster — sub-second crosstalk/onset-clip fragments shed by the four participants; not a distinct person,To.,Speaker 4,https://reflect-claremont.cablecast.tv/internetchannel/show/17029?site=1&seekto=1661
0:27:41.58,0:27:42.82,1661.58,1662.82,Heather Whitney,School Board Chair; Finance Subcommittee member (uncertain — identified as the 'Heather' the presiding member named as her co-presenter; one of only two committee members present),The table is what you're saying. Right.,Speaker 2,https://reflect-claremont.cablecast.tv/internetchannel/show/17029?site=1&seekto=1661
0:27:43.02,0:27:55.06,1663.02,1675.06,Candace Crawford,"School Board Member; presiding member, Finance Subcommittee","What I'm saying is, I think there's an understanding people when we talk about for school model out there, people think that that is when we say for school model, that's what we're referring to.",Speaker 1,https://reflect-claremont.cablecast.tv/internetchannel/show/17029?site=1&seekto=1663
0:27:55.10,0:27:56.46,1675.10,1676.46,Heather Whitney,School Board Chair; Finance Subcommittee member (uncertain — identified as the 'Heather' the presiding member named as her co-presenter; one of only two committee members present),Is what it looks like today.,Speaker 2,https://reflect-claremont.cablecast.tv/internetchannel/show/17029?site=1&seekto=1675
0:27:56.50,0:27:56.79,1676.50,1676.79,Candace Crawford,"School Board Member; presiding member, Finance Subcommittee",Right.,Speaker 1,https://reflect-claremont.cablecast.tv/internetchannel/show/17029?site=1&seekto=1676
0:27:56.82,0:27:59.02,1676.82,1679.02,Kerry Kennedy,"Interim Superintendent, SAU 6",And what I would like to internal.,Speaker 5,https://reflect-claremont.cablecast.tv/internetchannel/show/17029?site=1&seekto=1676
0:27:59.06,0:28:08.06,1679.06,1688.06,Candace Crawford,"School Board Member; presiding member, Finance Subcommittee",It is still for school but it's a different model model. And I think it's really important for all of us to keep referencing that.,Speaker 1,https://reflect-claremont.cablecast.tv/internetchannel/show/17029?site=1&seekto=1679
0:28:08.10,0:28:13.62,1688.10,1693.62,Heather Whitney,School Board Chair; Finance Subcommittee member (uncertain — identified as the 'Heather' the presiding member named as her co-presenter; one of only two committee members present),So that's not even an option on the table. Is keeping the for school model as it is.  As it is.,Speaker 2,https://reflect-claremont.cablecast.tv/internetchannel/show/17029?site=1&seekto=1688
0:28:13.70,0:28:14.94,1693.70,1694.94,Unidentified,Diarizer artifact cluster — sub-second crosstalk/onset-clip fragments shed by the four participants; not a distinct person,Correct. Okay. Because you.,Speaker 4,https://reflect-claremont.cablecast.tv/internetchannel/show/17029?site=1&seekto=1693
0:28:15.10,0:28:15.26,1695.10,1695.26,Candace Crawford,"School Board Member; presiding member, Finance Subcommittee",And.,Speaker 1,https://reflect-claremont.cablecast.tv/internetchannel/show/17029?site=1&seekto=1695
0:28:15.26,0:28:15.86,1695.26,1695.86,Candace Crawford,"School Board Member; presiding member, Finance Subcommittee (sentence continuation)",I think.,Speaker 4,https://reflect-claremont.cablecast.tv/internetchannel/show/17029?site=1&seekto=1695
0:28:15.86,0:28:16.66,1695.86,1696.66,Candace Crawford,"School Board Member; presiding member, Finance Subcommittee",We all agree on.,Speaker 1,https://reflect-claremont.cablecast.tv/internetchannel/show/17029?site=1&seekto=1695
0:28:16.70,0:28:18.99,1696.70,1698.99,Heather Whitney,School Board Chair; Finance Subcommittee member (uncertain — identified as the 'Heather' the presiding member named as her co-presenter; one of only two committee members present),That cannot move the right. Of course.,Speaker 2,https://reflect-claremont.cablecast.tv/internetchannel/show/17029?site=1&seekto=1696
0:28:19.07,0:28:31.58,1699.07,1711.58,Candace Crawford,"School Board Member; presiding member, Finance Subcommittee","Right. And and so do utilize staff 79,000 on $1 million is not a very big.",Speaker 1,https://reflect-claremont.cablecast.tv/internetchannel/show/17029?site=1&seekto=1699
0:28:31.82,0:28:33.86,1711.82,1713.86,Matt Angell,"Interim Business Administrator, SAU 6","This is just the payroll, right?",Speaker 3,https://reflect-claremont.cablecast.tv/internetchannel/show/17029?site=1&seekto=1711
0:28:33.90,0:28:34.14,1713.90,1714.14,Unidentified,Diarizer artifact cluster — sub-second crosstalk/onset-clip fragments shed by the four participants; not a distinct person,Right.,Speaker 4,https://reflect-claremont.cablecast.tv/internetchannel/show/17029?site=1&seekto=1713
0:28:34.18,0:28:36.50,1714.18,1716.50,Matt Angell,"Interim Business Administrator, SAU 6",This is the census that I have right now.,Speaker 3,https://reflect-claremont.cablecast.tv/internetchannel/show/17029?site=1&seekto=1714
0:28:36.58,0:28:36.98,1716.58,1716.98,Unidentified,Diarizer artifact cluster — sub-second crosstalk/onset-clip fragments shed by the four participants; not a distinct person,Okay.,Speaker 4,https://reflect-claremont.cablecast.tv/internetchannel/show/17029?site=1&seekto=1716
0:28:37.06,0:28:39.90,1717.06,1719.90,Matt Angell,"Interim Business Administrator, SAU 6","Okay. And,",Speaker 3,https://reflect-claremont.cablecast.tv/internetchannel/show/17029?site=1&seekto=1717
0:28:39.98,0:28:41.10,1719.98,1721.10,Unidentified,Diarizer artifact cluster — sub-second crosstalk/onset-clip fragments shed by the four participants; not a distinct person,All right. All right.,Speaker 4,https://reflect-claremont.cablecast.tv/internetchannel/show/17029?site=1&seekto=1719
0:28:41.14,0:28:42.10,1721.14,1722.10,Heather Whitney,School Board Chair; Finance Subcommittee member (uncertain — identified as the 'Heather' the presiding member named as her co-presenter; one of only two committee members present),Increases.,Speaker 2,https://reflect-claremont.cablecast.tv/internetchannel/show/17029?site=1&seekto=1721
0:28:42.18,0:28:43.90,1722.18,1723.90,Kerry Kennedy,"Interim Superintendent, SAU 6","Increase. 78,000.",Speaker 5,https://reflect-claremont.cablecast.tv/internetchannel/show/17029?site=1&seekto=1722
0:28:43.94,0:28:44.26,1723.94,1724.26,Unidentified,Diarizer artifact cluster — sub-second crosstalk/onset-clip fragments shed by the four participants; not a distinct person,Okay.,Speaker 4,https://reflect-claremont.cablecast.tv/internetchannel/show/17029?site=1&seekto=1723
0:28:44.30,0:28:48.86,1724.30,1728.86,Candace Crawford,"School Board Member; presiding member, Finance Subcommittee","Which isn't much at all on. I mean, I'm trying to think.",Speaker 1,https://reflect-claremont.cablecast.tv/internetchannel/show/17029?site=1&seekto=1724
0:28:48.98,0:28:51.26,1728.98,1731.26,Matt Angell,"Interim Business Administrator, SAU 6","Okay, this. Yeah. Go ahead.",Speaker 3,https://reflect-claremont.cablecast.tv/internetchannel/show/17029?site=1&seekto=1728
0:28:51.34,0:29:03.90,1731.34,1743.90,Candace Crawford,"School Board Member; presiding member, Finance Subcommittee","I was trying to think about the line items for payroll. Yes. In all the schools. And I was trying to add up in my mind how much, you know, and so I, I'm throwing a number,  like $10 million.",Speaker 1,https://reflect-claremont.cablecast.tv/internetchannel/show/17029?site=1&seekto=1731
0:29:03.94,0:29:04.14,1743.94,1744.14,Unidentified,Diarizer artifact cluster — sub-second crosstalk/onset-clip fragments shed by the four participants; not a distinct person,No.,Speaker 4,https://reflect-claremont.cablecast.tv/internetchannel/show/17029?site=1&seekto=1743
0:29:04.14,0:29:05.50,1744.14,1745.50,Matt Angell,"Interim Business Administrator, SAU 6",It's it's closer to 20.,Speaker 3,https://reflect-claremont.cablecast.tv/internetchannel/show/17029?site=1&seekto=1744
0:29:05.58,0:29:06.02,1745.58,1746.02,Unidentified,Diarizer artifact cluster — sub-second crosstalk/onset-clip fragments shed by the four participants; not a distinct person,Okay.,Speaker 4,https://reflect-claremont.cablecast.tv/internetchannel/show/17029?site=1&seekto=1745
0:29:06.06,0:29:11.82,1746.06,1751.82,Candace Crawford,"School Board Member; presiding member, Finance Subcommittee","All right. 20 million. So $79,000 variance on 20 million is marginal.",Speaker 1,https://reflect-claremont.cablecast.tv/internetchannel/show/17029?site=1&seekto=1746
0:29:11.86,0:29:12.30,1751.86,1752.30,Unidentified,Diarizer artifact cluster — sub-second crosstalk/onset-clip fragments shed by the four participants; not a distinct person,Okay.,Speaker 4,https://reflect-claremont.cablecast.tv/internetchannel/show/17029?site=1&seekto=1751
0:29:12.38,0:29:33.26,1752.38,1773.26,Matt Angell,"Interim Business Administrator, SAU 6","Now you have to understand if if there were no changes to the educational model,  the budget would not actually increase because all the bargaining groups move up one step. Okay. And so the reason why it's so tight, tight is because we've eliminated one school and we're realigning.",Speaker 3,https://reflect-claremont.cablecast.tv/internetchannel/show/17029?site=1&seekto=1752
0:29:33.38,0:29:34.38,1773.38,1774.38,Unidentified,Diarizer artifact cluster — sub-second crosstalk/onset-clip fragments shed by the four participants; not a distinct person,Right grades.,Speaker 4,https://reflect-claremont.cablecast.tv/internetchannel/show/17029?site=1&seekto=1773
0:29:34.42,0:29:57.82,1774.42,1797.82,Matt Angell,"Interim Business Administrator, SAU 6","Right. Now, what I mean by realigning grades when when you put like, say you put third grade all together. And the experience that I had was,  we had two elementary schools, K-5, and there were two, three third grade classes. I'm sorry. There were three third grade classes per school. We when we. And so that meant there were six when we combined it.",Speaker 3,https://reflect-claremont.cablecast.tv/internetchannel/show/17029?site=1&seekto=1774
0:29:57.82,0:30:02.14,1797.82,1802.14,Matt Angell,"Interim Business Administrator, SAU 6",There were four.  Right. So that we had two available positions for intervention.,Speaker 3,https://reflect-claremont.cablecast.tv/internetchannel/show/17029?site=1&seekto=1797
0:30:02.18,0:30:02.58,1802.18,1802.58,Unidentified,Diarizer artifact cluster — sub-second crosstalk/onset-clip fragments shed by the four participants; not a distinct person,Right.,Speaker 4,https://reflect-claremont.cablecast.tv/internetchannel/show/17029?site=1&seekto=1802
0:30:02.75,0:30:08.14,1802.75,1808.14,Heather Whitney,School Board Chair; Finance Subcommittee member (uncertain — identified as the 'Heather' the presiding member named as her co-presenter; one of only two committee members present),"That increasing the budget so you could have push in services, small groups within the classroom.",Speaker 2,https://reflect-claremont.cablecast.tv/internetchannel/show/17029?site=1&seekto=1802
0:30:08.22,0:30:08.74,1808.22,1808.74,Unidentified,Diarizer artifact cluster — sub-second crosstalk/onset-clip fragments shed by the four participants; not a distinct person,You could.,Speaker 4,https://reflect-claremont.cablecast.tv/internetchannel/show/17029?site=1&seekto=1808
0:30:08.82,0:30:09.18,1808.82,1809.18,Candace Crawford,"School Board Member; presiding member, Finance Subcommittee",And that.,Speaker 1,https://reflect-claremont.cablecast.tv/internetchannel/show/17029?site=1&seekto=1808
0:30:09.18,0:30:10.10,1809.18,1810.10,Candace Crawford,"School Board Member; presiding member, Finance Subcommittee (sentence continuation)",Gets accomplished.,Speaker 4,https://reflect-claremont.cablecast.tv/internetchannel/show/17029?site=1&seekto=1809
0:30:10.10,0:30:10.86,1810.10,1810.86,Candace Crawford,"School Board Member; presiding member, Finance Subcommittee",With attrition.,Speaker 1,https://reflect-claremont.cablecast.tv/internetchannel/show/17029?site=1&seekto=1810
0:30:10.90,0:30:12.46,1810.90,1812.46,Heather Whitney,School Board Chair; Finance Subcommittee member (uncertain — identified as the 'Heather' the presiding member named as her co-presenter; one of only two committee members present),"Oh, I know I mean this is what we talk.",Speaker 2,https://reflect-claremont.cablecast.tv/internetchannel/show/17029?site=1&seekto=1810
0:30:12.52,0:30:13.22,1812.52,1813.22,Candace Crawford,"School Board Member; presiding member, Finance Subcommittee (sentence continuation)",We we.,Speaker 4,https://reflect-claremont.cablecast.tv/internetchannel/show/17029?site=1&seekto=1812
0:30:13.22,0:30:14.19,1813.22,1814.19,Candace Crawford,"School Board Member; presiding member, Finance Subcommittee",Agree with that.,Speaker 1,https://reflect-claremont.cablecast.tv/internetchannel/show/17029?site=1&seekto=1813
0:30:14.27,0:30:15.42,1814.27,1815.42,Heather Whitney,School Board Chair; Finance Subcommittee member (uncertain — identified as the 'Heather' the presiding member named as her co-presenter; one of only two committee members present),So no brainer right.,Speaker 2,https://reflect-claremont.cablecast.tv/internetchannel/show/17029?site=1&seekto=1814
0:30:15.50,0:30:16.06,1815.50,1816.06,Unidentified,Diarizer artifact cluster — sub-second crosstalk/onset-clip fragments shed by the four participants; not a distinct person,Okay.,Speaker 4,https://reflect-claremont.cablecast.tv/internetchannel/show/17029?site=1&seekto=1815
0:30:16.10,0:30:25.30,1816.10,1825.30,Candace Crawford,"School Board Member; presiding member, Finance Subcommittee",So so. Let's agree that the four school model is based on alignment of the grades. That is what we.,Speaker 1,https://reflect-claremont.cablecast.tv/internetchannel/show/17029?site=1&seekto=1816
0:30:25.34,0:30:35.02,1825.34,1835.02,Kerry Kennedy,"Interim Superintendent, SAU 6",That's the clarification that needs to be put out there. And so we had even internally had a discussion for school about four school being currently has it sits as opposed to the reconfiguration.,Speaker 5,https://reflect-claremont.cablecast.tv/internetchannel/show/17029?site=1&seekto=1825
0:30:35.06,0:30:43.26,1835.06,1843.26,Candace Crawford,"School Board Member; presiding member, Finance Subcommittee",Right. If if we choose to stay for school next year it would be a reconfiguration based on alignment.,Speaker 1,https://reflect-claremont.cablecast.tv/internetchannel/show/17029?site=1&seekto=1835
0:30:43.34,0:30:43.82,1843.34,1843.82,Unidentified,Diarizer artifact cluster — sub-second crosstalk/onset-clip fragments shed by the four participants; not a distinct person,Yeah.,Speaker 4,https://reflect-claremont.cablecast.tv/internetchannel/show/17029?site=1&seekto=1843
0:30:43.94,0:31:03.30,1843.94,1863.30,Heather Whitney,School Board Chair; Finance Subcommittee member (uncertain — identified as the 'Heather' the presiding member named as her co-presenter; one of only two committee members present),"Okay.  I know this is going to be a question. Is there a room for,   is there a space in four school or three school for a  preschool as we see it, or preschool services? Preschool services. So I know that  that was brought up in the last meeting. I know it's a hot potato, but if I don't ask that question, I'm going to have people mad at me.",Speaker 2,https://reflect-claremont.cablecast.tv/internetchannel/show/17029?site=1&seekto=1843
0:31:03.34,0:31:23.74,1863.34,1883.74,Kerry Kennedy,"Interim Superintendent, SAU 6","Sure. We are looking right now with the one preschool classroom model, and then that could be something projected forward.  In my head, I have preschool as a placeholder  in a two, two and then a 3 to 5.  And so right now we're projecting at least one preschool as a possibility for  our.",Speaker 5,https://reflect-claremont.cablecast.tv/internetchannel/show/17029?site=1&seekto=1863
0:31:23.86,0:31:24.22,1883.86,1884.22,Kerry Kennedy,"Interim Superintendent, SAU 6 (sentence continuation)",Actual.,Speaker 4,https://reflect-claremont.cablecast.tv/internetchannel/show/17029?site=1&seekto=1883
0:31:24.22,0:31:26.19,1884.22,1886.19,Kerry Kennedy,"Interim Superintendent, SAU 6","Classrooms, identified students.",Speaker 5,https://reflect-claremont.cablecast.tv/internetchannel/show/17029?site=1&seekto=1884
0:31:26.22,0:31:30.50,1886.22,1890.50,Heather Whitney,School Board Chair; Finance Subcommittee member (uncertain — identified as the 'Heather' the presiding member named as her co-presenter; one of only two committee members present),For identified students only as we are providing services today.,Speaker 2,https://reflect-claremont.cablecast.tv/internetchannel/show/17029?site=1&seekto=1886
0:31:30.58,0:31:31.46,1890.58,1891.46,Unidentified,Diarizer artifact cluster — sub-second crosstalk/onset-clip fragments shed by the four participants; not a distinct person,Okay.,Speaker 4,https://reflect-claremont.cablecast.tv/internetchannel/show/17029?site=1&seekto=1890
0:31:31.54,0:31:34.06,1891.54,1894.06,Kerry Kennedy,"Interim Superintendent, SAU 6",There would be some possibly peer models.,Speaker 5,https://reflect-claremont.cablecast.tv/internetchannel/show/17029?site=1&seekto=1891
0:31:34.30,0:31:47.26,1894.30,1907.26,Candace Crawford,"School Board Member; presiding member, Finance Subcommittee","Yeah, that's what I was just going to say. If you have a classroom structure for pre-K for students that need it, I think you're required to have  models model students as well. So it can't be.",Speaker 1,https://reflect-claremont.cablecast.tv/internetchannel/show/17029?site=1&seekto=1894
0:31:47.38,0:31:49.26,1907.38,1909.26,Kerry Kennedy,"Interim Superintendent, SAU 6",Just only special education.,Speaker 5,https://reflect-claremont.cablecast.tv/internetchannel/show/17029?site=1&seekto=1907
0:31:49.30,0:32:02.26,1909.30,1922.26,Heather Whitney,School Board Chair; Finance Subcommittee member (uncertain — identified as the 'Heather' the presiding member named as her co-presenter; one of only two committee members present),"I guess what I'm saying is that the only thing that I wanted to make sure that was,  because we haven't made a decision about school. Right, right. But we should allow an option for it  by making sure that there is space within the model.",Speaker 2,https://reflect-claremont.cablecast.tv/internetchannel/show/17029?site=1&seekto=1909
0:32:02.30,0:32:02.52,1922.30,1922.52,Kerry Kennedy,"Interim Superintendent, SAU 6",Right?,Speaker 5,https://reflect-claremont.cablecast.tv/internetchannel/show/17029?site=1&seekto=1922
0:32:02.70,0:32:14.10,1922.70,1934.10,Heather Whitney,School Board Chair; Finance Subcommittee member (uncertain — identified as the 'Heather' the presiding member named as her co-presenter; one of only two committee members present),"So I just wanted to bring that up. Like, you know, we all have our feelings about preschool, but we need to make sure that there is space within each model so a discussion can be had. So it's not eliminated by default right.",Speaker 2,https://reflect-claremont.cablecast.tv/internetchannel/show/17029?site=1&seekto=1922
0:32:14.22,0:32:20.66,1934.22,1940.66,Candace Crawford,"School Board Member; presiding member, Finance Subcommittee",So the for school model is alignment with some provision. It might be able to.,Speaker 1,https://reflect-claremont.cablecast.tv/internetchannel/show/17029?site=1&seekto=1934
0:32:20.74,0:32:21.58,1940.74,1941.58,Candace Crawford,"School Board Member; presiding member, Finance Subcommittee (sentence continuation)",Have.,Speaker 5,https://reflect-claremont.cablecast.tv/internetchannel/show/17029?site=1&seekto=1940
0:32:21.66,0:32:24.74,1941.66,1944.74,Candace Crawford,"School Board Member; presiding member, Finance Subcommittee",A preschool. But we haven't made that decision right.,Speaker 1,https://reflect-claremont.cablecast.tv/internetchannel/show/17029?site=1&seekto=1941
0:32:24.82,0:32:34.54,1944.82,1954.54,Kerry Kennedy,"Interim Superintendent, SAU 6","But I need to factor in the classroom so that if we do go that way we have spaces available. So pre-K to two, 3 to 5, 6 to 8, 7 to 12.",Speaker 5,https://reflect-claremont.cablecast.tv/internetchannel/show/17029?site=1&seekto=1944
0:32:34.62,0:32:34.90,1954.62,1954.90,Candace Crawford,"School Board Member; presiding member, Finance Subcommittee",Right.,Speaker 1,https://reflect-claremont.cablecast.tv/internetchannel/show/17029?site=1&seekto=1954
0:32:34.94,0:32:37.02,1954.94,1957.02,Kerry Kennedy,"Interim Superintendent, SAU 6",With the reconfigured for school model.,Speaker 5,https://reflect-claremont.cablecast.tv/internetchannel/show/17029?site=1&seekto=1954
0:32:37.06,0:32:38.09,1957.06,1958.09,Heather Whitney,School Board Chair; Finance Subcommittee member (uncertain — identified as the 'Heather' the presiding member named as her co-presenter; one of only two committee members present),Right through.,Speaker 2,https://reflect-claremont.cablecast.tv/internetchannel/show/17029?site=1&seekto=1957
0:32:38.20,0:32:40.46,1958.20,1960.46,Kerry Kennedy,"Interim Superintendent, SAU 6",To mean it's 7 to 12 and 70.,Speaker 5,https://reflect-claremont.cablecast.tv/internetchannel/show/17029?site=1&seekto=1958
0:32:40.54,0:32:41.38,1960.54,1961.38,Heather Whitney,School Board Chair; Finance Subcommittee member (uncertain — identified as the 'Heather' the presiding member named as her co-presenter; one of only two committee members present),7 to 12.,Speaker 2,https://reflect-claremont.cablecast.tv/internetchannel/show/17029?site=1&seekto=1960
0:32:41.42,0:32:46.58,1961.42,1966.58,Kerry Kennedy,"Interim Superintendent, SAU 6","Yes. I mean nine, 12. Sorry. 9 to 12. Sorry. Okay. I wrote it wrong. 9 to 12.",Speaker 5,https://reflect-claremont.cablecast.tv/internetchannel/show/17029?site=1&seekto=1961
0:32:46.71,0:33:09.58,1966.71,1989.58,Matt Angell,"Interim Business Administrator, SAU 6","All right. Now, I do want to say in my payroll projection that I just shared with you, it does not include adding back saw employees. Okay. Because now  with the new model beginning July 1st,  the superintendent, business administrator,  you're going to have those positions for  Claremont.",Speaker 3,https://reflect-claremont.cablecast.tv/internetchannel/show/17029?site=1&seekto=1966
0:33:09.66,0:33:41.46,1989.66,2021.46,Candace Crawford,"School Board Member; presiding member, Finance Subcommittee","However, in in our current budget, we have provisions for the C portion  of our survey of our services. Yes. And and the current level is at 90%. Yes. About about 90%, because unity was only about 10% of the budget. Okay. And so given the difference in the population at the s o office, that number might be a wash.",Speaker 1,https://reflect-claremont.cablecast.tv/internetchannel/show/17029?site=1&seekto=1989
0:33:41.46,0:33:52.42,2021.46,2032.42,Candace Crawford,"School Board Member; presiding member, Finance Subcommittee",It might be a similar number. The 90% of last year versus 100% of this year might be a similar number because of reduced staff at the s a year. Is that fair?,Speaker 1,https://reflect-claremont.cablecast.tv/internetchannel/show/17029?site=1&seekto=2021
0:33:52.46,0:34:10.50,2032.46,2050.50,Matt Angell,"Interim Business Administrator, SAU 6","I  haven't done that analysis yet. Okay. It's a fair assumption, but when I see how the budget was built last year,  there are two ways you can build a budget model. One of them is kind of like putting in like your max estimate, and one of them is putting in a really tight, tight estimate.",Speaker 3,https://reflect-claremont.cablecast.tv/internetchannel/show/17029?site=1&seekto=2032
0:34:10.54,0:34:14.59,2050.54,2054.59,Candace Crawford,"School Board Member; presiding member, Finance Subcommittee","Well, there are three median, max and minimum. Right. Right.",Speaker 1,https://reflect-claremont.cablecast.tv/internetchannel/show/17029?site=1&seekto=2050
0:34:14.64,0:34:36.46,2054.64,2076.46,Matt Angell,"Interim Business Administrator, SAU 6","Right. But  so for example, like,  for payroll, what you would do is you would put in the person who is in their seat, what their, what their stepping grade is the next year and then increase their health insurance. Okay. But what I'm seeing is, is they did do the step increase, but they tightened up the estimate on health insurance.",Speaker 3,https://reflect-claremont.cablecast.tv/internetchannel/show/17029?site=1&seekto=2054
0:34:36.54,0:34:41.54,2076.54,2081.54,Matt Angell,"Interim Business Administrator, SAU 6",So the health insurance is really.,Speaker 3,https://reflect-claremont.cablecast.tv/internetchannel/show/17029?site=1&seekto=2076
0:34:41.62,0:34:43.54,2081.62,2083.54,Kerry Kennedy,"Interim Superintendent, SAU 6",Okay. There's a different health insurance.,Speaker 5,https://reflect-claremont.cablecast.tv/internetchannel/show/17029?site=1&seekto=2081
0:34:43.58,0:34:56.18,2083.58,2096.18,Matt Angell,"Interim Business Administrator, SAU 6","So I'm I'm  warning you that when I add in the SA services, I think what they did is they tightened up their estimate on the actual cost for saw services for the current year operating budget.",Speaker 3,https://reflect-claremont.cablecast.tv/internetchannel/show/17029?site=1&seekto=2083
0:34:56.22,0:35:11.02,2096.22,2111.02,Candace Crawford,"School Board Member; presiding member, Finance Subcommittee","So what you're saying is that we have to take a look at the s, a operating budget for this year and look at the year to date expenditures as a reference to project how much it impacts the Claremont budget next year.",Speaker 1,https://reflect-claremont.cablecast.tv/internetchannel/show/17029?site=1&seekto=2096
0:35:11.06,0:35:21.42,2111.06,2121.42,Matt Angell,"Interim Business Administrator, SAU 6","We really need to work as a team to get a really good, cohesive saw model that works with the school board.",Speaker 3,https://reflect-claremont.cablecast.tv/internetchannel/show/17029?site=1&seekto=2111
0:35:21.50,0:35:25.82,2121.50,2125.82,Candace Crawford,"School Board Member; presiding member, Finance Subcommittee",Within the the ramifications of 90% of this year's.,Speaker 1,https://reflect-claremont.cablecast.tv/internetchannel/show/17029?site=1&seekto=2121
0:35:25.90,0:35:27.04,2125.90,2127.04,Kerry Kennedy,"Interim Superintendent, SAU 6",And future projections.,Speaker 5,https://reflect-claremont.cablecast.tv/internetchannel/show/17029?site=1&seekto=2125
0:35:27.06,0:35:27.94,2127.06,2127.94,Candace Crawford,"School Board Member; presiding member, Finance Subcommittee",That's what it is.,Speaker 1,https://reflect-claremont.cablecast.tv/internetchannel/show/17029?site=1&seekto=2127
0:35:28.06,0:35:31.30,2128.06,2131.30,Heather Whitney,School Board Chair; Finance Subcommittee member (uncertain — identified as the 'Heather' the presiding member named as her co-presenter; one of only two committee members present),And to make sure that they can provide the services. Exactly right. Yeah.,Speaker 2,https://reflect-claremont.cablecast.tv/internetchannel/show/17029?site=1&seekto=2128
0:35:31.34,0:35:32.78,2131.34,2132.78,Candace Crawford,"School Board Member; presiding member, Finance Subcommittee","Right, right.",Speaker 1,https://reflect-claremont.cablecast.tv/internetchannel/show/17029?site=1&seekto=2131
0:35:33.86,0:35:52.82,2133.86,2152.82,Heather Whitney,School Board Chair; Finance Subcommittee member (uncertain — identified as the 'Heather' the presiding member named as her co-presenter; one of only two committee members present),"Just,  just for I'm just understand the health insurance  issues, but if our health insurance was,  if the way that the health insurance was the data entry of the health insurance. Okay, let me bring this. Okay.",Speaker 2,https://reflect-claremont.cablecast.tv/internetchannel/show/17029?site=1&seekto=2133
0:35:53.06,0:35:55.26,2153.06,2155.26,Kerry Kennedy,"Interim Superintendent, SAU 6",So.,Speaker 5,https://reflect-claremont.cablecast.tv/internetchannel/show/17029?site=1&seekto=2153
0:35:55.34,0:36:19.78,2155.34,2179.78,Heather Whitney,School Board Chair; Finance Subcommittee member (uncertain — identified as the 'Heather' the presiding member named as her co-presenter; one of only two committee members present),"The reason why the data entry issue, is it financial issue or is it fiscal issue is because in many cases or in all cases, the  district was assuming a greater share of the premium cost share than estimated. But then we should have. That's one. And then we were also paying.",Speaker 2,https://reflect-claremont.cablecast.tv/internetchannel/show/17029?site=1&seekto=2155
0:36:19.82,0:36:21.66,2179.82,2181.66,Candace Crawford,"School Board Member; presiding member, Finance Subcommittee",Based on incorrect data.,Speaker 1,https://reflect-claremont.cablecast.tv/internetchannel/show/17029?site=1&seekto=2179
0:36:21.74,0:36:23.30,2181.74,2183.30,Heather Whitney,School Board Chair; Finance Subcommittee member (uncertain — identified as the 'Heather' the presiding member named as her co-presenter; one of only two committee members present),Based on or incorrect.,Speaker 2,https://reflect-claremont.cablecast.tv/internetchannel/show/17029?site=1&seekto=2181
0:36:23.30,0:36:24.22,2183.30,2184.22,Kerry Kennedy,"Interim Superintendent, SAU 6",Data entry.,Speaker 5,https://reflect-claremont.cablecast.tv/internetchannel/show/17029?site=1&seekto=2183
0:36:24.26,0:36:25.62,2184.26,2185.62,Candace Crawford,"School Board Member; presiding member, Finance Subcommittee",Right. Right.,Speaker 1,https://reflect-claremont.cablecast.tv/internetchannel/show/17029?site=1&seekto=2184
0:36:25.70,0:36:36.74,2185.70,2196.74,Heather Whitney,School Board Chair; Finance Subcommittee member (uncertain — identified as the 'Heather' the presiding member named as her co-presenter; one of only two committee members present),"And additionally, we were also paying full premium for some individuals that he had either retired or left the district. Is that correct?",Speaker 2,https://reflect-claremont.cablecast.tv/internetchannel/show/17029?site=1&seekto=2185
0:36:36.82,0:36:41.18,2196.82,2201.18,Matt Angell,"Interim Business Administrator, SAU 6","That was in the actual expenditure, but that wasn't in the budget.",Speaker 3,https://reflect-claremont.cablecast.tv/internetchannel/show/17029?site=1&seekto=2196
0:36:41.26,0:36:48.71,2201.26,2208.71,Heather Whitney,School Board Chair; Finance Subcommittee member (uncertain — identified as the 'Heather' the presiding member named as her co-presenter; one of only two committee members present),"Right. Right. It was it was a it was it was somehow included, spread out amongst lines.",Speaker 2,https://reflect-claremont.cablecast.tv/internetchannel/show/17029?site=1&seekto=2201
0:36:48.74,0:36:51.78,2208.74,2211.78,Candace Crawford,"School Board Member; presiding member, Finance Subcommittee",It it impacted cash flow but not the budget.,Speaker 1,https://reflect-claremont.cablecast.tv/internetchannel/show/17029?site=1&seekto=2208
0:36:52.26,0:36:52.78,2212.26,2212.78,Heather Whitney,School Board Chair; Finance Subcommittee member (uncertain — identified as the 'Heather' the presiding member named as her co-presenter; one of only two committee members present),Correct.,Speaker 2,https://reflect-claremont.cablecast.tv/internetchannel/show/17029?site=1&seekto=2212
0:36:52.94,0:37:11.35,2212.94,2231.35,Matt Angell,"Interim Business Administrator, SAU 6",Okay. Okay. I did a really quick estimate on our comparison of the current year budget  to health insurance. And it looks like what they did is they budgeted for  people that were currently in their positions. So they didn't put in an estimate for vacant positions. Oh.,Speaker 3,https://reflect-claremont.cablecast.tv/internetchannel/show/17029?site=1&seekto=2212
0:37:11.43,0:37:12.18,2231.43,2232.18,Heather Whitney,School Board Chair; Finance Subcommittee member (uncertain — identified as the 'Heather' the presiding member named as her co-presenter; one of only two committee members present),Oh.,Speaker 2,https://reflect-claremont.cablecast.tv/internetchannel/show/17029?site=1&seekto=2231
0:37:13.02,0:37:20.74,2233.02,2240.74,Heather Whitney,School Board Chair; Finance Subcommittee member (uncertain — identified as the 'Heather' the presiding member named as her co-presenter; one of only two committee members present),Say that  okay. They they only included payroll. Not that benefits portion of the vacant positions when they budgeted.,Speaker 2,https://reflect-claremont.cablecast.tv/internetchannel/show/17029?site=1&seekto=2233
0:37:20.82,0:37:22.10,2240.82,2242.10,Matt Angell,"Interim Business Administrator, SAU 6",That's what it.,Speaker 3,https://reflect-claremont.cablecast.tv/internetchannel/show/17029?site=1&seekto=2240
0:37:22.26,0:37:22.78,2242.26,2242.78,Kerry Kennedy,"Interim Superintendent, SAU 6",Looks like.,Speaker 5,https://reflect-claremont.cablecast.tv/internetchannel/show/17029?site=1&seekto=2242
0:37:22.94,0:37:37.18,2242.94,2257.18,Matt Angell,"Interim Business Administrator, SAU 6","Gosh I haven't proven that. Okay. Okay. And so so one of the, one of the things that I'm trying to do right now, this is last night. This is this is my first text to you last night. Okay. Where I was just like.",Speaker 3,https://reflect-claremont.cablecast.tv/internetchannel/show/17029?site=1&seekto=2242
0:37:37.22,0:37:39.74,2257.22,2259.74,Heather Whitney,School Board Chair; Finance Subcommittee member (uncertain — identified as the 'Heather' the presiding member named as her co-presenter; one of only two committee members present),I gotta go home.,Speaker 2,https://reflect-claremont.cablecast.tv/internetchannel/show/17029?site=1&seekto=2257
0:37:39.82,0:37:42.46,2259.82,2262.46,Candace Crawford,"School Board Member; presiding member, Finance Subcommittee","And that was at 1030, just for reference.",Speaker 1,https://reflect-claremont.cablecast.tv/internetchannel/show/17029?site=1&seekto=2259
0:37:42.54,0:37:45.10,2262.54,2265.10,Kerry Kennedy,"Interim Superintendent, SAU 6",Normally it should be just a quick rollover button.,Speaker 5,https://reflect-claremont.cablecast.tv/internetchannel/show/17029?site=1&seekto=2262
0:37:45.14,0:37:46.26,2265.14,2266.26,Candace Crawford,"School Board Member; presiding member, Finance Subcommittee",That was 1030.,Speaker 1,https://reflect-claremont.cablecast.tv/internetchannel/show/17029?site=1&seekto=2265
0:37:46.34,0:37:52.54,2266.34,2272.54,Matt Angell,"Interim Business Administrator, SAU 6","When you budget for the vacant positions, you don't know what what returns are going to buy. But you put what they do is.",Speaker 3,https://reflect-claremont.cablecast.tv/internetchannel/show/17029?site=1&seekto=2266
0:37:52.58,0:37:54.06,2272.58,2274.06,Kerry Kennedy,"Interim Superintendent, SAU 6","You model, you guesstimate.",Speaker 5,https://reflect-claremont.cablecast.tv/internetchannel/show/17029?site=1&seekto=2272
0:37:54.10,0:37:59.38,2274.10,2279.38,Matt Angell,"Interim Business Administrator, SAU 6","Well, I pick the two person plan, assuming half the people are going to do the.",Speaker 3,https://reflect-claremont.cablecast.tv/internetchannel/show/17029?site=1&seekto=2274
0:37:59.46,0:38:00.38,2279.46,2280.38,Heather Whitney,School Board Chair; Finance Subcommittee member (uncertain — identified as the 'Heather' the presiding member named as her co-presenter; one of only two committee members present),And.,Speaker 2,https://reflect-claremont.cablecast.tv/internetchannel/show/17029?site=1&seekto=2279
0:38:00.46,0:38:01.43,2280.46,2281.43,Kerry Kennedy,"Interim Superintendent, SAU 6",Got it  right.,Speaker 5,https://reflect-claremont.cablecast.tv/internetchannel/show/17029?site=1&seekto=2280
0:38:01.51,0:38:08.10,2281.51,2288.10,Matt Angell,"Interim Business Administrator, SAU 6","Family one absolutely. When I compared it to the current year, it was just like it was this big, huge, wild number.",Speaker 3,https://reflect-claremont.cablecast.tv/internetchannel/show/17029?site=1&seekto=2281
0:38:08.14,0:38:17.46,2288.14,2297.46,Candace Crawford,"School Board Member; presiding member, Finance Subcommittee","I have to say, I recall  in last year's budget preparation, the statement was made that they were putting in the two person.",Speaker 1,https://reflect-claremont.cablecast.tv/internetchannel/show/17029?site=1&seekto=2288
0:38:17.54,0:38:18.22,2297.54,2298.22,Heather Whitney,School Board Chair; Finance Subcommittee member (uncertain — identified as the 'Heather' the presiding member named as her co-presenter; one of only two committee members present),"Yes, I remember.",Speaker 2,https://reflect-claremont.cablecast.tv/internetchannel/show/17029?site=1&seekto=2297
0:38:18.34,0:38:20.54,2298.34,2300.54,Candace Crawford,"School Board Member; presiding member, Finance Subcommittee",They did. It was identified.,Speaker 1,https://reflect-claremont.cablecast.tv/internetchannel/show/17029?site=1&seekto=2298
0:38:20.62,0:38:23.50,2300.62,2303.50,Heather Whitney,School Board Chair; Finance Subcommittee member (uncertain — identified as the 'Heather' the presiding member named as her co-presenter; one of only two committee members present),Because I mentioned that. That's right.,Speaker 2,https://reflect-claremont.cablecast.tv/internetchannel/show/17029?site=1&seekto=2300
0:38:23.58,0:38:35.95,2303.58,2315.95,Candace Crawford,"School Board Member; presiding member, Finance Subcommittee","Because she had been putting in the family plan and we said that's unrealistic and used the two person, two family, two person model. And we were assured that that was what was in the budget.",Speaker 1,https://reflect-claremont.cablecast.tv/internetchannel/show/17029?site=1&seekto=2303
0:38:35.98,0:38:46.74,2315.98,2326.74,Heather Whitney,School Board Chair; Finance Subcommittee member (uncertain — identified as the 'Heather' the presiding member named as her co-presenter; one of only two committee members present),So the 15 I think was 15%. We were told that there was an increase in 15%. Right.  Healthcare expenses for the 26 budget.,Speaker 2,https://reflect-claremont.cablecast.tv/internetchannel/show/17029?site=1&seekto=2315
0:38:46.78,0:38:47.54,2326.78,2327.54,Candace Crawford,"School Board Member; presiding member, Finance Subcommittee",That's correct.,Speaker 1,https://reflect-claremont.cablecast.tv/internetchannel/show/17029?site=1&seekto=2326
0:38:47.58,0:38:47.98,2327.58,2327.98,Kerry Kennedy,"Interim Superintendent, SAU 6",Okay.,Speaker 5,https://reflect-claremont.cablecast.tv/internetchannel/show/17029?site=1&seekto=2327
0:38:48.02,0:38:49.30,2328.02,2329.30,Candace Crawford,"School Board Member; presiding member, Finance Subcommittee",That's what I recall.,Speaker 1,https://reflect-claremont.cablecast.tv/internetchannel/show/17029?site=1&seekto=2328
0:38:49.38,0:38:51.86,2329.38,2331.86,Unidentified,Diarizer artifact cluster — sub-second crosstalk/onset-clip fragments shed by the four participants; not a distinct person,All right.,Speaker 6,https://reflect-claremont.cablecast.tv/internetchannel/show/17029?site=1&seekto=2329
0:38:51.94,0:38:52.70,2331.94,2332.70,Heather Whitney,School Board Chair; Finance Subcommittee member (uncertain — identified as the 'Heather' the presiding member named as her co-presenter; one of only two committee members present),That's.,Speaker 2,https://reflect-claremont.cablecast.tv/internetchannel/show/17029?site=1&seekto=2331
0:38:52.78,0:39:14.58,2332.78,2354.58,Matt Angell,"Interim Business Administrator, SAU 6","It's tight. It's even. Okay. We're down. The last time I looked, which was over a month ago, we were down 78 positions. Okay. But,  But I was only estimating,  like, an additional.  We freed up about 600,000 in health insurance. Okay. And the numbers don't add up, right?",Speaker 3,https://reflect-claremont.cablecast.tv/internetchannel/show/17029?site=1&seekto=2332
0:39:14.66,0:39:18.78,2354.66,2358.78,Candace Crawford,"School Board Member; presiding member, Finance Subcommittee",Right. Because those numbers weren't in there.,Speaker 1,https://reflect-claremont.cablecast.tv/internetchannel/show/17029?site=1&seekto=2354
0:39:18.86,0:39:20.46,2358.86,2360.46,Matt Angell,"Interim Business Administrator, SAU 6",So? So something.,Speaker 3,https://reflect-claremont.cablecast.tv/internetchannel/show/17029?site=1&seekto=2358
0:39:20.54,0:39:24.30,2360.54,2364.30,Heather Whitney,School Board Chair; Finance Subcommittee member (uncertain — identified as the 'Heather' the presiding member named as her co-presenter; one of only two committee members present),So we're optimistic. And then we found out we shouldn't have been so optimistic because.,Speaker 2,https://reflect-claremont.cablecast.tv/internetchannel/show/17029?site=1&seekto=2360
0:39:24.34,0:39:25.98,2364.34,2365.98,Candace Crawford,"School Board Member; presiding member, Finance Subcommittee","Well, we were okay.",Speaker 1,https://reflect-claremont.cablecast.tv/internetchannel/show/17029?site=1&seekto=2364
0:39:26.02,0:39:27.06,2366.02,2367.06,Heather Whitney,School Board Chair; Finance Subcommittee member (uncertain — identified as the 'Heather' the presiding member named as her co-presenter; one of only two committee members present),"I got it, I got it.",Speaker 2,https://reflect-claremont.cablecast.tv/internetchannel/show/17029?site=1&seekto=2366
0:39:27.14,0:39:28.66,2367.14,2368.66,Candace Crawford,"School Board Member; presiding member, Finance Subcommittee",So it's a generous word.,Speaker 1,https://reflect-claremont.cablecast.tv/internetchannel/show/17029?site=1&seekto=2367
0:39:28.74,0:39:30.98,2368.74,2370.98,Unidentified,Diarizer artifact cluster — sub-second crosstalk/onset-clip fragments shed by the four participants; not a distinct person,Yeah.,Speaker 6,https://reflect-claremont.cablecast.tv/internetchannel/show/17029?site=1&seekto=2368
0:39:31.06,0:39:34.90,2371.06,2374.90,Heather Whitney,School Board Chair; Finance Subcommittee member (uncertain — identified as the 'Heather' the presiding member named as her co-presenter; one of only two committee members present),It was a crumb. Okay.,Speaker 2,https://reflect-claremont.cablecast.tv/internetchannel/show/17029?site=1&seekto=2371
0:39:34.98,0:39:49.30,2374.98,2389.30,Matt Angell,"Interim Business Administrator, SAU 6",Thank you.  So right now I'm trying to like I'm waffling between doing a one person for the vacant positions and a two person. So I'm not affecting the budget increase so wildly to the taxpayers.,Speaker 3,https://reflect-claremont.cablecast.tv/internetchannel/show/17029?site=1&seekto=2374
0:39:49.34,0:39:51.02,2389.34,2391.02,Candace Crawford,"School Board Member; presiding member, Finance Subcommittee",I think you've got to be realistic.,Speaker 1,https://reflect-claremont.cablecast.tv/internetchannel/show/17029?site=1&seekto=2389
0:39:51.82,0:39:54.54,2391.82,2394.54,Kerry Kennedy,"Interim Superintendent, SAU 6",Well because the family plan will throw it off significantly.,Speaker 5,https://reflect-claremont.cablecast.tv/internetchannel/show/17029?site=1&seekto=2391
0:39:54.59,0:39:55.46,2394.59,2395.46,Candace Crawford,"School Board Member; presiding member, Finance Subcommittee",Yeah. No kidding.,Speaker 1,https://reflect-claremont.cablecast.tv/internetchannel/show/17029?site=1&seekto=2394
0:39:55.54,0:39:56.02,2395.54,2396.02,Unidentified,Diarizer artifact cluster — sub-second crosstalk/onset-clip fragments shed by the four participants; not a distinct person,Yeah.,Speaker 6,https://reflect-claremont.cablecast.tv/internetchannel/show/17029?site=1&seekto=2395
0:39:56.18,0:39:58.74,2396.18,2398.74,Candace Crawford,"School Board Member; presiding member, Finance Subcommittee",I just.,Speaker 1,https://reflect-claremont.cablecast.tv/internetchannel/show/17029?site=1&seekto=2396
0:39:58.82,0:40:02.74,2398.82,2402.74,Kerry Kennedy,"Interim Superintendent, SAU 6",I just. Do you have any.,Speaker 5,https://reflect-claremont.cablecast.tv/internetchannel/show/17029?site=1&seekto=2398
0:40:02.82,0:40:13.30,2402.82,2413.30,Candace Crawford,"School Board Member; presiding member, Finance Subcommittee","So a one person plan or a two person plan or family plan I think a family plan. And I think we've been quoted as like 42,000.",Speaker 1,https://reflect-claremont.cablecast.tv/internetchannel/show/17029?site=1&seekto=2402
0:40:14.10,0:40:22.82,2414.10,2422.82,Matt Angell,"Interim Business Administrator, SAU 6","Yeah. The gross amount the employee employer share is for next year is going to be about $45,000.",Speaker 3,https://reflect-claremont.cablecast.tv/internetchannel/show/17029?site=1&seekto=2414
0:40:22.90,0:40:24.42,2422.90,2424.42,Candace Crawford,"School Board Member; presiding member, Finance Subcommittee",The total.,Speaker 1,https://reflect-claremont.cablecast.tv/internetchannel/show/17029?site=1&seekto=2422
0:40:24.50,0:40:26.22,2424.50,2426.22,Matt Angell,"Interim Business Administrator, SAU 6",For family plan.,Speaker 3,https://reflect-claremont.cablecast.tv/internetchannel/show/17029?site=1&seekto=2424
0:40:26.30,0:40:26.54,2426.30,2426.54,Unidentified,Diarizer artifact cluster — sub-second crosstalk/onset-clip fragments shed by the four participants; not a distinct person,Yeah.,Speaker 6,https://reflect-claremont.cablecast.tv/internetchannel/show/17029?site=1&seekto=2426
0:40:26.58,0:40:28.34,2426.58,2428.34,Matt Angell,"Interim Business Administrator, SAU 6",For one family.,Speaker 3,https://reflect-claremont.cablecast.tv/internetchannel/show/17029?site=1&seekto=2426
0:40:28.42,0:40:35.50,2428.42,2435.50,Heather Whitney,School Board Chair; Finance Subcommittee member (uncertain — identified as the 'Heather' the presiding member named as her co-presenter; one of only two committee members present),And so as it stands now the the employee the employer assumes 95% to the district pays.,Speaker 2,https://reflect-claremont.cablecast.tv/internetchannel/show/17029?site=1&seekto=2428
0:40:35.58,0:40:36.06,2435.58,2436.06,Candace Crawford,"School Board Member; presiding member, Finance Subcommittee (sentence continuation)",90.,Speaker 5,https://reflect-claremont.cablecast.tv/internetchannel/show/17029?site=1&seekto=2435
0:40:36.10,0:40:39.42,2436.10,2439.42,Candace Crawford,"School Board Member; presiding member, Finance Subcommittee","5% of $45,000. Right.",Speaker 1,https://reflect-claremont.cablecast.tv/internetchannel/show/17029?site=1&seekto=2436
0:40:39.46,0:40:42.30,2439.46,2442.30,Matt Angell,"Interim Business Administrator, SAU 6",It's it's different between bargaining groups.,Speaker 3,https://reflect-claremont.cablecast.tv/internetchannel/show/17029?site=1&seekto=2439
0:40:42.38,0:40:44.58,2442.38,2444.58,Heather Whitney,School Board Chair; Finance Subcommittee member (uncertain — identified as the 'Heather' the presiding member named as her co-presenter; one of only two committee members present),That's correct. That our that's our largest bargaining.,Speaker 2,https://reflect-claremont.cablecast.tv/internetchannel/show/17029?site=1&seekto=2442
0:40:44.74,0:40:45.26,2444.74,2445.26,Unidentified,Diarizer artifact cluster — sub-second crosstalk/onset-clip fragments shed by the four participants; not a distinct person,That is correct.,Speaker 6,https://reflect-claremont.cablecast.tv/internetchannel/show/17029?site=1&seekto=2444
0:40:45.38,0:40:46.90,2445.38,2446.90,Heather Whitney,School Board Chair; Finance Subcommittee member (uncertain — identified as the 'Heather' the presiding member named as her co-presenter; one of only two committee members present),Bargaining group which is the SRA.,Speaker 2,https://reflect-claremont.cablecast.tv/internetchannel/show/17029?site=1&seekto=2445
0:40:47.10,0:40:47.94,2447.10,2447.94,Unidentified,Diarizer artifact cluster — sub-second crosstalk/onset-clip fragments shed by the four participants; not a distinct person,Okay. Yeah.,Speaker 6,https://reflect-claremont.cablecast.tv/internetchannel/show/17029?site=1&seekto=2447
0:40:48.10,0:41:03.34,2448.10,2463.34,Candace Crawford,"School Board Member; presiding member, Finance Subcommittee",Right.  And the one person in the two person. And we have to pay that based on bargaining agreements. Yeah. We don't have a choice. It is part of the agreement. So that rights that are legally in place.,Speaker 1,https://reflect-claremont.cablecast.tv/internetchannel/show/17029?site=1&seekto=2448
0:41:03.38,0:41:18.94,2463.38,2478.94,Matt Angell,"Interim Business Administrator, SAU 6","Estimate exists.  Let me let me pull it up because I had to look at it last night.  I didn't save it really quickly. That's,",Speaker 3,https://reflect-claremont.cablecast.tv/internetchannel/show/17029?site=1&seekto=2463
0:41:19.02,0:41:20.42,2479.02,2480.42,Matt Angell,"Interim Business Administrator, SAU 6",That's unity.,Speaker 3,https://reflect-claremont.cablecast.tv/internetchannel/show/17029?site=1&seekto=2479
0:41:20.50,0:41:34.18,2480.50,2494.18,Kerry Kennedy,"Interim Superintendent, SAU 6","And then similarly, the bargaining units also have cash in lieu. And so if they don't take insurance, there's a stipend that's paid out to folks at a different rate depending on the bargaining unit. So for not taking the insurance.",Speaker 5,https://reflect-claremont.cablecast.tv/internetchannel/show/17029?site=1&seekto=2480
0:41:34.30,0:41:37.62,2494.30,2497.62,Candace Crawford,"School Board Member; presiding member, Finance Subcommittee",The Serra do you recall what the Shia.,Speaker 1,https://reflect-claremont.cablecast.tv/internetchannel/show/17029?site=1&seekto=2494
0:41:37.86,0:41:39.26,2497.86,2499.26,Kerry Kennedy,"Interim Superintendent, SAU 6",It's about 2500.,Speaker 5,https://reflect-claremont.cablecast.tv/internetchannel/show/17029?site=1&seekto=2497
0:41:39.38,0:41:40.30,2499.38,2500.30,Candace Crawford,"School Board Member; presiding member, Finance Subcommittee",2500.,Speaker 1,https://reflect-claremont.cablecast.tv/internetchannel/show/17029?site=1&seekto=2499
0:41:40.34,0:41:46.94,2500.34,2506.94,Heather Whitney,School Board Chair; Finance Subcommittee member (uncertain — identified as the 'Heather' the presiding member named as her co-presenter; one of only two committee members present),"And then if there's a married couple,  the district is a right. If there's a if there's a married couple.",Speaker 2,https://reflect-claremont.cablecast.tv/internetchannel/show/17029?site=1&seekto=2500
0:41:46.98,0:41:47.66,2506.98,2507.66,Heather Whitney,School Board Chair; Finance Subcommittee member (sentence continuation; identification uncertain — see Speaker 2),Would that both.,Speaker 5,https://reflect-claremont.cablecast.tv/internetchannel/show/17029?site=1&seekto=2506
0:41:47.66,0:41:49.70,2507.66,2509.70,Heather Whitney,School Board Chair; Finance Subcommittee member (uncertain — identified as the 'Heather' the presiding member named as her co-presenter; one of only two committee members present),Work in the for the district.,Speaker 2,https://reflect-claremont.cablecast.tv/internetchannel/show/17029?site=1&seekto=2507
0:41:49.74,0:41:50.46,2509.74,2510.46,Kerry Kennedy,"Interim Superintendent, SAU 6",For the district.,Speaker 5,https://reflect-claremont.cablecast.tv/internetchannel/show/17029?site=1&seekto=2509
0:41:50.50,0:41:52.34,2510.50,2512.34,Heather Whitney,School Board Chair; Finance Subcommittee member (uncertain — identified as the 'Heather' the presiding member named as her co-presenter; one of only two committee members present),And the district pays 100.,Speaker 2,https://reflect-claremont.cablecast.tv/internetchannel/show/17029?site=1&seekto=2510
0:41:52.50,0:41:55.58,2512.50,2515.58,Candace Crawford,"School Board Member; presiding member, Finance Subcommittee",Oh oh. Oh yeah. Yeah. Right. But they don't pay for both. Right. So there's the.,Speaker 1,https://reflect-claremont.cablecast.tv/internetchannel/show/17029?site=1&seekto=2512
0:41:55.58,0:41:57.30,2515.58,2517.30,Kerry Kennedy,"Interim Superintendent, SAU 6","Savings, right? They don't get the ends.",Speaker 5,https://reflect-claremont.cablecast.tv/internetchannel/show/17029?site=1&seekto=2515
0:41:57.34,0:41:57.82,2517.34,2517.82,Unidentified,Diarizer artifact cluster — sub-second crosstalk/onset-clip fragments shed by the four participants; not a distinct person,So there's.,Speaker 6,https://reflect-claremont.cablecast.tv/internetchannel/show/17029?site=1&seekto=2517
0:41:57.94,0:42:03.86,2517.94,2523.86,Matt Angell,"Interim Business Administrator, SAU 6",There's two plans that are offered. Okay. Let's just talk about the most expensive plan.,Speaker 3,https://reflect-claremont.cablecast.tv/internetchannel/show/17029?site=1&seekto=2517
0:42:03.94,0:42:07.06,2523.94,2527.06,Heather Whitney,School Board Chair; Finance Subcommittee member (uncertain — identified as the 'Heather' the presiding member named as her co-presenter; one of only two committee members present),"I thought there's one plan. Yeah,  there's one choice.",Speaker 2,https://reflect-claremont.cablecast.tv/internetchannel/show/17029?site=1&seekto=2523
0:42:07.18,0:42:15.98,2527.18,2535.98,Matt Angell,"Interim Business Administrator, SAU 6","Yeah. But then, Sorry. There's yellow with choice, but there's also the orange plan. And with a different,",Speaker 3,https://reflect-claremont.cablecast.tv/internetchannel/show/17029?site=1&seekto=2527
0:42:16.06,0:42:19.12,2536.06,2539.12,Unidentified,Diarizer artifact cluster — sub-second crosstalk/onset-clip fragments shed by the four participants; not a distinct person,Is that in there?,Speaker 6,https://reflect-claremont.cablecast.tv/internetchannel/show/17029?site=1&seekto=2536
0:42:19.20,0:42:20.18,2539.20,2540.18,Heather Whitney,School Board Chair; Finance Subcommittee member (uncertain — identified as the 'Heather' the presiding member named as her co-presenter; one of only two committee members present),Yeah. I didn't see that in.,Speaker 2,https://reflect-claremont.cablecast.tv/internetchannel/show/17029?site=1&seekto=2539
0:42:20.18,0:42:22.34,2540.18,2542.34,Matt Angell,"Interim Business Administrator, SAU 6",The with a different fact. It's in the agreement.,Speaker 3,https://reflect-claremont.cablecast.tv/internetchannel/show/17029?site=1&seekto=2540
0:42:22.42,0:42:22.70,2542.42,2542.70,Heather Whitney,School Board Chair; Finance Subcommittee member (uncertain — identified as the 'Heather' the presiding member named as her co-presenter; one of only two committee members present),It is.,Speaker 2,https://reflect-claremont.cablecast.tv/internetchannel/show/17029?site=1&seekto=2542
0:42:22.74,0:42:23.06,2542.74,2543.06,Unidentified,Diarizer artifact cluster — sub-second crosstalk/onset-clip fragments shed by the four participants; not a distinct person,Okay.,Speaker 6,https://reflect-claremont.cablecast.tv/internetchannel/show/17029?site=1&seekto=2542
0:42:23.18,0:42:27.30,2543.18,2547.30,Matt Angell,"Interim Business Administrator, SAU 6",Apparently we we reviewed it again this morning.,Speaker 3,https://reflect-claremont.cablecast.tv/internetchannel/show/17029?site=1&seekto=2543
0:42:27.38,0:42:29.62,2547.38,2549.62,Candace Crawford,"School Board Member; presiding member, Finance Subcommittee",The yellow plan is the 95%.,Speaker 1,https://reflect-claremont.cablecast.tv/internetchannel/show/17029?site=1&seekto=2547
0:42:29.66,0:42:31.39,2549.66,2551.39,Unidentified,Diarizer artifact cluster — sub-second crosstalk/onset-clip fragments shed by the four participants; not a distinct person,So.,Speaker 6,https://reflect-claremont.cablecast.tv/internetchannel/show/17029?site=1&seekto=2549
0:42:31.47,0:42:45.22,2551.47,2565.22,Matt Angell,"Interim Business Administrator, SAU 6","Yeah. Let's let's just do the most expensive one. And I'm just going to talk about the gross numbers. Employee and employer share. Yep. Okay. So  the family plan is $45,036 per year.",Speaker 3,https://reflect-claremont.cablecast.tv/internetchannel/show/17029?site=1&seekto=2551
0:42:45.30,0:42:45.70,2565.30,2565.70,Unidentified,Diarizer artifact cluster — sub-second crosstalk/onset-clip fragments shed by the four participants; not a distinct person,Okay.,Speaker 6,https://reflect-claremont.cablecast.tv/internetchannel/show/17029?site=1&seekto=2565
0:42:45.86,0:42:50.66,2565.86,2570.66,Matt Angell,"Interim Business Administrator, SAU 6","The two person plan is $33,360.",Speaker 3,https://reflect-claremont.cablecast.tv/internetchannel/show/17029?site=1&seekto=2565
0:42:50.74,0:42:51.18,2570.74,2571.18,Unidentified,Diarizer artifact cluster — sub-second crosstalk/onset-clip fragments shed by the four participants; not a distinct person,Okay.,Speaker 6,https://reflect-claremont.cablecast.tv/internetchannel/show/17029?site=1&seekto=2570
0:42:51.42,0:42:57.42,2571.42,2577.42,Matt Angell,"Interim Business Administrator, SAU 6","And the one person plan is $16,680. Got it. Okay.",Speaker 3,https://reflect-claremont.cablecast.tv/internetchannel/show/17029?site=1&seekto=2571
0:42:57.50,0:42:59.30,2577.50,2579.30,Heather Whitney,School Board Chair; Finance Subcommittee member (uncertain — identified as the 'Heather' the presiding member named as her co-presenter; one of only two committee members present),"So 17,000.",Speaker 2,https://reflect-claremont.cablecast.tv/internetchannel/show/17029?site=1&seekto=2577
0:42:59.38,0:43:16.42,2579.38,2596.42,Matt Angell,"Interim Business Administrator, SAU 6","So one of the things that I need to do is make a really good quality  health insurance model so that when we're at the school board and someone goes, I want to change the vacant positions to or the school board decides to change the vacant position to one person.",Speaker 3,https://reflect-claremont.cablecast.tv/internetchannel/show/17029?site=1&seekto=2579
0:43:16.46,0:43:17.30,2596.46,2597.30,Heather Whitney,School Board Chair; Finance Subcommittee member (uncertain — identified as the 'Heather' the presiding member named as her co-presenter; one of only two committee members present),What it means. Yeah.,Speaker 2,https://reflect-claremont.cablecast.tv/internetchannel/show/17029?site=1&seekto=2596
0:43:17.34,0:43:17.62,2597.34,2597.62,Unidentified,Diarizer artifact cluster — sub-second crosstalk/onset-clip fragments shed by the four participants; not a distinct person,Right.,Speaker 6,https://reflect-claremont.cablecast.tv/internetchannel/show/17029?site=1&seekto=2597
0:43:17.66,0:43:18.22,2597.66,2598.22,Matt Angell,"Interim Business Administrator, SAU 6",How much it's.,Speaker 3,https://reflect-claremont.cablecast.tv/internetchannel/show/17029?site=1&seekto=2597
0:43:18.22,0:43:20.26,2598.22,2600.26,Matt Angell,"Interim Business Administrator, SAU 6 (sentence continuation)",Going to be okay.,Speaker 6,https://reflect-claremont.cablecast.tv/internetchannel/show/17029?site=1&seekto=2598
0:43:20.34,0:43:21.18,2600.34,2601.18,Heather Whitney,School Board Chair; Finance Subcommittee member (uncertain — identified as the 'Heather' the presiding member named as her co-presenter; one of only two committee members present),It's pretty dramatic.,Speaker 2,https://reflect-claremont.cablecast.tv/internetchannel/show/17029?site=1&seekto=2600
0:43:21.22,0:43:27.46,2601.22,2607.46,Candace Crawford,"School Board Member; presiding member, Finance Subcommittee",And that's the yellow option. Correct. And? And the orange doesn't have many takers.,Speaker 1,https://reflect-claremont.cablecast.tv/internetchannel/show/17029?site=1&seekto=2601
0:43:27.54,0:43:29.62,2607.54,2609.62,Matt Angell,"Interim Business Administrator, SAU 6",I know it does not have any takers.,Speaker 3,https://reflect-claremont.cablecast.tv/internetchannel/show/17029?site=1&seekto=2607
0:43:29.66,0:43:29.94,2609.66,2609.94,Candace Crawford,"School Board Member; presiding member, Finance Subcommittee",All right.,Speaker 1,https://reflect-claremont.cablecast.tv/internetchannel/show/17029?site=1&seekto=2609
0:43:30.02,0:43:34.62,2610.02,2614.62,Unidentified,Diarizer artifact cluster — sub-second crosstalk/onset-clip fragments shed by the four participants; not a distinct person,So. Okay. All right.,Speaker 6,https://reflect-claremont.cablecast.tv/internetchannel/show/17029?site=1&seekto=2610
0:43:34.70,0:43:42.90,2614.70,2622.90,Matt Angell,"Interim Business Administrator, SAU 6",Let me let me kind of give you an idea of how many vacant positions.,Speaker 3,https://reflect-claremont.cablecast.tv/internetchannel/show/17029?site=1&seekto=2614
0:43:42.98,0:43:53.10,2622.98,2633.10,Candace Crawford,"School Board Member; presiding member, Finance Subcommittee",So the vacant positions. There are 78 vacant positions this year compared to last year. Is that what you're saying?,Speaker 1,https://reflect-claremont.cablecast.tv/internetchannel/show/17029?site=1&seekto=2622
0:43:53.14,0:43:53.54,2633.14,2633.54,Unidentified,Diarizer artifact cluster — sub-second crosstalk/onset-clip fragments shed by the four participants; not a distinct person,"Well, right.",Speaker 6,https://reflect-claremont.cablecast.tv/internetchannel/show/17029?site=1&seekto=2633
0:43:53.58,0:43:59.50,2633.58,2639.50,Matt Angell,"Interim Business Administrator, SAU 6",Right. Between the budget. Now. Okay. And I'm sorry.,Speaker 3,https://reflect-claremont.cablecast.tv/internetchannel/show/17029?site=1&seekto=2633
0:43:59.54,0:44:01.14,2639.54,2641.14,Matt Angell,"Interim Business Administrator, SAU 6 (sentence continuation)",The where it says.,Speaker 6,https://reflect-claremont.cablecast.tv/internetchannel/show/17029?site=1&seekto=2639
0:44:01.18,0:44:04.82,2641.18,2644.82,Matt Angell,"Interim Business Administrator, SAU 6",What's budgeted versus filled.,Speaker 3,https://reflect-claremont.cablecast.tv/internetchannel/show/17029?site=1&seekto=2641
0:44:04.98,0:44:07.02,2644.98,2647.02,Candace Crawford,"School Board Member; presiding member, Finance Subcommittee","Oh, yeah. Okay. In the current year.",Speaker 1,https://reflect-claremont.cablecast.tv/internetchannel/show/17029?site=1&seekto=2644
0:44:07.06,0:44:07.67,2647.06,2647.67,Matt Angell,"Interim Business Administrator, SAU 6",In the current year.,Speaker 3,https://reflect-claremont.cablecast.tv/internetchannel/show/17029?site=1&seekto=2647
0:44:07.70,0:44:07.90,2647.70,2647.90,Candace Crawford,"School Board Member; presiding member, Finance Subcommittee",Yeah.,Speaker 1,https://reflect-claremont.cablecast.tv/internetchannel/show/17029?site=1&seekto=2647
0:44:07.94,0:44:08.62,2647.94,2648.62,Unidentified,Diarizer artifact cluster — sub-second crosstalk/onset-clip fragments shed by the four participants; not a distinct person,Got it. All right.,Speaker 6,https://reflect-claremont.cablecast.tv/internetchannel/show/17029?site=1&seekto=2647
0:44:08.66,0:44:25.38,2648.66,2665.38,Matt Angell,"Interim Business Administrator, SAU 6","So,  now I'm going to give out a number. So right now,  what's vacant in my census data is  for for the for school model 63. Okay. That does not include the saw.",Speaker 3,https://reflect-claremont.cablecast.tv/internetchannel/show/17029?site=1&seekto=2648
0:44:25.46,0:44:26.22,2665.46,2666.22,Unidentified,Diarizer artifact cluster — sub-second crosstalk/onset-clip fragments shed by the four participants; not a distinct person,Yeah. Okay.,Speaker 6,https://reflect-claremont.cablecast.tv/internetchannel/show/17029?site=1&seekto=2665
0:44:26.38,0:44:28.34,2666.38,2668.34,Matt Angell,"Interim Business Administrator, SAU 6","Okay. So,",Speaker 3,https://reflect-claremont.cablecast.tv/internetchannel/show/17029?site=1&seekto=2666
0:44:28.42,0:44:29.10,2668.42,2669.10,Unidentified,Diarizer artifact cluster — sub-second crosstalk/onset-clip fragments shed by the four participants; not a distinct person,It's 60.,Speaker 6,https://reflect-claremont.cablecast.tv/internetchannel/show/17029?site=1&seekto=2668
0:44:29.18,0:44:34.62,2669.18,2674.62,Matt Angell,"Interim Business Administrator, SAU 6",You can kind of extrapolate how many positions are going to go down.,Speaker 3,https://reflect-claremont.cablecast.tv/internetchannel/show/17029?site=1&seekto=2669
0:44:34.70,0:44:34.94,2674.70,2674.94,Unidentified,Diarizer artifact cluster — sub-second crosstalk/onset-clip fragments shed by the four participants; not a distinct person,Okay.,Speaker 6,https://reflect-claremont.cablecast.tv/internetchannel/show/17029?site=1&seekto=2674
0:44:34.98,0:44:35.66,2674.98,2675.66,Candace Crawford,"School Board Member; presiding member, Finance Subcommittee",64.,Speaker 1,https://reflect-claremont.cablecast.tv/internetchannel/show/17029?site=1&seekto=2674
0:44:35.70,0:44:36.74,2675.70,2676.74,Unidentified,Diarizer artifact cluster — sub-second crosstalk/onset-clip fragments shed by the four participants; not a distinct person,You say 63.,Speaker 6,https://reflect-claremont.cablecast.tv/internetchannel/show/17029?site=1&seekto=2675
0:44:36.78,0:44:37.98,2676.78,2677.98,Heather Whitney,School Board Chair; Finance Subcommittee member (uncertain — identified as the 'Heather' the presiding member named as her co-presenter; one of only two committee members present),60. I'm 78.,Speaker 2,https://reflect-claremont.cablecast.tv/internetchannel/show/17029?site=1&seekto=2676
0:44:38.02,0:44:38.46,2678.02,2678.46,Unidentified,Diarizer artifact cluster — sub-second crosstalk/onset-clip fragments shed by the four participants; not a distinct person,Yeah.,Speaker 6,https://reflect-claremont.cablecast.tv/internetchannel/show/17029?site=1&seekto=2678
0:44:38.50,0:44:53.86,2678.50,2693.86,Matt Angell,"Interim Business Administrator, SAU 6","So the on a normal school year, you kind of would expect that you would have about 20 to 30 vacancies. Okay. So the problem is, is if I do a two person plan time 63.",Speaker 3,https://reflect-claremont.cablecast.tv/internetchannel/show/17029?site=1&seekto=2678
0:44:53.94,0:44:56.06,2693.94,2696.06,Unidentified,Diarizer artifact cluster — sub-second crosstalk/onset-clip fragments shed by the four participants; not a distinct person,Yeah.,Speaker 6,https://reflect-claremont.cablecast.tv/internetchannel/show/17029?site=1&seekto=2693
0:44:56.14,0:44:58.70,2696.14,2698.70,Matt Angell,"Interim Business Administrator, SAU 6",Right. Or do a one person plan.,Speaker 3,https://reflect-claremont.cablecast.tv/internetchannel/show/17029?site=1&seekto=2696
0:44:58.79,0:45:00.42,2698.79,2700.42,Heather Whitney,School Board Chair; Finance Subcommittee member (uncertain — identified as the 'Heather' the presiding member named as her co-presenter; one of only two committee members present),Can't do a one person.,Speaker 2,https://reflect-claremont.cablecast.tv/internetchannel/show/17029?site=1&seekto=2698
0:45:00.50,0:45:01.02,2700.50,2701.02,Unidentified,Diarizer artifact cluster — sub-second crosstalk/onset-clip fragments shed by the four participants; not a distinct person,No you can't.,Speaker 6,https://reflect-claremont.cablecast.tv/internetchannel/show/17029?site=1&seekto=2700
0:45:01.06,0:45:03.86,2701.06,2703.86,Matt Angell,"Interim Business Administrator, SAU 6",Or I can do a blend between the two. I don't know.,Speaker 3,https://reflect-claremont.cablecast.tv/internetchannel/show/17029?site=1&seekto=2701
0:45:03.94,0:45:07.10,2703.94,2707.10,Heather Whitney,School Board Chair; Finance Subcommittee member (uncertain — identified as the 'Heather' the presiding member named as her co-presenter; one of only two committee members present),I think you have to do the two persons. I agree to be safe.,Speaker 2,https://reflect-claremont.cablecast.tv/internetchannel/show/17029?site=1&seekto=2703
0:45:07.18,0:45:08.50,2707.18,2708.50,Unidentified,Diarizer artifact cluster — sub-second crosstalk/onset-clip fragments shed by the four participants; not a distinct person,I agree. Okay.,Speaker 6,https://reflect-claremont.cablecast.tv/internetchannel/show/17029?site=1&seekto=2707
0:45:08.58,0:45:12.14,2708.58,2712.14,Kerry Kennedy,"Interim Superintendent, SAU 6",Like significant difference.,Speaker 5,https://reflect-claremont.cablecast.tv/internetchannel/show/17029?site=1&seekto=2708
0:45:12.22,0:45:15.78,2712.22,2715.78,Heather Whitney,School Board Chair; Finance Subcommittee member (uncertain — identified as the 'Heather' the presiding member named as her co-presenter; one of only two committee members present),"Okay. And so, what's the three? School model vacancy.",Speaker 2,https://reflect-claremont.cablecast.tv/internetchannel/show/17029?site=1&seekto=2712
0:45:15.86,0:45:16.50,2715.86,2716.50,Matt Angell,"Interim Business Administrator, SAU 6 (answer to a question put to him; onset clipped)",Oh I haven't.,Speaker 6,https://reflect-claremont.cablecast.tv/internetchannel/show/17029?site=1&seekto=2715
0:45:16.58,0:45:16.90,2716.58,2716.90,Heather Whitney,School Board Chair; Finance Subcommittee member (uncertain — identified as the 'Heather' the presiding member named as her co-presenter; one of only two committee members present),You haven't.,Speaker 2,https://reflect-claremont.cablecast.tv/internetchannel/show/17029?site=1&seekto=2716
0:45:16.90,0:45:17.57,2716.90,2717.57,Kerry Kennedy,"Interim Superintendent, SAU 6",Gotten haven't done that.,Speaker 5,https://reflect-claremont.cablecast.tv/internetchannel/show/17029?site=1&seekto=2716
0:45:17.58,0:45:17.78,2717.58,2717.78,Heather Whitney,School Board Chair; Finance Subcommittee member (uncertain — identified as the 'Heather' the presiding member named as her co-presenter; one of only two committee members present),For you.,Speaker 2,https://reflect-claremont.cablecast.tv/internetchannel/show/17029?site=1&seekto=2717
0:45:17.81,0:45:21.38,2717.81,2721.38,Matt Angell,"Interim Business Administrator, SAU 6 (onset of his next turn, clipped)",Okay. No. But.,Speaker 6,https://reflect-claremont.cablecast.tv/internetchannel/show/17029?site=1&seekto=2717
0:45:21.46,0:45:49.38,2721.46,2749.38,Matt Angell,"Interim Business Administrator, SAU 6","What's going to happen? My initial thoughts on a three school model is, is you're going to be going down. Administrative, custodial.  A nurse. Okay.  Probably another librarian.  But then you're going to  we might be able to go up from six intervention teachers in a three school model for school model  to like 8 or 10 intervention teachers with a three school model.",Speaker 3,https://reflect-claremont.cablecast.tv/internetchannel/show/17029?site=1&seekto=2721
0:45:49.50,0:45:51.45,2749.50,2751.45,Matt Angell,"Interim Business Administrator, SAU 6",So it's more intensive..,Speaker 3,https://reflect-claremont.cablecast.tv/internetchannel/show/17029?site=1&seekto=2749
0:45:51.53,0:46:01.94,2751.53,2761.94,Candace Crawford,"School Board Member; presiding member, Finance Subcommittee","The but the, the three school model is the one that has  the seventh and eighth grade going to the high school. Is that true?",Speaker 1,https://reflect-claremont.cablecast.tv/internetchannel/show/17029?site=1&seekto=2751
0:46:02.02,0:46:02.46,2762.02,2762.46,Unidentified,Diarizer artifact cluster — sub-second crosstalk/onset-clip fragments shed by the four participants; not a distinct person,Yes.,Speaker 6,https://reflect-claremont.cablecast.tv/internetchannel/show/17029?site=1&seekto=2762
0:46:02.50,0:46:02.98,2762.50,2762.98,Kerry Kennedy,"Interim Superintendent, SAU 6",Correct.,Speaker 5,https://reflect-claremont.cablecast.tv/internetchannel/show/17029?site=1&seekto=2762
0:46:03.06,0:46:07.82,2763.06,2767.82,Heather Whitney,School Board Chair; Finance Subcommittee member (uncertain — identified as the 'Heather' the presiding member named as her co-presenter; one of only two committee members present),"So, but what's the interventionist? You said so there'd be eight interventionists available.",Speaker 2,https://reflect-claremont.cablecast.tv/internetchannel/show/17029?site=1&seekto=2763
0:46:08.06,0:46:08.26,2768.06,2768.26,Matt Angell,"Interim Business Administrator, SAU 6 (onset of his next turn, clipped)",Well.,Speaker 6,https://reflect-claremont.cablecast.tv/internetchannel/show/17029?site=1&seekto=2768
0:46:08.30,0:46:08.90,2768.30,2768.90,Matt Angell,"Interim Business Administrator, SAU 6",8 to 10.,Speaker 3,https://reflect-claremont.cablecast.tv/internetchannel/show/17029?site=1&seekto=2768
0:46:08.94,0:46:09.54,2768.94,2769.54,Matt Angell,"Interim Business Administrator, SAU 6 (sentence continuation)",I haven't.,Speaker 6,https://reflect-claremont.cablecast.tv/internetchannel/show/17029?site=1&seekto=2768
0:46:09.62,0:46:10.30,2769.62,2770.30,Heather Whitney,School Board Chair; Finance Subcommittee member (uncertain — identified as the 'Heather' the presiding member named as her co-presenter; one of only two committee members present),8 to 10.,Speaker 2,https://reflect-claremont.cablecast.tv/internetchannel/show/17029?site=1&seekto=2769
0:46:10.34,0:46:14.58,2770.34,2774.58,Matt Angell,"Interim Business Administrator, SAU 6",And I need to really communicate with the superintendent.,Speaker 3,https://reflect-claremont.cablecast.tv/internetchannel/show/17029?site=1&seekto=2770
0:46:14.66,0:46:15.50,2774.66,2775.50,Matt Angell,"Interim Business Administrator, SAU 6 (sentence continuation)",On these two because.,Speaker 6,https://reflect-claremont.cablecast.tv/internetchannel/show/17029?site=1&seekto=2774
0:46:15.62,0:46:16.97,2775.62,2776.97,Heather Whitney,School Board Chair; Finance Subcommittee member (uncertain — identified as the 'Heather' the presiding member named as her co-presenter; one of only two committee members present),So that's a that's a Friday.,Speaker 2,https://reflect-claremont.cablecast.tv/internetchannel/show/17029?site=1&seekto=2775
0:46:17.05,0:46:18.58,2777.05,2778.58,Kerry Kennedy,"Interim Superintendent, SAU 6",It's a Friday one board.,Speaker 5,https://reflect-claremont.cablecast.tv/internetchannel/show/17029?site=1&seekto=2777
0:46:18.66,0:46:19.74,2778.66,2779.74,Heather Whitney,School Board Chair; Finance Subcommittee member (uncertain — identified as the 'Heather' the presiding member named as her co-presenter; one of only two committee members present),That's a Friday question.,Speaker 2,https://reflect-claremont.cablecast.tv/internetchannel/show/17029?site=1&seekto=2778
0:46:19.78,0:46:21.30,2779.78,2781.30,Unidentified,Diarizer artifact cluster — sub-second crosstalk/onset-clip fragments shed by the four participants; not a distinct person,Yeah. Okay. Okay.,Speaker 6,https://reflect-claremont.cablecast.tv/internetchannel/show/17029?site=1&seekto=2779
0:46:21.38,0:46:23.70,2781.38,2783.70,Matt Angell,"Interim Business Administrator, SAU 6",So but this is my initial thoughts.,Speaker 3,https://reflect-claremont.cablecast.tv/internetchannel/show/17029?site=1&seekto=2781
0:46:23.78,0:46:24.46,2783.78,2784.46,Unidentified,Diarizer artifact cluster — sub-second crosstalk/onset-clip fragments shed by the four participants; not a distinct person,Okay.,Speaker 6,https://reflect-claremont.cablecast.tv/internetchannel/show/17029?site=1&seekto=2783
0:46:24.54,0:46:29.34,2784.54,2789.34,Matt Angell,"Interim Business Administrator, SAU 6",So really the reduction in staff is mostly going to be from,Speaker 3,https://reflect-claremont.cablecast.tv/internetchannel/show/17029?site=1&seekto=2784
0:46:29.42,0:46:30.62,2789.42,2790.62,Heather Whitney,School Board Chair; Finance Subcommittee member (uncertain — identified as the 'Heather' the presiding member named as her co-presenter; one of only two committee members present),Non instructional staff.,Speaker 2,https://reflect-claremont.cablecast.tv/internetchannel/show/17029?site=1&seekto=2789
0:46:30.66,0:46:32.98,2790.66,2792.98,Matt Angell,"Interim Business Administrator, SAU 6",Closing a building instructor.,Speaker 3,https://reflect-claremont.cablecast.tv/internetchannel/show/17029?site=1&seekto=2790
0:46:33.06,0:46:33.46,2793.06,2793.46,Heather Whitney,School Board Chair; Finance Subcommittee member (uncertain — identified as the 'Heather' the presiding member named as her co-presenter; one of only two committee members present),Yeah. Right.,Speaker 2,https://reflect-claremont.cablecast.tv/internetchannel/show/17029?site=1&seekto=2793
0:46:33.50,0:46:35.98,2793.50,2795.98,Matt Angell,"Interim Business Administrator, SAU 6 (onset of his next turn, clipped)",And and when you open the grade.,Speaker 6,https://reflect-claremont.cablecast.tv/internetchannel/show/17029?site=1&seekto=2793
0:46:36.06,0:46:37.46,2796.06,2797.46,Matt Angell,"Interim Business Administrator, SAU 6",All you're doing is just you're moving the.,Speaker 3,https://reflect-claremont.cablecast.tv/internetchannel/show/17029?site=1&seekto=2796
0:46:37.46,0:46:38.90,2797.46,2798.90,Matt Angell,"Interim Business Administrator, SAU 6 (sentence continuation)",Grades around. Right. And you're.,Speaker 6,https://reflect-claremont.cablecast.tv/internetchannel/show/17029?site=1&seekto=2797
0:46:38.90,0:46:39.06,2798.90,2799.06,Matt Angell,"Interim Business Administrator, SAU 6",Not.,Speaker 3,https://reflect-claremont.cablecast.tv/internetchannel/show/17029?site=1&seekto=2798
0:46:39.06,0:46:39.30,2799.06,2799.30,Matt Angell,"Interim Business Administrator, SAU 6 (sentence continuation)",Going to.,Speaker 6,https://reflect-claremont.cablecast.tv/internetchannel/show/17029?site=1&seekto=2799
0:46:39.30,0:46:41.46,2799.30,2801.46,Matt Angell,"Interim Business Administrator, SAU 6",Get any more efficiencies by it.,Speaker 3,https://reflect-claremont.cablecast.tv/internetchannel/show/17029?site=1&seekto=2799
0:46:41.46,0:46:43.62,2801.46,2803.62,Kerry Kennedy,"Interim Superintendent, SAU 6",Equities is the number of students within each class.,Speaker 5,https://reflect-claremont.cablecast.tv/internetchannel/show/17029?site=1&seekto=2801
0:46:43.66,0:46:43.98,2803.66,2803.98,Candace Crawford,"School Board Member; presiding member, Finance Subcommittee",Right.,Speaker 1,https://reflect-claremont.cablecast.tv/internetchannel/show/17029?site=1&seekto=2803
0:46:44.02,0:46:45.34,2804.02,2805.34,Kerry Kennedy,"Interim Superintendent, SAU 6",Right.,Speaker 5,https://reflect-claremont.cablecast.tv/internetchannel/show/17029?site=1&seekto=2804
0:46:45.42,0:47:02.82,2805.42,2822.82,Candace Crawford,"School Board Member; presiding member, Finance Subcommittee","Is. Okay. So so while we're talking about the  three school model, I don't know whether both is, is the,  is the three school model doable for September to have the seventh and eighth grade at the high school.",Speaker 1,https://reflect-claremont.cablecast.tv/internetchannel/show/17029?site=1&seekto=2805
0:47:02.98,0:47:03.74,2822.98,2823.74,Kerry Kennedy,"Interim Superintendent, SAU 6",Days discussion?,Speaker 5,https://reflect-claremont.cablecast.tv/internetchannel/show/17029?site=1&seekto=2822
0:47:03.78,0:47:05.06,2823.78,2825.06,Heather Whitney,School Board Chair; Finance Subcommittee member (uncertain — identified as the 'Heather' the presiding member named as her co-presenter; one of only two committee members present),It's a Friday discussion.,Speaker 2,https://reflect-claremont.cablecast.tv/internetchannel/show/17029?site=1&seekto=2823
0:47:05.18,0:47:08.90,2825.18,2828.90,Kerry Kennedy,"Interim Superintendent, SAU 6",Okay.,Speaker 5,https://reflect-claremont.cablecast.tv/internetchannel/show/17029?site=1&seekto=2825
0:47:08.98,0:47:19.34,2828.98,2839.34,Candace Crawford,"School Board Member; presiding member, Finance Subcommittee","And  okay, so  Friday discussion, the pros and cons. However, it must be valid enough to even be on the table.",Speaker 1,https://reflect-claremont.cablecast.tv/internetchannel/show/17029?site=1&seekto=2828
0:47:19.42,0:47:20.22,2839.42,2840.22,Heather Whitney,School Board Chair; Finance Subcommittee member (uncertain — identified as the 'Heather' the presiding member named as her co-presenter; one of only two committee members present),Feasibility.,Speaker 2,https://reflect-claremont.cablecast.tv/internetchannel/show/17029?site=1&seekto=2839
0:47:20.26,0:47:27.14,2840.26,2847.14,Candace Crawford,"School Board Member; presiding member, Finance Subcommittee",Right. The feasibility must be more than 50%. Because we wouldn't even be talking about it if it were.,Speaker 1,https://reflect-claremont.cablecast.tv/internetchannel/show/17029?site=1&seekto=2840
0:47:27.22,0:47:54.34,2847.22,2874.34,Heather Whitney,School Board Chair; Finance Subcommittee member (uncertain — identified as the 'Heather' the presiding member named as her co-presenter; one of only two committee members present),"And the other the other piece that and I looked at, I went on the tax map. I wish I had brought. I left it in my desk at home.  But I know that we already having parking issues at Maple Avenue. We are. And so I looked at the footprint. And the  the footprint is significantly larger at,  the,  acreage is larger at desert, substantially larger, but it's 10,000ft² smaller.",Speaker 2,https://reflect-claremont.cablecast.tv/internetchannel/show/17029?site=1&seekto=2847
0:47:54.54,0:48:08.74,2874.54,2888.74,Heather Whitney,School Board Chair; Finance Subcommittee member (uncertain — identified as the 'Heather' the presiding member named as her co-presenter; one of only two committee members present),"The building. So the building is smaller. The lot is larger.  So it could accommodate more parking. It could also accommodate, you know,  like classrooms. We could do portable classrooms. So that's.",Speaker 2,https://reflect-claremont.cablecast.tv/internetchannel/show/17029?site=1&seekto=2874
0:48:08.82,0:48:14.50,2888.82,2894.50,Candace Crawford,"School Board Member; presiding member, Finance Subcommittee","We've discovered portable classrooms are a concept, but not easily implemented.",Speaker 1,https://reflect-claremont.cablecast.tv/internetchannel/show/17029?site=1&seekto=2888
0:48:14.62,0:48:21.94,2894.62,2901.94,Heather Whitney,School Board Chair; Finance Subcommittee member (uncertain — identified as the 'Heather' the presiding member named as her co-presenter; one of only two committee members present),"Well, it's because we authorized them to be purchased and the purchase wasn't placed. That's why we didn't get the classrooms.",Speaker 2,https://reflect-claremont.cablecast.tv/internetchannel/show/17029?site=1&seekto=2894
0:48:22.02,0:48:22.74,2902.02,2902.74,Unidentified,Diarizer artifact cluster — sub-second crosstalk/onset-clip fragments shed by the four participants; not a distinct person,Okay.,Speaker 6,https://reflect-claremont.cablecast.tv/internetchannel/show/17029?site=1&seekto=2902
0:48:22.82,0:48:24.34,2902.82,2904.34,Heather Whitney,School Board Chair; Finance Subcommittee member (uncertain — identified as the 'Heather' the presiding member named as her co-presenter; one of only two committee members present),For the alternative proposal.,Speaker 2,https://reflect-claremont.cablecast.tv/internetchannel/show/17029?site=1&seekto=2902
0:48:24.34,0:48:25.02,2904.34,2905.02,Unidentified,Diarizer artifact cluster — sub-second crosstalk/onset-clip fragments shed by the four participants; not a distinct person,Okay.,Speaker 6,https://reflect-claremont.cablecast.tv/internetchannel/show/17029?site=1&seekto=2904
0:48:25.10,0:48:42.70,2905.10,2922.70,Matt Angell,"Interim Business Administrator, SAU 6","So I just want the public to be aware that when we talk about the three school model in which elementary school to choose, I'm choosing for the model. I'm modeling maple, but I think the cost will be,  similar between the two. Yeah. So it's going to be a school board vote.",Speaker 3,https://reflect-claremont.cablecast.tv/internetchannel/show/17029?site=1&seekto=2905
0:48:42.74,0:48:43.02,2922.74,2923.02,Unidentified,Diarizer artifact cluster — sub-second crosstalk/onset-clip fragments shed by the four participants; not a distinct person,Right.,Speaker 6,https://reflect-claremont.cablecast.tv/internetchannel/show/17029?site=1&seekto=2922
0:48:43.14,0:48:49.54,2923.14,2929.54,Matt Angell,"Interim Business Administrator, SAU 6",And we just move the budget funds from one to another. Which elementary school would remain open?,Speaker 3,https://reflect-claremont.cablecast.tv/internetchannel/show/17029?site=1&seekto=2923
0:48:49.58,0:48:55.86,2929.58,2935.86,Kerry Kennedy,"Interim Superintendent, SAU 6",Right now there is a ten student difference between the population. Maple has ten students more than Disney.,Speaker 5,https://reflect-claremont.cablecast.tv/internetchannel/show/17029?site=1&seekto=2929
0:48:55.94,0:48:56.26,2935.94,2936.26,Unidentified,Diarizer artifact cluster — sub-second crosstalk/onset-clip fragments shed by the four participants; not a distinct person,Okay.,Speaker 6,https://reflect-claremont.cablecast.tv/internetchannel/show/17029?site=1&seekto=2935
0:48:56.30,0:48:58.58,2936.30,2938.58,Heather Whitney,School Board Chair; Finance Subcommittee member (uncertain — identified as the 'Heather' the presiding member named as her co-presenter; one of only two committee members present),"Well, I'm just wondering that the current because.",Speaker 2,https://reflect-claremont.cablecast.tv/internetchannel/show/17029?site=1&seekto=2936
0:48:58.82,0:48:58.90,2938.82,2938.90,Heather Whitney,School Board Chair; Finance Subcommittee member (sentence continuation; identification uncertain — see Speaker 2),You.,Speaker 5,https://reflect-claremont.cablecast.tv/internetchannel/show/17029?site=1&seekto=2938
0:48:58.90,0:49:01.14,2938.90,2941.14,Heather Whitney,School Board Chair; Finance Subcommittee member (uncertain — identified as the 'Heather' the presiding member named as her co-presenter; one of only two committee members present),Know. I agree. When I looked at the building was.,Speaker 2,https://reflect-claremont.cablecast.tv/internetchannel/show/17029?site=1&seekto=2938
0:49:01.90,0:49:08.66,2941.90,2948.66,Heather Whitney,School Board Chair; Finance Subcommittee member (uncertain — identified as the 'Heather' the presiding member named as her co-presenter; one of only two committee members present),That maple is physically the  larger physically larger. I don't know how that translates to classrooms.,Speaker 2,https://reflect-claremont.cablecast.tv/internetchannel/show/17029?site=1&seekto=2941
0:49:08.70,0:49:08.90,2948.70,2948.90,Kerry Kennedy,"Interim Superintendent, SAU 6",Right.,Speaker 5,https://reflect-claremont.cablecast.tv/internetchannel/show/17029?site=1&seekto=2948
0:49:08.90,0:49:09.18,2948.90,2949.18,Candace Crawford,"School Board Member; presiding member, Finance Subcommittee",Right.,Speaker 1,https://reflect-claremont.cablecast.tv/internetchannel/show/17029?site=1&seekto=2948
0:49:09.22,0:49:10.02,2949.22,2950.02,Kerry Kennedy,"Interim Superintendent, SAU 6",Right right.,Speaker 5,https://reflect-claremont.cablecast.tv/internetchannel/show/17029?site=1&seekto=2949
0:49:10.06,0:49:11.74,2950.06,2951.74,Candace Crawford,"School Board Member; presiding member, Finance Subcommittee","Right right. Okay, so that's.",Speaker 1,https://reflect-claremont.cablecast.tv/internetchannel/show/17029?site=1&seekto=2950
0:49:11.74,0:49:13.14,2951.74,2953.14,Kerry Kennedy,"Interim Superintendent, SAU 6",For getting deeper into.,Speaker 5,https://reflect-claremont.cablecast.tv/internetchannel/show/17029?site=1&seekto=2951
0:49:13.18,0:49:27.10,2953.18,2967.10,Candace Crawford,"School Board Member; presiding member, Finance Subcommittee","Right. So Friday, it's the three school model. The one elementary. Where would be how the  seventh and eighth grade fits into the high school. Okay.",Speaker 1,https://reflect-claremont.cablecast.tv/internetchannel/show/17029?site=1&seekto=2953
0:49:27.18,0:49:27.66,2967.18,2967.66,Unidentified,Diarizer artifact cluster — sub-second crosstalk/onset-clip fragments shed by the four participants; not a distinct person,All right.,Speaker 6,https://reflect-claremont.cablecast.tv/internetchannel/show/17029?site=1&seekto=2967
0:49:27.74,0:49:38.22,2967.74,2978.22,Matt Angell,"Interim Business Administrator, SAU 6","Now, another kind of boomerang in all of this is  with any close. Cool. I'm putting in the operating budget money to heat the buildings until they.",Speaker 3,https://reflect-claremont.cablecast.tv/internetchannel/show/17029?site=1&seekto=2967
0:49:38.22,0:49:38.94,2978.22,2978.94,Matt Angell,"Interim Business Administrator, SAU 6 (sentence continuation)",Sold.,Speaker 6,https://reflect-claremont.cablecast.tv/internetchannel/show/17029?site=1&seekto=2978
0:49:39.02,0:49:42.66,2979.02,2982.66,Matt Angell,"Interim Business Administrator, SAU 6","Or they're leased, because we got to maintain it because it's.",Speaker 3,https://reflect-claremont.cablecast.tv/internetchannel/show/17029?site=1&seekto=2979
0:49:42.66,0:49:43.06,2982.66,2983.06,Matt Angell,"Interim Business Administrator, SAU 6 (sentence continuation)",An asset.,Speaker 6,https://reflect-claremont.cablecast.tv/internetchannel/show/17029?site=1&seekto=2982
0:49:43.10,0:49:43.58,2983.10,2983.58,Candace Crawford,"School Board Member; presiding member, Finance Subcommittee",So you have to.,Speaker 1,https://reflect-claremont.cablecast.tv/internetchannel/show/17029?site=1&seekto=2983
0:49:43.58,0:49:45.50,2983.58,2985.50,Candace Crawford,"School Board Member; presiding member, Finance Subcommittee (sentence continuation)",Do that. Yeah. Okay. Okay.,Speaker 6,https://reflect-claremont.cablecast.tv/internetchannel/show/17029?site=1&seekto=2983
0:49:45.54,0:49:46.98,2985.54,2986.98,Matt Angell,"Interim Business Administrator, SAU 6","So,",Speaker 3,https://reflect-claremont.cablecast.tv/internetchannel/show/17029?site=1&seekto=2985
0:49:47.06,0:49:48.10,2987.06,2988.10,Unidentified,Diarizer artifact cluster — sub-second crosstalk/onset-clip fragments shed by the four participants; not a distinct person,All right.,Speaker 6,https://reflect-claremont.cablecast.tv/internetchannel/show/17029?site=1&seekto=2987
0:49:48.18,0:49:50.26,2988.18,2990.26,Heather Whitney,School Board Chair; Finance Subcommittee member (uncertain — identified as the 'Heather' the presiding member named as her co-presenter; one of only two committee members present),And some snow removal. Yeah.,Speaker 2,https://reflect-claremont.cablecast.tv/internetchannel/show/17029?site=1&seekto=2988
0:49:50.34,0:49:51.06,2990.34,2991.06,Unidentified,Diarizer artifact cluster — sub-second crosstalk/onset-clip fragments shed by the four participants; not a distinct person,Yeah.,Speaker 6,https://reflect-claremont.cablecast.tv/internetchannel/show/17029?site=1&seekto=2990
0:49:51.14,0:49:52.66,2991.14,2992.66,Heather Whitney,School Board Chair; Finance Subcommittee member (uncertain — identified as the 'Heather' the presiding member named as her co-presenter; one of only two committee members present),The fire trucks and stuff.,Speaker 2,https://reflect-claremont.cablecast.tv/internetchannel/show/17029?site=1&seekto=2991
0:49:52.74,0:49:54.62,2992.74,2994.62,Unidentified,Diarizer artifact cluster — sub-second crosstalk/onset-clip fragments shed by the four participants; not a distinct person,Exactly. Okay.,Speaker 6,https://reflect-claremont.cablecast.tv/internetchannel/show/17029?site=1&seekto=2992
0:49:54.70,0:49:55.14,2994.70,2995.14,Candace Crawford,"School Board Member; presiding member, Finance Subcommittee",All right.,Speaker 1,https://reflect-claremont.cablecast.tv/internetchannel/show/17029?site=1&seekto=2994
0:49:55.18,0:49:59.38,2995.18,2999.38,Kerry Kennedy,"Interim Superintendent, SAU 6",Depending on bus saying things like that or.,Speaker 5,https://reflect-claremont.cablecast.tv/internetchannel/show/17029?site=1&seekto=2995
0:49:59.46,0:50:04.30,2999.46,3004.30,Candace Crawford,"School Board Member; presiding member, Finance Subcommittee",Okay. Anything else?,Speaker 1,https://reflect-claremont.cablecast.tv/internetchannel/show/17029?site=1&seekto=2999
0:50:04.38,0:50:07.30,3004.38,3007.30,Kerry Kennedy,"Interim Superintendent, SAU 6",We would be further if we didn't keep getting setbacks into everything.,Speaker 5,https://reflect-claremont.cablecast.tv/internetchannel/show/17029?site=1&seekto=3004
0:50:07.30,0:50:08.82,3007.30,3008.82,Heather Whitney,School Board Chair; Finance Subcommittee member (uncertain — identified as the 'Heather' the presiding member named as her co-presenter; one of only two committee members present),We know we're not being critical.,Speaker 2,https://reflect-claremont.cablecast.tv/internetchannel/show/17029?site=1&seekto=3007
0:50:09.02,0:50:09.34,3009.02,3009.34,Kerry Kennedy,"Interim Superintendent, SAU 6","No, I.",Speaker 5,https://reflect-claremont.cablecast.tv/internetchannel/show/17029?site=1&seekto=3009
0:50:09.34,0:50:10.26,3009.34,3010.26,Kerry Kennedy,"Interim Superintendent, SAU 6 (sentence continuation)",Get it.,Speaker 2,https://reflect-claremont.cablecast.tv/internetchannel/show/17029?site=1&seekto=3009
0:50:10.34,0:50:35.94,3010.34,3035.94,Candace Crawford,"School Board Member; presiding member, Finance Subcommittee","Well, I think it's it's important for the public to see these setbacks that you that you have. The saw office is working on extremely low staff.  To begin with  and I wanted to say because of that it if people call the s a you or even go in, the staff isn't there to open the door or answer the phone.",Speaker 1,https://reflect-claremont.cablecast.tv/internetchannel/show/17029?site=1&seekto=3010
0:50:36.02,0:50:50.42,3036.02,3050.42,Candace Crawford,"School Board Member; presiding member, Finance Subcommittee",It's very or to respond to emails or to update the web page.  Those are all challenges that are due to significantly reduce staff at the office.,Speaker 1,https://reflect-claremont.cablecast.tv/internetchannel/show/17029?site=1&seekto=3036
0:50:50.50,0:50:52.46,3050.50,3052.46,Heather Whitney,School Board Chair; Finance Subcommittee member (uncertain — identified as the 'Heather' the presiding member named as her co-presenter; one of only two committee members present),"I think it's more than 50% at this point, isn't it?",Speaker 2,https://reflect-claremont.cablecast.tv/internetchannel/show/17029?site=1&seekto=3050
0:50:52.50,0:50:53.54,3052.50,3053.54,Kerry Kennedy,"Interim Superintendent, SAU 6 (onset of her next turn, clipped)",It is. Yeah.,Speaker 6,https://reflect-claremont.cablecast.tv/internetchannel/show/17029?site=1&seekto=3052
0:50:53.58,0:51:13.42,3053.58,3073.42,Kerry Kennedy,"Interim Superintendent, SAU 6","I mean, and so it could be right staffed in the future. It's just the tasks that were there are not finished because the data entry wasn't there. And it was, you know, it should have been done. And so moving forward, the staff could still stay limited. It's just not all of these extra tasks that should have been done under other positions.",Speaker 5,https://reflect-claremont.cablecast.tv/internetchannel/show/17029?site=1&seekto=3053
0:51:14.06,0:51:43.50,3074.06,3103.50,Matt Angell,"Interim Business Administrator, SAU 6","To, to kind of like summarize it really quickly. The data as I see it, we're  operating a manual model with an automated system. And so,  a lot of data gets recreated each and every year, like  the state reporting of the FT-SE is manually recreated each and every year. And they're not utilizing the system. Right. The system has the field for it, but the field isn't accurate or it's empty in most cases.",Speaker 3,https://reflect-claremont.cablecast.tv/internetchannel/show/17029?site=1&seekto=3074
0:51:43.58,0:51:51.78,3103.58,3111.78,Matt Angell,"Interim Business Administrator, SAU 6","Okay. So half the time we're going through and we're just trying to clean up the data and,",Speaker 3,https://reflect-claremont.cablecast.tv/internetchannel/show/17029?site=1&seekto=3103
0:51:51.86,0:51:52.46,3111.86,3112.46,Kerry Kennedy,"Interim Superintendent, SAU 6",Real numbers.,Speaker 5,https://reflect-claremont.cablecast.tv/internetchannel/show/17029?site=1&seekto=3111
0:51:52.46,0:51:53.58,3112.46,3113.58,Unidentified,Diarizer artifact cluster — sub-second crosstalk/onset-clip fragments shed by the four participants; not a distinct person,To make sure. Yeah.,Speaker 6,https://reflect-claremont.cablecast.tv/internetchannel/show/17029?site=1&seekto=3112
0:51:53.66,0:51:56.02,3113.66,3116.02,Matt Angell,"Interim Business Administrator, SAU 6",Because we we've got to try to work ahead as.,Speaker 3,https://reflect-claremont.cablecast.tv/internetchannel/show/17029?site=1&seekto=3113
0:51:56.02,0:51:56.50,3116.02,3116.50,Matt Angell,"Interim Business Administrator, SAU 6 (sentence continuation)",A.,Speaker 6,https://reflect-claremont.cablecast.tv/internetchannel/show/17029?site=1&seekto=3116
0:51:56.58,0:52:02.26,3116.58,3122.26,Matt Angell,"Interim Business Administrator, SAU 6","As a team. So we're, we're eliminating work on the future. That's the only way we're going to get ahead.",Speaker 3,https://reflect-claremont.cablecast.tv/internetchannel/show/17029?site=1&seekto=3116
0:52:02.30,0:52:06.22,3122.30,3126.22,Heather Whitney,School Board Chair; Finance Subcommittee member (uncertain — identified as the 'Heather' the presiding member named as her co-presenter; one of only two committee members present),So we had the systems and the technology in place. That just wasn't correct.,Speaker 2,https://reflect-claremont.cablecast.tv/internetchannel/show/17029?site=1&seekto=3122
0:52:06.26,0:52:06.50,3126.26,3126.50,Unidentified,Diarizer artifact cluster — sub-second crosstalk/onset-clip fragments shed by the four participants; not a distinct person,Yes.,Speaker 6,https://reflect-claremont.cablecast.tv/internetchannel/show/17029?site=1&seekto=3126
0:52:06.54,0:52:07.54,3126.54,3127.54,Kerry Kennedy,"Interim Superintendent, SAU 6","Right, exactly.",Speaker 5,https://reflect-claremont.cablecast.tv/internetchannel/show/17029?site=1&seekto=3126
0:52:07.78,0:52:12.98,3127.78,3132.98,Heather Whitney,School Board Chair; Finance Subcommittee member (uncertain — identified as the 'Heather' the presiding member named as her co-presenter; one of only two committee members present),So we the so the district was provided the resources. They just were not using them.,Speaker 2,https://reflect-claremont.cablecast.tv/internetchannel/show/17029?site=1&seekto=3127
0:52:13.02,0:52:13.70,3133.02,3133.70,Unidentified,Diarizer artifact cluster — sub-second crosstalk/onset-clip fragments shed by the four participants; not a distinct person,Okay. Yeah.,Speaker 6,https://reflect-claremont.cablecast.tv/internetchannel/show/17029?site=1&seekto=3133
0:52:13.74,0:52:29.10,3133.74,3149.10,Kerry Kennedy,"Interim Superintendent, SAU 6","So in the future, the staff I mean just add on, we've talked about this and foreshadowed it. You know, when the staff has access and they do right now, but they just probably don't have all the training to understand the visions access, you know, on their insurance. They can verify all of those things themselves. And we encourage that.",Speaker 5,https://reflect-claremont.cablecast.tv/internetchannel/show/17029?site=1&seekto=3133
0:52:29.14,0:52:41.31,3149.14,3161.31,Kerry Kennedy,"Interim Superintendent, SAU 6","But we understand right now that if they don't want  right, right now, we're not saying that. But in the future, as we get professional development to explain those things, they can do that. But that was what was happening is they didn't know and we didn't know. It was like.",Speaker 5,https://reflect-claremont.cablecast.tv/internetchannel/show/17029?site=1&seekto=3149
0:52:41.38,0:52:43.10,3161.38,3163.10,Heather Whitney,School Board Chair; Finance Subcommittee member (uncertain — identified as the 'Heather' the presiding member named as her co-presenter; one of only two committee members present),Phone calls were made.,Speaker 2,https://reflect-claremont.cablecast.tv/internetchannel/show/17029?site=1&seekto=3161
0:52:43.26,0:52:46.86,3163.26,3166.86,Kerry Kennedy,"Interim Superintendent, SAU 6",Can you fix this? Can you go to HR or payroll? Didn't know who to go to.,Speaker 5,https://reflect-claremont.cablecast.tv/internetchannel/show/17029?site=1&seekto=3163
0:52:46.94,0:52:48.06,3166.94,3168.06,Candace Crawford,"School Board Member; presiding member, Finance Subcommittee",Very labor intensive.,Speaker 1,https://reflect-claremont.cablecast.tv/internetchannel/show/17029?site=1&seekto=3166
0:52:48.14,0:52:50.38,3168.14,3170.38,Kerry Kennedy,"Interim Superintendent, SAU 6",It's very labor intensive. And it doesn't need to be.,Speaker 5,https://reflect-claremont.cablecast.tv/internetchannel/show/17029?site=1&seekto=3168
0:52:50.42,0:52:50.78,3170.42,3170.78,Unidentified,Diarizer artifact cluster — sub-second crosstalk/onset-clip fragments shed by the four participants; not a distinct person,Right.,Speaker 6,https://reflect-claremont.cablecast.tv/internetchannel/show/17029?site=1&seekto=3170
0:52:50.82,0:53:15.94,3170.82,3195.94,Matt Angell,"Interim Business Administrator, SAU 6","Another example for employee contracts.  If you do it manually, it literally takes  a four weeks worth of work for one person to issue the contracts and data to enter all that manual information into the system and double check your data entry. Or if you do it electronically with the system that's currently there, you can,  it's a day's worth of work.",Speaker 3,https://reflect-claremont.cablecast.tv/internetchannel/show/17029?site=1&seekto=3170
0:53:16.62,0:53:19.22,3196.62,3199.22,Matt Angell,"Interim Business Administrator, SAU 6",Okay. For one person.,Speaker 3,https://reflect-claremont.cablecast.tv/internetchannel/show/17029?site=1&seekto=3196
0:53:19.30,0:53:24.54,3199.30,3204.54,Candace Crawford,"School Board Member; presiding member, Finance Subcommittee",Okay. What else do we need to know in preparation for Friday.,Speaker 1,https://reflect-claremont.cablecast.tv/internetchannel/show/17029?site=1&seekto=3199
0:53:24.62,0:53:49.50,3204.62,3229.50,Matt Angell,"Interim Business Administrator, SAU 6","So for Friday I'll have to have  once I get the for school model done, pretty much everything is the same. Between the different models, like,  say, for example, supplies is just going to follow the student. Okay. I think I'm going to have problems in trying to break out the supplies by grade. But so I think for between the two models, I'm just going to kind of leave it where it lands.",Speaker 3,https://reflect-claremont.cablecast.tv/internetchannel/show/17029?site=1&seekto=3204
0:53:49.58,0:53:49.98,3229.58,3229.98,Unidentified,Diarizer artifact cluster — sub-second crosstalk/onset-clip fragments shed by the four participants; not a distinct person,Okay.,Speaker 6,https://reflect-claremont.cablecast.tv/internetchannel/show/17029?site=1&seekto=3229
0:53:50.02,0:54:15.06,3230.02,3255.06,Matt Angell,"Interim Business Administrator, SAU 6","And then,  and make sure that the staffing is where it belongs. Okay.  So I'll have the,  the three school model and the four school model. I can probably get a default budget done for the four school model, right?  But then if the if the school board decides the three school model, I'll have to redo the default budget.",Speaker 3,https://reflect-claremont.cablecast.tv/internetchannel/show/17029?site=1&seekto=3230
0:54:15.14,0:54:16.54,3255.14,3256.54,Unidentified,Diarizer artifact cluster — sub-second crosstalk/onset-clip fragments shed by the four participants; not a distinct person,That's fair.,Speaker 6,https://reflect-claremont.cablecast.tv/internetchannel/show/17029?site=1&seekto=3255
0:54:16.62,0:54:18.82,3256.62,3258.82,Candace Crawford,"School Board Member; presiding member, Finance Subcommittee",Okay.,Speaker 1,https://reflect-claremont.cablecast.tv/internetchannel/show/17029?site=1&seekto=3256
0:54:18.90,0:54:26.70,3258.90,3266.70,Heather Whitney,School Board Chair; Finance Subcommittee member (uncertain — identified as the 'Heather' the presiding member named as her co-presenter; one of only two committee members present),How are what's how are we determining capacity in our schools now? And how accurate is that.,Speaker 2,https://reflect-claremont.cablecast.tv/internetchannel/show/17029?site=1&seekto=3258
0:54:26.78,0:54:30.06,3266.78,3270.06,Candace Crawford,"School Board Member; presiding member, Finance Subcommittee",Data when you talk about capacity?,Speaker 1,https://reflect-claremont.cablecast.tv/internetchannel/show/17029?site=1&seekto=3266
0:54:30.14,0:54:49.46,3270.14,3289.46,Heather Whitney,School Board Chair; Finance Subcommittee member (uncertain — identified as the 'Heather' the presiding member named as her co-presenter; one of only two committee members present),"I'm talking about, for instance, you know, if what I don't want to do is I don't want to spend any time even discussing a model if the  information that we're using to determine, you know, like, if it's not even feasible. So  if we can't compress to three schools, then I don't even want to talk about.",Speaker 2,https://reflect-claremont.cablecast.tv/internetchannel/show/17029?site=1&seekto=3270
0:54:49.54,0:54:50.26,3289.54,3290.26,Unidentified,Diarizer artifact cluster — sub-second crosstalk/onset-clip fragments shed by the four participants; not a distinct person,"Like, yeah.",Speaker 6,https://reflect-claremont.cablecast.tv/internetchannel/show/17029?site=1&seekto=3289
0:54:50.34,0:55:13.02,3290.34,3313.02,Heather Whitney,School Board Chair; Finance Subcommittee member (uncertain — identified as the 'Heather' the presiding member named as her co-presenter; one of only two committee members present),"Quite frankly. And, and right now and I don't want Matt to waste any time. So I don't know. Do we have the you know I have a bias here. So I really. So I'm just being honest, I think that we need to really know whether or not we can in the next school year, accommodate the middle school kids at the high school.",Speaker 2,https://reflect-claremont.cablecast.tv/internetchannel/show/17029?site=1&seekto=3290
0:55:13.10,0:55:16.58,3313.10,3316.58,Candace Crawford,"School Board Member; presiding member, Finance Subcommittee","And that was my question, you know, 15 minutes ago.",Speaker 1,https://reflect-claremont.cablecast.tv/internetchannel/show/17029?site=1&seekto=3313
0:55:16.66,0:55:17.06,3316.66,3317.06,Unidentified,Diarizer artifact cluster — sub-second crosstalk/onset-clip fragments shed by the four participants; not a distinct person,So.,Speaker 6,https://reflect-claremont.cablecast.tv/internetchannel/show/17029?site=1&seekto=3316
0:55:17.30,0:55:17.82,3317.30,3317.82,Candace Crawford,"School Board Member; presiding member, Finance Subcommittee",Right.,Speaker 1,https://reflect-claremont.cablecast.tv/internetchannel/show/17029?site=1&seekto=3317
0:55:17.90,0:55:19.78,3317.90,3319.78,Matt Angell,"Interim Business Administrator, SAU 6",To answer that answer.,Speaker 3,https://reflect-claremont.cablecast.tv/internetchannel/show/17029?site=1&seekto=3317
0:55:19.82,0:55:20.58,3319.82,3320.58,Matt Angell,"Interim Business Administrator, SAU 6 (sentence continuation)","Yeah, we are.",Speaker 6,https://reflect-claremont.cablecast.tv/internetchannel/show/17029?site=1&seekto=3319
0:55:20.82,0:55:40.42,3320.82,3340.42,Matt Angell,"Interim Business Administrator, SAU 6","We are we have engaged a fire engineer. So this is a this is like civil mechanical. I think  it's like a mechanical engineer who just specializes in fire,  life safety stuff. And what he's going to do is he's going to calculate what the capacity is for the.",Speaker 3,https://reflect-claremont.cablecast.tv/internetchannel/show/17029?site=1&seekto=3320
0:55:40.46,0:55:41.46,3340.46,3341.46,Matt Angell,"Interim Business Administrator, SAU 6 (sentence continuation)",For the team.,Speaker 6,https://reflect-claremont.cablecast.tv/internetchannel/show/17029?site=1&seekto=3340
0:55:41.50,0:55:54.62,3341.50,3354.62,Heather Whitney,School Board Chair; Finance Subcommittee member (uncertain — identified as the 'Heather' the presiding member named as her co-presenter; one of only two committee members present),"Well, I understand the capacity part, but for the scheduling part. So can we move these kids around as they rotate through the classes? Do we have enough classrooms and the capacity within the schedule?",Speaker 2,https://reflect-claremont.cablecast.tv/internetchannel/show/17029?site=1&seekto=3341
0:55:54.70,0:56:07.81,3354.70,3367.81,Candace Crawford,"School Board Member; presiding member, Finance Subcommittee","Well, I think part of that is, constructing the schedule for the nine through 12 and limiting course offerings. Yes.  To free up those extra classes.",Speaker 1,https://reflect-claremont.cablecast.tv/internetchannel/show/17029?site=1&seekto=3354
0:56:07.89,0:56:14.82,3367.89,3374.82,Heather Whitney,School Board Chair; Finance Subcommittee member (uncertain — identified as the 'Heather' the presiding member named as her co-presenter; one of only two committee members present),That's I guess I'm just saying sometimes capacity there's more to the there's more to the discussion than simple capacity. Right. And so I wanted.,Speaker 2,https://reflect-claremont.cablecast.tv/internetchannel/show/17029?site=1&seekto=3367
0:56:14.82,0:56:15.90,3374.82,3375.90,Kerry Kennedy,"Interim Superintendent, SAU 6",To.,Speaker 5,https://reflect-claremont.cablecast.tv/internetchannel/show/17029?site=1&seekto=3374
0:56:15.98,0:56:30.30,3375.98,3390.30,Candace Crawford,"School Board Member; presiding member, Finance Subcommittee","I mean, right. And that's what we're talking about. The course offerings have to be structured so that you maximize the use of each classroom, because you need every classroom in seven through 12.",Speaker 1,https://reflect-claremont.cablecast.tv/internetchannel/show/17029?site=1&seekto=3375
0:56:30.38,0:56:37.86,3390.38,3397.86,Kerry Kennedy,"Interim Superintendent, SAU 6","Well, in teachers too. So it could be, you know, if you're offering Spanish, is it a Spanish 7 to 12? Is it 9 to 12. Is it. So you know. What does that look like?",Speaker 5,https://reflect-claremont.cablecast.tv/internetchannel/show/17029?site=1&seekto=3390
0:56:38.01,0:57:00.98,3398.01,3420.98,Heather Whitney,School Board Chair; Finance Subcommittee member (uncertain — identified as the 'Heather' the presiding member named as her co-presenter; one of only two committee members present),"And so would there be, you know, what's the what's the impact academically and what's the impact financially to the budget? Sure. Now, I know there's a benefit to having  the, you know, one of the issues that we've had in the past, particularly at the middle school, is that there haven't been opportunities for high performing kids to access courses that would have them physically, you know, physical access for them to challenge.",Speaker 2,https://reflect-claremont.cablecast.tv/internetchannel/show/17029?site=1&seekto=3398
0:57:00.98,0:57:13.62,3420.98,3433.62,Heather Whitney,School Board Chair; Finance Subcommittee member (uncertain — identified as the 'Heather' the presiding member named as her co-presenter; one of only two committee members present),"And so there is a benefit to that,  combining of the middle and the high school is so you, the kids that are high performing. Right. They could access, they could just go as fast as they and not get bored.",Speaker 2,https://reflect-claremont.cablecast.tv/internetchannel/show/17029?site=1&seekto=3420
0:57:13.62,0:57:39.94,3433.62,3459.94,Kerry Kennedy,"Interim Superintendent, SAU 6","And structurally right now they're doing  right,  which is more options. Right. Because they cannot physically get to their our schedules aren't aligned so that if they took math at the high school, they may be qualified for it academically. But the schedule doesn't allow for that deviation because to get even though it's not that far to get from there to here and then, you know, back and forth  and then still be on schedule, you know, for middle school.",Speaker 5,https://reflect-claremont.cablecast.tv/internetchannel/show/17029?site=1&seekto=3433
0:57:40.02,0:57:41.90,3460.02,3461.90,Candace Crawford,"School Board Member; presiding member, Finance Subcommittee",Okay.,Speaker 1,https://reflect-claremont.cablecast.tv/internetchannel/show/17029?site=1&seekto=3460
0:57:41.98,0:57:47.82,3461.98,3467.82,Heather Whitney,School Board Chair; Finance Subcommittee member (uncertain — identified as the 'Heather' the presiding member named as her co-presenter; one of only two committee members present),And do we have the personal bandwidth to pivot if that's necessary to? Because I know that's going to be I'm just.,Speaker 2,https://reflect-claremont.cablecast.tv/internetchannel/show/17029?site=1&seekto=3461
0:57:48.02,0:57:48.74,3468.02,3468.74,Kerry Kennedy,"Interim Superintendent, SAU 6","No, these are all.",Speaker 5,https://reflect-claremont.cablecast.tv/internetchannel/show/17029?site=1&seekto=3468
0:57:48.74,0:57:49.70,3468.74,3469.70,Heather Whitney,School Board Chair; Finance Subcommittee member (uncertain — identified as the 'Heather' the presiding member named as her co-presenter; one of only two committee members present),Things questions.,Speaker 2,https://reflect-claremont.cablecast.tv/internetchannel/show/17029?site=1&seekto=3468
0:57:49.86,0:57:50.30,3469.86,3470.30,Kerry Kennedy,"Interim Superintendent, SAU 6",Because I know.,Speaker 5,https://reflect-claremont.cablecast.tv/internetchannel/show/17029?site=1&seekto=3469
0:57:50.30,0:57:51.46,3470.30,3471.46,Heather Whitney,School Board Chair; Finance Subcommittee member (uncertain — identified as the 'Heather' the presiding member named as her co-presenter; one of only two committee members present),That's right.,Speaker 2,https://reflect-claremont.cablecast.tv/internetchannel/show/17029?site=1&seekto=3470
0:57:51.58,0:57:51.82,3471.58,3471.82,Kerry Kennedy,"Interim Superintendent, SAU 6",Right.,Speaker 5,https://reflect-claremont.cablecast.tv/internetchannel/show/17029?site=1&seekto=3471
0:57:51.98,0:57:52.62,3471.98,3472.62,Unidentified,Diarizer artifact cluster — sub-second crosstalk/onset-clip fragments shed by the four participants; not a distinct person,"No, no.",Speaker 6,https://reflect-claremont.cablecast.tv/internetchannel/show/17029?site=1&seekto=3471
0:57:52.78,0:57:54.14,3472.78,3474.14,Heather Whitney,School Board Chair; Finance Subcommittee member (uncertain — identified as the 'Heather' the presiding member named as her co-presenter; one of only two committee members present),And so we can. Right.,Speaker 2,https://reflect-claremont.cablecast.tv/internetchannel/show/17029?site=1&seekto=3472
0:57:54.22,0:58:13.90,3474.22,3493.90,Candace Crawford,"School Board Member; presiding member, Finance Subcommittee","I mean, you. Right. Right.  And and it sounds like Friday. Again, the analysis of the budget, in the past has been a very finite process. This is going to be a much more global analysis.",Speaker 1,https://reflect-claremont.cablecast.tv/internetchannel/show/17029?site=1&seekto=3474
0:58:13.98,0:58:15.74,3493.98,3495.74,Matt Angell,"Interim Business Administrator, SAU 6",I'll try to be finite about it.,Speaker 3,https://reflect-claremont.cablecast.tv/internetchannel/show/17029?site=1&seekto=3493
0:58:17.10,0:58:25.30,3497.10,3505.30,Candace Crawford,"School Board Member; presiding member, Finance Subcommittee","Well, I mean, in the process of you're preparing the budget, you've got to be  so you, we need your assurance that you have been.",Speaker 1,https://reflect-claremont.cablecast.tv/internetchannel/show/17029?site=1&seekto=3497
0:58:25.38,0:58:26.50,3505.38,3506.50,Unidentified,Diarizer artifact cluster — sub-second crosstalk/onset-clip fragments shed by the four participants; not a distinct person,Yeah.,Speaker 6,https://reflect-claremont.cablecast.tv/internetchannel/show/17029?site=1&seekto=3505
0:58:26.58,0:58:49.10,3506.58,3529.10,Matt Angell,"Interim Business Administrator, SAU 6","I mean it's, it's pretty easy for me to, to say payroll change by this amount. Okay. But,  when, if you ask me if  the ease changed by,  a certain amount, I can tell you that the data last year,  there were several positions we budgeted for the funding, but the FTE was zero.",Speaker 3,https://reflect-claremont.cablecast.tv/internetchannel/show/17029?site=1&seekto=3506
0:58:50.66,0:59:06.60,3530.66,3546.60,Matt Angell,"Interim Business Administrator, SAU 6",So I've tried I've tried to do a reconciliation. I've identified eight positions like that for last year. So they budgeted for 300 and almost 360  people last year.,Speaker 3,https://reflect-claremont.cablecast.tv/internetchannel/show/17029?site=1&seekto=3530
0:59:06.68,0:59:08.76,3546.68,3548.76,Matt Angell,"Interim Business Administrator, SAU 6",I'm down from that.,Speaker 3,https://reflect-claremont.cablecast.tv/internetchannel/show/17029?site=1&seekto=3546
0:59:08.84,0:59:09.56,3548.84,3549.56,Unidentified,Diarizer artifact cluster — sub-second crosstalk/onset-clip fragments shed by the four participants; not a distinct person,Yeah.,Speaker 6,https://reflect-claremont.cablecast.tv/internetchannel/show/17029?site=1&seekto=3548
0:59:09.64,0:59:14.48,3549.64,3554.48,Kerry Kennedy,"Interim Superintendent, SAU 6",But they're not always calculated and carried over in all of the line items that they need to be.,Speaker 5,https://reflect-claremont.cablecast.tv/internetchannel/show/17029?site=1&seekto=3549
0:59:14.68,0:59:15.60,3554.68,3555.60,Unidentified,Diarizer artifact cluster — sub-second crosstalk/onset-clip fragments shed by the four participants; not a distinct person,Yeah.,Speaker 6,https://reflect-claremont.cablecast.tv/internetchannel/show/17029?site=1&seekto=3554
0:59:15.68,0:59:33.52,3555.68,3573.52,Matt Angell,"Interim Business Administrator, SAU 6","Just so you know, to legally, we can and this is this is a conversation for the default budget. Okay. We can move positions around within the,  the organization. So,  so that we're not eliminating a position as it relates to the default budget.",Speaker 3,https://reflect-claremont.cablecast.tv/internetchannel/show/17029?site=1&seekto=3555
0:59:33.76,0:59:33.96,3573.76,3573.96,Unidentified,Diarizer artifact cluster — sub-second crosstalk/onset-clip fragments shed by the four participants; not a distinct person,Right.,Speaker 6,https://reflect-claremont.cablecast.tv/internetchannel/show/17029?site=1&seekto=3573
0:59:34.00,0:59:35.76,3574.00,3575.76,Matt Angell,"Interim Business Administrator, SAU 6","Okay. Because,",Speaker 3,https://reflect-claremont.cablecast.tv/internetchannel/show/17029?site=1&seekto=3574
0:59:35.84,0:59:36.52,3575.84,3576.52,Unidentified,Diarizer artifact cluster — sub-second crosstalk/onset-clip fragments shed by the four participants; not a distinct person,Right.,Speaker 6,https://reflect-claremont.cablecast.tv/internetchannel/show/17029?site=1&seekto=3575
0:59:36.60,0:59:52.36,3576.60,3592.36,Matt Angell,"Interim Business Administrator, SAU 6","I don't want to.  There are some who think that if you make a move, say, from a para to a teacher, that that one's an elimination and one's a brand new position that doesn't exist under the law. I'm making.",Speaker 3,https://reflect-claremont.cablecast.tv/internetchannel/show/17029?site=1&seekto=3576
0:59:52.36,0:59:53.56,3592.36,3593.56,Matt Angell,"Interim Business Administrator, SAU 6 (sentence continuation)",The move.,Speaker 6,https://reflect-claremont.cablecast.tv/internetchannel/show/17029?site=1&seekto=3592
0:59:53.64,0:59:55.32,3593.64,3595.32,Heather Whitney,School Board Chair; Finance Subcommittee member (uncertain — identified as the 'Heather' the presiding member named as her co-presenter; one of only two committee members present),About what the law means.,Speaker 2,https://reflect-claremont.cablecast.tv/internetchannel/show/17029?site=1&seekto=3593
0:59:55.36,0:59:56.76,3595.36,3596.76,Unidentified,Diarizer artifact cluster — sub-second crosstalk/onset-clip fragments shed by the four participants; not a distinct person,Right. Okay.,Speaker 6,https://reflect-claremont.cablecast.tv/internetchannel/show/17029?site=1&seekto=3595
0:59:56.84,1:00:09.76,3596.84,3609.76,Matt Angell,"Interim Business Administrator, SAU 6","So the the school program is just one big giant pool, and I'm moving within that. And then whatever the is left over, that's what's getting removed.",Speaker 3,https://reflect-claremont.cablecast.tv/internetchannel/show/17029?site=1&seekto=3596
1:00:09.84,1:00:11.68,3609.84,3611.68,Unidentified,Diarizer artifact cluster — sub-second crosstalk/onset-clip fragments shed by the four participants; not a distinct person,From all the models. Right.,Speaker 6,https://reflect-claremont.cablecast.tv/internetchannel/show/17029?site=1&seekto=3609
1:00:11.72,1:00:35.12,3611.72,3635.12,Heather Whitney,School Board Chair; Finance Subcommittee member (uncertain — identified as the 'Heather' the presiding member named as her co-presenter; one of only two committee members present),"Right. So either one of these models  and you talked about the mentorship, the mentor piece. So I know there's some  I'm not going to get into the weeds on this one. Does do these models include these mentor type positions in a separate role, or is it integrated into like the classroom, like the current the current mentors we have?",Speaker 2,https://reflect-claremont.cablecast.tv/internetchannel/show/17029?site=1&seekto=3611
1:00:35.32,1:00:47.20,3635.32,3647.20,Heather Whitney,School Board Chair; Finance Subcommittee member (uncertain — identified as the 'Heather' the presiding member named as her co-presenter; one of only two committee members present),We have teachers that mentor new teachers. Then the board had approved an instructional coach model.  How are we going to be actively mentoring these?,Speaker 2,https://reflect-claremont.cablecast.tv/internetchannel/show/17029?site=1&seekto=3635
1:00:47.28,1:00:50.72,3647.28,3650.72,Candace Crawford,"School Board Member; presiding member, Finance Subcommittee",How would they implementing the interventionist program?,Speaker 1,https://reflect-claremont.cablecast.tv/internetchannel/show/17029?site=1&seekto=3647
1:00:50.80,1:00:52.24,3650.80,3652.24,Heather Whitney,School Board Chair; Finance Subcommittee member (uncertain — identified as the 'Heather' the presiding member named as her co-presenter; one of only two committee members present),Thank you for the clarification.,Speaker 2,https://reflect-claremont.cablecast.tv/internetchannel/show/17029?site=1&seekto=3650
1:00:52.48,1:00:54.44,3652.48,3654.44,Candace Crawford,"School Board Member; presiding member, Finance Subcommittee",I just wanted to make sure I understood.,Speaker 1,https://reflect-claremont.cablecast.tv/internetchannel/show/17029?site=1&seekto=3652
1:00:54.52,1:00:54.75,3654.52,3654.75,Unidentified,Diarizer artifact cluster — sub-second crosstalk/onset-clip fragments shed by the four participants; not a distinct person,Right.,Speaker 6,https://reflect-claremont.cablecast.tv/internetchannel/show/17029?site=1&seekto=3654
1:00:54.79,1:00:55.33,3654.79,3655.33,Heather Whitney,School Board Chair; Finance Subcommittee member (uncertain — identified as the 'Heather' the presiding member named as her co-presenter; one of only two committee members present),Right right.,Speaker 2,https://reflect-claremont.cablecast.tv/internetchannel/show/17029?site=1&seekto=3654
1:00:55.34,1:00:56.28,3655.34,3656.28,Matt Angell,"Interim Business Administrator, SAU 6 (onset of his next turn, clipped)",Right right. I have to.,Speaker 6,https://reflect-claremont.cablecast.tv/internetchannel/show/17029?site=1&seekto=3655
1:00:56.28,1:00:59.76,3656.28,3659.76,Matt Angell,"Interim Business Administrator, SAU 6",Pass that off to the educational leader.,Speaker 3,https://reflect-claremont.cablecast.tv/internetchannel/show/17029?site=1&seekto=3656
1:00:59.80,1:01:00.12,3659.80,3660.12,Unidentified,Diarizer artifact cluster — sub-second crosstalk/onset-clip fragments shed by the four participants; not a distinct person,Okay.,Speaker 6,https://reflect-claremont.cablecast.tv/internetchannel/show/17029?site=1&seekto=3659
1:01:00.16,1:01:01.68,3660.16,3661.68,Matt Angell,"Interim Business Administrator, SAU 6",And how to best implement it.,Speaker 3,https://reflect-claremont.cablecast.tv/internetchannel/show/17029?site=1&seekto=3660
1:01:01.76,1:01:21.32,3661.76,3681.32,Kerry Kennedy,"Interim Superintendent, SAU 6","We had, you know, this summer, we did some mentor training. It was excellent. Melissa Lewis and Paige Jarvis did some training for the news folks. And I mean for veteran staff who were mentors. The unfortunate part is right now, the existing,  new folks we rift, which we understand that part of it. So they're not being utilized that but they could be still.",Speaker 5,https://reflect-claremont.cablecast.tv/internetchannel/show/17029?site=1&seekto=3661
1:01:21.40,1:01:22.28,3681.40,3682.28,Candace Crawford,"School Board Member; presiding member, Finance Subcommittee",The mentors.,Speaker 1,https://reflect-claremont.cablecast.tv/internetchannel/show/17029?site=1&seekto=3681
1:01:22.32,1:01:43.24,3682.32,3703.24,Kerry Kennedy,"Interim Superintendent, SAU 6","The mentors are still here. So we've trained them. We still possess, you know, those folks that are in our, you know, our arsenal, which I appreciate. The people that they were going to mentor are not with us right now, but they could still utilize those skills. So some of those same folks within, you know, maybe we look at the different structure and it's not just brand new hires for the next.",Speaker 5,https://reflect-claremont.cablecast.tv/internetchannel/show/17029?site=1&seekto=3682
1:01:43.28,1:01:44.44,3703.28,3704.44,Candace Crawford,"School Board Member; presiding member, Finance Subcommittee",That's my point.,Speaker 1,https://reflect-claremont.cablecast.tv/internetchannel/show/17029?site=1&seekto=3703
1:01:44.52,1:01:45.52,3704.52,3705.52,Kerry Kennedy,"Interim Superintendent, SAU 6",People within.,Speaker 5,https://reflect-claremont.cablecast.tv/internetchannel/show/17029?site=1&seekto=3704
1:01:45.64,1:01:47.56,3705.64,3707.56,Candace Crawford,"School Board Member; presiding member, Finance Subcommittee",Existing staff need mentors.,Speaker 1,https://reflect-claremont.cablecast.tv/internetchannel/show/17029?site=1&seekto=3705
1:01:47.60,1:01:59.64,3707.60,3719.64,Kerry Kennedy,"Interim Superintendent, SAU 6",And that kind of discussion just looking at. Right.  And there is still some possibility with attrition and things that there still could be some news folks to make sure. But but we could still then the model of using that within.,Speaker 5,https://reflect-claremont.cablecast.tv/internetchannel/show/17029?site=1&seekto=3707
1:01:59.72,1:02:01.60,3719.72,3721.60,Candace Crawford,"School Board Member; presiding member, Finance Subcommittee","That's, that's a very critical.",Speaker 1,https://reflect-claremont.cablecast.tv/internetchannel/show/17029?site=1&seekto=3719
1:02:01.72,1:02:10.64,3721.72,3730.64,Kerry Kennedy,"Interim Superintendent, SAU 6",And that would looking at you know. Ideally we want the best educator and that sort of goes back to the evaluation discussion. But that's what we feel is the best educator. Who do we feel right.,Speaker 5,https://reflect-claremont.cablecast.tv/internetchannel/show/17029?site=1&seekto=3721
1:02:10.84,1:02:27.28,3730.84,3747.28,Candace Crawford,"School Board Member; presiding member, Finance Subcommittee","Could you improve scores if you improve the quality of the teaching regardless of what their education level, I mean,  of their experience level is if they're a two year teacher,  but you improve their skills, you're going to have better outcomes.",Speaker 1,https://reflect-claremont.cablecast.tv/internetchannel/show/17029?site=1&seekto=3730
1:02:27.32,1:02:45.68,3747.32,3765.68,Heather Whitney,School Board Chair; Finance Subcommittee member (uncertain — identified as the 'Heather' the presiding member named as her co-presenter; one of only two committee members present),"So my other my question, my on a more granular level is I understand that we have we do have mentors in our  schools. But with the mentors that we're talking about, I'm thinking that there should be intensive mentorship meaning like that's their sole.",Speaker 2,https://reflect-claremont.cablecast.tv/internetchannel/show/17029?site=1&seekto=3747
1:02:45.76,1:02:47.72,3765.76,3767.72,Unidentified,Diarizer artifact cluster — sub-second crosstalk/onset-clip fragments shed by the four participants; not a distinct person,Yes. Okay. That's what I would say.,Speaker 6,https://reflect-claremont.cablecast.tv/internetchannel/show/17029?site=1&seekto=3765
1:02:47.84,1:02:49.96,3767.84,3769.96,Kerry Kennedy,"Interim Superintendent, SAU 6",Instructional. Yes.,Speaker 5,https://reflect-claremont.cablecast.tv/internetchannel/show/17029?site=1&seekto=3767
1:02:50.04,1:03:01.44,3770.04,3781.44,Heather Whitney,School Board Chair; Finance Subcommittee member (uncertain — identified as the 'Heather' the presiding member named as her co-presenter; one of only two committee members present),But I'm figuring is somebody getting a stipend has their their class because I know we have mentorship stipends built into our piece. Yeah. So I wanted to ensure that we had individuals within.,Speaker 2,https://reflect-claremont.cablecast.tv/internetchannel/show/17029?site=1&seekto=3770
1:03:01.64,1:03:02.08,3781.64,3782.08,Unidentified,Diarizer artifact cluster — sub-second crosstalk/onset-clip fragments shed by the four participants; not a distinct person,Yeah.,Speaker 6,https://reflect-claremont.cablecast.tv/internetchannel/show/17029?site=1&seekto=3781
1:03:02.20,1:03:07.28,3782.20,3787.28,Heather Whitney,School Board Chair; Finance Subcommittee member (uncertain — identified as the 'Heather' the presiding member named as her co-presenter; one of only two committee members present),"To that are just about targeting, you know, intervention.",Speaker 2,https://reflect-claremont.cablecast.tv/internetchannel/show/17029?site=1&seekto=3782
1:03:07.36,1:03:08.76,3787.36,3788.76,Candace Crawford,"School Board Member; presiding member, Finance Subcommittee",But they're not stipend based.,Speaker 1,https://reflect-claremont.cablecast.tv/internetchannel/show/17029?site=1&seekto=3787
1:03:08.95,1:03:12.00,3788.95,3792.00,Unidentified,Diarizer artifact cluster — sub-second crosstalk/onset-clip fragments shed by the four participants; not a distinct person,It's their role that is their role.,Speaker 6,https://reflect-claremont.cablecast.tv/internetchannel/show/17029?site=1&seekto=3788
1:03:12.08,1:03:13.48,3792.08,3793.48,Kerry Kennedy,"Interim Superintendent, SAU 6",We have that's.,Speaker 5,https://reflect-claremont.cablecast.tv/internetchannel/show/17029?site=1&seekto=3792
1:03:13.56,1:03:14.80,3793.56,3794.80,Candace Crawford,"School Board Member; presiding member, Finance Subcommittee",What we're talking about.,Speaker 1,https://reflect-claremont.cablecast.tv/internetchannel/show/17029?site=1&seekto=3793
1:03:14.84,1:03:22.44,3794.84,3802.44,Heather Whitney,School Board Chair; Finance Subcommittee member (uncertain — identified as the 'Heather' the presiding member named as her co-presenter; one of only two committee members present),That's what I wanted to make sure that we were continue to talk about that. And that's right. I was looking for clarity.,Speaker 2,https://reflect-claremont.cablecast.tv/internetchannel/show/17029?site=1&seekto=3794
1:03:22.52,1:03:28.12,3802.52,3808.12,Matt Angell,"Interim Business Administrator, SAU 6","There's a brainstorming idea that we had yesterday, and that was the team up with a local college.",Speaker 3,https://reflect-claremont.cablecast.tv/internetchannel/show/17029?site=1&seekto=3802
1:03:28.20,1:03:29.00,3808.20,3809.00,Heather Whitney,School Board Chair; Finance Subcommittee member (uncertain — identified as the 'Heather' the presiding member named as her co-presenter; one of only two committee members present),"Oh, fantastic.",Speaker 2,https://reflect-claremont.cablecast.tv/internetchannel/show/17029?site=1&seekto=3808
1:03:29.20,1:03:36.24,3809.20,3816.24,Matt Angell,"Interim Business Administrator, SAU 6",Pay them to come in and do non evaluated  non value of mentorships.,Speaker 3,https://reflect-claremont.cablecast.tv/internetchannel/show/17029?site=1&seekto=3809
1:03:36.40,1:03:38.92,3816.40,3818.92,Unidentified,Diarizer artifact cluster — sub-second crosstalk/onset-clip fragments shed by the four participants; not a distinct person,With the teachers. Right. I think.,Speaker 6,https://reflect-claremont.cablecast.tv/internetchannel/show/17029?site=1&seekto=3816
1:03:39.00,1:03:43.40,3819.00,3823.40,Matt Angell,"Interim Business Administrator, SAU 6",That's even higher quality than positions. That's if we can get a.,Speaker 3,https://reflect-claremont.cablecast.tv/internetchannel/show/17029?site=1&seekto=3819
1:03:43.40,1:03:46.60,3823.40,3826.60,Heather Whitney,School Board Chair; Finance Subcommittee member (uncertain — identified as the 'Heather' the presiding member named as her co-presenter; one of only two committee members present),Partner right. So which partners were we looking at I know.,Speaker 2,https://reflect-claremont.cablecast.tv/internetchannel/show/17029?site=1&seekto=3823
1:03:46.64,1:03:46.92,3826.64,3826.92,Unidentified,Diarizer artifact cluster — sub-second crosstalk/onset-clip fragments shed by the four participants; not a distinct person,Well no.,Speaker 6,https://reflect-claremont.cablecast.tv/internetchannel/show/17029?site=1&seekto=3826
1:03:46.96,1:03:48.16,3826.96,3828.16,Matt Angell,"Interim Business Administrator, SAU 6",This is just brainstorming at.,Speaker 3,https://reflect-claremont.cablecast.tv/internetchannel/show/17029?site=1&seekto=3826
1:03:48.16,1:03:48.64,3828.16,3828.64,Matt Angell,"Interim Business Administrator, SAU 6 (sentence continuation)",This point.,Speaker 6,https://reflect-claremont.cablecast.tv/internetchannel/show/17029?site=1&seekto=3828
1:03:48.68,1:03:50.14,3828.68,3830.14,Matt Angell,"Interim Business Administrator, SAU 6",Okay.,Speaker 3,https://reflect-claremont.cablecast.tv/internetchannel/show/17029?site=1&seekto=3828
1:03:50.22,1:03:52.10,3830.22,3832.10,Kerry Kennedy,"Interim Superintendent, SAU 6",College you know local place.,Speaker 5,https://reflect-claremont.cablecast.tv/internetchannel/show/17029?site=1&seekto=3830
1:03:52.15,1:03:54.00,3832.15,3834.00,Candace Crawford,"School Board Member; presiding member, Finance Subcommittee",Well it could be.,Speaker 1,https://reflect-claremont.cablecast.tv/internetchannel/show/17029?site=1&seekto=3832
1:03:54.08,1:03:55.76,3834.08,3835.76,Kerry Kennedy,"Interim Superintendent, SAU 6","Limited, right?",Speaker 5,https://reflect-claremont.cablecast.tv/internetchannel/show/17029?site=1&seekto=3834
1:03:55.84,1:03:58.36,3835.84,3838.36,Candace Crawford,"School Board Member; presiding member, Finance Subcommittee","Right. I mean, but it's. Yeah. Okay.",Speaker 1,https://reflect-claremont.cablecast.tv/internetchannel/show/17029?site=1&seekto=3835
1:03:58.48,1:04:01.52,3838.48,3841.52,Heather Whitney,School Board Chair; Finance Subcommittee member (uncertain — identified as the 'Heather' the presiding member named as her co-presenter; one of only two committee members present),All right. But Keene has an education program.,Speaker 2,https://reflect-claremont.cablecast.tv/internetchannel/show/17029?site=1&seekto=3838
1:04:01.60,1:04:02.88,3841.60,3842.88,Kerry Kennedy,"Interim Superintendent, SAU 6 (onset of her next turn, clipped)",Plymouth to.,Speaker 6,https://reflect-claremont.cablecast.tv/internetchannel/show/17029?site=1&seekto=3841
1:04:02.96,1:04:04.20,3842.96,3844.20,Kerry Kennedy,"Interim Superintendent, SAU 6",Plymouth State. Yeah.,Speaker 5,https://reflect-claremont.cablecast.tv/internetchannel/show/17029?site=1&seekto=3842
1:04:05.48,1:04:11.00,3845.48,3851.00,Candace Crawford,"School Board Member; presiding member, Finance Subcommittee",All right. What else do we need to talk about today?,Speaker 1,https://reflect-claremont.cablecast.tv/internetchannel/show/17029?site=1&seekto=3845
1:04:11.08,1:04:35.64,3851.08,3875.64,Heather Whitney,School Board Chair; Finance Subcommittee member (uncertain — identified as the 'Heather' the presiding member named as her co-presenter; one of only two committee members present),"Sports I think so. Has there been any evaluation. I know.  We had talked about in the past an evaluation of which programs are being underutilized. Have they been looking at that? I mean, do we have low participation, high cost sports? And I know  I'm a bad guy, but.",Speaker 2,https://reflect-claremont.cablecast.tv/internetchannel/show/17029?site=1&seekto=3851
1:04:35.68,1:04:36.48,3875.68,3876.48,Heather Whitney,School Board Chair; Finance Subcommittee member (sentence continuation; identification uncertain — see Speaker 2),I know it's.,Speaker 5,https://reflect-claremont.cablecast.tv/internetchannel/show/17029?site=1&seekto=3875
1:04:36.48,1:04:44.16,3876.48,3884.16,Heather Whitney,School Board Chair; Finance Subcommittee member (uncertain — identified as the 'Heather' the presiding member named as her co-presenter; one of only two committee members present),"Difficult if I really think that if you can find, you know, 20 or $30,000 somewhere, that it  is a.",Speaker 2,https://reflect-claremont.cablecast.tv/internetchannel/show/17029?site=1&seekto=3876
1:04:44.24,1:04:57.60,3884.24,3897.60,Matt Angell,"Interim Business Administrator, SAU 6","The problem is, is under I have to I have to budget for  because the a lot of the stipends are in the CBA agreement. With this budget money in there whether they're using it or not.",Speaker 3,https://reflect-claremont.cablecast.tv/internetchannel/show/17029?site=1&seekto=3884
1:04:58.44,1:04:59.72,3898.44,3899.72,Matt Angell,"Interim Business Administrator, SAU 6",It's crazy.,Speaker 3,https://reflect-claremont.cablecast.tv/internetchannel/show/17029?site=1&seekto=3898
1:04:59.80,1:05:00.20,3899.80,3900.20,Heather Whitney,School Board Chair; Finance Subcommittee member (uncertain — identified as the 'Heather' the presiding member named as her co-presenter; one of only two committee members present),It has to.,Speaker 2,https://reflect-claremont.cablecast.tv/internetchannel/show/17029?site=1&seekto=3899
1:05:00.20,1:05:02.08,3900.20,3902.08,Unidentified,Diarizer artifact cluster — sub-second crosstalk/onset-clip fragments shed by the four participants; not a distinct person,Put the sports. You don't.,Speaker 6,https://reflect-claremont.cablecast.tv/internetchannel/show/17029?site=1&seekto=3900
1:05:02.08,1:05:05.75,3902.08,3905.75,Candace Crawford,"School Board Member; presiding member, Finance Subcommittee",Have to put it in unless we offer it.,Speaker 1,https://reflect-claremont.cablecast.tv/internetchannel/show/17029?site=1&seekto=3902
1:05:05.83,1:05:06.60,3905.83,3906.60,Kerry Kennedy,"Interim Superintendent, SAU 6",Well we.,Speaker 5,https://reflect-claremont.cablecast.tv/internetchannel/show/17029?site=1&seekto=3905
1:05:06.60,1:05:08.04,3906.60,3908.04,Unidentified,Diarizer artifact cluster — sub-second crosstalk/onset-clip fragments shed by the four participants; not a distinct person,Have to plan.,Speaker 6,https://reflect-claremont.cablecast.tv/internetchannel/show/17029?site=1&seekto=3906
1:05:08.12,1:05:10.20,3908.12,3910.20,Matt Angell,"Interim Business Administrator, SAU 6",For it after the budgets created.,Speaker 3,https://reflect-claremont.cablecast.tv/internetchannel/show/17029?site=1&seekto=3908
1:05:10.20,1:05:10.44,3910.20,3910.44,Unidentified,Diarizer artifact cluster — sub-second crosstalk/onset-clip fragments shed by the four participants; not a distinct person,Or.,Speaker 6,https://reflect-claremont.cablecast.tv/internetchannel/show/17029?site=1&seekto=3910
1:05:10.52,1:05:13.88,3910.52,3913.88,Candace Crawford,"School Board Member; presiding member, Finance Subcommittee",Then they don't offer it.,Speaker 1,https://reflect-claremont.cablecast.tv/internetchannel/show/17029?site=1&seekto=3910
1:05:13.96,1:05:14.36,3913.96,3914.36,Heather Whitney,School Board Chair; Finance Subcommittee member (uncertain — identified as the 'Heather' the presiding member named as her co-presenter; one of only two committee members present),It's just.,Speaker 2,https://reflect-claremont.cablecast.tv/internetchannel/show/17029?site=1&seekto=3913
1:05:14.36,1:05:16.20,3914.36,3916.20,Heather Whitney,School Board Chair; Finance Subcommittee member (sentence continuation; identification uncertain — see Speaker 2),A question.,Speaker 6,https://reflect-claremont.cablecast.tv/internetchannel/show/17029?site=1&seekto=3914
1:05:16.28,1:05:17.24,3916.28,3917.24,Heather Whitney,School Board Chair; Finance Subcommittee member (uncertain — identified as the 'Heather' the presiding member named as her co-presenter; one of only two committee members present),It's just a question.,Speaker 2,https://reflect-claremont.cablecast.tv/internetchannel/show/17029?site=1&seekto=3916
1:05:17.48,1:05:17.89,3917.48,3917.89,Matt Angell,"Interim Business Administrator, SAU 6 (onset of his next turn, clipped)",But I think.,Speaker 6,https://reflect-claremont.cablecast.tv/internetchannel/show/17029?site=1&seekto=3917
1:05:17.89,1:05:18.88,3917.89,3918.88,Matt Angell,"Interim Business Administrator, SAU 6",That's a great question.,Speaker 3,https://reflect-claremont.cablecast.tv/internetchannel/show/17029?site=1&seekto=3917
1:05:18.96,1:05:20.16,3918.96,3920.16,Kerry Kennedy,"Interim Superintendent, SAU 6",I understand.,Speaker 5,https://reflect-claremont.cablecast.tv/internetchannel/show/17029?site=1&seekto=3918
1:05:20.16,1:05:21.16,3920.16,3921.16,Candace Crawford,"School Board Member; presiding member, Finance Subcommittee",That if it's.,Speaker 1,https://reflect-claremont.cablecast.tv/internetchannel/show/17029?site=1&seekto=3920
1:05:21.24,1:05:37.80,3921.24,3937.80,Kerry Kennedy,"Interim Superintendent, SAU 6","And that also includes arts too. So because they're all they're stipends for chorus bands things like that too. So I just want to be clear. So there are positions that are in the Seabees that if staff are going to be doing that, there are certain stipends that go along with those positions.",Speaker 5,https://reflect-claremont.cablecast.tv/internetchannel/show/17029?site=1&seekto=3921
1:05:37.88,1:05:38.72,3937.88,3938.72,Unidentified,Diarizer artifact cluster — sub-second crosstalk/onset-clip fragments shed by the four participants; not a distinct person,Now.,Speaker 6,https://reflect-claremont.cablecast.tv/internetchannel/show/17029?site=1&seekto=3937
1:05:38.80,1:05:44.20,3938.80,3944.20,Matt Angell,"Interim Business Administrator, SAU 6",If if you feel that it's worth taking the risk that I cut down those stipends.,Speaker 3,https://reflect-claremont.cablecast.tv/internetchannel/show/17029?site=1&seekto=3938
1:05:44.28,1:05:51.04,3944.28,3951.04,Heather Whitney,School Board Chair; Finance Subcommittee member (uncertain — identified as the 'Heather' the presiding member named as her co-presenter; one of only two committee members present),"Well, no, I'm just I'm asking for the investigation. Like. I mean, I'm asking for somebody to just look at it like, yeah, do we have sports that you know?",Speaker 2,https://reflect-claremont.cablecast.tv/internetchannel/show/17029?site=1&seekto=3944
1:05:51.12,1:05:51.32,3951.12,3951.32,Unidentified,Diarizer artifact cluster — sub-second crosstalk/onset-clip fragments shed by the four participants; not a distinct person,Oh.,Speaker 6,https://reflect-claremont.cablecast.tv/internetchannel/show/17029?site=1&seekto=3951
1:05:51.36,1:05:51.68,3951.36,3951.68,Heather Whitney,School Board Chair; Finance Subcommittee member (sentence continuation; identification uncertain — see Speaker 2),I'm.,Speaker 3,https://reflect-claremont.cablecast.tv/internetchannel/show/17029?site=1&seekto=3951
1:05:51.68,1:06:01.92,3951.68,3961.92,Heather Whitney,School Board Chair; Finance Subcommittee member (uncertain — identified as the 'Heather' the presiding member named as her co-presenter; one of only two committee members present),"Sure that we're not we're not very successful. There's not a high level of participation. We don't have a feeder program in the district.  At the high school level. You know, I think there's.",Speaker 2,https://reflect-claremont.cablecast.tv/internetchannel/show/17029?site=1&seekto=3951
1:06:02.08,1:06:05.36,3962.08,3965.36,Kerry Kennedy,"Interim Superintendent, SAU 6",We have not even started the sports.,Speaker 5,https://reflect-claremont.cablecast.tv/internetchannel/show/17029?site=1&seekto=3962
1:06:05.56,1:06:06.52,3965.56,3966.52,Heather Whitney,School Board Chair; Finance Subcommittee member (uncertain — identified as the 'Heather' the presiding member named as her co-presenter; one of only two committee members present),I think it's very sensible.,Speaker 2,https://reflect-claremont.cablecast.tv/internetchannel/show/17029?site=1&seekto=3965
1:06:06.76,1:06:26.40,3966.76,3986.40,Kerry Kennedy,"Interim Superintendent, SAU 6","Approach for me to do that. I will say,  you know, even the  7 to 12. And I'm not saying advocating one way or another. Right now we do have some middle schoolers that were on, especially eighth graders who were doing like JV sports because middle school sports look different. And so there was some ability to kind of move some students up for sports.",Speaker 5,https://reflect-claremont.cablecast.tv/internetchannel/show/17029?site=1&seekto=3966
1:06:26.40,1:06:41.24,3986.40,4001.24,Kerry Kennedy,"Interim Superintendent, SAU 6","And, you know, I envision, you know, depending on whatever it is, band course, there could be some flexibility to. So I want that people to know that those are discussions to look at in this model too. So it's not only just regular academics, it impacts all of our programing.",Speaker 5,https://reflect-claremont.cablecast.tv/internetchannel/show/17029?site=1&seekto=3986
1:06:41.28,1:06:42.60,4001.28,4002.60,Unidentified,Diarizer artifact cluster — sub-second crosstalk/onset-clip fragments shed by the four participants; not a distinct person,Right. Right.,Speaker 6,https://reflect-claremont.cablecast.tv/internetchannel/show/17029?site=1&seekto=4001
1:06:42.68,1:07:12.80,4002.68,4032.80,Heather Whitney,School Board Chair; Finance Subcommittee member (uncertain — identified as the 'Heather' the presiding member named as her co-presenter; one of only two committee members present),"Another question I have is  buzzwords. Yeah. And you know, would you have like what models would have longer bus routes or  are there a cost savings?  Well, do we have to change start times? Because when we had, when we were talking about the, the one, 2 or 3 elementary, the two elementary school, one of the models that there was going to be issues with staggered start times that there may have to be staggered beginning of day.",Speaker 2,https://reflect-claremont.cablecast.tv/internetchannel/show/17029?site=1&seekto=4002
1:07:13.04,1:07:13.44,4033.04,4033.44,Candace Crawford,"School Board Member; presiding member, Finance Subcommittee (sentence continuation)","Well, there.",Speaker 6,https://reflect-claremont.cablecast.tv/internetchannel/show/17029?site=1&seekto=4033
1:07:13.44,1:07:15.75,4033.44,4035.75,Candace Crawford,"School Board Member; presiding member, Finance Subcommittee","Will be. I mean, that's just a natural no.",Speaker 1,https://reflect-claremont.cablecast.tv/internetchannel/show/17029?site=1&seekto=4033
1:07:15.76,1:07:17.96,4035.76,4037.96,Heather Whitney,School Board Chair; Finance Subcommittee member (uncertain — identified as the 'Heather' the presiding member named as her co-presenter; one of only two committee members present),"Within the elementary school, if we went to the.",Speaker 2,https://reflect-claremont.cablecast.tv/internetchannel/show/17029?site=1&seekto=4035
1:07:18.00,1:07:22.16,4038.00,4042.16,Kerry Kennedy,"Interim Superintendent, SAU 6","Even if it's a pre-K to two or 3 to 5 or something like that, you still need to.",Speaker 5,https://reflect-claremont.cablecast.tv/internetchannel/show/17029?site=1&seekto=4038
1:07:22.24,1:07:23.24,4042.24,4043.24,Unidentified,Diarizer artifact cluster — sub-second crosstalk/onset-clip fragments shed by the four participants; not a distinct person,"Yes. Well, well.",Speaker 6,https://reflect-claremont.cablecast.tv/internetchannel/show/17029?site=1&seekto=4042
1:07:23.36,1:07:34.00,4043.36,4054.00,Candace Crawford,"School Board Member; presiding member, Finance Subcommittee","Well, just before you do, also is do we continue to run our own busses or do we have a bus service?",Speaker 1,https://reflect-claremont.cablecast.tv/internetchannel/show/17029?site=1&seekto=4043
1:07:34.08,1:07:35.48,4054.08,4055.48,Unidentified,Diarizer artifact cluster — sub-second crosstalk/onset-clip fragments shed by the four participants; not a distinct person,Okay.,Speaker 6,https://reflect-claremont.cablecast.tv/internetchannel/show/17029?site=1&seekto=4054
1:07:35.56,1:07:56.84,4055.56,4076.84,Matt Angell,"Interim Business Administrator, SAU 6","To answer that, first, I'm budgeting based upon us maintaining our own bus company. Okay. I'm not going to put in an estimate what I think it's going to be, because I don't know what it would be. All right. So,  but we're we are looking at going out to bid  for, for bussing services that's going to follow that's going to be like in January.",Speaker 3,https://reflect-claremont.cablecast.tv/internetchannel/show/17029?site=1&seekto=4055
1:07:56.88,1:08:18.96,4076.88,4098.96,Matt Angell,"Interim Business Administrator, SAU 6","Okay. Okay.  I will speak to,  transportation and, and talk about the different,  transportation models, but I don't think they're going to be that much different from what they currently exist from my experience. Okay. However, to answer one of your prior questions.  So.",Speaker 3,https://reflect-claremont.cablecast.tv/internetchannel/show/17029?site=1&seekto=4076
1:08:19.04,1:08:41.84,4099.04,4121.84,Matt Angell,"Interim Business Administrator, SAU 6","Parents would be concerned that they're going to have to visit two schools, drop off their kids. First thing I'd say to parents are try to use  utilize the bussing service because that's the most efficient method. It saves on space at the schools. However, if they wanted to  drive their students, what we should look at are  before and after school  opportunities.",Speaker 3,https://reflect-claremont.cablecast.tv/internetchannel/show/17029?site=1&seekto=4099
1:08:42.04,1:08:52.52,4122.04,4132.52,Matt Angell,"Interim Business Administrator, SAU 6",Like we we contracted with the with the YMCA that offered that program for us. And then we also provided a school bus that went between the schools so the parents could.,Speaker 3,https://reflect-claremont.cablecast.tv/internetchannel/show/17029?site=1&seekto=4122
1:08:52.52,1:08:55.96,4132.52,4135.96,Matt Angell,"Interim Business Administrator, SAU 6 (sentence continuation)","Drop off kids at one school, right.",Speaker 6,https://reflect-claremont.cablecast.tv/internetchannel/show/17029?site=1&seekto=4132
1:08:56.20,1:09:03.76,4136.20,4143.76,Candace Crawford,"School Board Member; presiding member, Finance Subcommittee","And they drop off in the morning. And whether the kid goes to two school, two kids go to two schools, one drop off.",Speaker 1,https://reflect-claremont.cablecast.tv/internetchannel/show/17029?site=1&seekto=4136
1:09:04.00,1:09:05.32,4144.00,4145.32,Heather Whitney,School Board Chair; Finance Subcommittee member (uncertain — identified as the 'Heather' the presiding member named as her co-presenter; one of only two committee members present),"And for the parents, right?",Speaker 2,https://reflect-claremont.cablecast.tv/internetchannel/show/17029?site=1&seekto=4144
1:09:05.56,1:09:06.00,4145.56,4146.00,Unidentified,Diarizer artifact cluster — sub-second crosstalk/onset-clip fragments shed by the four participants; not a distinct person,Yeah. Right.,Speaker 6,https://reflect-claremont.cablecast.tv/internetchannel/show/17029?site=1&seekto=4145
1:09:06.04,1:09:06.48,4146.04,4146.48,Matt Angell,"Interim Business Administrator, SAU 6",And we.,Speaker 3,https://reflect-claremont.cablecast.tv/internetchannel/show/17029?site=1&seekto=4146
1:09:06.48,1:09:08.32,4146.48,4148.32,Matt Angell,"Interim Business Administrator, SAU 6 (sentence continuation)",Just went right.,Speaker 6,https://reflect-claremont.cablecast.tv/internetchannel/show/17029?site=1&seekto=4146
1:09:08.48,1:09:12.84,4148.48,4152.84,Matt Angell,"Interim Business Administrator, SAU 6","Back and forth. We have the bussing service, which makes that model much easier.",Speaker 3,https://reflect-claremont.cablecast.tv/internetchannel/show/17029?site=1&seekto=4148
1:09:12.92,1:09:14.28,4152.92,4154.28,Unidentified,Diarizer artifact cluster — sub-second crosstalk/onset-clip fragments shed by the four participants; not a distinct person,Right. Okay.,Speaker 6,https://reflect-claremont.cablecast.tv/internetchannel/show/17029?site=1&seekto=4152
1:09:14.36,1:09:15.16,4154.36,4155.16,Heather Whitney,School Board Chair; Finance Subcommittee member (uncertain — identified as the 'Heather' the presiding member named as her co-presenter; one of only two committee members present),That's a good answer.,Speaker 2,https://reflect-claremont.cablecast.tv/internetchannel/show/17029?site=1&seekto=4154
1:09:15.20,1:09:15.92,4155.20,4155.92,Kerry Kennedy,"Interim Superintendent, SAU 6",All right.,Speaker 5,https://reflect-claremont.cablecast.tv/internetchannel/show/17029?site=1&seekto=4155
1:09:16.00,1:09:19.20,4156.00,4159.20,Heather Whitney,School Board Chair; Finance Subcommittee member (uncertain — identified as the 'Heather' the presiding member named as her co-presenter; one of only two committee members present),That's something we didn't think about the last go around.,Speaker 2,https://reflect-claremont.cablecast.tv/internetchannel/show/17029?site=1&seekto=4156
1:09:19.28,1:09:19.80,4159.28,4159.80,Candace Crawford,"School Board Member; presiding member, Finance Subcommittee",Okay.,Speaker 1,https://reflect-claremont.cablecast.tv/internetchannel/show/17029?site=1&seekto=4159
1:09:19.96,1:09:21.24,4159.96,4161.24,Unidentified,Diarizer artifact cluster — sub-second crosstalk/onset-clip fragments shed by the four participants; not a distinct person,Yeah. Great.,Speaker 6,https://reflect-claremont.cablecast.tv/internetchannel/show/17029?site=1&seekto=4159
1:09:21.32,1:09:27.90,4161.32,4167.90,Candace Crawford,"School Board Member; presiding member, Finance Subcommittee",What else needs to be on the agenda for Friday?,Speaker 1,https://reflect-claremont.cablecast.tv/internetchannel/show/17029?site=1&seekto=4161
1:09:27.98,1:09:33.46,4167.98,4173.46,Candace Crawford,"School Board Member; presiding member, Finance Subcommittee","I guess I, I really feel the need to let you go as possible to get.",Speaker 1,https://reflect-claremont.cablecast.tv/internetchannel/show/17029?site=1&seekto=4167
1:09:33.46,1:09:36.02,4173.46,4176.02,Candace Crawford,"School Board Member; presiding member, Finance Subcommittee (sentence continuation)",The working. Yeah.,Speaker 6,https://reflect-claremont.cablecast.tv/internetchannel/show/17029?site=1&seekto=4173
1:09:36.10,1:09:40.50,4176.10,4180.50,Candace Crawford,"School Board Member; presiding member, Finance Subcommittee",So. All right. We'll meet on Friday at 930.,Speaker 1,https://reflect-claremont.cablecast.tv/internetchannel/show/17029?site=1&seekto=4176
1:09:40.62,1:09:41.74,4180.62,4181.74,Kerry Kennedy,"Interim Superintendent, SAU 6",More communication.,Speaker 5,https://reflect-claremont.cablecast.tv/internetchannel/show/17029?site=1&seekto=4180
1:09:41.78,1:09:42.90,4181.78,4182.90,Unidentified,Diarizer artifact cluster — sub-second crosstalk/onset-clip fragments shed by the four participants; not a distinct person,Yeah.,Speaker 6,https://reflect-claremont.cablecast.tv/internetchannel/show/17029?site=1&seekto=4181
1:09:42.98,1:09:47.78,4182.98,4187.78,Matt Angell,"Interim Business Administrator, SAU 6",Yeah. I'm almost done with the for school model.  Health insurance just blew up on me last night.,Speaker 3,https://reflect-claremont.cablecast.tv/internetchannel/show/17029?site=1&seekto=4182
1:09:47.82,1:09:48.58,4187.82,4188.58,Unidentified,Diarizer artifact cluster — sub-second crosstalk/onset-clip fragments shed by the four participants; not a distinct person,Okay.,Speaker 6,https://reflect-claremont.cablecast.tv/internetchannel/show/17029?site=1&seekto=4187
1:09:48.66,1:09:49.66,4188.66,4189.66,Matt Angell,"Interim Business Administrator, SAU 6",So.,Speaker 3,https://reflect-claremont.cablecast.tv/internetchannel/show/17029?site=1&seekto=4188
1:09:49.74,1:09:50.42,4189.74,4190.42,Unidentified,Diarizer artifact cluster — sub-second crosstalk/onset-clip fragments shed by the four participants; not a distinct person,All right.,Speaker 6,https://reflect-claremont.cablecast.tv/internetchannel/show/17029?site=1&seekto=4189
1:09:50.61,1:09:50.98,4190.61,4190.98,Heather Whitney,School Board Chair; Finance Subcommittee member (uncertain — identified as the 'Heather' the presiding member named as her co-presenter; one of only two committee members present),I just.,Speaker 2,https://reflect-claremont.cablecast.tv/internetchannel/show/17029?site=1&seekto=4190
1:09:50.98,1:09:51.66,4190.98,4191.66,Heather Whitney,School Board Chair; Finance Subcommittee member (sentence continuation; identification uncertain — see Speaker 2),Think about. Right.,Speaker 7,https://reflect-claremont.cablecast.tv/internetchannel/show/17029?site=1&seekto=4190
1:09:51.82,1:09:53.54,4191.82,4193.54,Candace Crawford,"School Board Member; presiding member, Finance Subcommittee",If there's no.,Speaker 1,https://reflect-claremont.cablecast.tv/internetchannel/show/17029?site=1&seekto=4191
1:09:53.62,1:10:02.38,4193.62,4202.38,Heather Whitney,School Board Chair; Finance Subcommittee member (uncertain — identified as the 'Heather' the presiding member named as her co-presenter; one of only two committee members present),"I guess for me, the real thing would be being getting granular down on if the three school model about how we would provide the courses.",Speaker 2,https://reflect-claremont.cablecast.tv/internetchannel/show/17029?site=1&seekto=4193
1:10:04.26,1:10:10.54,4204.26,4210.54,Heather Whitney,School Board Chair; Finance Subcommittee member (uncertain — identified as the 'Heather' the presiding member named as her co-presenter; one of only two committee members present),"For the middle school students without you know, what the, what the course impact would be. Well the benefit would be.",Speaker 2,https://reflect-claremont.cablecast.tv/internetchannel/show/17029?site=1&seekto=4204
1:10:10.62,1:10:34.18,4210.62,4234.18,Candace Crawford,"School Board Member; presiding member, Finance Subcommittee","I think if we would go to the three school model, parents are going to want to know seventh and eighth grade.  Interactions with the high schools and how do you, how do you separate the seventh and eighth grade in the building from the rest of that? Is that possible? And how much interaction? Do you have with the older kids?",Speaker 1,https://reflect-claremont.cablecast.tv/internetchannel/show/17029?site=1&seekto=4210
1:10:34.38,1:10:35.86,4234.38,4235.86,Candace Crawford,"School Board Member; presiding member, Finance Subcommittee",That's going to be a question.,Speaker 1,https://reflect-claremont.cablecast.tv/internetchannel/show/17029?site=1&seekto=4234
1:10:35.93,1:10:53.90,4235.93,4253.90,Kerry Kennedy,"Interim Superintendent, SAU 6","I will say we met on Monday with the superintendents Council  and we discussed a few things. We talked briefly about the fact that there would be, you know, a couple of model, you know, models coming forward.  And they did ask that. They did ask,  they wanted to have like a discussion we had potentially put out there.",Speaker 5,https://reflect-claremont.cablecast.tv/internetchannel/show/17029?site=1&seekto=4235
1:10:53.90,1:11:10.50,4253.90,4270.50,Kerry Kennedy,"Interim Superintendent, SAU 6","They had said asked about the  December 18th after the board meeting, I said, well, we need to wait to see what's presented to the board.  But then there may be a conflict. So we're trying to figure out. But they did look at, you know, a school forum, you know, open public more than just during the board meeting of just like, hey, what are the pros?",Speaker 5,https://reflect-claremont.cablecast.tv/internetchannel/show/17029?site=1&seekto=4253
1:11:10.54,1:11:10.74,4270.54,4270.74,Kerry Kennedy,"Interim Superintendent, SAU 6",What are.,Speaker 5,https://reflect-claremont.cablecast.tv/internetchannel/show/17029?site=1&seekto=4270
1:11:10.74,1:11:11.22,4270.74,4271.22,Kerry Kennedy,"Interim Superintendent, SAU 6 (sentence continuation)",The things?,Speaker 6,https://reflect-claremont.cablecast.tv/internetchannel/show/17029?site=1&seekto=4270
1:11:11.26,1:11:11.50,4271.26,4271.50,Candace Crawford,"School Board Member; presiding member, Finance Subcommittee",Yeah.,Speaker 1,https://reflect-claremont.cablecast.tv/internetchannel/show/17029?site=1&seekto=4271
1:11:11.58,1:11:12.14,4271.58,4272.14,Kerry Kennedy,"Interim Superintendent, SAU 6",We could.,Speaker 5,https://reflect-claremont.cablecast.tv/internetchannel/show/17029?site=1&seekto=4271
1:11:12.22,1:11:12.98,4272.22,4272.98,Candace Crawford,"School Board Member; presiding member, Finance Subcommittee",We can look at that.,Speaker 1,https://reflect-claremont.cablecast.tv/internetchannel/show/17029?site=1&seekto=4272
1:11:12.98,1:11:18.18,4272.98,4278.18,Heather Whitney,School Board Chair; Finance Subcommittee member (uncertain — identified as the 'Heather' the presiding member named as her co-presenter; one of only two committee members present),Because we're going to be asking questions. We won't have any. Right. We actually won't be able to provide any more information to the public.,Speaker 2,https://reflect-claremont.cablecast.tv/internetchannel/show/17029?site=1&seekto=4272
1:11:18.26,1:11:21.66,4278.26,4281.66,Kerry Kennedy,"Interim Superintendent, SAU 6","And that's what people thought. Well, maybe after the.",Speaker 5,https://reflect-claremont.cablecast.tv/internetchannel/show/17029?site=1&seekto=4278
1:11:21.74,1:11:25.14,4281.74,4285.14,Candace Crawford,"School Board Member; presiding member, Finance Subcommittee",December 17th will be gathering for the full board.,Speaker 1,https://reflect-claremont.cablecast.tv/internetchannel/show/17029?site=1&seekto=4281
1:11:26.58,1:11:37.02,4286.58,4297.02,Heather Whitney,School Board Chair; Finance Subcommittee member (uncertain — identified as the 'Heather' the presiding member named as her co-presenter; one of only two committee members present),"So it doesn't come from the board. Would you be,  I don't know what your bandwidth is but touching base with other schools in the, in the state that actually have that model.",Speaker 2,https://reflect-claremont.cablecast.tv/internetchannel/show/17029?site=1&seekto=4286
1:11:37.06,1:11:37.66,4297.06,4297.66,Kerry Kennedy,"Interim Superintendent, SAU 6",We've been looking at.,Speaker 5,https://reflect-claremont.cablecast.tv/internetchannel/show/17029?site=1&seekto=4297
1:11:37.70,1:11:38.90,4297.70,4298.90,Candace Crawford,"School Board Member; presiding member, Finance Subcommittee",That Newport does.,Speaker 1,https://reflect-claremont.cablecast.tv/internetchannel/show/17029?site=1&seekto=4297
1:11:38.94,1:11:39.94,4298.94,4299.94,Kerry Kennedy,"Interim Superintendent, SAU 6",Right.  Yes.,Speaker 5,https://reflect-claremont.cablecast.tv/internetchannel/show/17029?site=1&seekto=4298
1:11:39.98,1:11:46.14,4299.98,4306.14,Heather Whitney,School Board Chair; Finance Subcommittee member (uncertain — identified as the 'Heather' the presiding member named as her co-presenter; one of only two committee members present),Right. But you know the the there is an argument that Newport is able to segregate in a different way than we would be able to segregate.,Speaker 2,https://reflect-claremont.cablecast.tv/internetchannel/show/17029?site=1&seekto=4299
1:11:46.22,1:11:46.63,4306.22,4306.63,Kerry Kennedy,"Interim Superintendent, SAU 6",Classrooms.,Speaker 5,https://reflect-claremont.cablecast.tv/internetchannel/show/17029?site=1&seekto=4306
1:11:46.67,1:11:56.20,4306.67,4316.20,Heather Whitney,School Board Chair; Finance Subcommittee member (uncertain — identified as the 'Heather' the presiding member named as her co-presenter; one of only two committee members present),"But what is the impact been on discipline or, you know, have there been issues or is this a fear based kind of response that wasn't.",Speaker 2,https://reflect-claremont.cablecast.tv/internetchannel/show/17029?site=1&seekto=4306
1:11:56.38,1:11:57.26,4316.38,4317.26,Heather Whitney,School Board Chair; Finance Subcommittee member (sentence continuation; identification uncertain — see Speaker 2),A known.,Speaker 1,https://reflect-claremont.cablecast.tv/internetchannel/show/17029?site=1&seekto=4316
1:11:57.34,1:12:01.34,4317.34,4321.34,Heather Whitney,School Board Chair; Finance Subcommittee member (uncertain — identified as the 'Heather' the presiding member named as her co-presenter; one of only two committee members present),"An unknown, fear based response that isn't grounded in, you know.",Speaker 2,https://reflect-claremont.cablecast.tv/internetchannel/show/17029?site=1&seekto=4317
1:12:01.42,1:12:01.82,4321.42,4321.82,Kerry Kennedy,"Interim Superintendent, SAU 6",Sure.,Speaker 5,https://reflect-claremont.cablecast.tv/internetchannel/show/17029?site=1&seekto=4321
1:12:01.90,1:12:02.74,4321.90,4322.74,Kerry Kennedy,"Interim Superintendent, SAU 6 (sentence continuation)",I can reach.,Speaker 2,https://reflect-claremont.cablecast.tv/internetchannel/show/17029?site=1&seekto=4321
1:12:02.82,1:12:05.58,4322.82,4325.58,Kerry Kennedy,"Interim Superintendent, SAU 6",Superintendent Ransdell and Newport specifically and.,Speaker 5,https://reflect-claremont.cablecast.tv/internetchannel/show/17029?site=1&seekto=4322
1:12:05.90,1:12:07.22,4325.90,4327.22,Kerry Kennedy,"Interim Superintendent, SAU 6",But and see and and we.,Speaker 5,https://reflect-claremont.cablecast.tv/internetchannel/show/17029?site=1&seekto=4325
1:12:07.22,1:12:07.86,4327.22,4327.86,Kerry Kennedy,"Interim Superintendent, SAU 6 (sentence continuation)",Know because.,Speaker 6,https://reflect-claremont.cablecast.tv/internetchannel/show/17029?site=1&seekto=4327
1:12:07.86,1:12:08.14,4327.86,4328.14,Kerry Kennedy,"Interim Superintendent, SAU 6",I think.,Speaker 5,https://reflect-claremont.cablecast.tv/internetchannel/show/17029?site=1&seekto=4327
1:12:08.30,1:12:23.26,4328.30,4343.26,Heather Whitney,School Board Chair; Finance Subcommittee member (uncertain — identified as the 'Heather' the presiding member named as her co-presenter; one of only two committee members present),"That is going to be they're able to really segregate in a way. You know, I've done when we were looking at that model, I did a lot of reading.  But nobody cares what I, what you know, what what studies I have. I want to hear what happens down the road. Like, you know, I think.",Speaker 2,https://reflect-claremont.cablecast.tv/internetchannel/show/17029?site=1&seekto=4328
1:12:23.30,1:12:23.74,4343.30,4343.74,Candace Crawford,"School Board Member; presiding member, Finance Subcommittee (sentence continuation)",It's.,Speaker 6,https://reflect-claremont.cablecast.tv/internetchannel/show/17029?site=1&seekto=4343
1:12:23.74,1:12:36.86,4343.74,4356.86,Candace Crawford,"School Board Member; presiding member, Finance Subcommittee",Very important. I know your experience  of six years ago impacted you in. And you learned a lot of. Correct. This is a difference. We need to move forward.,Speaker 1,https://reflect-claremont.cablecast.tv/internetchannel/show/17029?site=1&seekto=4343
1:12:36.90,1:12:55.14,4356.90,4375.14,Heather Whitney,School Board Chair; Finance Subcommittee member (uncertain — identified as the 'Heather' the presiding member named as her co-presenter; one of only two committee members present),"No, no, but I'm saying I'm exactly the same question. What I'm saying what I'm saying is that to me, having that information and communicating it to the public was worthless, right? It didn't it didn't stick with people because it wasn't real life. Hey, in New Hampshire, they do it. This has been their experience in Vermont. They've been in this school.",Speaker 2,https://reflect-claremont.cablecast.tv/internetchannel/show/17029?site=1&seekto=4356
1:12:55.14,1:13:05.30,4375.14,4385.30,Heather Whitney,School Board Chair; Finance Subcommittee member (uncertain — identified as the 'Heather' the presiding member named as her co-presenter; one of only two committee members present),"This is their experience. They don't care what happens in Arkansas that I read about. They want to know what happens down the road, which is like, feels like this is real for us.",Speaker 2,https://reflect-claremont.cablecast.tv/internetchannel/show/17029?site=1&seekto=4375
1:13:05.34,1:13:06.26,4385.34,4386.26,Candace Crawford,"School Board Member; presiding member, Finance Subcommittee",It's pertinent.,Speaker 1,https://reflect-claremont.cablecast.tv/internetchannel/show/17029?site=1&seekto=4385
1:13:06.26,1:13:16.58,4386.26,4396.58,Heather Whitney,School Board Chair; Finance Subcommittee member (uncertain — identified as the 'Heather' the presiding member named as her co-presenter; one of only two committee members present),"To us. Yeah, it's real for us. It's not hypothetical. A lot of people are resistant to or not resistant, but distrustful of that hypothetical or that happen in Arkansas.",Speaker 2,https://reflect-claremont.cablecast.tv/internetchannel/show/17029?site=1&seekto=4386
1:13:16.66,1:13:20.14,4396.66,4400.14,Kerry Kennedy,"Interim Superintendent, SAU 6",Kind of and this is specifically the junior senior high school model. Correct.,Speaker 5,https://reflect-claremont.cablecast.tv/internetchannel/show/17029?site=1&seekto=4396
1:13:20.18,1:13:43.02,4400.18,4423.02,Heather Whitney,School Board Chair; Finance Subcommittee member (uncertain — identified as the 'Heather' the presiding member named as her co-presenter; one of only two committee members present),"Okay. And no, there was also questions about the benefits. So there was a lot of saying, well, prove to me that aligning the classes is beneficial. Give me the data. Show me the report that says. And when I looked there was there was some pros and some cons. And genuinely, if you look hard enough anywhere, you can find the pros and cons.",Speaker 2,https://reflect-claremont.cablecast.tv/internetchannel/show/17029?site=1&seekto=4400
1:13:43.02,1:13:54.14,4423.02,4434.14,Heather Whitney,School Board Chair; Finance Subcommittee member (uncertain — identified as the 'Heather' the presiding member named as her co-presenter; one of only two committee members present),"But again, I would like to hear from local districts you I think your experience is critical because you're somebody who lived it. You have done this,  targeted.",Speaker 2,https://reflect-claremont.cablecast.tv/internetchannel/show/17029?site=1&seekto=4423
1:13:54.18,1:13:55.34,4434.18,4435.34,Matt Angell,"Interim Business Administrator, SAU 6",Different than what you are.,Speaker 3,https://reflect-claremont.cablecast.tv/internetchannel/show/17029?site=1&seekto=4434
1:13:55.50,1:13:55.78,4435.50,4435.78,Unidentified,Diarizer artifact cluster — sub-second crosstalk/onset-clip fragments shed by the four participants; not a distinct person,No.,Speaker 6,https://reflect-claremont.cablecast.tv/internetchannel/show/17029?site=1&seekto=4435
1:13:55.78,1:13:58.03,4435.78,4438.03,Heather Whitney,School Board Chair; Finance Subcommittee member (uncertain — identified as the 'Heather' the presiding member named as her co-presenter; one of only two committee members present),"But I mean, I like the idea of the internationalists.",Speaker 2,https://reflect-claremont.cablecast.tv/internetchannel/show/17029?site=1&seekto=4435
1:13:58.10,1:13:58.82,4438.10,4438.82,Heather Whitney,School Board Chair; Finance Subcommittee member (sentence continuation; identification uncertain — see Speaker 2),And.,Speaker 6,https://reflect-claremont.cablecast.tv/internetchannel/show/17029?site=1&seekto=4438
1:13:58.90,1:14:01.14,4438.90,4441.14,Heather Whitney,School Board Chair; Finance Subcommittee member (uncertain — identified as the 'Heather' the presiding member named as her co-presenter; one of only two committee members present),The value of compressing staff.,Speaker 2,https://reflect-claremont.cablecast.tv/internetchannel/show/17029?site=1&seekto=4438
1:14:01.18,1:14:01.42,4441.18,4441.42,Unidentified,Diarizer artifact cluster — sub-second crosstalk/onset-clip fragments shed by the four participants; not a distinct person,Right.,Speaker 6,https://reflect-claremont.cablecast.tv/internetchannel/show/17029?site=1&seekto=4441
1:14:01.50,1:14:09.86,4441.50,4449.86,Heather Whitney,School Board Chair; Finance Subcommittee member (uncertain — identified as the 'Heather' the presiding member named as her co-presenter; one of only two committee members present),And the impact of compressing staff and utilizing our resources. But what I'm asking Carrie and you guys to kind of consider as we're moving.,Speaker 2,https://reflect-claremont.cablecast.tv/internetchannel/show/17029?site=1&seekto=4441
1:14:09.86,1:14:11.34,4449.86,4451.34,Kerry Kennedy,"Interim Superintendent, SAU 6","Forward, two different things.",Speaker 5,https://reflect-claremont.cablecast.tv/internetchannel/show/17029?site=1&seekto=4449
1:14:11.38,1:14:11.78,4451.38,4451.78,Unidentified,Diarizer artifact cluster — sub-second crosstalk/onset-clip fragments shed by the four participants; not a distinct person,Sure.,Speaker 6,https://reflect-claremont.cablecast.tv/internetchannel/show/17029?site=1&seekto=4451
1:14:12.02,1:14:15.06,4452.02,4455.06,Heather Whitney,School Board Chair; Finance Subcommittee member (uncertain — identified as the 'Heather' the presiding member named as her co-presenter; one of only two committee members present),"But I'm sure they're going to like, talk. And so,",Speaker 2,https://reflect-claremont.cablecast.tv/internetchannel/show/17029?site=1&seekto=4452
1:14:15.14,1:14:15.94,4455.14,4455.94,Unidentified,Diarizer artifact cluster — sub-second crosstalk/onset-clip fragments shed by the four participants; not a distinct person,You can do.,Speaker 6,https://reflect-claremont.cablecast.tv/internetchannel/show/17029?site=1&seekto=4455
1:14:16.02,1:14:24.86,4456.02,4464.86,Matt Angell,"Interim Business Administrator, SAU 6",To the public that academic impact. My last school district last year got 90% tile for math for their fourth grade.,Speaker 3,https://reflect-claremont.cablecast.tv/internetchannel/show/17029?site=1&seekto=4456
1:14:24.94,1:14:27.78,4464.94,4467.78,Heather Whitney,School Board Chair; Finance Subcommittee member (uncertain — identified as the 'Heather' the presiding member named as her co-presenter; one of only two committee members present),And where was it before you did the.,Speaker 2,https://reflect-claremont.cablecast.tv/internetchannel/show/17029?site=1&seekto=4464
1:14:27.82,1:14:28.70,4467.82,4468.70,Heather Whitney,School Board Chair; Finance Subcommittee member (sentence continuation; identification uncertain — see Speaker 2),Scam board?,Speaker 6,https://reflect-claremont.cablecast.tv/internetchannel/show/17029?site=1&seekto=4467
1:14:28.78,1:14:30.46,4468.78,4470.46,Kerry Kennedy,"Interim Superintendent, SAU 6","No, but in terms of 25%.",Speaker 5,https://reflect-claremont.cablecast.tv/internetchannel/show/17029?site=1&seekto=4468
1:14:30.62,1:14:32.02,4470.62,4472.02,Unidentified,Diarizer artifact cluster — sub-second crosstalk/onset-clip fragments shed by the four participants; not a distinct person,"It wasn't. Oh, it was.",Speaker 6,https://reflect-claremont.cablecast.tv/internetchannel/show/17029?site=1&seekto=4470
1:14:32.10,1:14:32.94,4472.10,4472.94,Matt Angell,"Interim Business Administrator, SAU 6",It was like 40.,Speaker 3,https://reflect-claremont.cablecast.tv/internetchannel/show/17029?site=1&seekto=4472
1:14:32.98,1:14:34.54,4472.98,4474.54,Matt Angell,"Interim Business Administrator, SAU 6 (sentence continuation)",4%.,Speaker 6,https://reflect-claremont.cablecast.tv/internetchannel/show/17029?site=1&seekto=4472
1:14:34.62,1:14:39.30,4474.62,4479.30,Matt Angell,"Interim Business Administrator, SAU 6",Yeah. Which is still a little better than here. But it was they moved it.,Speaker 3,https://reflect-claremont.cablecast.tv/internetchannel/show/17029?site=1&seekto=4474
1:14:39.34,1:14:40.90,4479.34,4480.90,Heather Whitney,School Board Chair; Finance Subcommittee member (uncertain — identified as the 'Heather' the presiding member named as her co-presenter; one of only two committee members present),Right. And it's not about.,Speaker 2,https://reflect-claremont.cablecast.tv/internetchannel/show/17029?site=1&seekto=4479
1:14:40.98,1:14:42.50,4480.98,4482.50,Candace Crawford,"School Board Member; presiding member, Finance Subcommittee","Well, that's a significant difference.",Speaker 1,https://reflect-claremont.cablecast.tv/internetchannel/show/17029?site=1&seekto=4480
1:14:42.66,1:14:42.94,4482.66,4482.94,Unidentified,Diarizer artifact cluster — sub-second crosstalk/onset-clip fragments shed by the four participants; not a distinct person,It was.,Speaker 6,https://reflect-claremont.cablecast.tv/internetchannel/show/17029?site=1&seekto=4482
1:14:42.98,1:14:44.18,4482.98,4484.18,Heather Whitney,School Board Chair; Finance Subcommittee member (uncertain — identified as the 'Heather' the presiding member named as her co-presenter; one of only two committee members present),A blended community.,Speaker 2,https://reflect-claremont.cablecast.tv/internetchannel/show/17029?site=1&seekto=4482
1:14:44.18,1:14:46.38,4484.18,4486.38,Unidentified,Diarizer artifact cluster — sub-second crosstalk/onset-clip fragments shed by the four participants; not a distinct person,Or it's.,Speaker 6,https://reflect-claremont.cablecast.tv/internetchannel/show/17029?site=1&seekto=4484
1:14:46.46,1:14:49.66,4486.46,4489.66,Matt Angell,"Interim Business Administrator, SAU 6",The mentality is is. Similar this similar.,Speaker 3,https://reflect-claremont.cablecast.tv/internetchannel/show/17029?site=1&seekto=4486
1:14:50.26,1:14:53.90,4490.26,4493.90,Matt Angell,"Interim Business Administrator, SAU 6",Yeah.,Speaker 3,https://reflect-claremont.cablecast.tv/internetchannel/show/17029?site=1&seekto=4490
1:14:53.98,1:14:55.98,4493.98,4495.98,Unidentified,Diarizer artifact cluster — sub-second crosstalk/onset-clip fragments shed by the four participants; not a distinct person,Yeah.,Speaker 6,https://reflect-claremont.cablecast.tv/internetchannel/show/17029?site=1&seekto=4493
1:14:56.06,1:15:05.78,4496.06,4505.78,Candace Crawford,"School Board Member; presiding member, Finance Subcommittee",Okay. Okay. All right. Anything else that we need to bring forth. All right. We'll join the meeting.,Speaker 1,https://reflect-claremont.cablecast.tv/internetchannel/show/17029?site=1&seekto=4496
1:15:05.86,1:15:07.86,4505.86,4507.86,Kerry Kennedy,"Interim Superintendent, SAU 6",So a.,Speaker 5,https://reflect-claremont.cablecast.tv/internetchannel/show/17029?site=1&seekto=4505
1:15:07.94,1:15:08.54,4507.94,4508.54,Heather Whitney,School Board Chair; Finance Subcommittee member (uncertain — identified as the 'Heather' the presiding member named as her co-presenter; one of only two committee members present),930.,Speaker 2,https://reflect-claremont.cablecast.tv/internetchannel/show/17029?site=1&seekto=4507
1:15:08.58,1:15:09.62,4508.58,4509.62,Kerry Kennedy,"Interim Superintendent, SAU 6",930.,Speaker 5,https://reflect-claremont.cablecast.tv/internetchannel/show/17029?site=1&seekto=4508
1:15:09.70,1:15:11.78,4509.70,4511.78,Candace Crawford,"School Board Member; presiding member, Finance Subcommittee",Yep. We adjourn at 1050.,Speaker 1,https://reflect-claremont.cablecast.tv/internetchannel/show/17029?site=1&seekto=4509
