Start,End,Start (sec),End (sec),Speaker,Role,Dialogue,Diarized As,Video URL
0:00:00.46,0:00:25.90,0.46,25.90,Heather Whitney,School Board Chair,"That's what I do. Yes. I would like to call to order the January 7th, 2026  Claremont School Board meeting. We're going to have a public hearing prior to  starting the official school board meeting. We're going to start this evening with our roll call and Pledge of Allegiance.",Speaker 1,https://reflect-claremont.cablecast.tv/internetchannel/show/17092?site=1&seekto=0
0:00:25.98,0:00:44.76,25.98,44.76,Heather Whitney,School Board Chair (leads Pledge of Allegiance; group recitation captured as one voice),"To reflect the United States of America and to the Republic for which it stands, one nation under God, indivisible, with liberty and justice for all.",Speaker 1,https://reflect-claremont.cablecast.tv/internetchannel/show/17092?site=1&seekto=25
0:00:44.84,0:01:15.32,44.84,75.32,Heather Whitney,School Board Chair,"Would you please call roll call so we can move immediately into the board meeting after the public hearing? Yes. Yes. Here, here. Yeah. Here. Here. Here. The purpose of this public meeting is to accept donations. And  for a very large and generous donations for our band and other music programs. And this Kennedy will give a brief description of what those donations are.",Speaker 1,https://reflect-claremont.cablecast.tv/internetchannel/show/17092?site=1&seekto=44
0:01:15.32,0:01:24.44,75.32,84.44,Heather Whitney,School Board Chair,"And so someone from the board can, when the time comes, make a motion to accept. Okay. So I just want to do a quick overview and thank you, everybody. We have a generous offer that we're.",Speaker 1,https://reflect-claremont.cablecast.tv/internetchannel/show/17092?site=1&seekto=75
0:01:24.44,0:01:44.88,84.44,104.88,Kerry Kennedy,"Interim Superintendent, SAU 6","Hoping to engage into a grant application, which is the purpose of this  because we had to help some stipends. And then we had lost a band member, teacher or a teacher at the middle school. The students at the middle school have not had band or chorus or  music music instruction since October 31st.  And so we've been looking we have a substitute in that position and we've been looking.",Speaker 2,https://reflect-claremont.cablecast.tv/internetchannel/show/17092?site=1&seekto=84
0:01:44.88,0:02:07.28,104.88,127.28,Kerry Kennedy,"Interim Superintendent, SAU 6","And so we worked with W.C.,  CMA, and then Richmond and several other people have been able to help fill  to get some approval. So George Ward,  Lori Ward, Michelle Beat and Rob Beaton has been instrumental in trying to find alternative sources.  And so we looked at variety of places. Kiwanis and other places have given some donations to WCC with that.",Speaker 2,https://reflect-claremont.cablecast.tv/internetchannel/show/17092?site=1&seekto=104
0:02:07.28,0:02:39.68,127.28,159.68,Kerry Kennedy,"Interim Superintendent, SAU 6","But instead,  in addition to that, the mayhem for Charitable Foundation has been guaranteed  an opportunity for us to apply for a grant.  So I'm looking for a motion that  authorize  the six  administration statement staff to apply for this grant. And let me just get the wording in for a minute. Second, I apologize.  To if we were apply for this grant and if granted, to accept the needed funds that would provide for band and chorus instruction to CMS students to cover the cost of the instruction, this amount is not to exceed the $49,775 that was outlined.",Speaker 2,https://reflect-claremont.cablecast.tv/internetchannel/show/17092?site=1&seekto=127
0:02:39.76,0:02:56.92,159.76,176.92,Kerry Kennedy,"Interim Superintendent, SAU 6","So all the board members had the breakdown of what it costs for each section of the band and the chorus.  And this is totally no cost to anybody in Claremont. And this was a donation,  that would be coming through. So if we apply for it, they were pretty confident that we'd be able to get it. If we get it, we want to be able to apply it right away.",Speaker 2,https://reflect-claremont.cablecast.tv/internetchannel/show/17092?site=1&seekto=159
0:02:56.96,0:03:11.28,176.96,191.28,Kerry Kennedy,"Interim Superintendent, SAU 6","And so we're looking to see if anybody would make a motion that we could accept that. And if you have more questions, obviously.  To  get into the details, I know Mr. Ward and all the people who are here, if anybody else had anything to add to it. So moved?",Speaker 2,https://reflect-claremont.cablecast.tv/internetchannel/show/17092?site=1&seekto=176
0:03:11.36,0:03:16.20,191.36,196.20,Kerry Kennedy,"Interim Superintendent, SAU 6",Yes. So moved. Okay. Sorry. I thought you said something else. Yes. Okay.,Speaker 2,https://reflect-claremont.cablecast.tv/internetchannel/show/17092?site=1&seekto=191
0:03:16.28,0:03:36.16,196.28,216.16,Heather Whitney,School Board Chair,"Maybe a second. Yes, in a second. Candy. Proctor seconds. Miss Hawkins moves, and we're going to open  the podium up for public comment related to specifically the item that  Miss Kennedy spoke about the acceptance of this donation via a grant after publication.",Speaker 1,https://reflect-claremont.cablecast.tv/internetchannel/show/17092?site=1&seekto=196
0:03:36.32,0:03:38.28,216.32,218.28,Kerry Kennedy,"Interim Superintendent, SAU 6",I'm sorry I said it's an answer. Charitable foundation.,Speaker 2,https://reflect-claremont.cablecast.tv/internetchannel/show/17092?site=1&seekto=216
0:03:38.48,0:04:03.80,218.48,243.80,Heather Whitney,School Board Chair,"Hampshire charitable. New Hampshire charitable foundation. Public comments made at this period of time will not alter the amount of time that public comments will be allotted during the regular school board meeting will be completely separated.  If you would like to approach the podium, state your name and ward and direct your comments to myself. You can speak for three minutes and citizens will be recognized for a second turn at the podium.",Speaker 1,https://reflect-claremont.cablecast.tv/internetchannel/show/17092?site=1&seekto=218
0:04:03.80,0:04:16.24,243.80,256.24,Heather Whitney,School Board Chair,"After all, citizens have had an opportunity to speak if they would like to do so. Is there anyone who would like to speak on behalf?",Speaker 1,https://reflect-claremont.cablecast.tv/internetchannel/show/17092?site=1&seekto=243
0:04:16.32,0:04:39.60,256.32,279.60,Michael Myers,"Citizen commenter, Ward 3 (self-identified; small cluster that also caught crosstalk)","Michael Ward three. Mike, is that close enough? Yeah, okay. It's a mile away. Just a question.  Is that funding, if it's accepted that going to provide  the necessary instructional funding for just this year? And if that's true, then what is the plan for funding this in future years? Thank you.",Speaker 3,https://reflect-claremont.cablecast.tv/internetchannel/show/17092?site=1&seekto=256
0:04:39.68,0:04:59.12,279.68,299.12,Kerry Kennedy,"Interim Superintendent, SAU 6","Yes. So it would be for the rest of this year. And  it'll be go rated for the, you know, the rest of the year. So once we get it started going because we apply for it, we have a meeting on January 22nd. So hopefully we'll get everything approved. And Taylor Trudeau, who's the high school music teacher, has been instrumental in making sure that we are collecting a program that would be seamless from the middle schools in high school.",Speaker 2,https://reflect-claremont.cablecast.tv/internetchannel/show/17092?site=1&seekto=279
0:04:59.20,0:05:13.72,299.20,313.72,Kerry Kennedy,"Interim Superintendent, SAU 6","And then we are actually we're going to discuss tonight, hopefully a ratification of a music teacher at the middle school as well.  And so this would be just for band, of course, this year. And Mr. Angel, if there's anything else you wanted to add, we do have some money and decide for next year or two. And the models.",Speaker 2,https://reflect-claremont.cablecast.tv/internetchannel/show/17092?site=1&seekto=299
0:05:13.76,0:05:19.84,313.76,319.84,Michael Myers,"Citizen commenter, Ward 3 (self-identified; small cluster that also caught crosstalk)",That the programs are funded or will be funded if any one of these models is selected tonight.,Speaker 3,https://reflect-claremont.cablecast.tv/internetchannel/show/17092?site=1&seekto=313
0:05:19.92,0:05:24.80,319.92,324.80,Kerry Kennedy,"Interim Superintendent, SAU 6",So we have a plan. So we'll have active Ben the music and chorus and everything next year as well.,Speaker 2,https://reflect-claremont.cablecast.tv/internetchannel/show/17092?site=1&seekto=319
0:05:24.88,0:05:45.80,324.88,345.80,Noah Bosch,"Citizen commenter, Ward 3; Stevens High School senior (self-identified; seg 19 opens with the Chair's absorbed 'Okay.')","Okay.  Hi everyone. I'm Noah Bosch and I live in Ward three and I'm a senior at us. I just wanted to come up here and talk about  the benefits of music programs in schools. I personally have been involved in a music program at school in some form since I was in sixth grade, and I honestly could not imagine a life without that.",Speaker 1,https://reflect-claremont.cablecast.tv/internetchannel/show/17092?site=1&seekto=324
0:05:45.88,0:06:20.68,345.88,380.68,Noah Bosch,"Citizen commenter, Ward 3; Stevens High School senior (self-identified; seg 19 opens with the Chair's absorbed 'Okay.')","So being involved in these programs, I have learned not only how to play music, but also what it's like being involved in a community bigger than myself. And, there are also countless impacts of music on, like students. And a primary example of this is my younger brother, who is a current student at CMS. He's in eighth grade, and this band and music are a positive outlet for him to be able to express his emotions and connect with his peers in a way that he doesn't really get elsewhere.",Speaker 1,https://reflect-claremont.cablecast.tv/internetchannel/show/17092?site=1&seekto=345
0:06:20.76,0:06:50.08,380.76,410.08,Noah Bosch,"Citizen commenter, Ward 3; Stevens High School senior (self-identified; seg 19 opens with the Chair's absorbed 'Okay.')","This is also exemplified in the show's music program, which will not be the same if CMS is unable to continue a music program. It's really hard to create a community if you're building it from the ground up. So, yeah, I'm just asking everyone to consider that. And I also just had a question and that is does this cover so the operating costs of a music department are usually more than just like the salary of like paying a music teacher.",Speaker 1,https://reflect-claremont.cablecast.tv/internetchannel/show/17092?site=1&seekto=380
0:06:50.12,0:07:01.40,410.12,421.40,Noah Bosch,"Citizen commenter, Ward 3; Stevens High School senior (self-identified; seg 19 opens with the Chair's absorbed 'Okay.')","So obviously this is a very large and generous donation. But I'm just wondering, like, is this just the salary of hiring somebody to teach music, or does it include other things like instrument repairs and things like that?",Speaker 1,https://reflect-claremont.cablecast.tv/internetchannel/show/17092?site=1&seekto=410
0:07:01.44,0:07:21.04,421.44,441.04,Kerry Kennedy,"Interim Superintendent, SAU 6","That's a good question. It does have instrument repairs. It has a variety of  other specifics, and it breaks down into,  you know, whether there's performance  support for students, for concerts. It has,  and I apologize, we have we had a situation here before. There was a gas leak smell. So we were running out trying to fix that for a minute, so I apologize.",Speaker 2,https://reflect-claremont.cablecast.tv/internetchannel/show/17092?site=1&seekto=421
0:07:21.12,0:07:37.12,441.12,457.12,Kerry Kennedy,"Interim Superintendent, SAU 6","So it has jazz band, chorus, choir equipment,  program management of piano companies for, you know, if you have a concert, things like that. So it has right of  supplies. So all of those are factored into it outside of the  hopefully we're going to talk about our advocation for a teacher that will be doing the instruction during the day.",Speaker 2,https://reflect-claremont.cablecast.tv/internetchannel/show/17092?site=1&seekto=441
0:07:37.12,0:07:47.84,457.12,467.84,Kerry Kennedy,"Interim Superintendent, SAU 6","And so this will be the supplemental part of it that typically would be outside of the  school day structure or after school, and things for banded chorus and things. So we do have that covered in there. Okay.",Speaker 2,https://reflect-claremont.cablecast.tv/internetchannel/show/17092?site=1&seekto=457
0:07:47.88,0:08:06.20,467.88,486.20,Noah Bosch,"Citizen commenter, Ward 3; Stevens High School senior (self-identified; seg 19 opens with the Chair's absorbed 'Okay.')","Perfect.  The last thing I want to say is that oftentimes the art our arts are chronically underfunded, as important as that is, and they are definitely one of the things that are the soul of our community. And,  I just really wanted to bring attention to how important this is. So thank you all for your time.",Speaker 1,https://reflect-claremont.cablecast.tv/internetchannel/show/17092?site=1&seekto=467
0:08:06.40,0:08:10.20,486.40,490.20,Kerry Kennedy,"Interim Superintendent, SAU 6",Thank you. Thank you.,Speaker 2,https://reflect-claremont.cablecast.tv/internetchannel/show/17092?site=1&seekto=486
0:08:10.28,0:08:40.20,490.28,520.20,Sherry Williams,"Citizen commenter, Chestnut Street (self-identified)","Sherry Williams  Ward, Chestnut Street.  I  just want to take the opportunity, especially because it is related to our music program. Miss Trudeau,  in conjunction with Miss Gessner, who is also part with the theater program, has done an absolutely phenomenal job with expanding the music program. I think they do a phenomenal job of representing Claremont  at our sporting events.",Speaker 1,https://reflect-claremont.cablecast.tv/internetchannel/show/17092?site=1&seekto=490
0:08:40.33,0:09:04.48,520.33,544.48,Sherry Williams,"Citizen commenter, Chestnut Street (self-identified)","And  so any opportunity we have to support Miss Trudeau, specifically as she is continuing her efforts to expand. I just want to be clear that we should absolutely say yes to anything related to that. And then just the question would be, you have used both grant and donation in the same topic. And so I'm just unclear how a grant would be considered a donation.",Speaker 1,https://reflect-claremont.cablecast.tv/internetchannel/show/17092?site=1&seekto=520
0:09:04.48,0:09:26.52,544.48,566.52,Kerry Kennedy,"Interim Superintendent, SAU 6","But thank you. So sure, I can clarify that a little. Hopefully too. So this would be a great reply, for we had had some donations and then gone specifically to WCC,  and that's sort of sitting as a  reserve for other things that are happening. Since that time. We would apply some fundraising. So it's not lost money, it's it's sitting to be waiting to be used because they know they stepped up the charitable foundation saying, we suspect you're going to need more.",Speaker 2,https://reflect-claremont.cablecast.tv/internetchannel/show/17092?site=1&seekto=544
0:09:26.68,0:09:41.76,566.68,581.76,Kerry Kennedy,"Interim Superintendent, SAU 6","So we're going to hold that in reserve. We're going to give you everything you asked for, potentially, hopefully, and more.  And then we can hold on to the other donations that we have.  And so we have some other supports that are coming up. So we have the southwest Band competition. So there's other things that we have planned that necessarily aren't covered on this.",Speaker 2,https://reflect-claremont.cablecast.tv/internetchannel/show/17092?site=1&seekto=566
0:09:41.76,0:09:54.40,581.76,594.40,Kerry Kennedy,"Interim Superintendent, SAU 6","And so we want to be able to make sure we can do those two.  And so we have the opportunity to apply for this grant, which I won't say it's guaranteed, but it's a very high percentage likely that we will get it. So we just want to be able to say if they get it, we can get going.",Speaker 2,https://reflect-claremont.cablecast.tv/internetchannel/show/17092?site=1&seekto=581
0:09:54.44,0:10:01.24,594.44,601.24,Kerry Kennedy,"Interim Superintendent, SAU 6",And so we can get these students the music construction that they need. So any other questions.,Speaker 2,https://reflect-claremont.cablecast.tv/internetchannel/show/17092?site=1&seekto=594
0:10:01.28,0:10:12.28,601.28,612.28,Heather Whitney,School Board Chair,Or is there anyone else that would like to speak from the community?,Speaker 1,https://reflect-claremont.cablecast.tv/internetchannel/show/17092?site=1&seekto=601
0:10:12.36,0:10:13.72,612.36,613.72,Eric Link,"Instructor, West Claremont Center for Music and the Arts (self-identified; onset clipped — 'Hello, I am Doctor Eric' continues in seg 36)","Hello, I am Doctor Eric.",Speaker 3,https://reflect-claremont.cablecast.tv/internetchannel/show/17092?site=1&seekto=612
0:10:13.72,0:10:34.80,613.72,634.80,Eric Link,"Instructor, West Claremont Center for Music and the Arts (self-identified at segs 35-36; merged into a citizen-commenter cluster)","Link and I am the individual from the West Claremont Center for music in the Arts, who is slated to take over the band program once everything is taken care of. I am primarily putting myself up here to just offer to answer whatever questions I can from the community or from the board.  While my role was primarily instructional, I have been in and present for many of the meetings.",Speaker 4,https://reflect-claremont.cablecast.tv/internetchannel/show/17092?site=1&seekto=613
0:10:34.80,0:10:50.56,634.80,650.56,Eric Link,"Instructor, West Claremont Center for Music and the Arts (self-identified at segs 35-36; merged into a citizen-commenter cluster)","I was present for the meetings with the New Hampshire Charitable Foundation, and so I've at least been listening, even if I wasn't the one directly organizing that part of things. So is there anyone with questions for me while I'm here?",Speaker 4,https://reflect-claremont.cablecast.tv/internetchannel/show/17092?site=1&seekto=634
0:10:50.64,0:10:54.00,650.64,654.00,Heather Whitney,School Board Chair,"Well, first and foremost, thank you very much for stepping up.",Speaker 1,https://reflect-claremont.cablecast.tv/internetchannel/show/17092?site=1&seekto=650
0:10:54.08,0:10:54.44,654.08,654.44,Eric Link,"Instructor, West Claremont Center for Music and the Arts (self-identified at segs 35-36; merged into a citizen-commenter cluster)",It's my.,Speaker 4,https://reflect-claremont.cablecast.tv/internetchannel/show/17092?site=1&seekto=654
0:10:54.44,0:11:06.92,654.44,666.92,Heather Whitney,School Board Chair,Pleasure filling this huge vacancy in our  in our school for the kids. I can't tell you how much we appreciate it as a board. And I know this. The students and the administration and the community appreciate it as well. Thank you.,Speaker 1,https://reflect-claremont.cablecast.tv/internetchannel/show/17092?site=1&seekto=654
0:11:07.00,0:11:44.60,667.00,704.60,Eric Link,"Instructor, West Claremont Center for Music and the Arts (self-identified at segs 35-36; merged into a citizen-commenter cluster)","It's my pleasure. And it's definitely not a one man show for me. Melissa Richmond, our executive director, put on a ton of work for arranging finances.  I'll be taking over the band program, but we have a vocal specialist who will be taking over the vocal program. We're also bringing in at the moment, individual with a doctorate in music who is probably who's going to be helping us definitely with some of our logistical work, as well as other way helping with jazz band as well, and continuing to help with supplemental activities such as after school sectionals and things like that, where we're we're in a position to offer a really robust music education at CMS,",Speaker 4,https://reflect-claremont.cablecast.tv/internetchannel/show/17092?site=1&seekto=667
0:11:44.68,0:11:49.92,704.68,709.92,Eric Link,"Instructor, West Claremont Center for Music and the Arts (self-identified at segs 35-36; merged into a citizen-commenter cluster)",and I'm just really happy to get the opportunity. And I think we all are at the WCC. Emma.,Speaker 4,https://reflect-claremont.cablecast.tv/internetchannel/show/17092?site=1&seekto=704
0:11:50.00,0:11:54.24,710.00,714.24,Heather Whitney,School Board Chair,Thank you. Thank you. It.,Speaker 1,https://reflect-claremont.cablecast.tv/internetchannel/show/17092?site=1&seekto=710
0:11:54.32,0:12:10.60,714.32,730.60,Heather Whitney,School Board Chair,"Is there anyone else that would like to speak on the topic of accepting this very generous donation? Donation via grant from the New Hampshire Charitable Foundation? Seeing none, I open the discussion up to the board. Yes. Mr.. I'm curious.",Speaker 1,https://reflect-claremont.cablecast.tv/internetchannel/show/17092?site=1&seekto=714
0:12:10.76,0:12:29.28,730.76,749.28,Unidentified board member,School Board Member (uncertain — recognized by the Chair as 'Mr.'; asks the grant supplement-vs-supplant question),"Grants that I've been involved with in  involved in have had the stipulation that they can supplement but not supplant. And so I wonder about paying for someone who's part of the budget with the grant, which would be a supplant as opposed to supplement.  It.",Speaker 4,https://reflect-claremont.cablecast.tv/internetchannel/show/17092?site=1&seekto=730
0:12:29.28,0:12:31.40,749.28,751.40,Unidentified,(uncertain — male voice answering the supplement-vs-supplant question; one sentence split alternately across two diarizer clusters),Doesn't apply in this particular. Case because.,Speaker 3,https://reflect-claremont.cablecast.tv/internetchannel/show/17092?site=1&seekto=749
0:12:31.40,0:12:32.48,751.40,752.48,Unidentified,(uncertain — male voice answering the supplement-vs-supplant question; one sentence split alternately across two diarizer clusters),That only applies really.,Speaker 4,https://reflect-claremont.cablecast.tv/internetchannel/show/17092?site=1&seekto=751
0:12:32.48,0:12:35.32,752.48,755.32,Unidentified,(uncertain — male voice answering the supplement-vs-supplant question; one sentence split alternately across two diarizer clusters),To federal funds. This is.,Speaker 3,https://reflect-claremont.cablecast.tv/internetchannel/show/17092?site=1&seekto=752
0:12:35.40,0:12:36.28,755.40,756.28,Unidentified,(uncertain — male voice answering the supplement-vs-supplant question; one sentence split alternately across two diarizer clusters),An new year for charitable.,Speaker 4,https://reflect-claremont.cablecast.tv/internetchannel/show/17092?site=1&seekto=755
0:12:36.28,0:12:38.36,756.28,758.36,Unidentified,(uncertain — male voice answering the supplement-vs-supplant question; one sentence split alternately across two diarizer clusters),"Foundation is a big, huge nonprofit.",Speaker 3,https://reflect-claremont.cablecast.tv/internetchannel/show/17092?site=1&seekto=756
0:12:38.52,0:12:56.64,758.52,776.64,Unidentified,(mixed — end of that answer plus the board member's reply; two voices inside one segment),"That,  that people can donate money to and have  spread out, you know, throughout the state using their wishes. Well, I've run I personally ran into that issue with state funds. Yes, but  this is not that good that I just don't want to.",Speaker 4,https://reflect-claremont.cablecast.tv/internetchannel/show/17092?site=1&seekto=758
0:12:56.72,0:12:58.24,776.72,778.24,Heather Whitney,School Board Chair,Appreciate that.,Speaker 1,https://reflect-claremont.cablecast.tv/internetchannel/show/17092?site=1&seekto=776
0:12:58.32,0:13:00.72,778.32,780.72,Unidentified,(uncertain — brief acknowledgement in crosstalk),Great point. Sure.,Speaker 4,https://reflect-claremont.cablecast.tv/internetchannel/show/17092?site=1&seekto=778
0:13:00.80,0:13:03.92,780.80,783.92,Heather Whitney,School Board Chair,Is there anyone else from the board who would like to? Yes. Miss Crawford.,Speaker 1,https://reflect-claremont.cablecast.tv/internetchannel/show/17092?site=1&seekto=780
0:13:04.08,0:13:04.48,784.08,784.48,Candace Crawford,School Board Member; Finance Subcommittee Chair (onset clipped into the Superintendent's cluster; continues in seg 56),I'd just.,Speaker 2,https://reflect-claremont.cablecast.tv/internetchannel/show/17092?site=1&seekto=784
0:13:04.48,0:13:22.20,784.48,802.20,Candace Crawford,School Board Member; Finance Subcommittee Chair (five-segment cluster; brief crosstalk),Like to thank the folks who put so much work into making this so many. I understand it's a ton of work and it's all volunteer and they're to be applauded for. This is a huge effort. So I'd like to just thank them for that.,Speaker 5,https://reflect-claremont.cablecast.tv/internetchannel/show/17092?site=1&seekto=784
0:13:22.28,0:13:52.68,802.28,832.68,Heather Whitney,School Board Chair,"Is there any more comments or close discussion? Discussion is closed to vote on the motion. All in favor of accepting the motion as made by Miss Kennedy for accepting 49,000 $775,000 from the New Hampshire Charitable Foundation via a grant. Oh, I'm sorry, I'm sorry, Miss Hawkins. I'm sorry. It's okay. I'm all in favor. Say aye. Any opposed? Any abstentions?",Speaker 1,https://reflect-claremont.cablecast.tv/internetchannel/show/17092?site=1&seekto=802
0:13:52.68,0:14:01.00,832.68,841.00,Heather Whitney,School Board Chair,Seeing none. Motion passes and the public hearing is closed. We're now moving into the next.,Speaker 1,https://reflect-claremont.cablecast.tv/internetchannel/show/17092?site=1&seekto=832
0:14:01.08,0:14:03.92,841.08,843.92,Heather Whitney,School Board Chair (two-segment cluster of the Chair's continuations),Thank you.,Speaker 6,https://reflect-claremont.cablecast.tv/internetchannel/show/17092?site=1&seekto=841
0:14:04.00,0:14:28.04,844.00,868.04,Heather Whitney,School Board Chair,We're now moving into the regular scheduled  Claremont school board meeting. Our first order of business is approval of the items on the consent agenda. All items on the consent agenda will be accepted or approved without discussion. Unless a motion is made to move a specific item to the regular agenda. The item will be placed at the end of the agenda for that item will be placed at the end of the agenda for consideration.,Speaker 1,https://reflect-claremont.cablecast.tv/internetchannel/show/17092?site=1&seekto=844
0:14:28.12,0:14:56.32,868.12,896.32,Heather Whitney,School Board Chair,"The items on this evening's agenda include  amendments which I just spoke to. Approval of the board. Agenda. Approval of 12, 17, 20, 25 minutes and recognition that we have manifests available for the board to review and sign. And those manifests are also available for the public to view as well. Is there any? Yes. I have an amendment to the agenda to add item.",Speaker 1,https://reflect-claremont.cablecast.tv/internetchannel/show/17092?site=1&seekto=868
0:14:56.32,0:14:56.56,896.32,896.56,Arlene Hawkins,"School Board Member; Policy Subcommittee Chair (sentence continuation — her CAA agenda-amendment request; uncertain, sub-second fragment)",Number.,Speaker 2,https://reflect-claremont.cablecast.tv/internetchannel/show/17092?site=1&seekto=896
0:14:56.64,0:15:02.36,896.64,902.36,Heather Whitney,School Board Chair,Three under discussion action items. That would be the see a a.,Speaker 1,https://reflect-claremont.cablecast.tv/internetchannel/show/17092?site=1&seekto=896
0:15:02.44,0:15:02.92,902.44,902.92,Arlene Hawkins,"School Board Member; Policy Subcommittee Chair (sentence continuation — her CAA agenda-amendment request; uncertain, sub-second fragment)",Form of.,Speaker 2,https://reflect-claremont.cablecast.tv/internetchannel/show/17092?site=1&seekto=902
0:15:02.92,0:15:22.36,902.92,922.36,Heather Whitney,School Board Chair,"Administrative contract update. So Miss Hawkins requested that we add at the end of our agenda as item three, a discussion on the see a negotiating contract. Right?",Speaker 1,https://reflect-claremont.cablecast.tv/internetchannel/show/17092?site=1&seekto=902
0:15:22.44,0:15:32.20,922.44,932.20,Heather Whitney,School Board Chair,"Do I see any opposition to the addition of that item to the agenda? Seeing none, we'll add item three and Miss Kennedy.",Speaker 1,https://reflect-claremont.cablecast.tv/internetchannel/show/17092?site=1&seekto=922
0:15:32.44,0:15:55.92,932.44,955.92,Kerry Kennedy,"Interim Superintendent, SAU 6","So I do need to make an amendment to make  enter and make a motion to go into a nonpublic session to address an emergent situation. So this will be related to RSA 91, a colon, three normal numeral two, as related to litigation, something that just recently came up today.  And then RSA 91 a colon two Roman numeral I.",Speaker 2,https://reflect-claremont.cablecast.tv/internetchannel/show/17092?site=1&seekto=932
0:15:56.00,0:15:59.28,956.00,959.28,Kerry Kennedy,"Interim Superintendent, SAU 6",One is me a is related to contract negotiations.,Speaker 2,https://reflect-claremont.cablecast.tv/internetchannel/show/17092?site=1&seekto=956
0:15:59.52,0:16:06.32,959.52,966.32,Heather Whitney,School Board Chair,Or we move on to that. Is there any other item that you would like to put on the agenda you mentioned earlier?,Speaker 1,https://reflect-claremont.cablecast.tv/internetchannel/show/17092?site=1&seekto=959
0:16:06.40,0:16:07.00,966.40,967.00,Kerry Kennedy,"Interim Superintendent, SAU 6",Yes.,Speaker 2,https://reflect-claremont.cablecast.tv/internetchannel/show/17092?site=1&seekto=966
0:16:07.04,0:16:09.48,967.04,969.48,Heather Whitney,School Board Chair,Follow the flow. It's okay. You had a.,Speaker 1,https://reflect-claremont.cablecast.tv/internetchannel/show/17092?site=1&seekto=967
0:16:09.48,0:16:12.28,969.48,972.28,Heather Whitney,School Board Chair (two-segment cluster of the Chair's continuations),Very interesting. Day today.,Speaker 6,https://reflect-claremont.cablecast.tv/internetchannel/show/17092?site=1&seekto=969
0:16:12.36,0:16:23.68,972.36,983.68,Kerry Kennedy,"Interim Superintendent, SAU 6",430. So it's been a long day.  Yes. We also wanted to look into the potential ratification of a teacher. And I can get it. Do you want it now or later? Just add.,Speaker 2,https://reflect-claremont.cablecast.tv/internetchannel/show/17092?site=1&seekto=972
0:16:23.76,0:16:32.00,983.76,992.00,Heather Whitney,School Board Chair,Now would be the time to do it. Yes. And? And my understanding is that we wouldn't have counsel available until 7:00. Correct.,Speaker 1,https://reflect-claremont.cablecast.tv/internetchannel/show/17092?site=1&seekto=983
0:16:32.08,0:16:51.51,992.08,1011.51,Kerry Kennedy,"Interim Superintendent, SAU 6","Yes. And so we are looking to add we are lucky enough in to add on to the music part. So great night for music hopefully for CMS. We had posted and advertised to find a music teacher. We were not able to find somebody who was available for full time, but we did find somebody who is available 3/5.",Speaker 2,https://reflect-claremont.cablecast.tv/internetchannel/show/17092?site=1&seekto=992
0:16:51.52,0:16:53.12,1011.52,1013.12,Heather Whitney,School Board Chair,So we can discuss that at that.,Speaker 1,https://reflect-claremont.cablecast.tv/internetchannel/show/17092?site=1&seekto=1011
0:16:53.31,0:16:54.72,1013.31,1014.72,Kerry Kennedy,"Interim Superintendent, SAU 6","Yeah, that'd be great.",Speaker 2,https://reflect-claremont.cablecast.tv/internetchannel/show/17092?site=1&seekto=1013
0:16:54.80,0:16:57.64,1014.80,1017.64,Heather Whitney,School Board Chair,What exactly would you like? The item? The ratification?,Speaker 1,https://reflect-claremont.cablecast.tv/internetchannel/show/17092?site=1&seekto=1014
0:16:57.68,0:17:01.28,1017.68,1021.28,Kerry Kennedy,"Interim Superintendent, SAU 6","I apologize. No, it's definitely.",Speaker 2,https://reflect-claremont.cablecast.tv/internetchannel/show/17092?site=1&seekto=1017
0:17:01.36,0:17:05.03,1021.36,1025.03,Heather Whitney,School Board Chair,It's been a number four. It was.,Speaker 1,https://reflect-claremont.cablecast.tv/internetchannel/show/17092?site=1&seekto=1021
0:17:05.11,0:17:06.96,1025.11,1026.96,Kerry Kennedy,"Interim Superintendent, SAU 6",Number four.,Speaker 2,https://reflect-claremont.cablecast.tv/internetchannel/show/17092?site=1&seekto=1025
0:17:07.04,0:17:07.89,1027.04,1027.89,Heather Whitney,School Board Chair,Just ratification.,Speaker 1,https://reflect-claremont.cablecast.tv/internetchannel/show/17092?site=1&seekto=1027
0:17:07.89,0:17:18.16,1027.89,1038.16,Kerry Kennedy,"Interim Superintendent, SAU 6",Gratification of the teacher for music.,Speaker 2,https://reflect-claremont.cablecast.tv/internetchannel/show/17092?site=1&seekto=1027
0:17:18.24,0:17:48.28,1038.24,1068.28,Heather Whitney,School Board Chair,Music program. So is there any opposition to the addition of that? So item number four will be ratification of a teacher for the CMS music program. So is there any objection to accepting the minutes or the agenda as amended? I have two corrections to the minutes. Okay. On page for item for the last bullet on that page that I should indicate that it's the alternative program.,Speaker 1,https://reflect-claremont.cablecast.tv/internetchannel/show/17092?site=1&seekto=1038
0:17:48.36,0:18:09.37,1068.36,1089.37,Heather Whitney,School Board Chair,"We have a hard copy in front of me, but it did not indicate who was moving from. I believe it was the text center to another location that did not say alternative program. Okay. I think that that was what was being there. And then on page ten, the sixth bullet is an incomplete statement. I don't know what it was supposed to how it was supposed to end.",Speaker 1,https://reflect-claremont.cablecast.tv/internetchannel/show/17092?site=1&seekto=1068
0:18:09.45,0:18:16.48,1089.45,1096.48,Heather Whitney,School Board Chair,"Miss Chromebook, do you feel you can make those those corrections?",Speaker 1,https://reflect-claremont.cablecast.tv/internetchannel/show/17092?site=1&seekto=1089
0:18:16.56,0:18:54.64,1096.56,1134.64,Heather Whitney,School Board Chair,"Is there any objection to those collections or any addition to those corrections? Seeing none will accept the consent agenda by consensus. Moving on to the next item.  Citizens comments on non-agenda items.  This is probably going to be a very  dense citizens comments section this evening. This portion of citizens comments will be on non-agenda items. We're going to be adhering very tightly to the policy as written, so we will limit citizens comments to 30 minutes total.",Speaker 1,https://reflect-claremont.cablecast.tv/internetchannel/show/17092?site=1&seekto=1096
0:18:54.76,0:19:17.72,1134.76,1157.72,Heather Whitney,School Board Chair,"And that's for non-agenda items and agenda items. So just be mindful of that. If you choose to come up at the podium at this time, it may decrease the amount of time that you that we will overall be able to use for the agenda item that is bringing everybody here this evening.  Is there anyone that would like to speak to a non agenda item this evening.",Speaker 1,https://reflect-claremont.cablecast.tv/internetchannel/show/17092?site=1&seekto=1134
0:19:17.80,0:19:18.44,1157.80,1158.44,Candace Crawford,School Board Member; Finance Subcommittee Chair (five-segment cluster; brief crosstalk),Okay.,Speaker 5,https://reflect-claremont.cablecast.tv/internetchannel/show/17092?site=1&seekto=1157
0:19:18.52,0:19:26.48,1158.52,1166.48,Heather Whitney,School Board Chair,Seeing none we're going to close the distance. Oh I'm sorry. I apologize. Didn't see you. The podium is a little bit in my way.,Speaker 1,https://reflect-claremont.cablecast.tv/internetchannel/show/17092?site=1&seekto=1158
0:19:26.56,0:19:26.84,1166.56,1166.84,Unidentified public commenter,Citizen commenter — did not state a name; asks about the Code Monkey curriculum (single speech split alternately across two diarizer clusters),So.,Speaker 2,https://reflect-claremont.cablecast.tv/internetchannel/show/17092?site=1&seekto=1166
0:19:26.88,0:19:27.72,1166.88,1167.72,Unidentified public commenter,Citizen commenter — did not state a name; asks about the Code Monkey curriculum (single speech split alternately across two diarizer clusters),What I'm bringing.,Speaker 1,https://reflect-claremont.cablecast.tv/internetchannel/show/17092?site=1&seekto=1166
0:19:27.72,0:19:31.44,1167.72,1171.44,Unidentified public commenter,Citizen commenter — did not state a name; asks about the Code Monkey curriculum (single speech split alternately across two diarizer clusters),"Up goes back to the 123 school board meeting, and.",Speaker 2,https://reflect-claremont.cablecast.tv/internetchannel/show/17092?site=1&seekto=1167
0:19:31.44,0:19:32.44,1171.44,1172.44,Unidentified public commenter,Citizen commenter — did not state a name; asks about the Code Monkey curriculum (single speech split alternately across two diarizer clusters),I brought it up at the.,Speaker 1,https://reflect-claremont.cablecast.tv/internetchannel/show/17092?site=1&seekto=1171
0:19:32.44,0:19:32.76,1172.44,1172.76,Unidentified public commenter,Citizen commenter — did not state a name; asks about the Code Monkey curriculum (single speech split alternately across two diarizer clusters),Last.,Speaker 2,https://reflect-claremont.cablecast.tv/internetchannel/show/17092?site=1&seekto=1172
0:19:32.76,0:19:34.08,1172.76,1174.08,Unidentified public commenter,Citizen commenter — did not state a name; asks about the Code Monkey curriculum (single speech split alternately across two diarizer clusters),"School board meeting, but didn't get.",Speaker 1,https://reflect-claremont.cablecast.tv/internetchannel/show/17092?site=1&seekto=1172
0:19:34.08,0:19:37.52,1174.08,1177.52,Unidentified public commenter,Citizen commenter — did not state a name; asks about the Code Monkey curriculum (single speech split alternately across two diarizer clusters),An answer. So I'm still kind of asking about the Code.,Speaker 2,https://reflect-claremont.cablecast.tv/internetchannel/show/17092?site=1&seekto=1174
0:19:37.52,0:19:39.20,1177.52,1179.20,Unidentified public commenter,Citizen commenter — did not state a name; asks about the Code Monkey curriculum (single speech split alternately across two diarizer clusters),Monkey curriculum.,Speaker 1,https://reflect-claremont.cablecast.tv/internetchannel/show/17092?site=1&seekto=1177
0:19:39.28,0:19:40.96,1179.28,1180.96,Unidentified public commenter,Citizen commenter — did not state a name; asks about the Code Monkey curriculum (single speech split alternately across two diarizer clusters),I don't know if it's on the agenda.,Speaker 2,https://reflect-claremont.cablecast.tv/internetchannel/show/17092?site=1&seekto=1179
0:19:41.00,0:19:42.52,1181.00,1182.52,Unidentified public commenter,Citizen commenter — did not state a name; asks about the Code Monkey curriculum (single speech split alternately across two diarizer clusters),I do not see the agenda.,Speaker 1,https://reflect-claremont.cablecast.tv/internetchannel/show/17092?site=1&seekto=1181
0:19:42.68,0:19:43.56,1182.68,1183.56,Unidentified public commenter,Citizen commenter — did not state a name; asks about the Code Monkey curriculum (single speech split alternately across two diarizer clusters),But where are.,Speaker 2,https://reflect-claremont.cablecast.tv/internetchannel/show/17092?site=1&seekto=1182
0:19:43.56,0:19:47.56,1183.56,1187.56,Heather Whitney,School Board Chair,We at with that? Did we find Greens? We did find grants.,Speaker 1,https://reflect-claremont.cablecast.tv/internetchannel/show/17092?site=1&seekto=1183
0:19:47.56,0:19:51.20,1187.56,1191.20,Unidentified,(uncertain — brief reply from the board table during the Code Monkey exchange),"So it's work we've applied, right?",Speaker 4,https://reflect-claremont.cablecast.tv/internetchannel/show/17092?site=1&seekto=1187
0:19:51.28,0:19:59.20,1191.28,1199.20,Heather Whitney,School Board Chair,"So did we lose that program? No, it was running out. January 13th was the 16th is.",Speaker 1,https://reflect-claremont.cablecast.tv/internetchannel/show/17092?site=1&seekto=1191
0:19:59.24,0:20:03.12,1199.24,1203.12,Unidentified,(uncertain — brief reply from the board table during the Code Monkey exchange),You have to understand. It was it was brought to our attention very late.,Speaker 4,https://reflect-claremont.cablecast.tv/internetchannel/show/17092?site=1&seekto=1199
0:20:03.20,0:20:24.00,1203.20,1224.00,Heather Whitney,School Board Chair,"I know, and she took me for that. I do remember that December 13th was the deadline. Right. They said it until January 16th. Okay. So yeah. And we could just put it into the.  And we're going to hear back from the daily about the official approval for that. So as of right now we're still January 16th is the deadline to figure out what we're doing with it.",Speaker 1,https://reflect-claremont.cablecast.tv/internetchannel/show/17092?site=1&seekto=1203
0:20:24.04,0:20:27.56,1224.04,1227.56,Unidentified public commenter,Citizen commenter — did not state a name (closes the Code Monkey question),Okay. That's my question.,Speaker 1,https://reflect-claremont.cablecast.tv/internetchannel/show/17092?site=1&seekto=1224
0:20:27.64,0:20:32.96,1227.64,1232.96,Candace Crawford,School Board Member; Finance Subcommittee Chair (five-segment cluster; brief crosstalk),Okay. Through the bars.,Speaker 5,https://reflect-claremont.cablecast.tv/internetchannel/show/17092?site=1&seekto=1227
0:20:33.04,0:21:08.92,1233.04,1268.92,Michael Myers,"Citizen commenter, Ward 3 (self-identified)","Hi Michael. Ward three. I just. Would like to know if we could come up with a policy or if there is a policy regarding  how we manage stipends in the district.  I think that there needs to be more public transparency about who's getting stipends for what, who approved the stipend?  I don't think it sits well when large sums of money, huge percentages of the budget have been dispersed to people whose names are not mentioned.",Speaker 4,https://reflect-claremont.cablecast.tv/internetchannel/show/17092?site=1&seekto=1233
0:21:09.00,0:21:32.16,1269.00,1292.16,Michael Myers,"Citizen commenter, Ward 3 (self-identified)","And it's interesting. I had a conversation with a teacher whose name won't be mentioned when the the whole thing blew up with the budget earlier this year. And among all the things that she mentioned to me about concerns, one of the biggest ones was stipends. She said there's a stipend for everything, and they get handed out willy nilly and there's no approval process involved.",Speaker 4,https://reflect-claremont.cablecast.tv/internetchannel/show/17092?site=1&seekto=1269
0:21:32.16,0:21:54.32,1292.16,1314.32,Michael Myers,"Citizen commenter, Ward 3 (self-identified)","People get stipends for going on class trips. They get stipends for every little drop of a hat. You know, today at my shop, I  handle taking out the rubbish. And I shoved off the cars and two of my texts were out shoveling the yard because the maintenance guy wasn't there and nobody asked me for a stipend. So I just feel like that's something that the public would like to have more transparency on.",Speaker 4,https://reflect-claremont.cablecast.tv/internetchannel/show/17092?site=1&seekto=1292
0:21:54.44,0:22:00.16,1314.44,1320.16,Michael Myers,"Citizen commenter, Ward 3 (self-identified)","I don't understand why we can't have that. If there's a policy, I'd like to see it. I appreciate your time. Thank you.",Speaker 4,https://reflect-claremont.cablecast.tv/internetchannel/show/17092?site=1&seekto=1314
0:22:00.24,0:22:12.00,1320.24,1332.00,Heather Whitney,School Board Chair,"Thank you. Would you like to contact us? Mr. Angel would like to speak briefly. Can you. Can you speak to that? Yeah. Yeah. Yeah, sure. Okay.",Speaker 1,https://reflect-claremont.cablecast.tv/internetchannel/show/17092?site=1&seekto=1320
0:22:12.00,0:22:37.08,1332.00,1357.08,Matt Angell,"Interim Business Administrator, SAU 6","Well, stipends are issued  according to the CBA or the collective bargaining agreement. Okay. And there are different situations where a stipend may spring up.  For example, if, if,  if a teacher  works, you know, their normal schedule and they may be asked to do, like, an additional duty that's beyond their their normal work program. We will, we will.",Speaker 7,https://reflect-claremont.cablecast.tv/internetchannel/show/17092?site=1&seekto=1332
0:22:37.16,0:23:13.88,1357.16,1393.88,Matt Angell,"Interim Business Administrator, SAU 6","And if they agree. We'll issue them a stipend for that particular thing. An example in that case would be, say, tutoring a student. Okay.  Another example would be  if right now the teacher contract is, I think for 186 days. And  if we want them to come back in and do, say,  additional work for  building curriculum,  to evaluate curriculum,  to do specialized training, we may have to issue a stipend for them because that would be work that would be performed outside of their contract.",Speaker 7,https://reflect-claremont.cablecast.tv/internetchannel/show/17092?site=1&seekto=1357
0:23:13.96,0:23:45.11,1393.96,1425.11,Matt Angell,"Interim Business Administrator, SAU 6","Okay. So it's usually the way we're going to do it is, is to make it so that there's work.  We're trying to follow their, their agreement when issuing stipends. Now, I think  there's been some right to know requests that have been out there. And what you'll find in those stipends that were issued, some of the, especially the Covid money, there were  there were some funds that were given out  to teachers  as a bonus during the Covid funds.",Speaker 7,https://reflect-claremont.cablecast.tv/internetchannel/show/17092?site=1&seekto=1393
0:23:45.12,0:23:48.20,1425.12,1428.20,Matt Angell,"Interim Business Administrator, SAU 6",So you'll see those as stipends. Okay.,Speaker 7,https://reflect-claremont.cablecast.tv/internetchannel/show/17092?site=1&seekto=1425
0:23:48.28,0:23:49.32,1428.28,1429.32,Kerry Kennedy,"Interim Superintendent, SAU 6 (sentence continuation; split across clusters)",But there are some that we agree.,Speaker 1,https://reflect-claremont.cablecast.tv/internetchannel/show/17092?site=1&seekto=1428
0:23:49.36,0:23:49.52,1429.36,1429.52,Kerry Kennedy,"Interim Superintendent, SAU 6 (sentence continuation; split across clusters)",We're.,Speaker 5,https://reflect-claremont.cablecast.tv/internetchannel/show/17092?site=1&seekto=1429
0:23:49.52,0:23:51.39,1429.52,1431.39,Kerry Kennedy,"Interim Superintendent, SAU 6 (sentence continuation; split across clusters)",Not contractually obligated.,Speaker 1,https://reflect-claremont.cablecast.tv/internetchannel/show/17092?site=1&seekto=1429
0:23:51.40,0:23:52.32,1431.40,1432.32,Kerry Kennedy,"Interim Superintendent, SAU 6 (sentence continuation; split across clusters)",We've talked to the unions about.,Speaker 5,https://reflect-claremont.cablecast.tv/internetchannel/show/17092?site=1&seekto=1431
0:23:52.32,0:24:10.00,1432.32,1450.00,Heather Whitney,School Board Chair,"That too, that we don't. It was prior to us. We don't know how or why they would give it out and things. So we would like to make sure it's not happening again to just the Reader's Digest version. I think to summarize it is that the stipends that we're concerned were written outside of the collective bargaining agreement. Correct.",Speaker 1,https://reflect-claremont.cablecast.tv/internetchannel/show/17092?site=1&seekto=1432
0:24:10.01,0:24:21.25,1450.01,1461.25,Heather Whitney,School Board Chair,And that's what normally restrains the stipends as adhering to the collective bargaining agreement team.,Speaker 1,https://reflect-claremont.cablecast.tv/internetchannel/show/17092?site=1&seekto=1450
0:24:21.33,0:24:44.04,1461.33,1484.04,Sherry Williams,"Citizen commenter, Chestnut Street (self-identified)","Again, my name is Sherry Williams. So sorry, Chestnut Street.  I was not at the December 17th board meeting, and so I didn't get a chance to say this, but the meeting prior, there was a lot of discussion  related, I believe, to the budget, but having to do with summer school.  And I just wanted to come up again.",Speaker 1,https://reflect-claremont.cablecast.tv/internetchannel/show/17092?site=1&seekto=1461
0:24:44.12,0:25:18.52,1484.12,1518.52,Sherry Williams,"Citizen commenter, Chestnut Street (self-identified)","Mr. Madden, I absolutely love your point of view when what you bring to the board.  I am in a very involved parent in my children's lives and do the best that I can in helping them with school,  the summer school program, or the r e related to r e has been something that has been incredibly beneficial to my children, and I am a huge supporter of the opportunities that come with summer school.",Speaker 1,https://reflect-claremont.cablecast.tv/internetchannel/show/17092?site=1&seekto=1484
0:25:18.60,0:25:51.76,1518.60,1551.76,Sherry Williams,"Citizen commenter, Chestnut Street (self-identified)","And so I'm not sure where related to the budget, where the detail of summer school may or may not still be a part of the discussion, but I wanted the opportunity to come up to the school board and ask you not to discount the benefit  that if a student is is facing an Re with a need  like summer school  or being a credit recovery,  it doesn't indicate uninvolved parents.",Speaker 1,https://reflect-claremont.cablecast.tv/internetchannel/show/17092?site=1&seekto=1518
0:25:51.80,0:26:17.48,1551.80,1577.48,Sherry Williams,"Citizen commenter, Chestnut Street (self-identified)","It doesn't indicate students who aren't doing their best.  It is a huge benefit to a lot of students and has been a huge benefit to our family and my students who have graduated from Stevens High School, proudly continuing the tradition that that came with my graduation from Stevens High School. The credit recovery program has been a part of that.",Speaker 1,https://reflect-claremont.cablecast.tv/internetchannel/show/17092?site=1&seekto=1551
0:26:17.52,0:26:32.16,1577.52,1592.16,Sherry Williams,"Citizen commenter, Chestnut Street (self-identified)","And so I just want to encourage you not to close your mind to the benefit, and please don't consider  the need for that as an indicator of uninvolved parents. Thank you.",Speaker 1,https://reflect-claremont.cablecast.tv/internetchannel/show/17092?site=1&seekto=1577
0:26:32.24,0:26:52.72,1592.24,1612.72,Derek Alexander,"Citizen commenter, Ward 2 (self-identified; rapid exchange — these segments also carry the responding official's words)","Hi, Derek Alexander, Ward two. I just wanted to follow up and find out what's happening with the forensic audit. Are  they declined? Who declined? The two. The two from auditors. Are you looking for someone else? I am, this is unbelievable.",Speaker 7,https://reflect-claremont.cablecast.tv/internetchannel/show/17092?site=1&seekto=1592
0:26:52.96,0:26:56.52,1612.96,1616.52,Derek Alexander,"Citizen commenter, Ward 2 (self-identified; rapid exchange — these segments also carry the responding official's words)","It's a fiasco, you people.",Speaker 7,https://reflect-claremont.cablecast.tv/internetchannel/show/17092?site=1&seekto=1612
0:26:56.60,0:26:57.92,1616.60,1617.92,Heather Whitney,School Board Chair,Oh! Come on.,Speaker 1,https://reflect-claremont.cablecast.tv/internetchannel/show/17092?site=1&seekto=1616
0:26:58.00,0:27:09.06,1618.00,1629.06,Derek Alexander,"Citizen commenter, Ward 2 (self-identified; rapid exchange — these segments also carry the responding official's words)",It's not the board. Why did they decline? They don't like to work.,Speaker 7,https://reflect-claremont.cablecast.tv/internetchannel/show/17092?site=1&seekto=1618
0:27:09.14,0:27:15.70,1629.14,1635.70,Matt Angell,"Interim Business Administrator, SAU 6",I don't really think it's appropriate for me to go into it at this point in time.,Speaker 7,https://reflect-claremont.cablecast.tv/internetchannel/show/17092?site=1&seekto=1629
0:27:15.78,0:27:33.14,1635.78,1653.14,Derek Alexander,"Citizen commenter, Ward 2 (self-identified; rapid exchange — these segments also carry the responding official's words)","You don't think the taxpayers have a right to know? The taxpayers have a right to know. I just think that, that the time is too early for me to disclose information. This whole board should resign.",Speaker 7,https://reflect-claremont.cablecast.tv/internetchannel/show/17092?site=1&seekto=1635
0:27:33.22,0:28:01.10,1653.22,1681.10,Heather Whitney,School Board Chair,"Anyone else that would like to speak for  non-agenda items? Seeing none, we'll close the non-agenda items. Public comment portion. And we have our 7:00. Would you would like to reread? Sure. So what we're going to do now is when we come back from the non public. We'll continue with our agenda items. And that will be a brief financial update from Mr. Angel.",Speaker 1,https://reflect-claremont.cablecast.tv/internetchannel/show/17092?site=1&seekto=1653
0:28:01.18,0:28:09.30,1681.18,1689.30,Heather Whitney,School Board Chair,And I don't believe we have any professional development  updates either. So we'll delete that from the agenda. Okay.,Speaker 1,https://reflect-claremont.cablecast.tv/internetchannel/show/17092?site=1&seekto=1681
0:28:09.38,0:28:31.02,1689.38,1711.02,Kerry Kennedy,"Interim Superintendent, SAU 6","Make a motion to enter into nonpublic session to address an emergent situation relating to the RSA 91 A on three Roman numeral two as related to litigation, and then RSA 91 a colon to the numeral. I mean one excuse me, letter A as related to contact negotiations and see a these administrators. I would make a motion.",Speaker 8,https://reflect-claremont.cablecast.tv/internetchannel/show/17092?site=1&seekto=1689
0:28:31.14,0:28:33.62,1711.14,1713.62,Heather Whitney,School Board Chair,I would like to move that motion. Is there a second.,Speaker 1,https://reflect-claremont.cablecast.tv/internetchannel/show/17092?site=1&seekto=1711
0:28:33.74,0:28:34.90,1713.74,1714.90,Michael Petrin,School Board Vice Chair (seconds the motion; identified by the Chair's 'Mr. Peterson seconds' at seg 140),Second.,Speaker 4,https://reflect-claremont.cablecast.tv/internetchannel/show/17092?site=1&seekto=1713
0:28:34.98,0:28:44.02,1714.98,1724.02,Heather Whitney,School Board Chair,"Mr. Peterson seconds. Miss Cronenberg, would you please call? Vote. Call. Okay. This. Crawford. Yes. Yes. Lauren. Howard. Yes.",Speaker 1,https://reflect-claremont.cablecast.tv/internetchannel/show/17092?site=1&seekto=1714
0:28:44.10,0:28:46.14,1724.10,1726.14,Multiple,Roll-call vote responses (several board members answering 'yes'),Yes. Yes.,Speaker 7,https://reflect-claremont.cablecast.tv/internetchannel/show/17092?site=1&seekto=1724
0:28:46.22,0:28:51.24,1726.22,1731.24,Heather Whitney,School Board Chair,Yes. Yes. Thank you. Okay.,Speaker 1,https://reflect-claremont.cablecast.tv/internetchannel/show/17092?site=1&seekto=1726
0:28:51.32,0:29:37.48,1731.32,1777.48,Kerry Kennedy,"Interim Superintendent, SAU 6","Naturally, I may add.",Speaker 8,https://reflect-claremont.cablecast.tv/internetchannel/show/17092?site=1&seekto=1731
0:29:37.56,0:29:43.24,1777.56,1783.24,Kerry Kennedy,"Interim Superintendent, SAU 6","Yes, yes.",Speaker 8,https://reflect-claremont.cablecast.tv/internetchannel/show/17092?site=1&seekto=1777
0:29:43.32,0:30:16.52,1783.32,1816.52,Heather Whitney,School Board Chair,"I'd like to make a motion to come out of nonpublic for a second. Second. Second by Mr. Peterson. Roll call. Vote. Mr.. Yes. Charlie. Hopkins. Yes. All right. Yes. Yes. Michael. Yes. Yes. Yes. Thank you. Moving on to our, agenda items. We still have a brief financial update from Mr. Angel, our senior control.",Speaker 1,https://reflect-claremont.cablecast.tv/internetchannel/show/17092?site=1&seekto=1783
0:30:16.60,0:30:26.40,1816.60,1826.40,Matt Angell,"Interim Business Administrator, SAU 6",Great. So I did  initial calculation of year end. I do see a path forward with wiping out the deficit.,Speaker 7,https://reflect-claremont.cablecast.tv/internetchannel/show/17092?site=1&seekto=1816
0:30:26.48,0:30:27.32,1826.48,1827.32,Heather Whitney,School Board Chair,Unbelievable.,Speaker 1,https://reflect-claremont.cablecast.tv/internetchannel/show/17092?site=1&seekto=1826
0:30:27.36,0:30:55.96,1827.36,1855.96,Matt Angell,"Interim Business Administrator, SAU 6","I'm going to  update the board, periodically, and I'm going to have more details to come. Okay. Just know it's just my initial calculation. And based upon that, I'm going to make a recommendation to the board not to have a deficit warrant article. Okay. Now, as of this morning, our cash balance was just over $5 billion. And that's after paying, our  loan down to zero.",Speaker 7,https://reflect-claremont.cablecast.tv/internetchannel/show/17092?site=1&seekto=1827
0:30:56.04,0:31:11.00,1856.04,1871.00,Matt Angell,"Interim Business Administrator, SAU 6","Oh, okay.  And really, the balance is based upon our adequacy grant that we got from state of New Hampshire, which is over $5 million. And then we also received some our, our our assessment payment from the city.",Speaker 7,https://reflect-claremont.cablecast.tv/internetchannel/show/17092?site=1&seekto=1856
0:31:11.08,0:31:13.24,1871.08,1873.24,Heather Whitney,School Board Chair,So that's going to last us for a while.,Speaker 1,https://reflect-claremont.cablecast.tv/internetchannel/show/17092?site=1&seekto=1871
0:31:13.32,0:31:36.64,1873.32,1896.64,Matt Angell,"Interim Business Administrator, SAU 6","It's okay. And that's my next point. I'm hoping that it's going to last until the end of February, which I'm probably going to draw back down on the loan. Right. And  we're going to receive our final,  adequacy aid grant  in at the beginning of April to pay off that. That's right. Okay. And then that loan is going to close in the middle of April.",Speaker 7,https://reflect-claremont.cablecast.tv/internetchannel/show/17092?site=1&seekto=1873
0:31:36.68,0:32:00.24,1896.68,1920.24,Matt Angell,"Interim Business Administrator, SAU 6","Right. Okay. I do March is going to be tough. Okay. But right now we're doing pretty well. So I'm going to have much more financial information next month. But again, this is just an initial look. Things do change. And, I do see a path forward.",Speaker 7,https://reflect-claremont.cablecast.tv/internetchannel/show/17092?site=1&seekto=1896
0:32:00.32,0:32:15.01,1920.32,1935.01,Heather Whitney,School Board Chair,"Thank you. Amazing. Is there any questions for Mr. Angel? Can you give us an estimate of what the interest on that loan will be? Or total interest will be paid out? And just so. Oh, no.",Speaker 1,https://reflect-claremont.cablecast.tv/internetchannel/show/17092?site=1&seekto=1920
0:32:15.08,0:32:17.28,1935.08,1937.28,Matt Angell,"Interim Business Administrator, SAU 6",I think it's on one of the  infests.,Speaker 7,https://reflect-claremont.cablecast.tv/internetchannel/show/17092?site=1&seekto=1935
0:32:17.47,0:32:24.60,1937.47,1944.60,Heather Whitney,School Board Chair,Yeah. It's hard to calculate the interest because he's he's been drawing down and hanging it.,Speaker 1,https://reflect-claremont.cablecast.tv/internetchannel/show/17092?site=1&seekto=1937
0:32:24.60,0:32:25.28,1944.60,1945.28,Heather Whitney,School Board Chair (sentence continuation of seg 155),Off and.,Speaker 8,https://reflect-claremont.cablecast.tv/internetchannel/show/17092?site=1&seekto=1944
0:32:25.35,0:32:28.44,1945.35,1948.44,Heather Whitney,School Board Chair,It's so it's it's not a straight calculation.,Speaker 1,https://reflect-claremont.cablecast.tv/internetchannel/show/17092?site=1&seekto=1945
0:32:28.64,0:32:29.03,1948.64,1949.03,Matt Angell,"Interim Business Administrator, SAU 6",That's right.,Speaker 7,https://reflect-claremont.cablecast.tv/internetchannel/show/17092?site=1&seekto=1948
0:32:29.04,0:32:35.52,1949.04,1955.52,Heather Whitney,School Board Chair,"Over  the whole period of time. I mean, it it will be a cumulative calculation, but it's up.",Speaker 1,https://reflect-claremont.cablecast.tv/internetchannel/show/17092?site=1&seekto=1949
0:32:35.52,0:32:46.80,1955.52,1966.80,Matt Angell,"Interim Business Administrator, SAU 6",And  down. We try to make a manifest to put before the school board to sign. So it should be in there. If not it'll be at the next meeting.,Speaker 7,https://reflect-claremont.cablecast.tv/internetchannel/show/17092?site=1&seekto=1955
0:32:46.88,0:32:49.16,1966.88,1969.16,Heather Whitney,School Board Chair,Mr.. Mr.. Howard?,Speaker 1,https://reflect-claremont.cablecast.tv/internetchannel/show/17092?site=1&seekto=1966
0:32:49.24,0:32:49.76,1969.24,1969.76,Loren Howard,School Board Member (onset clipped into neighbouring clusters; continues in seg 165),Is there.,Speaker 4,https://reflect-claremont.cablecast.tv/internetchannel/show/17092?site=1&seekto=1969
0:32:49.84,0:32:50.08,1969.84,1970.08,Loren Howard,School Board Member (onset clipped into neighbouring clusters; continues in seg 165),Do we.,Speaker 7,https://reflect-claremont.cablecast.tv/internetchannel/show/17092?site=1&seekto=1969
0:32:50.08,0:32:50.80,1970.08,1970.80,Loren Howard,School Board Member (onset clipped into neighbouring clusters; continues in seg 165),Still feel like there's.,Speaker 4,https://reflect-claremont.cablecast.tv/internetchannel/show/17092?site=1&seekto=1970
0:32:50.84,0:33:02.64,1970.84,1982.64,Loren Howard,School Board Member,"A need to  try to get the law change so we could borrow money from the state? And then just to follow up, was there any other discussion about, if need be, a second loan with a CSV?",Speaker 9,https://reflect-claremont.cablecast.tv/internetchannel/show/17092?site=1&seekto=1970
0:33:02.72,0:33:23.80,1982.72,2003.80,Matt Angell,"Interim Business Administrator, SAU 6","Okay. So my initial feeling on that is, is the the state is coming up with a law that allows us to borrow funds. I think some of the the items that are tied to it make it unpalatable. Okay.  I, I'm not sure if I would want to ask the school board to accept those funds.  There are other options that I can I can look at.",Speaker 7,https://reflect-claremont.cablecast.tv/internetchannel/show/17092?site=1&seekto=1982
0:33:23.88,0:33:43.68,2003.88,2023.68,Matt Angell,"Interim Business Administrator, SAU 6","And and we'll have to address them then. Okay. I'm hopeful that we can make it through the end of the year without having to borrow money. Okay. But if we do have to borrow money, I'm going to try to do it in July. And of course, it would have to be with the permission of the school board.",Speaker 7,https://reflect-claremont.cablecast.tv/internetchannel/show/17092?site=1&seekto=2003
0:33:43.76,0:33:50.82,2023.76,2030.82,Matt Angell,"Interim Business Administrator, SAU 6",All right. And our legal counsel would have to be involved.,Speaker 7,https://reflect-claremont.cablecast.tv/internetchannel/show/17092?site=1&seekto=2023
0:33:50.90,0:33:57.10,2030.90,2037.10,Heather Whitney,School Board Chair,Okay. And the interest rates that state charges is about twice what the Claremont Savings Bank is.,Speaker 1,https://reflect-claremont.cablecast.tv/internetchannel/show/17092?site=1&seekto=2030
0:33:57.18,0:33:58.02,2037.18,2038.02,Matt Angell,"Interim Business Administrator, SAU 6",Yes.,Speaker 7,https://reflect-claremont.cablecast.tv/internetchannel/show/17092?site=1&seekto=2037
0:33:58.10,0:34:01.62,2038.10,2041.62,Heather Whitney,School Board Chair,Thank you.,Speaker 1,https://reflect-claremont.cablecast.tv/internetchannel/show/17092?site=1&seekto=2038
0:34:01.70,0:34:11.70,2041.70,2051.70,Heather Whitney,School Board Chair,"Any other questions for Mr. Angel? Seeing no questions, we're going to move on. And there was no professional development update on this evening.",Speaker 1,https://reflect-claremont.cablecast.tv/internetchannel/show/17092?site=1&seekto=2041
0:34:11.74,0:34:31.30,2051.74,2071.30,Kerry Kennedy,"Interim Superintendent, SAU 6",I can give you a brief summary of what we're looking at. And so we have a professional development day coming up for folks. And this will be sending out principals or working with me on June 6th. I mean June January 16th and professional development half day.  And so what we have is a deep dive for  Maple Avenue School into the Whitten wisdom.,Speaker 8,https://reflect-claremont.cablecast.tv/internetchannel/show/17092?site=1&seekto=2051
0:34:31.38,0:34:57.62,2071.38,2097.62,Kerry Kennedy,"Interim Superintendent, SAU 6","We have some executive functioning work that's been working on at, art  school. So we have each department has a group of things to be working on. And so like the staff, when we're working on the maintenance of their chemical lists within the buildings and understanding how to work on that, the secretarial staff will work with Mr. Angel on the purchase order process and making sure that everybody understands how to make sure purchase orders are in.",Speaker 8,https://reflect-claremont.cablecast.tv/internetchannel/show/17092?site=1&seekto=2071
0:34:57.70,0:35:15.82,2097.70,2115.82,Kerry Kennedy,"Interim Superintendent, SAU 6","And so each department  we have paraprofessionals. So we'll be working on some of the practices. They're there trainings  that they need to do in case managers are working on some work on that too. So we have a variety of different things for the January 16th, and we're working on the schedule for the rest of the year.  And so just stay tuned for everybody there.",Speaker 8,https://reflect-claremont.cablecast.tv/internetchannel/show/17092?site=1&seekto=2097
0:35:15.82,0:35:35.98,2115.82,2135.98,Kerry Kennedy,"Interim Superintendent, SAU 6","So we're having that out before the Friday and sharing out what's happening for specifics where people are going.  And then we have 1st February and then for each half day and then the full days and things too. So we're getting everything covered. So every department I've talked to some departments, make heads to make sure the studio staff is not typically had some, you know, maintenance or training and things.",Speaker 8,https://reflect-claremont.cablecast.tv/internetchannel/show/17092?site=1&seekto=2115
0:35:36.06,0:35:59.14,2136.06,2159.14,Kerry Kennedy,"Interim Superintendent, SAU 6","Secretarial staff is not necessarily the professional development. So we're making sure that everybody who's involved in our district has something to do.  And just to maintain, you know, their position and what's happening at things. So and so we ran into just just a quick example, the secretarial staff. You know, there's some things that were positioned specific.  And because of the riff that we had, there were some things that it took a little bit longer learning curve.",Speaker 8,https://reflect-claremont.cablecast.tv/internetchannel/show/17092?site=1&seekto=2136
0:35:59.22,0:36:13.34,2159.22,2173.34,Kerry Kennedy,"Interim Superintendent, SAU 6","Because, you know, one, when we had two secretaries or two other people,  that one knew one thing and one didn't know there. So we're trying to make sure we cross train everybody and understanding how to work on power school. So if there is, you know, situation, even if it's just a absence. So it's not like I don't know how to do this.",Speaker 8,https://reflect-claremont.cablecast.tv/internetchannel/show/17092?site=1&seekto=2159
0:36:13.34,0:36:28.94,2173.34,2188.94,Kerry Kennedy,"Interim Superintendent, SAU 6","So we're trying to do some more professional development in that area. But we feel, you know, that everybody who works for us, they have value. And we feel like it's important for us to maintain, you know, help them to maintain their positions and understanding, stay current and what's happening in things, too. So,  we have more plans for the rest of the year.",Speaker 8,https://reflect-claremont.cablecast.tv/internetchannel/show/17092?site=1&seekto=2173
0:36:28.94,0:36:44.62,2188.94,2204.62,Kerry Kennedy,"Interim Superintendent, SAU 6","And then looking into, you know, with the principals and looking into some things next year, we're not really trying to make on take on anything big and anything new. Going deeper, we're exploring through the grants, looking at Responsive Classroom two.  There's been requests for that. We've done Sponsor classroom one. We have some folks that maybe have not had that before.",Speaker 8,https://reflect-claremont.cablecast.tv/internetchannel/show/17092?site=1&seekto=2188
0:36:44.62,0:37:03.62,2204.62,2223.62,Kerry Kennedy,"Interim Superintendent, SAU 6","So we want to continue to offer that as an opportunity through the grant assistance.  And looking at some other needs, depending on where we go for models, whether there's any work over the summer and developing a plan for any instruction for if we have interventionist things like that too. So sent briefly out to, you know, some of the unions what's happening.",Speaker 8,https://reflect-claremont.cablecast.tv/internetchannel/show/17092?site=1&seekto=2204
0:37:03.62,0:37:10.56,2223.62,2230.56,Kerry Kennedy,"Interim Superintendent, SAU 6","And I met with them and just reviewed some initial plans, and then we're getting deeper and deeper into the plan for the rest of the year. So we want to make sure.",Speaker 8,https://reflect-claremont.cablecast.tv/internetchannel/show/17092?site=1&seekto=2223
0:37:10.64,0:37:13.54,2230.64,2233.54,Heather Whitney,School Board Chair,"Thank you. Is there any other questions, Mr. Sprague?",Speaker 1,https://reflect-claremont.cablecast.tv/internetchannel/show/17092?site=1&seekto=2230
0:37:13.62,0:37:20.46,2233.62,2240.46,Frank Sprague,School Board Member (recognized by the Chair at seg 183; question absorbed into the Business Administrator's cluster),"Just a quick question. And you may you may have mentioned that that was kind of a far worse, the special.",Speaker 7,https://reflect-claremont.cablecast.tv/internetchannel/show/17092?site=1&seekto=2233
0:37:20.46,0:37:22.78,2240.46,2242.78,Frank Sprague,School Board Member (recognized by the Chair at seg 183; question absorbed into the Business Administrator's cluster),Ed PD. Yes.,Speaker 1,https://reflect-claremont.cablecast.tv/internetchannel/show/17092?site=1&seekto=2240
0:37:22.86,0:37:44.14,2242.86,2264.14,Kerry Kennedy,"Interim Superintendent, SAU 6","So the case managers are moving together to review some case plans because there's some, excuse me, needs. To make sure that they, they have some time together. So, like, the high school case manager has a large caseload and working together and any, you know, problem solving and things to like that are working  on the, you know, the practice and any certifications that they need for their program.",Speaker 8,https://reflect-claremont.cablecast.tv/internetchannel/show/17092?site=1&seekto=2242
0:37:44.14,0:37:50.94,2264.14,2270.94,Kerry Kennedy,"Interim Superintendent, SAU 6",So if they're  pair one or pair of two pro exam things like that. So.,Speaker 8,https://reflect-claremont.cablecast.tv/internetchannel/show/17092?site=1&seekto=2264
0:37:51.02,0:37:53.54,2271.02,2273.54,Heather Whitney,School Board Chair,Is there any other questions for Miss Kennedy from the board.,Speaker 1,https://reflect-claremont.cablecast.tv/internetchannel/show/17092?site=1&seekto=2271
0:37:53.54,0:38:12.10,2273.54,2292.10,Kerry Kennedy,"Interim Superintendent, SAU 6","And also remain with Billy Specialist. Sorry I'm sorry. And I apologize to it's even harder. So we'll also be working on anybody else that's worked with a billing specialist and making sure that they understand that time and effort logs,  and how to make sure that those are filled out so that we can bill appropriately for student reimbursements and things.",Speaker 8,https://reflect-claremont.cablecast.tv/internetchannel/show/17092?site=1&seekto=2273
0:38:12.10,0:38:13.46,2292.10,2293.46,Kerry Kennedy,"Interim Superintendent, SAU 6",So.,Speaker 8,https://reflect-claremont.cablecast.tv/internetchannel/show/17092?site=1&seekto=2292
0:38:13.54,0:38:31.50,2293.54,2311.50,Arlene Hawkins,School Board Member; Policy Subcommittee Chair (segment opens with the Chair's recognition absorbed at onset),"Miss Hopkins, I have a question from the last meeting. Sure. It was mentioned that there were, I think it was 15 prekindergarten students who were not receiving services identified pre-K students at the next meeting. If that could be answered or explained, clarified.",Speaker 1,https://reflect-claremont.cablecast.tv/internetchannel/show/17092?site=1&seekto=2293
0:38:31.58,0:38:32.70,2311.58,2312.70,Kerry Kennedy,"Interim Superintendent, SAU 6",We can definitely get an update.,Speaker 8,https://reflect-claremont.cablecast.tv/internetchannel/show/17092?site=1&seekto=2311
0:38:32.70,0:38:40.78,2312.70,2320.78,Heather Whitney,School Board Chair,"On that. Thank you.  Now, while would you notice, note that so we can start building the agenda when these questions come up.",Speaker 1,https://reflect-claremont.cablecast.tv/internetchannel/show/17092?site=1&seekto=2312
0:38:40.86,0:39:10.58,2320.86,2350.58,Heather Whitney,School Board Chair,"Thank you. Is there any other questions for Miss Kennedy? I'm seeing no other questions. We're going to move on to our next agenda item.  And our agenda item is the for school unaligned, for school aligned and three school aligned discussion about those models. The purpose of this agenda item is discussion to discuss and move for consideration two of the presented budgets to the public.",Speaker 1,https://reflect-claremont.cablecast.tv/internetchannel/show/17092?site=1&seekto=2320
0:39:10.58,0:39:29.94,2350.58,2369.94,Heather Whitney,School Board Chair,Hearing on January 20th at 7 p.m. at Stephens High School. The board will not vote on that budget. They will move at the public. They will not vote on that budget. What they're going to move. We are not going to vote on the after the public hearing  on what budget we are going to bring forward to the deliberative session.,Speaker 1,https://reflect-claremont.cablecast.tv/internetchannel/show/17092?site=1&seekto=2350
0:39:30.18,0:40:05.54,2370.18,2405.54,Heather Whitney,School Board Chair,"That vote will be taken at the at the following day at our regularly scheduled school board meeting  on the 21st.  The reason why we are moving two  models forward is because this is a highly unusual situation.  It has never been before the board that we've had more than one budget to consider or one to consider modifying. And so we felt it was important that we attempt  at all costs evening to try to narrow down,  our options that we're going to bring forward to the public hearing to two options.",Speaker 1,https://reflect-claremont.cablecast.tv/internetchannel/show/17092?site=1&seekto=2370
0:40:05.54,0:40:28.06,2405.54,2428.06,Heather Whitney,School Board Chair,"That said, just so the board is aware that although we are moving those options to the public hearing, we are not saying that those are either one of those models is going to be the one that moves forward. It will give an indication of where the board is at and which models the board feels is viable. Alternative. The administrative team will give a brief presentation.",Speaker 1,https://reflect-claremont.cablecast.tv/internetchannel/show/17092?site=1&seekto=2405
0:40:28.14,0:40:51.54,2428.14,2451.54,Heather Whitney,School Board Chair,"The board will be invited them to ask clarifying questions. I will then open the floor for public comment on the budgets proposed for consideration, and miss will let us know  how much time is left on our 30 minutes of public comment.  For a minute. What's that? 24 minutes, 24 minutes. When public comment is concluded per policy.",Speaker 1,https://reflect-claremont.cablecast.tv/internetchannel/show/17092?site=1&seekto=2428
0:40:51.62,0:41:23.94,2451.62,2483.94,Heather Whitney,School Board Chair,"I will open. I give the board an opportunity to clarify questions that are asked by the public or to, you know, invite other comments if they so choose for clarification.  I will then invite members to after that public comment is closed and we've had an opportunity to  clarify questions with the public. I will invite members to make a motion and support of moving a specific budget as presented,  or a modified version of the budget presented to the public hearing for consideration.",Speaker 1,https://reflect-claremont.cablecast.tv/internetchannel/show/17092?site=1&seekto=2451
0:41:23.98,0:41:34.30,2483.98,2494.30,Heather Whitney,School Board Chair,"Again, the vote held to held tonight is not a determining vote, but will likely indicate what models are considered viable by the majority of the board.",Speaker 1,https://reflect-claremont.cablecast.tv/internetchannel/show/17092?site=1&seekto=2483
0:41:34.38,0:41:40.26,2494.38,2500.26,Heather Whitney,School Board Chair,Mr. Angel.,Speaker 1,https://reflect-claremont.cablecast.tv/internetchannel/show/17092?site=1&seekto=2494
0:41:40.34,0:41:55.56,2500.34,2515.56,Matt Angell,"Interim Business Administrator, SAU 6",See if I can bring it up on that screen. Here we go. And not that one. That one.,Speaker 7,https://reflect-claremont.cablecast.tv/internetchannel/show/17092?site=1&seekto=2500
0:41:55.64,0:42:00.52,2515.64,2520.52,Matt Angell,"Interim Business Administrator, SAU 6",One. There we go.,Speaker 7,https://reflect-claremont.cablecast.tv/internetchannel/show/17092?site=1&seekto=2515
0:42:00.60,0:42:04.72,2520.60,2524.72,Loren Howard,School Board Member,Okay.,Speaker 9,https://reflect-claremont.cablecast.tv/internetchannel/show/17092?site=1&seekto=2520
0:42:04.80,0:42:25.02,2524.80,2545.02,Kerry Kennedy,"Interim Superintendent, SAU 6",There was a QR code. Wants to. We'll turn it around for you in a minute. We just need to give them access to the QR code so they can look at it on their phones if they wish to do it. And then they'll come back to for you for the presentation.,Speaker 8,https://reflect-claremont.cablecast.tv/internetchannel/show/17092?site=1&seekto=2524
0:42:25.10,0:42:28.50,2545.10,2548.50,Matt Angell,"Interim Business Administrator, SAU 6",One. I don't need to see that.,Speaker 7,https://reflect-claremont.cablecast.tv/internetchannel/show/17092?site=1&seekto=2545
0:42:28.58,0:42:46.98,2548.58,2566.98,Kerry Kennedy,"Interim Superintendent, SAU 6","Okay. I'm going to start. Good evening. Can anybody hear me back there? Yeah. Okay. All right. So we have a few things to present to look at the budgets. We have some options. Like I said, it's a little bit more atypical this year. I'd say nothing is really typical right now, but we want to make sure we explore options and make sure we keep your objective.",Speaker 8,https://reflect-claremont.cablecast.tv/internetchannel/show/17092?site=1&seekto=2548
0:42:46.98,0:43:11.90,2566.98,2591.90,Kerry Kennedy,"Interim Superintendent, SAU 6","So I hope everybody can agree that our objective is to make sure that we are improving achievement at all levels. The initial goal here is especially the elementary level, which will include achievement growth through all of the grades over time.  We want to eventually reduce the need for support services  in all grades, because we have a higher than state average  number of students who are receiving support services and improve the graduation rate.",Speaker 8,https://reflect-claremont.cablecast.tv/internetchannel/show/17092?site=1&seekto=2566
0:43:11.90,0:43:27.85,2591.90,2607.85,Kerry Kennedy,"Interim Superintendent, SAU 6","And so we want to really strengthen our tier one instruction. And that's just what every student gets in our schools, because we want to make sure that that's the strongest possible. And that's, you know, across every board. It's not saying it's nobody's not doing their job. It's saying that we want to make sure we are looking at the curricula.",Speaker 8,https://reflect-claremont.cablecast.tv/internetchannel/show/17092?site=1&seekto=2591
0:43:27.98,0:43:43.50,2607.98,2623.50,Kerry Kennedy,"Interim Superintendent, SAU 6",We're looking at everything to make sure that the students are getting what they they can get. We also want to increase the number of interventionists. And so right now we use title one grant funds.  And we know sometimes that that's not always guarantee. So we want to be able to use local funds and talk about that. What does it look like.,Speaker 8,https://reflect-claremont.cablecast.tv/internetchannel/show/17092?site=1&seekto=2607
0:43:43.58,0:44:04.58,2623.58,2644.58,Kerry Kennedy,"Interim Superintendent, SAU 6","And so we have more opportunities for folks. So there's a tiered instruction model. And so there's tier one like I said that's everybody gets that. Tier two is typically you know 5 to 15%. And it's you know sometimes when we title one sometimes specific for a variety of things, it could be social emotional health, it could be mental health, it could be for, you know, academic support.",Speaker 8,https://reflect-claremont.cablecast.tv/internetchannel/show/17092?site=1&seekto=2623
0:44:04.66,0:44:21.10,2644.66,2661.10,Kerry Kennedy,"Interim Superintendent, SAU 6","And so we want to make sure we get the number of supports and the right supports and all the students and where they need to be. And then, then tier three. And oftentimes the special ed is but it's particularly specialized instruction. Typically 1 to 5% for sums that need some a bigger support than what they're already getting in the classroom.",Speaker 8,https://reflect-claremont.cablecast.tv/internetchannel/show/17092?site=1&seekto=2644
0:44:21.18,0:44:40.70,2661.18,2680.70,Kerry Kennedy,"Interim Superintendent, SAU 6","And so we want to make sure that we improve the intervention time across all of the schools. We want to make sure we have higher academic achievement and engagement from all the students.  And we want to look at the alignment of the grades. And that's something that's, it's it does involve some moves. We want to talk about that a little bit, but it also makes sure that professional development opportunities are there.",Speaker 8,https://reflect-claremont.cablecast.tv/internetchannel/show/17092?site=1&seekto=2661
0:44:40.90,0:45:01.02,2680.90,2701.02,Kerry Kennedy,"Interim Superintendent, SAU 6","Students have the ability to be with their peers.  And you know, because we are going into the declining enrollment. So I want to switch slides for a moment. Just a quick review  for that. That's our enrollment form. Slide. And it shows over the next several years what does it look like? And unfortunately and it's not guaranteed.",Speaker 8,https://reflect-claremont.cablecast.tv/internetchannel/show/17092?site=1&seekto=2680
0:45:01.10,0:45:23.42,2701.10,2723.42,Kerry Kennedy,"Interim Superintendent, SAU 6","But our world right now is declining. And, so we are currently at 1500 students. 1509, I believe, today. And then it potentially, if things progress the way that they might be or looking at projected is we may be down to 1000 students, you know, within several years here. So we want to try and be forward thinking, but also at the same time.",Speaker 8,https://reflect-claremont.cablecast.tv/internetchannel/show/17092?site=1&seekto=2701
0:45:23.50,0:45:35.10,2723.50,2735.10,Kerry Kennedy,"Interim Superintendent, SAU 6","Look at options for, you know, not completely changed everything for our accessibility for students. And so there's been discussions about different models. I'm going to turn it over to Matt to talk about the budget proposals.",Speaker 8,https://reflect-claremont.cablecast.tv/internetchannel/show/17092?site=1&seekto=2723
0:45:35.18,0:46:03.94,2735.18,2763.94,Matt Angell,"Interim Business Administrator, SAU 6","All right. So the budget proposals if you start with the far left hand column, that's the current year operating budget all in. And it's at $43,179,564. That includes all operations, including  the general fund operating fund, your regular, you know, teacher special education, and then also all your grants and or your grants would be like your title grants, ID and then also food service.",Speaker 7,https://reflect-claremont.cablecast.tv/internetchannel/show/17092?site=1&seekto=2735
0:46:04.14,0:46:45.82,2764.14,2805.82,Matt Angell,"Interim Business Administrator, SAU 6","Now the three school line model would be just three elementary school, I mean three schools elementary, upper elementary and then a combined junior senior high. That's at 44,022, $44,022,085.  That would be an increase over the current year of 1840 $2,521, or 1.95% the for school line model. And again, these are line grades.  It would that would be $44,844,373, or $1.6 million over the current year, or 3.86%.",Speaker 7,https://reflect-claremont.cablecast.tv/internetchannel/show/17092?site=1&seekto=2764
0:46:45.90,0:47:37.34,2805.90,2857.34,Matt Angell,"Interim Business Administrator, SAU 6","Now, the four school configuration model is $46,211,951, or $3,032,387, or 7.02%. Okay. Now, I am often asked the question, why is there a difference between the two four school models? I wasn't asked to  to make the same cuts that are in the four school line model as in the regular, or I mean the current config. I did make a recommendation to the to the school board of almost $1 million, but the current config model can't, reach the same level of savings, as an aligned school model, because there's just more  efficient alignment of of staff.",Speaker 7,https://reflect-claremont.cablecast.tv/internetchannel/show/17092?site=1&seekto=2805
0:47:37.42,0:47:41.58,2857.42,2861.58,Matt Angell,"Interim Business Administrator, SAU 6",Okay.,Speaker 7,https://reflect-claremont.cablecast.tv/internetchannel/show/17092?site=1&seekto=2857
0:47:41.66,0:47:51.14,2861.66,2871.14,Matt Angell,"Interim Business Administrator, SAU 6",Now I did receive a request. And what would be the cost to keep bluff open? Okay.,Speaker 7,https://reflect-claremont.cablecast.tv/internetchannel/show/17092?site=1&seekto=2861
0:47:51.22,0:48:24.42,2871.22,2904.42,Matt Angell,"Interim Business Administrator, SAU 6","There were 17 positions, but I only  are estimating to bring back, let's see. 2346. Okay. At $619,083. And that would only have to be added back to the four school current config model. I don't think you could make it fit in any of the other models. So that would total $46,831,034 or,  a $3.6 million increase or 8.4% increase.",Speaker 7,https://reflect-claremont.cablecast.tv/internetchannel/show/17092?site=1&seekto=2871
0:48:24.50,0:48:55.14,2904.50,2935.14,Matt Angell,"Interim Business Administrator, SAU 6","Now, on the tax rate, one of the big questions that I was asked was what would be the impact for thousand? Okay.  I've highlighted there in yellow for every $100,000 added to the operating budget. It would increase your, your, real estate tax by $0.08. And when I say increase your real estate tax, that would be the combined of your state and local tax because all of your state and local tax on your real estate tax bill comes to the school district.",Speaker 7,https://reflect-claremont.cablecast.tv/internetchannel/show/17092?site=1&seekto=2904
0:48:55.26,0:49:23.70,2935.26,2963.70,Matt Angell,"Interim Business Administrator, SAU 6","Okay.  Now for  under the current model.  All in for real estate tax is $17.45. Under the three school model would be $18.14 under the for school aligned model. It's $18.80 and under the for school current position model, it's $19.91.",Speaker 7,https://reflect-claremont.cablecast.tv/internetchannel/show/17092?site=1&seekto=2935
0:49:23.78,0:49:41.86,2963.78,2981.86,Matt Angell,"Interim Business Administrator, SAU 6","Now I want to make people aware of one item that I see on the horizon,  and that's under adequacy aid. For next fiscal year, the hold harmless grant is going to kick in  for $1.3 million, I think after for fiscal year 27, I.",Speaker 7,https://reflect-claremont.cablecast.tv/internetchannel/show/17092?site=1&seekto=2963
0:49:41.94,0:49:42.78,2981.94,2982.78,Heather Whitney,School Board Chair,"This year, 28.",Speaker 1,https://reflect-claremont.cablecast.tv/internetchannel/show/17092?site=1&seekto=2981
0:49:42.82,0:49:43.50,2982.82,2983.50,Kerry Kennedy,"Interim Superintendent, SAU 6",28.,Speaker 8,https://reflect-claremont.cablecast.tv/internetchannel/show/17092?site=1&seekto=2982
0:49:43.58,0:50:16.30,2983.58,3016.30,Matt Angell,"Interim Business Administrator, SAU 6","I'm sorry. Yeah. 28. It's difficult thinking of all the years going forward. Okay. So one year after the current budget, you might want to anticipate or  a drop in state aid, okay. Because the hold harmless grant, all it does is,  it smooths out the impact of your state aid to make sure that you only receive, you receive at least 104% of the prior year.",Speaker 7,https://reflect-claremont.cablecast.tv/internetchannel/show/17092?site=1&seekto=2983
0:50:16.38,0:50:22.26,3016.38,3022.26,Matt Angell,"Interim Business Administrator, SAU 6",Okay.,Speaker 7,https://reflect-claremont.cablecast.tv/internetchannel/show/17092?site=1&seekto=3016
0:50:22.34,0:50:34.74,3022.34,3034.74,Matt Angell,"Interim Business Administrator, SAU 6","Now I want to highlight some budget, and I'm sorry, some question and answer sessions that the the school board raised. And we also have some community input there. Do you want to do the next one?",Speaker 7,https://reflect-claremont.cablecast.tv/internetchannel/show/17092?site=1&seekto=3022
0:50:34.78,0:50:35.94,3034.78,3035.94,Kerry Kennedy,"Interim Superintendent, SAU 6 (answers 'Do you want to do the next one?')",I would love to. Okay.,Speaker 10,https://reflect-claremont.cablecast.tv/internetchannel/show/17092?site=1&seekto=3034
0:50:35.98,0:50:55.42,3035.98,3055.42,Kerry Kennedy,"Interim Superintendent, SAU 6","So there are some questions that people had who want to highlight some of those. So there's a question about the confirmation of the grade composition of the grades and line options and are the following. True. So the four school line option configuration is to two, 3 to 5 in keeping the middle and high school untouched. And so the budget for the four school model line configuration was built on that.",Speaker 8,https://reflect-claremont.cablecast.tv/internetchannel/show/17092?site=1&seekto=3035
0:50:55.42,0:51:13.90,3055.42,3073.90,Kerry Kennedy,"Interim Superintendent, SAU 6","So it would be a k to to within one building, a 3 to 5 and another building. And then the middle school and high school are exactly as they're right now. So this is the same as the request that was given before, you know, October 15th. So that's the composition of what it would look like for the four school aligned model.",Speaker 8,https://reflect-claremont.cablecast.tv/internetchannel/show/17092?site=1&seekto=3055
0:51:13.98,0:51:32.50,3073.98,3092.50,Kerry Kennedy,"Interim Superintendent, SAU 6","Then there's a question about the three school line model configuration in K to three in the lower elementary, 4 to 6 and the upper elementary and 7 to 12 at Stevens. And so the budget for the three school model line configuration was built with being a key to two,  a 3 to 6 and then a 7 to 12.",Speaker 8,https://reflect-claremont.cablecast.tv/internetchannel/show/17092?site=1&seekto=3073
0:51:32.58,0:51:52.02,3092.58,3112.02,Kerry Kennedy,"Interim Superintendent, SAU 6","And that was also the request that we had, you know, back in the middle of October. So, so there's been discussions about where grades three and seven go in the final version, that's still, you know, potentially open for discussion. But the number of students currently they're at is 108 in each grade level. So numerically it does not make a difference.",Speaker 8,https://reflect-claremont.cablecast.tv/internetchannel/show/17092?site=1&seekto=3092
0:51:52.10,0:52:10.34,3112.10,3130.34,Kerry Kennedy,"Interim Superintendent, SAU 6","There same number of students. It's a matter of, you know, is it preferable to have students pre-K to two or pre-K to three, and the upper elementary school would be 3 to 6, or it could be 4 to 7.  And then the, you know, the junior senior high school would be the 7 to 12. So, those are some of the big things that are coming up.",Speaker 8,https://reflect-claremont.cablecast.tv/internetchannel/show/17092?site=1&seekto=3112
0:52:10.46,0:52:28.82,3130.46,3148.82,Kerry Kennedy,"Interim Superintendent, SAU 6","We continue on. So what number of interventionists per student or grade are needed to make an impact? Excuse me? An academic impact. And so Matt and answer the three school nine model has ten interventionists above what we already have for title one. The for school, a line model. Again, that would be the one schools K to two.",Speaker 8,https://reflect-claremont.cablecast.tv/internetchannel/show/17092?site=1&seekto=3130
0:52:28.82,0:52:46.78,3148.82,3166.78,Kerry Kennedy,"Interim Superintendent, SAU 6","When the school is 3 to 5, that would be have six interventionists above what we get for title one right now the four school current configuration that we have now there's zero other interventionists besides what we have through title one grant funding. But really, to make the significant impact, any interventionist model needs to be included with targeted professional development.",Speaker 8,https://reflect-claremont.cablecast.tv/internetchannel/show/17092?site=1&seekto=3148
0:52:46.78,0:53:09.58,3166.78,3189.58,Kerry Kennedy,"Interim Superintendent, SAU 6","We would work on that and then a robust mentoring model, so we would hopefully get back to that as well. Are the classes in the current underlined model equitable. So in the high end no. Yeah. Low numbers. And so right now in terms of numbers numerically, no, the bluff classes were moved intact and some of them have smaller class sizes  than their Maple or Disney counterparts.",Speaker 8,https://reflect-claremont.cablecast.tv/internetchannel/show/17092?site=1&seekto=3166
0:53:09.58,0:53:26.90,3189.58,3206.90,Kerry Kennedy,"Interim Superintendent, SAU 6","And so example, there's a class that came over from bluff that had ten students at the kindergarten or elementary level. And so that's not the same number of the students that were in the positions in those schools before the move happened. And so we left that purposely so that there was fewer disruptions to the students and the staff.",Speaker 8,https://reflect-claremont.cablecast.tv/internetchannel/show/17092?site=1&seekto=3189
0:53:26.98,0:53:43.70,3206.98,3223.70,Kerry Kennedy,"Interim Superintendent, SAU 6","But the plan would be in the future that they would be, you know, just again, regulated into the, you know, numbers of students that we have. We all recognize and I appreciate the work the administrators and all the teachers have done is that all of the students from bluff assimilated into their schools, their in their new schools.",Speaker 8,https://reflect-claremont.cablecast.tv/internetchannel/show/17092?site=1&seekto=3206
0:53:43.78,0:54:06.78,3223.78,3246.78,Kerry Kennedy,"Interim Superintendent, SAU 6","And we recognize that there, you know, there's not that distinguish there is a little bit of a class one part, but we want to make sure that every understands that they're the bluff students or everybody's students. So where regardless of where it's, you know, settles into which school. So they are all our students. There is also about question about attrition for staff members and for the three years, what is our attrition rate for teachers in the service span.",Speaker 8,https://reflect-claremont.cablecast.tv/internetchannel/show/17092?site=1&seekto=3223
0:54:06.78,0:54:31.58,3246.78,3271.58,Kerry Kennedy,"Interim Superintendent, SAU 6","And so we're looking at categories of teachers who've been here from 0 to 5 years. Teachers have been here from 6 to 15 years, and those that have been here for 15 plus years. So in 2023. I'll go back a little bit. There were 19 teachers who left in the 0 to 5 year category. There were five teachers that left in the 6 to 15 years, excuse me, and seven teachers left and that were here greater than 15 years, or a total of 31 in the 2023 year.",Speaker 8,https://reflect-claremont.cablecast.tv/internetchannel/show/17092?site=1&seekto=3246
0:54:31.74,0:54:50.94,3271.74,3290.94,Kerry Kennedy,"Interim Superintendent, SAU 6","In the 2024 year, we had 18 staff who left in the 0 to 5 year level of experience. Five members who left in the 6 to 15 years of experience and then four who left in the 15 plus for a total of 27 staff members. This year, we have had 25 who left in the 0 to 5.",Speaker 8,https://reflect-claremont.cablecast.tv/internetchannel/show/17092?site=1&seekto=3271
0:54:51.02,0:55:05.54,3291.02,3305.54,Kerry Kennedy,"Interim Superintendent, SAU 6",We had seven in the 6 to 15 level of experience and then three who were the 15 plus for a total of 35. So there were four more staff members who have left from the the next highest number from 2023. So attrition rate has been.,Speaker 8,https://reflect-claremont.cablecast.tv/internetchannel/show/17092?site=1&seekto=3291
0:55:05.58,0:55:06.34,3305.58,3306.34,Heather Whitney,School Board Chair,Stable.,Speaker 1,https://reflect-claremont.cablecast.tv/internetchannel/show/17092?site=1&seekto=3305
0:55:06.46,0:55:10.06,3306.46,3310.06,Kerry Kennedy,"Interim Superintendent, SAU 6","A little bit more, but, you know, consistent a little bit in some ways.",Speaker 8,https://reflect-claremont.cablecast.tv/internetchannel/show/17092?site=1&seekto=3306
0:55:10.22,0:55:11.10,3310.22,3311.10,Matt Angell,"Interim Business Administrator, SAU 6","Okay, I can.",Speaker 7,https://reflect-claremont.cablecast.tv/internetchannel/show/17092?site=1&seekto=3310
0:55:11.10,0:55:12.32,3311.10,3312.32,Matt Angell,"Interim Business Administrator, SAU 6 (sentence continuation of seg 248)","Do this one, the Warren article.",Speaker 10,https://reflect-claremont.cablecast.tv/internetchannel/show/17092?site=1&seekto=3311
0:55:12.46,0:55:28.18,3312.46,3328.18,Matt Angell,"Interim Business Administrator, SAU 6","Yeah. So, although this is not important at this meeting, we just kind of want to give the, give you an idea of what is going to be coming up at the next meeting, because at the next meeting, we're going to ask you to sign the warrant.  As long  along with approving a budget and also signing the default budget.",Speaker 7,https://reflect-claremont.cablecast.tv/internetchannel/show/17092?site=1&seekto=3312
0:55:28.26,0:55:58.10,3328.26,3358.10,Matt Angell,"Interim Business Administrator, SAU 6","And so basically the the first one is, is we're going to have an article related to the administrators union collective bargaining agreement. And that agreement would be funded through tax dollars. The second one is possibly putting in a warrant article for special education reserves. And that would be funded through year end reserves for next year.  Novel. And then the third one is is building improvement reserves and again funded through year end reserves, I mean surpluses.",Speaker 7,https://reflect-claremont.cablecast.tv/internetchannel/show/17092?site=1&seekto=3328
0:55:58.26,0:56:15.34,3358.26,3375.34,Matt Angell,"Interim Business Administrator, SAU 6","And then the the final one is permission to sell, rent or lease surplus property, specifically bluff and the Masonic Temple. Okay.  And then at this time, we're not recommending an appropriation. I mean, a deficit appropriation.",Speaker 7,https://reflect-claremont.cablecast.tv/internetchannel/show/17092?site=1&seekto=3358
0:56:15.42,0:56:18.62,3375.42,3378.62,Heather Whitney,School Board Chair,Are we anticipating an end of year surplus?,Speaker 1,https://reflect-claremont.cablecast.tv/internetchannel/show/17092?site=1&seekto=3375
0:56:18.70,0:56:22.42,3378.70,3382.42,Matt Angell,"Interim Business Administrator, SAU 6",Not for this year. This would be warrant articles for next year.,Speaker 7,https://reflect-claremont.cablecast.tv/internetchannel/show/17092?site=1&seekto=3378
0:56:22.50,0:56:23.66,3382.50,3383.66,Heather Whitney,School Board Chair,Okay.,Speaker 1,https://reflect-claremont.cablecast.tv/internetchannel/show/17092?site=1&seekto=3382
0:56:23.74,0:56:24.38,3383.74,3384.38,Kerry Kennedy,"Interim Superintendent, SAU 6",Yes.,Speaker 8,https://reflect-claremont.cablecast.tv/internetchannel/show/17092?site=1&seekto=3383
0:56:24.46,0:56:26.86,3384.46,3386.86,Heather Whitney,School Board Chair,So we would be going in to.,Speaker 1,https://reflect-claremont.cablecast.tv/internetchannel/show/17092?site=1&seekto=3384
0:56:26.94,0:56:35.82,3386.94,3395.82,Matt Angell,"Interim Business Administrator, SAU 6",This is next year's budget. Yeah. So if I could start out the year at zero right. There's a possibility you could have a surplus next year.,Speaker 7,https://reflect-claremont.cablecast.tv/internetchannel/show/17092?site=1&seekto=3386
0:56:35.90,0:56:36.50,3395.90,3396.50,Matt Angell,"Interim Business Administrator, SAU 6 (sentence continuation - 'at the end of the [year]')",At the end of the.,Speaker 10,https://reflect-claremont.cablecast.tv/internetchannel/show/17092?site=1&seekto=3395
0:56:36.58,0:56:38.86,3396.58,3398.86,Matt Angell,"Interim Business Administrator, SAU 6",And you'd be like a normal school district.,Speaker 7,https://reflect-claremont.cablecast.tv/internetchannel/show/17092?site=1&seekto=3396
0:56:39.06,0:56:43.18,3399.06,3403.18,Heather Whitney,School Board Chair,But we wouldn't be moving into the school year with any.,Speaker 1,https://reflect-claremont.cablecast.tv/internetchannel/show/17092?site=1&seekto=3399
0:56:43.26,0:56:43.54,3403.26,3403.54,Matt Angell,"Interim Business Administrator, SAU 6 (onset clipped; continues in seg 264)",If you.,Speaker 4,https://reflect-claremont.cablecast.tv/internetchannel/show/17092?site=1&seekto=3403
0:56:43.54,0:56:43.82,3403.54,3403.82,Matt Angell,"Interim Business Administrator, SAU 6 (onset clipped; continues in seg 264)",Move.,Speaker 10,https://reflect-claremont.cablecast.tv/internetchannel/show/17092?site=1&seekto=3403
0:56:43.90,0:56:56.62,3403.90,3416.62,Matt Angell,"Interim Business Administrator, SAU 6","If you move into the school year with any surplus, it has to be used to reduce the tax rate. Or it could be set aside in the contingency fund that was previously approved by the taxpayers several years ago.",Speaker 7,https://reflect-claremont.cablecast.tv/internetchannel/show/17092?site=1&seekto=3403
0:56:56.70,0:57:11.78,3416.70,3431.78,Heather Whitney,School Board Chair,"I guess my question is, if there was an event that required a large sum of money, for instance, a leaky roof or a boiler going? Yes. What is our recourse at that point in time without the reserve funds to fall back on?",Speaker 1,https://reflect-claremont.cablecast.tv/internetchannel/show/17092?site=1&seekto=3416
0:57:11.86,0:57:37.34,3431.86,3457.34,Matt Angell,"Interim Business Administrator, SAU 6","So if there's say there's an event. Okay. So,  I know of a couple of things that I may we're trying to get pricing right now that I may bring to the school board later on in the year, depending upon whether we can land the year. Well, okay. If we can land the year, well, I'm going to come to the school board and say, can we do these like specific projects?",Speaker 7,https://reflect-claremont.cablecast.tv/internetchannel/show/17092?site=1&seekto=3431
0:57:37.38,0:57:44.82,3457.38,3464.82,Matt Angell,"Interim Business Administrator, SAU 6",One of them is a roofing project  and the other one is some asbestos mitigation.,Speaker 7,https://reflect-claremont.cablecast.tv/internetchannel/show/17092?site=1&seekto=3457
0:57:44.90,0:57:49.98,3464.90,3469.98,Heather Whitney,School Board Chair,"When you mean, can we do them, where do we get the money to do them?",Speaker 1,https://reflect-claremont.cablecast.tv/internetchannel/show/17092?site=1&seekto=3464
0:57:50.02,0:57:53.74,3470.02,3473.74,Matt Angell,"Interim Business Administrator, SAU 6",We will talk about that if it's possible.,Speaker 7,https://reflect-claremont.cablecast.tv/internetchannel/show/17092?site=1&seekto=3470
0:57:53.82,0:57:54.70,3473.82,3474.70,Candace Crawford,School Board Member; Finance Subcommittee Chair,Have they finished.,Speaker 10,https://reflect-claremont.cablecast.tv/internetchannel/show/17092?site=1&seekto=3473
0:57:54.70,0:57:55.54,3474.70,3475.54,Heather Whitney,School Board Chair,Their presentation?,Speaker 1,https://reflect-claremont.cablecast.tv/internetchannel/show/17092?site=1&seekto=3474
0:57:55.58,0:57:56.86,3475.58,3476.86,Candace Crawford,School Board Member; Finance Subcommittee Chair,I think we're waiting.,Speaker 10,https://reflect-claremont.cablecast.tv/internetchannel/show/17092?site=1&seekto=3475
0:57:56.86,0:57:57.66,3476.86,3477.66,Heather Whitney,School Board Chair,Sorry.,Speaker 1,https://reflect-claremont.cablecast.tv/internetchannel/show/17092?site=1&seekto=3476
0:57:57.74,0:57:58.74,3477.74,3478.74,Candace Crawford,School Board Member; Finance Subcommittee Chair,Yeah.,Speaker 10,https://reflect-claremont.cablecast.tv/internetchannel/show/17092?site=1&seekto=3477
0:57:58.82,0:58:28.10,3478.82,3508.10,Matt Angell,"Interim Business Administrator, SAU 6","All right. So next steps okay. On January 20th, there's going to be a public hearing at Stephens High School at 7 p.m.. I want to inform you that the public hearing may be continued into the following day. If there are any changes to the budget. Okay. I recommend that you don't. And if that's the case, then, you could close the public hearing on the 20th and vote on the 21st.",Speaker 7,https://reflect-claremont.cablecast.tv/internetchannel/show/17092?site=1&seekto=3478
0:58:28.18,0:58:52.22,3508.18,3532.22,Matt Angell,"Interim Business Administrator, SAU 6","Now,  on the 21st school board meeting to approve the budget  warrant and default budget.  Now, I want to swing back to the public hearing on January 20th. And now this is going to be really for the public, on January 20th, because we're bringing multiple budgets to you. They're going to be multiple presentations for the same data.",Speaker 7,https://reflect-claremont.cablecast.tv/internetchannel/show/17092?site=1&seekto=3508
0:58:52.30,0:59:07.22,3532.30,3547.22,Matt Angell,"Interim Business Administrator, SAU 6","Okay. We're going to try to make it not as confusing as possible. We're going to just try to like talk about each model individually so that when they vote on the next day, you know, which model,",Speaker 7,https://reflect-claremont.cablecast.tv/internetchannel/show/17092?site=1&seekto=3532
0:59:07.30,0:59:08.18,3547.30,3548.18,Matt Angell,"Interim Business Administrator, SAU 6 (sentence continuation)",What is it look like.,Speaker 10,https://reflect-claremont.cablecast.tv/internetchannel/show/17092?site=1&seekto=3547
0:59:08.38,0:59:16.90,3548.38,3556.90,Matt Angell,"Interim Business Administrator, SAU 6",That was presented? Okay. That's it.,Speaker 7,https://reflect-claremont.cablecast.tv/internetchannel/show/17092?site=1&seekto=3548
0:59:16.98,0:59:33.94,3556.98,3573.94,Heather Whitney,School Board Chair,"Excuse me. I just have a brief question about that slide that's up right now. Usually traditionally we've had the public hearing and then the vote at the same meeting. Is it because there are two budgets being presented, the reason for the two nights?",Speaker 1,https://reflect-claremont.cablecast.tv/internetchannel/show/17092?site=1&seekto=3556
0:59:34.02,0:59:34.98,3574.02,3574.98,Matt Angell,"Interim Business Administrator, SAU 6 (answers absorbed into a board member's cluster)",Yes.,Speaker 4,https://reflect-claremont.cablecast.tv/internetchannel/show/17092?site=1&seekto=3574
0:59:35.06,0:59:38.46,3575.06,3578.46,Matt Angell,"Interim Business Administrator, SAU 6",But the 21st is a school board meeting is a regularly scheduled school.,Speaker 7,https://reflect-claremont.cablecast.tv/internetchannel/show/17092?site=1&seekto=3575
0:59:38.46,0:59:38.94,3578.46,3578.94,Matt Angell,"Interim Business Administrator, SAU 6 (answers absorbed into a board member's cluster)",Board meeting.,Speaker 10,https://reflect-claremont.cablecast.tv/internetchannel/show/17092?site=1&seekto=3578
0:59:38.98,0:59:41.22,3578.98,3581.22,Heather Whitney,School Board Chair,"Traditionally, we've had the public hearing first.",Speaker 1,https://reflect-claremont.cablecast.tv/internetchannel/show/17092?site=1&seekto=3578
0:59:41.34,0:59:41.70,3581.34,3581.70,Matt Angell,"Interim Business Administrator, SAU 6 (answers absorbed into a board member's cluster)",Yes.,Speaker 10,https://reflect-claremont.cablecast.tv/internetchannel/show/17092?site=1&seekto=3581
0:59:41.74,0:59:45.18,3581.74,3585.18,Heather Whitney,School Board Chair,"At that night. So my question, I think you just said yes.",Speaker 1,https://reflect-claremont.cablecast.tv/internetchannel/show/17092?site=1&seekto=3581
0:59:45.26,0:59:47.22,3585.26,3587.22,Matt Angell,"Interim Business Administrator, SAU 6 (answers absorbed into a board member's cluster)",Yes. That's correct. I.,Speaker 10,https://reflect-claremont.cablecast.tv/internetchannel/show/17092?site=1&seekto=3585
0:59:47.30,1:00:06.34,3587.30,3606.34,Matt Angell,"Interim Business Administrator, SAU 6","I want to be clear to the public to on this, because there's so many different models being presented, we are kind of going to the bitter end and making a decision. Right? Okay. And so we have to make a decision on January 21st.  We cannot move forward beyond that day.",Speaker 7,https://reflect-claremont.cablecast.tv/internetchannel/show/17092?site=1&seekto=3587
1:00:06.42,1:00:32.46,3606.42,3632.46,Candace Crawford,School Board Member; Finance Subcommittee Chair,"Mr. Crawford, just a clarification. We have to have the hearing on the 20th. That's because of the calendar. That's right. Right. The court. The court tells us  when the hearing has to be done. The hearing has to be accomplished by January 20th. That's why we're not waiting until the 21st for a regular school board meeting. It's because of the court.",Speaker 10,https://reflect-claremont.cablecast.tv/internetchannel/show/17092?site=1&seekto=3606
1:00:32.54,1:00:33.02,3632.54,3633.02,Candace Crawford,School Board Member; Finance Subcommittee Chair (sentence continuation — 'the general court'),The general.,Speaker 7,https://reflect-claremont.cablecast.tv/internetchannel/show/17092?site=1&seekto=3632
1:00:33.02,1:00:39.82,3633.02,3639.82,Candace Crawford,School Board Member; Finance Subcommittee Chair,"Court, the general courts, calendar of when stuff has to be done. Yes.",Speaker 10,https://reflect-claremont.cablecast.tv/internetchannel/show/17092?site=1&seekto=3633
1:00:39.90,1:00:40.46,3639.90,3640.46,Heather Whitney,School Board Chair,Thank you.,Speaker 1,https://reflect-claremont.cablecast.tv/internetchannel/show/17092?site=1&seekto=3639
1:00:40.62,1:00:43.98,3640.62,3643.98,Matt Angell,"Interim Business Administrator, SAU 6",Yes.,Speaker 7,https://reflect-claremont.cablecast.tv/internetchannel/show/17092?site=1&seekto=3640
1:00:44.06,1:01:05.74,3644.06,3665.74,Heather Whitney,School Board Chair,"Is there any clarifying questions or any more?  One more. Earlier, Miss Kennedy, you said that the the students who came over from bluff are in smaller classes because they remained with their teacher? My my question is, and I think I know the answer that will end as of June 30th, because all of the students will either be  Dennard or Maple.",Speaker 1,https://reflect-claremont.cablecast.tv/internetchannel/show/17092?site=1&seekto=3644
1:01:05.78,1:01:06.50,3665.78,3666.50,Kerry Kennedy,"Interim Superintendent, SAU 6",In any of the model.,Speaker 8,https://reflect-claremont.cablecast.tv/internetchannel/show/17092?site=1&seekto=3665
1:01:06.54,1:01:11.61,3666.54,3671.61,Heather Whitney,School Board Chair,"So it will equal out, out. Thank you. Mr.. Mr..",Speaker 1,https://reflect-claremont.cablecast.tv/internetchannel/show/17092?site=1&seekto=3666
1:01:11.62,1:01:23.86,3671.62,3683.86,Unidentified board member,School Board Member (uncertain — recognized by the Chair as 'Mr.'; this cluster merges Sprague and Madden),"Great clarifying question on the teacher attrition rates. So I'm curious if if that's truly teacher attrition, they're leaving voluntarily or does that include folks who are non rude as well?",Speaker 11,https://reflect-claremont.cablecast.tv/internetchannel/show/17092?site=1&seekto=3671
1:01:23.94,1:01:41.70,3683.94,3701.70,Matt Angell,"Interim Business Administrator, SAU 6","Okay. So when I built that all I did is I looked at the termination date as to whether it fell into that year  and the years of experience. There's no data in the system that tells me, or that I saw that tells me the purpose or the reason why they left. Okay.",Speaker 7,https://reflect-claremont.cablecast.tv/internetchannel/show/17092?site=1&seekto=3683
1:01:41.78,1:01:43.67,3701.78,3703.67,Heather Whitney,School Board Chair,You could have been retirement to.,Speaker 1,https://reflect-claremont.cablecast.tv/internetchannel/show/17092?site=1&seekto=3701
1:01:43.75,1:01:47.94,3703.75,3707.94,Kerry Kennedy,"Interim Superintendent, SAU 6","Done renewed. Right. Includes a lot of okay, you know, purpose.",Speaker 8,https://reflect-claremont.cablecast.tv/internetchannel/show/17092?site=1&seekto=3703
1:01:48.02,1:02:05.82,3708.02,3725.82,Heather Whitney,School Board Chair,"I think the number looks I think probably there might be some, dissonance in the community because we did not ratify a large number of teachers. So there's a difference between attrition, people voluntarily leaving the district  and.",Speaker 1,https://reflect-claremont.cablecast.tv/internetchannel/show/17092?site=1&seekto=3708
1:02:05.90,1:02:06.18,3725.90,3726.18,Heather Whitney,School Board Chair (sentence continuation),Those.,Speaker 8,https://reflect-claremont.cablecast.tv/internetchannel/show/17092?site=1&seekto=3725
1:02:06.18,1:02:22.42,3726.18,3742.42,Heather Whitney,School Board Chair,"That the teachers that were never ratified to become part of our, district staff is am I correct in that? Am I correct in that? Okay. So is there any more questions? Because I have a number of questions as well.",Speaker 1,https://reflect-claremont.cablecast.tv/internetchannel/show/17092?site=1&seekto=3726
1:02:22.42,1:02:57.58,3742.42,3777.58,Candace Crawford,School Board Member; Finance Subcommittee Chair,"So I have a few questions and comments. First of all, the slide for the adequacy aid, that impact  will not be felt in this 20 years this fiscal 20. So yeah,  the adequacy a change will not be affected in the 2627 budget. Yeah. All right.  So that is for future consideration but not on the budgets we're looking at right now okay.",Speaker 10,https://reflect-claremont.cablecast.tv/internetchannel/show/17092?site=1&seekto=3742
1:02:57.74,1:03:17.58,3777.74,3797.58,Matt Angell,"Interim Business Administrator, SAU 6","So you have to understand we're so close to setting the current tax rate. The future revenues are kind of like foggy. Right. And the state gave us an estimate as to what the adequacy aid is and what their estimate is, is, is very similar to what, what it is currently. So all the other revenues really don't change much.",Speaker 7,https://reflect-claremont.cablecast.tv/internetchannel/show/17092?site=1&seekto=3777
1:03:17.78,1:03:23.58,3797.78,3803.58,Matt Angell,"Interim Business Administrator, SAU 6","So as we progress through time, I'm going to be able to predict that better.",Speaker 7,https://reflect-claremont.cablecast.tv/internetchannel/show/17092?site=1&seekto=3797
1:03:23.66,1:04:05.58,3803.66,3845.58,Candace Crawford,School Board Member; Finance Subcommittee Chair,"Second question comment. When we're looking at the numbers for,  the various models that we're, we're considering, we see what the increase. You have you've given us a nice chart. That gives us a percent increase in the budget for the various models.  And you've also given us, increases in the tax rate. I understand that the increases over current budget  are to me they're clear.",Speaker 10,https://reflect-claremont.cablecast.tv/internetchannel/show/17092?site=1&seekto=3803
1:04:05.62,1:04:33.54,3845.62,3873.54,Candace Crawford,School Board Member; Finance Subcommittee Chair,"That's, that's just a straight calculation. What's less clear and less identifiable is the tax rate impact, because there are several factors that go into that that are beyond our control. Yeah. And so for me, when I'm looking at this, I think it's very difficult to compare tax rate impact because I as a school board, we don't have.",Speaker 10,https://reflect-claremont.cablecast.tv/internetchannel/show/17092?site=1&seekto=3845
1:04:33.74,1:04:33.86,3873.74,3873.86,Candace Crawford,School Board Member; Finance Subcommittee Chair (sentence continuation),You.,Speaker 1,https://reflect-claremont.cablecast.tv/internetchannel/show/17092?site=1&seekto=3873
1:04:33.90,1:04:49.26,3873.90,3889.26,Candace Crawford,School Board Member; Finance Subcommittee Chair,"Know, no, we don't have all the controls over that we can we only can say what the cost, what the budget for expenditures, what we're approving or not approving. Bottom line, isn't that true? Yes.",Speaker 10,https://reflect-claremont.cablecast.tv/internetchannel/show/17092?site=1&seekto=3873
1:04:49.50,1:05:10.58,3889.50,3910.58,Matt Angell,"Interim Business Administrator, SAU 6","Can I expand on that a little? Sure. Okay, so I put the slide back up. So in the second row down that's the local revenue. That would be tuition and special ed aid. I don't even know what that stuff is. Right. Okay. That's that is going to be riled. Okay.  The when you get down to the valuation, the valuation is done by the assessors for the for the city.",Speaker 7,https://reflect-claremont.cablecast.tv/internetchannel/show/17092?site=1&seekto=3889
1:05:10.62,1:05:24.54,3910.62,3924.54,Matt Angell,"Interim Business Administrator, SAU 6",Right. Okay.  And I'm only using the current assessed value. That's going to change the number for next fiscal year. Right. And also if we have a surplus that will change this as well.,Speaker 7,https://reflect-claremont.cablecast.tv/internetchannel/show/17092?site=1&seekto=3910
1:05:24.62,1:06:05.62,3924.62,3965.62,Candace Crawford,School Board Member; Finance Subcommittee Chair,"Okay. Another comment. May I please. Yeah. So,  I am looking at the, the chart, for the what? Our current budget is the 43 million. Okay. And then the three school model is 44 million before school reconfigured, if you will. Is 44 million 844.  And the current. And if we replicate what we're doing this year with four schools,  it goes up to 46 million.",Speaker 10,https://reflect-claremont.cablecast.tv/internetchannel/show/17092?site=1&seekto=3924
1:06:05.70,1:06:46.02,3965.70,4006.02,Candace Crawford,School Board Member; Finance Subcommittee Chair,"The reason, and I'm using a back of an envelope calculation. The difference between the for school reconfiguration and the current configuration for school is, because we would need more  staff for the, for school as it is now. But if we go to a reconfiguration, we will we will need less less staff to accommodate that. Because because of reconfiguration the the class, the classes change.",Speaker 10,https://reflect-claremont.cablecast.tv/internetchannel/show/17092?site=1&seekto=3965
1:06:46.02,1:07:16.90,4006.02,4036.90,Candace Crawford,School Board Member; Finance Subcommittee Chair,"Instead of having some classes at ten and some at 15 and,  and 16 or whatever, they would be bigger. They would be bigger, but none of them would be greater than I think you had 21 as as one of the models. So while they would be bigger classes, they than they are now, they're still within the standards that are that the state has set for class size.",Speaker 10,https://reflect-claremont.cablecast.tv/internetchannel/show/17092?site=1&seekto=4006
1:07:16.98,1:07:19.64,4036.98,4039.64,Kerry Kennedy,"Interim Superintendent, SAU 6",And our goal is to really keep the early childhood ones even lower. So.,Speaker 8,https://reflect-claremont.cablecast.tv/internetchannel/show/17092?site=1&seekto=4036
1:07:19.70,1:07:37.86,4039.70,4057.86,Candace Crawford,School Board Member; Finance Subcommittee Chair,"Right. Yeah. And and we would not be, eliminating any of those positions. We're not cutting staff, but the reduction in staff would be attributable to,",Speaker 10,https://reflect-claremont.cablecast.tv/internetchannel/show/17092?site=1&seekto=4039
1:07:37.94,1:07:38.54,4057.94,4058.54,Matt Angell,"Interim Business Administrator, SAU 6",Expansion.,Speaker 7,https://reflect-claremont.cablecast.tv/internetchannel/show/17092?site=1&seekto=4057
1:07:38.75,1:07:41.38,4058.75,4061.38,Candace Crawford,School Board Member; Finance Subcommittee Chair,"Yeah, yeah. Resignations.",Speaker 10,https://reflect-claremont.cablecast.tv/internetchannel/show/17092?site=1&seekto=4058
1:07:41.46,1:07:45.70,4061.46,4065.70,Matt Angell,"Interim Business Administrator, SAU 6","We have 78, 78 vacancies. I believe that was my last.",Speaker 7,https://reflect-claremont.cablecast.tv/internetchannel/show/17092?site=1&seekto=4061
1:07:45.74,1:07:46.26,4065.74,4066.26,Candace Crawford,School Board Member; Finance Subcommittee Chair,Right?,Speaker 10,https://reflect-claremont.cablecast.tv/internetchannel/show/17092?site=1&seekto=4065
1:07:46.34,1:07:48.98,4066.34,4068.98,Heather Whitney,School Board Chair,Okay. So we would change the number of vacancies.,Speaker 1,https://reflect-claremont.cablecast.tv/internetchannel/show/17092?site=1&seekto=4066
1:07:49.06,1:07:49.54,4069.06,4069.54,Matt Angell,"Interim Business Administrator, SAU 6",Yeah.,Speaker 7,https://reflect-claremont.cablecast.tv/internetchannel/show/17092?site=1&seekto=4069
1:07:49.74,1:08:18.46,4069.74,4098.46,Kerry Kennedy,"Interim Superintendent, SAU 6","Right. But also you can configure, you know, so if the schools were aligned and grades were in one room, you might change. Some might change grades.  Right. And so we might have a fourth fifth grade. There's a number of teachers we might need in one grade over another. But they wouldn't lose, you know, positions and things. And so you might because we're trying to the number of students in with each classroom we might lose, you know, like say one teacher at one grade would go to another grade that needs another teacher to those numbers.",Speaker 8,https://reflect-claremont.cablecast.tv/internetchannel/show/17092?site=1&seekto=4069
1:08:18.54,1:08:34.98,4098.54,4114.98,Candace Crawford,School Board Member; Finance Subcommittee Chair,"Okay. Another another comment that I think checked my memory. I think that during our, budget meetings,  the cost for healthcare went up 11.8%.",Speaker 10,https://reflect-claremont.cablecast.tv/internetchannel/show/17092?site=1&seekto=4098
1:08:35.10,1:08:36.18,4115.10,4116.18,Matt Angell,"Interim Business Administrator, SAU 6",I believe that's correct.,Speaker 7,https://reflect-claremont.cablecast.tv/internetchannel/show/17092?site=1&seekto=4115
1:08:36.22,1:08:50.94,4116.22,4130.94,Candace Crawford,School Board Member; Finance Subcommittee Chair,"Yes.  And and so, just just for the general public, how many, how many staff do we have, that we have on health insurance. 250.",Speaker 10,https://reflect-claremont.cablecast.tv/internetchannel/show/17092?site=1&seekto=4116
1:08:51.02,1:08:52.38,4131.02,4132.38,Matt Angell,"Interim Business Administrator, SAU 6",Yeah. It's something like that.,Speaker 7,https://reflect-claremont.cablecast.tv/internetchannel/show/17092?site=1&seekto=4131
1:08:52.42,1:08:53.06,4132.42,4133.06,Candace Crawford,School Board Member; Finance Subcommittee Chair,I think.,Speaker 10,https://reflect-claremont.cablecast.tv/internetchannel/show/17092?site=1&seekto=4132
1:08:53.10,1:08:53.86,4133.10,4133.86,Matt Angell,"Interim Business Administrator, SAU 6",I think that's.,Speaker 7,https://reflect-claremont.cablecast.tv/internetchannel/show/17092?site=1&seekto=4133
1:08:54.06,1:09:25.70,4134.06,4165.70,Candace Crawford,School Board Member; Finance Subcommittee Chair,"The number that we were using in our budget considerations. Yes. And,  and so for the public it's important I think for people to know that the I know for the two person,  plans, it's like 33,000 for the  family plans, it's 45,000 approximately per year. That's the cost. And the district is because of, negotiations, because of.",Speaker 10,https://reflect-claremont.cablecast.tv/internetchannel/show/17092?site=1&seekto=4134
1:09:25.78,1:09:58.86,4165.78,4198.86,Candace Crawford,School Board Member; Finance Subcommittee Chair,"Collective bargaining. Thank you. Collective bargaining.  An average of 95% is paid by the district.  And so so when you're looking at the budget increase for next year, that's a heck of a big number. The second thing is, in looking at next year's budget, we do have already agreed upon collective bargaining agreements that we must honor.",Speaker 10,https://reflect-claremont.cablecast.tv/internetchannel/show/17092?site=1&seekto=4165
1:09:58.90,1:10:26.46,4198.90,4226.46,Candace Crawford,School Board Member; Finance Subcommittee Chair,"So there are 3%. That's a common number. I think looking forward, the cost, labor costs. And in schools, 85% of our budget is labor, labor and benefits. That's true. And so the majority of the expense of a school district is, is labor. And that's, that's, that's that's going to go up.",Speaker 10,https://reflect-claremont.cablecast.tv/internetchannel/show/17092?site=1&seekto=4198
1:10:26.70,1:10:48.90,4226.70,4248.90,Matt Angell,"Interim Business Administrator, SAU 6","Okay. I want to expand a little bit on your health care comment. Okay. I tried to hedge some of the costs, 23 of the the the vacant positions for health care. I budgeted at $1. So that means that we can still if we hire someone, we can still fund them at the full amount. I'd have to find the remainder of their budget numbers somewhere else in the budget.",Speaker 7,https://reflect-claremont.cablecast.tv/internetchannel/show/17092?site=1&seekto=4226
1:10:49.06,1:11:00.78,4249.06,4260.78,Matt Angell,"Interim Business Administrator, SAU 6","Okay. The reason why I selected 23 is because  a normal school district would have, at any given moment, 23 vacancies. Right? Okay. Right. We just have a high number this year.",Speaker 7,https://reflect-claremont.cablecast.tv/internetchannel/show/17092?site=1&seekto=4249
1:11:00.86,1:11:39.34,4260.86,4299.34,Candace Crawford,School Board Member; Finance Subcommittee Chair,"And so? So we haven't our officially padded the budget with those trying to cover for, let's say some might put $45,000 in as a cost. On that line item for all those positions that we know on average aren't funded and we have put $1 in instead of $45,000.  And so that we've tried to be responsible in developing the budget to be realistic as to what will actually be the case.",Speaker 10,https://reflect-claremont.cablecast.tv/internetchannel/show/17092?site=1&seekto=4260
1:11:39.42,1:11:40.34,4299.42,4300.34,Candace Crawford,School Board Member; Finance Subcommittee Chair,Is that fair?,Speaker 10,https://reflect-claremont.cablecast.tv/internetchannel/show/17092?site=1&seekto=4299
1:11:40.46,1:11:40.74,4300.46,4300.74,Matt Angell,"Interim Business Administrator, SAU 6",Yeah.,Speaker 7,https://reflect-claremont.cablecast.tv/internetchannel/show/17092?site=1&seekto=4300
1:11:40.74,1:12:05.11,4300.74,4325.11,Candace Crawford,School Board Member; Finance Subcommittee Chair,"That's fair. Thank you.  I would like to make a comment. Your finance report about ending the year. I don't even dare say it out loud. Even. And this is January 7th, six, seven, seventh. Yeah. Okay.",Speaker 10,https://reflect-claremont.cablecast.tv/internetchannel/show/17092?site=1&seekto=4300
1:12:05.19,1:12:08.17,4325.19,4328.17,Matt Angell,"Interim Business Administrator, SAU 6","The crystal ball is foggy. Just so you know, I.",Speaker 7,https://reflect-claremont.cablecast.tv/internetchannel/show/17092?site=1&seekto=4325
1:12:08.40,1:12:39.34,4328.40,4359.34,Candace Crawford,School Board Member; Finance Subcommittee Chair,"I have to say, I. I sweat this every day.  I want to make sure that we end the year with money. That's. And I want to be able to, to make sure  that we can keep the schools open through the end of the year, that those kids can graduate, that we have a school opened and there are six months yet to go that we could have a number of things go wrong.",Speaker 10,https://reflect-claremont.cablecast.tv/internetchannel/show/17092?site=1&seekto=4328
1:12:39.42,1:12:49.70,4359.42,4369.70,Candace Crawford,School Board Member; Finance Subcommittee Chair,"And so while that's a wonderful, anticipated  outcome,  it's still a crapshoot. It is.",Speaker 10,https://reflect-claremont.cablecast.tv/internetchannel/show/17092?site=1&seekto=4359
1:12:49.82,1:12:52.42,4369.82,4372.42,Matt Angell,"Interim Business Administrator, SAU 6",Thank you. But I'm going to try to protect it as best I can.,Speaker 7,https://reflect-claremont.cablecast.tv/internetchannel/show/17092?site=1&seekto=4369
1:12:52.46,1:12:58.38,4372.46,4378.38,Candace Crawford,School Board Member; Finance Subcommittee Chair,"I, I I'm sure you will, but I want the public to know that it's still a crapshoot.",Speaker 10,https://reflect-claremont.cablecast.tv/internetchannel/show/17092?site=1&seekto=4372
1:12:58.46,1:13:03.40,4378.46,4383.40,Matt Angell,"Interim Business Administrator, SAU 6",Yes.,Speaker 7,https://reflect-claremont.cablecast.tv/internetchannel/show/17092?site=1&seekto=4378
1:13:03.48,1:13:28.76,4383.48,4408.76,Heather Whitney,School Board Chair,"The questions. I just want to verify  that or just compare and contrast between some of the models to make sure  that we're all kind of operating with the same information when we're having our further discussions. So my understanding is, is that if we go to the aligned, models, either the three school or the four school as it impacts elementary school.",Speaker 1,https://reflect-claremont.cablecast.tv/internetchannel/show/17092?site=1&seekto=4383
1:13:28.84,1:13:48.80,4408.84,4428.80,Heather Whitney,School Board Chair,"And we and I think Candy touched on this about the class sizes and my understanding. And correct me if I'm wrong, is that some of the disparity in the class sizes per grade  were as extreme as ten students in one class, and 24 in another class, in another school on some years.",Speaker 1,https://reflect-claremont.cablecast.tv/internetchannel/show/17092?site=1&seekto=4408
1:13:48.84,1:13:56.76,4428.84,4436.76,Kerry Kennedy,"Interim Superintendent, SAU 6","Similar. Yeah, I mean, there's some that were more, you know, 10 to 18 or, you know, different numbers. There is a disparity, but it's not as.",Speaker 8,https://reflect-claremont.cablecast.tv/internetchannel/show/17092?site=1&seekto=4428
1:13:56.96,1:13:59.00,4436.96,4439.00,Heather Whitney,School Board Chair,Not 3 to 4 students. It was meaning.,Speaker 1,https://reflect-claremont.cablecast.tv/internetchannel/show/17092?site=1&seekto=4436
1:13:59.04,1:14:03.60,4439.04,4443.60,Kerry Kennedy,"Interim Superintendent, SAU 6","There's a few that there were no significant, you know, eight students fewer in one room or something.",Speaker 8,https://reflect-claremont.cablecast.tv/internetchannel/show/17092?site=1&seekto=4439
1:14:03.84,1:14:37.12,4443.84,4477.12,Heather Whitney,School Board Chair,"Got it.  And with the aligned models in K through two, what I had kind of figured out was it was going to be roughly 17 students per class  and K through two.  And it's my understanding that the minimum standards, which we all agree  are not acceptable, minimum standards are minimum worst. The minimum standard is 25, with a target indicated by the state of 20 for class size.",Speaker 1,https://reflect-claremont.cablecast.tv/internetchannel/show/17092?site=1&seekto=4443
1:14:37.20,1:15:14.56,4477.20,4514.56,Heather Whitney,School Board Chair,"And third, fourth and fifth. The estimates that I have is that the class sizes would be roughly 19 and 20.  Per class.  And the target of those classes are 2025. So we're well below their even the floor.  And in fifth grade, 19 students, sixth grade 20 students per classroom.  And I know that there was some concern about whether we had a surge in, enrollment.",Speaker 1,https://reflect-claremont.cablecast.tv/internetchannel/show/17092?site=1&seekto=4477
1:15:14.68,1:15:48.08,4514.68,4548.08,Heather Whitney,School Board Chair,"And if I'm wrong, stop me. But I'm looking at we would need to have like in some of these classes, anywhere between 20 and a 30% increase in one year for us to even meet the target of, say, 20, in kindergarten in every class.  So I just want people to have their fears allayed, that even if we had a large influx of students, that we would not get anywhere close to the abysmal minimum standards level.",Speaker 1,https://reflect-claremont.cablecast.tv/internetchannel/show/17092?site=1&seekto=4514
1:15:48.16,1:16:24.96,4548.16,4584.96,Arlene Hawkins,School Board Member; Policy Subcommittee Chair (policy-subcommittee clarification on Ed 306 class size; segment also carries the Chair's brief assent),"May I clarify something about the minimum standards through the state 306? Yes. May I do that at this point? Is that okay? Yeah, we were looking at that today in our policy committee subcommittee meeting. And the current new language is that it is the average class size per educator that includes a teacher and a para. So both of those are equally looked at for average class size, which will, in my opinion, impact class sizes going forward.",Speaker 1,https://reflect-claremont.cablecast.tv/internetchannel/show/17092?site=1&seekto=4548
1:16:25.04,1:16:28.04,4585.04,4588.04,Heather Whitney,School Board Chair,Thank you.,Speaker 1,https://reflect-claremont.cablecast.tv/internetchannel/show/17092?site=1&seekto=4585
1:16:28.12,1:16:58.00,4588.12,4618.00,Heather Whitney,School Board Chair,"And  how would the interventionists if because the interventionist is a very new idea. And I think Arlene actually sent a question about how we would be integrating them in the first year. And I just want to clarify, it didn't sound like we would be able to actualize the interventionists in the first year in a way that they would traditionally be actualized, but perhaps we could use them in very effective ways, such as it just in push in services.",Speaker 1,https://reflect-claremont.cablecast.tv/internetchannel/show/17092?site=1&seekto=4588
1:16:58.04,1:17:24.45,4618.04,4644.45,Heather Whitney,School Board Chair,"And also we have had a substitute teacher crisis across the district, not this year, but for many years. And so I just want to I want for myself to know what the vision of the administrative group is. On how we would manage these additional teachers in the schools without really having the opportunity to do the kind of formal training to get them up to title one.",Speaker 1,https://reflect-claremont.cablecast.tv/internetchannel/show/17092?site=1&seekto=4618
1:17:24.53,1:17:48.96,4644.53,4668.96,Kerry Kennedy,"Interim Superintendent, SAU 6","So I would not necessarily, you know, there was  to be a default. You know, we've always, you know, any school is, you know, a substitute. That would not be my first choice is that they are the substitutes in the classroom because that ruins the intervention plan. And so now, having said that, there's always, you know, pandemic, you know, not pandemic, but like some epidemic of things that, you know, there's a flu thing where you could potentially do that, but that would not be the first choice of anybody.",Speaker 8,https://reflect-claremont.cablecast.tv/internetchannel/show/17092?site=1&seekto=4644
1:17:49.04,1:18:12.56,4669.04,4692.56,Kerry Kennedy,"Interim Superintendent, SAU 6","You know, we would still use the substitute model. We would still have a substitute plan for that. But there, you know, that would be a very worst case scenario, whether they would be the substitute teachers. But to have the intervention model and I worked in districts before where it's been very successful. And so typically you have your, more senior teacher, your more veteran teacher who's hopefully a willing to do it and looking forward to it.",Speaker 8,https://reflect-claremont.cablecast.tv/internetchannel/show/17092?site=1&seekto=4669
1:18:12.56,1:18:36.16,4692.56,4716.16,Kerry Kennedy,"Interim Superintendent, SAU 6","And it's a great opportunity to change. It's impacting more than just one classroom. It's impacting more of a grade level. And so Matt and I were discussing two and we've seen it very effective. Has been when you have an intervention time. So literacy intervention time and math intervention time by grade levels even more ideal. And so, you know, so all of your interventionists, you know, would be in there and it's be able to just divide and conquer.",Speaker 8,https://reflect-claremont.cablecast.tv/internetchannel/show/17092?site=1&seekto=4692
1:18:36.16,1:18:44.32,4716.16,4724.32,Kerry Kennedy,"Interim Superintendent, SAU 6","And so your classroom teachers, your special educators and your, you know, title one or intervention folks are all intervening with the whole grade level at one time.",Speaker 8,https://reflect-claremont.cablecast.tv/internetchannel/show/17092?site=1&seekto=4716
1:18:44.52,1:19:18.28,4724.52,4758.28,Heather Whitney,School Board Chair,"I guess what I'm asking is that it wouldn't be driven by like the Dow building. Like, for instance, when we had the instructional coaches in place, it was, you know, the, the job description. Sure. How they were going to be utilized was created and kind of driven by  the central office. What I'm what I'm hearing is this year, for at least the first year, if we are using the interventionist, it would be kind of up to the building leaders  on how the extra staff that were in the buildings were being used.",Speaker 1,https://reflect-claremont.cablecast.tv/internetchannel/show/17092?site=1&seekto=4724
1:19:18.36,1:19:27.56,4758.36,4767.56,Heather Whitney,School Board Chair,"And to your point, the first line of defense or the first use would not to be as a substitute, but to be used for academic purposes. Absolutely.",Speaker 1,https://reflect-claremont.cablecast.tv/internetchannel/show/17092?site=1&seekto=4758
1:19:27.80,1:19:44.00,4767.80,4784.00,Kerry Kennedy,"Interim Superintendent, SAU 6","Yeah. And so ideally, you know, the intervention is a really, you know, targeting ideally when you set it up and I've seen it most successful is when we have data meetings. Administrators, special educators, everybody is involved in it. And, you know, meeting in my last district, we did it on Fridays. Doesn't really matter which day of the week it is, things like that.",Speaker 8,https://reflect-claremont.cablecast.tv/internetchannel/show/17092?site=1&seekto=4767
1:19:44.08,1:20:00.37,4784.08,4800.37,Kerry Kennedy,"Interim Superintendent, SAU 6","That we we certainly talked to the unions about negotiating when it is and how it looks and things. But everybody sits down, says, here's our data. You know what it is. And, you know, you're making a 5 to 6 week plan every 5 to 6 weeks you're meeting. Are the students making progress? Yes. Are they going into this group or that group and moving forward?",Speaker 8,https://reflect-claremont.cablecast.tv/internetchannel/show/17092?site=1&seekto=4784
1:20:00.37,1:20:01.44,4800.37,4801.44,Kerry Kennedy,"Interim Superintendent, SAU 6",And they're very fluid groups.,Speaker 8,https://reflect-claremont.cablecast.tv/internetchannel/show/17092?site=1&seekto=4800
1:20:01.44,1:20:22.13,4801.44,4822.13,Heather Whitney,School Board Chair,"And this is this is kind of an intuitive thing for what what I'm looking for is are they going to be effective if we keep them in the budget for the first year? Okay. Basically, you know, is is this an intuitive thing for teachers and building administrators to be able to get these the teachers that are willing to step into these models to act effectively in their role.",Speaker 1,https://reflect-claremont.cablecast.tv/internetchannel/show/17092?site=1&seekto=4801
1:20:22.13,1:20:36.72,4822.13,4836.72,Heather Whitney,School Board Chair,"And so your answer is yes, I think that will be  and it will be optimized in following years when we get a more,  I don't know, a more solid Dow building administrative team. So I'm correct in that, right?",Speaker 1,https://reflect-claremont.cablecast.tv/internetchannel/show/17092?site=1&seekto=4822
1:20:36.80,1:20:53.60,4836.80,4853.60,Kerry Kennedy,"Interim Superintendent, SAU 6","Yes. Yes it does. It does not rely on specifically, you know, an assistant superintendent or a curriculum manager. You know, it's it's there are some things that can work on that. But we have already invested a lot of money into the programs that we have. We don't envision, you know, planning and changing other things like that. It is now taking what we have, digging deeper into it.",Speaker 8,https://reflect-claremont.cablecast.tv/internetchannel/show/17092?site=1&seekto=4836
1:20:53.64,1:20:57.00,4853.64,4857.00,Kerry Kennedy,"Interim Superintendent, SAU 6","You know, the teachers are already using that data. It's just better managing it with.",Speaker 8,https://reflect-claremont.cablecast.tv/internetchannel/show/17092?site=1&seekto=4853
1:20:57.12,1:21:24.36,4857.12,4884.36,Heather Whitney,School Board Chair,"Just not bodies in a building and they can actually be utilized. Okay.  And now the comparison between, we have ten interventionists assigned to the three school model, and we had six interventionists assigned to the four school model. In your opinion, is there is the six teacher interventionist number. Is that a a good number? Is that what you would have?",Speaker 1,https://reflect-claremont.cablecast.tv/internetchannel/show/17092?site=1&seekto=4857
1:21:24.44,1:21:28.28,4884.44,4888.28,Heather Whitney,School Board Chair,"Kind of. I mean, is there a reason why.",Speaker 1,https://reflect-claremont.cablecast.tv/internetchannel/show/17092?site=1&seekto=4884
1:21:28.36,1:21:34.28,4888.36,4894.28,Matt Angell,"Interim Business Administrator, SAU 6","Why there's more. There, there. Okay. When you go to a three school model, you.",Speaker 7,https://reflect-claremont.cablecast.tv/internetchannel/show/17092?site=1&seekto=4888
1:21:34.32,1:21:49.40,4894.32,4909.40,Heather Whitney,School Board Chair,"Have some talking about, like if you're happy with, if you're happy with six interventionists in the four school model, you would be feel that they would be equally effective in the three school. Correct. Okay.",Speaker 1,https://reflect-claremont.cablecast.tv/internetchannel/show/17092?site=1&seekto=4894
1:21:49.48,1:22:13.00,4909.48,4933.00,Arlene Hawkins,School Board Member; Policy Subcommittee Chair,"I just jump on that interventionist case. Yeah. I just want to clarify that if we have interventionists and that's looking at the number of  the amount of attrition that we've had, people who have left, if there is movement to align grades, it does not guarantee there will be interventionists in year one. Am I correct in that possibility?",Speaker 12,https://reflect-claremont.cablecast.tv/internetchannel/show/17092?site=1&seekto=4909
1:22:13.08,1:22:13.88,4933.08,4933.88,Matt Angell,"Interim Business Administrator, SAU 6",We're going to try.,Speaker 7,https://reflect-claremont.cablecast.tv/internetchannel/show/17092?site=1&seekto=4933
1:22:14.08,1:22:16.80,4934.08,4936.80,Arlene Hawkins,School Board Member; Policy Subcommittee Chair,"I know, but I'm just saying it's based on if.",Speaker 12,https://reflect-claremont.cablecast.tv/internetchannel/show/17092?site=1&seekto=4934
1:22:16.88,1:22:17.84,4936.88,4937.84,Matt Angell,"Interim Business Administrator, SAU 6","If, if.",Speaker 7,https://reflect-claremont.cablecast.tv/internetchannel/show/17092?site=1&seekto=4936
1:22:18.08,1:22:22.72,4938.08,4942.72,Arlene Hawkins,School Board Member; Policy Subcommittee Chair,Yeah. My second and they would not serve as building subs.,Speaker 12,https://reflect-claremont.cablecast.tv/internetchannel/show/17092?site=1&seekto=4938
1:22:22.80,1:22:27.16,4942.80,4947.16,Matt Angell,"Interim Business Administrator, SAU 6",I would strongly recommend that they do not serve as building sites.,Speaker 7,https://reflect-claremont.cablecast.tv/internetchannel/show/17092?site=1&seekto=4942
1:22:27.20,1:22:28.96,4947.20,4948.96,Arlene Hawkins,School Board Member; Policy Subcommittee Chair,I think you would have the support of a lot of.,Speaker 12,https://reflect-claremont.cablecast.tv/internetchannel/show/17092?site=1&seekto=4947
1:22:28.96,1:22:39.32,4948.96,4959.32,Matt Angell,"Interim Business Administrator, SAU 6","People because, that was actually a mistake that we had done in our last school district and we had to put our foot down. And that's when our our test scores took off.",Speaker 7,https://reflect-claremont.cablecast.tv/internetchannel/show/17092?site=1&seekto=4948
1:22:39.40,1:23:05.64,4959.40,4985.64,Arlene Hawkins,School Board Member; Policy Subcommittee Chair,"And the question of ten versus six. According to the strategic plan, the focus on student achievement is in the primary grades. So if you have if you have six  and if you have ten, why would you spread them up the grade levels rather than create even more concentrated intervention if possibilities for the younger students.",Speaker 12,https://reflect-claremont.cablecast.tv/internetchannel/show/17092?site=1&seekto=4959
1:23:05.72,1:23:12.28,4985.72,4992.28,Matt Angell,"Interim Business Administrator, SAU 6","Okay, so when I built the model, I was primarily focused on,  on elementary.",Speaker 7,https://reflect-claremont.cablecast.tv/internetchannel/show/17092?site=1&seekto=4985
1:23:12.36,1:23:26.56,4992.36,5006.56,Kerry Kennedy,"Interim Superintendent, SAU 6","I threw a flag on that play saying, I appreciate that. And, you know, I want to also, though, I don't want to lose sight of whether it's upper elementary or middle school that there's still need for that, you know, age level too. And so, and not to dismiss the high school and any intervention needs there as well.",Speaker 8,https://reflect-claremont.cablecast.tv/internetchannel/show/17092?site=1&seekto=4992
1:23:26.56,1:23:45.16,5006.56,5025.16,Kerry Kennedy,"Interim Superintendent, SAU 6","But there's this a little bit different just because of the high school model looks very different. But to make sure that there's still many students in that middle section, whatever. It's 3 or 4, whatever that middle grade section, that would still need intervention. So I wouldn't put all of my eggs in the elementary basket. I would also make sure that the middle school and speaking as a former principal there, we could certainly advocate.",Speaker 8,https://reflect-claremont.cablecast.tv/internetchannel/show/17092?site=1&seekto=5006
1:23:45.16,1:23:53.04,5025.16,5033.04,Arlene Hawkins,School Board Member; Policy Subcommittee Chair,"For their.  And one last point that I'm trying to remember what it was, and I think I just lost it.",Speaker 12,https://reflect-claremont.cablecast.tv/internetchannel/show/17092?site=1&seekto=5025
1:23:53.04,1:23:53.84,5033.04,5033.84,Kerry Kennedy,"Interim Superintendent, SAU 6",So we'll come.,Speaker 8,https://reflect-claremont.cablecast.tv/internetchannel/show/17092?site=1&seekto=5033
1:23:53.84,1:24:00.08,5033.84,5040.08,Arlene Hawkins,School Board Member; Policy Subcommittee Chair,"Back to. Yeah, hopefully.",Speaker 12,https://reflect-claremont.cablecast.tv/internetchannel/show/17092?site=1&seekto=5033
1:24:00.16,1:24:33.92,5040.16,5073.92,Heather Whitney,School Board Chair,"There's no more questions. Clarifying questions. Okay. If there's no clarifying questions from the board. And again, when we open when folks make motions, we can tap back into the administrators and ask questions as we move forward there. But now we're going to open, up for public comment. Miss Kronberg will be our time keeper, and she will let us know when we have hit our, total aggregate of 30 minutes of public comment.",Speaker 1,https://reflect-claremont.cablecast.tv/internetchannel/show/17092?site=1&seekto=5040
1:24:34.04,1:24:59.28,5074.04,5099.28,Heather Whitney,School Board Chair,"It's really important for the community to know that at the public hearing, public comment is unlimited. So it is a public meeting, unlike this meeting, which is a meeting open to the public.  So there is you can have a stream of consciousness, and people can continue to come up and use their three minutes at that public hearing. So this is not going to be anybody's final opportunity to chime in.",Speaker 1,https://reflect-claremont.cablecast.tv/internetchannel/show/17092?site=1&seekto=5074
1:24:59.40,1:25:24.00,5099.40,5124.00,Heather Whitney,School Board Chair,"And so my desire to maintain, to adhere to our public comment policy is simply so we can facilitate the meeting and in no way, shape or form limit the public's ability to chime in on, weigh in on this, and just to give a review  that speakers will be allotted three minutes to speak. Speakers may not relinquish a lot of time to other speakers.",Speaker 1,https://reflect-claremont.cablecast.tv/internetchannel/show/17092?site=1&seekto=5099
1:25:24.00,1:25:45.72,5124.00,5145.72,Heather Whitney,School Board Chair,"The board may, at the outset of the public comment period, increase the period of time, but may not decrease it below 30 minutes. Speakers may be a lot in another three minutes for a total of six minutes per person. And then once we have closed our public comment, like I said before, we will open it up to the board to ask for clarifying questions.",Speaker 1,https://reflect-claremont.cablecast.tv/internetchannel/show/17092?site=1&seekto=5124
1:25:45.80,1:25:52.66,5145.80,5152.66,Heather Whitney,School Board Chair,And is there anybody would like to come up and speak?,Speaker 1,https://reflect-claremont.cablecast.tv/internetchannel/show/17092?site=1&seekto=5145
1:25:52.74,1:26:18.06,5152.74,5178.06,Camron Lownie,"Citizen commenter, Ward 2; Disnard School teacher (self-identified; ASR 'Cameron Louny')","Good evening, Cameron Louny, Ward two teacher at Designer Taxpayer, all that stuff. Three quick hits. Quick hit number one. Just for the public clarity. I want to be really clear that, like data meetings and small group interventions are like definitely currently happening. The opportunity to have more intervention. That's wonderful. But just wanted to be like super clear that that's a day to day thing.",Speaker 13,https://reflect-claremont.cablecast.tv/internetchannel/show/17092?site=1&seekto=5152
1:26:18.14,1:26:46.06,5178.14,5206.06,Camron Lownie,"Citizen commenter, Ward 2; Disnard School teacher (self-identified; ASR 'Cameron Louny')","Thing number two, as we talk about a goal being improving student outcomes, I think a lot of people have laptops out in front of them. If you do a quick Google for like peer reviewed articles about school consolidation effects on test scores, I think of those articles very consistently paint a very different direction of a picture than the results that we're hoping for here.",Speaker 13,https://reflect-claremont.cablecast.tv/internetchannel/show/17092?site=1&seekto=5178
1:26:46.14,1:27:14.82,5206.14,5234.82,Camron Lownie,"Citizen commenter, Ward 2; Disnard School teacher (self-identified; ASR 'Cameron Louny')","Not universal, but there's a lot of literature out there on it, and it tells a very clear and different story, especially in short term effects. It's it's tough. And finally, the question with the caveat that the transparency that's being displayed is really appreciated. You're getting into nuts and bolts with the public. And that's really nice when we're looking at the pleasantly already there slide for school line current for school.",Speaker 13,https://reflect-claremont.cablecast.tv/internetchannel/show/17092?site=1&seekto=5206
1:27:14.90,1:27:44.38,5234.90,5264.38,Camron Lownie,"Citizen commenter, Ward 2; Disnard School teacher (self-identified; ASR 'Cameron Louny')","We know for school line we get some interventionists. That's awesome. And it costs way less. That's awesome. And I feel like there's a missing variable about how exact a million and a half dollars, plus the cost of six interventionists.  I'm smart enough to read between the lines that there's something going on with the attrition that, and you're saying there's costs that weren't savings, that weren't built into that final model.",Speaker 13,https://reflect-claremont.cablecast.tv/internetchannel/show/17092?site=1&seekto=5234
1:27:44.58,1:27:50.14,5264.58,5270.14,Camron Lownie,"Citizen commenter, Ward 2; Disnard School teacher (self-identified; ASR 'Cameron Louny')","But a little extra detail, I think would be in the public's interest on why.",Speaker 13,https://reflect-claremont.cablecast.tv/internetchannel/show/17092?site=1&seekto=5264
1:27:50.22,1:27:50.50,5270.22,5270.50,Unidentified,(brief crosstalk during citizens' comments),Okay.,Speaker 4,https://reflect-claremont.cablecast.tv/internetchannel/show/17092?site=1&seekto=5270
1:27:50.54,1:27:57.10,5270.54,5277.10,Camron Lownie,"Citizen commenter, Ward 2; Disnard School teacher (self-identified; ASR 'Cameron Louny')",Just the equity equities and classroom makes that much savings. It's not clear yet to me.,Speaker 13,https://reflect-claremont.cablecast.tv/internetchannel/show/17092?site=1&seekto=5270
1:27:57.26,1:28:01.10,5277.26,5281.10,Matt Angell,"Interim Business Administrator, SAU 6",People there eight positions. Cool is that.,Speaker 7,https://reflect-claremont.cablecast.tv/internetchannel/show/17092?site=1&seekto=5277
1:28:01.14,1:28:12.42,5281.14,5292.42,Camron Lownie,"Citizen commenter, Ward 2; Disnard School teacher (self-identified; ASR 'Cameron Louny')",And so a work saying this has been eight fewer positions than that. Yes. And then there's the six more interventionists.,Speaker 13,https://reflect-claremont.cablecast.tv/internetchannel/show/17092?site=1&seekto=5281
1:28:12.46,1:28:15.06,5292.46,5295.06,Matt Angell,"Interim Business Administrator, SAU 6",Can't go any lower than those eight.,Speaker 7,https://reflect-claremont.cablecast.tv/internetchannel/show/17092?site=1&seekto=5292
1:28:15.14,1:28:20.18,5295.14,5300.18,Camron Lownie,"Citizen commenter, Ward 2; Disnard School teacher (self-identified; ASR 'Cameron Louny')",Cool. So the eight people make up.,Speaker 13,https://reflect-claremont.cablecast.tv/internetchannel/show/17092?site=1&seekto=5295
1:28:20.26,1:28:23.18,5300.26,5303.18,Camron Lownie,"Citizen commenter, Ward 2; Disnard School teacher (self-identified; ASR 'Cameron Louny')",2 million counting in the cost of six interventionists.,Speaker 13,https://reflect-claremont.cablecast.tv/internetchannel/show/17092?site=1&seekto=5300
1:28:23.33,1:28:25.42,5303.33,5305.42,Matt Angell,"Interim Business Administrator, SAU 6","No, it's it's.",Speaker 7,https://reflect-claremont.cablecast.tv/internetchannel/show/17092?site=1&seekto=5303
1:28:25.58,1:28:26.18,5305.58,5306.18,Matt Angell,"Interim Business Administrator, SAU 6 (sentence continuation of seg 407)",Just.,Speaker 13,https://reflect-claremont.cablecast.tv/internetchannel/show/17092?site=1&seekto=5305
1:28:26.26,1:28:28.86,5306.26,5308.86,Matt Angell,"Interim Business Administrator, SAU 6",It's only about a half $1 million. Okay.,Speaker 7,https://reflect-claremont.cablecast.tv/internetchannel/show/17092?site=1&seekto=5306
1:28:28.90,1:28:29.98,5308.90,5309.98,Camron Lownie,"Citizen commenter, Ward 2; Disnard School teacher (self-identified; ASR 'Cameron Louny')",Where's that other one?,Speaker 13,https://reflect-claremont.cablecast.tv/internetchannel/show/17092?site=1&seekto=5308
1:28:30.02,1:28:46.38,5310.02,5326.38,Matt Angell,"Interim Business Administrator, SAU 6","So, so basically, there's $1 million that I could recommend to take off in any of the other models. If you look at the budget, you'll actually find them. The only problem is, in the current configuration model, I can't I can't align as many positions. I need eight.",Speaker 7,https://reflect-claremont.cablecast.tv/internetchannel/show/17092?site=1&seekto=5310
1:28:46.46,1:28:52.10,5326.46,5332.10,Camron Lownie,"Citizen commenter, Ward 2; Disnard School teacher (self-identified; ASR 'Cameron Louny')","And I know it's in the line item budget. I know you guys have it, but the public doesn't have  that.",Speaker 13,https://reflect-claremont.cablecast.tv/internetchannel/show/17092?site=1&seekto=5326
1:28:52.10,1:29:00.86,5332.10,5340.86,Matt Angell,"Interim Business Administrator, SAU 6","The  that the, the size of the organization is larger  in the current configuration than it is if it's aligned.",Speaker 7,https://reflect-claremont.cablecast.tv/internetchannel/show/17092?site=1&seekto=5332
1:29:00.98,1:29:17.72,5340.98,5357.72,Camron Lownie,"Citizen commenter, Ward 2; Disnard School teacher (self-identified; ASR 'Cameron Louny')","Cool. I, I think just the more clarity we can get on  that for the public. I know you guys have a lot of line item things, but we don't appreciate it.",Speaker 13,https://reflect-claremont.cablecast.tv/internetchannel/show/17092?site=1&seekto=5340
1:29:17.80,1:29:43.24,5357.80,5383.24,Sandra Edwards,"Citizen commenter, Ward 3; parent and teacher (as announced; not on public roster)","Sandra Edwards, Ward three parent, teacher taxpayer I'm with cam on this. I don't understand how we can say we're not getting rid of any positions, but this one has fewer positions and it costs less. That doesn't make sense to me.  Looking at that, I'm like, oh, looks like they don't want the current configuration, so it's more expensive.",Speaker 14,https://reflect-claremont.cablecast.tv/internetchannel/show/17092?site=1&seekto=5357
1:29:43.32,1:30:05.20,5383.32,5405.20,Sandra Edwards,"Citizen commenter, Ward 3; parent and teacher (as announced; not on public roster)","It just that was the first thing that struck me. And sitting up here talking about interventionists, first of all, where are you going to put them? All of our classrooms are full. You cannot run a classroom with three different groups going on. It's too loud. We don't have work rooms where teachers could work with a small group off to the side.",Speaker 14,https://reflect-claremont.cablecast.tv/internetchannel/show/17092?site=1&seekto=5383
1:30:05.28,1:30:27.64,5405.28,5427.64,Sandra Edwards,"Citizen commenter, Ward 3; parent and teacher (as announced; not on public roster)","I've tried to work with three different groups in my room. It's really difficult having a special ed teacher, a title, one teacher and me in the same room. It is difficult, so I'm not sure that we're going to realize a lot of gains with that. Thirdly, as a mom and as a teacher, I'm trying to keep my emotions in check.",Speaker 14,https://reflect-claremont.cablecast.tv/internetchannel/show/17092?site=1&seekto=5405
1:30:27.64,1:30:49.04,5427.64,5449.04,Sandra Edwards,"Citizen commenter, Ward 3; parent and teacher (as announced; not on public roster)","Right now, it feels like you are up here saying, oh, but it's going to be okay because we're doing this in this and this. It's not going to be okay for these kids. You cannot look at the fourth grade classroom that got shoved out of bluff. That's now maybe going to have to go to April next year and tell me that they're going to be fine.",Speaker 14,https://reflect-claremont.cablecast.tv/internetchannel/show/17092?site=1&seekto=5427
1:30:49.04,1:31:06.20,5449.04,5466.20,Sandra Edwards,"Citizen commenter, Ward 3; parent and teacher (as announced; not on public roster)","It's not a big deal for them. It really is. It's a big deal for my kid who has been at this nerd his whole life, and now he doesn't get to see mom at school anymore. He's over here saying, mom, you can't make me go to Maple. You can't.",Speaker 14,https://reflect-claremont.cablecast.tv/internetchannel/show/17092?site=1&seekto=5449
1:31:06.28,1:31:26.80,5466.28,5486.80,Sandra Edwards,"Citizen commenter, Ward 3; parent and teacher (as announced; not on public roster)","These are these are kids. You are talking about a generation of children that is being pushed to the side. Because in ten years, we're going to be, you know, down some a couple hundred kids. These kids don't matter. The effects on their education doesn't matter, because we have a projection that says we need to shut down schools and consolidate.",Speaker 14,https://reflect-claremont.cablecast.tv/internetchannel/show/17092?site=1&seekto=5466
1:31:26.88,1:31:30.84,5486.88,5490.84,Sandra Edwards,"Citizen commenter, Ward 3; parent and teacher (as announced; not on public roster)",We are asking you for another year.,Speaker 14,https://reflect-claremont.cablecast.tv/internetchannel/show/17092?site=1&seekto=5486
1:31:30.92,1:31:55.44,5490.92,5515.44,Sandra Edwards,"Citizen commenter, Ward 3; parent and teacher (as announced; not on public roster)","We are asking for stability so that we can plan and feel safe and controlled. We prep our students for every transition within a school day so that they can do it successfully. But we're just going to reconfigure the whole district in the next six months. You can't plan a wedding in six months, but we're going to do it with the district.",Speaker 14,https://reflect-claremont.cablecast.tv/internetchannel/show/17092?site=1&seekto=5490
1:31:55.52,1:32:08.84,5515.52,5528.84,Sandra Edwards,"Citizen commenter, Ward 3; parent and teacher (as announced; not on public roster)",Who's doing that work? Our administrator. That has a whole nother job. Our building administrators that have more than full time jobs. You're going to pull them out to do this planning instead.,Speaker 14,https://reflect-claremont.cablecast.tv/internetchannel/show/17092?site=1&seekto=5515
1:32:08.92,1:32:29.26,5528.92,5549.26,Sandra Edwards,"Citizen commenter, Ward 3; parent and teacher (as announced; not on public roster)","It guys, it really sucks.  And I know it's hard to tell the taxpayers, listen, this is what's happening. I'm a taxpayer too. I see the comments on Facebook. It's about the money. Thank you.",Speaker 14,https://reflect-claremont.cablecast.tv/internetchannel/show/17092?site=1&seekto=5528
1:32:29.34,1:32:30.66,5549.34,5550.66,Sandra Edwards,"Citizen commenter, Ward 3; parent and teacher (as announced; not on public roster)",Okay.,Speaker 14,https://reflect-claremont.cablecast.tv/internetchannel/show/17092?site=1&seekto=5549
1:32:30.74,1:33:02.46,5550.74,5582.46,Lisa Holtz,"Citizen commenter, Ward 2; elementary educator (as announced; not on public roster)","Lisa Holtz, word to,  see you. Elementary educator. I've got a shorter letter than I sent yesterday. Please be open to other ideas, strategies, and steps in order to best serve our elementary school students who are in the midst of foundational education. Please consider whether the 3 or 4 school model is reacting, rather than what is the in the best interest of our youngest students.",Speaker 15,https://reflect-claremont.cablecast.tv/internetchannel/show/17092?site=1&seekto=5550
1:33:02.70,1:33:33.94,5582.70,5613.94,Lisa Holtz,"Citizen commenter, Ward 2; elementary educator (as announced; not on public roster)","For example, at the beginning of the year, several reactionary decisions were made. We had to box up all of our students workbooks. It took us days. Then we we got them back because it was too much, too much to make copies of them. But if you'd ask any educator, any elementary educator, we would have told you that,  that copying and copy paper and toner is to is is precious.",Speaker 15,https://reflect-claremont.cablecast.tv/internetchannel/show/17092?site=1&seekto=5582
1:33:34.02,1:33:56.98,5614.02,5636.98,Lisa Holtz,"Citizen commenter, Ward 2; elementary educator (as announced; not on public roster)","Elementary educators and our building principals understand, know and love our students. Take this opportunity with Mr. Angel to make plans for the district for the future, in case we have a steep decline in our student population. But in the meantime, we need to work with the kids we have now. Our kids are making gains with the quality programs we now have.",Speaker 15,https://reflect-claremont.cablecast.tv/internetchannel/show/17092?site=1&seekto=5614
1:33:57.18,1:34:24.90,5637.18,5664.90,Lisa Holtz,"Citizen commenter, Ward 2; elementary educator (as announced; not on public roster)","But look at the big picture, not just the high stake test. Part of that big picture is far too many of our children are trying to learn while dealing with the effects of real trauma, and we can't share them. We can't share their stories. We can't do that because we're bound by confidentiality. Let me be clear. These kids are struggling with real trauma.",Speaker 15,https://reflect-claremont.cablecast.tv/internetchannel/show/17092?site=1&seekto=5637
1:34:25.06,1:34:48.62,5665.06,5688.62,Lisa Holtz,"Citizen commenter, Ward 2; elementary educator (as announced; not on public roster)","And all  of the kids, all of the kids in our classrooms are affected by it. This is real stuff. If you I will have a conversation with you and I will change names and different things. But this stuff is real. Just today in my classroom.",Speaker 15,https://reflect-claremont.cablecast.tv/internetchannel/show/17092?site=1&seekto=5665
1:34:48.70,1:35:16.14,5688.70,5716.14,Lisa Holtz,"Citizen commenter, Ward 2; elementary educator (as announced; not on public roster)",Another important consideration is the elementary school staff you have now. We're used to changes. We're ultra flexible. I invite each one of you to have a conversation with me about the flexibility I have to have as a current elementary educator. We're not opposed to moving schools because we're stuck in our ways or we're unwilling to work or we're obstinate.,Speaker 15,https://reflect-claremont.cablecast.tv/internetchannel/show/17092?site=1&seekto=5688
1:35:16.22,1:35:23.86,5716.22,5723.86,Lisa Holtz,"Citizen commenter, Ward 2; elementary educator (as announced; not on public roster)",The reality is that we're looking out for our kids. We really are.,Speaker 15,https://reflect-claremont.cablecast.tv/internetchannel/show/17092?site=1&seekto=5716
1:35:23.94,1:35:39.34,5723.94,5739.34,Lisa Holtz,"Citizen commenter, Ward 2; elementary educator (as announced; not on public roster)",We really are. And some of our colleagues are just tired. We're tired of not being heard as the experts in elementary education. We are the experts. Would you please listen to us?,Speaker 15,https://reflect-claremont.cablecast.tv/internetchannel/show/17092?site=1&seekto=5723
1:35:39.42,1:35:44.72,5739.42,5744.72,Heather Whitney,School Board Chair (Chair thanking the speaker; clipped into a commenter's cluster),Thank you.,Speaker 16,https://reflect-claremont.cablecast.tv/internetchannel/show/17092?site=1&seekto=5739
1:35:44.80,1:35:54.50,5744.80,5754.50,Heather Whitney,School Board Chair,Is there anyone else who would like to come and speak on any of the models?,Speaker 1,https://reflect-claremont.cablecast.tv/internetchannel/show/17092?site=1&seekto=5744
1:35:54.58,1:35:55.46,5754.58,5755.46,Alicia Simoneau,"Maple Avenue School teacher, formerly Bluff School; citizen commenter (0.9s onset fragment, 80ms before her self-identification in seg 437)",I.,Speaker 15,https://reflect-claremont.cablecast.tv/internetchannel/show/17092?site=1&seekto=5754
1:35:55.54,1:36:00.26,5755.54,5760.26,Alicia Simoneau,"Maple Avenue School teacher, formerly Bluff School; citizen commenter (self-identification clipped into the Superintendent's cluster)","Alicia Seminole, I'm a teacher at Maple. I used to be at bluff.",Speaker 8,https://reflect-claremont.cablecast.tv/internetchannel/show/17092?site=1&seekto=5755
1:36:00.34,1:36:44.46,5760.34,5804.46,Alicia Simoneau,"Maple Avenue School teacher, formerly Bluff School; citizen commenter (self-identified; ASR 'Alicia Seminole')","I keep hearing, all kinds of comments from administrators that people are going to volunteer,  to become an interventionist. And although that might be true for a couple of people, it's not going to be as many as you hope. I have been approached by 25 teachers since your budget came out on the website,  and they've all asked me for references  and recommendations, because there are going to be a ton of wonderful teachers that are going to leave this district, not because they're obstinate, as Lisa said, not because they want to be jerks, but because  there's an unknown.",Speaker 17,https://reflect-claremont.cablecast.tv/internetchannel/show/17092?site=1&seekto=5760
1:36:44.54,1:37:14.34,5804.54,5834.34,Alicia Simoneau,"Maple Avenue School teacher, formerly Bluff School; citizen commenter (self-identified; ASR 'Alicia Seminole')","We don't have any answers. We hear ifs, a bunch of us are hoping to get some answers tonight. That's clear. We're not going to get an answer tonight. And the more you leave it open for the unknowns, the more that people are going to plan on leaving. I've worked here in Claremont for 16 years, and I love this city, and I have always taught my students respect for the taxpayers in this town by everything that's provided.",Speaker 17,https://reflect-claremont.cablecast.tv/internetchannel/show/17092?site=1&seekto=5804
1:37:14.42,1:37:40.66,5834.42,5860.66,Alicia Simoneau,"Maple Avenue School teacher, formerly Bluff School; citizen commenter (self-identified; ASR 'Alicia Seminole')","And I've been very thankful for 16 years, and I've told my students that several times over and over and over again. I am begging you. We want to meet with you. We want to talk to you. We don't we don't feel like we have open communication with you, and we would like to have that. So you can, can you come into my classroom and hang out for a week and see what's happening?",Speaker 17,https://reflect-claremont.cablecast.tv/internetchannel/show/17092?site=1&seekto=5834
1:37:40.90,1:38:04.56,5860.90,5884.56,Alicia Simoneau,"Maple Avenue School teacher, formerly Bluff School; citizen commenter (self-identified; ASR 'Alicia Seminole')",Can you can you go visit kindergarten and see what we're dealing with? Can you go visit fifth grade and see what it's like? I have planned more for the White Mountain trip than you guys have planned for the transition. Please take some more time. Thank you.,Speaker 17,https://reflect-claremont.cablecast.tv/internetchannel/show/17092?site=1&seekto=5860
1:38:04.64,1:38:24.32,5884.64,5904.32,Jenna Gage,"Citizen commenter, Ward 3; second-grade teacher, Maple Avenue School (self-identified)","Jenna Gage, Ward three. My name is Jenna Gage, and this year is my fourth year as a second grade teacher at Maple Avenue School. I love Maple because of the people I work with in the incredible students, both the ones I teach now and those from past years who still visit me every morning. Through all this uncertainty of my job, my coworkers position, school resources, and my future in education.",Speaker 18,https://reflect-claremont.cablecast.tv/internetchannel/show/17092?site=1&seekto=5884
1:38:24.36,1:38:43.00,5904.36,5923.00,Jenna Gage,"Citizen commenter, Ward 3; second-grade teacher, Maple Avenue School (self-identified)","I have tried my best to stay optimistic. After October's decision, I hope we would finally be able to breathe.  I was wrong. I'm only 26. There's plenty of opportunities for me to go elsewhere. Yet I've stayed in the district because I care about this community by how much longer I can and will stay is a question I haven't decided yet.",Speaker 18,https://reflect-claremont.cablecast.tv/internetchannel/show/17092?site=1&seekto=5904
1:38:43.08,1:39:00.88,5923.08,5940.88,Jenna Gage,"Citizen commenter, Ward 3; second-grade teacher, Maple Avenue School (self-identified)","One of my hats at Maple is leading the Sunshine Committee, and I can honestly say it's been so difficult to keep the sunshine going each day because this year we are drained. The decision to cut staff in closing elementary school in the middle of a school year has left my colleagues and me overworked, stressed and faced with many challenges.",Speaker 18,https://reflect-claremont.cablecast.tv/internetchannel/show/17092?site=1&seekto=5923
1:39:00.96,1:39:19.40,5940.96,5959.40,Jenna Gage,"Citizen commenter, Ward 3; second-grade teacher, Maple Avenue School (self-identified)","We are teaching high class sizes with limited support and resources and during periods of uncertainty about or pay. And now we are learning that through all the sacrifice of closing a school community, more changes are still coming. We started the year seeing people we love lose their jobs. People who helped our school run were forced out in our schools.",Speaker 18,https://reflect-claremont.cablecast.tv/internetchannel/show/17092?site=1&seekto=5940
1:39:19.48,1:39:40.88,5959.48,5980.88,Jenna Gage,"Citizen commenter, Ward 3; second-grade teacher, Maple Avenue School (self-identified)","Still haven't recovered from that decision. The loss of those 40 positions being cut shouldn't be forgotten. You need to be reminded that the choice has caused multiple staff members to add many additional responsibilities to their daily tasks, to make up for the people that were let go. Some are doing the work of three people alone. What the limited staff remaining are.",Speaker 18,https://reflect-claremont.cablecast.tv/internetchannel/show/17092?site=1&seekto=5959
1:39:40.88,1:40:03.40,5980.88,6003.40,Jenna Gage,"Citizen commenter, Ward 3; second-grade teacher, Maple Avenue School (self-identified)","Kids who are in need of additional academic support are not in compliance for those services in any school. We are exhausted from shouldering these additional job titles that you assumed our schools would function without. All this is still happening right now,  and by making another drastic change, these gaps, these positions and these problems are only going to get bigger as staff continue to leave for work places that truly value them.",Speaker 18,https://reflect-claremont.cablecast.tv/internetchannel/show/17092?site=1&seekto=5980
1:40:03.48,1:40:22.72,6003.48,6022.72,Jenna Gage,"Citizen commenter, Ward 3; second-grade teacher, Maple Avenue School (self-identified)","With all that being said, the students and staff are finally starting to settle with the previous closure in combination. Everyone has done their best to make this year seem as normal as we can. For the students who have been forced to be uprooted in the middle of their year.  Now all of that hard work may be undone. More teachers and students will be uprooted, more families and resources stripped from our community.",Speaker 18,https://reflect-claremont.cablecast.tv/internetchannel/show/17092?site=1&seekto=6003
1:40:22.76,1:40:52.60,6022.76,6052.60,Jenna Gage,"Citizen commenter, Ward 3; second-grade teacher, Maple Avenue School (self-identified)","And I can honestly say that although I love my job, I am one of many who have never considered leaving more than we have after hearing these new proposals. The desire to leave for a more stable district where we're not treated as a mere number or scapegoats for the district's mistakes, has never been stronger. As a dedicated teacher who still loves her profession, I respectfully, respectfully urge you to take the time  to develop a plan that truly meets the needs of families, students, teachers and staff.",Speaker 18,https://reflect-claremont.cablecast.tv/internetchannel/show/17092?site=1&seekto=6022
1:40:52.80,1:40:59.08,6052.80,6059.08,Jenna Gage,"Citizen commenter, Ward 3; second-grade teacher, Maple Avenue School (self-identified)",Thank you.,Speaker 18,https://reflect-claremont.cablecast.tv/internetchannel/show/17092?site=1&seekto=6052
1:40:59.16,1:41:27.48,6059.16,6087.48,Michael Myers,"Citizen commenter, Ward 3 (self-identified)","Michael Myers, Ward three, taxpayer, business owner I can tell you from what I've heard from people that I communicate with locally, that a 7% increase, for the current configuration is dead on arrival with the taxpayers. It doesn't seem I don't understand how we can have a 7% increase when we've already taken bluff out of the picture.",Speaker 4,https://reflect-claremont.cablecast.tv/internetchannel/show/17092?site=1&seekto=6059
1:41:27.56,1:41:52.84,6087.56,6112.84,Michael Myers,"Citizen commenter, Ward 3 (self-identified)","Supposedly, we're gutting all this stuff we've taken. We've lost, you know, music programs. We have all these all these unfilled positions. There's there's all this stuff that's happened, and now we're saying, oh, it's going to cost 7% more to to have status quo, or we've got to have these other aligned, you know, these these other options that nobody seems to like that are going to cause problems.",Speaker 4,https://reflect-claremont.cablecast.tv/internetchannel/show/17092?site=1&seekto=6087
1:41:52.92,1:42:14.32,6112.92,6134.32,Michael Myers,"Citizen commenter, Ward 3 (self-identified)","Have we looked at things like,  I don't know, the insurance that that we offer our, our teachers? I'm, I'm told that we offer a 95%  district payment on that, which is unheard of in the state of New Hampshire. Now, I'm I'm hearing teachers saying they're going to leave the district. They're going to go to a district that doesn't give them 95%.",Speaker 4,https://reflect-claremont.cablecast.tv/internetchannel/show/17092?site=1&seekto=6112
1:42:14.36,1:42:35.64,6134.36,6155.64,Michael Myers,"Citizen commenter, Ward 3 (self-identified)","Why are they leaving? It's not because our benefits are a problem. It's because they don't want all the drama and the problems and the uncertainties that are going on in our schools. Maybe we need the for school configuration to be palatable. You know, maybe there's a way to find that that configuration without a 7% increase. And everybody could say, you know what?",Speaker 4,https://reflect-claremont.cablecast.tv/internetchannel/show/17092?site=1&seekto=6134
1:42:35.68,1:42:54.72,6155.68,6174.72,Michael Myers,"Citizen commenter, Ward 3 (self-identified)","That we can make that work. Maybe that involves renegotiating some of these other costs, some of these stipends we were talking about earlier and the loose, the loose controls around some of that stuff. What's going on with the insurance? Why why are we not? We have to be competitive with benefits. We don't want teachers to be leaving because there's better benefits every place else.",Speaker 4,https://reflect-claremont.cablecast.tv/internetchannel/show/17092?site=1&seekto=6155
1:42:54.80,1:43:01.12,6174.80,6181.12,Michael Myers,"Citizen commenter, Ward 3 (self-identified)",We do not need to be the best. We just need to be competitive. Enough said.,Speaker 4,https://reflect-claremont.cablecast.tv/internetchannel/show/17092?site=1&seekto=6174
1:43:01.12,1:43:05.48,6181.12,6185.48,Heather Whitney,School Board Chair (Chair thanking the speaker; clipped into a commenter's cluster),Thank you. Thank you.,Speaker 16,https://reflect-claremont.cablecast.tv/internetchannel/show/17092?site=1&seekto=6181
1:43:05.56,1:43:07.12,6185.56,6187.12,Heather Whitney,School Board Chair,Could you fill me with that?,Speaker 1,https://reflect-claremont.cablecast.tv/internetchannel/show/17092?site=1&seekto=6185
1:43:07.16,1:43:07.52,6187.16,6187.52,Jim Zullo,"Citizen commenter, Ward 3 (as announced; not on public roster)",Sorry.,Speaker 16,https://reflect-claremont.cablecast.tv/internetchannel/show/17092?site=1&seekto=6187
1:43:07.64,1:43:08.76,6187.64,6188.76,Heather Whitney,School Board Chair,Would you fill in the blanks?,Speaker 1,https://reflect-claremont.cablecast.tv/internetchannel/show/17092?site=1&seekto=6187
1:43:08.84,1:43:38.68,6188.84,6218.68,Jim Zullo,"Citizen commenter, Ward 3 (as announced; not on public roster)","Jim Zullo, Ward three.  Mr. Angel, I was wondering. You said that there's a chance that we could finish out the year at a  zero level with where we're at currently providing we don't have a roof fall in or a roof leak or something like that happens. If we can go from five, whatever million dollars in the hole under the current budget  to  even, I think somebody needs to sharpen their pencil and start making some more cuts.",Speaker 16,https://reflect-claremont.cablecast.tv/internetchannel/show/17092?site=1&seekto=6188
1:43:38.76,1:44:05.88,6218.76,6245.88,Jim Zullo,"Citizen commenter, Ward 3 (as announced; not on public roster)","I mean, unfortunately unpopular opinion. We do need athletics for these kids. They did a heck of a job fundraising. Maybe they need to fundraise again next year. The taxpayers don't need an increase.  And it's a little disheartening that you people sitting on this side, nobody's questioned what else could be cut for the taxpayers. After everything you guys went through in the auditorium that night?",Speaker 16,https://reflect-claremont.cablecast.tv/internetchannel/show/17092?site=1&seekto=6218
1:44:05.96,1:44:25.64,6245.96,6265.64,Jim Zullo,"Citizen commenter, Ward 3 (as announced; not on public roster)","Where? The city. The taxpayers wanted to lynch you all. I think you all should be asking questions to this gentleman. What else can we cut? How much more can we cut? Make it a little bit easier for the taxpayers to swallow. As far as you know, the teachers not liking and the students not liking combinations.",Speaker 16,https://reflect-claremont.cablecast.tv/internetchannel/show/17092?site=1&seekto=6245
1:44:25.72,1:44:42.20,6265.72,6282.20,Jim Zullo,"Citizen commenter, Ward 3 (as announced; not on public roster)","I can't say to that. They they. Unfortunately, sometimes tough things have to happen.  Sometimes it's just it's not fair for everybody. But right now, the taxpayers deserve it to be a little more fair for them. Thank you.",Speaker 16,https://reflect-claremont.cablecast.tv/internetchannel/show/17092?site=1&seekto=6265
1:44:42.39,1:44:43.64,6282.39,6283.64,Loren Howard,School Board Member,Thank you. Okay.,Speaker 9,https://reflect-claremont.cablecast.tv/internetchannel/show/17092?site=1&seekto=6282
1:44:43.72,1:45:06.76,6283.72,6306.76,Matt Angell,"Interim Business Administrator, SAU 6","I want to clarify something. When I build these budget models, I have to build them based upon, the request from the school board. The the current configuration model was just a straight up budget. Okay. I know that the the the most recent gentleman said sharpen your pencils. When I produced that budget and I sent it to the school board.",Speaker 7,https://reflect-claremont.cablecast.tv/internetchannel/show/17092?site=1&seekto=6283
1:45:06.92,1:45:30.56,6306.92,6330.56,Matt Angell,"Interim Business Administrator, SAU 6","I also offered $1 million worth of cuts. Okay. The problem is, is just because of the the size or the footprint of that model, I couldn't recommend going any lower without impacting program. Okay. If you were to try to compare any of these budgets to the current year, it's not a comparison. It's mainly because we're down like 78 people.",Speaker 7,https://reflect-claremont.cablecast.tv/internetchannel/show/17092?site=1&seekto=6306
1:45:30.64,1:45:57.53,6330.64,6357.53,Matt Angell,"Interim Business Administrator, SAU 6","In a normal school year, we'd be down just over 20 and we wouldn't be having these, employees coming up here talking about how difficult it has been for their year. Okay. And for you employees, I'm sorry for letting go those 39 people. That was my responsibility. And it hurts deeply myself as well. Okay.",Speaker 7,https://reflect-claremont.cablecast.tv/internetchannel/show/17092?site=1&seekto=6330
1:45:57.61,1:46:00.88,6357.61,6360.88,Unidentified,"Crosstalk cluster — sub-second backchannel fragments clipped from several voices (Chair, board members, clerk, administration); not one speaker",Thank you. So.,Speaker 19,https://reflect-claremont.cablecast.tv/internetchannel/show/17092?site=1&seekto=6357
1:46:00.96,1:46:16.52,6360.96,6376.52,Unidentified public commenter,"Citizen commenter — did not state a name; questions on the default budget, construction and staffing","My husband had a question, so I'll ask for him first. If the budget doesn't get passed and the taxpayers go with a default budget,  does that then include whatever was picked or how does that work? What happens then?",Speaker 20,https://reflect-claremont.cablecast.tv/internetchannel/show/17092?site=1&seekto=6360
1:46:16.60,1:46:42.72,6376.60,6402.72,Matt Angell,"Interim Business Administrator, SAU 6","Okay, so the default budget hasn't been calculated yet because, I don't know which model to pick. Okay. So the default budget, the default budget is very, very rigid where it's it's very formulaic. And it's required by law. Okay.  So, it say, for example, let's take the three school model aligned. If that was the model that's chosen, the default budget is also going to be a three school model aligned.",Speaker 7,https://reflect-claremont.cablecast.tv/internetchannel/show/17092?site=1&seekto=6376
1:46:42.80,1:47:06.08,6402.80,6426.08,Matt Angell,"Interim Business Administrator, SAU 6","Because it's just it would end up with an oddity if I try to present a different default budget. Okay. Because because the problem is, is when you look at the default budget, is the current, the current programs plus and minus changes in the law plus and minus changes in contracts. And then you also have to subtract out any positions that are not included in the operating budget.",Speaker 7,https://reflect-claremont.cablecast.tv/internetchannel/show/17092?site=1&seekto=6402
1:47:06.12,1:47:26.84,6426.12,6446.84,Matt Angell,"Interim Business Administrator, SAU 6","So if I wanted to do the three school line model as an operating budget, I can't do the current configuration for school model because I got to cut out all those positions, including all the building principles that I need to run a for school model. Okay. So the default budget unfortunately is going to get presented the night that the operating budget.",Speaker 7,https://reflect-claremont.cablecast.tv/internetchannel/show/17092?site=1&seekto=6426
1:47:27.00,1:47:27.76,6447.00,6447.76,Matt Angell,"Interim Business Administrator, SAU 6",Okay.,Speaker 7,https://reflect-claremont.cablecast.tv/internetchannel/show/17092?site=1&seekto=6447
1:47:28.52,1:47:51.12,6448.52,6471.12,Unidentified public commenter,"Citizen commenter — did not state a name; questions on the default budget, construction and staffing","So in these budgets. So I, I, I don't clearly get it. Is this like starting we get we pass this budget. Boom. We're starting to make this happen. We have to redo things in schools. We have to restructure schools add walls construction. Does construction start happening on this budget?",Speaker 20,https://reflect-claremont.cablecast.tv/internetchannel/show/17092?site=1&seekto=6448
1:47:51.24,1:47:53.72,6471.24,6473.72,Heather Whitney,School Board Chair,"There's no construction. There's no concern, no construction.",Speaker 1,https://reflect-claremont.cablecast.tv/internetchannel/show/17092?site=1&seekto=6471
1:47:53.80,1:48:01.48,6473.80,6481.48,Unidentified public commenter,"Citizen commenter — did not state a name; questions on the default budget, construction and staffing","But don't we have to change? If we go with one school, don't we have to change so that there is separation right.",Speaker 20,https://reflect-claremont.cablecast.tv/internetchannel/show/17092?site=1&seekto=6473
1:48:01.64,1:48:04.12,6481.64,6484.12,Unidentified,(uncertain — clarifying question during the commenter exchange),In the middle school or elementary school?,Speaker 15,https://reflect-claremont.cablecast.tv/internetchannel/show/17092?site=1&seekto=6481
1:48:04.16,1:48:08.96,6484.16,6488.96,Unidentified public commenter,"Citizen commenter — did not state a name; questions on the default budget, construction and staffing",Yes. Wouldn't there be changes that have to happen when that includes instruction?,Speaker 20,https://reflect-claremont.cablecast.tv/internetchannel/show/17092?site=1&seekto=6484
1:48:09.04,1:48:16.92,6489.04,6496.92,Matt Angell,"Interim Business Administrator, SAU 6","If you went to a two school model, there would be construction. Okay. That's not being proposed.",Speaker 7,https://reflect-claremont.cablecast.tv/internetchannel/show/17092?site=1&seekto=6489
1:48:17.00,1:48:18.36,6497.00,6498.36,Unidentified public commenter,"Citizen commenter — did not state a name; questions on the default budget, construction and staffing",I thought it. Okay.,Speaker 20,https://reflect-claremont.cablecast.tv/internetchannel/show/17092?site=1&seekto=6497
1:48:18.40,1:48:21.48,6498.40,6501.48,Unidentified public commenter,Citizen commenter — did not state a name (continuation of the exchange at segs 470-511),So the school model doesn't make changes to the middle school?,Speaker 17,https://reflect-claremont.cablecast.tv/internetchannel/show/17092?site=1&seekto=6498
1:48:21.72,1:48:22.20,6501.72,6502.20,Unidentified,"Crosstalk cluster — sub-second backchannel fragments clipped from several voices (Chair, board members, clerk, administration); not one speaker",No.,Speaker 19,https://reflect-claremont.cablecast.tv/internetchannel/show/17092?site=1&seekto=6501
1:48:22.36,1:48:23.76,6502.36,6503.76,Unidentified public commenter,Citizen commenter — did not state a name (continuation of the exchange at segs 470-511),"Oh, okay.",Speaker 17,https://reflect-claremont.cablecast.tv/internetchannel/show/17092?site=1&seekto=6502
1:48:23.84,1:48:27.76,6503.84,6507.76,Unidentified public commenter,"Citizen commenter — did not state a name; questions on the default budget, construction and staffing",Okay. So.,Speaker 20,https://reflect-claremont.cablecast.tv/internetchannel/show/17092?site=1&seekto=6503
1:48:27.84,1:48:31.72,6507.84,6511.72,Matt Angell,"Interim Business Administrator, SAU 6",You would need you would need to make some changes specifically to the bathrooms.,Speaker 7,https://reflect-claremont.cablecast.tv/internetchannel/show/17092?site=1&seekto=6507
1:48:31.80,1:48:32.40,6511.80,6512.40,Unidentified,"Crosstalk cluster — sub-second backchannel fragments clipped from several voices (Chair, board members, clerk, administration); not one speaker",Playground.,Speaker 19,https://reflect-claremont.cablecast.tv/internetchannel/show/17092?site=1&seekto=6511
1:48:32.52,1:48:36.36,6512.52,6516.36,Matt Angell,"Interim Business Administrator, SAU 6",Okay.  And it only really applies to the littles. Okay.,Speaker 7,https://reflect-claremont.cablecast.tv/internetchannel/show/17092?site=1&seekto=6512
1:48:36.52,1:48:36.80,6516.52,6516.80,Matt Angell,"Interim Business Administrator, SAU 6 (sentence continuation - 'we don't have ... that building')",We don't.,Speaker 19,https://reflect-claremont.cablecast.tv/internetchannel/show/17092?site=1&seekto=6516
1:48:36.80,1:48:39.08,6516.80,6519.08,Matt Angell,"Interim Business Administrator, SAU 6","Have, And they wouldn't be in.",Speaker 7,https://reflect-claremont.cablecast.tv/internetchannel/show/17092?site=1&seekto=6516
1:48:39.12,1:48:40.04,6519.12,6520.04,Matt Angell,"Interim Business Administrator, SAU 6 (sentence continuation - 'we don't have ... that building')",That building.,Speaker 19,https://reflect-claremont.cablecast.tv/internetchannel/show/17092?site=1&seekto=6519
1:48:40.12,1:48:44.00,6520.12,6524.00,Matt Angell,"Interim Business Administrator, SAU 6",They would still remain in a building that that can manage those kids.,Speaker 7,https://reflect-claremont.cablecast.tv/internetchannel/show/17092?site=1&seekto=6520
1:48:44.24,1:48:56.92,6524.24,6536.92,Unidentified public commenter,"Citizen commenter — did not state a name; questions on the default budget, construction and staffing","So some of my other concern is, is what we've already said. We don't we we're constantly told it's a nationwide problem. We can't get teachers. We can't get special educators. How are we going to change that?",Speaker 20,https://reflect-claremont.cablecast.tv/internetchannel/show/17092?site=1&seekto=6524
1:48:57.00,1:48:57.36,6537.00,6537.36,Unidentified,"Crosstalk cluster — sub-second backchannel fragments clipped from several voices (Chair, board members, clerk, administration); not one speaker",Okay.,Speaker 19,https://reflect-claremont.cablecast.tv/internetchannel/show/17092?site=1&seekto=6537
1:48:57.44,1:48:58.64,6537.44,6538.64,Unidentified public commenter,"Citizen commenter — did not state a name; questions on the default budget, construction and staffing",I know we'll need less.,Speaker 20,https://reflect-claremont.cablecast.tv/internetchannel/show/17092?site=1&seekto=6537
1:48:58.68,1:49:10.44,6538.68,6550.44,Matt Angell,"Interim Business Administrator, SAU 6",It's also a nationwide problem that we have was at 1.69. That's the birth rate. So we're not we're not producing enough children to maintain our population.,Speaker 7,https://reflect-claremont.cablecast.tv/internetchannel/show/17092?site=1&seekto=6538
1:49:10.49,1:49:17.80,6550.49,6557.80,Unidentified public commenter,"Citizen commenter — did not state a name; questions on the default budget, construction and staffing",Right. But that fact changes nothing for our current students. We're still out of compliance  at this moment.,Speaker 20,https://reflect-claremont.cablecast.tv/internetchannel/show/17092?site=1&seekto=6550
1:49:17.84,1:49:18.24,6557.84,6558.24,Unidentified,"Crosstalk cluster — sub-second backchannel fragments clipped from several voices (Chair, board members, clerk, administration); not one speaker",Yeah.,Speaker 19,https://reflect-claremont.cablecast.tv/internetchannel/show/17092?site=1&seekto=6557
1:49:18.40,1:49:18.80,6558.40,6558.80,Unidentified public commenter,"Citizen commenter — did not state a name; questions on the default budget, construction and staffing",So.,Speaker 20,https://reflect-claremont.cablecast.tv/internetchannel/show/17092?site=1&seekto=6558
1:49:19.00,1:49:21.48,6559.00,6561.48,Matt Angell,"Interim Business Administrator, SAU 6","And that's my fault. I'm sorry, I.",Speaker 7,https://reflect-claremont.cablecast.tv/internetchannel/show/17092?site=1&seekto=6559
1:49:21.56,1:49:43.28,6561.56,6583.28,Unidentified public commenter,"Citizen commenter — did not state a name; questions on the default budget, construction and staffing","It doesn't matter whose fault. Here we are. It doesn't matter. I mean, it matters to fall at at vote time at that time. But right now, you're. We've not had a normal school meeting where some new cockamamie proposal was brought to us. Let's close bluff. Let's configure the schools. Every single meeting has been something new thrown at us.",Speaker 20,https://reflect-claremont.cablecast.tv/internetchannel/show/17092?site=1&seekto=6561
1:49:43.48,1:50:06.80,6583.48,6606.80,Unidentified public commenter,"Citizen commenter — did not state a name; questions on the default budget, construction and staffing","We have not had a meeting where anyone has said, these are the things we're working on that maybe didn't cause that deficit, but it definitely brought light to the problems we had with our contracts, with our health insurance, all those things we're paying for. Nothing has come out of one meeting to say what, what's being done to fix those existing problems.",Speaker 20,https://reflect-claremont.cablecast.tv/internetchannel/show/17092?site=1&seekto=6583
1:50:06.88,1:50:21.32,6606.88,6621.32,Unidentified public commenter,"Citizen commenter — did not state a name; questions on the default budget, construction and staffing",And maybe but let me just finish. Maybe they shouldn't have all this time asking you to figure out these budgets. Maybe we need time to fix the current problems. Okay. Before we look into the future.,Speaker 20,https://reflect-claremont.cablecast.tv/internetchannel/show/17092?site=1&seekto=6606
1:50:21.40,1:50:43.32,6621.40,6643.32,Matt Angell,"Interim Business Administrator, SAU 6","So on the current problem, you have to recognize part of the problem that I'm running into is can I make payroll? Okay. Right now, I'm pretty comfortable that I can meet payroll. Okay. When? It was September. That's why we were having the hard conversations about closing bluff and  and laying off the 39 people.",Speaker 7,https://reflect-claremont.cablecast.tv/internetchannel/show/17092?site=1&seekto=6621
1:50:43.40,1:50:44.16,6643.40,6644.16,Unidentified public commenter,"Citizen commenter — did not state a name; questions on the default budget, construction and staffing",And I get that.,Speaker 20,https://reflect-claremont.cablecast.tv/internetchannel/show/17092?site=1&seekto=6643
1:50:44.16,1:50:44.76,6644.16,6644.76,Unidentified,"Crosstalk cluster — sub-second backchannel fragments clipped from several voices (Chair, board members, clerk, administration); not one speaker",So if.,Speaker 19,https://reflect-claremont.cablecast.tv/internetchannel/show/17092?site=1&seekto=6644
1:50:44.84,1:50:49.04,6644.84,6649.04,Matt Angell,"Interim Business Administrator, SAU 6","I mean, it's it was more of a choice of making sure that I could pay.",Speaker 7,https://reflect-claremont.cablecast.tv/internetchannel/show/17092?site=1&seekto=6644
1:50:49.12,1:50:58.44,6649.12,6658.44,Unidentified public commenter,"Citizen commenter — did not state a name; questions on the default budget, construction and staffing","For that time. I get that, but now we're not. Yeah. Potentially getting rid of bluff. And don't we then have to have employee's. I know that's a grant funded program.",Speaker 20,https://reflect-claremont.cablecast.tv/internetchannel/show/17092?site=1&seekto=6649
1:50:58.60,1:51:00.00,6658.60,6660.00,Unidentified,"Crosstalk cluster — sub-second backchannel fragments clipped from several voices (Chair, board members, clerk, administration); not one speaker",Come on.,Speaker 19,https://reflect-claremont.cablecast.tv/internetchannel/show/17092?site=1&seekto=6658
1:51:00.08,1:51:14.56,6660.08,6674.56,Unidentified public commenter,"Citizen commenter — did not state a name; questions on the default budget, construction and staffing","Isn't that a grant funded program? So I get that there's no cost because we're getting grants. But don't we have to find teachers for that school? Thank you. More skilled teachers to deal with those situations. Well, there was a lot of back and forth talking, so I don't.",Speaker 20,https://reflect-claremont.cablecast.tv/internetchannel/show/17092?site=1&seekto=6660
1:51:14.56,1:51:15.80,6674.56,6675.80,Noelle Kronberg,School Board Clerk (timekeeper; confirmed by the Chair at seg 517 — 'Noel said. She paused it when Mr. Angel was speaking'),Think I.,Speaker 19,https://reflect-claremont.cablecast.tv/internetchannel/show/17092?site=1&seekto=6674
1:51:15.88,1:51:17.36,6675.88,6677.36,Noelle Kronberg,School Board Clerk (timekeeper; confirmed by the Chair at seg 517 — 'Noel said. She paused it when Mr. Angel was speaking'),I paused it when Mr. Angel.,Speaker 14,https://reflect-claremont.cablecast.tv/internetchannel/show/17092?site=1&seekto=6675
1:51:17.36,1:51:18.24,6677.36,6678.24,Noelle Kronberg,School Board Clerk (timekeeper; confirmed by the Chair at seg 517 — 'Noel said. She paused it when Mr. Angel was speaking'),Was speaking.,Speaker 19,https://reflect-claremont.cablecast.tv/internetchannel/show/17092?site=1&seekto=6677
1:51:18.32,1:51:19.40,6678.32,6679.40,Heather Whitney,School Board Chair,"Mr. Angel,",Speaker 1,https://reflect-claremont.cablecast.tv/internetchannel/show/17092?site=1&seekto=6678
1:51:19.48,1:51:19.96,6679.48,6679.96,Unidentified,"Crosstalk cluster — sub-second backchannel fragments clipped from several voices (Chair, board members, clerk, administration); not one speaker",I'm sorry.,Speaker 19,https://reflect-claremont.cablecast.tv/internetchannel/show/17092?site=1&seekto=6679
1:51:20.08,1:51:27.56,6680.08,6687.56,Heather Whitney,School Board Chair,Noel said. She paused it when Mr. Angel was speaking. Okay. Is there anyone else that would like to come and speak?,Speaker 1,https://reflect-claremont.cablecast.tv/internetchannel/show/17092?site=1&seekto=6680
1:51:27.64,1:51:29.48,6687.64,6689.48,Unidentified,"Crosstalk cluster — sub-second backchannel fragments clipped from several voices (Chair, board members, clerk, administration); not one speaker",That is past the 30 minutes?,Speaker 19,https://reflect-claremont.cablecast.tv/internetchannel/show/17092?site=1&seekto=6687
1:51:29.60,1:51:44.32,6689.60,6704.32,Heather Whitney,School Board Chair,"We're at the 30 minutes now. So unless the board would like to make a motion to extend the time, we're at the 30 minute mark per Miss Cronenberg's calculation. Anybody like a motion to expend the time?",Speaker 1,https://reflect-claremont.cablecast.tv/internetchannel/show/17092?site=1&seekto=6689
1:51:44.40,1:51:49.52,6704.40,6709.52,Loren Howard,School Board Member,"I'll make a motion to extend the time. 10 minutes or 9 minutes. So technically, three people.",Speaker 9,https://reflect-claremont.cablecast.tv/internetchannel/show/17092?site=1&seekto=6704
1:51:49.60,1:51:52.48,6709.60,6712.48,Arlene Hawkins,School Board Member; Policy Subcommittee Chair,And I'll second that motion.,Speaker 12,https://reflect-claremont.cablecast.tv/internetchannel/show/17092?site=1&seekto=6709
1:51:52.56,1:51:56.40,6712.56,6716.40,Heather Whitney,School Board Chair,Is there any discussion?,Speaker 1,https://reflect-claremont.cablecast.tv/internetchannel/show/17092?site=1&seekto=6712
1:51:56.48,1:51:57.64,6716.48,6717.64,Heather Whitney,School Board Chair,All in favor?,Speaker 1,https://reflect-claremont.cablecast.tv/internetchannel/show/17092?site=1&seekto=6716
1:51:57.72,1:51:59.00,6717.72,6719.00,Multiple,Voice vote (chorus 'aye'),Aye. Aye.,Speaker 19,https://reflect-claremont.cablecast.tv/internetchannel/show/17092?site=1&seekto=6717
1:51:59.08,1:51:59.96,6719.08,6719.96,Heather Whitney,School Board Chair,One. Two. Three.,Speaker 1,https://reflect-claremont.cablecast.tv/internetchannel/show/17092?site=1&seekto=6719
1:51:59.96,1:52:01.24,6719.96,6721.24,Heather Whitney,School Board Chair (counting the show of hands),Four.,Speaker 19,https://reflect-claremont.cablecast.tv/internetchannel/show/17092?site=1&seekto=6719
1:52:01.32,1:52:07.12,6721.32,6727.12,Heather Whitney,School Board Chair,One. Two. Three. Four. Motion passes. Thank you.,Speaker 1,https://reflect-claremont.cablecast.tv/internetchannel/show/17092?site=1&seekto=6721
1:52:07.24,1:52:08.00,6727.24,6728.00,Brian Rapp,"Citizen commenter, Ward 2 (self-identified; ASR 'Hey, Brian / Rapport two')","Hey, Brian.",Speaker 19,https://reflect-claremont.cablecast.tv/internetchannel/show/17092?site=1&seekto=6727
1:52:08.00,1:52:12.64,6728.00,6732.64,Brian Rapp,"Citizen commenter, Ward 2 (self-identified; ASR 'Hey, Brian / Rapport two')",Rapport two. Can't say I'm happy to be back. It's a pretty.,Speaker 11,https://reflect-claremont.cablecast.tv/internetchannel/show/17092?site=1&seekto=6728
1:52:12.72,1:52:14.84,6732.72,6734.84,Brian Rapp,"Citizen commenter, Ward 2 (sentence continuation)",Miserable discussion.,Speaker 16,https://reflect-claremont.cablecast.tv/internetchannel/show/17092?site=1&seekto=6732
1:52:14.92,1:52:19.96,6734.92,6739.96,Brian Rapp,"Citizen commenter, Ward 2 (self-identified; ASR 'Hey, Brian / Rapport two')",I would say that this. District needs some stability.,Speaker 11,https://reflect-claremont.cablecast.tv/internetchannel/show/17092?site=1&seekto=6734
1:52:20.04,1:52:21.12,6740.04,6741.12,Brian Rapp,"Citizen commenter, Ward 2 (sentence continuation)",You're decimating.,Speaker 16,https://reflect-claremont.cablecast.tv/internetchannel/show/17092?site=1&seekto=6740
1:52:21.12,1:52:24.28,6741.12,6744.28,Brian Rapp,"Citizen commenter, Ward 2 (self-identified; ASR 'Brian Rapport two')",The district right now.,Speaker 21,https://reflect-claremont.cablecast.tv/internetchannel/show/17092?site=1&seekto=6741
1:52:24.36,1:52:45.88,6744.36,6765.88,Brian Rapp,"Citizen commenter, Ward 2 (self-identified; ASR 'Brian Rapport two')","The teachers can't take it. The kids can't take it. We need a couple of years of stability. It's called triage. We need to stabilize the district. If not, we're going to lose teachers. We're going to lose our good quality educators. And then we're got to decide if we're going to be happy with trying to get new teachers in that haven't really taught before.",Speaker 21,https://reflect-claremont.cablecast.tv/internetchannel/show/17092?site=1&seekto=6744
1:52:45.96,1:52:50.44,6765.96,6770.44,Brian Rapp,"Citizen commenter, Ward 2 (self-identified; ASR 'Brian Rapport two')",It's going to affect the quality of our education here.,Speaker 21,https://reflect-claremont.cablecast.tv/internetchannel/show/17092?site=1&seekto=6765
1:52:50.52,1:53:15.72,6770.52,6795.72,Brian Rapp,"Citizen commenter, Ward 2 (self-identified; ASR 'Brian Rapport two')",Now. I've looked at some of the numbers for the potential population decline. I don't think people are really understanding the growth that's happening in Claremont. We've got a lot of housing units that have been going in past couple of years. We've got a couple hundred. We've got we've got more in the works. We've got old buildings that haven't been used that are coming onto the rolls.,Speaker 21,https://reflect-claremont.cablecast.tv/internetchannel/show/17092?site=1&seekto=6770
1:53:15.80,1:53:39.04,6795.80,6819.04,Brian Rapp,"Citizen commenter, Ward 2 (self-identified; ASR 'Brian Rapport two')","So there are more people moving here. So I don't think you're taking that into consideration. The other part is we've got kids that have left because of what happened  six months ago.  Where are we anticipating they're never going to come back? That's what the numbers are looking like. So what if they come back? All of a sudden, your model is screwed.",Speaker 21,https://reflect-claremont.cablecast.tv/internetchannel/show/17092?site=1&seekto=6795
1:53:39.12,1:53:51.32,6819.12,6831.32,Brian Rapp,"Citizen commenter, Ward 2 (self-identified; ASR 'Brian Rapport two')",So you need to give it time to stabilize and figure out where we're going to be at. Going to three schools. Ridiculous. Ridiculous.,Speaker 21,https://reflect-claremont.cablecast.tv/internetchannel/show/17092?site=1&seekto=6819
1:53:51.40,1:54:07.64,6831.40,6847.64,Brian Rapp,"Citizen commenter, Ward 2 (self-identified; ASR 'Brian Rapport two')","You really need to put on the brakes. Have a have a stronger, more coherent discussion with the public. Engage where they're really at. This is too rushed.",Speaker 21,https://reflect-claremont.cablecast.tv/internetchannel/show/17092?site=1&seekto=6831
1:54:07.72,1:54:17.56,6847.72,6857.56,Unidentified,"Crosstalk cluster — sub-second backchannel fragments clipped from several voices (Chair, board members, clerk, administration); not one speaker",Thank you. Thank you.,Speaker 19,https://reflect-claremont.cablecast.tv/internetchannel/show/17092?site=1&seekto=6847
1:54:17.64,1:54:19.20,6857.64,6859.20,Clinton Lowry,"Citizen commenter, 163 Maple Avenue (onset clipped; continues in seg 542)",My name is.,Speaker 11,https://reflect-claremont.cablecast.tv/internetchannel/show/17092?site=1&seekto=6857
1:54:19.28,1:54:28.80,6859.28,6868.80,Clinton Lowry,"Citizen commenter, 163 Maple Avenue (as announced; not on public roster)","Clinton Lowry. I live at 163 Maple Avenue, and I. I'm a supporter for education.",Speaker 22,https://reflect-claremont.cablecast.tv/internetchannel/show/17092?site=1&seekto=6859
1:54:28.88,1:54:31.76,6868.88,6871.76,Clinton Lowry,"Citizen commenter, 163 Maple Avenue (as announced; not on public roster)",But right now.,Speaker 22,https://reflect-claremont.cablecast.tv/internetchannel/show/17092?site=1&seekto=6868
1:54:31.84,1:55:09.12,6871.84,6909.12,Clinton Lowry,"Citizen commenter, 163 Maple Avenue (as announced; not on public roster)","I can see people that are afraid or not afraid, but demoralized. They won't speak up on the bottom of the Facebook page that says community input matters. Please attend. Stay informed. Make your voice heard. I'm here to tell you that it's a perfect storm. It's not just the school district financial  problem, but we just had that tax reassessment  in Claremont.",Speaker 22,https://reflect-claremont.cablecast.tv/internetchannel/show/17092?site=1&seekto=6871
1:55:09.20,1:55:22.28,6909.20,6922.28,Clinton Lowry,"Citizen commenter, 163 Maple Avenue (as announced; not on public roster)","I don't know about others, but if you live in Claremont. My taxes went up 26%. So now we're looking at more money.",Speaker 22,https://reflect-claremont.cablecast.tv/internetchannel/show/17092?site=1&seekto=6909
1:55:22.36,1:56:04.16,6922.36,6964.16,Clinton Lowry,"Citizen commenter, 163 Maple Avenue (as announced; not on public roster)","I get I can get wound up. One of my big peeves. I've seen superintendents leave get whether they're fired  or not. And they have maybe a year. They still get that extra pay for a year. When does a teacher ever been paid an extra year paid or business manager? Whether they are good or bad  and they quit, or for some reason they're somehow you finally read some small print  that they had a a stipend and money.",Speaker 22,https://reflect-claremont.cablecast.tv/internetchannel/show/17092?site=1&seekto=6922
1:56:04.24,1:56:19.60,6964.24,6979.60,Clinton Lowry,"Citizen commenter, 163 Maple Avenue (as announced; not on public roster)",And it seems like Claremont has been too loose with money. It's a whole lot easier to spend. I tell my kids to save.,Speaker 22,https://reflect-claremont.cablecast.tv/internetchannel/show/17092?site=1&seekto=6964
1:56:19.68,1:56:57.24,6979.68,7017.24,Clinton Lowry,"Citizen commenter, 163 Maple Avenue (as announced; not on public roster)","Please be careful on the money. It's not all just about money. But I'm telling you, there are a lot of hurting people in Claremont, and they're afraid to come because they they they feel that it'll be just lip service, that they're that they're given and they're not really paid attention to. So if there's any way you can save money, do it.",Speaker 22,https://reflect-claremont.cablecast.tv/internetchannel/show/17092?site=1&seekto=6979
1:56:57.32,1:57:21.46,7017.32,7041.46,Clinton Lowry,"Citizen commenter, 163 Maple Avenue (as announced; not on public roster)","Eight. Any superintendent that leads here, it gets a pay out and somebody says, well, it was in the contract. I'd say, well, maybe it's a person that wrote the contract should pay. Why should taxpayers have to pay? Thank you very much.",Speaker 22,https://reflect-claremont.cablecast.tv/internetchannel/show/17092?site=1&seekto=7017
1:57:21.54,1:57:25.90,7041.54,7045.90,Heather Whitney,School Board Chair,Is there anyone else that would like to come and speak?,Speaker 1,https://reflect-claremont.cablecast.tv/internetchannel/show/17092?site=1&seekto=7041
1:57:25.98,1:57:38.26,7045.98,7058.26,Heather Whitney,School Board Chair,"I'm going to close public comment and open this up to the board to ask where clarifying questions if they so choose. Community members yes, I have oh.",Speaker 1,https://reflect-claremont.cablecast.tv/internetchannel/show/17092?site=1&seekto=7045
1:57:38.34,1:57:39.10,7058.34,7059.10,Arlene Hawkins,School Board Member; Policy Subcommittee Chair,Of the community.,Speaker 12,https://reflect-claremont.cablecast.tv/internetchannel/show/17092?site=1&seekto=7058
1:57:39.10,1:57:39.90,7059.10,7059.90,Heather Whitney,School Board Chair,"Members, this is.",Speaker 1,https://reflect-claremont.cablecast.tv/internetchannel/show/17092?site=1&seekto=7059
1:57:39.90,1:57:43.26,7059.90,7063.26,Arlene Hawkins,School Board Member; Policy Subcommittee Chair,The or just in general.,Speaker 12,https://reflect-claremont.cablecast.tv/internetchannel/show/17092?site=1&seekto=7059
1:57:43.34,1:57:55.70,7063.34,7075.70,Heather Whitney,School Board Chair,"To the community members. This was part of that.  The policy that I wanted to make sure I adhered to, to give the opportunity for board members to ask questions. The community members. See, is there any other. No.",Speaker 1,https://reflect-claremont.cablecast.tv/internetchannel/show/17092?site=1&seekto=7063
1:57:55.78,1:57:56.98,7075.78,7076.98,Unidentified,"Crosstalk cluster — sub-second backchannel fragments clipped from several voices (Chair, board members, clerk, administration); not one speaker",Okay.,Speaker 19,https://reflect-claremont.cablecast.tv/internetchannel/show/17092?site=1&seekto=7075
1:57:57.06,1:58:22.62,7077.06,7102.62,Heather Whitney,School Board Chair,"So I'm going to close that portion of our public comment, follow up, and move into requesting or seeing if any members of the board would like to make a motion to start a discussion on which model we should move forward for consideration at the public hearing on the 20th. Mr. Howard.",Speaker 1,https://reflect-claremont.cablecast.tv/internetchannel/show/17092?site=1&seekto=7077
1:58:22.70,1:58:30.69,7102.70,7110.69,Loren Howard,School Board Member,"Just for convenience, say, can we call them model one, two and three from left to right so I don't have to say the full sentence each time? Or is that confusing?",Speaker 9,https://reflect-claremont.cablecast.tv/internetchannel/show/17092?site=1&seekto=7102
1:58:30.70,1:58:33.58,7110.70,7113.58,Heather Whitney,School Board Chair,So  you would say model one is.,Speaker 1,https://reflect-claremont.cablecast.tv/internetchannel/show/17092?site=1&seekto=7110
1:58:33.66,1:58:34.14,7113.66,7114.14,Unidentified,"Crosstalk cluster — sub-second backchannel fragments clipped from several voices (Chair, board members, clerk, administration); not one speaker",Three.,Speaker 19,https://reflect-claremont.cablecast.tv/internetchannel/show/17092?site=1&seekto=7113
1:58:34.18,1:58:56.70,7114.18,7136.70,Loren Howard,School Board Member,"Two and B for school. Line three would be the status quo. Okay. I can for the motion I'll say the full sentence, but I just mean as we're discussing. So we're not to say at each time. I'd like to make a motion. To put forward a model number 3 to 10. We word it to the meeting on the 20th for the public hearing to be discussed.",Speaker 9,https://reflect-claremont.cablecast.tv/internetchannel/show/17092?site=1&seekto=7114
1:58:56.78,1:58:58.06,7136.78,7138.06,Unidentified,"Crosstalk cluster — sub-second backchannel fragments clipped from several voices (Chair, board members, clerk, administration); not one speaker",That's one of the two.,Speaker 19,https://reflect-claremont.cablecast.tv/internetchannel/show/17092?site=1&seekto=7136
1:58:58.14,1:59:12.34,7138.14,7152.34,Heather Whitney,School Board Chair,"It's the it's the, for school model. Is that correct? Yes,  the current model. And if we have a second, we'll have a discussion.",Speaker 1,https://reflect-claremont.cablecast.tv/internetchannel/show/17092?site=1&seekto=7138
1:59:12.42,1:59:16.94,7152.42,7156.94,Arlene Hawkins,School Board Member; Policy Subcommittee Chair,I'll second it for discussion.,Speaker 12,https://reflect-claremont.cablecast.tv/internetchannel/show/17092?site=1&seekto=7152
1:59:17.02,1:59:17.76,7157.02,7157.76,Heather Whitney,School Board Chair,Okay.,Speaker 1,https://reflect-claremont.cablecast.tv/internetchannel/show/17092?site=1&seekto=7157
1:59:20.14,1:59:38.38,7160.14,7178.38,Loren Howard,School Board Member,"So I did like  some napkin math on the tax increase for the biggest model. And I totally sympathize. I think one of the  worst things that happened. I mean, it's good that our values assessed it more, but I think a lot of our property was over assessed. Meaning now, you know, homeowners are going to be paying a lot more than they should be.",Speaker 9,https://reflect-claremont.cablecast.tv/internetchannel/show/17092?site=1&seekto=7160
1:59:38.46,2:00:01.53,7178.46,7201.53,Loren Howard,School Board Member,"For example,  I live in a house that's a few years ago was valued around 140,000. Then all of a sudden I was around 250. So I'm using that as my reference number here. It's more like 240. Am I right in saying that even at the the highest increase, it would be roughly $612 a year to. So I can try to break it down for you.",Speaker 9,https://reflect-claremont.cablecast.tv/internetchannel/show/17092?site=1&seekto=7178
2:00:01.54,2:00:23.78,7201.54,7223.78,Loren Howard,School Board Member,"But the difference between the two,  you know, what it's currently at and what that would raise it to for the dollar value on 1000, it'd be 612 per year. That was my math. And that divided by 12 is just over $50. So I hear that the pockets are hurting, in terms of taxes, but I think this is going to be one of the least significant increases that has happened recently.",Speaker 9,https://reflect-claremont.cablecast.tv/internetchannel/show/17092?site=1&seekto=7201
2:00:23.86,2:00:51.94,7223.86,7251.94,Loren Howard,School Board Member,"And I think our tax system in the state is broken, and there's a much larger conversation about how property taxes should work that is not for this venue. But with that said, I think $600 on $250,000 a property a year, $50 a month. If, for example, the house is a it's a three family. So if you have two tenants and you needed to make up an extra $50 a month, your two tenants are paying 25 extra dollars a month.",Speaker 9,https://reflect-claremont.cablecast.tv/internetchannel/show/17092?site=1&seekto=7223
2:00:51.98,2:01:21.94,7251.98,7281.94,Loren Howard,School Board Member,"And again, I hear you, none of us want to be taxed in a way that is abusive, but I think currently that's the position we put in by the state.  So I think what we've heard, at least in my years, is that we need a year of stability in a much, much more thought out plan. I proposed previously loose ideas around kindergarten, leaving one elementary school, you know, next year, and then each successive year, we'd take a grade out of that school so a student wouldn't actually be leaving.",Speaker 9,https://reflect-claremont.cablecast.tv/internetchannel/show/17092?site=1&seekto=7251
2:01:21.98,2:01:42.54,7281.98,7302.54,Loren Howard,School Board Member,"Like, no students would leave the school. They wouldn't be a kindergarten one year, and anyone entering kindergarten would go to Disney. And we, you know, reconfigure in a way that was methodical. People could plan for. So it's not just about the, you know, how little it is saving some money. It's a tax increase, period. But I think when we talk about it, we're a bit fanatic about what that actually looks like.",Speaker 9,https://reflect-claremont.cablecast.tv/internetchannel/show/17092?site=1&seekto=7281
2:01:42.58,2:02:02.50,7302.58,7322.50,Loren Howard,School Board Member,"And if you want a $250,000 house, $50 a month doesn't sound that bad. To keep the community stable and make sure there's educated citizens in your community that can get jobs and hopefully buy more houses and have a future beer. And then just anecdotally, I have a friend my age who's got a child who's the age of my child, roughly two,  and he moved to Claremont.",Speaker 9,https://reflect-claremont.cablecast.tv/internetchannel/show/17092?site=1&seekto=7302
2:02:02.54,2:02:28.22,7322.54,7348.22,Loren Howard,School Board Member,"Regardless of all this, he just bought a house on Maple. So  even with our doubts, you know, about the first grade, etc. worries about under population. Now, even though ten years ago it was overpopulation we were worried about. I think, you know, those are bigger picture things. And right now we do need stability. And that that price tag does not seem significant enough to warrant, you know, all of our teachers hemorrhaging.",Speaker 9,https://reflect-claremont.cablecast.tv/internetchannel/show/17092?site=1&seekto=7322
2:02:28.30,2:02:29.06,7348.30,7349.06,Unidentified,"(uncertain — interjection from the floor during Mr. Howard's remarks; the Chair answers 'I'm sorry, sir' at seg 578)",You're not 80.,Speaker 16,https://reflect-claremont.cablecast.tv/internetchannel/show/17092?site=1&seekto=7348
2:02:29.06,2:02:29.78,7349.06,7349.78,Unidentified,"(uncertain — interjection from the floor during Mr. Howard's remarks; the Chair answers 'I'm sorry, sir' at seg 578)",Years old.,Speaker 11,https://reflect-claremont.cablecast.tv/internetchannel/show/17092?site=1&seekto=7349
2:02:29.86,2:02:31.30,7349.86,7351.30,Unidentified,"(uncertain — interjection from the floor during Mr. Howard's remarks; the Chair answers 'I'm sorry, sir' at seg 578)",Living on a fixed income neither.,Speaker 16,https://reflect-claremont.cablecast.tv/internetchannel/show/17092?site=1&seekto=7349
2:02:31.34,2:02:32.38,7351.34,7352.38,Heather Whitney,School Board Chair,"I'm sorry, sir.",Speaker 1,https://reflect-claremont.cablecast.tv/internetchannel/show/17092?site=1&seekto=7351
2:02:32.46,2:02:32.90,7352.46,7352.90,Unidentified,"Crosstalk cluster — sub-second backchannel fragments clipped from several voices (Chair, board members, clerk, administration); not one speaker",I'm sorry.,Speaker 19,https://reflect-claremont.cablecast.tv/internetchannel/show/17092?site=1&seekto=7352
2:02:32.94,2:02:34.02,7352.94,7354.02,Loren Howard,School Board Member,That's okay.,Speaker 9,https://reflect-claremont.cablecast.tv/internetchannel/show/17092?site=1&seekto=7352
2:02:34.10,2:02:34.38,7354.10,7354.38,Heather Whitney,School Board Chair,No.,Speaker 1,https://reflect-claremont.cablecast.tv/internetchannel/show/17092?site=1&seekto=7354
2:02:34.42,2:02:35.14,7354.42,7355.14,Unidentified,"Crosstalk cluster — sub-second backchannel fragments clipped from several voices (Chair, board members, clerk, administration); not one speaker",Well.,Speaker 19,https://reflect-claremont.cablecast.tv/internetchannel/show/17092?site=1&seekto=7354
2:02:35.22,2:02:38.14,7355.22,7358.14,Heather Whitney,School Board Chair,"Just to conduct, I.",Speaker 1,https://reflect-claremont.cablecast.tv/internetchannel/show/17092?site=1&seekto=7355
2:02:38.14,2:02:51.70,7358.14,7371.70,Arlene Hawkins,School Board Member; Policy Subcommittee Chair,"Just my question is to Matt. The increase and the slide is different. Now, you said you're restoring the positions that we hemorrhaged in the beginning of the year.",Speaker 12,https://reflect-claremont.cablecast.tv/internetchannel/show/17092?site=1&seekto=7358
2:02:51.78,2:02:52.78,7371.78,7372.78,Unidentified,"Crosstalk cluster — sub-second backchannel fragments clipped from several voices (Chair, board members, clerk, administration); not one speaker",I can't hear you.,Speaker 19,https://reflect-claremont.cablecast.tv/internetchannel/show/17092?site=1&seekto=7371
2:02:52.86,2:03:24.74,7372.86,7404.74,Arlene Hawkins,School Board Member; Policy Subcommittee Chair,"I'm sorry. The the current proposal for the number three of the four school. The way it is now, the reason for the significant increase, and I'm asking this to clarify it for myself, is restoring positions that were cut in the beginning of the year. So they're currently vacant. So what I'm hearing on one hand is how hard it is and how people within the buildings are struggling without personnel.",Speaker 12,https://reflect-claremont.cablecast.tv/internetchannel/show/17092?site=1&seekto=7372
2:03:24.82,2:03:44.06,7404.82,7424.06,Arlene Hawkins,School Board Member; Policy Subcommittee Chair,"But on the other hand, in the same model, it would be increasing by $3 million in order to ease that tightness that's currently happening. Is there a way and I don't know the answer to this, to meet somewhere in the middle.",Speaker 12,https://reflect-claremont.cablecast.tv/internetchannel/show/17092?site=1&seekto=7404
2:03:44.14,2:03:48.50,7424.14,7428.50,Arlene Hawkins,School Board Member; Policy Subcommittee Chair,"And I'm not asking you to do another budget. Believe me, I'm not. I'm not.",Speaker 12,https://reflect-claremont.cablecast.tv/internetchannel/show/17092?site=1&seekto=7424
2:03:48.58,2:03:49.22,7428.58,7429.22,Heather Whitney,School Board Chair,Just good.,Speaker 1,https://reflect-claremont.cablecast.tv/internetchannel/show/17092?site=1&seekto=7428
2:03:49.46,2:04:14.82,7429.46,7454.82,Arlene Hawkins,School Board Member; Policy Subcommittee Chair,"I just don't know what's. On one hand, everybody's hurting because they don't have sufficient staff. We're not meeting required, needs for students. And on the other hand, in order to restore that, it has the biggest impact on the budget. There's no way to come to a happy medium with that. From your perspective.",Speaker 12,https://reflect-claremont.cablecast.tv/internetchannel/show/17092?site=1&seekto=7429
2:04:14.90,2:04:18.46,7454.90,7458.46,Matt Angell,"Interim Business Administrator, SAU 6","Under the three school model, it will be difficult to get it smaller.",Speaker 7,https://reflect-claremont.cablecast.tv/internetchannel/show/17092?site=1&seekto=7454
2:04:18.54,2:04:19.74,7458.54,7459.74,Arlene Hawkins,School Board Member; Policy Subcommittee Chair,I'm not talking about the three school.,Speaker 12,https://reflect-claremont.cablecast.tv/internetchannel/show/17092?site=1&seekto=7458
2:04:19.94,2:04:22.34,7459.94,7462.34,Matt Angell,"Interim Business Administrator, SAU 6","I'm sorry, the  sorry. The model three.",Speaker 7,https://reflect-claremont.cablecast.tv/internetchannel/show/17092?site=1&seekto=7459
2:04:22.54,2:04:22.98,7462.54,7462.98,Unidentified,"Crosstalk cluster — sub-second backchannel fragments clipped from several voices (Chair, board members, clerk, administration); not one speaker",Okay.,Speaker 19,https://reflect-claremont.cablecast.tv/internetchannel/show/17092?site=1&seekto=7462
2:04:23.10,2:04:23.66,7463.10,7463.66,Matt Angell,"Interim Business Administrator, SAU 6",The one on.,Speaker 7,https://reflect-claremont.cablecast.tv/internetchannel/show/17092?site=1&seekto=7463
2:04:23.66,2:04:24.74,7463.66,7464.74,Matt Angell,"Interim Business Administrator, SAU 6 (sentence continuation of seg 595 - 'the one on the far right')",The far right. Yes.,Speaker 19,https://reflect-claremont.cablecast.tv/internetchannel/show/17092?site=1&seekto=7463
2:04:24.82,2:04:25.86,7464.82,7465.86,Loren Howard,School Board Member,I made that worse.,Speaker 9,https://reflect-claremont.cablecast.tv/internetchannel/show/17092?site=1&seekto=7464
2:04:25.94,2:04:28.66,7465.94,7468.66,Unidentified,"Crosstalk cluster — sub-second backchannel fragments clipped from several voices (Chair, board members, clerk, administration); not one speaker",That's. Yeah.,Speaker 19,https://reflect-claremont.cablecast.tv/internetchannel/show/17092?site=1&seekto=7465
2:04:28.74,2:04:30.73,7468.74,7470.73,Matt Angell,"Interim Business Administrator, SAU 6",It's also past my bedtime too.,Speaker 7,https://reflect-claremont.cablecast.tv/internetchannel/show/17092?site=1&seekto=7468
2:04:30.78,2:04:33.10,7470.78,7473.10,Unidentified,"Crosstalk cluster — sub-second backchannel fragments clipped from several voices (Chair, board members, clerk, administration); not one speaker",So.,Speaker 19,https://reflect-claremont.cablecast.tv/internetchannel/show/17092?site=1&seekto=7470
2:04:33.18,2:04:37.82,7473.18,7477.82,Arlene Hawkins,School Board Member; Policy Subcommittee Chair,So there's no way to think about a way to meet halfway.,Speaker 12,https://reflect-claremont.cablecast.tv/internetchannel/show/17092?site=1&seekto=7473
2:04:37.94,2:04:59.26,7477.94,7499.26,Matt Angell,"Interim Business Administrator, SAU 6","See, part of the problem is. And we're facing that in my own community. And my own community is like a little mini Claremont. Okay. We have more poverty in my community than there is in Claremont. The  issue that we have at my school, at home is the population is so small you can't go smaller. Our class sizes are 7 to 1.",Speaker 7,https://reflect-claremont.cablecast.tv/internetchannel/show/17092?site=1&seekto=7477
2:04:59.38,2:05:04.34,7499.38,7504.34,Matt Angell,"Interim Business Administrator, SAU 6",And what are you going to do? Get rid of the only teacher?,Speaker 7,https://reflect-claremont.cablecast.tv/internetchannel/show/17092?site=1&seekto=7499
2:05:04.42,2:05:12.98,7504.42,7512.98,Matt Angell,"Interim Business Administrator, SAU 6","You know? I mean, it gets to the point because of the number of schools that you have, you can't get smaller. Right.",Speaker 7,https://reflect-claremont.cablecast.tv/internetchannel/show/17092?site=1&seekto=7504
2:05:13.06,2:05:27.86,7513.06,7527.86,Arlene Hawkins,School Board Member; Policy Subcommittee Chair,"And I ask that because we also have a lack of stability at the main office, where implementation of a lot of these other components would be better served if we had people in those positions. There are a lot of IFS.",Speaker 12,https://reflect-claremont.cablecast.tv/internetchannel/show/17092?site=1&seekto=7513
2:05:27.94,2:05:29.78,7527.94,7529.78,Matt Angell,"Interim Business Administrator, SAU 6","In the central office, right?",Speaker 7,https://reflect-claremont.cablecast.tv/internetchannel/show/17092?site=1&seekto=7527
2:05:30.02,2:05:30.86,7530.02,7530.86,Arlene Hawkins,School Board Member; Policy Subcommittee Chair,"Yes, yes, that.",Speaker 12,https://reflect-claremont.cablecast.tv/internetchannel/show/17092?site=1&seekto=7530
2:05:30.90,2:05:31.14,7530.90,7531.14,Unidentified,(brief crosstalk at the board table),That.,Speaker 20,https://reflect-claremont.cablecast.tv/internetchannel/show/17092?site=1&seekto=7530
2:05:31.14,2:05:31.90,7531.14,7531.90,Unidentified,"Crosstalk cluster — sub-second backchannel fragments clipped from several voices (Chair, board members, clerk, administration); not one speaker",Is correct.,Speaker 19,https://reflect-claremont.cablecast.tv/internetchannel/show/17092?site=1&seekto=7531
2:05:31.94,2:05:33.78,7531.94,7533.78,Arlene Hawkins,School Board Member; Policy Subcommittee Chair,The programing at the.,Speaker 12,https://reflect-claremont.cablecast.tv/internetchannel/show/17092?site=1&seekto=7531
2:05:33.86,2:05:38.46,7533.86,7538.46,Matt Angell,"Interim Business Administrator, SAU 6","School,  such as a curriculum director. Right. Yes.",Speaker 7,https://reflect-claremont.cablecast.tv/internetchannel/show/17092?site=1&seekto=7533
2:05:38.54,2:05:43.40,7538.54,7543.40,Arlene Hawkins,School Board Member; Policy Subcommittee Chair,So there's nothing. Okay.,Speaker 12,https://reflect-claremont.cablecast.tv/internetchannel/show/17092?site=1&seekto=7538
2:05:43.48,2:06:20.20,7543.48,7580.20,Heather Whitney,School Board Chair,"I  have to disagree about the $650, being something that people should be able to, digest or internalize. One of the reasons why our tax rate is so high and the reason why  the portion that is attributed to the school  is because we haven't done a really good job at watching our pennies, and we haven't done a very good job of managing human resources.",Speaker 1,https://reflect-claremont.cablecast.tv/internetchannel/show/17092?site=1&seekto=7543
2:06:20.28,2:06:56.72,7580.28,7616.72,Heather Whitney,School Board Chair,"And we have been talking about reconfiguration for probably 6 or 7 years, because we've recognized that the model that we have is completely unsustainable and is egregiously wasteful and on equitable  as far as classroom size,  and when you have 60% of families that have less than $1,000 in their savings account, and that's a statistic,  the idea of $650 is meaningful.",Speaker 1,https://reflect-claremont.cablecast.tv/internetchannel/show/17092?site=1&seekto=7580
2:06:56.80,2:07:20.08,7616.80,7640.08,Heather Whitney,School Board Chair,"And I guess I have to speak from experience. And right now, my current life, I have a fantastic career. I'm very financially stable. But when I was a mom that moved into Claremont and I was working 50, 55, 60 hours a week, no child support, had a mortgage,  and I got my tax bill and I had allocated out my budget.",Speaker 1,https://reflect-claremont.cablecast.tv/internetchannel/show/17092?site=1&seekto=7616
2:07:20.16,2:07:47.44,7640.16,7667.44,Heather Whitney,School Board Chair,"That tax bill prevented me from getting snow tires. I had to make a critical choice, and I ended up skating around for a year with my kids in the back of my car. And so I think we have to be really careful when we talk about taxes, and we can't forget that taxes are levied on people, on families, on households,  and those taxes have consequences.",Speaker 1,https://reflect-claremont.cablecast.tv/internetchannel/show/17092?site=1&seekto=7640
2:07:47.44,2:08:15.56,7667.44,7695.56,Heather Whitney,School Board Chair,"And I'm not able to quantify what those consequences are, but I can't make the assumption that the suffering that I am, or the inconvenience or uncomfortableness or the trauma to the children in that household who may not be able to, I don't know, get Christmas presents, may not be able to go to dance class, their families might get completely stressed out, and that negatively impacts their home environment.",Speaker 1,https://reflect-claremont.cablecast.tv/internetchannel/show/17092?site=1&seekto=7667
2:08:15.64,2:08:43.52,7695.64,7723.52,Heather Whitney,School Board Chair,"I don't think that I can judge or  put a number on  the suffering of a teacher or a kid in school versus, you know, suffering that we could be imposing on a family and the children within that household. So I think it's really incumbent upon the board to be as careful with our dollars as we possibly can without negatively impacting our ability to provide the programs.",Speaker 1,https://reflect-claremont.cablecast.tv/internetchannel/show/17092?site=1&seekto=7695
2:08:43.52,2:09:14.91,7723.52,7754.91,Heather Whitney,School Board Chair,"And it's important to that. We recognize that although we have eliminated positions in some of these configurations, we're not eliminating people. So every person that is employed by the district now, if they choose to stay, will have a job. So for that reason, I would disagree  that, it's an consequential number or that it should really reflect the values of the board.",Speaker 1,https://reflect-claremont.cablecast.tv/internetchannel/show/17092?site=1&seekto=7723
2:09:14.99,2:09:17.16,7754.99,7757.16,Unidentified,"Crosstalk cluster — sub-second backchannel fragments clipped from several voices (Chair, board members, clerk, administration); not one speaker",Just a quick response.,Speaker 19,https://reflect-claremont.cablecast.tv/internetchannel/show/17092?site=1&seekto=7754
2:09:17.24,2:09:38.48,7757.24,7778.48,Loren Howard,School Board Member,"The lowest aligned model still would be, I think, a little over 200. So it would be 20 ish, per month. So again, yeah, it's a $30 a month difference, I  hear you. And then, you know, to to the, man's point in the back about  fixed income. I hear that as well. The but the example I gave is a three family.",Speaker 9,https://reflect-claremont.cablecast.tv/internetchannel/show/17092?site=1&seekto=7757
2:09:38.64,2:10:11.72,7778.64,7811.72,Loren Howard,School Board Member,"The landlord is on a fixed income. He's got two renters.  And, so, so again, I'm not trying to be inconsiderate and, you know,  talk about snow tires. I got snow tires last month, and I had $4 in my bank account on the 31st. So so I totally get it. I just think we're when you talk about, like, the trauma of that family is that's 100% real, but is that as as much trauma as, you know, these kids are going to have to endure switching schools again, some maybe even losing town, etc., etc..",Speaker 9,https://reflect-claremont.cablecast.tv/internetchannel/show/17092?site=1&seekto=7778
2:10:11.76,2:10:29.96,7811.76,7829.96,Loren Howard,School Board Member,"I'm not even sure either of those scenarios are really traumatic. If you don't get a good Christmas present because your mom have 30 extra dollars a month. I'm not even trying to be mean about it, but I just think getting down on that detail is that's  a I have a sympathetic reaction. But we're still increasing their taxes.",Speaker 9,https://reflect-claremont.cablecast.tv/internetchannel/show/17092?site=1&seekto=7811
2:10:30.00,2:10:49.80,7830.00,7849.80,Loren Howard,School Board Member,"And so whether it's $20 a month or $50 a month, again, $30 a month can make a difference. And I hear you, but the 60% of families who have less than $1,000 in  savings, hello  on one of them. And I don't own a house. And so not to say that that justifies it or makes it any different, my rent is probably going to go up when our landlord gets a higher bill.",Speaker 9,https://reflect-claremont.cablecast.tv/internetchannel/show/17092?site=1&seekto=7830
2:10:49.80,2:11:13.76,7849.80,7873.76,Loren Howard,School Board Member,"And that's exactly why I use the example of, well, between the two tenants, it'd be about $25 a month. So yeah, I don't think it's inconsequential. I'm not trying to frame it that way. It is consequential. All of these are going to have consequences.  I just think that the panic around the talk of the increase is not as justified when you actually look at the number value between even the lowest model and the, the model that, you know, number three.",Speaker 9,https://reflect-claremont.cablecast.tv/internetchannel/show/17092?site=1&seekto=7849
2:11:13.84,2:11:29.70,7873.84,7889.70,Loren Howard,School Board Member,"Yeah, it just  30 extra dollars a month does not seem like it is going to break the bank. And I'd say that a lot of the families who are in the position where $30 will might not be people who are homeowners yet. Yeah.",Speaker 9,https://reflect-claremont.cablecast.tv/internetchannel/show/17092?site=1&seekto=7873
2:11:29.78,2:11:33.18,7889.78,7893.18,Heather Whitney,School Board Chair,Mr.. Mr.. Madden.,Speaker 1,https://reflect-claremont.cablecast.tv/internetchannel/show/17092?site=1&seekto=7889
2:11:33.26,2:11:43.50,7893.26,7903.50,William 'Bill' Madden,School Board Member (recognized by the Chair at seg 627; Whitney refers back to 'like Bill said' at seg 775),"You're both right. But when I came here, my thing was quality of education,  and.",Speaker 11,https://reflect-claremont.cablecast.tv/internetchannel/show/17092?site=1&seekto=7893
2:11:43.58,2:11:51.46,7903.58,7911.46,William 'Bill' Madden,School Board Member (recognized by the Chair at seg 627; Whitney refers back to 'like Bill said' at seg 775),I didn't even know about all these budget problems until it started blowing up in April  and then in July.,Speaker 11,https://reflect-claremont.cablecast.tv/internetchannel/show/17092?site=1&seekto=7903
2:11:51.54,2:12:09.78,7911.54,7929.78,William 'Bill' Madden,School Board Member (recognized by the Chair at seg 627; Whitney refers back to 'like Bill said' at seg 775),You called it  191911. And it really was. And I think everyone's forgetting that we almost didn't open in September.  That's how bad it was.,Speaker 11,https://reflect-claremont.cablecast.tv/internetchannel/show/17092?site=1&seekto=7911
2:12:09.86,2:12:31.54,7929.86,7951.54,William 'Bill' Madden,School Board Member (recognized by the Chair at seg 627; Whitney refers back to 'like Bill said' at seg 775),"When we had the meetings in the high school,  the parents, all the teachers, we on us. I don't think they know the ins and out. I don't even know all the ins and outs of the budget process. But we were getting blamed for what happened. And.",Speaker 11,https://reflect-claremont.cablecast.tv/internetchannel/show/17092?site=1&seekto=7929
2:12:31.62,2:13:01.78,7951.62,7981.78,William 'Bill' Madden,School Board Member (recognized by the Chair at seg 627; Whitney refers back to 'like Bill said' at seg 775),"We don't write checks. We don't take checks, we don't we don't do any of that. And now we have to come up with a budget, and hopefully it's going to address the quality of the education  and the money. And even tonight  people came up and they said, you know, the quality of our schools is terrible. And.",Speaker 11,https://reflect-claremont.cablecast.tv/internetchannel/show/17092?site=1&seekto=7951
2:13:01.86,2:13:20.46,7981.86,8000.46,William 'Bill' Madden,School Board Member (recognized by the Chair at seg 627; Whitney refers back to 'like Bill said' at seg 775),"I think you have to put yourself in the place of an average  working parent,  a homeowner, and they say for 30 years have been here in this nonsense for 30 years.",Speaker 11,https://reflect-claremont.cablecast.tv/internetchannel/show/17092?site=1&seekto=7981
2:13:20.54,2:13:53.26,8000.54,8033.26,William 'Bill' Madden,School Board Member (recognized by the Chair at seg 627; Whitney refers back to 'like Bill said' at seg 775),"The attendance has been dropping for 30 years, the grades have been dropping faster, and for 30 years the price has been going up. And now they look at this disaster that we're dealing with.  And the first information we had last April was a one to a $1.5 million bust.  And then.",Speaker 11,https://reflect-claremont.cablecast.tv/internetchannel/show/17092?site=1&seekto=8000
2:13:53.34,2:14:20.10,8033.34,8060.10,William 'Bill' Madden,School Board Member (recognized by the Chair at seg 627; Whitney refers back to 'like Bill said' at seg 775),"In July  we found out it was all lies and it was X. And we took a lot of steps  to change X2X by one fourth. And the average guy looks at it and he thinks about this and he says, you all suck.",Speaker 11,https://reflect-claremont.cablecast.tv/internetchannel/show/17092?site=1&seekto=8033
2:14:20.18,2:14:31.42,8060.18,8071.42,William 'Bill' Madden,School Board Member (recognized by the Chair at seg 627; Whitney refers back to 'like Bill said' at seg 775),"You don't know whether  you were off by 1 million. 1.5 million, 55.011, 10 or 12.",Speaker 11,https://reflect-claremont.cablecast.tv/internetchannel/show/17092?site=1&seekto=8060
2:14:31.50,2:14:56.74,8071.50,8096.74,William 'Bill' Madden,School Board Member (recognized by the Chair at seg 627; Whitney refers back to 'like Bill said' at seg 775),"So why can't you do it with $12 million less? If you got through this year,  you should be going with $12 million less. Well, if you do that, that's not realistic either. And that that's just dooming us to, worse grades and giving up on generations of kids.  So I think we're trying to reach a balance.",Speaker 11,https://reflect-claremont.cablecast.tv/internetchannel/show/17092?site=1&seekto=8071
2:14:56.82,2:15:07.98,8096.82,8107.98,William 'Bill' Madden,School Board Member (recognized by the Chair at seg 627; Whitney refers back to 'like Bill said' at seg 775),"And I think we got to try and make the increase as little as possible, and we got to focus on the quality.",Speaker 11,https://reflect-claremont.cablecast.tv/internetchannel/show/17092?site=1&seekto=8096
2:15:08.06,2:15:16.26,8108.06,8116.26,William 'Bill' Madden,School Board Member (recognized by the Chair at seg 627; Whitney refers back to 'like Bill said' at seg 775),You haven't heard about all the things that Miss Kennedy and Mr. Angel working on.,Speaker 11,https://reflect-claremont.cablecast.tv/internetchannel/show/17092?site=1&seekto=8108
2:15:16.34,2:15:38.26,8116.34,8138.26,William 'Bill' Madden,School Board Member (recognized by the Chair at seg 627; Whitney refers back to 'like Bill said' at seg 775),"We've got three different accounting systems for payroll, and they showed me it this week. You got to do  this system. And then you you write down all the numbers from that and then you go into another system and you're right the numbers down from that. And then you go to the third  and I'm getting the hook.",Speaker 11,https://reflect-claremont.cablecast.tv/internetchannel/show/17092?site=1&seekto=8116
2:15:38.30,2:15:41.02,8138.30,8141.02,Heather Whitney,School Board Chair,"You got, you got to focus on the motion, okay.",Speaker 1,https://reflect-claremont.cablecast.tv/internetchannel/show/17092?site=1&seekto=8138
2:15:41.06,2:15:44.66,8141.06,8144.66,William 'Bill' Madden,School Board Member (recognized by the Chair at seg 627; Whitney refers back to 'like Bill said' at seg 775),I'm talking about the motion I.,Speaker 11,https://reflect-claremont.cablecast.tv/internetchannel/show/17092?site=1&seekto=8141
2:15:44.74,2:15:51.22,8144.74,8151.22,William 'Bill' Madden,School Board Member (recognized by the Chair at seg 627; Whitney refers back to 'like Bill said' at seg 775),We got to minimize the increase. That's one.,Speaker 11,https://reflect-claremont.cablecast.tv/internetchannel/show/17092?site=1&seekto=8144
2:15:51.30,2:15:53.18,8151.30,8153.18,Heather Whitney,School Board Chair,All right. Is there anyone else that would like to speak?,Speaker 1,https://reflect-claremont.cablecast.tv/internetchannel/show/17092?site=1&seekto=8151
2:15:53.22,2:16:21.02,8153.22,8181.02,Arlene Hawkins,School Board Member; Policy Subcommittee Chair,"I've already spoken once, so if there's anybody else. But what I was just triggered to remember was that Mr. Angel has said that it appears that there will not be a separate warrant article for the deficit, which at the beginning of this year was was unbelievable. And so we're not coming to the taxpayers with another warrant because of the work that has been done this year, because of the cuts, the band aids, the tourniquets, everything.",Speaker 12,https://reflect-claremont.cablecast.tv/internetchannel/show/17092?site=1&seekto=8153
2:16:21.18,2:16:43.54,8181.18,8203.54,Arlene Hawkins,School Board Member; Policy Subcommittee Chair,"So that's one piece that will be less coming before the taxpayers. My biggest question is the number of ifs with the configuration models.  If we have a curriculum director, if we have interventionist, if no one leaves. That's my biggest concern at this point. That's all.",Speaker 12,https://reflect-claremont.cablecast.tv/internetchannel/show/17092?site=1&seekto=8181
2:16:43.54,2:16:48.26,8203.54,8208.26,Unidentified,"Crosstalk cluster — sub-second backchannel fragments clipped from several voices (Chair, board members, clerk, administration); not one speaker","I'm saying, right?",Speaker 19,https://reflect-claremont.cablecast.tv/internetchannel/show/17092?site=1&seekto=8203
2:16:48.34,2:17:16.78,8208.34,8236.78,Heather Whitney,School Board Chair,"My only other one observation or something to think about and what what's been driving my decisions and my thought process is it's not only the number like how much money it's are we wasting it? Like, why are we spending it, you know, and if and if we can provide the same services or enhance services for less money. It's, it's does makes no sense to do otherwise.",Speaker 1,https://reflect-claremont.cablecast.tv/internetchannel/show/17092?site=1&seekto=8208
2:17:16.78,2:17:29.88,8236.78,8249.88,Heather Whitney,School Board Chair,"And although we're not a business, we have to operate under the same principles that a nonprofit has to operate. And those seem to be business principles of efficiency and and cost management.",Speaker 1,https://reflect-claremont.cablecast.tv/internetchannel/show/17092?site=1&seekto=8236
2:17:29.96,2:17:54.34,8249.96,8274.34,Arlene Hawkins,School Board Member; Policy Subcommittee Chair,"I respond to that. Why what why are we doing this? Because the children have been moved. The adults have been moved. This would give a year of stability to me. That's the reason we would be doing this, which is a request we've heard loud and clear. Do I believe the board majority of the board supports it? Probably not at this point, but I feel it's important to take a look at it and be respectful.",Speaker 12,https://reflect-claremont.cablecast.tv/internetchannel/show/17092?site=1&seekto=8249
2:17:54.34,2:18:16.78,8274.34,8296.78,Arlene Hawkins,School Board Member; Policy Subcommittee Chair,These are kids. The older kids have been through Covid and we've we've had to change them. And it was in the beginning of the year and we didn't know if we could. We have we are we will. But the reason we're doing it is to provide stability in what has been a very unstable district in leadership here. So that's my response.,Speaker 12,https://reflect-claremont.cablecast.tv/internetchannel/show/17092?site=1&seekto=8274
2:18:16.86,2:18:25.93,8296.86,8305.93,Heather Whitney,School Board Chair,Are we willing to. Would we like to oppose the discussion and move the question? Is there any more discussion. Just Mr. Sprague.,Speaker 1,https://reflect-claremont.cablecast.tv/internetchannel/show/17092?site=1&seekto=8296
2:18:25.94,2:18:34.74,8305.94,8314.74,Frank Sprague,"School Board Member (merged cluster — Madden, Rapp and other male voices reassigned by override)","Just a point. So so as we work through this process, where our ultimate goal is to  settle on.",Speaker 11,https://reflect-claremont.cablecast.tv/internetchannel/show/17092?site=1&seekto=8305
2:18:34.78,2:18:35.58,8314.78,8315.58,Frank Sprague,School Board Member (sentence continuation),Two options.,Speaker 19,https://reflect-claremont.cablecast.tv/internetchannel/show/17092?site=1&seekto=8314
2:18:35.62,2:18:37.46,8315.62,8317.46,Heather Whitney,School Board Chair,We're trying to we're going to try.,Speaker 1,https://reflect-claremont.cablecast.tv/internetchannel/show/17092?site=1&seekto=8315
2:18:37.54,2:18:38.50,8317.54,8318.50,Unidentified,"Crosstalk cluster — sub-second backchannel fragments clipped from several voices (Chair, board members, clerk, administration); not one speaker",Okay.,Speaker 19,https://reflect-claremont.cablecast.tv/internetchannel/show/17092?site=1&seekto=8317
2:18:38.58,2:18:47.50,8318.58,8327.50,Heather Whitney,School Board Chair,Give it a shot. What we think are the most viable options or what. You know I'm not necessarily even saying that. But what the board believes would be the most viable options moving forward.,Speaker 1,https://reflect-claremont.cablecast.tv/internetchannel/show/17092?site=1&seekto=8318
2:18:47.54,2:18:48.30,8327.54,8328.30,Unidentified,"Crosstalk cluster — sub-second backchannel fragments clipped from several voices (Chair, board members, clerk, administration); not one speaker",Okay.,Speaker 19,https://reflect-claremont.cablecast.tv/internetchannel/show/17092?site=1&seekto=8327
2:18:48.38,2:18:50.70,8328.38,8330.70,Heather Whitney,School Board Chair,Or what we. Yes.,Speaker 1,https://reflect-claremont.cablecast.tv/internetchannel/show/17092?site=1&seekto=8328
2:18:50.78,2:18:52.98,8330.78,8332.98,Arlene Hawkins,School Board Member; Policy Subcommittee Chair,So how does that work with three options.,Speaker 12,https://reflect-claremont.cablecast.tv/internetchannel/show/17092?site=1&seekto=8330
2:18:53.02,2:19:11.54,8333.02,8351.54,Heather Whitney,School Board Chair,"It's a mess. Two.  It's a mess. That's why and I and I think if we can't agree, then they all come forward. I mean, if we have a if we have a vote right now that is three four and it's and it's four against and three for then the the model is not presented at the public hearing.",Speaker 1,https://reflect-claremont.cablecast.tv/internetchannel/show/17092?site=1&seekto=8333
2:19:11.54,2:19:18.18,8351.54,8358.18,Arlene Hawkins,School Board Member; Policy Subcommittee Chair,"But if, if one of the other two is not does that how does that impact what's the domino effect.",Speaker 12,https://reflect-claremont.cablecast.tv/internetchannel/show/17092?site=1&seekto=8351
2:19:18.26,2:19:33.50,8358.26,8373.50,Heather Whitney,School Board Chair,"It's only it will only be constrained by a negative vote. So if there is a no vote to move the, the budget that is made by the the budget that's attached to the motion that's made,  then it will not move forward.",Speaker 1,https://reflect-claremont.cablecast.tv/internetchannel/show/17092?site=1&seekto=8358
2:19:33.58,2:19:35.50,8373.58,8375.50,Arlene Hawkins,School Board Member; Policy Subcommittee Chair,If there is a no vote.,Speaker 12,https://reflect-claremont.cablecast.tv/internetchannel/show/17092?site=1&seekto=8373
2:19:35.58,2:19:36.02,8375.58,8376.02,Heather Whitney,School Board Chair,A no.,Speaker 1,https://reflect-claremont.cablecast.tv/internetchannel/show/17092?site=1&seekto=8375
2:19:36.02,2:19:36.94,8376.02,8376.94,Arlene Hawkins,School Board Member; Policy Subcommittee Chair,"Vote, one no.",Speaker 12,https://reflect-claremont.cablecast.tv/internetchannel/show/17092?site=1&seekto=8376
2:19:36.94,2:19:37.30,8376.94,8377.30,Unidentified,"Crosstalk cluster — sub-second backchannel fragments clipped from several voices (Chair, board members, clerk, administration); not one speaker",Vote.,Speaker 19,https://reflect-claremont.cablecast.tv/internetchannel/show/17092?site=1&seekto=8376
2:19:37.34,2:19:41.58,8377.34,8381.58,Heather Whitney,School Board Chair,"No, no, no, a majority like if, if, if  we don't move the motion. Yeah.",Speaker 1,https://reflect-claremont.cablecast.tv/internetchannel/show/17092?site=1&seekto=8377
2:19:41.66,2:19:43.46,8381.66,8383.46,Candace Crawford,School Board Member; Finance Subcommittee Chair,Are we taking a vote on all three?,Speaker 10,https://reflect-claremont.cablecast.tv/internetchannel/show/17092?site=1&seekto=8381
2:19:43.70,2:19:50.38,8383.70,8390.38,Heather Whitney,School Board Chair,It depends. There may be some models that come forward that don't get a second and then it dies and then that does not move forward.,Speaker 1,https://reflect-claremont.cablecast.tv/internetchannel/show/17092?site=1&seekto=8383
2:19:50.46,2:19:51.70,8390.46,8391.70,Unidentified,"Crosstalk cluster — sub-second backchannel fragments clipped from several voices (Chair, board members, clerk, administration); not one speaker",Okay.,Speaker 19,https://reflect-claremont.cablecast.tv/internetchannel/show/17092?site=1&seekto=8390
2:19:51.78,2:19:53.78,8391.78,8393.78,Candace Crawford,School Board Member; Finance Subcommittee Chair,So there will be a vote on each model.,Speaker 10,https://reflect-claremont.cablecast.tv/internetchannel/show/17092?site=1&seekto=8391
2:19:53.78,2:20:07.26,8393.78,8407.26,Heather Whitney,School Board Chair,"There may be if if nobody, you know, makes a motion to put forth one of the models or somebody brings a motion forth and it's not seconded, then it dies. It doesn't give voted on, it doesn't get moved to the public hearing.",Speaker 1,https://reflect-claremont.cablecast.tv/internetchannel/show/17092?site=1&seekto=8393
2:20:07.34,2:20:08.89,8407.34,8408.89,Arlene Hawkins,School Board Member; Policy Subcommittee Chair,So we currently have a motion on this.,Speaker 12,https://reflect-claremont.cablecast.tv/internetchannel/show/17092?site=1&seekto=8407
2:20:08.98,2:20:14.78,8408.98,8414.78,Heather Whitney,School Board Chair,We currently have a motion on the floor. And I'm asking whether we're closing for discussion to make a.,Speaker 1,https://reflect-claremont.cablecast.tv/internetchannel/show/17092?site=1&seekto=8408
2:20:14.86,2:20:15.82,8414.86,8415.82,Unidentified,"Crosstalk cluster — sub-second backchannel fragments clipped from several voices (Chair, board members, clerk, administration); not one speaker",One more question. Sure.,Speaker 19,https://reflect-claremont.cablecast.tv/internetchannel/show/17092?site=1&seekto=8414
2:20:15.86,2:20:19.66,8415.86,8419.66,Frank Sprague,"School Board Member (merged cluster — Madden, Rapp and other male voices reassigned by override)",So these two will be given to the public to decide which.,Speaker 11,https://reflect-claremont.cablecast.tv/internetchannel/show/17092?site=1&seekto=8415
2:20:19.66,2:20:19.98,8419.66,8419.98,Unidentified,"Crosstalk cluster — sub-second backchannel fragments clipped from several voices (Chair, board members, clerk, administration); not one speaker",They would.,Speaker 19,https://reflect-claremont.cablecast.tv/internetchannel/show/17092?site=1&seekto=8419
2:20:20.02,2:20:22.74,8420.02,8422.74,Heather Whitney,School Board Chair,We're hoping to narrow it down to two weeks.,Speaker 1,https://reflect-claremont.cablecast.tv/internetchannel/show/17092?site=1&seekto=8420
2:20:22.82,2:20:24.22,8422.82,8424.22,Unidentified,"Crosstalk cluster — sub-second backchannel fragments clipped from several voices (Chair, board members, clerk, administration); not one speaker",That's not right. No.,Speaker 19,https://reflect-claremont.cablecast.tv/internetchannel/show/17092?site=1&seekto=8422
2:20:24.30,2:20:32.22,8424.30,8432.22,Heather Whitney,School Board Chair,We're hoping to narrow it down to two to make it manageable and digestible at the at the public hearing that said.,Speaker 1,https://reflect-claremont.cablecast.tv/internetchannel/show/17092?site=1&seekto=8424
2:20:32.26,2:20:35.26,8432.26,8435.26,Frank Sprague,"School Board Member (merged cluster — Madden, Rapp and other male voices reassigned by override)",So then we can listen to that deliberation on those two models that.,Speaker 11,https://reflect-claremont.cablecast.tv/internetchannel/show/17092?site=1&seekto=8432
2:20:35.26,2:20:36.50,8435.26,8436.50,Unidentified,"Crosstalk cluster — sub-second backchannel fragments clipped from several voices (Chair, board members, clerk, administration); not one speaker",The public hopefully.,Speaker 19,https://reflect-claremont.cablecast.tv/internetchannel/show/17092?site=1&seekto=8435
2:20:36.54,2:20:40.74,8436.54,8440.74,Heather Whitney,School Board Chair,"Yes, we're hoping for that. But, you know.",Speaker 1,https://reflect-claremont.cablecast.tv/internetchannel/show/17092?site=1&seekto=8436
2:20:40.82,2:20:42.57,8440.82,8442.57,Candace Crawford,School Board Member; Finance Subcommittee Chair,The reality is we.,Speaker 10,https://reflect-claremont.cablecast.tv/internetchannel/show/17092?site=1&seekto=8440
2:20:42.65,2:20:43.78,8442.65,8443.78,Heather Whitney,School Board Chair,We have to get to one.,Speaker 1,https://reflect-claremont.cablecast.tv/internetchannel/show/17092?site=1&seekto=8442
2:20:43.82,2:20:44.05,8443.82,8444.05,Arlene Hawkins,School Board Member; Policy Subcommittee Chair,Yeah.,Speaker 12,https://reflect-claremont.cablecast.tv/internetchannel/show/17092?site=1&seekto=8443
2:20:44.10,2:20:50.22,8444.10,8450.22,Candace Crawford,School Board Member; Finance Subcommittee Chair,This board has to get one budget that will go to the deliberative meeting.,Speaker 10,https://reflect-claremont.cablecast.tv/internetchannel/show/17092?site=1&seekto=8444
2:20:50.26,2:20:51.58,8450.26,8451.58,Unidentified,"Crosstalk cluster — sub-second backchannel fragments clipped from several voices (Chair, board members, clerk, administration); not one speaker",Correct.,Speaker 19,https://reflect-claremont.cablecast.tv/internetchannel/show/17092?site=1&seekto=8450
2:20:51.66,2:20:52.70,8451.66,8452.70,Frank Sprague,"School Board Member (merged cluster — Madden, Rapp and other male voices reassigned by override)",24  vote.,Speaker 11,https://reflect-claremont.cablecast.tv/internetchannel/show/17092?site=1&seekto=8451
2:20:52.70,2:20:53.62,8452.70,8453.62,Unidentified,"Crosstalk cluster — sub-second backchannel fragments clipped from several voices (Chair, board members, clerk, administration); not one speaker",Means in this process.,Speaker 19,https://reflect-claremont.cablecast.tv/internetchannel/show/17092?site=1&seekto=8452
2:20:53.66,2:20:53.98,8453.66,8453.98,Matt Angell,"Interim Business Administrator, SAU 6",You can't.,Speaker 7,https://reflect-claremont.cablecast.tv/internetchannel/show/17092?site=1&seekto=8453
2:20:53.98,2:20:55.18,8453.98,8455.18,Unidentified,"Crosstalk cluster — sub-second backchannel fragments clipped from several voices (Chair, board members, clerk, administration); not one speaker",Go beyond.,Speaker 19,https://reflect-claremont.cablecast.tv/internetchannel/show/17092?site=1&seekto=8453
2:20:55.26,2:21:05.26,8455.26,8465.26,Heather Whitney,School Board Chair,"What you think is valuable as a contrast to compare and contrast.  So, is the board comfortable with closing discussion at this time and moving.",Speaker 1,https://reflect-claremont.cablecast.tv/internetchannel/show/17092?site=1&seekto=8455
2:21:05.26,2:21:06.14,8465.26,8466.14,Unidentified,"Crosstalk cluster — sub-second backchannel fragments clipped from several voices (Chair, board members, clerk, administration); not one speaker",The question?,Speaker 19,https://reflect-claremont.cablecast.tv/internetchannel/show/17092?site=1&seekto=8465
2:21:06.22,2:21:06.78,8466.22,8466.78,Heather Whitney,School Board Chair,Yes.,Speaker 1,https://reflect-claremont.cablecast.tv/internetchannel/show/17092?site=1&seekto=8466
2:21:06.86,2:21:11.74,8466.86,8471.74,Loren Howard,School Board Member,"If this is a yes vote, it doesn't say that this is the model that's just goes to the 20th. And then on the 20th we will.",Speaker 9,https://reflect-claremont.cablecast.tv/internetchannel/show/17092?site=1&seekto=8466
2:21:11.74,2:21:50.38,8471.74,8510.38,Heather Whitney,School Board Chair,"Discuss if this is a no vote. It doesn't get presented at the 20th, but it doesn't mean that it's dead. I mean, if we hear a bunch of stuff or it's true and any budget can be modified at any time up until the time, it's unfortunate, but I, I did kind of hash this out with people because I knew it was a complicated and messy procedure, and that's why we're trying to narrow it down, to kind of resent what the board thinks are the most viable options moving forward, or  if you think it's valuable for the public to have a compare and contrast  at any time until we move a budget to the deliberative, the",Speaker 1,https://reflect-claremont.cablecast.tv/internetchannel/show/17092?site=1&seekto=8471
2:21:50.38,2:22:12.34,8510.38,8532.34,Heather Whitney,School Board Chair,"board has the authority to ask for the administrative team to modify the budget. We can give a target number and say, we don't care. You know how you make this work, just make it work, right? So these are structures that have been put forward by the administrative team as options that they have modeled, and they are viable according to their modeling.",Speaker 1,https://reflect-claremont.cablecast.tv/internetchannel/show/17092?site=1&seekto=8510
2:22:12.50,2:22:36.82,8532.50,8556.82,Heather Whitney,School Board Chair,"But again, we're just trying to make it palatable at the public hearing. And again, regardless of what goes to the public hearing, we can modify it at the next meeting. And that that decision, at that meeting, we decide what gets pushed to the deliberative session. I know it's very complicated and I'm sorry for that. It's this is unprecedented to have this many models to, to, to deal with.",Speaker 1,https://reflect-claremont.cablecast.tv/internetchannel/show/17092?site=1&seekto=8532
2:22:36.94,2:22:38.46,8556.94,8558.46,Heather Whitney,School Board Chair,So if.,Speaker 1,https://reflect-claremont.cablecast.tv/internetchannel/show/17092?site=1&seekto=8556
2:22:38.54,2:22:48.14,8558.54,8568.14,Arlene Hawkins,School Board Member; Policy Subcommittee Chair,"Option one or option two or option three does not get a majority of votes for yes, what happens.",Speaker 12,https://reflect-claremont.cablecast.tv/internetchannel/show/17092?site=1&seekto=8558
2:22:48.22,2:22:49.62,8568.22,8569.62,Michael Petrin,School Board Vice Chair,You not presented on the 20.,Speaker 23,https://reflect-claremont.cablecast.tv/internetchannel/show/17092?site=1&seekto=8568
2:22:49.74,2:22:50.34,8569.74,8570.34,Unidentified,"Crosstalk cluster — sub-second backchannel fragments clipped from several voices (Chair, board members, clerk, administration); not one speaker",They're not permitted.,Speaker 19,https://reflect-claremont.cablecast.tv/internetchannel/show/17092?site=1&seekto=8569
2:22:50.34,2:22:51.82,8570.34,8571.82,Arlene Hawkins,School Board Member; Policy Subcommittee Chair,On the 27th is presented.,Speaker 12,https://reflect-claremont.cablecast.tv/internetchannel/show/17092?site=1&seekto=8570
2:22:51.86,2:22:52.58,8571.86,8572.58,Unidentified,"Crosstalk cluster — sub-second backchannel fragments clipped from several voices (Chair, board members, clerk, administration); not one speaker",No no no.,Speaker 19,https://reflect-claremont.cablecast.tv/internetchannel/show/17092?site=1&seekto=8571
2:22:52.62,2:22:57.34,8572.62,8577.34,Matt Angell,"Interim Business Administrator, SAU 6",Doing three presentations on the 20th okay. It just becomes more.,Speaker 7,https://reflect-claremont.cablecast.tv/internetchannel/show/17092?site=1&seekto=8572
2:22:57.42,2:22:59.06,8577.42,8579.06,Unidentified,"Crosstalk cluster — sub-second backchannel fragments clipped from several voices (Chair, board members, clerk, administration); not one speaker",Common in public.,Speaker 19,https://reflect-claremont.cablecast.tv/internetchannel/show/17092?site=1&seekto=8577
2:22:59.14,2:23:00.02,8579.14,8580.02,Arlene Hawkins,School Board Member; Policy Subcommittee Chair,Continues.,Speaker 12,https://reflect-claremont.cablecast.tv/internetchannel/show/17092?site=1&seekto=8579
2:23:00.10,2:23:03.06,8580.10,8583.06,Matt Angell,"Interim Business Administrator, SAU 6","The concern is, is if you confuse them.",Speaker 7,https://reflect-claremont.cablecast.tv/internetchannel/show/17092?site=1&seekto=8580
2:23:03.14,2:23:06.22,8583.14,8586.22,Heather Whitney,School Board Chair,And it just.,Speaker 1,https://reflect-claremont.cablecast.tv/internetchannel/show/17092?site=1&seekto=8583
2:23:06.30,2:23:30.54,8586.30,8610.54,Heather Whitney,School Board Chair,"Because we have to make a decision. So being able to have the public kind of give us tailored comments to whatever budget we are presenting as we think is most viable, it's it's very it's not this is not an optimal situation. It's very ugly. And it's and I apologize for that. But  I don't know why I'm apologizing, but it's just where we're at right now.",Speaker 1,https://reflect-claremont.cablecast.tv/internetchannel/show/17092?site=1&seekto=8586
2:23:30.62,2:23:31.46,8610.62,8611.46,Arlene Hawkins,School Board Member; Policy Subcommittee Chair,So on the.,Speaker 12,https://reflect-claremont.cablecast.tv/internetchannel/show/17092?site=1&seekto=8610
2:23:31.46,2:23:55.52,8611.46,8635.52,Heather Whitney,School Board Chair,"Floor there's a motion on the floor. Okay. All in favor  of the of  the motion to move the number three, school configuration with a budget of 46,211 951. I guess we can do it by hand. Vote. Raise your hand.",Speaker 1,https://reflect-claremont.cablecast.tv/internetchannel/show/17092?site=1&seekto=8611
2:23:55.60,2:23:56.38,8635.60,8636.38,Loren Howard,School Board Member (onset clipped; continues in seg 716),Correction.,Speaker 19,https://reflect-claremont.cablecast.tv/internetchannel/show/17092?site=1&seekto=8635
2:23:56.46,2:23:57.90,8636.46,8637.90,Loren Howard,School Board Member,"It's a million, millions.",Speaker 9,https://reflect-claremont.cablecast.tv/internetchannel/show/17092?site=1&seekto=8636
2:23:57.90,2:23:58.18,8637.90,8638.18,Heather Whitney,School Board Chair,Card.,Speaker 1,https://reflect-claremont.cablecast.tv/internetchannel/show/17092?site=1&seekto=8637
2:23:58.18,2:23:59.14,8638.18,8639.14,Unidentified,"Crosstalk cluster — sub-second backchannel fragments clipped from several voices (Chair, board members, clerk, administration); not one speaker",Million.,Speaker 19,https://reflect-claremont.cablecast.tv/internetchannel/show/17092?site=1&seekto=8638
2:23:59.22,2:23:59.66,8639.22,8639.66,Heather Whitney,School Board Chair,One.,Speaker 1,https://reflect-claremont.cablecast.tv/internetchannel/show/17092?site=1&seekto=8639
2:23:59.66,2:23:59.98,8639.66,8639.98,Heather Whitney,School Board Chair (counting the show of hands),Two.,Speaker 19,https://reflect-claremont.cablecast.tv/internetchannel/show/17092?site=1&seekto=8639
2:24:00.02,2:24:03.10,8640.02,8643.10,Heather Whitney,School Board Chair,Three four. Okay.,Speaker 1,https://reflect-claremont.cablecast.tv/internetchannel/show/17092?site=1&seekto=8640
2:24:03.18,2:24:04.90,8643.18,8644.90,Arlene Hawkins,School Board Member; Policy Subcommittee Chair,So that means that's going forward.,Speaker 12,https://reflect-claremont.cablecast.tv/internetchannel/show/17092?site=1&seekto=8643
2:24:05.06,2:24:09.86,8645.06,8649.86,Heather Whitney,School Board Chair,That's going forward.,Speaker 1,https://reflect-claremont.cablecast.tv/internetchannel/show/17092?site=1&seekto=8645
2:24:09.94,2:24:12.82,8649.94,8652.82,Heather Whitney,School Board Chair,"Okay. Well, I'm going to do the absolute. Yes. Mr..",Speaker 1,https://reflect-claremont.cablecast.tv/internetchannel/show/17092?site=1&seekto=8649
2:24:12.82,2:24:13.58,8652.82,8653.58,Heather Whitney,School Board Chair (Chair recognizing 'Frank' — Mr. Sprague),Frank.,Speaker 19,https://reflect-claremont.cablecast.tv/internetchannel/show/17092?site=1&seekto=8652
2:24:13.66,2:24:15.66,8653.66,8655.66,Frank Sprague,"School Board Member (merged cluster — Madden, Rapp and other male voices reassigned by override)",Another motion.,Speaker 11,https://reflect-claremont.cablecast.tv/internetchannel/show/17092?site=1&seekto=8653
2:24:15.74,2:24:16.22,8655.74,8656.22,Heather Whitney,School Board Chair,Yes.,Speaker 1,https://reflect-claremont.cablecast.tv/internetchannel/show/17092?site=1&seekto=8655
2:24:16.30,2:24:16.94,8656.30,8656.94,Unidentified,"Crosstalk cluster — sub-second backchannel fragments clipped from several voices (Chair, board members, clerk, administration); not one speaker",Excellent.,Speaker 19,https://reflect-claremont.cablecast.tv/internetchannel/show/17092?site=1&seekto=8656
2:24:17.02,2:24:27.46,8657.02,8667.46,Frank Sprague,"School Board Member (merged cluster — Madden, Rapp and other male voices reassigned by override)","I'd like to make a motion that we adopt model number two, which is the four school alliance model now making this motion. Because I feel.",Speaker 11,https://reflect-claremont.cablecast.tv/internetchannel/show/17092?site=1&seekto=8657
2:24:27.46,2:24:27.66,8667.46,8667.66,Frank Sprague,School Board Member (sentence continuation of seg 729 - 'because I feel that'),That.,Speaker 19,https://reflect-claremont.cablecast.tv/internetchannel/show/17092?site=1&seekto=8667
2:24:27.74,2:24:28.66,8667.74,8668.66,Arlene Hawkins,School Board Member; Policy Subcommittee Chair,You want a second. First.,Speaker 12,https://reflect-claremont.cablecast.tv/internetchannel/show/17092?site=1&seekto=8667
2:24:28.70,2:24:33.10,8668.70,8673.10,Unidentified,"Crosstalk cluster — sub-second backchannel fragments clipped from several voices (Chair, board members, clerk, administration); not one speaker","Oh, yes, you did your second. Sure. Okay. Or either one.",Speaker 19,https://reflect-claremont.cablecast.tv/internetchannel/show/17092?site=1&seekto=8668
2:24:33.14,2:24:54.18,8673.14,8694.18,Frank Sprague,"School Board Member (merged cluster — Madden, Rapp and other male voices reassigned by override)","All right. So, this this is my favorite model. Because I think that we haven't really talked about what I consider to be a major elephant in the room. Those of you who have  have followed my comments on the board for the last month.",Speaker 11,https://reflect-claremont.cablecast.tv/internetchannel/show/17092?site=1&seekto=8673
2:24:54.18,2:24:56.54,8694.18,8696.54,Frank Sprague,School Board Member (sentence continuation),Of years.,Speaker 19,https://reflect-claremont.cablecast.tv/internetchannel/show/17092?site=1&seekto=8694
2:24:56.62,2:25:31.58,8696.62,8731.58,Frank Sprague,"School Board Member (merged cluster — Madden, Rapp and other male voices reassigned by override)","This is not you, Matt. Two previous Vas have said, oh, well,  that's special Ed. There's nothing we can do about that. And I find that extremely frustrating that we sort of give special ed a blank check and they can spend whatever they want to spend because of special ed. We have heard from, curriculum people, we've heard from board members, and I've heard from community members that we really don't have, a special ed issue.",Speaker 11,https://reflect-claremont.cablecast.tv/internetchannel/show/17092?site=1&seekto=8696
2:25:31.62,2:26:01.50,8731.62,8761.50,Frank Sprague,"School Board Member (merged cluster — Madden, Rapp and other male voices reassigned by override)","We have an instructional issue. So I see the aligned for school model as an opportunity. And Mr. Lonnie is still here. I was very encouraged to hear him talk about what goes on at Disney Art school with the data meetings and such. This is this, these this is the recipe for eliminating special for the vast majority. When you're coming up in a, what you would call a team meetings, data meetings.",Speaker 11,https://reflect-claremont.cablecast.tv/internetchannel/show/17092?site=1&seekto=8731
2:26:01.58,2:26:38.78,8761.58,8798.78,Frank Sprague,"School Board Member (merged cluster — Madden, Rapp and other male voices reassigned by override)","These are  where teachers collaborate around issues with their own instruction. They work with other teachers on their instruction. They align what they're teaching. The opportunities for this in the aligned model, are great. Personally, I don't see a real need for interventionists  in an aligned model.  I think that, with good leadership, with consistent expectations at all levels of the chain of command, I think that we can create a very successful school system if we're all doing the same thing.",Speaker 11,https://reflect-claremont.cablecast.tv/internetchannel/show/17092?site=1&seekto=8761
2:26:38.94,2:27:05.42,8798.94,8825.42,Frank Sprague,"School Board Member (merged cluster — Madden, Rapp and other male voices reassigned by override)","Following best practice as, again, Mr. Louny had said, what they do at Disney Art school, that's really best practice. And if that became consistent, I think  we, I and I think the opportunities are so enhanced when you've got all your grade level teachers in one place, all hearing the same thing, all collaborating, fidelity, fidelity to the curriculum and assessment assessments, I just think that's the way to go.",Speaker 11,https://reflect-claremont.cablecast.tv/internetchannel/show/17092?site=1&seekto=8798
2:27:05.46,2:27:20.56,8825.46,8840.56,Frank Sprague,"School Board Member (merged cluster — Madden, Rapp and other male voices reassigned by override)","And I voted for the current configuration as my second choice. But again, my very strong first choice is option number two.",Speaker 11,https://reflect-claremont.cablecast.tv/internetchannel/show/17092?site=1&seekto=8825
2:27:20.64,2:27:23.00,8840.64,8843.00,Heather Whitney,School Board Chair,Mr. Crop. Miss Crawford.,Speaker 1,https://reflect-claremont.cablecast.tv/internetchannel/show/17092?site=1&seekto=8840
2:27:23.08,2:27:41.48,8843.08,8861.48,Candace Crawford,School Board Member; Finance Subcommittee Chair,I agree with Mr. Sprague. My choice is model two. I think that this gives us the best value for education purposes we have. We talk so much about dollars.,Speaker 10,https://reflect-claremont.cablecast.tv/internetchannel/show/17092?site=1&seekto=8843
2:27:41.56,2:27:42.12,8861.56,8862.12,Unidentified,"Crosstalk cluster — sub-second backchannel fragments clipped from several voices (Chair, board members, clerk, administration); not one speaker",Oh.,Speaker 19,https://reflect-claremont.cablecast.tv/internetchannel/show/17092?site=1&seekto=8861
2:27:42.20,2:28:23.36,8862.20,8903.36,Candace Crawford,School Board Member; Finance Subcommittee Chair,"I'm trying to think how we can how we can improve scores, how we can, focus on, achievement. It it's a it's a very tough process. It's very depressing. And in fact I'm going with model two. I'm looking at that.  The bottom line. And it's going to be the administration who implements whatever the plan is.  But, I think it gives us the best, value for the money.",Speaker 10,https://reflect-claremont.cablecast.tv/internetchannel/show/17092?site=1&seekto=8862
2:28:23.44,2:28:41.36,8903.44,8921.36,Candace Crawford,School Board Member; Finance Subcommittee Chair,"I, I do not support, a three school model at all. So I will, you know, when that comes up. If it does, I would vote no. But I think model  the second model and the third model of the two that should be forward for consideration.",Speaker 10,https://reflect-claremont.cablecast.tv/internetchannel/show/17092?site=1&seekto=8903
2:28:41.44,2:28:43.98,8921.44,8923.98,Heather Whitney,School Board Chair,Mr. patron.,Speaker 1,https://reflect-claremont.cablecast.tv/internetchannel/show/17092?site=1&seekto=8921
2:28:44.06,2:29:05.56,8924.06,8945.56,Michael Petrin,School Board Vice Chair,"I, I agree aligning grades. I think, you know, we've worked hard in the staff, have worked hard to get curriculum and implemented, across the grades. But I think aligning the grades. So you're in the same school, all fourth grades, all third grades, all, you know, all the grades together, is a big step to also help, learning.",Speaker 23,https://reflect-claremont.cablecast.tv/internetchannel/show/17092?site=1&seekto=8924
2:29:05.64,2:29:34.12,8945.64,8974.12,Michael Petrin,School Board Vice Chair,"I see as helping teachers as well, being able to collaborate with all your partners and your grades. My only concern with the we talked about disrupting,  with the for school model. The align for school model is that we had heard some discussion or some thought that as the projected population decreases, the only reason to do this for school model is to eventually get to a to school model.",Speaker 23,https://reflect-claremont.cablecast.tv/internetchannel/show/17092?site=1&seekto=8945
2:29:34.20,2:29:50.04,8974.20,8990.04,Michael Petrin,School Board Vice Chair,"So if that I mean, to me, I don't see this district ever doing that because to get to the to school model, we need more money from the taxpayers to remodel the middle school.",Speaker 23,https://reflect-claremont.cablecast.tv/internetchannel/show/17092?site=1&seekto=8974
2:29:50.12,2:29:54.24,8990.12,8994.24,Michael Petrin,School Board Vice Chair,That's why I.,Speaker 23,https://reflect-claremont.cablecast.tv/internetchannel/show/17092?site=1&seekto=8990
2:29:54.32,2:30:20.06,8994.32,9020.06,Michael Petrin,School Board Vice Chair,"Lean towards if we're making a change now to aligning schools, the three school model would be better alignment and stick with the three school model for the foreseeable future. Going to a for school model and disrupting now and then disrupting again to get to two school. Doesn't make sense to me, man.",Speaker 23,https://reflect-claremont.cablecast.tv/internetchannel/show/17092?site=1&seekto=8994
2:30:20.14,2:30:21.18,9020.14,9021.18,Unidentified,"Crosstalk cluster — sub-second backchannel fragments clipped from several voices (Chair, board members, clerk, administration); not one speaker",Sure.,Speaker 19,https://reflect-claremont.cablecast.tv/internetchannel/show/17092?site=1&seekto=9020
2:30:21.26,2:30:46.10,9021.26,9046.10,Arlene Hawkins,School Board Member; Policy Subcommittee Chair,"I support this model. Also, I only wish we had an administrative staff that was here to lead that. I also in talking about decreasing enrollment, we're talking about 6 to 7 years from now. And I thought I recall Mr. Angel saying that it's easier to move into a two school if you have a four school. Am I correct with that?",Speaker 12,https://reflect-claremont.cablecast.tv/internetchannel/show/17092?site=1&seekto=9021
2:30:46.10,2:30:56.98,9046.10,9056.98,Arlene Hawkins,School Board Member; Policy Subcommittee Chair,"So that if we do end up with that much of a declining enrollment, it's easier to transition from a four to a two rather than a three to a two. Am I correct?",Speaker 12,https://reflect-claremont.cablecast.tv/internetchannel/show/17092?site=1&seekto=9046
2:30:57.22,2:31:02.58,9057.22,9062.58,Matt Angell,"Interim Business Administrator, SAU 6","Yeah, it was it was because I could take a year and rehab one building.",Speaker 7,https://reflect-claremont.cablecast.tv/internetchannel/show/17092?site=1&seekto=9057
2:31:02.66,2:31:06.38,9062.66,9066.38,Arlene Hawkins,School Board Member; Policy Subcommittee Chair,Thank you. I just wanted to make sure I had heard that. Colorful. Thank you.,Speaker 12,https://reflect-claremont.cablecast.tv/internetchannel/show/17092?site=1&seekto=9062
2:31:06.46,2:31:06.86,9066.46,9066.86,Michael Petrin,School Board Vice Chair,Can I.,Speaker 23,https://reflect-claremont.cablecast.tv/internetchannel/show/17092?site=1&seekto=9066
2:31:06.86,2:31:07.86,9066.86,9067.86,Michael Petrin,School Board Vice Chair (onset clipped; continues in seg 758),Just.,Speaker 19,https://reflect-claremont.cablecast.tv/internetchannel/show/17092?site=1&seekto=9066
2:31:07.94,2:31:16.46,9067.94,9076.46,Michael Petrin,School Board Vice Chair,"Just clarify? When we talk rehabbing a building, we're not talking $100,000. We're talking millions of dollars from the taxpayers.",Speaker 23,https://reflect-claremont.cablecast.tv/internetchannel/show/17092?site=1&seekto=9067
2:31:16.50,2:31:16.74,9076.50,9076.74,Unidentified,"Crosstalk cluster — sub-second backchannel fragments clipped from several voices (Chair, board members, clerk, administration); not one speaker",Right.,Speaker 19,https://reflect-claremont.cablecast.tv/internetchannel/show/17092?site=1&seekto=9076
2:31:16.74,2:31:18.46,9076.74,9078.46,Heather Whitney,School Board Chair,If we're not talking about.,Speaker 1,https://reflect-claremont.cablecast.tv/internetchannel/show/17092?site=1&seekto=9076
2:31:18.46,2:31:19.18,9078.46,9079.18,Candace Crawford,School Board Member; Finance Subcommittee Chair,That this year?,Speaker 10,https://reflect-claremont.cablecast.tv/internetchannel/show/17092?site=1&seekto=9078
2:31:19.22,2:31:20.94,9079.22,9080.94,Michael Petrin,School Board Vice Chair,"No, we're talking about that five years.",Speaker 23,https://reflect-claremont.cablecast.tv/internetchannel/show/17092?site=1&seekto=9079
2:31:20.94,2:31:22.22,9080.94,9082.22,Unidentified,"Crosstalk cluster — sub-second backchannel fragments clipped from several voices (Chair, board members, clerk, administration); not one speaker",Down the road. I know.,Speaker 19,https://reflect-claremont.cablecast.tv/internetchannel/show/17092?site=1&seekto=9080
2:31:22.30,2:31:45.02,9082.30,9105.02,Matt Angell,"Interim Business Administrator, SAU 6","That there once said to me, why do you want to spend money on a building knowing that at some point you're going to end up, with extra space and that that is unfortunate in an unfortunate argument I can't overcome. I just know that one building needs a lot of money to to bring it, to make it look nice.",Speaker 7,https://reflect-claremont.cablecast.tv/internetchannel/show/17092?site=1&seekto=9082
2:31:45.10,2:31:47.06,9105.10,9107.06,Candace Crawford,School Board Member; Finance Subcommittee Chair,"Well, to make it more functional.",Speaker 10,https://reflect-claremont.cablecast.tv/internetchannel/show/17092?site=1&seekto=9105
2:31:47.14,2:31:48.14,9107.14,9108.14,Matt Angell,"Interim Business Administrator, SAU 6",To make it more functional.,Speaker 7,https://reflect-claremont.cablecast.tv/internetchannel/show/17092?site=1&seekto=9107
2:31:48.18,2:31:51.82,9108.18,9111.82,Arlene Hawkins,School Board Member; Policy Subcommittee Chair,And by then the state may change their funding formula. She said in jest.,Speaker 12,https://reflect-claremont.cablecast.tv/internetchannel/show/17092?site=1&seekto=9108
2:31:51.86,2:31:52.50,9111.86,9112.50,Unidentified,"Crosstalk cluster — sub-second backchannel fragments clipped from several voices (Chair, board members, clerk, administration); not one speaker",Yeah.,Speaker 19,https://reflect-claremont.cablecast.tv/internetchannel/show/17092?site=1&seekto=9111
2:31:52.58,2:31:53.02,9112.58,9113.02,Candace Crawford,School Board Member; Finance Subcommittee Chair,"Oh, my.",Speaker 10,https://reflect-claremont.cablecast.tv/internetchannel/show/17092?site=1&seekto=9112
2:31:53.02,2:31:57.98,9113.02,9117.98,Unidentified,"Crosstalk cluster — sub-second backchannel fragments clipped from several voices (Chair, board members, clerk, administration); not one speaker","Phrase over, I know.",Speaker 19,https://reflect-claremont.cablecast.tv/internetchannel/show/17092?site=1&seekto=9113
2:31:58.06,2:32:26.94,9118.06,9146.94,Heather Whitney,School Board Chair,"My my only concern and I do agree with the alignment pieces of this. I think that's absolutely critical. There's absolutely no way around us having improved achievement, improving achievement or managing our resources better without that alignment. And I also believe that it makes us a whole community school. One, I've been receiving emails hearing about what's happening really well, in particular schools like in this school, we do this great.",Speaker 1,https://reflect-claremont.cablecast.tv/internetchannel/show/17092?site=1&seekto=9118
2:32:26.94,2:32:50.70,9146.94,9170.70,Heather Whitney,School Board Chair,"Please don't mess this up for our kids. And in this school we do this great. Don't mess it up for our kids and  all I can and I although I celebrate those achievements, all I can think about is why aren't we doing it for all the kids?  And, it we have to have a whole community identity and not a fractured school identity.",Speaker 1,https://reflect-claremont.cablecast.tv/internetchannel/show/17092?site=1&seekto=9146
2:32:50.78,2:33:17.26,9170.78,9197.26,Heather Whitney,School Board Chair,"They're all. They're all our kids. They're not bluff kids. They're not maple kids. They're not Disney our kids. They're Claremont's kids. And alignment all the way through, just ensures that every child has access to anybody in the district and those in those age groups that has an expertise in something. It allows grade level teachers to be bouncing ideas off of each other.",Speaker 1,https://reflect-claremont.cablecast.tv/internetchannel/show/17092?site=1&seekto=9170
2:33:17.34,2:33:45.50,9197.34,9225.50,Heather Whitney,School Board Chair,"I don't think unless you've been in a model where you are with all your peers, that you can appreciate the value of that. Just professionally, I know I function. I've learned so much from my peers, and the more peers I have access to, the better of a provider that I am. My concern with the for school model or any model that does not maximize resources is it is an opportunity loss.",Speaker 1,https://reflect-claremont.cablecast.tv/internetchannel/show/17092?site=1&seekto=9197
2:33:45.62,2:34:17.78,9225.62,9257.78,Heather Whitney,School Board Chair,"And there's also a compounding waste loss. So the question you have to ask yourself is what would you have done with that money spent other way in another way. And it's just it's the opposite of compounding interest. It's just this cycle of spending money for nothing. And I can't I can't justify, actually, you know, although we're like Bill said, by no means are we exclusively responsible for the catastrophe that  befell us.",Speaker 1,https://reflect-claremont.cablecast.tv/internetchannel/show/17092?site=1&seekto=9225
2:34:17.86,2:35:00.90,9257.86,9300.90,Heather Whitney,School Board Chair,"We are 100% accountable as the board. We're just 100% accountable. And as we talk about, state funding and issues, I can't help but think about that if if we do not make the most concrete, step forward to fiscal accountability and stability, it quite frankly confirms the narrative that the state has used to justify withholding support because they would say the districts won't manage their resources wisely, and that any additional funding will just be used willy nilly to appease people that are angry.",Speaker 1,https://reflect-claremont.cablecast.tv/internetchannel/show/17092?site=1&seekto=9257
2:35:00.90,2:35:26.74,9300.90,9326.74,Heather Whitney,School Board Chair,"And I'm not saying that the anger isn't justified on any stretch of the imagination, but that really kind of rings. That rings true to me. Like we have to be accountable for every dollar. And I do hear people saying, well, it's only a million here and a million there. Well, that's one fifth of what got us here. Like, I mean, you know, that's one fifth of the reason we're here is, is a half a million here and a quarter of a million there.",Speaker 1,https://reflect-claremont.cablecast.tv/internetchannel/show/17092?site=1&seekto=9300
2:35:26.74,2:35:44.70,9326.74,9344.70,Heather Whitney,School Board Chair,"And it just piled up over the years. So, so I do have an issue with the idea that we would deliberately, willingly and knowingly, waste money into.",Speaker 1,https://reflect-claremont.cablecast.tv/internetchannel/show/17092?site=1&seekto=9326
2:35:44.78,2:36:13.38,9344.78,9373.38,Arlene Hawkins,School Board Member; Policy Subcommittee Chair,"If I may, I believe, disagree. I believe, I do not believe that realigning elementary schools is willfully wasting money. I don't. I will agree that it maximizes opportunity for collaboration.  I believe that our focus is on our position as advocates for public education, for our students, for our families, for our teachers, but also maintaining a balance for all of us taxpayers in this room.",Speaker 12,https://reflect-claremont.cablecast.tv/internetchannel/show/17092?site=1&seekto=9344
2:36:13.54,2:36:34.38,9373.54,9394.38,Arlene Hawkins,School Board Member; Policy Subcommittee Chair,"In addition, we are not going to the taxpayers to fix the deficit problem. And to me, that's a major accomplishment this year and so wastefully wasting money because we're not going into one model versus another, I feel is not accurate. And I respectfully disagree with your position.",Speaker 12,https://reflect-claremont.cablecast.tv/internetchannel/show/17092?site=1&seekto=9373
2:36:34.54,2:36:35.10,9394.54,9395.10,Unidentified,"Crosstalk cluster — sub-second backchannel fragments clipped from several voices (Chair, board members, clerk, administration); not one speaker",Yeah.,Speaker 19,https://reflect-claremont.cablecast.tv/internetchannel/show/17092?site=1&seekto=9394
2:36:35.18,2:36:36.46,9395.18,9396.46,Candace Crawford,School Board Member; Finance Subcommittee Chair,I move the question.,Speaker 10,https://reflect-claremont.cablecast.tv/internetchannel/show/17092?site=1&seekto=9395
2:36:36.54,2:36:46.86,9396.54,9406.86,Heather Whitney,School Board Chair,Is there any other discussion? Okay. All in favor of moving? Would you like to restate the motion?,Speaker 1,https://reflect-claremont.cablecast.tv/internetchannel/show/17092?site=1&seekto=9396
2:36:49.26,2:36:53.22,9409.26,9413.22,Frank Sprague,"School Board Member (merged cluster — Madden, Rapp and other male voices reassigned by override)",I'd like to move forward with the for school aligned model.,Speaker 11,https://reflect-claremont.cablecast.tv/internetchannel/show/17092?site=1&seekto=9409
2:36:53.30,2:36:54.14,9413.30,9414.14,Heather Whitney,School Board Chair (prompting for the budget figure),With the budget.,Speaker 19,https://reflect-claremont.cablecast.tv/internetchannel/show/17092?site=1&seekto=9413
2:36:54.22,2:36:54.78,9414.22,9414.78,Heather Whitney,School Board Chair,With the budget.,Speaker 1,https://reflect-claremont.cablecast.tv/internetchannel/show/17092?site=1&seekto=9414
2:36:54.92,2:37:00.94,9414.92,9420.94,Frank Sprague,"School Board Member (merged cluster — Madden, Rapp and other male voices reassigned by override)","Of $44,844,373.",Speaker 11,https://reflect-claremont.cablecast.tv/internetchannel/show/17092?site=1&seekto=9414
2:37:01.02,2:37:02.34,9421.02,9422.34,Unidentified,"Crosstalk cluster — sub-second backchannel fragments clipped from several voices (Chair, board members, clerk, administration); not one speaker",Okay.,Speaker 19,https://reflect-claremont.cablecast.tv/internetchannel/show/17092?site=1&seekto=9421
2:37:02.42,2:37:13.44,9422.42,9433.44,Heather Whitney,School Board Chair,"All in favor of moving all the favor of moving this budget for consideration at the  hearing on, January 20th, say.",Speaker 1,https://reflect-claremont.cablecast.tv/internetchannel/show/17092?site=1&seekto=9422
2:37:13.52,2:37:15.38,9433.52,9435.38,Multiple,Voice vote (chorus 'aye'),I I.,Speaker 19,https://reflect-claremont.cablecast.tv/internetchannel/show/17092?site=1&seekto=9433
2:37:15.46,2:37:17.58,9435.46,9437.58,Heather Whitney,School Board Chair,For 4 to 3.,Speaker 1,https://reflect-claremont.cablecast.tv/internetchannel/show/17092?site=1&seekto=9435
2:37:17.66,2:37:18.14,9437.66,9438.14,Unidentified,"Crosstalk cluster — sub-second backchannel fragments clipped from several voices (Chair, board members, clerk, administration); not one speaker",Okay.,Speaker 19,https://reflect-claremont.cablecast.tv/internetchannel/show/17092?site=1&seekto=9437
2:37:18.34,2:37:25.73,9438.34,9445.73,Heather Whitney,School Board Chair,"It's two. Well, there's one left. I guess that's me. Okay, then I would like to make a motion.",Speaker 1,https://reflect-claremont.cablecast.tv/internetchannel/show/17092?site=1&seekto=9438
2:37:25.81,2:37:32.38,9445.81,9452.38,Unidentified,"Crosstalk cluster — sub-second backchannel fragments clipped from several voices (Chair, board members, clerk, administration); not one speaker",Yeah. Who were the four? Who? Okay.,Speaker 19,https://reflect-claremont.cablecast.tv/internetchannel/show/17092?site=1&seekto=9445
2:37:32.46,2:38:38.54,9452.46,9518.54,Heather Whitney,School Board Chair,"I would like to make a motion to move model one with the following line adjustments to the public hearing on January 20th. For consideration, I would like to remove, four vacant interventionist positions, bringing the total interventionist that would be budgeted for a total of six, which mirrors the four school model. I would like to remove two vacant instructional coach positions, and I would like to add two full time equivalent see guidance positions to be divided 1.75ft at a new middle high school and 0.25 to what was I heard was Q the Claremont Upper Elementary School, resulting in a net reduction of 622,521.",Speaker 1,https://reflect-claremont.cablecast.tv/internetchannel/show/17092?site=1&seekto=9452
2:38:38.62,2:39:00.50,9518.62,9540.50,Heather Whitney,School Board Chair,"So the new operating budget would be 43,179,564. That is a .51 percent increase increase in this year's budget. And it would be a zero increase on the tax rate from the. Yes.",Speaker 1,https://reflect-claremont.cablecast.tv/internetchannel/show/17092?site=1&seekto=9518
2:39:00.58,2:39:05.42,9540.58,9545.42,Matt Angell,"Interim Business Administrator, SAU 6",Would you be on those positions you said eliminated? Would you reduce those to $1?,Speaker 7,https://reflect-claremont.cablecast.tv/internetchannel/show/17092?site=1&seekto=9540
2:39:05.50,2:39:08.34,9545.50,9548.34,Heather Whitney,School Board Chair,I would be interested in reducing them to $1.,Speaker 1,https://reflect-claremont.cablecast.tv/internetchannel/show/17092?site=1&seekto=9545
2:39:08.42,2:39:09.22,9548.42,9549.22,Unidentified,"Crosstalk cluster — sub-second backchannel fragments clipped from several voices (Chair, board members, clerk, administration); not one speaker",Okay. Great. Thank you.,Speaker 19,https://reflect-claremont.cablecast.tv/internetchannel/show/17092?site=1&seekto=9548
2:39:09.46,2:39:16.70,9549.46,9556.70,Heather Whitney,School Board Chair,So we can change that. By what. How many. $4. $4.,Speaker 1,https://reflect-claremont.cablecast.tv/internetchannel/show/17092?site=1&seekto=9549
2:39:16.78,2:39:20.58,9556.78,9560.58,Heather Whitney,School Board Chair,The reason why I feel like we do need to support.,Speaker 1,https://reflect-claremont.cablecast.tv/internetchannel/show/17092?site=1&seekto=9556
2:39:20.74,2:39:21.78,9560.74,9561.78,Arlene Hawkins,School Board Member; Policy Subcommittee Chair,You need to have that second.,Speaker 12,https://reflect-claremont.cablecast.tv/internetchannel/show/17092?site=1&seekto=9560
2:39:21.82,2:39:53.98,9561.82,9593.98,Heather Whitney,School Board Chair,"Oh, yes. I'm sorry. Is there a second? Mr. Madden's seconds. Is that. I think it's the most sustainably sustainable, fiscally responsible model that meets all the academic and extracurricular needs  of all the other models. And like I mentioned before, it's the most concrete step that we can take to put the district on the road to complete stability. I've heard a lot about transitions, and I appreciate the concerns about transitions.",Speaker 1,https://reflect-claremont.cablecast.tv/internetchannel/show/17092?site=1&seekto=9561
2:39:53.98,2:40:18.26,9593.98,9618.26,Heather Whitney,School Board Chair,"And I think that, probably the public thinks that I don't care about transitions or I don't understand them, and I and I do. I want to thank Miss Yates for responding to my email. And I wanted to steal man my position. I she presented very professionally at one of the meetings about the issues with transitions and my own children.",Speaker 1,https://reflect-claremont.cablecast.tv/internetchannel/show/17092?site=1&seekto=9593
2:40:18.26,2:40:27.50,9618.26,9627.50,Heather Whitney,School Board Chair,I had seven transitions for my kids when they were going through school. One three years in a.,Speaker 1,https://reflect-claremont.cablecast.tv/internetchannel/show/17092?site=1&seekto=9618
2:40:27.50,2:40:28.18,9627.50,9628.18,Heather Whitney,School Board Chair (sentence continuation),Row.,Speaker 19,https://reflect-claremont.cablecast.tv/internetchannel/show/17092?site=1&seekto=9627
2:40:28.26,2:40:59.98,9628.26,9659.98,Heather Whitney,School Board Chair,"All going from different school districts, different teachers, different peers, moved to a different state, moving into a huge urban school, moving back different peers, different teachers, different curriculum. Two other structured transitions were intercepted transition. And the final transition for my youngest daughter was to a private school where she found out even if she was on the top ten in Claremont, she was two years behind.",Speaker 1,https://reflect-claremont.cablecast.tv/internetchannel/show/17092?site=1&seekto=9628
2:41:00.06,2:41:28.38,9660.06,9688.38,Heather Whitney,School Board Chair,"So for me, that transition was well worth the transition. And I think that we have to be very nuanced when we look at the school configuration reconfiguration and transitions.  I read a lot because I didn't want to be uninformed and I didn't want to be flipped just because I felt that financially this was the right model to go with.",Speaker 1,https://reflect-claremont.cablecast.tv/internetchannel/show/17092?site=1&seekto=9660
2:41:28.46,2:42:02.30,9688.46,9722.30,Heather Whitney,School Board Chair,"The the data on transitions is truly nuanced. And, I think a lot of the, the data is related to unstructured transitions and multi school configurations from other districts. The disruption of small or neighborhood schools in urban environments that are being reconfigured into other environments are shut down. And so these kind of transitions we're not doing that here in Claremont.",Speaker 1,https://reflect-claremont.cablecast.tv/internetchannel/show/17092?site=1&seekto=9688
2:42:02.38,2:42:30.91,9722.38,9750.91,Heather Whitney,School Board Chair,"We are all of our kids are going to be with their peers. All of our kids are going to see the same teachers that they're going to see. And all of our kids are going to be using the same curriculum. This isn't a programmatic change.  The reconfiguration is, for all intents and purposes, a structural one and  a logistics one.",Speaker 1,https://reflect-claremont.cablecast.tv/internetchannel/show/17092?site=1&seekto=9722
2:42:30.99,2:43:00.06,9750.99,9780.06,Heather Whitney,School Board Chair,"There there's temporary disruption and then things will calm down. And I think recognizing that at some point in time we're going to be will be forced to. And I know there's some discrepancies about whether or not our population is going to increase. There has been just down, down, down, down, down,  down, down, down. It's nationwide.  It's not Claremont.",Speaker 1,https://reflect-claremont.cablecast.tv/internetchannel/show/17092?site=1&seekto=9750
2:43:00.22,2:43:22.86,9780.22,9802.86,Heather Whitney,School Board Chair,"And even if we have economic growth here, to Mr. Angel's point, there's truly a birth rate issue and an affordability issue. People aren't having kids. And a lot of the apartments that are coming in are two bedroom apartments that are really designed not to have kids. They're not welcoming for kids, three, three bedroom apartments. I mean, there's a strategy to the development that's going on in the community.",Speaker 1,https://reflect-claremont.cablecast.tv/internetchannel/show/17092?site=1&seekto=9780
2:43:22.90,2:43:51.18,9802.90,9831.18,Heather Whitney,School Board Chair,"So I have to. Like  bring out that reality. And quite frankly, going to the three school configuration, although it would be messy. And I'm not here saying rainbows, unicorns, anything like that, I get it. I think it will be very messy probably initially in the first few months, but it will be the terminal move. That's it done  and we will not.",Speaker 1,https://reflect-claremont.cablecast.tv/internetchannel/show/17092?site=1&seekto=9802
2:43:51.22,2:44:05.94,9831.22,9845.94,Heather Whitney,School Board Chair,I cannot foresee us going to a two school model unless the unless our demographics become so extreme that we do not have to do a footprint modification at CMS.,Speaker 1,https://reflect-claremont.cablecast.tv/internetchannel/show/17092?site=1&seekto=9831
2:44:06.02,2:44:37.22,9846.02,9877.22,Heather Whitney,School Board Chair,"I also think, and I've heard from the high school and I've heard across the district  that we need more guidance, support, and this model actually pushes in guidance support at the high school. I think  it would bring down the guidance counselor to student ratio to 17179. And that would help with the transition of the middle school, the seventh and eighth graders, to the middle school.",Speaker 1,https://reflect-claremont.cablecast.tv/internetchannel/show/17092?site=1&seekto=9846
2:44:37.30,2:45:03.54,9877.30,9903.54,Heather Whitney,School Board Chair,"I also put that provision in of the .25  as a push down to the upper elementary school, to give them adequate supports and to help with the sixth graders transition.  And I think that there is I don't believe anybody has looked at this. I didn't look at this until I started looking at it, because I was concerned about integrating the middle school kids into the high school.",Speaker 1,https://reflect-claremont.cablecast.tv/internetchannel/show/17092?site=1&seekto=9877
2:45:03.62,2:45:40.98,9903.62,9940.98,Heather Whitney,School Board Chair,"Then I, I remembered that my daughter went to a six through 12 school, completely integrated. Their plays were multi age and there is tons of there is meaningful amounts of of literature out there, particularly in European countries and in Massachusetts where they're, they're transitioning to the 7 to 12 model because it provides a much longer runway. It's called the runway effect or the family effect, and it helps to improve graduation rates in the way that it helps to improve graduation rates.",Speaker 1,https://reflect-claremont.cablecast.tv/internetchannel/show/17092?site=1&seekto=9903
2:45:41.10,2:46:17.26,9941.10,9977.26,Heather Whitney,School Board Chair,"Is everyone is right. When a transition occurs,  there is often a dip in academic achievement. And so when you have that transition from the middle school to the high school, you get a dip in ninth grade and that dip becomes a permanent part of your transcript. When you go to when you apply to college.  And this long runway model allows for kids to actually kind of mature within the school, and by the time they're heading in to ninth grade, they it's not a transition for them into ninth grade.",Speaker 1,https://reflect-claremont.cablecast.tv/internetchannel/show/17092?site=1&seekto=9941
2:46:17.38,2:46:49.46,9977.38,10009.46,Heather Whitney,School Board Chair,"And they  have an they have a community. They're not transitioning anywhere. And it gives an opportunity for the administration and the teachers to pick up on problems that kids are having and to help mitigate those problems before they go to the critical nine through 12 years. And so I recognize wholeheartedly, and I'm not dismissing  that there are negative effects to some children, but many children.",Speaker 1,https://reflect-claremont.cablecast.tv/internetchannel/show/17092?site=1&seekto=9977
2:46:49.46,2:46:50.26,10009.46,10010.26,Heather Whitney,School Board Chair (sentence continuation),Are okay.,Speaker 19,https://reflect-claremont.cablecast.tv/internetchannel/show/17092?site=1&seekto=10009
2:46:50.30,2:47:24.46,10010.30,10044.46,Heather Whitney,School Board Chair,"With it,  I understand, or will rebound very quickly. And there are positive attributes to having a three school model that I hadn't thought about before I started really looking into it. So I think it's it's it's worth it's worth a look and it's worth being considered and it's worth further exploration. And what I'm looking for is an opportunity from today until the public hearing is to do some rough modeling on what a program would look like.",Speaker 1,https://reflect-claremont.cablecast.tv/internetchannel/show/17092?site=1&seekto=10010
2:47:24.46,2:47:58.94,10044.46,10078.94,Heather Whitney,School Board Chair,"At the high school, I became so impassioned about this that I actually tracked down the architect who did the remodeling at the high school and got the plans so I could see where we could put the kids. And if you could actually fit all the kids into the high school, could we put them in a specific wing? And there really is a way of doing this to kind of create the school inside the school model, which is a and if we can truly create the school with inside the school model, that's what the Middle School Principals Association actually recommends as the best model for kids.",Speaker 1,https://reflect-claremont.cablecast.tv/internetchannel/show/17092?site=1&seekto=10044
2:47:59.02,2:48:28.26,10079.02,10108.26,Heather Whitney,School Board Chair,"And so if we're going to do something and why not do the biggest, best stuff that we can recognizing that, yep, it'll be a really crappy transition year, but we can really start moving along. And additionally, if we wait to do the reconfiguration model of any of the alignment models, that's one big lift. And then we're going to be doing nothing because we don't want to disrupt kids now.",Speaker 1,https://reflect-claremont.cablecast.tv/internetchannel/show/17092?site=1&seekto=10079
2:48:28.34,2:48:46.98,10108.34,10126.98,Heather Whitney,School Board Chair,"And then when we move kids, we don't want to do anything that year because they're going to be adjusting.  And meanwhile, we're not implementing the social studies because it's too much a social studies and science curriculum, because it's too much of a lift for the teachers to be doing those things.  And we put ourselves back 2 or 3 years.",Speaker 1,https://reflect-claremont.cablecast.tv/internetchannel/show/17092?site=1&seekto=10108
2:48:47.06,2:49:08.26,10127.06,10148.26,Heather Whitney,School Board Chair,"I mean, this is my this is I know I'm tired, everybody's tired. But I  think this is the best model. And it's it's 100% budget neutral. It increases and it puts a social worker at every school, budget neutral, social worker at every school. This is something that teachers have been talking about and principals have been talking about since, you know, we got to have these teachers, these social workers.",Speaker 1,https://reflect-claremont.cablecast.tv/internetchannel/show/17092?site=1&seekto=10127
2:49:08.26,2:49:34.70,10148.26,10174.70,Heather Whitney,School Board Chair,"So  this model would allow for increased guidance, support, increased social services report. Oh, and one more thing that if we maintained the staffing that we have now, we could cover all of our administrative positions, actually hyper fill our administrative positions and give an extra, probably student service coordinator at the high school without hiring anybody with just using existing staff.",Speaker 1,https://reflect-claremont.cablecast.tv/internetchannel/show/17092?site=1&seekto=10148
2:49:34.78,2:49:51.50,10174.78,10191.50,Heather Whitney,School Board Chair,"And we all know how challenging is to feel vacancies. It's also the model with the lowest vacancy rates to fill, so we have a much higher likelihood of filling vacancies. So that's my pitch. And Mr. Sprague.",Speaker 1,https://reflect-claremont.cablecast.tv/internetchannel/show/17092?site=1&seekto=10174
2:49:51.74,2:50:24.86,10191.74,10224.86,Frank Sprague,"School Board Member (merged cluster — Madden, Rapp and other male voices reassigned by override)","So so I'm going to be clear I every every school I ever worked in other than Stevens High School was a a six through 12 model. So I know the model itself works. I worked at Newport for, for 13 years, and, was the middle school principal while I was there. And so I'm very, very familiar with with that and the, the angst of fifth grade parents sending their kids to a six through 12 school.",Speaker 11,https://reflect-claremont.cablecast.tv/internetchannel/show/17092?site=1&seekto=10191
2:50:24.94,2:51:02.46,10224.94,10262.46,Frank Sprague,"School Board Member (merged cluster — Madden, Rapp and other male voices reassigned by override)","And we had literally no problems with the interactions. I mean, virtually no problems with interactions between middle and high school kids. My concern is our ability to do that at Stevens High School. I'm also very familiar with the layout of Stevens High School, having worked there for eight years,  so and attended for for four years. So, I just I just haven't seen a plan  for that that makes me comfortable that we could pull that off.",Speaker 11,https://reflect-claremont.cablecast.tv/internetchannel/show/17092?site=1&seekto=10224
2:51:02.54,2:51:29.94,10262.54,10289.94,Frank Sprague,"School Board Member (merged cluster — Madden, Rapp and other male voices reassigned by override)","And I mean, a real plan. And so I, I'm,  I'm a no. One on this one,  even though I know the model works a 6 to 12 configuration, but I just I just don't see it at Stevens High School with the middle school coming up, I just I can't envision it in my schedule was mind. So.",Speaker 11,https://reflect-claremont.cablecast.tv/internetchannel/show/17092?site=1&seekto=10262
2:51:30.02,2:51:30.70,10290.02,10290.70,Heather Whitney,School Board Chair (Chair recognizing Miss Hawkins),Miss Hawkins.,Speaker 19,https://reflect-claremont.cablecast.tv/internetchannel/show/17092?site=1&seekto=10290
2:51:30.94,2:52:00.70,10290.94,10320.70,Arlene Hawkins,School Board Member; Policy Subcommittee Chair,"Reading through the questions and answers that were submitted to the administration regarding all of the models and budget options, the the piece that came out loud and clear to me regarding the three school model was the mismatch of program scheduling, the mismatch of programs. And based on what you're saying as well, it takes time to organize that kind of program coordination that runs smoothly up through the grades.",Speaker 12,https://reflect-claremont.cablecast.tv/internetchannel/show/17092?site=1&seekto=10290
2:52:00.78,2:52:21.54,10320.78,10341.54,Arlene Hawkins,School Board Member; Policy Subcommittee Chair,"Again, the lack of consistent stability  in a leadership model at this point in time. I also read in the comments that it's it's completely no,  it is impossible to completely segregate the middle school kids from the high school kids at Stevens High School. That's what I read in the comments.",Speaker 12,https://reflect-claremont.cablecast.tv/internetchannel/show/17092?site=1&seekto=10320
2:52:21.54,2:52:24.10,10341.54,10344.10,Frank Sprague,"School Board Member (merged cluster — Madden, Rapp and other male voices reassigned by override)",We never did at any school. I worked.,Speaker 11,https://reflect-claremont.cablecast.tv/internetchannel/show/17092?site=1&seekto=10341
2:52:24.18,2:52:25.78,10344.18,10345.78,Unidentified,"Crosstalk cluster — sub-second backchannel fragments clipped from several voices (Chair, board members, clerk, administration); not one speaker",So hard.,Speaker 19,https://reflect-claremont.cablecast.tv/internetchannel/show/17092?site=1&seekto=10344
2:52:25.86,2:52:41.46,10345.86,10361.46,Arlene Hawkins,School Board Member; Policy Subcommittee Chair,"And the one question I have was, I thought I heard you say that it would be reducing one administrator at the high school, that you wouldn't have to replace any administrator. Well, we have one, I think, who's not returning. So you would have to replace.",Speaker 12,https://reflect-claremont.cablecast.tv/internetchannel/show/17092?site=1&seekto=10345
2:52:41.46,2:52:41.62,10361.46,10361.62,Arlene Hawkins,School Board Member; Policy Subcommittee Chair (sentence continuation),That.,Speaker 1,https://reflect-claremont.cablecast.tv/internetchannel/show/17092?site=1&seekto=10361
2:52:41.65,2:52:41.90,10361.65,10361.90,Arlene Hawkins,School Board Member; Policy Subcommittee Chair (sentence continuation),Person.,Speaker 19,https://reflect-claremont.cablecast.tv/internetchannel/show/17092?site=1&seekto=10361
2:52:42.03,2:52:42.82,10362.03,10362.82,Heather Whitney,School Board Chair,Because we're going down to.,Speaker 1,https://reflect-claremont.cablecast.tv/internetchannel/show/17092?site=1&seekto=10362
2:52:42.82,2:52:43.22,10362.82,10363.22,Heather Whitney,School Board Chair (sentence continuation),School.,Speaker 19,https://reflect-claremont.cablecast.tv/internetchannel/show/17092?site=1&seekto=10362
2:52:43.42,2:52:59.66,10363.42,10379.66,Arlene Hawkins,School Board Member; Policy Subcommittee Chair,"So that it would reduce. We would. All right. That's fine. But I just don't feel that the program and the timing and the lack of community involvement in researching and exploring and having their commitment involved as well, is.",Speaker 12,https://reflect-claremont.cablecast.tv/internetchannel/show/17092?site=1&seekto=10363
2:52:59.70,2:53:00.70,10379.70,10380.70,Arlene Hawkins,School Board Member; Policy Subcommittee Chair (sentence continuation),Is.,Speaker 19,https://reflect-claremont.cablecast.tv/internetchannel/show/17092?site=1&seekto=10379
2:53:00.78,2:53:02.90,10380.78,10382.90,Arlene Hawkins,School Board Member; Policy Subcommittee Chair,Not best at this time.,Speaker 12,https://reflect-claremont.cablecast.tv/internetchannel/show/17092?site=1&seekto=10380
2:53:02.98,2:53:06.10,10382.98,10386.10,Heather Whitney,School Board Chair,I'd like a shot for two weeks to see.,Speaker 1,https://reflect-claremont.cablecast.tv/internetchannel/show/17092?site=1&seekto=10382
2:53:06.18,2:53:07.02,10386.18,10387.02,Arlene Hawkins,School Board Member; Policy Subcommittee Chair,A shot for two weeks.,Speaker 12,https://reflect-claremont.cablecast.tv/internetchannel/show/17092?site=1&seekto=10386
2:53:07.02,2:53:13.46,10387.02,10393.46,Heather Whitney,School Board Chair,We have two weeks to figure out whether or not we can do a rough sketch of the schedule. That's all.,Speaker 1,https://reflect-claremont.cablecast.tv/internetchannel/show/17092?site=1&seekto=10387
2:53:13.54,2:53:18.38,10393.54,10398.38,Unidentified,"Crosstalk cluster — sub-second backchannel fragments clipped from several voices (Chair, board members, clerk, administration); not one speaker",To be able to vote.,Speaker 19,https://reflect-claremont.cablecast.tv/internetchannel/show/17092?site=1&seekto=10393
2:53:18.46,2:53:19.66,10398.46,10399.66,Heather Whitney,School Board Chair,Mr. Madden.,Speaker 1,https://reflect-claremont.cablecast.tv/internetchannel/show/17092?site=1&seekto=10398
2:53:19.74,2:53:21.42,10399.74,10401.42,William 'Bill' Madden,School Board Member (recognized by the Chair at seg 849; continues in seg 852),As I said before.,Speaker 22,https://reflect-claremont.cablecast.tv/internetchannel/show/17092?site=1&seekto=10399
2:53:21.50,2:53:21.94,10401.50,10401.94,William 'Bill' Madden,School Board Member (recognized by the Chair at seg 849; continues in seg 852),The.,Speaker 11,https://reflect-claremont.cablecast.tv/internetchannel/show/17092?site=1&seekto=10401
2:53:22.14,2:54:01.74,10402.14,10441.74,William 'Bill' Madden,School Board Member,"Parents and teachers gave us a big thumbs down with any money. They don't trust us with the cupcake money. We had to go through the alumni association.  So I don't see the taxpayers who don't have an immediate vested interest going for that. As far as you know, our credibility with schedules,  we have none. I point to the Masonic Temple and just my personal experience.",Speaker 24,https://reflect-claremont.cablecast.tv/internetchannel/show/17092?site=1&seekto=10402
2:54:01.78,2:54:25.50,10441.78,10465.50,William 'Bill' Madden,School Board Member,"If I went with a five year program with my son, it would have been four years of high school with a one year pause for jail. So  I think the only one that has a chance of getting by the taxpayers is the three year configuration. The three school configuration.",Speaker 24,https://reflect-claremont.cablecast.tv/internetchannel/show/17092?site=1&seekto=10441
2:54:25.58,2:54:26.98,10465.58,10466.98,Unidentified,"Crosstalk cluster — sub-second backchannel fragments clipped from several voices (Chair, board members, clerk, administration); not one speaker",Okay.,Speaker 19,https://reflect-claremont.cablecast.tv/internetchannel/show/17092?site=1&seekto=10465
2:54:27.06,2:54:28.10,10467.06,10468.10,Heather Whitney,School Board Chair,Mr. Patron.,Speaker 1,https://reflect-claremont.cablecast.tv/internetchannel/show/17092?site=1&seekto=10467
2:54:28.18,2:54:28.75,10468.18,10468.75,Michael Petrin,School Board Vice Chair (onset clipped; continues in seg 857),I.,Speaker 19,https://reflect-claremont.cablecast.tv/internetchannel/show/17092?site=1&seekto=10468
2:54:28.83,2:54:58.22,10468.83,10498.22,Michael Petrin,School Board Vice Chair,"I want to add I think all three of these options have some room to  continue to pare down. I think there are things that haven't been really looked at yet. I think, you know, we're keeping some stuff in here that I'll say it a floundering sports programs. We have a cross program that we support that is floundering, that they're trying to fill spots or they're trying to get a coach.",Speaker 23,https://reflect-claremont.cablecast.tv/internetchannel/show/17092?site=1&seekto=10468
2:54:58.26,2:55:20.22,10498.26,10520.22,Michael Petrin,School Board Vice Chair,"And that's just one example. And it's not big dollars, but in the grand scheme of things, it's dollars. So I think there continue to be areas that we should look at to make sure we're not keeping programs or, that are floundering. So.",Speaker 23,https://reflect-claremont.cablecast.tv/internetchannel/show/17092?site=1&seekto=10498
2:55:20.30,2:55:22.14,10520.30,10522.14,Heather Whitney,School Board Chair (Chair calling for further comment),Any more comments?,Speaker 19,https://reflect-claremont.cablecast.tv/internetchannel/show/17092?site=1&seekto=10520
2:55:22.22,2:55:40.81,10522.22,10540.81,Heather Whitney,School Board Chair,"All the question.  All in favor of moving the  three school aligned model with a modified budget that would have a zero tax increase and a 0.051% increase in the budget,  say I.",Speaker 1,https://reflect-claremont.cablecast.tv/internetchannel/show/17092?site=1&seekto=10522
2:55:40.98,2:55:41.90,10540.98,10541.90,Multiple,Voice vote (chorus 'aye'),IAA.,Speaker 19,https://reflect-claremont.cablecast.tv/internetchannel/show/17092?site=1&seekto=10540
2:55:41.98,2:55:49.22,10541.98,10549.22,Heather Whitney,School Board Chair,Three all opposed model does not move forward to the public hearing.,Speaker 1,https://reflect-claremont.cablecast.tv/internetchannel/show/17092?site=1&seekto=10541
2:55:49.30,2:55:53.62,10549.30,10553.62,Unidentified,"Crosstalk cluster — sub-second backchannel fragments clipped from several voices (Chair, board members, clerk, administration); not one speaker",Okay. Thank you.,Speaker 19,https://reflect-claremont.cablecast.tv/internetchannel/show/17092?site=1&seekto=10549
2:55:53.70,2:56:11.98,10553.70,10571.98,Heather Whitney,School Board Chair,"Moving on to the next item agenda, which is subcommittee reports. Thank you everyone for attending, capital improvements.",Speaker 1,https://reflect-claremont.cablecast.tv/internetchannel/show/17092?site=1&seekto=10553
2:56:12.06,2:56:14.02,10572.06,10574.02,Unidentified,"Crosstalk cluster — sub-second backchannel fragments clipped from several voices (Chair, board members, clerk, administration); not one speaker",Nothing.,Speaker 19,https://reflect-claremont.cablecast.tv/internetchannel/show/17092?site=1&seekto=10572
2:56:14.10,2:56:20.58,10574.10,10580.58,Heather Whitney,School Board Chair,Finance subcommittee. We've done too much already. Policy subcommittee.,Speaker 1,https://reflect-claremont.cablecast.tv/internetchannel/show/17092?site=1&seekto=10574
2:56:20.66,2:56:21.70,10580.66,10581.70,Arlene Hawkins,School Board Member; Policy Subcommittee Chair,This month?,Speaker 12,https://reflect-claremont.cablecast.tv/internetchannel/show/17092?site=1&seekto=10580
2:56:21.78,2:56:22.66,10581.78,10582.66,Heather Whitney,School Board Chair,Nothing this month?,Speaker 1,https://reflect-claremont.cablecast.tv/internetchannel/show/17092?site=1&seekto=10581
2:56:22.70,2:56:25.50,10582.70,10585.50,Unidentified,"Crosstalk cluster — sub-second backchannel fragments clipped from several voices (Chair, board members, clerk, administration); not one speaker",No.,Speaker 19,https://reflect-claremont.cablecast.tv/internetchannel/show/17092?site=1&seekto=10582
2:56:25.58,2:56:27.46,10585.58,10587.46,Heather Whitney,School Board Chair,Curriculum? Nothing.,Speaker 1,https://reflect-claremont.cablecast.tv/internetchannel/show/17092?site=1&seekto=10585
2:56:27.54,2:56:33.66,10587.54,10593.66,Arlene Hawkins,School Board Member; Policy Subcommittee Chair,Could you just remove my name as chair at the last meeting? I asked. The last meeting I asked to be removed from.,Speaker 12,https://reflect-claremont.cablecast.tv/internetchannel/show/17092?site=1&seekto=10587
2:56:33.70,2:56:36.33,10593.70,10596.33,Unidentified,"Crosstalk cluster — sub-second backchannel fragments clipped from several voices (Chair, board members, clerk, administration); not one speaker",I'm sorry. That's all about.,Speaker 19,https://reflect-claremont.cablecast.tv/internetchannel/show/17092?site=1&seekto=10593
2:56:36.41,2:56:37.98,10596.41,10597.98,Arlene Hawkins,School Board Member; Policy Subcommittee Chair,You don't want to let him let me go.,Speaker 12,https://reflect-claremont.cablecast.tv/internetchannel/show/17092?site=1&seekto=10596
2:56:38.02,2:56:38.54,10598.02,10598.54,Unidentified,"Crosstalk cluster — sub-second backchannel fragments clipped from several voices (Chair, board members, clerk, administration); not one speaker",What's that?,Speaker 19,https://reflect-claremont.cablecast.tv/internetchannel/show/17092?site=1&seekto=10598
2:56:38.58,2:56:39.46,10598.58,10599.46,Arlene Hawkins,School Board Member; Policy Subcommittee Chair,I don't want to let me go.,Speaker 12,https://reflect-claremont.cablecast.tv/internetchannel/show/17092?site=1&seekto=10598
2:56:39.50,2:56:40.78,10599.50,10600.78,Heather Whitney,School Board Chair,I don't.,Speaker 1,https://reflect-claremont.cablecast.tv/internetchannel/show/17092?site=1&seekto=10599
2:56:40.86,2:56:42.42,10600.86,10602.42,Unidentified,"Crosstalk cluster — sub-second backchannel fragments clipped from several voices (Chair, board members, clerk, administration); not one speaker",Mean that's okay.,Speaker 19,https://reflect-claremont.cablecast.tv/internetchannel/show/17092?site=1&seekto=10600
2:56:42.50,2:56:43.14,10602.50,10603.14,Noelle Kronberg,School Board Clerk (minute-taker on amending the agenda listing),I just copy.,Speaker 14,https://reflect-claremont.cablecast.tv/internetchannel/show/17092?site=1&seekto=10602
2:56:43.14,2:56:44.74,10603.14,10604.74,Noelle Kronberg,School Board Clerk (minute-taker on amending the agenda listing),And paste. It's okay.,Speaker 19,https://reflect-claremont.cablecast.tv/internetchannel/show/17092?site=1&seekto=10603
2:56:45.58,2:56:47.62,10605.58,10607.62,Unidentified,"Crosstalk cluster — sub-second backchannel fragments clipped from several voices (Chair, board members, clerk, administration); not one speaker",Which one is it for?,Speaker 19,https://reflect-claremont.cablecast.tv/internetchannel/show/17092?site=1&seekto=10605
2:56:47.70,2:56:53.42,10607.70,10613.42,Heather Whitney,School Board Chair,We're on the ad hoc leadership subcommittee. Right. I gotta.,Speaker 1,https://reflect-claremont.cablecast.tv/internetchannel/show/17092?site=1&seekto=10607
2:56:53.50,2:57:01.94,10613.50,10621.94,William 'Bill' Madden,School Board Member,Get you some paperwork. I'd like to. At the next meeting on the executive director.,Speaker 24,https://reflect-claremont.cablecast.tv/internetchannel/show/17092?site=1&seekto=10613
2:57:02.02,2:57:04.38,10622.02,10624.38,Heather Whitney,School Board Chair,Would you like that to be a specific agenda item?,Speaker 1,https://reflect-claremont.cablecast.tv/internetchannel/show/17092?site=1&seekto=10622
2:57:04.42,2:57:04.94,10624.42,10624.94,William 'Bill' Madden,School Board Member (answers the Chair's 'Would you like that to be a specific agenda item?'),"Yes, please.",Speaker 19,https://reflect-claremont.cablecast.tv/internetchannel/show/17092?site=1&seekto=10624
2:57:04.98,2:57:15.98,10624.98,10635.98,Heather Whitney,School Board Chair,"At the next, Miss Kronborg, would you please add a agenda line item? Excuse me. I can't even talk anymore. Speaking in cursive.",Speaker 1,https://reflect-claremont.cablecast.tv/internetchannel/show/17092?site=1&seekto=10624
2:57:16.02,2:57:16.54,10636.02,10636.54,Arlene Hawkins,School Board Member; Policy Subcommittee Chair (onset clipped into the crosstalk cluster),I'm sorry I.,Speaker 19,https://reflect-claremont.cablecast.tv/internetchannel/show/17092?site=1&seekto=10636
2:57:16.54,2:57:37.58,10636.54,10657.58,Arlene Hawkins,School Board Member; Policy Subcommittee Chair,"Asked you a question. The last meeting, we were told we would get an executive summary. Will that be coming for the next meeting? Yes. Okay. And then I have a thought. Because we don't know who's out there for executive director or superintendents. Could it be a two pronged search? Because we may have a wonderful executive person out there.",Speaker 12,https://reflect-claremont.cablecast.tv/internetchannel/show/17092?site=1&seekto=10636
2:57:37.66,2:57:59.02,10657.66,10679.02,Arlene Hawkins,School Board Member; Policy Subcommittee Chair,We may have no one. We may have a wonderful superintendent. We may have no one. So that is if I may finish so that our options are wider moving forward. It's not saying no to one or yes to another. It's opening options to see who's out there. We may have nobody apply in one. We may have nobody apply in the other.,Speaker 12,https://reflect-claremont.cablecast.tv/internetchannel/show/17092?site=1&seekto=10657
2:57:59.06,2:58:02.46,10679.06,10682.46,Arlene Hawkins,School Board Member; Policy Subcommittee Chair,But it's opening options.,Speaker 12,https://reflect-claremont.cablecast.tv/internetchannel/show/17092?site=1&seekto=10679
2:58:02.54,2:58:13.18,10682.54,10693.18,William 'Bill' Madden,School Board Member,"As I understand it, if you go with the executive director,  you're not saying anybody with a license will not be considered.",Speaker 24,https://reflect-claremont.cablecast.tv/internetchannel/show/17092?site=1&seekto=10682
2:58:13.26,2:58:15.94,10693.26,10695.94,Heather Whitney,School Board Chair,"I think we should probably wait for the presentation, and then.",Speaker 1,https://reflect-claremont.cablecast.tv/internetchannel/show/17092?site=1&seekto=10693
2:58:16.02,2:58:19.18,10696.02,10699.18,Arlene Hawkins,School Board Member; Policy Subcommittee Chair,"I'm just putting it out there because all of our policies say, superintendent.",Speaker 12,https://reflect-claremont.cablecast.tv/internetchannel/show/17092?site=1&seekto=10696
2:58:19.22,2:58:22.90,10699.22,10702.90,Unidentified,"Crosstalk cluster — sub-second backchannel fragments clipped from several voices (Chair, board members, clerk, administration); not one speaker","Oh, I see.",Speaker 19,https://reflect-claremont.cablecast.tv/internetchannel/show/17092?site=1&seekto=10699
2:58:22.98,2:58:38.50,10702.98,10718.50,Heather Whitney,School Board Chair,We'll have to talk to to see if a superintendent goes to Superintendent services or what have you. I don't know how that works. Good point. Thank you. Thank you. Moving on to item number three. The CAA.,Speaker 1,https://reflect-claremont.cablecast.tv/internetchannel/show/17092?site=1&seekto=10702
2:58:38.58,2:58:39.58,10718.58,10719.58,Arlene Hawkins,School Board Member; Policy Subcommittee Chair,Yes. I'm going.,Speaker 12,https://reflect-claremont.cablecast.tv/internetchannel/show/17092?site=1&seekto=10718
2:58:39.58,2:58:40.18,10719.58,10720.18,Arlene Hawkins,School Board Member; Policy Subcommittee Chair (onset clipped into the crosstalk cluster),To.,Speaker 19,https://reflect-claremont.cablecast.tv/internetchannel/show/17092?site=1&seekto=10719
2:58:40.26,2:59:13.14,10720.26,10753.14,Arlene Hawkins,School Board Member; Policy Subcommittee Chair,"Reopen my information here. We have a tentative agreement with the CAA, and I would like for this board to vote to ratify the tentative agreement that we have with the, Claremont Administrative Association. And that's the motion. And I also would like to make a comment that that group came to negotiations without a request for a pay raise for next year.",Speaker 12,https://reflect-claremont.cablecast.tv/internetchannel/show/17092?site=1&seekto=10720
2:59:13.22,2:59:37.10,10753.22,10777.10,Arlene Hawkins,School Board Member; Policy Subcommittee Chair,"They were fully aware of what we have been through. They are an incredible group of building leaders, and they were appreciative of the work the board has done in supporting them the previous year. So they did come forward with that. But the I am to formally ratify the CAA, a negotiated agreement second.",Speaker 12,https://reflect-claremont.cablecast.tv/internetchannel/show/17092?site=1&seekto=10753
2:59:37.18,2:59:39.82,10777.18,10779.82,Heather Whitney,School Board Chair,Is there any language changing in the.,Speaker 1,https://reflect-claremont.cablecast.tv/internetchannel/show/17092?site=1&seekto=10777
2:59:39.90,2:59:47.78,10779.90,10787.78,Arlene Hawkins,School Board Member; Policy Subcommittee Chair,"There is a memorandum of understanding that the regarding the student support, student support.",Speaker 12,https://reflect-claremont.cablecast.tv/internetchannel/show/17092?site=1&seekto=10779
2:59:47.86,2:59:48.58,10787.86,10788.58,Kerry Kennedy,"Interim Superintendent, SAU 6 (sentence continuation)",Student service.,Speaker 10,https://reflect-claremont.cablecast.tv/internetchannel/show/17092?site=1&seekto=10787
2:59:48.58,2:59:49.94,10788.58,10789.94,Kerry Kennedy,"Interim Superintendent, SAU 6",Coordinators.,Speaker 8,https://reflect-claremont.cablecast.tv/internetchannel/show/17092?site=1&seekto=10788
2:59:50.02,3:00:12.74,10790.02,10812.74,Arlene Hawkins,School Board Member; Policy Subcommittee Chair,"Where their work year is defined more clearly and that there will be a committee engaged during the length of the two year contract for research and compensation beyond Claremont, looking to see how else things are done and the cost of living increase for the following year.",Speaker 12,https://reflect-claremont.cablecast.tv/internetchannel/show/17092?site=1&seekto=10790
3:00:12.82,3:00:20.74,10812.82,10820.74,Kerry Kennedy,"Interim Superintendent, SAU 6",There was only one correction where it was originally in the columns of principal ships. Elementary had a misprint before the.,Speaker 8,https://reflect-claremont.cablecast.tv/internetchannel/show/17092?site=1&seekto=10812
3:00:20.75,3:00:21.70,10820.75,10821.70,Kerry Kennedy,"Interim Superintendent, SAU 6 (sentence continuation)",List was a typo.,Speaker 12,https://reflect-claremont.cablecast.tv/internetchannel/show/17092?site=1&seekto=10820
3:00:21.74,3:00:30.66,10821.74,10830.66,Kerry Kennedy,"Interim Superintendent, SAU 6","There was a typo in there that was a fix that it was at the third column. It was the highest level. It was actually lower than the second column. It was supposed to be 113,000 instead of 111. I think.",Speaker 8,https://reflect-claremont.cablecast.tv/internetchannel/show/17092?site=1&seekto=10821
3:00:30.70,3:00:31.74,10830.70,10831.74,Unidentified,"Crosstalk cluster — sub-second backchannel fragments clipped from several voices (Chair, board members, clerk, administration); not one speaker",It was 15.,Speaker 19,https://reflect-claremont.cablecast.tv/internetchannel/show/17092?site=1&seekto=10830
3:00:31.94,3:00:35.64,10831.94,10835.64,Kerry Kennedy,"Interim Superintendent, SAU 6",Yes.,Speaker 8,https://reflect-claremont.cablecast.tv/internetchannel/show/17092?site=1&seekto=10831
3:00:35.72,3:00:37.76,10835.72,10837.76,Heather Whitney,School Board Chair,Is there any other discussion on the.,Speaker 1,https://reflect-claremont.cablecast.tv/internetchannel/show/17092?site=1&seekto=10835
3:00:37.76,3:00:40.32,10837.76,10840.32,Unidentified,"Crosstalk cluster — sub-second backchannel fragments clipped from several voices (Chair, board members, clerk, administration); not one speaker","Board? Second, I.",Speaker 19,https://reflect-claremont.cablecast.tv/internetchannel/show/17092?site=1&seekto=10837
3:00:40.40,3:00:47.64,10840.40,10847.64,Heather Whitney,School Board Chair,"Thank you, Mr. Patron. Second, you get that, Noel. Okay. And before we take the vote. Thank you, Miss Hawkins. She's been tireless.",Speaker 1,https://reflect-claremont.cablecast.tv/internetchannel/show/17092?site=1&seekto=10840
3:00:47.68,3:00:47.88,10847.68,10847.88,Unidentified,"Crosstalk cluster — sub-second backchannel fragments clipped from several voices (Chair, board members, clerk, administration); not one speaker",Oh.,Speaker 19,https://reflect-claremont.cablecast.tv/internetchannel/show/17092?site=1&seekto=10847
3:00:47.92,3:00:56.12,10847.92,10856.12,Arlene Hawkins,School Board Member; Policy Subcommittee Chair,"It was it was the team, the, the association representatives, the administration and I represented the board on that.",Speaker 12,https://reflect-claremont.cablecast.tv/internetchannel/show/17092?site=1&seekto=10847
3:00:56.20,3:00:57.76,10856.20,10857.76,Frank Sprague,"School Board Member (merged cluster — Madden, Rapp and other male voices reassigned by override)",And the administration for being.,Speaker 11,https://reflect-claremont.cablecast.tv/internetchannel/show/17092?site=1&seekto=10856
3:00:57.84,3:00:58.24,10857.84,10858.24,Heather Whitney,School Board Chair,Yes.,Speaker 1,https://reflect-claremont.cablecast.tv/internetchannel/show/17092?site=1&seekto=10857
3:00:58.32,3:00:58.84,10858.32,10858.84,Frank Sprague,"School Board Member (merged cluster — Madden, Rapp and other male voices reassigned by override)",Reasonable.,Speaker 11,https://reflect-claremont.cablecast.tv/internetchannel/show/17092?site=1&seekto=10858
3:00:58.88,3:01:00.29,10858.88,10860.29,Heather Whitney,School Board Chair,"Yes, yes. Greatly appreciate.",Speaker 1,https://reflect-claremont.cablecast.tv/internetchannel/show/17092?site=1&seekto=10858
3:01:00.29,3:01:01.40,10860.29,10861.40,Arlene Hawkins,School Board Member; Policy Subcommittee Chair,The remarkable people.,Speaker 12,https://reflect-claremont.cablecast.tv/internetchannel/show/17092?site=1&seekto=10860
3:01:01.44,3:01:07.36,10861.44,10867.36,Kerry Kennedy,"Interim Superintendent, SAU 6",They appreciate their dedication to everything. And they really came forward and brought a decent proposal to so.,Speaker 8,https://reflect-claremont.cablecast.tv/internetchannel/show/17092?site=1&seekto=10861
3:01:07.44,3:01:19.24,10867.44,10879.24,Heather Whitney,School Board Chair,So I'd like to call the question. All in favor of ratifying the CEA or see a CACAA tentative agreement? Is that correct?,Speaker 1,https://reflect-claremont.cablecast.tv/internetchannel/show/17092?site=1&seekto=10867
3:01:19.24,3:01:25.72,10879.24,10885.72,Arlene Hawkins,School Board Member; Policy Subcommittee Chair,We're ratifying it. We're ratifying the Claremont Administrator's Association. Tentative agreement.,Speaker 12,https://reflect-claremont.cablecast.tv/internetchannel/show/17092?site=1&seekto=10879
3:01:25.76,3:01:36.92,10885.76,10896.92,Heather Whitney,School Board Chair,Tentative agreement. Ratifying it all. All favor  ratifying. Say it's unanimous. Wonderful. We're at the end.  Okay.,Speaker 1,https://reflect-claremont.cablecast.tv/internetchannel/show/17092?site=1&seekto=10885
3:01:37.00,3:01:44.08,10897.00,10904.08,Kerry Kennedy,"Interim Superintendent, SAU 6","Kennedy may just actually do one other update to beforehand, because somebody had asked about an update on the technical advisory for the video program.",Speaker 8,https://reflect-claremont.cablecast.tv/internetchannel/show/17092?site=1&seekto=10897
3:01:44.16,3:01:45.48,10904.16,10905.48,Heather Whitney,School Board Chair,"Yeah, that's this one. Yeah.",Speaker 1,https://reflect-claremont.cablecast.tv/internetchannel/show/17092?site=1&seekto=10904
3:01:45.52,3:01:52.32,10905.52,10912.32,Kerry Kennedy,"Interim Superintendent, SAU 6","Okay. Am I okay to just update on the video, update for the to from that was it wasn't on.",Speaker 8,https://reflect-claremont.cablecast.tv/internetchannel/show/17092?site=1&seekto=10905
3:01:52.32,3:01:53.20,10912.32,10913.20,Heather Whitney,School Board Chair,Their  business.,Speaker 1,https://reflect-claremont.cablecast.tv/internetchannel/show/17092?site=1&seekto=10912
3:01:53.24,3:02:13.44,10913.24,10933.44,Kerry Kennedy,"Interim Superintendent, SAU 6","Okay. That's fine okay. So bringing it forward the ratification, we had the resignation of the music teacher back in October, and we were able to look forward to posting it. We've been posting it, and we finally had an applicant. And so unfortunately, he's not available full time. I did get a chance to meet him this morning.",Speaker 8,https://reflect-claremont.cablecast.tv/internetchannel/show/17092?site=1&seekto=10913
3:02:13.52,3:02:17.84,10933.52,10937.84,Kerry Kennedy,"Interim Superintendent, SAU 6",And so Miss Weatherford had brought him in just to get started and things. So I'm looking.,Speaker 8,https://reflect-claremont.cablecast.tv/internetchannel/show/17092?site=1&seekto=10933
3:02:17.84,3:02:18.56,10937.84,10938.56,Kerry Kennedy,"Interim Superintendent, SAU 6 (sentence continuation)",To tonight.,Speaker 12,https://reflect-claremont.cablecast.tv/internetchannel/show/17092?site=1&seekto=10937
3:02:18.64,3:02:18.96,10938.64,10938.96,Kerry Kennedy,"Interim Superintendent, SAU 6",I'm sorry.,Speaker 8,https://reflect-claremont.cablecast.tv/internetchannel/show/17092?site=1&seekto=10938
3:02:19.16,3:02:20.48,10939.16,10940.48,Arlene Hawkins,School Board Member; Policy Subcommittee Chair,Is that the gentleman we met earlier?,Speaker 12,https://reflect-claremont.cablecast.tv/internetchannel/show/17092?site=1&seekto=10939
3:02:20.52,3:02:41.12,10940.52,10961.12,Kerry Kennedy,"Interim Superintendent, SAU 6","No, it's actually not okay. And so he was actually with the WCC. Emma, this is actually somebody who is a public school educator and it actually his other 2/5. So we're looking for somebody who's 3/5 is other 2/5 in a close by neighborhood, you know, district next door to us. So his name is Mr. Ian Gallup. And so we would like to bring forward his name.",Speaker 8,https://reflect-claremont.cablecast.tv/internetchannel/show/17092?site=1&seekto=10940
3:02:41.12,3:03:02.36,10961.12,10982.36,Kerry Kennedy,"Interim Superintendent, SAU 6","He would be at step 17, a master's plus 15, which is the annual rate of 71,831. But because he's point six, it's three days a week, seven hours a day, 21 hours a week. His amended amount for the the 3/5 would be for $33,099, but then realize it's per rated from January to June. So it's even less than that.",Speaker 8,https://reflect-claremont.cablecast.tv/internetchannel/show/17092?site=1&seekto=10961
3:03:02.44,3:03:29.28,10982.44,11009.28,Kerry Kennedy,"Interim Superintendent, SAU 6","And so this money was already budgeted for the previous music teacher. This would allow for some more music instruction to happen. So what's missing right now is the graded aspect of music instruction. So even though we improved the money for the band and the chorus, which again, we regardless of the model we would play  for next year, we still don't have the students getting regular music instruction, so it's still not perfect because we would have a sub still two days a week, but it's definitely closer and we would do that.",Speaker 8,https://reflect-claremont.cablecast.tv/internetchannel/show/17092?site=1&seekto=10982
3:03:29.28,3:03:36.80,11009.28,11016.80,Kerry Kennedy,"Interim Superintendent, SAU 6","So we would bring forward and hopefully make a motion to ratify him as a teacher at CMS. Yes, Mr. Speaker.",Speaker 8,https://reflect-claremont.cablecast.tv/internetchannel/show/17092?site=1&seekto=11009
3:03:36.96,3:03:37.92,11016.96,11017.92,Frank Sprague,"School Board Member (merged cluster — Madden, Rapp and other male voices reassigned by override)",Can make a motion.,Speaker 11,https://reflect-claremont.cablecast.tv/internetchannel/show/17092?site=1&seekto=11016
3:03:38.00,3:03:40.96,11018.00,11020.96,Heather Whitney,School Board Chair,To nominate. Yep. Except the nomination of.,Speaker 1,https://reflect-claremont.cablecast.tv/internetchannel/show/17092?site=1&seekto=11018
3:03:41.04,3:03:46.88,11021.04,11026.88,Frank Sprague,"School Board Member (merged cluster — Madden, Rapp and other male voices reassigned by override)",The motion to nominate Ian Globe and a 3/5 music position at CMS.,Speaker 11,https://reflect-claremont.cablecast.tv/internetchannel/show/17092?site=1&seekto=11021
3:03:46.96,3:04:10.92,11026.96,11050.92,Heather Whitney,School Board Chair,"I'll second. Oh, Lauren, did you want to get that second?  Okay. All in favor of ratifying as the new music  teacher as Mr. Sprague described by a a not opposed ratification or nomination accepted I oh my gosh, I hope I wish they would stop filming this. I can't stop anymore. Yes. And we can move on to quickly other businesses.",Speaker 1,https://reflect-claremont.cablecast.tv/internetchannel/show/17092?site=1&seekto=11026
3:04:10.96,3:04:29.80,11050.96,11069.80,Kerry Kennedy,"Interim Superintendent, SAU 6","All right. New business. Just really quickly. Thank you. The to regarding the video permissions, just before the break, we had the technical advisory that came up for the Department of Ed restricting use of filming. The good news is our actual photo release covered filming, whereas most other districts did not. And it was already in there. And so that covers us.",Speaker 8,https://reflect-claremont.cablecast.tv/internetchannel/show/17092?site=1&seekto=11050
3:04:29.88,3:04:49.88,11069.88,11089.88,Kerry Kennedy,"Interim Superintendent, SAU 6","So what we were looking to do is just add a link to the technical advisory. So if families wanted more information, it would just be up there. We would really rerelease the  permissions and say basically something to the effect of, you know, you can read through this if you have information, if you want to redo your, your permissions for your students, you may.",Speaker 8,https://reflect-claremont.cablecast.tv/internetchannel/show/17092?site=1&seekto=11069
3:04:49.96,3:05:13.00,11089.96,11113.00,Kerry Kennedy,"Interim Superintendent, SAU 6","But right now we would say status quo. And so it really covers most of it was not in relation to photos. It was really about filming and specifics. There are specifics about the language of the filming of students to being aired. There is something and we're working on that with our ESL instructor. Grace is one little section is about the wider testing, which is a state testing for students who are speaking of a non-native speakers.",Speaker 8,https://reflect-claremont.cablecast.tv/internetchannel/show/17092?site=1&seekto=11089
3:05:13.08,3:05:32.60,11113.08,11132.60,Kerry Kennedy,"Interim Superintendent, SAU 6","And there is a speaking section where they have to get permission from their families, obviously, to native language, saying that they allow them to be, they have to record them in order to grade their speaking  abilities. And so that would still be there. But we want to make sure that folks understand. The good news is, like I said, our release already covered a lot of what it had.",Speaker 8,https://reflect-claremont.cablecast.tv/internetchannel/show/17092?site=1&seekto=11113
3:05:32.68,3:05:49.48,11132.68,11149.48,Kerry Kennedy,"Interim Superintendent, SAU 6","And so we would just make sure everybody's aware with the technical advisory. And then again, if parents want to change their permissions, it's fine. But it already had come out in the beginning of the year. It's part of our onboarding process. Every year the students come in. So that was a good news. So yes.",Speaker 8,https://reflect-claremont.cablecast.tv/internetchannel/show/17092?site=1&seekto=11132
3:05:49.56,3:05:59.60,11149.56,11159.60,Michael Petrin,School Board Vice Chair,So right now it came out that last week or the week before we ended recording of sports or broadcasting of sports. Is that back.,Speaker 23,https://reflect-claremont.cablecast.tv/internetchannel/show/17092?site=1&seekto=11149
3:05:59.68,3:06:16.64,11159.68,11176.64,Kerry Kennedy,"Interim Superintendent, SAU 6","So making sure if everybody's aware and so we want that's what we want to advise it and just send it out to everybody to make sure that they're aware. So it did say filming. And so that was covered of it. So that's why we wanted to make sure for the, folks that are there, because it was just sort of making sure that families understand that filming is part of that too.",Speaker 8,https://reflect-claremont.cablecast.tv/internetchannel/show/17092?site=1&seekto=11159
3:06:16.68,3:06:19.08,11176.68,11179.08,Kerry Kennedy,"Interim Superintendent, SAU 6",It's not just photographs. So and.,Speaker 8,https://reflect-claremont.cablecast.tv/internetchannel/show/17092?site=1&seekto=11176
3:06:19.16,3:06:23.40,11179.16,11183.40,Michael Petrin,School Board Vice Chair,"We have one basketball player who  their family says, no.",Speaker 23,https://reflect-claremont.cablecast.tv/internetchannel/show/17092?site=1&seekto=11179
3:06:23.64,3:06:26.36,11183.64,11186.36,Heather Whitney,School Board Chair,You can still feel what.,Speaker 1,https://reflect-claremont.cablecast.tv/internetchannel/show/17092?site=1&seekto=11183
3:06:26.44,3:06:45.80,11186.44,11205.80,Kerry Kennedy,"Interim Superintendent, SAU 6","So that's the big part that we're still working on the legal part of it. And so with the, like the know, it's very hard, you know, in a public thing. And so that's something that would need to be put into this thing. So if you're saying no, your child can't be filmed, just realize then that may limit what their access is to it.",Speaker 8,https://reflect-claremont.cablecast.tv/internetchannel/show/17092?site=1&seekto=11186
3:06:45.88,3:07:00.53,11205.88,11220.53,Kerry Kennedy,"Interim Superintendent, SAU 6","Because if you're in sports, you know, it's not like in a public domain, like so we did the Halloween parade. It was outside in a public piece. You know, there's no guarantee of privacy in that part of it. And so it's a little bit different here. And so people need to be aware. And that's to the general public.",Speaker 8,https://reflect-claremont.cablecast.tv/internetchannel/show/17092?site=1&seekto=11205
3:07:00.56,3:07:23.44,11220.56,11243.44,Kerry Kennedy,"Interim Superintendent, SAU 6","And so there is no assumption of privacy in the public domain. Obviously here this is where we want to, you know, kind of put it out there saying you understand your child in this setting a sport, it could be a concert, it could be, you know, some sort of performance would be filmed. Right? And we can't, you know, very easily do that.",Speaker 8,https://reflect-claremont.cablecast.tv/internetchannel/show/17092?site=1&seekto=11220
3:07:23.44,3:07:43.04,11243.44,11263.04,Kerry Kennedy,"Interim Superintendent, SAU 6","And so we don't want to assume the liability for that. So people have to be aware of that going into that, that they would potentially be filmed. And so that's what we want to change a little bit on the filming release to make sure people are really clear. The technical advisory, by saying, yes, you allow the filming that you understand your liability as you know, the person deciding for your family that they cannot, you know, won't be filmed.",Speaker 8,https://reflect-claremont.cablecast.tv/internetchannel/show/17092?site=1&seekto=11243
3:07:43.04,3:07:46.32,11263.04,11266.32,Michael Petrin,School Board Vice Chair,"That they. So yes, I'm participating in basketball, which means my child.",Speaker 23,https://reflect-claremont.cablecast.tv/internetchannel/show/17092?site=1&seekto=11263
3:07:46.48,3:07:46.76,11266.48,11266.76,Michael Petrin,School Board Vice Chair (sentence continuation),Would.,Speaker 20,https://reflect-claremont.cablecast.tv/internetchannel/show/17092?site=1&seekto=11266
3:07:46.76,3:07:47.08,11266.76,11267.08,Michael Petrin,School Board Vice Chair (sentence continuation),Be.,Speaker 1,https://reflect-claremont.cablecast.tv/internetchannel/show/17092?site=1&seekto=11266
3:07:47.16,3:07:48.04,11267.16,11268.04,Michael Petrin,School Board Vice Chair,Potentially be filmed.,Speaker 23,https://reflect-claremont.cablecast.tv/internetchannel/show/17092?site=1&seekto=11267
3:07:48.08,3:07:48.28,11268.08,11268.28,Kerry Kennedy,"Interim Superintendent, SAU 6",Right?,Speaker 8,https://reflect-claremont.cablecast.tv/internetchannel/show/17092?site=1&seekto=11268
3:07:48.28,3:07:48.91,11268.28,11268.91,Kerry Kennedy,"Interim Superintendent, SAU 6 (sentence continuation)",Because all of.,Speaker 20,https://reflect-claremont.cablecast.tv/internetchannel/show/17092?site=1&seekto=11268
3:07:48.96,3:07:50.80,11268.96,11270.80,Kerry Kennedy,"Interim Superintendent, SAU 6","Those, you know, are filmed.",Speaker 8,https://reflect-claremont.cablecast.tv/internetchannel/show/17092?site=1&seekto=11268
3:07:50.84,3:07:55.36,11270.84,11275.36,Michael Petrin,School Board Vice Chair,"If I choose no, that means my child is not participating in whatever.",Speaker 23,https://reflect-claremont.cablecast.tv/internetchannel/show/17092?site=1&seekto=11270
3:07:55.48,3:08:01.08,11275.48,11281.08,Kerry Kennedy,"Interim Superintendent, SAU 6",That would be. You know. A ramification of that.  And that's what people need to be aware of. So I apologize.,Speaker 8,https://reflect-claremont.cablecast.tv/internetchannel/show/17092?site=1&seekto=11275
3:08:01.20,3:08:02.24,11281.20,11282.24,Unidentified,(brief crosstalk at the board table),I know.,Speaker 20,https://reflect-claremont.cablecast.tv/internetchannel/show/17092?site=1&seekto=11281
3:08:02.32,3:08:03.76,11282.32,11283.76,Heather Whitney,School Board Chair,Okay.,Speaker 1,https://reflect-claremont.cablecast.tv/internetchannel/show/17092?site=1&seekto=11282
3:08:03.84,3:08:21.88,11283.84,11301.88,Kerry Kennedy,"Interim Superintendent, SAU 6","So we'll be in the next couple of days. We just want to make sure you're aware of it next couple days. Rereleasing everything, adding the technical advisory, making sure families are absolutely clear of what they're signing up for. So like Mr. Peter said, you know, that we can't not film something and we can't guarantee students privacy. So if you want them to be able to participate, you have to understand that filming is part of it.",Speaker 8,https://reflect-claremont.cablecast.tv/internetchannel/show/17092?site=1&seekto=11283
3:08:21.92,3:08:24.56,11301.92,11304.56,Kerry Kennedy,"Interim Superintendent, SAU 6",And then that's a consequence of that part of it. So.,Speaker 8,https://reflect-claremont.cablecast.tv/internetchannel/show/17092?site=1&seekto=11301
3:08:24.68,3:08:50.28,11304.68,11330.28,Heather Whitney,School Board Chair,"Well, thank you for running down all these details. I don't think the  world knows  how what kind of hamster wheel  will who these people are. And and when we're when we're emailing at 1030, 11:00 at night, it's a sad statement. That's all that to say. It's bad. And Mr. Angel, thank you. Thank you.  And thank everybody here for all your efforts and contribution.",Speaker 1,https://reflect-claremont.cablecast.tv/internetchannel/show/17092?site=1&seekto=11304
3:08:50.32,3:08:55.76,11330.32,11335.76,Heather Whitney,School Board Chair,And you can go. You can just adjourn. I can make that happen. Just I think.,Speaker 1,https://reflect-claremont.cablecast.tv/internetchannel/show/17092?site=1&seekto=11330
3:08:55.84,3:08:57.40,11335.84,11337.40,Arlene Hawkins,School Board Member; Policy Subcommittee Chair,Second in all the truth.,Speaker 12,https://reflect-claremont.cablecast.tv/internetchannel/show/17092?site=1&seekto=11335
3:08:57.48,3:09:21.76,11337.48,11361.76,Heather Whitney,School Board Chair,Thank you everyone. Thank you.,Speaker 1,https://reflect-claremont.cablecast.tv/internetchannel/show/17092?site=1&seekto=11337
