Start,End,Start (sec),End (sec),Speaker,Role,Dialogue,Diarized As,Video URL
0:00:00.00,0:00:40.90,0.00,40.90,Unidentified,"Undiarized transcript: the source file carries one anonymous voice for the whole meeting, so each segment can hold several speakers. Segments are named only where one speaker is anchored in the text; all others are left unattributed","Good evening everyone. I would like to call the meeting to order for the record for October 7th, 2026. And would you please join me in the Pledge of Allegiance? Pledge allegiance to the flag of the United States of America and to the Republic for which it stands? One nation under God, indivisible, with liberty and justice for all.",Unknown,https://reflect-claremont.cablecast.tv/internetchannel/show/17634?site=1&seekto=0
0:00:40.98,0:01:07.66,40.98,67.66,Unidentified,"Undiarized transcript: the source file carries one anonymous voice for the whole meeting, so each segment can hold several speakers. Segments are named only where one speaker is anchored in the text; all others are left unattributed","Before we begin our meeting tonight, we have a special recognition that we would like to acknowledge. And Doctor Broderick is going to take care of this for us. This is terrific. So this is Stevens High School senior Gene Gannon. And this this is I'm going to read this. It was written by doctor Mike Harrington who couldn't be here this evening, who we all know is is the principal at Stevens.",Unknown,https://reflect-claremont.cablecast.tv/internetchannel/show/17634?site=1&seekto=40
0:01:07.66,0:01:30.58,67.66,90.58,Tim Broadrick,"Superintendent, SAU 6 - the chair says 'Doctor Broderick is going to take care of this' and the speaker answers 'I'm going to read this' (001); reads Dr. Herrington's recognition letter for the National Merit commended student","So so Doctor Harrington writes, while I am saddened that family obligations prevent me from being there in person, tonight is my absolute pleasure to recognize an outstanding member of the Stevens High School senior class. I'm proud to announce that John Gannon has been named a commended Student in the 2027 National Merit Scholarship Program to put this extraordinary achievement into perspective.",Unknown,https://reflect-claremont.cablecast.tv/internetchannel/show/17634?site=1&seekto=67
0:01:30.66,0:02:08.10,90.66,128.10,Tim Broadrick,"Superintendent, SAU 6 - continues reading the principal's letter (see 002)","Out of roughly 2 million students nationwide who took the qualifying exam last year. John scored in the top 50,000. This placed him along an elite group of approximately 34,000 students across the country, recognized for exceptional academic promise and scholastic excellence. Beyond John's accomplishments in the classroom, he has a bright and ambitious plan for the future. Looking ahead, he claimed he aims pardon me to study automotive design and mechanical engineering with a specific focus and passion for exploring the potential of hydrogen combustion engines.",Unknown,https://reflect-claremont.cablecast.tv/internetchannel/show/17634?site=1&seekto=90
0:02:08.18,0:02:31.50,128.18,151.50,Tim Broadrick,"Superintendent, SAU 6 - finishes the letter and adds 'I'm speaking for myself as well as Doctor Harrington now' (see 002)","Achieving at this level reflects not only John's remarkable dedication and talent, but also the encouragement of his family. His parents are here this evening. Teachers. One of them is here also one of his parents, Jen, who works at Claremont Middle School, and his peers. John, we are all incredibly proud of you. I'm speaking for myself as well as Doctor Harrington now, and we all look forward to seeing the impact you'll make in the field of engineering.",Unknown,https://reflect-claremont.cablecast.tv/internetchannel/show/17634?site=1&seekto=128
0:02:31.50,0:02:37.46,151.50,157.46,Unidentified,"Undiarized transcript: the source file carries one anonymous voice for the whole meeting, so each segment can hold several speakers. Segments are named only where one speaker is anchored in the text; all others are left unattributed",Congratulations.,Unknown,https://reflect-claremont.cablecast.tv/internetchannel/show/17634?site=1&seekto=151
0:02:37.54,0:03:12.22,157.54,192.22,Unidentified,"Undiarized transcript: the source file carries one anonymous voice for the whole meeting, so each segment can hold several speakers. Segments are named only where one speaker is anchored in the text; all others are left unattributed","Honestly, just thank you so much for for for being for making being able to make like education out, especially last year. Continue. I know last school year was very challenging, and I would like to commend all of you on your efforts to bring us back from that. Thanks, John. Thank you. Congratulate.",Unknown,https://reflect-claremont.cablecast.tv/internetchannel/show/17634?site=1&seekto=157
0:03:12.30,0:03:21.94,192.30,201.94,Unidentified,"Undiarized transcript: the source file carries one anonymous voice for the whole meeting, so each segment can hold several speakers. Segments are named only where one speaker is anchored in the text; all others are left unattributed",John. We're so proud of you. Thank you so much.,Unknown,https://reflect-claremont.cablecast.tv/internetchannel/show/17634?site=1&seekto=192
0:03:22.02,0:03:54.34,202.02,234.34,Unidentified,"Undiarized transcript: the source file carries one anonymous voice for the whole meeting, so each segment can hold several speakers. Segments are named only where one speaker is anchored in the text; all others are left unattributed","All right. Let's go to the consent agenda and we have roll call. Lauren Howard here, Michael patron here, Don Lavallée here, William Madden. Ryan wrap here, there. Whitney. Candace Crawford here. Okay. Let's look at this consent agenda. We have the minutes for September 16th. Are there any edits? Don I didn't see I didn't really see the minutes posted that I missed something.",Unknown,https://reflect-claremont.cablecast.tv/internetchannel/show/17634?site=1&seekto=202
0:03:54.42,0:04:21.38,234.42,261.38,Unidentified,"Undiarized transcript: the source file carries one anonymous voice for the whole meeting, so each segment can hold several speakers. Segments are named only where one speaker is anchored in the text; all others are left unattributed","I sent them off to Central Office and posted not on the website. They're linked out of this agenda. Of course they are, but not in the minutes section on the website. You won't see anything other than the same agenda. There's no I'll give you an example. So Hope spoke under citizens comments about discussions and concord about screen time policies for students and state level right to know requests.",Unknown,https://reflect-claremont.cablecast.tv/internetchannel/show/17634?site=1&seekto=234
0:04:21.46,0:04:49.42,261.46,289.42,Unidentified,"Undiarized transcript: the source file carries one anonymous voice for the whole meeting, so each segment can hold several speakers. Segments are named only where one speaker is anchored in the text; all others are left unattributed","And then there was a discussion during a superintendent and tech director reports, when I specifically was talking about other sports opportunities that were available for kids, bass fishing and that. So in those minutes that are posted as of 4:00 today, I didn't I didn't see anything there to to review. So the minutes should be attached to the they were attached to today's meeting.",Unknown,https://reflect-claremont.cablecast.tv/internetchannel/show/17634?site=1&seekto=261
0:04:49.46,0:05:14.66,289.46,314.66,Unidentified,"Undiarized transcript: the source file carries one anonymous voice for the whole meeting, so each segment can hold several speakers. Segments are named only where one speaker is anchored in the text; all others are left unattributed","Correct. But but but if you look at what's there and scroll through, you won't see anything other than what looks like an agenda. In other words, just just the agenda for that meeting. Yeah. So there's nothing there to review okay. Yeah. All right. So we have to work on the linking of the minutes to the actual documents online.",Unknown,https://reflect-claremont.cablecast.tv/internetchannel/show/17634?site=1&seekto=289
0:05:14.82,0:05:46.58,314.82,346.58,Unidentified,"Undiarized transcript: the source file carries one anonymous voice for the whole meeting, so each segment can hold several speakers. Segments are named only where one speaker is anchored in the text; all others are left unattributed","Like I said, there was nothing for me to review. There wasn't. Okay, let's note that we're going to have to figure that out in the central office. The last draft minutes in the folder on the website are from September 2nd, not the 16th. So we need to get those into the right place. And those are not the revised minutes, if I'm correct, because I went back and looked at the the those and those didn't seem to have the, the corrections that we asked for.",Unknown,https://reflect-claremont.cablecast.tv/internetchannel/show/17634?site=1&seekto=314
0:05:46.66,0:05:51.38,346.66,351.38,Unidentified,"Undiarized transcript: the source file carries one anonymous voice for the whole meeting, so each segment can hold several speakers. Segments are named only where one speaker is anchored in the text; all others are left unattributed",Thank you. Mr..,Unknown,https://reflect-claremont.cablecast.tv/internetchannel/show/17634?site=1&seekto=346
0:05:51.46,0:06:18.90,351.46,378.90,Unidentified,"Undiarized transcript: the source file carries one anonymous voice for the whole meeting, so each segment can hold several speakers. Segments are named only where one speaker is anchored in the text; all others are left unattributed","So so you didn't know you didn't know any changes in the there was nothing to review, Madam Chair. Oh, I see then I'm going to put off approving those minutes. Until next time please. Okay. And then there are the manifests and consent with the rest of the agenda. Any problems with going forward? Seeing none okay. It gets us to citizens comments.",Unknown,https://reflect-claremont.cablecast.tv/internetchannel/show/17634?site=1&seekto=351
0:06:19.02,0:06:25.46,379.02,385.46,Unidentified,"Undiarized transcript: the source file carries one anonymous voice for the whole meeting, so each segment can hold several speakers. Segments are named only where one speaker is anchored in the text; all others are left unattributed",Are there any citizens who would like to make a comment tonight?,Unknown,https://reflect-claremont.cablecast.tv/internetchannel/show/17634?site=1&seekto=379
0:06:25.54,0:06:41.78,385.54,401.78,Sam Deering,Member of the public - self-identifies at citizens' comment as a candidate for state representative in Claremont,"Everybody. My name is Sam Deering. I'm running for state representative alongside Hope here in Claremont. I just want to say that I'm a firm believer in public education. I think it's a cornerstone of our democracy, and we should always be striving to lift our kids up and set them up for success. So yeah, thanks for all the work y'all are doing here tonight.",Unknown,https://reflect-claremont.cablecast.tv/internetchannel/show/17634?site=1&seekto=385
0:06:41.82,0:06:50.42,401.82,410.42,Unidentified,"Undiarized transcript: the source file carries one anonymous voice for the whole meeting, so each segment can hold several speakers. Segments are named only where one speaker is anchored in the text; all others are left unattributed","Looking forward to a good meeting. Thank you. Thanks, Mr. Hemingway.",Unknown,https://reflect-claremont.cablecast.tv/internetchannel/show/17634?site=1&seekto=401
0:06:50.50,0:07:33.10,410.50,453.10,Wayne Hemingway,"Member of the public at citizens' comment - self-identifies as state representative and city councilor; the chair's 'Thanks, Mr. Hemingway' closes the previous segment (017)","Thank you. So I'm Wayne Hemingway, state representative and city councilor. What I would like to say is congratulations, young man. And I would like to invite him and anyone else that has these accomplishments, accomplishments to present at the City Council as well during City Forum Citizens Forum, because we are not only a school district and we only learn about these things at the school district board meetings, we need to spread the accomplishments of everyone to the city, and I think presenting these things at the city Council is also a great idea.",Unknown,https://reflect-claremont.cablecast.tv/internetchannel/show/17634?site=1&seekto=410
0:07:33.18,0:07:50.40,453.18,470.40,Unidentified,"Undiarized transcript: the source file carries one anonymous voice for the whole meeting, so each segment can hold several speakers. Segments are named only where one speaker is anchored in the text; all others are left unattributed","So maybe you could extend an invitation to I would love to extend it. I mean, and yeah, follow up after the meeting and let him know when the meetings are so forth. Thank you. Thank you.",Unknown,https://reflect-claremont.cablecast.tv/internetchannel/show/17634?site=1&seekto=453
0:07:50.48,0:08:17.52,470.48,497.52,Unidentified,"Undiarized transcript: the source file carries one anonymous voice for the whole meeting, so each segment can hold several speakers. Segments are named only where one speaker is anchored in the text; all others are left unattributed","Anybody else for citizens comments? This is a very full agenda tonight. I'd just like to warn you, it is a lot of information here. Isn't it wonderful what we're here for? Thank you. So let's move on to the treasurer's report. And Mr. Diamond.",Unknown,https://reflect-claremont.cablecast.tv/internetchannel/show/17634?site=1&seekto=470
0:08:17.60,0:08:52.08,497.60,532.08,Luke Diamond,School District Treasurer - the chair calls 'Mr. Diamond' for the treasurer's report (020) and the speaker describes the treasurer's manifest duties,"So as you saw in Doctor Broderick's recent email that we've cleaned up the the manifests to make them itemize. So this is both for payroll as well as because in the past, direct direct deposits were just showing as one lump sum on the manifest. So now we have them broken down by who the money is being distributed to, even for for direct deposit one.",Unknown,https://reflect-claremont.cablecast.tv/internetchannel/show/17634?site=1&seekto=497
0:08:52.12,0:09:25.52,532.12,565.52,Luke Diamond,School District Treasurer - continues the treasurer's report (see 021),"The next thing that I'd like to work on, I passed out a sheet just now, and there are these direct electronic payments that never seem to appear on any manifest, and I would like to correct that. So I'm going to be working on getting these on a manifest, because the way it's supposed to work is the treasurer doesn't release any money until the board has seen it, or at least two members of the board have signed off on it.",Unknown,https://reflect-claremont.cablecast.tv/internetchannel/show/17634?site=1&seekto=532
0:09:25.52,0:09:53.64,565.52,593.64,Unidentified,"Undiarized transcript: the source file carries one anonymous voice for the whole meeting, so each segment can hold several speakers. Segments are named only where one speaker is anchored in the text; all others are left unattributed","But we have these electronic payments that seem to just get initiated by district staff rather than going through the normal channels, so I'm hoping that we can fix that in the future. Anyway, that's all I got. Okay. Thank you, Madam Chair. Do you have an saw six email? Yes I do, you do. Okay. And I prefer to use that for you.",Unknown,https://reflect-claremont.cablecast.tv/internetchannel/show/17634?site=1&seekto=565
0:09:53.84,0:10:13.52,593.84,613.52,Unidentified,"Undiarized transcript: the source file carries one anonymous voice for the whole meeting, so each segment can hold several speakers. Segments are named only where one speaker is anchored in the text; all others are left unattributed","I'm glad you said that. So can we get that included somewhere in a website close to where our names are located? I think that will send a message at. You're part of this team as well. Myself and your checkbook presentations. If we can get those included with the minutes in the manifest to that, I think that would be helpful for the public.",Unknown,https://reflect-claremont.cablecast.tv/internetchannel/show/17634?site=1&seekto=593
0:10:13.56,0:10:36.92,613.56,636.92,Unidentified,"Undiarized transcript: the source file carries one anonymous voice for the whole meeting, so each segment can hold several speakers. Segments are named only where one speaker is anchored in the text; all others are left unattributed","Oh, right. Yeah. So I will be I will be it takes longer to get that together. But I will be at the next meeting this month. We will have September's September's numbers. Good. Thank you. Thank you, Madam Chair. You're welcome. Anyone else? Thank you.",Unknown,https://reflect-claremont.cablecast.tv/internetchannel/show/17634?site=1&seekto=613
0:10:37.00,0:11:04.72,637.00,664.72,Unidentified,"Undiarized transcript: the source file carries one anonymous voice for the whole meeting, so each segment can hold several speakers. Segments are named only where one speaker is anchored in the text; all others are left unattributed","Okay. Our next report is curriculum, instruction and assessment. Miss Kennedy. Okay. Evening, everyone. It's fairly brief. I know that a lot to go discuss tonight, so I just wanted to follow up. We had been put in some first pilots we had discussed before. So piloting arts and letters at the Claremont Middle School, that's been approved. And that is funded right now, the pilot through title one grant money.",Unknown,https://reflect-claremont.cablecast.tv/internetchannel/show/17634?site=1&seekto=637
0:11:04.80,0:11:25.36,664.80,685.36,Kerry Kennedy,"Director of Curriculum, Instruction & Assessment, SAU 6 - the chair introduces 'Miss Kennedy' for the curriculum report (026) and this segment continues that report without a change of voice","And then that is a science of reading interdisciplinary literacy approach looking at using authentic literature. It has vocabulary, it has information. And so the one nice thing also is about it. It's a cohesive program. And so we're already using the other version of it, the older version with some wisdom. And that's in five. And so this would bring 6 to 8.",Unknown,https://reflect-claremont.cablecast.tv/internetchannel/show/17634?site=1&seekto=664
0:11:25.40,0:11:46.36,685.40,706.36,Kerry Kennedy,"Director of Curriculum, Instruction & Assessment, SAU 6 - the chair introduces 'Miss Kennedy' for the curriculum report (026) and this segment continues that report without a change of voice",It leads to a pilot in a similar fashion. So we'll see how it goes and then report back on what we find. And so that's starting very soon. And then also similarly for science we put into pilot Kessler Science. And so that's a hands on digital science program. And so the teachers would have access. It offers life science physical science.,Unknown,https://reflect-claremont.cablecast.tv/internetchannel/show/17634?site=1&seekto=685
0:11:46.44,0:12:06.12,706.44,726.12,Kerry Kennedy,"Director of Curriculum, Instruction & Assessment, SAU 6 - the chair introduces 'Miss Kennedy' for the curriculum report (026) and this segment continues that report without a change of voice","There's a lot of things involves the five E model and that is engaged to explore explain elaborate and evaluate into all the students would have components of that through their science instruction with their teacher. And so again, those are hands on labs. They have some Steam challenges. They have some escape room options. And so it really brings science to life for the students.",Unknown,https://reflect-claremont.cablecast.tv/internetchannel/show/17634?site=1&seekto=706
0:12:06.12,0:12:20.88,726.12,740.88,Kerry Kennedy,"Director of Curriculum, Instruction & Assessment, SAU 6 - the chair introduces 'Miss Kennedy' for the curriculum report (026) and this segment continues that report without a change of voice","So that's something that we're looking at there. So the link is in there if you want to look for information about that. And then it's also funded through title for A. And again that's a pilot just to see what people are thinking. A teacher had used it before, brought it to us to look at it and see if it was something of interest.",Unknown,https://reflect-claremont.cablecast.tv/internetchannel/show/17634?site=1&seekto=726
0:12:20.92,0:12:40.52,740.92,760.52,Kerry Kennedy,"Director of Curriculum, Instruction & Assessment, SAU 6 - the chair introduces 'Miss Kennedy' for the curriculum report (026) and this segment continues that report without a change of voice","We put it in the grant and we'll get a chance to pilot it and see what people think of approach. And that would be so sixth grade, seventh grade math grade from all of those. And then also software. We had the software survey that was out. We told you we bring some steps. We were able to get 82 responders across the district.",Unknown,https://reflect-claremont.cablecast.tv/internetchannel/show/17634?site=1&seekto=740
0:12:40.52,0:13:05.40,760.52,785.40,Kerry Kennedy,"Director of Curriculum, Instruction & Assessment, SAU 6 - the chair introduces 'Miss Kennedy' for the curriculum report (026) and this segment continues that report without a change of voice","And so to weigh in. So there are over 30, over 35 websites or apps that we use. And what we were trying to gauge is how many are using it. We had questions about like never always weekly things like that. And we want to make sure we're being consistent. And what we're coming up with now is a vetting committee and really making sure that it's not just one group.",Unknown,https://reflect-claremont.cablecast.tv/internetchannel/show/17634?site=1&seekto=760
0:13:05.40,0:13:25.88,785.40,805.88,Kerry Kennedy,"Director of Curriculum, Instruction & Assessment, SAU 6 - the chair introduces 'Miss Kennedy' for the curriculum report (026) and this segment continues that report without a change of voice","There's been a lot of siloed school approaches to programs, and it's not necessarily a bad thing because some of it might be more K to three a kata, two excuse me, or 3 to 5. But we want to be consistent in our approach. We want to make sure financially that a we know how it's being funded. We're working with Teresa Taylor to make sure we know whether it was grant funded or whether it was locally funded.",Unknown,https://reflect-claremont.cablecast.tv/internetchannel/show/17634?site=1&seekto=785
0:13:25.96,0:13:50.64,805.96,830.64,Kerry Kennedy,"Director of Curriculum, Instruction & Assessment, SAU 6 - the chair introduces 'Miss Kennedy' for the curriculum report (026) and this segment continues that report without a change of voice","And then also, who is the benefactor of the actual app, you know, is it teachers, is the students? We also want to make sure with the committee, and we're going to hopefully have everybody from one person from each school that is attending this and more to come on the committee. But just what is it's happening and are we approving it across the board and really just being more decisive in terms of how we're determining who's getting which app and things?",Unknown,https://reflect-claremont.cablecast.tv/internetchannel/show/17634?site=1&seekto=805
0:13:50.64,0:14:14.84,830.64,854.84,Kerry Kennedy,"Director of Curriculum, Instruction & Assessment, SAU 6 - the chair introduces 'Miss Kennedy' for the curriculum report (026) and this segment continues that report without a change of voice","So even if it is grant funded, it's not just because one person was more vocal one another. So we want to be a little more equitable and just make sure we have a limited pool of money, whether again in grant funded or locally funded, we want to make sure we're getting the most bang for our buck. If there's something that we already get through a program or approach that we're using, we want to make sure if their tools don't have it, whatever app we're using is fiscally responsible.",Unknown,https://reflect-claremont.cablecast.tv/internetchannel/show/17634?site=1&seekto=830
0:14:14.84,0:14:32.64,854.84,872.64,Kerry Kennedy,"Director of Curriculum, Instruction & Assessment, SAU 6 - the chair introduces 'Miss Kennedy' for the curriculum report (026) and this segment continues that report without a change of voice","And again, it gets the most users for that. It's, you know, it has a lot of things that we need to look into. The DPA doesn't have student privacy, so there's a lot of factors that will go into determining whether we have these apps available for all the teachers and things. There's some like the librarians, I know there's concern for those.",Unknown,https://reflect-claremont.cablecast.tv/internetchannel/show/17634?site=1&seekto=854
0:14:32.64,0:14:51.32,872.64,891.32,Kerry Kennedy,"Director of Curriculum, Instruction & Assessment, SAU 6 - the chair introduces 'Miss Kennedy' for the curriculum report (026) and this segment continues that report without a change of voice","So some that are basic, that's just part of our operational planning. That's something that's different, but others are more what's called supplemental in grants versus supplanting, whereas that's what we use for the curriculum. So we're looking at the supplemental thing, something that adds on to what we're already teaching. And so we want to make sure this committee is really taking some time with us.",Unknown,https://reflect-claremont.cablecast.tv/internetchannel/show/17634?site=1&seekto=872
0:14:51.52,0:15:15.96,891.52,915.96,Unidentified,"Undiarized transcript: the source file carries one anonymous voice for the whole meeting, so each segment can hold several speakers. Segments are named only where one speaker is anchored in the text; all others are left unattributed","And we're looking for some input from folks and just to kind of way into it. So we're again being equitable across the board. Good I think that's. I'm pleased to hear about this survey and a good response. Did we appreciate it? Other board members, Brian, please, just to follow up with the fallout. Bluff school is still listed on that.",Unknown,https://reflect-claremont.cablecast.tv/internetchannel/show/17634?site=1&seekto=891
0:15:16.04,0:15:51.04,916.04,951.04,Unidentified,"Undiarized transcript: the source file carries one anonymous voice for the whole meeting, so each segment can hold several speakers. Segments are named only where one speaker is anchored in the text; all others are left unattributed","I don't know if we're paying for it, but they are listed at Don. Thank you, Madam Chair. Carrie, when you have a chance, can I get a copy of the fifth grade Wit and Wisdom text, as well as that math, text and arts and letters, if it's available? Okay. And then my second question when I use the term PD, I'm just asking for what what support are we offering new teachers, for example, that are new to wit and wisdom just worries me that I saw the we have PD for great minds but that specific so I'm sure it's out there.",Unknown,https://reflect-claremont.cablecast.tv/internetchannel/show/17634?site=1&seekto=916
0:15:51.08,0:16:06.27,951.08,966.27,Unidentified,"Undiarized transcript: the source file carries one anonymous voice for the whole meeting, so each segment can hold several speakers. Segments are named only where one speaker is anchored in the text; all others are left unattributed","I just hope you can bring that forward. Sure. So they have right now and I spoke to the vendor as well. They have some asynchronous. We're looking in to see if we can get a more formal plan for some folks, particularly something like that, who new to the district, but they also have some online pieces so you can go as a new teacher.",Unknown,https://reflect-claremont.cablecast.tv/internetchannel/show/17634?site=1&seekto=951
0:16:06.29,0:16:24.32,966.29,984.32,Unidentified,"Undiarized transcript: the source file carries one anonymous voice for the whole meeting, so each segment can hold several speakers. Segments are named only where one speaker is anchored in the text; all others are left unattributed","We're working through that for the folks so they understand where to go find the resources. So there's some videos, there's some courses that they can take if they want to just, you know, and it doesn't have to be a long plan, but just, you know, video summaries of how to implement things like that too. So we're working with the principals to make sure that all of the folks have access to that.",Unknown,https://reflect-claremont.cablecast.tv/internetchannel/show/17634?site=1&seekto=966
0:16:24.36,0:16:38.76,984.36,998.76,Unidentified,"Undiarized transcript: the source file carries one anonymous voice for the whole meeting, so each segment can hold several speakers. Segments are named only where one speaker is anchored in the text; all others are left unattributed","Thank you. So a follow up, sir. We allowing them to take some of that prep time to to sort of pull away and take care of that on their own. Sure. Okay. And just a couple more. Madam chair.",Unknown,https://reflect-claremont.cablecast.tv/internetchannel/show/17634?site=1&seekto=984
0:16:38.84,0:17:05.12,998.84,1025.12,Unidentified,"Undiarized transcript: the source file carries one anonymous voice for the whole meeting, so each segment can hold several speakers. Segments are named only where one speaker is anchored in the text; all others are left unattributed","So I was looking at your report. Can you explain to the public and me what is Miss Morse do? And how does she spend her school day? Tammy Morse. So she is called an apps coordinator. So she works with me, and she also works with Jason Bonneville and informational technology. She will go and working on professional development. So we have a system that's called Front Line and it has a professional growth area.",Unknown,https://reflect-claremont.cablecast.tv/internetchannel/show/17634?site=1&seekto=998
0:17:05.12,0:17:22.52,1025.12,1042.52,Unidentified,"Undiarized transcript: the source file carries one anonymous voice for the whole meeting, so each segment can hold several speakers. Segments are named only where one speaker is anchored in the text; all others are left unattributed","And so we're working on anything. In a typical year we would have like district PD days or district opportunities and things. So she's working on loading those up for when we have them. We're checking to make sure that the rostering of all the staff are up to this year. She's working on all of rostering, so we have the single source sign on.",Unknown,https://reflect-claremont.cablecast.tv/internetchannel/show/17634?site=1&seekto=1025
0:17:22.52,0:17:42.12,1042.52,1062.12,Unidentified,"Undiarized transcript: the source file carries one anonymous voice for the whole meeting, so each segment can hold several speakers. Segments are named only where one speaker is anchored in the text; all others are left unattributed","It's called clever. And so students, when they log in, it's an easier way to log in to all of the apps. So they scan a badge, they log into clever. So every app that's covered under there. So it could be great minds. Eureka. All of the different things that we're using programmatically. And then anything else we add to it.",Unknown,https://reflect-claremont.cablecast.tv/internetchannel/show/17634?site=1&seekto=1042
0:17:42.32,0:18:09.40,1062.32,1089.40,Unidentified,"Undiarized transcript: the source file carries one anonymous voice for the whole meeting, so each segment can hold several speakers. Segments are named only where one speaker is anchored in the text; all others are left unattributed","Code monkey type tastic. She rosters all of those students right now. And so she's working with all the vendors. And so 600, 1000, 1300 students, depending on which grade level is that has to go in there. And we'll take the files for that. She'll she's also working right now with me also in the beginning plans where keeping track of everybody's licenses, where they are and their education plans.",Unknown,https://reflect-claremont.cablecast.tv/internetchannel/show/17634?site=1&seekto=1062
0:18:09.40,0:18:37.12,1089.40,1117.12,Unidentified,"Undiarized transcript: the source file carries one anonymous voice for the whole meeting, so each segment can hold several speakers. Segments are named only where one speaker is anchored in the text; all others are left unattributed","And that's also getting entered into frontline. And so she's doing that and to make sure so this did exist in the district before it kind of fell down a little bit. And now we're building it back up again. And so anytime somebody is trying to take professional development, whether it's like a district day or whether it's just something that I wanted to do it, the SRA or other groups have plans where they can take a professional development for themselves, and so they would put in for it, get it, you know, approved by the principal.",Unknown,https://reflect-claremont.cablecast.tv/internetchannel/show/17634?site=1&seekto=1089
0:18:37.20,0:19:03.72,1117.20,1143.72,Unidentified,"Undiarized transcript: the source file carries one anonymous voice for the whole meeting, so each segment can hold several speakers. Segments are named only where one speaker is anchored in the text; all others are left unattributed","It would be approved by me, depending on which the plan is, things. And then we go through and then decide the funding source. Is that part of their professional development plan. There's certain money that's allowed for each teacher. Is it a course that's part of a, you know, a degree program, things like that or factored into it. So TMS job is to also make sure that everything that's in what's called front line is up to date, is also a controls our absence management for all the staff.",Unknown,https://reflect-claremont.cablecast.tv/internetchannel/show/17634?site=1&seekto=1117
0:19:03.72,0:19:21.52,1143.72,1161.52,Unidentified,"Undiarized transcript: the source file carries one anonymous voice for the whole meeting, so each segment can hold several speakers. Segments are named only where one speaker is anchored in the text; all others are left unattributed",And so anytime anybody's out for the day they will put in saying it's a sick day or personal day. So we're working with HR and working to make sure that all the staff are up to date in that. So she also does a lot of things technical with Jason on the IT part of it just troubleshooting and things for basic.,Unknown,https://reflect-claremont.cablecast.tv/internetchannel/show/17634?site=1&seekto=1143
0:19:21.60,0:19:36.96,1161.60,1176.96,Unidentified,"Undiarized transcript: the source file carries one anonymous voice for the whole meeting, so each segment can hold several speakers. Segments are named only where one speaker is anchored in the text; all others are left unattributed","A teacher might say, I can't access this app or this program. She'll go to the building, check in with a teacher, make sure that they can access it. She's been to all the school so far, but I know I happen to be there one day. She was in eighth grade. Ela. They were trying to work because they were piloting the Eureka.",Unknown,https://reflect-claremont.cablecast.tv/internetchannel/show/17634?site=1&seekto=1161
0:19:36.96,0:20:01.52,1176.96,1201.52,Unidentified,"Undiarized transcript: the source file carries one anonymous voice for the whole meeting, so each segment can hold several speakers. Segments are named only where one speaker is anchored in the text; all others are left unattributed","So and the excuse me, the great minds and for the wit and wisdom. So she was helping that teacher access how to get online and how they have slides for launching the like, the program for the day and how to access that for the classroom too. Thank you. Just one more minute. Thank you. Can we please get a grade level census each month for for our entire district enrollment?",Unknown,https://reflect-claremont.cablecast.tv/internetchannel/show/17634?site=1&seekto=1176
0:20:01.56,0:20:25.41,1201.56,1225.41,Unidentified,"Undiarized transcript: the source file carries one anonymous voice for the whole meeting, so each segment can hold several speakers. Segments are named only where one speaker is anchored in the text; all others are left unattributed","Oh, sure. Enrollment report right now. Or if you just include it in our package. Yeah, okay, I can do that. Just as a quick thing. So right now, the high school has 400 students. The middle school has 321, Disney has 290, and Maple has 312 for a total of 1323 students. Awesome. Yeah. If we get a break, just a regular basis.",Unknown,https://reflect-claremont.cablecast.tv/internetchannel/show/17634?site=1&seekto=1201
0:20:25.49,0:20:48.56,1225.49,1248.56,Unidentified,"Undiarized transcript: the source file carries one anonymous voice for the whole meeting, so each segment can hold several speakers. Segments are named only where one speaker is anchored in the text; all others are left unattributed","No, that's. That's fair. Usually it did include that. Yep. Thank you. Thank you, Madam Chair. Bill, did you have a question or comment? I'm good. Are we ready to start having such committee meetings now? I yield to Doctor Broderick. Okay. Thank you. I'll start it up. Okay. Thank you. Yeah. Sorry. I just ask me, did you want a physical copy of that or.",Unknown,https://reflect-claremont.cablecast.tv/internetchannel/show/17634?site=1&seekto=1225
0:20:48.72,0:21:08.44,1248.72,1268.44,Unidentified,"Undiarized transcript: the source file carries one anonymous voice for the whole meeting, so each segment can hold several speakers. Segments are named only where one speaker is anchored in the text; all others are left unattributed","Okay. As you may have noticed, I'm still I appreciate that. That's okay. And just so you know, they come in modules and so there's, there's different levels and so. Great. Okay. Any other questions for Miss Kennedy? Very good. Thank you.",Unknown,https://reflect-claremont.cablecast.tv/internetchannel/show/17634?site=1&seekto=1248
0:21:08.52,0:21:20.40,1268.52,1280.40,Unidentified,"Undiarized transcript: the source file carries one anonymous voice for the whole meeting, so each segment can hold several speakers. Segments are named only where one speaker is anchored in the text; all others are left unattributed","Part of that is a credit recovery report for Miss Rimes related to summer school. Oh, yeah.",Unknown,https://reflect-claremont.cablecast.tv/internetchannel/show/17634?site=1&seekto=1268
0:21:20.46,0:21:38.46,1280.46,1298.46,Unidentified,"Undiarized transcript: the source file carries one anonymous voice for the whole meeting, so each segment can hold several speakers. Segments are named only where one speaker is anchored in the text; all others are left unattributed","You can watch. You put it up there. I brought a copy just to follow along with. So I'm just here to kind of go over how credit recovery slash summer school went this summer. I know there's been some questions about it in the past, so I figured I would just come and share information about it. You guys do have a PowerPoint in your packets and it's also online, I believe.",Unknown,https://reflect-claremont.cablecast.tv/internetchannel/show/17634?site=1&seekto=1280
0:21:39.46,0:22:03.22,1299.46,1323.22,Unidentified,"Undiarized transcript: the source file carries one anonymous voice for the whole meeting, so each segment can hold several speakers. Segments are named only where one speaker is anchored in the text; all others are left unattributed","So just the general overview. It went from July 8th to August 6th this year from 9 a.m. to noon Monday through Thursday, which has been the time frame we've done the last few years. July 7th was set aside for a teacher work day to give staff a day to prepare for everything. There was five teachers, five subjects English, math, science and technology.",Unknown,https://reflect-claremont.cablecast.tv/internetchannel/show/17634?site=1&seekto=1299
0:22:03.30,0:22:33.42,1323.30,1353.42,Unidentified,"Undiarized transcript: the source file carries one anonymous voice for the whole meeting, so each segment can hold several speakers. Segments are named only where one speaker is anchored in the text; all others are left unattributed","Staff did not clock in unless they have students they were working with, which I know had been a concern of the board previously. So that was the thing. And I was I am the coordinator of summer school, so I was there every day. The process is students are recommended by their teachers and the appropriate subjects throughout the year based on if they can recover the course or not in the summer time frame, as opposed to retaking the entire class, a grade of Re allows students to be able to put in summer school.",Unknown,https://reflect-claremont.cablecast.tv/internetchannel/show/17634?site=1&seekto=1323
0:22:33.66,0:22:44.38,1353.66,1364.38,Unidentified,"Undiarized transcript: the source file carries one anonymous voice for the whole meeting, so each segment can hold several speakers. Segments are named only where one speaker is anchored in the text; all others are left unattributed","And so again, we don't offer some on every subject. But if a kid gets an R in English two, for example, that means they can come to summer school and we cover that English credit there.",Unknown,https://reflect-claremont.cablecast.tv/internetchannel/show/17634?site=1&seekto=1353
0:22:44.46,0:22:53.02,1364.46,1373.02,Unidentified,"Undiarized transcript: the source file carries one anonymous voice for the whole meeting, so each segment can hold several speakers. Segments are named only where one speaker is anchored in the text; all others are left unattributed",And Ari is eligible. Thank you. Yeah it goes C minus re and then F.,Unknown,https://reflect-claremont.cablecast.tv/internetchannel/show/17634?site=1&seekto=1364
0:22:53.10,0:23:15.10,1373.10,1395.10,Unidentified,"Undiarized transcript: the source file carries one anonymous voice for the whole meeting, so each segment can hold several speakers. Segments are named only where one speaker is anchored in the text; all others are left unattributed","Outreach happened from late spring through the end of the year to happen as early as it has in the past. Because there was uncertainty about the funding of summer school credit recovery. Due to that, some families already made other plans and not as many things were able to attend. But it was no one's really fault. Just we all know what happened last year.",Unknown,https://reflect-claremont.cablecast.tv/internetchannel/show/17634?site=1&seekto=1373
0:23:15.18,0:23:34.30,1395.18,1414.30,Unidentified,"Undiarized transcript: the source file carries one anonymous voice for the whole meeting, so each segment can hold several speakers. Segments are named only where one speaker is anchored in the text; all others are left unattributed","This is a very long slide about everything I do because I know, again, there's a question about why we have a quarter for summer school. So I just wanted kind of a list of everything I do as the coordinator. So I notify the families. I also coordinate a $500 food donation from Kiwanis for healthy snacks for the kids, because we all know that hungry kids don't learn well and don't do work well.",Unknown,https://reflect-claremont.cablecast.tv/internetchannel/show/17634?site=1&seekto=1395
0:23:34.30,0:24:01.62,1414.30,1441.62,Unidentified,"Undiarized transcript: the source file carries one anonymous voice for the whole meeting, so each segment can hold several speakers. Segments are named only where one speaker is anchored in the text; all others are left unattributed","So we made sure we had healthy snacks available to the students for the duration of summer school. I handled minor disciplinary corrections, and I also worked with administration who were in the building. If it was something that I needed help with, which didn't happen often, I kept track of credits earned. I printed out all the power school great information switches, over 200 pieces of information for staff, so you could see which competencies students had to work on.",Unknown,https://reflect-claremont.cablecast.tv/internetchannel/show/17634?site=1&seekto=1414
0:24:01.70,0:24:21.18,1441.70,1461.18,Unidentified,"Undiarized transcript: the source file carries one anonymous voice for the whole meeting, so each segment can hold several speakers. Segments are named only where one speaker is anchored in the text; all others are left unattributed","Made sure that staff had access to all the IEPs in 504 because we call it accommodations. During summer school, I managed to grade change forms. So they come to me and then they go to Doctor Harrington, and then they go to Mr. Allen to be entered. So it's kind of the chain of command for that. I'm there every day to greet the kids as they walk in and take attendance.",Unknown,https://reflect-claremont.cablecast.tv/internetchannel/show/17634?site=1&seekto=1441
0:24:21.26,0:24:47.22,1461.26,1487.22,Unidentified,"Undiarized transcript: the source file carries one anonymous voice for the whole meeting, so each segment can hold several speakers. Segments are named only where one speaker is anchored in the text; all others are left unattributed","I'm the family point of contact throughout summer school, so they email me, they can call the library because that's where I'm housed. I helped you for students in case staff members were not there that day because again, sometimes staff has plans. And so I kind of step in and help if I need to. I also can just answer general questions about school credits, that type of stuff while I'm there.",Unknown,https://reflect-claremont.cablecast.tv/internetchannel/show/17634?site=1&seekto=1461
0:24:47.30,0:25:02.66,1487.30,1502.66,Unidentified,"Undiarized transcript: the source file carries one anonymous voice for the whole meeting, so each segment can hold several speakers. Segments are named only where one speaker is anchored in the text; all others are left unattributed","We had 130 students invited to come summer school to recover 240 credits. A lot of kids had multiple classes they could recover in, which is both good and bad because it's a time frame, so they have to kind of time manage themselves to do it.",Unknown,https://reflect-claremont.cablecast.tv/internetchannel/show/17634?site=1&seekto=1487
0:25:02.74,0:25:18.50,1502.74,1518.50,Unidentified,"Undiarized transcript: the source file carries one anonymous voice for the whole meeting, so each segment can hold several speakers. Segments are named only where one speaker is anchored in the text; all others are left unattributed","This is just the average of the attendance. Week one. So it's four days. Well the first week was only two days, but week one average was 46 students. Week two was 32 and it just went down from there.",Unknown,https://reflect-claremont.cablecast.tv/internetchannel/show/17634?site=1&seekto=1502
0:25:18.58,0:25:32.10,1518.58,1532.10,Unidentified,"Undiarized transcript: the source file carries one anonymous voice for the whole meeting, so each segment can hold several speakers. Segments are named only where one speaker is anchored in the text; all others are left unattributed","I think it's a good thing it went down because it meant kids are recovering credits and they weren't not doing their work, which is good. We had kids who were there the first two the last day, you know, and their kids who show up every day. They work hard.",Unknown,https://reflect-claremont.cablecast.tv/internetchannel/show/17634?site=1&seekto=1518
0:25:32.18,0:25:49.10,1532.18,1549.10,Unidentified,"Undiarized transcript: the source file carries one anonymous voice for the whole meeting, so each segment can hold several speakers. Segments are named only where one speaker is anchored in the text; all others are left unattributed","We had 98 credits recovered completely. We had 24 in English, 24 social studies, 22 in science, foreign computers and 24 in math. I mean, 18 students recover more than one credit.",Unknown,https://reflect-claremont.cablecast.tv/internetchannel/show/17634?site=1&seekto=1532
0:25:49.18,0:26:09.46,1549.18,1569.46,Unidentified,"Undiarized transcript: the source file carries one anonymous voice for the whole meeting, so each segment can hold several speakers. Segments are named only where one speaker is anchored in the text; all others are left unattributed","And then just a reminder, summer school was funded by a grant this summer as well as last summer, so there was no cost to the district I can, including for the food that was provided by Qantas because they donate money to us. So it does say the district money overall to run credit for every summer school at the high school.",Unknown,https://reflect-claremont.cablecast.tv/internetchannel/show/17634?site=1&seekto=1549
0:26:09.54,0:26:37.94,1569.54,1597.94,Unidentified,"Undiarized transcript: the source file carries one anonymous voice for the whole meeting, so each segment can hold several speakers. Segments are named only where one speaker is anchored in the text; all others are left unattributed","You know, it does help kids get to graduation, which is the overall goal, obviously, of working at the high school. We want to graduate on time and questions. Please be nice. I have a few questions. Okay, so let's see. There are 240 possible credits to be recovered and 98 were recovered. And like I said, a lot and a lot of a lot of students who weren't able to attend were on the list for multiple credits.",Unknown,https://reflect-claremont.cablecast.tv/internetchannel/show/17634?site=1&seekto=1569
0:26:37.98,0:26:59.82,1597.98,1619.82,Unidentified,"Undiarized transcript: the source file carries one anonymous voice for the whole meeting, so each segment can hold several speakers. Segments are named only where one speaker is anchored in the text; all others are left unattributed","Okay, so so 40% were recovered. More or less. I mean, 46 ish. But yeah. Yeah, that's I mean, 40%. I mean, do the math. Yeah. Slightly less so is yeah, less than last year. I think last year I just did the numbers for Beth. And so I think last year was like 52 maybe. So is there a goal.",Unknown,https://reflect-claremont.cablecast.tv/internetchannel/show/17634?site=1&seekto=1597
0:26:59.86,0:27:22.22,1619.86,1642.22,Unidentified,"Undiarized transcript: the source file carries one anonymous voice for the whole meeting, so each segment can hold several speakers. Segments are named only where one speaker is anchored in the text; all others are left unattributed",I mean part of the summer school objective. Yeah. Is there a goal among the staff to that? You want to accomplish 60% recovery? And I'm hoping that there is that that goal just not not being.,Unknown,https://reflect-claremont.cablecast.tv/internetchannel/show/17634?site=1&seekto=1619
0:27:22.30,0:27:46.42,1642.30,1666.42,Unidentified,"Undiarized transcript: the source file carries one anonymous voice for the whole meeting, so each segment can hold several speakers. Segments are named only where one speaker is anchored in the text; all others are left unattributed","Passive but aggressively trying to make sure the kids are absolutely our teachers are there. They are boots on the ground. They are working with kids one on one, constantly walking around the room asking who needs help, adjusting the assignments if needed, offering them different assignments like for English, for example, if a student needs to read a certain chapter of a book to complete an assignment, here are your options for books.",Unknown,https://reflect-claremont.cablecast.tv/internetchannel/show/17634?site=1&seekto=1642
0:27:46.46,0:28:06.10,1666.46,1686.10,Unidentified,"Undiarized transcript: the source file carries one anonymous voice for the whole meeting, so each segment can hold several speakers. Segments are named only where one speaker is anchored in the text; all others are left unattributed","You know they give 2 or 3 options for the kids, so there's constant adjusting, adapting, trying to meet them where they are. And like I said again, a lot of, I would say a fair amount of families due to the notice of summer school being able to happen. It's already made plans, but so can you tell me? You say you contact or you're the person who notifies parents?",Unknown,https://reflect-claremont.cablecast.tv/internetchannel/show/17634?site=1&seekto=1666
0:28:06.14,0:28:32.58,1686.14,1712.58,Unidentified,"Undiarized transcript: the source file carries one anonymous voice for the whole meeting, so each segment can hold several speakers. Segments are named only where one speaker is anchored in the text; all others are left unattributed","What process do you use to notify parents? I haven't emails out. Oh emails, so I send. Is that ever followed up with. I mean, if you if you don't hear from a parent I do a huge new phone calls. Yes. Is there a follow up? I do multiple emails. So I think I know I'm just I, I send I think this summer I sent I want to say 5 or 6 emails starting from the end of June through the third week of July.",Unknown,https://reflect-claremont.cablecast.tv/internetchannel/show/17634?site=1&seekto=1686
0:28:32.70,0:28:57.74,1712.70,1737.74,Unidentified,"Undiarized transcript: the source file carries one anonymous voice for the whole meeting, so each segment can hold several speakers. Segments are named only where one speaker is anchored in the text; all others are left unattributed","And I do follow up with phone calls if because sometimes I will know a family isn't coming, right? But if I do, if I'm like, oh well, they come in, I will call. Occasionally parent will call me. So I just ask that because I have discovered just in my own interactions, contacting people. Sometimes it's a wrong address, sometimes they don't use email as their primary.",Unknown,https://reflect-claremont.cablecast.tv/internetchannel/show/17634?site=1&seekto=1712
0:28:57.78,0:29:20.58,1737.78,1760.58,Unidentified,"Undiarized transcript: the source file carries one anonymous voice for the whole meeting, so each segment can hold several speakers. Segments are named only where one speaker is anchored in the text; all others are left unattributed","I do, I do, but even if it doesn't, I mean, I just had a situation that I was trying to line up a speaker and I had been I contacted her 3 or 4 times and then used the right email address. So I think it's good to use more than one mode of contact for parents, because I think this is pretty essential.",Unknown,https://reflect-claremont.cablecast.tv/internetchannel/show/17634?site=1&seekto=1737
0:29:20.66,0:29:37.46,1760.66,1777.46,Unidentified,"Undiarized transcript: the source file carries one anonymous voice for the whole meeting, so each segment can hold several speakers. Segments are named only where one speaker is anchored in the text; all others are left unattributed","I also email the students as well. So I sent summer school emails to all the students and all the parents. And so it was often times what happens is the kids will see the email, but not the parents because the kids will have their on the phone. Oh sorry, I got to get to this. So sometimes that's what happens to is the parents.",Unknown,https://reflect-claremont.cablecast.tv/internetchannel/show/17634?site=1&seekto=1760
0:29:37.46,0:30:03.86,1777.46,1803.86,Unidentified,"Undiarized transcript: the source file carries one anonymous voice for the whole meeting, so each segment can hold several speakers. Segments are named only where one speaker is anchored in the text; all others are left unattributed","We all have children and we know how easy it is to ignore. Yes that so so and I speak from experience. So on on slide six you talk about the number of students in each week, and it goes from 46 to 15 in the final week. Yep. That's the average. Are those the same. Are they the same students.",Unknown,https://reflect-claremont.cablecast.tv/internetchannel/show/17634?site=1&seekto=1777
0:30:03.94,0:30:31.86,1803.94,1831.86,Unidentified,"Undiarized transcript: the source file carries one anonymous voice for the whole meeting, so each segment can hold several speakers. Segments are named only where one speaker is anchored in the text; all others are left unattributed","So the the the 32 students in week two. Yeah. Might those be the same students of the 46 that were there the first week? Possibly very possible. Yes. Often, sometimes what happens is especially in July families. So sometimes, you know, kids don't start until two weeks later. You know what I mean? So there is a chance that not every kid was there every single week, but there, like I said earlier, there were kids who were there from day one to the last day.",Unknown,https://reflect-claremont.cablecast.tv/internetchannel/show/17634?site=1&seekto=1803
0:30:31.90,0:31:08.94,1831.90,1868.94,Unidentified,"Undiarized transcript: the source file carries one anonymous voice for the whole meeting, so each segment can hold several speakers. Segments are named only where one speaker is anchored in the text; all others are left unattributed","So and I know that there are five teachers and the administrator and that this the district, these are grant funded. This is a grant funded operation. So are all five staff members engaged for the whole five weeks. So if they didn't have students they did not clock it. So but often what would happen is they would you know, like I said, if a teacher was out for a day or a teacher had a plan and they weren't there, if a teacher, another teacher didn't have students that day, they would clock into help with those students.",Unknown,https://reflect-claremont.cablecast.tv/internetchannel/show/17634?site=1&seekto=1831
0:31:08.94,0:31:29.14,1868.94,1889.14,Unidentified,"Undiarized transcript: the source file carries one anonymous voice for the whole meeting, so each segment can hold several speakers. Segments are named only where one speaker is anchored in the text; all others are left unattributed","So we made sure that every kid had availability to a teacher to help with a subject. So but there was never a point where teachers were just felt like we were doing nothing and being clocked in, you know? Does that make sense? Like everyone was engaged doing something in summer school related if they were clocked in getting paid by the district.",Unknown,https://reflect-claremont.cablecast.tv/internetchannel/show/17634?site=1&seekto=1868
0:31:29.22,0:31:49.42,1889.22,1909.42,Unidentified,"Undiarized transcript: the source file carries one anonymous voice for the whole meeting, so each segment can hold several speakers. Segments are named only where one speaker is anchored in the text; all others are left unattributed","Okay. Other people? Yes. Don. Thank you, Madam Chair first. Thank you. Mimi. Yeah. I'm just curious. Can you explain how the teachers are selected? So at this point, it's once. We've been doing it for a while, but we put out a call to the staff, I believe it email went out, I think, by either doctor or doctor Broderick or someone emailed.",Unknown,https://reflect-claremont.cablecast.tv/internetchannel/show/17634?site=1&seekto=1889
0:31:49.42,0:32:10.98,1909.42,1930.98,Unidentified,"Undiarized transcript: the source file carries one anonymous voice for the whole meeting, so each segment can hold several speakers. Segments are named only where one speaker is anchored in the text; all others are left unattributed","I think it was Doctor Harrington. It must have been. It was in the spring. And anyone interested, please let him know. And they went from there. So I co-ordinator, you know what I mean. So but like for social sciences, for instance, we actually had a middle school staff member come up and do that for us, which was great to have her up there with us because she certified in high school.",Unknown,https://reflect-claremont.cablecast.tv/internetchannel/show/17634?site=1&seekto=1909
0:32:10.98,0:32:33.26,1930.98,1953.26,Unidentified,"Undiarized transcript: the source file carries one anonymous voice for the whole meeting, so each segment can hold several speakers. Segments are named only where one speaker is anchored in the text; all others are left unattributed","So she was able to do that. Thank you. And then on the slide, you mentioned discipline and you wrote worked with administration for others. Can you elaborate on that in a vague sense. Short. So there are some things I'm not necessarily be clear about teacher contract. So, you know, if it's a work refusal wandering being the band for too long, I, you know, I can redirect in that type of thing.",Unknown,https://reflect-claremont.cablecast.tv/internetchannel/show/17634?site=1&seekto=1930
0:32:33.26,0:32:56.50,1953.26,1976.50,Unidentified,"Undiarized transcript: the source file carries one anonymous voice for the whole meeting, so each segment can hold several speakers. Segments are named only where one speaker is anchored in the text; all others are left unattributed","If it escalates to a suspicion of something, then I would pull ministration and say, hey, I think this might be happening. What would you like me to do? And in those cases, they came up and they assisted in whatever was going on. You know what I mean? So we did have a few of those. I too, honestly, and they were very quickly dealt with.",Unknown,https://reflect-claremont.cablecast.tv/internetchannel/show/17634?site=1&seekto=1953
0:32:56.58,0:33:16.10,1976.58,1996.10,Unidentified,"Undiarized transcript: the source file carries one anonymous voice for the whole meeting, so each segment can hold several speakers. Segments are named only where one speaker is anchored in the text; all others are left unattributed","But I like I said, I can handle the minor stuff, but sometimes when it gets to stuff, I don't think school year, it's kind of when I have to call in my reinforcements, if that makes sense. And I have this is a two part question. So how many years have you been overseeing this? Maybe. I want to say this was my fifth year.",Unknown,https://reflect-claremont.cablecast.tv/internetchannel/show/17634?site=1&seekto=1976
0:33:16.18,0:33:34.82,1996.18,2014.82,Unidentified,"Undiarized transcript: the source file carries one anonymous voice for the whole meeting, so each segment can hold several speakers. Segments are named only where one speaker is anchored in the text; all others are left unattributed","Fourth or fifth year. Be interesting to see. Compilation of data over the last five years with students and break down by grade level and and subjects being taught that it might not be fun. I can go back as far as I can in my spreadsheets. Yeah, yeah, thank you very much. Of course. Thank you. Any other questions? All right.",Unknown,https://reflect-claremont.cablecast.tv/internetchannel/show/17634?site=1&seekto=1996
0:33:34.90,0:33:59.34,2014.90,2039.34,Unidentified,"Undiarized transcript: the source file carries one anonymous voice for the whole meeting, so each segment can hold several speakers. Segments are named only where one speaker is anchored in the text; all others are left unattributed","Well, I'd like to add on to what you brought up. I feel like it would. We're missing out on some of the recovery. Yeah, I feel like we should be making sure that. That there's some sort of contact rather than reaching out and maybe not getting in touch with somebody. Like we can't make them go, but almost like an opt out.",Unknown,https://reflect-claremont.cablecast.tv/internetchannel/show/17634?site=1&seekto=2014
0:33:59.42,0:34:15.90,2039.42,2055.90,Unidentified,"Undiarized transcript: the source file carries one anonymous voice for the whole meeting, so each segment can hold several speakers. Segments are named only where one speaker is anchored in the text; all others are left unattributed","Yeah. Like we expect you to be going make contact with somebody and have them say, no, my child is not going to be going right. Which is I did get some of the responses I did get if you know, we're traveling, no, they're going to do it on Velux instead. So I did get some of those as well.",Unknown,https://reflect-claremont.cablecast.tv/internetchannel/show/17634?site=1&seekto=2039
0:34:15.94,0:34:35.10,2055.94,2075.10,Unidentified,"Undiarized transcript: the source file carries one anonymous voice for the whole meeting, so each segment can hold several speakers. Segments are named only where one speaker is anchored in the text; all others are left unattributed","Right. But I think the more occasional family is the better obviously. Yeah for sure. If I could just interject. We did talk about this year looking at instead of the summertime doing it as the semesters go forward and and things to. So it's a little bit more a current time and it's you know, the subject matter is fresher perhaps the students as well.",Unknown,https://reflect-claremont.cablecast.tv/internetchannel/show/17634?site=1&seekto=2055
0:34:35.14,0:34:55.46,2075.14,2095.46,Unidentified,"Undiarized transcript: the source file carries one anonymous voice for the whole meeting, so each segment can hold several speakers. Segments are named only where one speaker is anchored in the text; all others are left unattributed","And so the teachers have a closer relationship with the teacher, right? I mean, the student right away. So that's our plan for this year. Good. Yes, Laura, it says 138 students were invited. Does that just mean invited? How many attended? I know there's an average here, but does that mean hundred and 38 attended? No, and I didn't do that count.",Unknown,https://reflect-claremont.cablecast.tv/internetchannel/show/17634?site=1&seekto=2075
0:34:55.50,0:35:18.88,2095.50,2118.88,Unidentified,"Undiarized transcript: the source file carries one anonymous voice for the whole meeting, so each segment can hold several speakers. Segments are named only where one speaker is anchored in the text; all others are left unattributed","I'm so sorry. I probably should have. And then I'm happy to do that though. And email it to you guys you would like. Was it 240 of the possible 138, or was it 240 of who showed up? 240 of everyone? Okay, so everyone who was school that total list 240 credits total. So the other side is total amount of credits covered.",Unknown,https://reflect-claremont.cablecast.tv/internetchannel/show/17634?site=1&seekto=2095
0:35:18.88,0:35:36.14,2118.88,2136.14,Unidentified,"Undiarized transcript: the source file carries one anonymous voice for the whole meeting, so each segment can hold several speakers. Segments are named only where one speaker is anchored in the text; all others are left unattributed","It says 98 and says 70% of credits available. So that setting is wrong. Yeah, I had done math backwards. And so I emailed his rhetoric and he took it or not, he took it out of the public one because I did my math backwards, which I apologize for. I realized that this morning in like a oh God moment.",Unknown,https://reflect-claremont.cablecast.tv/internetchannel/show/17634?site=1&seekto=2118
0:35:36.18,0:36:00.70,2136.18,2160.70,Unidentified,"Undiarized transcript: the source file carries one anonymous voice for the whole meeting, so each segment can hold several speakers. Segments are named only where one speaker is anchored in the text; all others are left unattributed","Well, I, I wasn't sure if it was if there was actually 140 credits of people who actually attended, then that would be 70%. But it wasn't here in math backwards and realizing it a little bit too late to catch up for yours packet. So I apologize for that. That's fine. And so if there was 98 recovered and at least 18 students had two credits.",Unknown,https://reflect-claremont.cablecast.tv/internetchannel/show/17634?site=1&seekto=2136
0:36:00.74,0:36:11.34,2160.74,2171.34,Unidentified,"Undiarized transcript: the source file carries one anonymous voice for the whole meeting, so each segment can hold several speakers. Segments are named only where one speaker is anchored in the text; all others are left unattributed","Yeah. That's what somewhere 60. It's like about 80 students, I think. Yeah. Give or take. Okay. Yeah. Thank you. Yeah. Of course.",Unknown,https://reflect-claremont.cablecast.tv/internetchannel/show/17634?site=1&seekto=2160
0:36:11.42,0:36:33.46,2171.42,2193.46,Unidentified,"Undiarized transcript: the source file carries one anonymous voice for the whole meeting, so each segment can hold several speakers. Segments are named only where one speaker is anchored in the text; all others are left unattributed","Yes. Bill, does the attendance of the students affect our reimbursement on the ground? I don't believe so. That's not a question for me to answer, though. I don't think so. I don't think that affects the you're looking at the survey, the pre the post and everything else how students did in that part of it. But we'll factor in for this years and I'll double check to make sure everything was in that activity.",Unknown,https://reflect-claremont.cablecast.tv/internetchannel/show/17634?site=1&seekto=2171
0:36:33.50,0:36:58.30,2193.50,2218.30,Unidentified,"Undiarized transcript: the source file carries one anonymous voice for the whole meeting, so each segment can hold several speakers. Segments are named only where one speaker is anchored in the text; all others are left unattributed","I wasn't asked about the attendance was total for right. You didn't answer my question. Yeah. The answer to your question, Mr. Madden, is no. Okay. We are eligible for grant funding for running the program. Our eligibility to collect title for a funds for approved activities of activities like this that have been approved by the Department of Education is not contingent on student behavior or outcomes.",Unknown,https://reflect-claremont.cablecast.tv/internetchannel/show/17634?site=1&seekto=2193
0:36:58.38,0:37:07.80,2218.38,2227.80,Unidentified,"Undiarized transcript: the source file carries one anonymous voice for the whole meeting, so each segment can hold several speakers. Segments are named only where one speaker is anchored in the text; all others are left unattributed","Those are entitlements. Once that grant is approved and we run the program, we get the money. Thank you.",Unknown,https://reflect-claremont.cablecast.tv/internetchannel/show/17634?site=1&seekto=2218
0:37:07.88,0:37:42.60,2227.88,2262.60,Unidentified,"Undiarized transcript: the source file carries one anonymous voice for the whole meeting, so each segment can hold several speakers. Segments are named only where one speaker is anchored in the text; all others are left unattributed","Anyone else? So so in the in the future we're looking how many individual students attend summer school? I think we'd love to see the percentage of recovered courses have a goal and and try and meet that goal and have more direct contact with the parents. Email is effective to a certain extent, but let's let's make sure we get those contexts.",Unknown,https://reflect-claremont.cablecast.tv/internetchannel/show/17634?site=1&seekto=2227
0:37:42.68,0:38:09.00,2262.68,2289.00,Unidentified,"Undiarized transcript: the source file carries one anonymous voice for the whole meeting, so each segment can hold several speakers. Segments are named only where one speaker is anchored in the text; all others are left unattributed","Anything else? Thank you. Thank you for coming. Thank you guys for having me I appreciate it. Thanks. Thank you. First, before you all start your variable in the agenda, she seems loaded or loaded. She said. She said loaded. Not bloated. Right. Was an L good? Thank you. You were working with me personally. Okay, let's go to the finance report.",Unknown,https://reflect-claremont.cablecast.tv/internetchannel/show/17634?site=1&seekto=2262
0:38:09.16,0:38:35.16,2289.16,2315.16,Unidentified,"Undiarized transcript: the source file carries one anonymous voice for the whole meeting, so each segment can hold several speakers. Segments are named only where one speaker is anchored in the text; all others are left unattributed","And you'll notice that the finance report is coming from me again. But maybe for the last time, because item number one is to introduce Teresa Taylor, our new business administrator. Very good. And you're allowed to talk to her if you talk to me first. Which is half a joke and half not a joke, because there are a thousand things that we can and probably want to ask Miss Taylor to do.",Unknown,https://reflect-claremont.cablecast.tv/internetchannel/show/17634?site=1&seekto=2289
0:38:35.20,0:38:53.15,2315.20,2333.15,Unidentified,"Undiarized transcript: the source file carries one anonymous voice for the whole meeting, so each segment can hold several speakers. Segments are named only where one speaker is anchored in the text; all others are left unattributed","But there are a few that need to be done, and it's important that we allow her to do those things with us that need to be done first. So she's had a few days in the office. You want to introduce yourself a little bit? You may not, but you're welcome to. Does anyone want to say hello? Welcome, welcome.",Unknown,https://reflect-claremont.cablecast.tv/internetchannel/show/17634?site=1&seekto=2315
0:38:53.20,0:39:16.36,2333.20,2356.36,Unidentified,"Undiarized transcript: the source file carries one anonymous voice for the whole meeting, so each segment can hold several speakers. Segments are named only where one speaker is anchored in the text; all others are left unattributed","Yeah. Thank you. Also, I don't think we've done this in the past. Our director of HR in Savage has joined us this evening because I'm not sure everyone's actually met Amy. She's actually been with us for a few months, unlike Teresa, who started this week. But we've worked together. They've worked together before that they already knew. So the dynamics are already on target.",Unknown,https://reflect-claremont.cablecast.tv/internetchannel/show/17634?site=1&seekto=2333
0:39:16.44,0:39:46.32,2356.44,2386.32,Unidentified,"Undiarized transcript: the source file carries one anonymous voice for the whole meeting, so each segment can hold several speakers. Segments are named only where one speaker is anchored in the text; all others are left unattributed","That's good. We're off to a nice start already. There was an overwhelming amount to do that probably goes without saying. Amy may not hang around all night and that's okay, right? Amy, in the written finance report tonight, before you start, Teresa, I just have to say, for the past four conversations I've had with Doctor Broderick, he started by saying, we have a business administrator in the building.",Unknown,https://reflect-claremont.cablecast.tv/internetchannel/show/17634?site=1&seekto=2356
0:39:46.40,0:40:09.32,2386.40,2409.32,Unidentified,"Undiarized transcript: the source file carries one anonymous voice for the whole meeting, so each segment can hold several speakers. Segments are named only where one speaker is anchored in the text; all others are left unattributed","That's true. And saying that a lot this week. So. So if one is happy, he is like a lot of people are happy. Just want you to know we're glad to have you. I appreciate it I'm glad to be here. Good. I'll see you. I'm sorry to interrupt. No, no. And if the special Ed fairy is listening this evening, feel free to stop by with a director anytime.",Unknown,https://reflect-claremont.cablecast.tv/internetchannel/show/17634?site=1&seekto=2386
0:40:10.60,0:40:38.20,2410.60,2438.20,Unidentified,"Undiarized transcript: the source file carries one anonymous voice for the whole meeting, so each segment can hold several speakers. Segments are named only where one speaker is anchored in the text; all others are left unattributed","We'll take what we're getting. We're making. We're making good progress. Some really important short term projects that we need to get wrapped up. And this is the half that's not a joke about. Please assist me in giving Teresa time and space. There are some 2020 and 2023 IRS obligations that Matt Angel was working on last year that we need to wrap up, and we need to do it quickly.",Unknown,https://reflect-claremont.cablecast.tv/internetchannel/show/17634?site=1&seekto=2410
0:40:38.36,0:41:00.24,2438.36,2460.24,Unidentified,"Undiarized transcript: the source file carries one anonymous voice for the whole meeting, so each segment can hold several speakers. Segments are named only where one speaker is anchored in the text; all others are left unattributed","And there are tax penalties and some some costs at stake. No, there are 2000. So there's a two I can be specific. And it's in the packet and in the public report tonight. So the district didn't file its payroll tax reporting form for the first quarter of 2023. So we have to do that. We're going to send it to our attorney first.",Unknown,https://reflect-claremont.cablecast.tv/internetchannel/show/17634?site=1&seekto=2438
0:41:00.24,0:41:29.60,2460.24,2489.60,Unidentified,"Undiarized transcript: the source file carries one anonymous voice for the whole meeting, so each segment can hold several speakers. Segments are named only where one speaker is anchored in the text; all others are left unattributed","And he's working with the IRS on that. That's not a huge dollar item, but it is a cost item if we don't get it done. So that needs to get done this month. We also need to file our 2020 ACA forms. The district did not upload a 1095 C form to the IRS for each of its employees back in 2020, so we should have all that data in I visions.",Unknown,https://reflect-claremont.cablecast.tv/internetchannel/show/17634?site=1&seekto=2460
0:41:29.68,0:42:00.12,2489.68,2520.12,Unidentified,"Undiarized transcript: the source file carries one anonymous voice for the whole meeting, so each segment can hold several speakers. Segments are named only where one speaker is anchored in the text; all others are left unattributed","It doesn't feel great having to spend time working on the past when we have so much to do in the present, but this needs to get done and it needs to be done this month by the end of October. So again, we have we have. It's not one of our regular school law attorneys from Drummond Woodson. They have somebody in their Portland, Maine office who does tax tax issues, who we're working with on this in case there are staff that are listening and saying, oh my gosh, do I have to refile my 2020 taxes?",Unknown,https://reflect-claremont.cablecast.tv/internetchannel/show/17634?site=1&seekto=2489
0:42:00.20,0:42:23.20,2520.20,2543.20,Unidentified,"Undiarized transcript: the source file carries one anonymous voice for the whole meeting, so each segment can hold several speakers. Segments are named only where one speaker is anchored in the text; all others are left unattributed","It's just a formality. These are district obligations only. They don't affect anybody's withholding or filing or the W-2 they received in the past or any of that stuff. These these are just things that the district business office was supposed to have done in fiscal 20 and fiscal 23. That didn't get done. And we're not off the hook. We don't get to say, gee, we're all new.",Unknown,https://reflect-claremont.cablecast.tv/internetchannel/show/17634?site=1&seekto=2520
0:42:23.24,0:42:56.16,2543.24,2576.16,Unidentified,"Undiarized transcript: the source file carries one anonymous voice for the whole meeting, so each segment can hold several speakers. Segments are named only where one speaker is anchored in the text; all others are left unattributed","Doesn't work that way. We still have to do it. Likewise, the SAP program. I actually brought you back up information about this program. This is the the grant funded program that places a drug and alcohol counselor in each of the middle and high school. They have some paperwork that they need their beneficiary districts to complete every year, an annual audit certification, which I was able to muddle through over the summer, and a pre award assessment, which I guess I'm eligible for credit recovery on this one myself.",Unknown,https://reflect-claremont.cablecast.tv/internetchannel/show/17634?site=1&seekto=2543
0:42:56.16,0:43:26.04,2576.16,2606.04,Unidentified,"Undiarized transcript: the source file carries one anonymous voice for the whole meeting, so each segment can hold several speakers. Segments are named only where one speaker is anchored in the text; all others are left unattributed","But we only have a couple of weeks to earn the credit back, so I'm looking forward to Teresa's help so maybe we can get that done. It doesn't look too hard, but I just I need a little bit of technical help getting that one finished. What is SAP. Oh, Nicole. Substitute. Thank you. Student assistance program, of course. So to to the present, which is where we really want to be the fiscal 27.",Unknown,https://reflect-claremont.cablecast.tv/internetchannel/show/17634?site=1&seekto=2576
0:43:26.04,0:43:52.00,2606.04,2632.00,Unidentified,"Undiarized transcript: the source file carries one anonymous voice for the whole meeting, so each segment can hold several speakers. Segments are named only where one speaker is anchored in the text; all others are left unattributed","That's this year the new year. Right. That we're three months into now operating budget. You have not yet seen an actual spending to budget report. And it is time, even though the first time I would typically expect to show a report like that to a school board would probably be September will we're trying to do it by the end of October, so it's a little later than I would typically expect to.",Unknown,https://reflect-claremont.cablecast.tv/internetchannel/show/17634?site=1&seekto=2606
0:43:52.04,0:44:27.76,2632.04,2667.76,Unidentified,"Undiarized transcript: the source file carries one anonymous voice for the whole meeting, so each segment can hold several speakers. Segments are named only where one speaker is anchored in the text; all others are left unattributed","It's not the kind of thing I ever plan to do in July or August, because it's meaningless completely, even when you see it in the fall. And this is every board I've ever worked with. I'm going to say this doesn't mean too much yet, but it's a record that allows us to confirm that every employees salary and benefits, every contracted service providers contract, every out of district placement contract for tuition, contract for transportation contact track for room and board if applicable.",Unknown,https://reflect-claremont.cablecast.tv/internetchannel/show/17634?site=1&seekto=2632
0:44:27.76,0:44:53.76,2667.76,2693.76,Unidentified,"Undiarized transcript: the source file carries one anonymous voice for the whole meeting, so each segment can hold several speakers. Segments are named only where one speaker is anchored in the text; all others are left unattributed","In those rare instances where we have residential placements or contracts for other services have all been received signed, we've issued POS against them and we've encumbered the funds. That will not be true of all of those things the first time you see this report. But what we need to do now that we have Teresa here is go back over the last three months and reassign.",Unknown,https://reflect-claremont.cablecast.tv/internetchannel/show/17634?site=1&seekto=2667
0:44:53.76,0:45:20.72,2693.76,2720.72,Unidentified,"Undiarized transcript: the source file carries one anonymous voice for the whole meeting, so each segment can hold several speakers. Segments are named only where one speaker is anchored in the text; all others are left unattributed","We've worked really hard to try to encumber everything we can this year. It's critical that we do this this year. Getting those things assigned to the correct object codes is a project, and that's going to be my fault, because where budget lines didn't exist for certain things, in the absence of an experienced business administrator, I said things like, well, charge it to that.",Unknown,https://reflect-claremont.cablecast.tv/internetchannel/show/17634?site=1&seekto=2693
0:45:20.72,0:45:44.72,2720.72,2744.72,Unidentified,"Undiarized transcript: the source file carries one anonymous voice for the whole meeting, so each segment can hold several speakers. Segments are named only where one speaker is anchored in the text; all others are left unattributed","And I kept them. I tried to keep them within the correct budget functions, which we need to do, but those objects are lines within those functions. Teresa is probably we know Teresa has a lot of moving things around to do. We'll probably do some of it together. Amy will probably be there with us for a lot of it too, but it's manageable.",Unknown,https://reflect-claremont.cablecast.tv/internetchannel/show/17634?site=1&seekto=2720
0:45:44.72,0:45:49.96,2744.72,2749.96,Unidentified,"Undiarized transcript: the source file carries one anonymous voice for the whole meeting, so each segment can hold several speakers. Segments are named only where one speaker is anchored in the text; all others are left unattributed","It's a lot of work, but we'll get it done.",Unknown,https://reflect-claremont.cablecast.tv/internetchannel/show/17634?site=1&seekto=2744
0:45:50.04,0:46:21.68,2750.04,2781.68,Unidentified,"Undiarized transcript: the source file carries one anonymous voice for the whole meeting, so each segment can hold several speakers. Segments are named only where one speaker is anchored in the text; all others are left unattributed","And that brings us to the fiscal. I apologize for the typo. 26 D 25. Would you all fix that with me, please? Yes. The fiscal 26225, which I've reported to you about previously. We will set up our next call and this time Teresa will be there with me. Our our friends from unity will join us. Folks from the Department of Education, Mr. Campo from Plaza and and maybe a representative from Dr..",Unknown,https://reflect-claremont.cablecast.tv/internetchannel/show/17634?site=1&seekto=2750
0:46:21.72,0:46:39.96,2781.72,2799.96,Unidentified,"Undiarized transcript: the source file carries one anonymous voice for the whole meeting, so each segment can hold several speakers. Segments are named only where one speaker is anchored in the text; all others are left unattributed","This time just to make sure that everyone is still on the same page with our plan to file our 25. It is already late but we have permission to be late. I've already talked to you about the city being able to set the tax rate on time, not having to wait for us, that none of that's changed. We just need to take the next steps.",Unknown,https://reflect-claremont.cablecast.tv/internetchannel/show/17634?site=1&seekto=2781
0:46:39.96,0:46:58.80,2799.96,2818.80,Unidentified,"Undiarized transcript: the source file carries one anonymous voice for the whole meeting, so each segment can hold several speakers. Segments are named only where one speaker is anchored in the text; all others are left unattributed","And that means meeting with them. Now that Teresa's here and talking about when we will actually get it done. So instead state about two. You already did, I did. You've had a busy few days. I did it before I got here. We we all they're all the same people. We work with the same people at the state. And in her former district.",Unknown,https://reflect-claremont.cablecast.tv/internetchannel/show/17634?site=1&seekto=2799
0:46:58.80,0:47:20.76,2818.80,2840.76,Unidentified,"Undiarized transcript: the source file carries one anonymous voice for the whole meeting, so each segment can hold several speakers. Segments are named only where one speaker is anchored in the text; all others are left unattributed","She's doing the same stuff at the end of the year with the same people at the departments. Yeah. Everyone knows what's going on. And then the audit corrective actions. This is probably the thing I'm personally most. Well, I have a lot of reasons to be grateful that Teresa is here, but helping me finish these audit corrective actions. I told you at your last meeting, I feel like I've gone as far as I can by myself.",Unknown,https://reflect-claremont.cablecast.tv/internetchannel/show/17634?site=1&seekto=2818
0:47:20.88,0:47:45.52,2840.88,2865.52,Unidentified,"Undiarized transcript: the source file carries one anonymous voice for the whole meeting, so each segment can hold several speakers. Segments are named only where one speaker is anchored in the text; all others are left unattributed",We're at 11 out of 18 corrective actions. I just need help writing the other seven. We really want to get those done in October. Two. Awesome. All 18. Yes. Written. So written. Yeah. So done. So done can mean different things. So that's a really good question if that's what you intended to ask. So done means written right. Submitted applied to and Sanderson approved by this school board.,Unknown,https://reflect-claremont.cablecast.tv/internetchannel/show/17634?site=1&seekto=2840
0:47:45.64,0:48:11.60,2865.64,2891.60,Unidentified,"Undiarized transcript: the source file carries one anonymous voice for the whole meeting, so each segment can hold several speakers. Segments are named only where one speaker is anchored in the text; all others are left unattributed","Then Plods and Sanderson will issue a final report on the fiscal 22 audit. And I think it'll be really quick because the correct of actions should be the same. To also receive a final report on the fiscal 23 audit, they are working on fiscal 24. Now. I'm going to get to that a little later in this report, but not too much later because I'm gonna move fast.",Unknown,https://reflect-claremont.cablecast.tv/internetchannel/show/17634?site=1&seekto=2865
0:48:11.72,0:48:42.24,2891.72,2922.24,Unidentified,"Undiarized transcript: the source file carries one anonymous voice for the whole meeting, so each segment can hold several speakers. Segments are named only where one speaker is anchored in the text; all others are left unattributed","We're putting up some RFPs. We've talked about this question. Oh, I'm sorry, I just did have some questions about can you explain the anticipation of completion date? Because a lot of these are in 2027. Yes. So so yes, you're talking about the corrective action specifically. Yeah. So I just want to yeah it's a good question. So the the anticipation of completion date that we put on an audit corrective action to be submitted to the auditors, approved by the school board.",Unknown,https://reflect-claremont.cablecast.tv/internetchannel/show/17634?site=1&seekto=2891
0:48:42.24,0:49:14.20,2922.24,2954.20,Unidentified,"Undiarized transcript: the source file carries one anonymous voice for the whole meeting, so each segment can hold several speakers. Segments are named only where one speaker is anchored in the text; all others are left unattributed","And then included in the final report is the date after which someone from the Department of Education or the auditors themselves would expect to be able to walk into our office and say, please show me this. So if the corrective action is to establish a written procedure for claiming grant funds after approved expenses have been made, for example, I'm going to when I'm writing corrective actions, especially in a situation where there are a few of them.",Unknown,https://reflect-claremont.cablecast.tv/internetchannel/show/17634?site=1&seekto=2922
0:49:14.40,0:49:41.04,2954.40,2981.04,Unidentified,"Undiarized transcript: the source file carries one anonymous voice for the whole meeting, so each segment can hold several speakers. Segments are named only where one speaker is anchored in the text; all others are left unattributed","I'm going to set those dates 3 to 6 months beyond, when I'm very confident those documents will exist, because I know that I am accountable personally when that person walks in and asks to see it. So those if they look a little generous, they they are, they're supposed to be there. Not in two years, but they are a little farther out than I expect it to actually take to do the work.",Unknown,https://reflect-claremont.cablecast.tv/internetchannel/show/17634?site=1&seekto=2954
0:49:41.04,0:50:13.24,2981.04,3013.24,Unidentified,"Undiarized transcript: the source file carries one anonymous voice for the whole meeting, so each segment can hold several speakers. Segments are named only where one speaker is anchored in the text; all others are left unattributed","So reassure me that the monthly general ledger reconciliations will be happening sooner than the corrective anticipated completion date. Yeah, absolutely. Yeah, absolutely. I want to make sure. Oh yeah. Yeah, yeah. So some of these things are already done. Yeah. There are, there are, there are draft corrective actions in there that when we're all finished, we'll get submitted to the consensus with an anticipated date of maybe December 30th 1st or June 30th that we did six weeks ago.",Unknown,https://reflect-claremont.cablecast.tv/internetchannel/show/17634?site=1&seekto=2981
0:50:13.28,0:50:41.00,3013.28,3041.00,Unidentified,"Undiarized transcript: the source file carries one anonymous voice for the whole meeting, so each segment can hold several speakers. Segments are named only where one speaker is anchored in the text; all others are left unattributed","I don't want there to be many. Any misunderstandings? Yeah. No, that's that's I think that clarification important. So I don't love to use the term how the game is played because it's not a game. But that sort of is how the system works. Like make sure we because the day that that is right. The day Nate Green, division director of the Department of Education, says to Mark Meganola, who works for him, hey, asked him and Teresa to send you this thing.",Unknown,https://reflect-claremont.cablecast.tv/internetchannel/show/17634?site=1&seekto=3013
0:50:41.08,0:51:12.33,3041.08,3072.33,Unidentified,"Undiarized transcript: the source file carries one anonymous voice for the whole meeting, so each segment can hold several speakers. Segments are named only where one speaker is anchored in the text; all others are left unattributed","It has to. It has to exist. It isn't unique. That process isn't unique to schools. A response to an audit report. Often there there might be some that the audit, the audit firm might say you need to do it 90 days, 180 days or 360 days. So that's not a huge I understand your concern. I think there is, to be clear, this is a document.",Unknown,https://reflect-claremont.cablecast.tv/internetchannel/show/17634?site=1&seekto=3041
0:51:12.40,0:51:37.90,3072.40,3097.90,Unidentified,"Undiarized transcript: the source file carries one anonymous voice for the whole meeting, so each segment can hold several speakers. Segments are named only where one speaker is anchored in the text; all others are left unattributed","And I do think there are two things right going on. I think what Doctor Broderick is saying, many of the findings they are already addressing and mitigating the response in the audit report gives an extended timeline to ensure that it can be accomplished, but that doesn't mean that they're not already being addressed.",Unknown,https://reflect-claremont.cablecast.tv/internetchannel/show/17634?site=1&seekto=3072
0:51:37.98,0:51:41.02,3097.98,3101.02,Unidentified,"Undiarized transcript: the source file carries one anonymous voice for the whole meeting, so each segment can hold several speakers. Segments are named only where one speaker is anchored in the text; all others are left unattributed",I heard this in 23.,Unknown,https://reflect-claremont.cablecast.tv/internetchannel/show/17634?site=1&seekto=3097
0:51:41.10,0:51:47.82,3101.10,3107.82,Unidentified,"Undiarized transcript: the source file carries one anonymous voice for the whole meeting, so each segment can hold several speakers. Segments are named only where one speaker is anchored in the text; all others are left unattributed",I heard this before. Stick around for a few months. It's going to be fine.,Unknown,https://reflect-claremont.cablecast.tv/internetchannel/show/17634?site=1&seekto=3101
0:51:47.90,0:52:03.74,3107.90,3123.74,Unidentified,"Undiarized transcript: the source file carries one anonymous voice for the whole meeting, so each segment can hold several speakers. Segments are named only where one speaker is anchored in the text; all others are left unattributed","All right. Okay, so so we have some RFPs in process. Yeah. Oh, I'm sorry I didn't see your hand. Bill, before you go on beyond the audits.",Unknown,https://reflect-claremont.cablecast.tv/internetchannel/show/17634?site=1&seekto=3107
0:52:03.82,0:52:20.38,3123.82,3140.38,Unidentified,"Undiarized transcript: the source file carries one anonymous voice for the whole meeting, so each segment can hold several speakers. Segments are named only where one speaker is anchored in the text; all others are left unattributed","You were good enough to get me what you believe is our contract with what it is. That is your contract with them. I mean, I didn't get you the signed one. I asked Mr. Campo to send me a copy of it, so I got what they proposed. Okay, but you agreed to it. You don't know? We did it.",Unknown,https://reflect-claremont.cablecast.tv/internetchannel/show/17634?site=1&seekto=3123
0:52:20.38,0:52:38.42,3140.38,3158.42,Unidentified,"Undiarized transcript: the source file carries one anonymous voice for the whole meeting, so each segment can hold several speakers. Segments are named only where one speaker is anchored in the text; all others are left unattributed","Sign. I can take the time to find the signed one, if that's what we need to see. I'd like to see that. Well, does the board want to see this board? Want me to find a signed contract with project or requesting whether we're under contract with Logic and Sanderson? Is that the question, Bill? It's more of a test of our auditors.",Unknown,https://reflect-claremont.cablecast.tv/internetchannel/show/17634?site=1&seekto=3140
0:52:38.50,0:53:02.66,3158.50,3182.66,Unidentified,"Undiarized transcript: the source file carries one anonymous voice for the whole meeting, so each segment can hold several speakers. Segments are named only where one speaker is anchored in the text; all others are left unattributed","No, it's a test of me. Mr. Madden, if I have to go to the office tomorrow and spend time finding the signed document, I will do that. You can directly to do that. It's not a test of you because you weren't here when everything went belly up. He's the only one that's here now to do that. This is a test of the auditors.",Unknown,https://reflect-claremont.cablecast.tv/internetchannel/show/17634?site=1&seekto=3158
0:53:02.66,0:53:34.06,3182.66,3214.06,Unidentified,"Undiarized transcript: the source file carries one anonymous voice for the whole meeting, so each segment can hold several speakers. Segments are named only where one speaker is anchored in the text; all others are left unattributed","If the auditors are going forward and they don't have a contract. Makes me wonder professionally what it is on it. And in my mind, the auditors don't work for the administration. They work for the public good. And for ten years we know the condition. We had drawers of invoices that would never process. We had drawers of checks that were never sent out.",Unknown,https://reflect-claremont.cablecast.tv/internetchannel/show/17634?site=1&seekto=3182
0:53:34.14,0:53:45.58,3214.14,3225.58,Unidentified,"Undiarized transcript: the source file carries one anonymous voice for the whole meeting, so each segment can hold several speakers. Segments are named only where one speaker is anchored in the text; all others are left unattributed",You don't need to be a CPA to know that things are terrible. And now I'm questioning why. Why was it two weeks before?,Unknown,https://reflect-claremont.cablecast.tv/internetchannel/show/17634?site=1&seekto=3214
0:53:45.66,0:54:23.02,3225.66,3263.02,Unidentified,"Undiarized transcript: the source file carries one anonymous voice for the whole meeting, so each segment can hold several speakers. Segments are named only where one speaker is anchored in the text; all others are left unattributed","The full semester, we find out where five, ten or more million dollars off the budget. And we didn't. We couldn't even tell the parents whether or not the school was going to be open ended. Okay. In your question, there is a lot of there's a lot in there. You drew and I asked. Right, right, right. And so getting back to I think that Doctor Broderick can contact Plastic and Sanderson to see if they have a copy of the contract signed.",Unknown,https://reflect-claremont.cablecast.tv/internetchannel/show/17634?site=1&seekto=3225
0:54:23.06,0:54:53.02,3263.06,3293.02,Unidentified,"Undiarized transcript: the source file carries one anonymous voice for the whole meeting, so each segment can hold several speakers. Segments are named only where one speaker is anchored in the text; all others are left unattributed","Beyond that, I don't want him spending more than that time. Well, but I don't know what the rest of the board might say. I agree we got stuff to do, and he does too. Sorry. Yeah, the administration has stuff to do. I think we do. Thank you. When Mr. Campos was here, he was pontificating about the board members signing vouchers after the checks were sent.",Unknown,https://reflect-claremont.cablecast.tv/internetchannel/show/17634?site=1&seekto=3263
0:54:53.10,0:55:27.82,3293.10,3327.82,Unidentified,"Undiarized transcript: the source file carries one anonymous voice for the whole meeting, so each segment can hold several speakers. Segments are named only where one speaker is anchored in the text; all others are left unattributed","And that was before Mr. Angel was here. And I asked for those I wanted to see them, and everybody's pointing me to everybody else to get them. And then when it finally went back to Tim, he went back to closet and they said, oh, that was a mistake. We got that wrong. To me, that was an obvious indication that would be fraud if it did exist.",Unknown,https://reflect-claremont.cablecast.tv/internetchannel/show/17634?site=1&seekto=3293
0:55:27.90,0:55:52.30,3327.90,3352.30,Unidentified,"Undiarized transcript: the source file carries one anonymous voice for the whole meeting, so each segment can hold several speakers. Segments are named only where one speaker is anchored in the text; all others are left unattributed","Nobody on the board knew anything about that. So I'd like to see this. What do you. So again, we're back to what you would like to see. Is the contract signed? Yes. Okay. Can we move on? Is that all you're saying? Yes. Thank you. Okay. Let's continue. Okay. So plywood sanding. We're. I think it's a two year deal.",Unknown,https://reflect-claremont.cablecast.tv/internetchannel/show/17634?site=1&seekto=3327
0:55:52.30,0:56:13.38,3352.30,3373.38,Unidentified,"Undiarized transcript: the source file carries one anonymous voice for the whole meeting, so each segment can hold several speakers. Segments are named only where one speaker is anchored in the text; all others are left unattributed","Here's the good news. There's an open RFP tab on the district website and you can read it. Their bids are due October 23rd. This is one of those contracts I've talked about before that I think has just been renewed annually. Without going out to bid, I am not expressing any dissatisfaction with the vendor who's had the business for years.",Unknown,https://reflect-claremont.cablecast.tv/internetchannel/show/17634?site=1&seekto=3352
0:56:13.38,0:56:53.26,3373.38,3413.26,Unidentified,"Undiarized transcript: the source file carries one anonymous voice for the whole meeting, so each segment can hold several speakers. Segments are named only where one speaker is anchored in the text; all others are left unattributed","I don't even know who it is. So this has nothing to do with that. This has to do with compliance with procurement procedures adopted by this board within the last eight weeks. So we're doing it, and I hoped for tonight to also have a live link to a transportation RFP, but I don't. We're still working on it. The good news is Mr. Angel did do a lot of work on this last year, so we've had something to work with, but I'm trying to get a more accurate, specific list of mileage, students, busses, routes just to make sure.",Unknown,https://reflect-claremont.cablecast.tv/internetchannel/show/17634?site=1&seekto=3373
0:56:53.50,0:57:09.78,3413.50,3429.78,Unidentified,"Undiarized transcript: the source file carries one anonymous voice for the whole meeting, so each segment can hold several speakers. Segments are named only where one speaker is anchored in the text; all others are left unattributed","I think there was some confusion last time around among potential bidders about exactly what the specs meant. What is it? So I'm trying to translate some of it into plain English, and then I'm going to try to engage as many multiple bidders as possible.",Unknown,https://reflect-claremont.cablecast.tv/internetchannel/show/17634?site=1&seekto=3413
0:57:09.86,0:57:41.22,3429.86,3461.22,Unidentified,"Undiarized transcript: the source file carries one anonymous voice for the whole meeting, so each segment can hold several speakers. Segments are named only where one speaker is anchored in the text; all others are left unattributed","All right. And then ongoing audits. So some of you may know Mr. John Aubin from the past, I had a nice conversation with him last week. He knew that Theresa was going to be joining us, and has agreed to try to help us if he can get through the fiscal 24 and 25 audits as rapidly as possible. Because, again, I want to reset and are by the way, we have we have not just a business administrator, which is wonderful.",Unknown,https://reflect-claremont.cablecast.tv/internetchannel/show/17634?site=1&seekto=3429
0:57:41.22,0:58:06.86,3461.22,3486.86,Unidentified,"Undiarized transcript: the source file carries one anonymous voice for the whole meeting, so each segment can hold several speakers. Segments are named only where one speaker is anchored in the text; all others are left unattributed","We have a business office. That's really the thing. I've been sort of floating on air about this week, because up those stairs there are four human beings, not one. And and because obviously we hired a business administrator with experience who, who knows how to do this job. But the others now, even those we hired two a few months ago who are new to what we do here.",Unknown,https://reflect-claremont.cablecast.tv/internetchannel/show/17634?site=1&seekto=3461
0:58:06.94,0:58:44.70,3486.94,3524.70,Unidentified,"Undiarized transcript: the source file carries one anonymous voice for the whole meeting, so each segment can hold several speakers. Segments are named only where one speaker is anchored in the text; all others are left unattributed","They've had a few months now and they've been learning. We've invested a lot in training, especially in the grants area with Katie. So it's it's really nice to see that part of what happens in the central office starting to take shape. And the thing I like the most personally, from where I sit that I see among them is everybody has gained, has developed an appreciation or already had of the the importance, the primacy of process that everything that happens in a business office is about process.",Unknown,https://reflect-claremont.cablecast.tv/internetchannel/show/17634?site=1&seekto=3486
0:58:44.78,0:59:03.26,3524.78,3543.26,Unidentified,"Undiarized transcript: the source file carries one anonymous voice for the whole meeting, so each segment can hold several speakers. Segments are named only where one speaker is anchored in the text; all others are left unattributed","We want to be results driven in a lot of ways. Business offices must be processed, driven, and that's somehow where the tension sometimes where the tension comes from between employees and other stakeholders and the business office because we need results. I need this by a certain date. I want to get this done. Oh, I forgot about this. And now it's an emergency.",Unknown,https://reflect-claremont.cablecast.tv/internetchannel/show/17634?site=1&seekto=3524
0:59:03.26,0:59:41.82,3543.26,3581.82,Unidentified,"Undiarized transcript: the source file carries one anonymous voice for the whole meeting, so each segment can hold several speakers. Segments are named only where one speaker is anchored in the text; all others are left unattributed","And the business office says if it's doing the right thing, says, well, here's a process and this is how we do it. And that process exists because policy and procedure demands it, because we are doing things like protecting the taxpayer interests, right, protecting the public interest and preventing things like theft and fraud. Anyway, I'm done with finance. I am delighted that Mr. Orban is going to help us out, because we have said this last year and the year before we recognized that the work, that there was too much work to get done, the work of of getting the data for the auditors wasn't getting done.",Unknown,https://reflect-claremont.cablecast.tv/internetchannel/show/17634?site=1&seekto=3543
0:59:41.82,0:59:45.70,3581.82,3585.70,Unidentified,"Undiarized transcript: the source file carries one anonymous voice for the whole meeting, so each segment can hold several speakers. Segments are named only where one speaker is anchored in the text; all others are left unattributed",And I am.,Unknown,https://reflect-claremont.cablecast.tv/internetchannel/show/17634?site=1&seekto=3581
0:59:45.78,1:00:16.10,3585.78,3616.10,Unidentified,"Undiarized transcript: the source file carries one anonymous voice for the whole meeting, so each segment can hold several speakers. Segments are named only where one speaker is anchored in the text; all others are left unattributed","A well-respected former business administrator can help us and get it off your back. I'm delighted that this is happening, so thank you for doing that. All right. Let's move on to the superintendent's report. I will not read every item to you, so stop me if you want to. Please. You may already be familiar with my testimony. A couple of weeks ago to the committee.",Unknown,https://reflect-claremont.cablecast.tv/internetchannel/show/17634?site=1&seekto=3585
1:00:16.18,1:00:40.18,3616.18,3640.18,Unidentified,"Undiarized transcript: the source file carries one anonymous voice for the whole meeting, so each segment can hold several speakers. Segments are named only where one speaker is anchored in the text; all others are left unattributed","The joint legislative committee formed under House Bill 1099. Copies of everything I took to them are located at the end of the table over here. They're available electronically, both linked from this document and otherwise publicly. They had another meeting today. I had a conflict and didn't go. But Jerry Ellen, who helped with the legal memo over there, Jerry from Drummond.",Unknown,https://reflect-claremont.cablecast.tv/internetchannel/show/17634?site=1&seekto=3616
1:00:40.18,1:01:04.82,3640.18,3664.82,Unidentified,"Undiarized transcript: the source file carries one anonymous voice for the whole meeting, so each segment can hold several speakers. Segments are named only where one speaker is anchored in the text; all others are left unattributed",Woodson was there. They don't think they heard public testimony. I got in between meetings. I managed to listen to about three minutes of live proceedings. So I'll probably watch the thing tonight later. But what I heard sounded like what I was hoping to hear. So later I'll watch. I'm looking around because I think some other people might have watched or been there.,Unknown,https://reflect-claremont.cablecast.tv/internetchannel/show/17634?site=1&seekto=3640
1:01:04.82,1:01:40.86,3664.82,3700.86,Unidentified,"Undiarized transcript: the source file carries one anonymous voice for the whole meeting, so each segment can hold several speakers. Segments are named only where one speaker is anchored in the text; all others are left unattributed","But anyway, we'll see. Yeah, so it's on YouTube and it's this. This should be important to Claremont. You all, I think, already get this. I've talked about it a few times, but now I've been really specific with some of these memos. This should matter to Claremont. This should matter to everybody. It's not about politics. And I think when you start especially start to pay attention to an issue I've tried really hard to highlight, which is that DHHS and court involvement in families lives is not evenly distributed across the state.",Unknown,https://reflect-claremont.cablecast.tv/internetchannel/show/17634?site=1&seekto=3664
1:01:40.90,1:02:18.22,3700.90,3738.22,Unidentified,"Undiarized transcript: the source file carries one anonymous voice for the whole meeting, so each segment can hold several speakers. Segments are named only where one speaker is anchored in the text; all others are left unattributed","It correlates with economics. So where where a community like us, like Claremont, should expect to have on the order of ten students every year placed through these kinds of DHHS and court ordered systems, a community like, oh, I don't know. For example, Hanover might reasonably expect not to have that experience every year. And yet there's this additional tax levy connected to this phenomenon that I doubt very much that anybody in the legislature ever imagined.",Unknown,https://reflect-claremont.cablecast.tv/internetchannel/show/17634?site=1&seekto=3700
1:02:18.22,1:02:52.26,3738.22,3772.26,Unidentified,"Undiarized transcript: the source file carries one anonymous voice for the whole meeting, so each segment can hold several speakers. Segments are named only where one speaker is anchored in the text; all others are left unattributed",At any time when thinking about school funding. I'll stop there. There's a picture. It took me until just this afternoon to get the photo emails from my phone to the school system so I could get it printed here. It's also in the report online. There's a sign that needs to be added to each one. Thanking and giving credit to the Kiwanis Club of Claremont for the donations that made these these scoreboards and their installation possible.,Unknown,https://reflect-claremont.cablecast.tv/internetchannel/show/17634?site=1&seekto=3738
1:02:52.30,1:03:26.38,3772.30,3806.38,Unidentified,"Undiarized transcript: the source file carries one anonymous voice for the whole meeting, so each segment can hold several speakers. Segments are named only where one speaker is anchored in the text; all others are left unattributed","The Qantas carried all that cost a whole lot of money. I'll be making sure that the cost of those signs gets taken care of, and they're up there before we start the the winter season and we start playing basketball in. Great. Just an FYI, I took a look a couple of times at policy Imgur, and while it doesn't address this specific circumstance, I interpreted it to mean that the principal and I can agree that we can allow this, so we're allowing it without objection.",Unknown,https://reflect-claremont.cablecast.tv/internetchannel/show/17634?site=1&seekto=3772
1:03:26.46,1:03:56.62,3806.46,3836.62,Unidentified,"Undiarized transcript: the source file carries one anonymous voice for the whole meeting, so each segment can hold several speakers. Segments are named only where one speaker is anchored in the text; all others are left unattributed","So if you haven't read the report, our certified health professional at the middle school has a service dog training. My experience with service dogs in schools, those who are that are not specifically there to help one particular student, but are just there. My experience has always been positive. I've had a few of them are. SRO has one and I think everywhere they go it's it's been I've heard only good things.",Unknown,https://reflect-claremont.cablecast.tv/internetchannel/show/17634?site=1&seekto=3806
1:03:56.70,1:04:05.90,3836.70,3845.90,Unidentified,"Undiarized transcript: the source file carries one anonymous voice for the whole meeting, so each segment can hold several speakers. Segments are named only where one speaker is anchored in the text; all others are left unattributed",So if there are any issues will certainly change this. But I've never had a bad experience. So knock on wood.,Unknown,https://reflect-claremont.cablecast.tv/internetchannel/show/17634?site=1&seekto=3836
1:04:05.98,1:04:33.46,3845.98,3873.46,Unidentified,"Undiarized transcript: the source file carries one anonymous voice for the whole meeting, so each segment can hold several speakers. Segments are named only where one speaker is anchored in the text; all others are left unattributed","I had a friendly reminder this these last couple of weeks to figure out where the metal detectors were and make sure that the work I think that the board was asking to be done even last year gets done. So we know where they are there in the SRO office right now. I'm not convinced, even though they were in a grant activity, I haven't tracked down yet whether reimbursement was ever obtained.",Unknown,https://reflect-claremont.cablecast.tv/internetchannel/show/17634?site=1&seekto=3845
1:04:33.46,1:04:50.26,3873.46,3890.26,Unidentified,"Undiarized transcript: the source file carries one anonymous voice for the whole meeting, so each segment can hold several speakers. Segments are named only where one speaker is anchored in the text; all others are left unattributed","So I'm going to look at that first, because if the district didn't take that reimbursement, then they weren't purchased by a grant. And that means we don't have to worry about the strings might have that might have been attached under a federal grant program if we're disposing of them. So that would change our options a little bit. So that ball is in my court.",Unknown,https://reflect-claremont.cablecast.tv/internetchannel/show/17634?site=1&seekto=3873
1:04:50.30,1:04:53.62,3890.30,3893.62,Unidentified,"Undiarized transcript: the source file carries one anonymous voice for the whole meeting, so each segment can hold several speakers. Segments are named only where one speaker is anchored in the text; all others are left unattributed",Okay.,Unknown,https://reflect-claremont.cablecast.tv/internetchannel/show/17634?site=1&seekto=3890
1:04:53.70,1:05:25.50,3893.70,3925.50,Unidentified,"Undiarized transcript: the source file carries one anonymous voice for the whole meeting, so each segment can hold several speakers. Segments are named only where one speaker is anchored in the text; all others are left unattributed","Task number six and I had a specific request from board members about reporting on right to know requests. I don't normally do this because I want to support, first of all, whatever the law says, no matter what. But also, I do believe that governmental records should be publicly available transparently. Since the district started keeping track last early November.",Unknown,https://reflect-claremont.cablecast.tv/internetchannel/show/17634?site=1&seekto=3893
1:05:25.58,1:05:41.98,3925.58,3941.98,Unidentified,"Undiarized transcript: the source file carries one anonymous voice for the whole meeting, so each segment can hold several speakers. Segments are named only where one speaker is anchored in the text; all others are left unattributed","So just about exactly 11 months, there have been 130 requests for governmental records from the Claremont School District. Of those, 125 have been fulfilled and five remain open.",Unknown,https://reflect-claremont.cablecast.tv/internetchannel/show/17634?site=1&seekto=3925
1:05:42.06,1:06:00.26,3942.06,3960.26,Unidentified,"Undiarized transcript: the source file carries one anonymous voice for the whole meeting, so each segment can hold several speakers. Segments are named only where one speaker is anchored in the text; all others are left unattributed","I've given you some more information on the next page. I know you occasionally receive complaints, both from folks you bump into at the grocery store and maybe once in a while in writing about the timeliness or manner in which we fulfill them.",Unknown,https://reflect-claremont.cablecast.tv/internetchannel/show/17634?site=1&seekto=3942
1:06:00.34,1:06:20.38,3960.34,3980.38,Unidentified,"Undiarized transcript: the source file carries one anonymous voice for the whole meeting, so each segment can hold several speakers. Segments are named only where one speaker is anchored in the text; all others are left unattributed","These are tasks that need to be fit in, along with all the other things we do. And the law provides recourse for folks. And I'm not trying to be funny. There is a right to know Ombudsman's office in Concord, which I am well aware has not been staffed for a couple of years. But what the law says is you send your complaints there.",Unknown,https://reflect-claremont.cablecast.tv/internetchannel/show/17634?site=1&seekto=3960
1:06:20.46,1:06:37.50,3980.46,3997.50,Unidentified,"Undiarized transcript: the source file carries one anonymous voice for the whole meeting, so each segment can hold several speakers. Segments are named only where one speaker is anchored in the text; all others are left unattributed","That doesn't really have a lot of meaning for folks who have complaints, because we all know that has unstaffed. But I have 130 requests, 125 have been fulfilled and five are open and those five will be filled.",Unknown,https://reflect-claremont.cablecast.tv/internetchannel/show/17634?site=1&seekto=3980
1:06:37.58,1:07:07.66,3997.58,4027.66,Unidentified,"Undiarized transcript: the source file carries one anonymous voice for the whole meeting, so each segment can hold several speakers. Segments are named only where one speaker is anchored in the text; all others are left unattributed","Done. Yes. Thank you, Madam Chair. Tim. Thanks. Thanks for doing this. I would ask though. I noticed a note down here said 16 others made either 1 or 2 requests. And so I guess if we're going to include Jimmy Sullivan's 88 requests and I think in fairness, we should we should list the individuals that even one request. And and when I ask this next question, I think it would be helpful for the board to just have a statement of what was requested.",Unknown,https://reflect-claremont.cablecast.tv/internetchannel/show/17634?site=1&seekto=3997
1:07:07.70,1:07:30.78,4027.70,4050.78,Unidentified,"Undiarized transcript: the source file carries one anonymous voice for the whole meeting, so each segment can hold several speakers. Segments are named only where one speaker is anchored in the text; all others are left unattributed","Because if we look at that data and we see 47 entries for the same thing, then maybe that's telling the board we need to focus more of our public time on that. So I don't see it as calling out anybody. This is a learning opportunity for us. So the same things being asked over and over and over, it tells me that maybe we're not fulfilling what we need to do agenda wise.",Unknown,https://reflect-claremont.cablecast.tv/internetchannel/show/17634?site=1&seekto=4027
1:07:30.78,1:07:51.94,4050.78,4071.94,Unidentified,"Undiarized transcript: the source file carries one anonymous voice for the whole meeting, so each segment can hold several speakers. Segments are named only where one speaker is anchored in the text; all others are left unattributed","So at some point, if you can, if you can just even a one line wanted teacher salary. So this the spreadsheet that resulted in this report contains exactly what you're looking for. I was just thinking about space. So I can give you that at your next meeting. No problem. And all of the detail you are looking for also exists in that spreadsheet, and I can bring it to you.",Unknown,https://reflect-claremont.cablecast.tv/internetchannel/show/17634?site=1&seekto=4050
1:07:51.98,1:08:06.82,4071.98,4086.82,Unidentified,"Undiarized transcript: the source file carries one anonymous voice for the whole meeting, so each segment can hold several speakers. Segments are named only where one speaker is anchored in the text; all others are left unattributed","No problem. That can I ask. In fact, that spreadsheet might be subject to a right to know request. Well, I had mentioned that I was going to do a right to know requests about. You don't have to.",Unknown,https://reflect-claremont.cablecast.tv/internetchannel/show/17634?site=1&seekto=4071
1:08:06.90,1:08:40.06,4086.90,4120.06,Unidentified,"Undiarized transcript: the source file carries one anonymous voice for the whole meeting, so each segment can hold several speakers. Segments are named only where one speaker is anchored in the text; all others are left unattributed","Thank you. So this is I wish Michelle was here. So I was thinking about the tech the other day and the proximity of Arrowhead. And I wonder if there's room for a partnership between them and our culinary arts education. The last I knew, they had a pretty decent kitchen over there. And so I see winter coming, and I just wonder if there's an opportunity there for our culinary arts kids to maybe maybe it's providing some like, well, I understand that.",Unknown,https://reflect-claremont.cablecast.tv/internetchannel/show/17634?site=1&seekto=4086
1:08:40.06,1:09:01.42,4120.06,4141.42,Unidentified,"Undiarized transcript: the source file carries one anonymous voice for the whole meeting, so each segment can hold several speakers. Segments are named only where one speaker is anchored in the text; all others are left unattributed","But they do hold events over there during the winter. Right? So and some events are hosted by certain community. They are. But I'm going to guarantee you that at least Mr. Walker would be open to a conversation that maybe there's some, some partnership. I mean, it's right there. So there's got to be an option. I know that they've talked about before.",Unknown,https://reflect-claremont.cablecast.tv/internetchannel/show/17634?site=1&seekto=4120
1:09:01.42,1:09:23.94,4141.42,4163.94,Unidentified,"Undiarized transcript: the source file carries one anonymous voice for the whole meeting, so each segment can hold several speakers. Segments are named only where one speaker is anchored in the text; all others are left unattributed","The bike shop was there. I know the culinary arts was involved. I believe Parks and Rec still maintains control of the kitchen area. Okay. So I just think it's when they're sliding and tubing, I just I just to me it just came up at some point. Can we get a census of how many paraprofessionals are employed in a district.",Unknown,https://reflect-claremont.cablecast.tv/internetchannel/show/17634?site=1&seekto=4141
1:09:23.94,1:09:36.92,4163.94,4176.92,Unidentified,"Undiarized transcript: the source file carries one anonymous voice for the whole meeting, so each segment can hold several speakers. Segments are named only where one speaker is anchored in the text; all others are left unattributed","And for me, I'd be interested in seeing a breakdown of those mandated by an IEP, like one versus one and their physical location within a district.",Unknown,https://reflect-claremont.cablecast.tv/internetchannel/show/17634?site=1&seekto=4163
1:09:37.00,1:10:11.90,4177.00,4211.90,Unidentified,"Undiarized transcript: the source file carries one anonymous voice for the whole meeting, so each segment can hold several speakers. Segments are named only where one speaker is anchored in the text; all others are left unattributed","Any other things I'll pass on for now? Thanks. Madam chair, anyone else regarding the superintendent's report? All right, let's move on. We have some really important discussions here. Not that the first ones weren't. This is. Yep.",Unknown,https://reflect-claremont.cablecast.tv/internetchannel/show/17634?site=1&seekto=4177
1:10:11.98,1:10:56.82,4211.98,4256.82,Unidentified,"Undiarized transcript: the source file carries one anonymous voice for the whole meeting, so each segment can hold several speakers. Segments are named only where one speaker is anchored in the text; all others are left unattributed","Ready. Okay. So I'm going to do two things in a row with whatever discussion takes place in between. And the first is an organizational update on special education services. I told you this was coming. I don't know if it was three meetings ago or four. I talked about a way of I called it an interim plan for this year of how to organize the provision of special education services with separate or evaluation case management and specially designed instruction assignments for teachers so that our staff could focus on those components instead of trying to do everything for a group of students on their caseloads, be able to focus on building skills, getting training in PD, and",Unknown,https://reflect-claremont.cablecast.tv/internetchannel/show/17634?site=1&seekto=4211
1:10:56.82,1:11:17.50,4256.82,4277.50,Unidentified,"Undiarized transcript: the source file carries one anonymous voice for the whole meeting, so each segment can hold several speakers. Segments are named only where one speaker is anchored in the text; all others are left unattributed","trying to create more consistency in how we do evaluations, how we provide case management and write IEPs, and then what we do in the provision of specialty designed instruction, progress monitoring, writing progress reports, and all those kinds of things that those teachers have to do. So this is an update on where we are.",Unknown,https://reflect-claremont.cablecast.tv/internetchannel/show/17634?site=1&seekto=4256
1:11:17.58,1:11:42.34,4277.58,4302.34,Unidentified,"Undiarized transcript: the source file carries one anonymous voice for the whole meeting, so each segment can hold several speakers. Segments are named only where one speaker is anchored in the text; all others are left unattributed","I am open to a visit from the special Education director, ferry, as I mentioned earlier. But until then, I'm really grateful to a couple of well-qualified consultants to our over these two shoulders, helping me try not to make too many big mistakes. Never mind. The administrators and staff are show up here every day, and these are the ways that we divided the work this year.",Unknown,https://reflect-claremont.cablecast.tv/internetchannel/show/17634?site=1&seekto=4277
1:11:42.34,1:12:14.02,4302.34,4334.02,Unidentified,"Undiarized transcript: the source file carries one anonymous voice for the whole meeting, so each segment can hold several speakers. Segments are named only where one speaker is anchored in the text; all others are left unattributed","This is repetitive of some previous information you've seen. Tonight I'm going to talk about what we found after a month of school. I'm going to talk. I have a slide for each of these six items, the number of referrals and the backlog of evaluations that the district has to complete. Some of the inaccuracies in are out of district records, some of the out of date IEPs that we have in general, and other special ed records compliance issues in our self-contained programs.",Unknown,https://reflect-claremont.cablecast.tv/internetchannel/show/17634?site=1&seekto=4302
1:12:14.02,1:12:47.74,4334.02,4367.74,Unidentified,"Undiarized transcript: the source file carries one anonymous voice for the whole meeting, so each segment can hold several speakers. Segments are named only where one speaker is anchored in the text; all others are left unattributed","Or sometimes I say subset meaning substantially separate programs. These are the programs you've heard about a lot over the last year. We have a DDR, a due diligence review from the Department of Education on this topic, because last year, in the fall, some of the regulators from the Department of Education realized, through conversation with some Claremont district staff that some of these self-contained programs were not being operated in compliance with regulation and ongoing staff shortage, which is probably the underlying problem with everything else here.",Unknown,https://reflect-claremont.cablecast.tv/internetchannel/show/17634?site=1&seekto=4334
1:12:47.74,1:13:16.14,4367.74,4396.14,Unidentified,"Undiarized transcript: the source file carries one anonymous voice for the whole meeting, so each segment can hold several speakers. Segments are named only where one speaker is anchored in the text; all others are left unattributed","And then what we're doing to address these issues as best we can. I hate text heavy slides. And yet here we are. We have 130 triennial evaluations to this year and 50 new referrals so far since the first day of school. A referral, which can be verbal or written, must be acknowledged, and an evaluation team meeting must be convened within 15 days.",Unknown,https://reflect-claremont.cablecast.tv/internetchannel/show/17634?site=1&seekto=4367
1:13:16.22,1:13:41.62,4396.22,4421.62,Unidentified,"Undiarized transcript: the source file carries one anonymous voice for the whole meeting, so each segment can hold several speakers. Segments are named only where one speaker is anchored in the text; all others are left unattributed","A public school district cannot say, I know that you just asked for an evaluation for your child, but he doesn't really need it, so we're not going to. That cannot happen. Districts can't do that. We must schedule evaluation team meetings within 15 days of request for an evaluation. We then, after evaluation planning meeting, have 60 days to complete an evaluation.",Unknown,https://reflect-claremont.cablecast.tv/internetchannel/show/17634?site=1&seekto=4396
1:13:41.62,1:14:03.62,4421.62,4443.62,Unidentified,"Undiarized transcript: the source file carries one anonymous voice for the whole meeting, so each segment can hold several speakers. Segments are named only where one speaker is anchored in the text; all others are left unattributed","That is a hard and fast time limit in federal law. This district has not always done great. We're not the only ones. This happens from time to time in various places. It has been happening a lot here in recent years. There are 28 evaluations that weren't completed last year, so we're well beyond the 60 day time limit required by law.",Unknown,https://reflect-claremont.cablecast.tv/internetchannel/show/17634?site=1&seekto=4421
1:14:03.70,1:14:28.74,4443.70,4468.74,Unidentified,"Undiarized transcript: the source file carries one anonymous voice for the whole meeting, so each segment can hold several speakers. Segments are named only where one speaker is anchored in the text; all others are left unattributed","I've actually outsourced these evaluations. We're not doing them. We've hired someone to get them done, just trying to. As much as I'm sure any staff member watching and listening tonight will not feel like anything is simple or easy right now, because it doesn't feel that way. Because it's not. I'm trying to move things off of our plate where we can.",Unknown,https://reflect-claremont.cablecast.tv/internetchannel/show/17634?site=1&seekto=4443
1:14:28.78,1:14:53.89,4468.78,4493.89,Unidentified,"Undiarized transcript: the source file carries one anonymous voice for the whole meeting, so each segment can hold several speakers. Segments are named only where one speaker is anchored in the text; all others are left unattributed","So there's an example of that. These evaluations that weren't done last year, we've outsourced. I've got somebody else taking care of that. There are 21 current preschool referrals. I know we've had some conversations in recent years about preschool. We're going to have a lot more in about 15 minutes after the pink presentations over. When we go to the green presentation, children continue to turn three years old throughout the year.",Unknown,https://reflect-claremont.cablecast.tv/internetchannel/show/17634?site=1&seekto=4468
1:14:53.90,1:15:19.10,4493.90,4519.10,Unidentified,"Undiarized transcript: the source file carries one anonymous voice for the whole meeting, so each segment can hold several speakers. Segments are named only where one speaker is anchored in the text; all others are left unattributed","That means that there are always new. You're like that. There are always new referrals during a school year. There is no way to know when you're a budget the previous year, or in July or August, or right now at the end of September, beginning of October, how many referrals we're going to have for preschool. And that means we will have to provide services in one manner or another.",Unknown,https://reflect-claremont.cablecast.tv/internetchannel/show/17634?site=1&seekto=4493
1:15:19.34,1:15:45.06,4519.34,4545.06,Unidentified,"Undiarized transcript: the source file carries one anonymous voice for the whole meeting, so each segment can hold several speakers. Segments are named only where one speaker is anchored in the text; all others are left unattributed","For children who qualify for special ed services, it's predictably going to happen, but we cannot predict to what extent. So right now we have 21 referrals at the preschool level. These referrals come to us a variety of ways. I don't understand them all. If you have questions, there are people in the room who know a lot more than I do who can come up and pinch hit if you need them later.",Unknown,https://reflect-claremont.cablecast.tv/internetchannel/show/17634?site=1&seekto=4519
1:15:45.14,1:16:05.70,4545.14,4565.70,Unidentified,"Undiarized transcript: the source file carries one anonymous voice for the whole meeting, so each segment can hold several speakers. Segments are named only where one speaker is anchored in the text; all others are left unattributed",Our core of our team and those evaluation consultants are primarily responsible for taking care of this. I'm going to talk more about the core of our team a little bit later. Outer district IEPs. We have roughly 40 students placed out of district 17. Of those IEPs were not accurate at the start of the year. We have a new out of district coordinator.,Unknown,https://reflect-claremont.cablecast.tv/internetchannel/show/17634?site=1&seekto=4545
1:16:05.70,1:16:29.94,4565.70,4589.94,Unidentified,"Undiarized transcript: the source file carries one anonymous voice for the whole meeting, so each segment can hold several speakers. Segments are named only where one speaker is anchored in the text; all others are left unattributed","As you know, she works remotely, which is not our favorite thing. But we like her and she's doing a good job and she's correcting these issues. We had eight placements that had been made but not updated by the end of last year in the IEP. It's easy when stressed, and there's been a lot of stress in the Claremont School District right over the last year or so, maybe longer.",Unknown,https://reflect-claremont.cablecast.tv/internetchannel/show/17634?site=1&seekto=4565
1:16:30.02,1:16:59.02,4590.02,4619.02,Unidentified,"Undiarized transcript: the source file carries one anonymous voice for the whole meeting, so each segment can hold several speakers. Segments are named only where one speaker is anchored in the text; all others are left unattributed","That's fair to say. So it's easy when stressed to think we just have to get it done. And just getting something done might mean having a perfectly reasonable conversation with a parent or guardian about this is what Jonny needs. Yes, we'll do it. But part of our job is to go back and document properly in the required systems that we did that thing or made that change.",Unknown,https://reflect-claremont.cablecast.tv/internetchannel/show/17634?site=1&seekto=4590
1:16:59.02,1:17:28.66,4619.02,4648.66,Unidentified,"Undiarized transcript: the source file carries one anonymous voice for the whole meeting, so each segment can hold several speakers. Segments are named only where one speaker is anchored in the text; all others are left unattributed","So if we if we made a placement or agreed to a change in placement or decided to add transportation for replacement or add an aide in the van that we were already providing transportation with for that placement, but we didn't update the IEP and get it properly recorded, then it didn't happen. One of my sayings, not just in the world of special ed, but in district administration in general, is if we don't document it, it never happened.",Unknown,https://reflect-claremont.cablecast.tv/internetchannel/show/17634?site=1&seekto=4619
1:17:28.74,1:17:58.22,4648.74,4678.22,Unidentified,"Undiarized transcript: the source file carries one anonymous voice for the whole meeting, so each segment can hold several speakers. Segments are named only where one speaker is anchored in the text; all others are left unattributed","That is very true in special ed, and it is. This should be of concern to all of us here. It is particularly true when we file for special education aide at the end of the year, because if we were doing something that cost money for a student whose care and education is going to cost the district more than $70,000 in a school year, and we don't put that thing in an IEP, we won't get rid of those.",Unknown,https://reflect-claremont.cablecast.tv/internetchannel/show/17634?site=1&seekto=4648
1:17:58.30,1:18:12.46,4678.30,4692.46,Unidentified,"Undiarized transcript: the source file carries one anonymous voice for the whole meeting, so each segment can hold several speakers. Segments are named only where one speaker is anchored in the text; all others are left unattributed","So there are folks at the department. One of the things I love about our state regulators sometimes is there are folks at the Department of and who will tell you there's a way to get reimbursed for those things, and then there's written guidance from the Department of Ed that will tell you you can't get reimbursed for those things.",Unknown,https://reflect-claremont.cablecast.tv/internetchannel/show/17634?site=1&seekto=4678
1:18:12.46,1:18:32.50,4692.46,4712.50,Unidentified,"Undiarized transcript: the source file carries one anonymous voice for the whole meeting, so each segment can hold several speakers. Segments are named only where one speaker is anchored in the text; all others are left unattributed","I think it's just easier to do the job and then you get the reimbursement. Everything's the way it's supposed to be and we're in compliance. There have been some other things in IEPs, nine other IEPs that needed to be corrected in addition to the eight placements that weren't done. We have four students right now without placements.",Unknown,https://reflect-claremont.cablecast.tv/internetchannel/show/17634?site=1&seekto=4692
1:18:32.58,1:18:59.14,4712.58,4739.14,Unidentified,"Undiarized transcript: the source file carries one anonymous voice for the whole meeting, so each segment can hold several speakers. Segments are named only where one speaker is anchored in the text; all others are left unattributed","One fact about out of district providers, unlike our public school districts, which we have to follow, very strict law around suspension and expulsion and out of district school is allowed to call us on a Tuesday and say John is no longer welcome here. And on Wednesday, finding a place for Johnny to go to school is our responsibility, not theirs.",Unknown,https://reflect-claremont.cablecast.tv/internetchannel/show/17634?site=1&seekto=4712
1:18:59.22,1:19:18.66,4739.22,4758.66,Unidentified,"Undiarized transcript: the source file carries one anonymous voice for the whole meeting, so each segment can hold several speakers. Segments are named only where one speaker is anchored in the text; all others are left unattributed","They don't have to hold manifestation hearings. They don't have to offer due process. They don't have to convene expulsion hearings. They don't have to do any of the things that public school districts have to do. What happens in those cases? And we have some students in this situation right now is the school district. That's us, the LA, the local education authority.",Unknown,https://reflect-claremont.cablecast.tv/internetchannel/show/17634?site=1&seekto=4739
1:19:18.74,1:19:40.94,4758.74,4780.94,Unidentified,"Undiarized transcript: the source file carries one anonymous voice for the whole meeting, so each segment can hold several speakers. Segments are named only where one speaker is anchored in the text; all others are left unattributed","We will. Oh, compensatory services for that child for every day he or she is in between placements. But we can't run out to the placement tree and pick one. We have a process we have to go through. We have to find schools that can meet those students needs. We have to find schools that can meet those students needs that have space available.",Unknown,https://reflect-claremont.cablecast.tv/internetchannel/show/17634?site=1&seekto=4758
1:19:41.02,1:20:05.18,4781.02,4805.18,Unidentified,"Undiarized transcript: the source file carries one anonymous voice for the whole meeting, so each segment can hold several speakers. Segments are named only where one speaker is anchored in the text; all others are left unattributed","We have to send students and parents and guardians on visits. We have to sign contracts. At least in my world, we have to do some work to find new placements for these kids, and that work takes time and that can be anywhere from days to weeks. But it can be. It can add up. The district, US, the public school district remain responsible for providing education in the future.",Unknown,https://reflect-claremont.cablecast.tv/internetchannel/show/17634?site=1&seekto=4781
1:20:05.18,1:20:27.70,4805.18,4827.70,Unidentified,"Undiarized transcript: the source file carries one anonymous voice for the whole meeting, so each segment can hold several speakers. Segments are named only where one speaker is anchored in the text; all others are left unattributed","So if a child in another district placement is told, you can no longer come to school here, and then 32 school days go by before we have a new placement. We, the Claremont School District, we will pay for 32 additional days of educational services later. That's just how it works and we won't argue about it. I don't I won't make people take us to due process.",Unknown,https://reflect-claremont.cablecast.tv/internetchannel/show/17634?site=1&seekto=4805
1:20:27.70,1:20:51.46,4827.70,4851.46,Unidentified,"Undiarized transcript: the source file carries one anonymous voice for the whole meeting, so each segment can hold several speakers. Segments are named only where one speaker is anchored in the text; all others are left unattributed","I won't fight, I won't call the lawyer. I will say, of course we will. Because if we do go to due process, if we do call the lawyer, we just spend more money and waste more time. We're going to end up doing it anyway. What happens to that student that is in limbo waiting for a placement? We we try as hard as we possibly can as quickly as we can to provide tutoring services.",Unknown,https://reflect-claremont.cablecast.tv/internetchannel/show/17634?site=1&seekto=4827
1:20:51.54,1:21:14.74,4851.54,4874.74,Unidentified,"Undiarized transcript: the source file carries one anonymous voice for the whole meeting, so each segment can hold several speakers. Segments are named only where one speaker is anchored in the text; all others are left unattributed","We are responsible for providing educational services, and we want kids to keep making progress. We try really hard to set up all the services we can if kids qualify for certain related services speech, occupational therapy, counseling, things like that. If we have staff we can send to do those things or invite kids in or to other locations, libraries and things like that, we'll try to set those things up.",Unknown,https://reflect-claremont.cablecast.tv/internetchannel/show/17634?site=1&seekto=4851
1:21:14.98,1:21:44.98,4874.98,4904.98,Unidentified,"Undiarized transcript: the source file carries one anonymous voice for the whole meeting, so each segment can hold several speakers. Segments are named only where one speaker is anchored in the text; all others are left unattributed","We still have to find a full time educational placement. Is does the the placement who basically says the students not welcome anymore have to give a reason for that? Sometimes they give a reason, but they don't have to. Well, they generally tell us what happened. It's not unusual for depending on the age of the student, I say child sometimes or sometimes we're talking about 17 year olds.",Unknown,https://reflect-claremont.cablecast.tv/internetchannel/show/17634?site=1&seekto=4874
1:21:45.06,1:22:05.18,4905.06,4925.18,Unidentified,"Undiarized transcript: the source file carries one anonymous voice for the whole meeting, so each segment can hold several speakers. Segments are named only where one speaker is anchored in the text; all others are left unattributed","The student or the student's parent or guardian might have a story that sounds different from the story we hear from the provider. Again, no due process, no hearings, no way to know. I, I probably I compartmentalize quickly and I move into what do we have to do and how do we move on? Okay. Got it, got it. Yeah.",Unknown,https://reflect-claremont.cablecast.tv/internetchannel/show/17634?site=1&seekto=4905
1:22:05.22,1:22:08.14,4925.22,4928.14,Unidentified,"Undiarized transcript: the source file carries one anonymous voice for the whole meeting, so each segment can hold several speakers. Segments are named only where one speaker is anchored in the text; all others are left unattributed",Thank you.,Unknown,https://reflect-claremont.cablecast.tv/internetchannel/show/17634?site=1&seekto=4925
1:22:08.22,1:22:21.30,4928.22,4941.30,Unidentified,"Undiarized transcript: the source file carries one anonymous voice for the whole meeting, so each segment can hold several speakers. Segments are named only where one speaker is anchored in the text; all others are left unattributed",So we're getting there. And I think my biggest concern in this area has to do with our eligibility for special education aid. And I'm sure that we all share that concern.,Unknown,https://reflect-claremont.cablecast.tv/internetchannel/show/17634?site=1&seekto=4928
1:22:21.38,1:22:57.22,4941.38,4977.22,Unidentified,"Undiarized transcript: the source file carries one anonymous voice for the whole meeting, so each segment can hold several speakers. Segments are named only where one speaker is anchored in the text; all others are left unattributed","So recently I think it was in a finance committee. I talked about 63% of our IEPs being out of compliance. That's a horrifying statistic. Specifically, I'm referring to a lapse in timing between expiration and renewal of an IEP. In most cases, it's likely that there was no interruption in services because the teacher in a classroom who's providing specially designed instruction, or a para who's providing one on one or group support in a classroom, isn't probably keeping track of what David expired.",Unknown,https://reflect-claremont.cablecast.tv/internetchannel/show/17634?site=1&seekto=4941
1:22:57.26,1:23:14.82,4977.26,4994.82,Unidentified,"Undiarized transcript: the source file carries one anonymous voice for the whole meeting, so each segment can hold several speakers. Segments are named only where one speaker is anchored in the text; all others are left unattributed","They're just doing tomorrow, what they did today and doing the same thing the next day and the next day and the next day. So the student services are probably, in most cases, not interrupted. However, it's our job to renew IEPs by the date that they're due. It's our job, just like it's our job to complete evaluations within 60 days.",Unknown,https://reflect-claremont.cablecast.tv/internetchannel/show/17634?site=1&seekto=4977
1:23:14.98,1:23:40.58,4994.98,5020.58,Unidentified,"Undiarized transcript: the source file carries one anonymous voice for the whole meeting, so each segment can hold several speakers. Segments are named only where one speaker is anchored in the text; all others are left unattributed","These are pretty basic things. This situation I'm not going to read all the text on this slide. It's publicly available. It's in your books. Well this to me is a symptom of just a lack of oversight. What this means to me, and with apologies to a couple of principals who are in the room, are watching that instead of somebody in the central office keeping track of this kind of thing and making sure it was getting done.",Unknown,https://reflect-claremont.cablecast.tv/internetchannel/show/17634?site=1&seekto=4994
1:23:40.62,1:23:58.22,5020.62,5038.22,Unidentified,"Undiarized transcript: the source file carries one anonymous voice for the whole meeting, so each segment can hold several speakers. Segments are named only where one speaker is anchored in the text; all others are left unattributed","The central office just figured out the principals will take care of it. I don't consider this a principals job. I don't think it's fair to them. They have plenty to do. I think this is our job in the central office, and right now that means me. And someday that's going to need a certified special ed director.",Unknown,https://reflect-claremont.cablecast.tv/internetchannel/show/17634?site=1&seekto=5020
1:23:58.30,1:24:24.82,5038.30,5064.82,Unidentified,"Undiarized transcript: the source file carries one anonymous voice for the whole meeting, so each segment can hold several speakers. Segments are named only where one speaker is anchored in the text; all others are left unattributed","You know, annual review meetings. And I'm down at the bottom and review meetings not held by a deadline. That's noncompliance and IEP not signed. And we don't get it signed or addressed that properly. That's noncompliance services. I already talked about something like the services added outside of the team meeting environment. Oh, we exchanged a couple of emails and we agreed we'll do some observations and then we'll give you a report and we'll tell you what we saw in those observations, and then we'll decide if we're going to make a change in services.",Unknown,https://reflect-claremont.cablecast.tv/internetchannel/show/17634?site=1&seekto=5038
1:24:24.82,1:24:50.70,5064.82,5090.70,Unidentified,"Undiarized transcript: the source file carries one anonymous voice for the whole meeting, so each segment can hold several speakers. Segments are named only where one speaker is anchored in the text; all others are left unattributed","That may be a wonderful plan. Hold a meeting, document it, update the IEP, issue a that's our job. That's what we're supposed to be doing. So we're working on these things because we have a case management team. Now people who just do case management. They are meeting with one of our consultants on a weekly basis. And that gives us a chance to focus on the people we need to provide training in PD for, to try to get on top of this.",Unknown,https://reflect-claremont.cablecast.tv/internetchannel/show/17634?site=1&seekto=5064
1:24:50.74,1:25:13.41,5090.74,5113.41,Unidentified,"Undiarized transcript: the source file carries one anonymous voice for the whole meeting, so each segment can hold several speakers. Segments are named only where one speaker is anchored in the text; all others are left unattributed","It's not perfect. It's far from perfect. I'm going to get to the worst news as we go. Compliance in our self-contained programs is still an issue. We are not ready to get everything approved by the Department of Education. The last time the programs in Claremont were all approved was in the fall of 2024, and I'm not sure they were actually compliant, but the paperwork at least was filed.",Unknown,https://reflect-claremont.cablecast.tv/internetchannel/show/17634?site=1&seekto=5090
1:25:13.42,1:25:35.50,5113.42,5135.50,Unidentified,"Undiarized transcript: the source file carries one anonymous voice for the whole meeting, so each segment can hold several speakers. Segments are named only where one speaker is anchored in the text; all others are left unattributed","We will not file the paperwork until programs are actually compliant because they're going to check we have a doctor about this. We can't just right, this is what we're doing. If it's not really what's happening, it has to be true. And I'm going to get to more about that in the green presentation.",Unknown,https://reflect-claremont.cablecast.tv/internetchannel/show/17634?site=1&seekto=5113
1:25:35.58,1:26:02.14,5135.58,5162.14,Unidentified,"Undiarized transcript: the source file carries one anonymous voice for the whole meeting, so each segment can hold several speakers. Segments are named only where one speaker is anchored in the text; all others are left unattributed","So there's more detail in here about what's happening in each program. There are some good things. There are some not as good things. We have some programs that are oversubscribed. We have to remedy that. We cannot have more children in programs than regulation allows. We have to add programs. That's the reality. If we have if we have a program that by regulation can have no more than eight students in it and we have 11, there's well, there's more than one solution.",Unknown,https://reflect-claremont.cablecast.tv/internetchannel/show/17634?site=1&seekto=5135
1:26:02.18,1:26:34.26,5162.18,5194.26,Unidentified,"Undiarized transcript: the source file carries one anonymous voice for the whole meeting, so each segment can hold several speakers. Segments are named only where one speaker is anchored in the text; all others are left unattributed","We could send an automatic. And I had three students out of district. That's a very expensive solution. We could create a duplicate, a second program to create capacity for eight more, and then divide those students. That also costs money. And that means we have to find certified staff. Right? Right. So capacity is one big issue. Staff certification is the other big issue, because we're supposed to have not just certified educators, but educators with very specific certifications in certain programs.",Unknown,https://reflect-claremont.cablecast.tv/internetchannel/show/17634?site=1&seekto=5162
1:26:34.30,1:26:59.78,5194.30,5219.78,Unidentified,"Undiarized transcript: the source file carries one anonymous voice for the whole meeting, so each segment can hold several speakers. Segments are named only where one speaker is anchored in the text; all others are left unattributed","Our behavioral programs are supposed to have not just certified special educators, but those with what's called a categorical license. In Ed emotional disturbance. We have others, like life skills programs, where our educators are supposed to have a categorical cool license in ID, intellectual disability, and so on. There are something like nine categorical in New Hampshire. I have opinions about licensure, but now it's not the time for that.",Unknown,https://reflect-claremont.cablecast.tv/internetchannel/show/17634?site=1&seekto=5194
1:26:59.86,1:27:07.82,5219.86,5227.82,Unidentified,"Undiarized transcript: the source file carries one anonymous voice for the whole meeting, so each segment can hold several speakers. Segments are named only where one speaker is anchored in the text; all others are left unattributed",So there are still issues. It's getting better. We've made progress. There's a lot more to be done.,Unknown,https://reflect-claremont.cablecast.tv/internetchannel/show/17634?site=1&seekto=5219
1:27:07.90,1:27:35.34,5227.90,5255.34,Unidentified,"Undiarized transcript: the source file carries one anonymous voice for the whole meeting, so each segment can hold several speakers. Segments are named only where one speaker is anchored in the text; all others are left unattributed","Ongoing staff shortage I've got two slides here. I think the core of our team is staffed, but they have a lot of work. The first slide tonight gave you a quantified how many evaluations we got to do and how many referrals. That's a lot of work. Yeah. So if we could add a second eval team chair to work with the core team, we'd keep everybody busy still.",Unknown,https://reflect-claremont.cablecast.tv/internetchannel/show/17634?site=1&seekto=5227
1:27:35.42,1:27:58.86,5255.42,5278.86,Unidentified,"Undiarized transcript: the source file carries one anonymous voice for the whole meeting, so each segment can hold several speakers. Segments are named only where one speaker is anchored in the text; all others are left unattributed","But I would say among our most pressing needs, that's not in the top three. We need it. But it's not in the top. Top three of the district coordinator is getting on top of things, and that's good news. So that's we have a bright spot growing there. We have case managers from grades three through 12. We could certainly use another one to help them.",Unknown,https://reflect-claremont.cablecast.tv/internetchannel/show/17634?site=1&seekto=5255
1:27:58.86,1:28:23.74,5278.86,5303.74,Unidentified,"Undiarized transcript: the source file carries one anonymous voice for the whole meeting, so each segment can hold several speakers. Segments are named only where one speaker is anchored in the text; all others are left unattributed",It's not enough capacity with those. We have one of those we just hired a week ago which is wonderful. But again it's not enough capacity. But the case loads we have and we absolutely need a case manager at the at the youngest grade level. So I would say we are two two case management team members short of where we really need to be in order to be able to get all of the case management work done.,Unknown,https://reflect-claremont.cablecast.tv/internetchannel/show/17634?site=1&seekto=5278
1:28:23.78,1:28:50.94,5303.78,5330.94,Unidentified,"Undiarized transcript: the source file carries one anonymous voice for the whole meeting, so each segment can hold several speakers. Segments are named only where one speaker is anchored in the text; all others are left unattributed","And that means certified special educators. I have an interview on Friday. All is not lost, but the rate at which we've been able to have, we've been able to have we've actually done pretty well in some ways. We're we've added staff, we've added certified staff, we've added qualified staff. But our needs have been so great that we're making progress against a pretty big challenge.",Unknown,https://reflect-claremont.cablecast.tv/internetchannel/show/17634?site=1&seekto=5303
1:28:51.02,1:29:12.86,5331.02,5352.86,Unidentified,"Undiarized transcript: the source file carries one anonymous voice for the whole meeting, so each segment can hold several speakers. Segments are named only where one speaker is anchored in the text; all others are left unattributed","A little good news here. I tried to sprinkle it in where I could. We have, I'll say adequate, maybe not outstanding, but enough to meet our basic needs staffing in school, psychology and social work and in speech and language services. And somebody might nitpick me, including speech and language there, because it's tight, especially at the youngest kid levels.",Unknown,https://reflect-claremont.cablecast.tv/internetchannel/show/17634?site=1&seekto=5331
1:29:12.86,1:29:52.06,5352.86,5392.06,Unidentified,"Undiarized transcript: the source file carries one anonymous voice for the whole meeting, so each segment can hold several speakers. Segments are named only where one speaker is anchored in the text; all others are left unattributed","But it's not one of our biggest problems across the board in behavioral services. Last year, there was a real shortage of board certified behavior analyst, supervised Adas and registered behavior technicians in the district. That's gotten better. And in the process, I've learned that we probably need twice as much as we have, which is really a little discouraging, because 7 or 8 weeks ago, I was excited that we were going to have so much more capacity than the district had last year, and it doesn't come close to meeting our needs.",Unknown,https://reflect-claremont.cablecast.tv/internetchannel/show/17634?site=1&seekto=5352
1:29:52.06,1:30:06.82,5392.06,5406.82,Unidentified,"Undiarized transcript: the source file carries one anonymous voice for the whole meeting, so each segment can hold several speakers. Segments are named only where one speaker is anchored in the text; all others are left unattributed","This is an area where we work with outsourced partners because locally available, certified qualified staff just haven't been just haven't been available.",Unknown,https://reflect-claremont.cablecast.tv/internetchannel/show/17634?site=1&seekto=5392
1:30:06.90,1:30:35.22,5406.90,5435.22,Unidentified,"Undiarized transcript: the source file carries one anonymous voice for the whole meeting, so each segment can hold several speakers. Segments are named only where one speaker is anchored in the text; all others are left unattributed","Second slide on this topic. OT and PT were under staff, but it's one thing we need one more full time occupational therapist. We've issued RCS we so we both advertise. I'm going to get to this in a summary slide. At the end. We both advertise and issue RFQ to outside service providers for all of this stuff, because the needs are so great that we just need the people, however we can get them right now.",Unknown,https://reflect-claremont.cablecast.tv/internetchannel/show/17634?site=1&seekto=5406
1:30:35.30,1:31:06.30,5435.30,5466.30,Unidentified,"Undiarized transcript: the source file carries one anonymous voice for the whole meeting, so each segment can hold several speakers. Segments are named only where one speaker is anchored in the text; all others are left unattributed","So we have 5 or 6. I'm sorry I didn't prepare that number. Folks who do work in OT and PT, most of those are assistants, which means we have to have a certain number of occupational therapists. We have a physical therapist to provide supervision to them. They cannot. An OT assistant cannot work with students in ways that we can count for legally under their licenses without qualified supervision.",Unknown,https://reflect-claremont.cablecast.tv/internetchannel/show/17634?site=1&seekto=5435
1:31:06.30,1:31:32.98,5466.30,5492.98,Unidentified,"Undiarized transcript: the source file carries one anonymous voice for the whole meeting, so each segment can hold several speakers. Segments are named only where one speaker is anchored in the text; all others are left unattributed","So we're looking for a full time OT who can provide services, participate in evaluations, and provide that supervision that we still need for some of them, not all of them. We have some of this. We just don't have enough. And like I just said, we're outsourcing what we can't. Oh I'm sorry. Let me strike that. We outsource some things that we don't need on a full time basis, and we're not even trying to hire because we don't need them on a full time basis.",Unknown,https://reflect-claremont.cablecast.tv/internetchannel/show/17634?site=1&seekto=5466
1:31:32.98,1:31:59.54,5492.98,5519.54,Unidentified,"Undiarized transcript: the source file carries one anonymous voice for the whole meeting, so each segment can hold several speakers. Segments are named only where one speaker is anchored in the text; all others are left unattributed","So we have a teacher of the deaf, we have a teacher of the visually impaired, we outsource translation services. We are required under the same laws that govern special ed, federal and state, to provide translation services, both in meetings and for documents. And we cannot legally turn to certified World language teacher who speaks Spanish, for example, fluently and say, hey, will you translate this for us?",Unknown,https://reflect-claremont.cablecast.tv/internetchannel/show/17634?site=1&seekto=5492
1:31:59.58,1:32:07.90,5519.58,5527.90,Unidentified,"Undiarized transcript: the source file carries one anonymous voice for the whole meeting, so each segment can hold several speakers. Segments are named only where one speaker is anchored in the text; all others are left unattributed",We can't do that. We have to hire a certified approved provider.,Unknown,https://reflect-claremont.cablecast.tv/internetchannel/show/17634?site=1&seekto=5519
1:32:07.98,1:32:27.22,5527.98,5547.22,Unidentified,"Undiarized transcript: the source file carries one anonymous voice for the whole meeting, so each segment can hold several speakers. Segments are named only where one speaker is anchored in the text; all others are left unattributed","And that brings us to the teachers who actually work with kids on education. And look, a lot of the people I've just talked about work with kids, they do really important things with kids. But the teachers who do specially designed instruction with kids with learning disabilities for help with reading and math and writing.",Unknown,https://reflect-claremont.cablecast.tv/internetchannel/show/17634?site=1&seekto=5527
1:32:27.30,1:32:48.74,5547.30,5568.74,Unidentified,"Undiarized transcript: the source file carries one anonymous voice for the whole meeting, so each segment can hold several speakers. Segments are named only where one speaker is anchored in the text; all others are left unattributed","We're not close. We do not have enough capacity to meet our students. Current needs at any of the schools desired might be the closest, but I'm not going to say we have enough. I would hire someone tomorrow to help provide specially designed instruction at Disney, but I would hire two people for each of the other schools if I could.",Unknown,https://reflect-claremont.cablecast.tv/internetchannel/show/17634?site=1&seekto=5547
1:32:48.82,1:33:11.30,5568.82,5591.30,Unidentified,"Undiarized transcript: the source file carries one anonymous voice for the whole meeting, so each segment can hold several speakers. Segments are named only where one speaker is anchored in the text; all others are left unattributed","So all all told, and these are kind of round numbers, we certainly have more than 45 staff. You know, all the categories. I just talked about working in all of these roles. We'd hire 15 properly certified staff next week to work with them, and then we might have a chance to meet all of our needs. Well, that's the reality of our situation.",Unknown,https://reflect-claremont.cablecast.tv/internetchannel/show/17634?site=1&seekto=5568
1:33:11.46,1:33:22.26,5591.46,5602.26,Unidentified,"Undiarized transcript: the source file carries one anonymous voice for the whole meeting, so each segment can hold several speakers. Segments are named only where one speaker is anchored in the text; all others are left unattributed","That doesn't mean we're not coming to work tomorrow. We're coming to work tomorrow. Or at least I am. I can't speak for everybody, but that's in the green presentation to.",Unknown,https://reflect-claremont.cablecast.tv/internetchannel/show/17634?site=1&seekto=5591
1:33:22.34,1:33:48.50,5602.34,5628.50,Unidentified,"Undiarized transcript: the source file carries one anonymous voice for the whole meeting, so each segment can hold several speakers. Segments are named only where one speaker is anchored in the text; all others are left unattributed","And this is where we are. So what the heck do you do in this situation? Well, we don't stop advertising. For one thing, we keep advertising for all special ed roles. We haven't stopped. We won't stop. We contract services that we can't hire for. It's not ideal. And this is, by the way, this isn't a financial conversation at this point, not even thinking about cost.",Unknown,https://reflect-claremont.cablecast.tv/internetchannel/show/17634?site=1&seekto=5602
1:33:48.50,1:33:53.42,5628.50,5633.42,Unidentified,"Undiarized transcript: the source file carries one anonymous voice for the whole meeting, so each segment can hold several speakers. Segments are named only where one speaker is anchored in the text; all others are left unattributed",Right now I'm thinking about kids.,Unknown,https://reflect-claremont.cablecast.tv/internetchannel/show/17634?site=1&seekto=5628
1:33:53.50,1:34:11.78,5633.50,5651.78,Unidentified,"Undiarized transcript: the source file carries one anonymous voice for the whole meeting, so each segment can hold several speakers. Segments are named only where one speaker is anchored in the text; all others are left unattributed","Contracting services sometimes means instead of getting one person full time, we get two people, I'm sorry, we get one person on Monday and Tuesday, and then we get a different person on Wednesday and a different person on Thursday. And the company we contract with says, oh no, we're giving you one FTE, one full time equivalent. But it's not one person.",Unknown,https://reflect-claremont.cablecast.tv/internetchannel/show/17634?site=1&seekto=5633
1:34:11.90,1:34:37.86,5651.90,5677.86,Unidentified,"Undiarized transcript: the source file carries one anonymous voice for the whole meeting, so each segment can hold several speakers. Segments are named only where one speaker is anchored in the text; all others are left unattributed","It's not one person building relationships with kids, with our staff, it's not the same as having an employee and it's not someone from here. It's not someone who lives in the area and has a chance to get as invested in the community. It happens from time to time that somebody comes to work for a district under a contracted service contract, but and then decides, hey, I would like to work here full time.",Unknown,https://reflect-claremont.cablecast.tv/internetchannel/show/17634?site=1&seekto=5651
1:34:37.86,1:34:56.82,5677.86,5696.82,Unidentified,"Undiarized transcript: the source file carries one anonymous voice for the whole meeting, so each segment can hold several speakers. Segments are named only where one speaker is anchored in the text; all others are left unattributed","But by and large, these people come and go and they're wonderful. We really rely on them right now and we need them. But our first choice is always to hire an employee when we can. The other thing that's been happening a little bit is when we're contracting services as opposed to hiring, we're getting more and more offers of remote services.",Unknown,https://reflect-claremont.cablecast.tv/internetchannel/show/17634?site=1&seekto=5677
1:34:57.06,1:35:15.18,5697.06,5715.18,Unidentified,"Undiarized transcript: the source file carries one anonymous voice for the whole meeting, so each segment can hold several speakers. Segments are named only where one speaker is anchored in the text; all others are left unattributed","Again, just not ideal. Asking a child to sit in front of a computer for speech and language services, as opposed to interacting with a human being. It's not even close, but we're obligated to provide the services we have to try to find a way. And if this is the best we can do, this is what we're doing right now.",Unknown,https://reflect-claremont.cablecast.tv/internetchannel/show/17634?site=1&seekto=5697
1:35:15.22,1:35:39.14,5715.22,5739.14,Unidentified,"Undiarized transcript: the source file carries one anonymous voice for the whole meeting, so each segment can hold several speakers. Segments are named only where one speaker is anchored in the text; all others are left unattributed","While we continue to advertise with the folks who are here, we are continuing to execute our plan for this year providing professional development. A bunch of people went to some case management PD this this week, spent a day I think it was this week. Maybe it was last week. I'm pretty sure it was this week. Learning about case management, IEP, writing, things like that.",Unknown,https://reflect-claremont.cablecast.tv/internetchannel/show/17634?site=1&seekto=5715
1:35:39.14,1:36:04.14,5739.14,5764.14,Unidentified,"Undiarized transcript: the source file carries one anonymous voice for the whole meeting, so each segment can hold several speakers. Segments are named only where one speaker is anchored in the text; all others are left unattributed","That's really important. We want to develop more consistency in how these things are done over prescription of services is an issue. Fall over the country and training is the best way to address it. Teach people how do we use data to make decisions about what goes into an IEP, as opposed to kind of a gut feeling? G. Why don't we try this?",Unknown,https://reflect-claremont.cablecast.tv/internetchannel/show/17634?site=1&seekto=5739
1:36:04.22,1:36:16.82,5764.22,5776.82,Unidentified,"Undiarized transcript: the source file carries one anonymous voice for the whole meeting, so each segment can hold several speakers. Segments are named only where one speaker is anchored in the text; all others are left unattributed","If we can help people understand how to ground those decisions in something measurable, we have a much better chance of providing the right kinds of interventions.",Unknown,https://reflect-claremont.cablecast.tv/internetchannel/show/17634?site=1&seekto=5764
1:36:16.90,1:36:49.82,5776.90,5809.82,Unidentified,"Undiarized transcript: the source file carries one anonymous voice for the whole meeting, so each segment can hold several speakers. Segments are named only where one speaker is anchored in the text; all others are left unattributed","I sent a letter to went in the mail Friday to Aronson, guardians of every student in the district with an idea, and that letter tells them that we are currently unable to meet all of our obligations under Idaho state law. It explains a lot of what I've talked about tonight. We're trying to recruit staff, but there are deaths.",Unknown,https://reflect-claremont.cablecast.tv/internetchannel/show/17634?site=1&seekto=5776
1:36:49.82,1:37:14.07,5809.82,5834.07,Unidentified,"Undiarized transcript: the source file carries one anonymous voice for the whole meeting, so each segment can hold several speakers. Segments are named only where one speaker is anchored in the text; all others are left unattributed","So this puts those parents on notice. And this is not a legal step. I'm not checking a box against some required procedure. I'm doing what I think is the right thing and have done it. These are in the mail or in people's mailboxes by now. It also tells them at the end that we will be following up, and after this notice the next thing that happens is our lease.",Unknown,https://reflect-claremont.cablecast.tv/internetchannel/show/17634?site=1&seekto=5809
1:37:14.14,1:37:37.90,5834.14,5857.90,Unidentified,"Undiarized transcript: the source file carries one anonymous voice for the whole meeting, so each segment can hold several speakers. Segments are named only where one speaker is anchored in the text; all others are left unattributed","That is the the rep. Typically, that's still our principles, although I hate having to have them spend their time on that. But whoever is chairing the meeting plus those case managers, the case management team, those are the people who will follow up with the parents or guardians of each child as time goes by with an assessment of here's what we've been able to do.",Unknown,https://reflect-claremont.cablecast.tv/internetchannel/show/17634?site=1&seekto=5834
1:37:37.98,1:38:01.74,5857.98,5881.74,Unidentified,"Undiarized transcript: the source file carries one anonymous voice for the whole meeting, so each segment can hold several speakers. Segments are named only where one speaker is anchored in the text; all others are left unattributed","Here's what we've missed, and here's what we propose. The conversation that unfolds from there is going to look different for different kids and different situations. In some cases, children may or students may be showing enough progress that everybody on the team agrees. We've provided enough services to get the results that were required to get, and we're okay to keep going without additional compensatory services.",Unknown,https://reflect-claremont.cablecast.tv/internetchannel/show/17634?site=1&seekto=5857
1:38:01.78,1:38:21.86,5881.78,5901.86,Unidentified,"Undiarized transcript: the source file carries one anonymous voice for the whole meeting, so each segment can hold several speakers. Segments are named only where one speaker is anchored in the text; all others are left unattributed","In other cases, we will absolutely need to provide compensatory services in the future. That is just the way it is. I can't quantify what that's going to look like, because I don't know how well or how quickly we're going to be able to fill some of these gaps. So until we know, we don't know. Thank you. So I want to thank you.",Unknown,https://reflect-claremont.cablecast.tv/internetchannel/show/17634?site=1&seekto=5881
1:38:21.90,1:38:44.94,5901.90,5924.94,Unidentified,"Undiarized transcript: the source file carries one anonymous voice for the whole meeting, so each segment can hold several speakers. Segments are named only where one speaker is anchored in the text; all others are left unattributed","One of the goals when I hired was part of that hiring decision to bring you in was, was to to find the problems, identify the problems and the plan. And my guess is for years we've been told by leadership that everything was awesome. Right. And so now, now it's sort of like a double edged sword for you because you're identifying problems that have existed for a while.",Unknown,https://reflect-claremont.cablecast.tv/internetchannel/show/17634?site=1&seekto=5901
1:38:45.02,1:39:01.54,5925.02,5941.54,Unidentified,"Undiarized transcript: the source file carries one anonymous voice for the whole meeting, so each segment can hold several speakers. Segments are named only where one speaker is anchored in the text; all others are left unattributed","But some folks out there are like, oh, see, the district isn't do it. So thank you. This is exactly what I was hoping would happen, is that all of these issues will be brought to light, and we come up with a plan to get the ship righted. And it's not going to happen today, tomorrow, but it is going to happen.",Unknown,https://reflect-claremont.cablecast.tv/internetchannel/show/17634?site=1&seekto=5925
1:39:01.54,1:39:24.18,5941.54,5964.18,Unidentified,"Undiarized transcript: the source file carries one anonymous voice for the whole meeting, so each segment can hold several speakers. Segments are named only where one speaker is anchored in the text; all others are left unattributed","So again, thank you. Just for me. Thank you. The reward is in fixing it. Yeah, the reward is in seeing kids get what they need and seeing families love and respect the educators who toil in their schools. And we're going to do it. And there are a lot of people. I'm sorry. There are a lot of staff really having a hard time right now in these schools.",Unknown,https://reflect-claremont.cablecast.tv/internetchannel/show/17634?site=1&seekto=5941
1:39:24.38,1:39:38.14,5964.38,5978.14,Unidentified,"Undiarized transcript: the source file carries one anonymous voice for the whole meeting, so each segment can hold several speakers. Segments are named only where one speaker is anchored in the text; all others are left unattributed",It's very difficult to work every day knowing that we're not able to do everything that kids need. I didn't plan this.,Unknown,https://reflect-claremont.cablecast.tv/internetchannel/show/17634?site=1&seekto=5964
1:39:38.22,1:40:05.66,5978.22,6005.66,Unidentified,"Undiarized transcript: the source file carries one anonymous voice for the whole meeting, so each segment can hold several speakers. Segments are named only where one speaker is anchored in the text; all others are left unattributed","We're going to be so proud of each other when we fix it, and we have to show up every day and keep going. There is no recipe beyond that. We do the next thing. I think it's really important that your report lays it on the line. It tells us what the situation is. It tells us how difficult it is to address the problems, to get some of the issues solved.",Unknown,https://reflect-claremont.cablecast.tv/internetchannel/show/17634?site=1&seekto=5978
1:40:05.74,1:40:26.42,6005.74,6026.42,Unidentified,"Undiarized transcript: the source file carries one anonymous voice for the whole meeting, so each segment can hold several speakers. Segments are named only where one speaker is anchored in the text; all others are left unattributed",I agreed on with what you said. It's it's very helpful to have it kernel what the issues are and how we're going to address these problems. These didn't just happen in the last ten months. Has it been years in the making? Right. And so when you have leadership that tells you everything is awesome.,Unknown,https://reflect-claremont.cablecast.tv/internetchannel/show/17634?site=1&seekto=6005
1:40:26.50,1:41:00.30,6026.50,6060.30,Unidentified,"Undiarized transcript: the source file carries one anonymous voice for the whole meeting, so each segment can hold several speakers. Segments are named only where one speaker is anchored in the text; all others are left unattributed","And we just don't have this, we don't have enough staff to get the job done. Yeah. So there's there's a double edged sword there to having enough staff and having properly certified and experience and qualified staff are unfortunately two different things. Exactly. And I think we've talked before and leadership leadership. Let's not you know, well in the in the world of special ed and this has happened and there's still some of it now putting someone in a room if they don't have the right certification to be in that role, didn't actually solve the problem.",Unknown,https://reflect-claremont.cablecast.tv/internetchannel/show/17634?site=1&seekto=6026
1:41:00.34,1:41:36.66,6060.34,6096.66,Unidentified,"Undiarized transcript: the source file carries one anonymous voice for the whole meeting, so each segment can hold several speakers. Segments are named only where one speaker is anchored in the text; all others are left unattributed","Right. So it it's hard. And there's a hole. By the way, this is not a Claremont problem. Everything probably feels very personal in Claremont after what you've all been through. But this is a public education problem in the United States. It's a public education problem all across New Hampshire. I'm going to go out on a limb and guess that if we drove down to Fall Mountain and sat in on a board meeting or if we, I don't know, name six districts they'd all be talking about, we don't have quite enough special ed teachers and other staff, or we don't have nearly enough special ed teachers and other staff.",Unknown,https://reflect-claremont.cablecast.tv/internetchannel/show/17634?site=1&seekto=6060
1:41:36.66,1:42:00.70,6096.66,6120.70,Unidentified,"Undiarized transcript: the source file carries one anonymous voice for the whole meeting, so each segment can hold several speakers. Segments are named only where one speaker is anchored in the text; all others are left unattributed","It's not just here that actually makes the problem worse, because now we're all competing in the same labor pool, right, Heather? Everybody has needs. Heather, again, thank you for the normalizing radical transparency. And I think the parents will appreciate this. And they won't like the letter, but they'll appreciate that they're not being gaslit anymore. Right. And I think the staff will appreciate that too.",Unknown,https://reflect-claremont.cablecast.tv/internetchannel/show/17634?site=1&seekto=6096
1:42:00.70,1:42:20.46,6120.70,6140.46,Unidentified,"Undiarized transcript: the source file carries one anonymous voice for the whole meeting, so each segment can hold several speakers. Segments are named only where one speaker is anchored in the text; all others are left unattributed","And most folks, reasonable people, even on unreasonable people who are fighting for their kids and fighting for their kids in the classroom and parents, they can appreciate that kind of honesty, that we're failing you and we recognize we're failing you. And these are the reasons why this is what's in our control. This is what is in our in our control.",Unknown,https://reflect-claremont.cablecast.tv/internetchannel/show/17634?site=1&seekto=6120
1:42:20.50,1:42:50.06,6140.50,6170.06,Unidentified,"Undiarized transcript: the source file carries one anonymous voice for the whole meeting, so each segment can hold several speakers. Segments are named only where one speaker is anchored in the text; all others are left unattributed","So I think it creates more of a partnership approach. And so I that's really appreciated. I had a question about the ongoing staff storage. Two questions. One about the 15 additional staff. I'm assuming that these are budgeted positions are not budgeted positions. Do we need more than we've budgeted for? I know I don't think we're going to get them, but I'm thinking for the next budget season, are we looking at for the next budget?",Unknown,https://reflect-claremont.cablecast.tv/internetchannel/show/17634?site=1&seekto=6140
1:42:50.14,1:43:25.98,6170.14,6205.98,Unidentified,"Undiarized transcript: the source file carries one anonymous voice for the whole meeting, so each segment can hold several speakers. Segments are named only where one speaker is anchored in the text; all others are left unattributed","We will absolutely be able to give you an accurate and realistic description of needs. There's no question about that. Figuring out how these puzzle pieces fit into the existing budget for this year is part of what I was talking about earlier in the finance report that Theresa and I will be working on with Amy over the next month, and we're confident that we're within budget, and we've actually tested that at a couple of the schools by taking the time to go through line by line before Theresa got here, just to make sure that we were doing okay.",Unknown,https://reflect-claremont.cablecast.tv/internetchannel/show/17634?site=1&seekto=6170
1:43:25.98,1:43:53.90,6205.98,6233.90,Unidentified,"Undiarized transcript: the source file carries one anonymous voice for the whole meeting, so each segment can hold several speakers. Segments are named only where one speaker is anchored in the text; all others are left unattributed","But the fact is that the object codes, the lines in this budget don't really correspond with what the district needed or even already had. I see I can be more specific if that's two. That's disconcerting. Okay, that's enough for now. Okay. And I just wanted a little bit more clarification about the out of date IEPs and records and how that affects our ability to generate revenue.",Unknown,https://reflect-claremont.cablecast.tv/internetchannel/show/17634?site=1&seekto=6205
1:43:53.98,1:44:20.82,6233.98,6260.82,Unidentified,"Undiarized transcript: the source file carries one anonymous voice for the whole meeting, so each segment can hold several speakers. Segments are named only where one speaker is anchored in the text; all others are left unattributed","So with that very startling number of how many IEPs or what percentage of IEPs are out of compliance that noncompliance, does that mean that we may not be in reimbursed or that we will not or have. No. So so the fact that we're correcting out of district IEPs in September, which is what's been happening, this is good news because these are IEPs.",Unknown,https://reflect-claremont.cablecast.tv/internetchannel/show/17634?site=1&seekto=6233
1:44:20.82,1:44:55.55,6260.82,6295.55,Unidentified,"Undiarized transcript: the source file carries one anonymous voice for the whole meeting, so each segment can hold several speakers. Segments are named only where one speaker is anchored in the text; all others are left unattributed","We will be submitting for special ed aid reimbursement against next summer. So if we hadn't corrected them and time had gone on, then the amount of time that we may not be eligible for reimbursement would get bigger and bigger. But we're here at the very beginning. I'm just trying to think ahead of cost. That's a good question. And you know how much we've just kind of trying to estimate on how much we were assuming was the liability of the local taxpayer versus what we should have that at budget time to have it.",Unknown,https://reflect-claremont.cablecast.tv/internetchannel/show/17634?site=1&seekto=6260
1:44:55.58,1:45:01.70,6295.58,6301.70,Unidentified,"Undiarized transcript: the source file carries one anonymous voice for the whole meeting, so each segment can hold several speakers. Segments are named only where one speaker is anchored in the text; all others are left unattributed","Yeah, we should do that. Should be okay when we're doing next year's budget.",Unknown,https://reflect-claremont.cablecast.tv/internetchannel/show/17634?site=1&seekto=6295
1:45:01.78,1:45:05.82,6301.78,6305.82,Unidentified,"Undiarized transcript: the source file carries one anonymous voice for the whole meeting, so each segment can hold several speakers. Segments are named only where one speaker is anchored in the text; all others are left unattributed",Anyone else?,Unknown,https://reflect-claremont.cablecast.tv/internetchannel/show/17634?site=1&seekto=6301
1:45:05.90,1:45:13.26,6305.90,6313.26,Unidentified,"Undiarized transcript: the source file carries one anonymous voice for the whole meeting, so each segment can hold several speakers. Segments are named only where one speaker is anchored in the text; all others are left unattributed",Thank you. This was this was a high report. But thank you for it.,Unknown,https://reflect-claremont.cablecast.tv/internetchannel/show/17634?site=1&seekto=6305
1:45:13.34,1:45:37.66,6313.34,6337.66,Unidentified,"Undiarized transcript: the source file carries one anonymous voice for the whole meeting, so each segment can hold several speakers. Segments are named only where one speaker is anchored in the text; all others are left unattributed",Moving on to another topic. That's a difficult topic. Let's talk about self-contained k one. Yeah. And preschool and pre-K. Sorry. So so we came this far. Gosh. So.,Unknown,https://reflect-claremont.cablecast.tv/internetchannel/show/17634?site=1&seekto=6313
1:45:37.74,1:45:47.58,6337.74,6347.58,Unidentified,"Undiarized transcript: the source file carries one anonymous voice for the whole meeting, so each segment can hold several speakers. Segments are named only where one speaker is anchored in the text; all others are left unattributed",Does Naz in tough shape. I was just strangely shedding a tear.,Unknown,https://reflect-claremont.cablecast.tv/internetchannel/show/17634?site=1&seekto=6337
1:45:47.66,1:46:07.42,6347.66,6367.42,Unidentified,"Undiarized transcript: the source file carries one anonymous voice for the whole meeting, so each segment can hold several speakers. Segments are named only where one speaker is anchored in the text; all others are left unattributed","But I wouldn't be the first person at Disney this year who's had an emotional moment or in any of the schools. And I'm not going to leave any of the others out. There are some challenges throughout the district. There are some very serious difficulties at Maple Leaf that will also get to here as quickly as possible, but this is not elementary.",Unknown,https://reflect-claremont.cablecast.tv/internetchannel/show/17634?site=1&seekto=6347
1:46:07.42,1:46:29.38,6367.42,6389.38,Unidentified,"Undiarized transcript: the source file carries one anonymous voice for the whole meeting, so each segment can hold several speakers. Segments are named only where one speaker is anchored in the text; all others are left unattributed","Opened this year for the first time with pre-K, kindergarten, first and second grade students from all over Claremont in that building. That hadn't been done before. And I think there was a a rough idea of how that would fit. But in reality, this is what it means. Heather and I had a chance to take a tour last week and see this together firsthand.",Unknown,https://reflect-claremont.cablecast.tv/internetchannel/show/17634?site=1&seekto=6367
1:46:29.42,1:46:55.26,6389.42,6415.26,Unidentified,"Undiarized transcript: the source file carries one anonymous voice for the whole meeting, so each segment can hold several speakers. Segments are named only where one speaker is anchored in the text; all others are left unattributed","I had seen it, of course, already there is not a spare classroom in that building. That's not necessarily a bad thing unless you need a spare classroom. Like for example, you decide G. We'd be better off with six kindergarten classrooms instead of five, and you don't have a place to put one, which is the condition there. Now there are office spaces if we want to call them that, that are being shared by 2 or 3 adults because there aren't enough spaces.",Unknown,https://reflect-claremont.cablecast.tv/internetchannel/show/17634?site=1&seekto=6389
1:46:55.26,1:47:12.62,6415.26,6432.62,Unidentified,"Undiarized transcript: the source file carries one anonymous voice for the whole meeting, so each segment can hold several speakers. Segments are named only where one speaker is anchored in the text; all others are left unattributed","The nurse had to move out of what I assume has been the nurse's office for a very long time, so that we could have a behavior intervention space. The Tiger's Den articles nest, as the case may be. Sorry. Sorry, Melissa.",Unknown,https://reflect-claremont.cablecast.tv/internetchannel/show/17634?site=1&seekto=6415
1:47:12.70,1:47:43.50,6432.70,6463.50,Unidentified,"Undiarized transcript: the source file carries one anonymous voice for the whole meeting, so each segment can hold several speakers. Segments are named only where one speaker is anchored in the text; all others are left unattributed","When when teachers and other staff who provide things like counseling or 1 to 1 intervention with students are going to work with those kids, they don't necessarily have private spaces to take them to to do that work. So what's happening is where those 2 or 3 adults are sharing a space, one of them will provide student services at a time, which means somebody who might be able to provide student services right now isn't because they're not a place to do it.",Unknown,https://reflect-claremont.cablecast.tv/internetchannel/show/17634?site=1&seekto=6432
1:47:43.58,1:47:52.86,6463.58,6472.86,Unidentified,"Undiarized transcript: the source file carries one anonymous voice for the whole meeting, so each segment can hold several speakers. Segments are named only where one speaker is anchored in the text; all others are left unattributed","Every meeting, IEP, team meeting and other meetings are being held in the principal's office, which I'm sure is terrific.",Unknown,https://reflect-claremont.cablecast.tv/internetchannel/show/17634?site=1&seekto=6463
1:47:52.94,1:48:17.62,6472.94,6497.62,Unidentified,"Undiarized transcript: the source file carries one anonymous voice for the whole meeting, so each segment can hold several speakers. Segments are named only where one speaker is anchored in the text; all others are left unattributed","This is one of those self-contained programs, subset programs that requires Department of Education approval. There's a self-contained kindergarten first grade special program. It is currently over capacity compared to the regulatory requirements. So as we resolve this Dr.. With the Department of Education and we submit for program approval, we need to resolve that. We have to get this program within regulatory capacity.",Unknown,https://reflect-claremont.cablecast.tv/internetchannel/show/17634?site=1&seekto=6472
1:48:17.62,1:48:36.10,6497.62,6516.10,Unidentified,"Undiarized transcript: the source file carries one anonymous voice for the whole meeting, so each segment can hold several speakers. Segments are named only where one speaker is anchored in the text; all others are left unattributed","And you already know about parking which is being addressed. So we're going to wipe that one off the board just as soon as we can get the pyramid done. The first quote came in a bit higher than the estimate that I shared with you a couple of months ago, so there's some work to do there. I'll be there tomorrow.",Unknown,https://reflect-claremont.cablecast.tv/internetchannel/show/17634?site=1&seekto=6497
1:48:36.18,1:49:05.90,6516.18,6545.90,Unidentified,"Undiarized transcript: the source file carries one anonymous voice for the whole meeting, so each segment can hold several speakers. Segments are named only where one speaker is anchored in the text; all others are left unattributed","More importantly, conduct or behavior looks different than and I haven't been here, but I trust the folks telling me this than ever before. Disruptive behavior in particular is happening much more than our teachers, at least in that building, have ever seen. And I suspect that's going to be more than we've ever seen in Claremont's schools, any of them, because all of these age groups are now concentrated in the same place.",Unknown,https://reflect-claremont.cablecast.tv/internetchannel/show/17634?site=1&seekto=6516
1:49:05.90,1:49:28.22,6545.90,6568.22,Unidentified,"Undiarized transcript: the source file carries one anonymous voice for the whole meeting, so each segment can hold several speakers. Segments are named only where one speaker is anchored in the text; all others are left unattributed","And this is happening, and you're going to wonder, this is happening among our youngest students. Children are arriving at school who are not ready for the social routines of the school. They're not ready to stand in line. They're not ready to go to a classroom. They're not ready to interact with peers. They're not ready to listen to directions from an adult.",Unknown,https://reflect-claremont.cablecast.tv/internetchannel/show/17634?site=1&seekto=6545
1:49:28.30,1:49:50.34,6568.30,6590.34,Unidentified,"Undiarized transcript: the source file carries one anonymous voice for the whole meeting, so each segment can hold several speakers. Segments are named only where one speaker is anchored in the text; all others are left unattributed","And when we can't carefully plan interventions for those kids, we end up with over identification. In special ed, we end up deciding, this looks like a disability, I don't. Sorry, Tim. So when you talk about students arriving, not ready, I'm guessing you're talking about our pre-K K one. You're not talking about kids that have been or are you talking about second and third as well?",Unknown,https://reflect-claremont.cablecast.tv/internetchannel/show/17634?site=1&seekto=6568
1:49:50.34,1:50:14.26,6590.34,6614.26,Unidentified,"Undiarized transcript: the source file carries one anonymous voice for the whole meeting, so each segment can hold several speakers. Segments are named only where one speaker is anchored in the text; all others are left unattributed","So not as many at the second grade level. Additionally we only go to second, but it does span the grades, I would say more in the youngest grades, less and less. Only a couple of disruptive second graders are still disruptive. Of course, the kinds of things we're seeing our classroom evacuations, the schools having to go into secure hallway conditions due to student behavior.",Unknown,https://reflect-claremont.cablecast.tv/internetchannel/show/17634?site=1&seekto=6590
1:50:14.42,1:50:38.46,6614.42,6638.46,Unidentified,"Undiarized transcript: the source file carries one anonymous voice for the whole meeting, so each segment can hold several speakers. Segments are named only where one speaker is anchored in the text; all others are left unattributed","It's going to keep getting better. So please stick around for a few minutes. This results in staff burnout. This isn't the only place this kind of thing is happening. We've been seeing it more and more in a lot of districts for whatever reason, since the pandemic, especially among younger students. And it's extremely disruptive behavior that that we're seeing.",Unknown,https://reflect-claremont.cablecast.tv/internetchannel/show/17634?site=1&seekto=6614
1:50:38.54,1:50:51.98,6638.54,6651.98,Unidentified,"Undiarized transcript: the source file carries one anonymous voice for the whole meeting, so each segment can hold several speakers. Segments are named only where one speaker is anchored in the text; all others are left unattributed","Eventually somebody walks out and that's already happened this year. And that leaves fewer adults with the same conditions, which makes the problem worse for those who remain.",Unknown,https://reflect-claremont.cablecast.tv/internetchannel/show/17634?site=1&seekto=6638
1:50:52.06,1:51:22.38,6652.06,6682.38,Unidentified,"Undiarized transcript: the source file carries one anonymous voice for the whole meeting, so each segment can hold several speakers. Segments are named only where one speaker is anchored in the text; all others are left unattributed","So at the elementary level, Maple and districts do this. Everybody does this or, well, everybody is supposed to keep a log. Thank you. Principles for keeping logs of of injuries or incidents that could result, could have resulted in injuries in our schools do this for a lot of reasons. We're required to by the Department of Labor. In our labor agreements, we have lost prevention committees that are supposed to look at this kind of thing.",Unknown,https://reflect-claremont.cablecast.tv/internetchannel/show/17634?site=1&seekto=6652
1:51:22.42,1:51:50.90,6682.42,6710.90,Unidentified,"Undiarized transcript: the source file carries one anonymous voice for the whole meeting, so each segment can hold several speakers. Segments are named only where one speaker is anchored in the text; all others are left unattributed","And traditionally, those committees would ask questions like G. Do we have enough slippery floor signs to put out? And now they're asking questions like, can we get Kevlar bike guards for all the teachers in Paris? That's a real thing. I bought them, and this is the first place I've ever bought Kevlar by cards for staff. I've been doing it for a few years now, so at the elementary level, we've had 20 reportable accidents or injury incidents.",Unknown,https://reflect-claremont.cablecast.tv/internetchannel/show/17634?site=1&seekto=6682
1:51:50.90,1:52:14.86,6710.90,6734.86,Unidentified,"Undiarized transcript: the source file carries one anonymous voice for the whole meeting, so each segment can hold several speakers. Segments are named only where one speaker is anchored in the text; all others are left unattributed","This is at Maple and Denard during September. And here's a great example. Staff slipped on wet floor, fell backwards hitting head back and fun. Kind of what you would expect. Three of the 20 sound kind of like that. The other 17 sound like this student hit staff in the back of the head, student kicked in leg and right forearm scratched by student.",Unknown,https://reflect-claremont.cablecast.tv/internetchannel/show/17634?site=1&seekto=6710
1:52:14.94,1:52:38.50,6734.94,6758.50,Unidentified,"Undiarized transcript: the source file carries one anonymous voice for the whole meeting, so each segment can hold several speakers. Segments are named only where one speaker is anchored in the text; all others are left unattributed","That's a different one. Kicked in the stomach and legs by a student. Student tried to lock the teacher out of the room and then slammed the door into her as she tried to enter. Student bit her on left forearm and they go on like that. That's a one month. That's in one month. Madam chair, can we get this included each month in our packet?",Unknown,https://reflect-claremont.cablecast.tv/internetchannel/show/17634?site=1&seekto=6734
1:52:38.58,1:52:59.90,6758.58,6779.90,Unidentified,"Undiarized transcript: the source file carries one anonymous voice for the whole meeting, so each segment can hold several speakers. Segments are named only where one speaker is anchored in the text; all others are left unattributed","Those types what you just said right there in my mind, this is just as important as everything else you put up. This is we track this data. So I think it'd be important for the public to have it for us. And these are not these are not children with disabilities. So let's talk about that. Did you read ahead.",Unknown,https://reflect-claremont.cablecast.tv/internetchannel/show/17634?site=1&seekto=6758
1:52:59.94,1:53:28.10,6779.94,6808.10,Unidentified,"Undiarized transcript: the source file carries one anonymous voice for the whole meeting, so each segment can hold several speakers. Segments are named only where one speaker is anchored in the text; all others are left unattributed","It's right here on this slide. So in 1975, the federal government passed the individuals with Disabilities and Education Act. And one of the things I'd say tells public schools to ask when we look at behavior is, is this child's behavior the manifestation of a disability, or is this a non-disabled child misbehaving? Right in in 1975? That was the question.",Unknown,https://reflect-claremont.cablecast.tv/internetchannel/show/17634?site=1&seekto=6779
1:53:28.18,1:53:37.10,6808.18,6817.10,Unidentified,"Undiarized transcript: the source file carries one anonymous voice for the whole meeting, so each segment can hold several speakers. Segments are named only where one speaker is anchored in the text; all others are left unattributed","In 2026, we're living in an expanded world of idea.",Unknown,https://reflect-claremont.cablecast.tv/internetchannel/show/17634?site=1&seekto=6808
1:53:37.18,1:54:05.06,6817.18,6845.06,Unidentified,"Undiarized transcript: the source file carries one anonymous voice for the whole meeting, so each segment can hold several speakers. Segments are named only where one speaker is anchored in the text; all others are left unattributed","Almost all behavior, especially among our youngest students, is viewed through the lens of disability. In fact, I have seen this year, for the first time, a diagnosis of a disability that was listed as a behavioral disability. So when a team meets for what's called a manifestation review, asking the question, is this child's behavior the manifestation of a disability?",Unknown,https://reflect-claremont.cablecast.tv/internetchannel/show/17634?site=1&seekto=6817
1:54:05.06,1:54:28.30,6845.06,6868.30,Unidentified,"Undiarized transcript: the source file carries one anonymous voice for the whole meeting, so each segment can hold several speakers. Segments are named only where one speaker is anchored in the text; all others are left unattributed","And then they look at this diagnosis and it says behavioral disability. I'm not sure how the answer would ever not be. All behavior for that child is a manifestation of a behavioral disability. I'm not a certified special educator, and some people are breathing a sigh of relief. But this is a real thing that exists in American public schools and our schools right now.",Unknown,https://reflect-claremont.cablecast.tv/internetchannel/show/17634?site=1&seekto=6845
1:54:28.30,1:55:17.46,6868.30,6917.46,Unidentified,"Undiarized transcript: the source file carries one anonymous voice for the whole meeting, so each segment can hold several speakers. Segments are named only where one speaker is anchored in the text; all others are left unattributed","And it has to be discussed, even though we are not the people who are going to go make decisions about services kids are eligible for. That's not our job and we can't do it. But there's something happening here that is changing both the staff and the student experience in our schools. There is a growing perception among educators, and this is an informal conclusion that I've drawn through my experience leading school districts, that sometimes teachers will believe that students are protected from consequences for their actions, or at least that school administrators principles are powerless to give consequences that what you usually would hear, what I would expect to hear from staff who are feeling this way,",Unknown,https://reflect-claremont.cablecast.tv/internetchannel/show/17634?site=1&seekto=6868
1:55:17.46,1:55:39.66,6917.46,6939.66,Unidentified,"Undiarized transcript: the source file carries one anonymous voice for the whole meeting, so each segment can hold several speakers. Segments are named only where one speaker is anchored in the text; all others are left unattributed","is it doesn't matter what they do. They're back in my class the next day, no matter what. And I'm not trying to be a downer here, because not being ready to be in a school is not a disability, but not being ready to be in a school does result in behavior. Yeah, that doesn't work in the context of the public school.",Unknown,https://reflect-claremont.cablecast.tv/internetchannel/show/17634?site=1&seekto=6917
1:55:39.82,1:56:11.46,6939.82,6971.46,Unidentified,"Undiarized transcript: the source file carries one anonymous voice for the whole meeting, so each segment can hold several speakers. Segments are named only where one speaker is anchored in the text; all others are left unattributed","So disciplinary consequences might not make a lot of sense when all that's wrong is the kid isn't ready. I already talked to you at a previous meeting about the number of kids in our kindergartens who need toileting assistance. Yes, that's not been the case for decades, but that is the case now. And wasn't that over? I mean, it was like 15%.",Unknown,https://reflect-claremont.cablecast.tv/internetchannel/show/17634?site=1&seekto=6939
1:56:11.54,1:56:19.98,6971.54,6979.98,Unidentified,"Undiarized transcript: the source file carries one anonymous voice for the whole meeting, so each segment can hold several speakers. Segments are named only where one speaker is anchored in the text; all others are left unattributed","Yeah. Ten, 1012. I mean, that's a significant number, 10% and more that, that.",Unknown,https://reflect-claremont.cablecast.tv/internetchannel/show/17634?site=1&seekto=6971
1:56:20.06,1:56:58.54,6980.06,7018.54,Unidentified,"Undiarized transcript: the source file carries one anonymous voice for the whole meeting, so each segment can hold several speakers. Segments are named only where one speaker is anchored in the text; all others are left unattributed","So and that that has all kinds of health implications for the rest of the students in the classroom and for the teachers who have to take care of that situation. It creates some lingering. It certainly does. You also, you also told us about the I don't know whether the number of students who are nonverbal. Yes. Non nonverbal. This is this is kindergarten students who are not speaking.",Unknown,https://reflect-claremont.cablecast.tv/internetchannel/show/17634?site=1&seekto=6980
1:56:58.54,1:57:24.70,7018.54,7044.70,Unidentified,"Undiarized transcript: the source file carries one anonymous voice for the whole meeting, so each segment can hold several speakers. Segments are named only where one speaker is anchored in the text; all others are left unattributed","So so look again these are our youngest kids. And we don't know enough necessarily to be able to ascribe cause for everything we see until we get to know the kids. But right now we're getting to know them for the first time in a kindergarten classroom with 20 kids, where 18 of those kids are ready to be at school.",Unknown,https://reflect-claremont.cablecast.tv/internetchannel/show/17634?site=1&seekto=7018
1:57:24.78,1:57:53.74,7044.78,7073.74,Unidentified,"Undiarized transcript: the source file carries one anonymous voice for the whole meeting, so each segment can hold several speakers. Segments are named only where one speaker is anchored in the text; all others are left unattributed","And because of these disruptions, those students are not being provided with a free and appropriate public education right, because they have to evacuate the classroom, are evacuated, always are locked down. Teachers aren't in the classroom or aren't in the classroom. Principals aren't available in principle, right, because they're chasing these disruptions. So we have two problems. We have a short term issue, and we have a long term issue.",Unknown,https://reflect-claremont.cablecast.tv/internetchannel/show/17634?site=1&seekto=7044
1:57:53.82,1:58:16.26,7073.82,7096.26,Unidentified,"Undiarized transcript: the source file carries one anonymous voice for the whole meeting, so each segment can hold several speakers. Segments are named only where one speaker is anchored in the text; all others are left unattributed","Early intervention to prepare kids to be in schools. That's a long term issue that we need to talk about. And we're going to talk about this here. Okay. Can we talk about that this year. Because that's a long term problem that I don't think is going to go away. So if we're getting kids now in the fall of 26 who aren't ready for the routines of school, I can make a prediction about the fall of 27.",Unknown,https://reflect-claremont.cablecast.tv/internetchannel/show/17634?site=1&seekto=7073
1:58:16.30,1:58:41.49,7096.30,7121.49,Unidentified,"Undiarized transcript: the source file carries one anonymous voice for the whole meeting, so each segment can hold several speakers. Segments are named only where one speaker is anchored in the text; all others are left unattributed","Yeah. So that's a long term problem. So I want to put a pin on it though, because we have bigger issues today right now. And I want to be really clear that this is a short term problem. And I'm going to talk about some short term solutions. I am not presenting a keystone piece of a grand strategic plan for the future of the Claremont School District.",Unknown,https://reflect-claremont.cablecast.tv/internetchannel/show/17634?site=1&seekto=7096
1:58:41.50,1:58:54.50,7121.50,7134.50,Unidentified,"Undiarized transcript: the source file carries one anonymous voice for the whole meeting, so each segment can hold several speakers. Segments are named only where one speaker is anchored in the text; all others are left unattributed",That's not what this is. This is how do we survive and have a better chance of maintaining orderly learning environments and retaining staff in October.,Unknown,https://reflect-claremont.cablecast.tv/internetchannel/show/17634?site=1&seekto=7121
1:58:54.58,1:59:19.30,7134.58,7159.30,Unidentified,"Undiarized transcript: the source file carries one anonymous voice for the whole meeting, so each segment can hold several speakers. Segments are named only where one speaker is anchored in the text; all others are left unattributed","And step one is we have that second K-1 self-contained program that will bring us into compliance with state regulation. Let us get both of those rooms approved, take 11 kids and spread them out, plus have the capacity to place a few more kids who might need to be in a program like that, as they hopefully learn to function in the school environment and are able to be mainstreamed in the future.",Unknown,https://reflect-claremont.cablecast.tv/internetchannel/show/17634?site=1&seekto=7134
1:59:19.38,1:59:26.50,7159.38,7166.50,Unidentified,"Undiarized transcript: the source file carries one anonymous voice for the whole meeting, so each segment can hold several speakers. Segments are named only where one speaker is anchored in the text; all others are left unattributed",And I'm sorry if I'm not using great special ed terminology. It's not really what I do all the time.,Unknown,https://reflect-claremont.cablecast.tv/internetchannel/show/17634?site=1&seekto=7159
1:59:26.58,1:59:49.70,7166.58,7189.70,Unidentified,"Undiarized transcript: the source file carries one anonymous voice for the whole meeting, so each segment can hold several speakers. Segments are named only where one speaker is anchored in the text; all others are left unattributed","We can better meet some of those students needs in a self-contained subset program. We have a teacher certified, willing ready to go who's already in the building. We will qualify for approval of both programs, which is a step forward under our diligence review from the department that was initiated last year. And the problem is that every solution creates new problem.",Unknown,https://reflect-claremont.cablecast.tv/internetchannel/show/17634?site=1&seekto=7166
1:59:49.70,2:00:19.34,7189.70,7219.34,Unidentified,"Undiarized transcript: the source file carries one anonymous voice for the whole meeting, so each segment can hold several speakers. Segments are named only where one speaker is anchored in the text; all others are left unattributed","By the way, we talked about, I think, six other things. Well, one of them was to do nothing and that really fast. Nothing's not one of our choices. So I think we talked about five other possible solutions, hated every one of them and ended up here. And the reason it was so easy to hate most of our ideas about potential interventions right now is because every possible solution creates other problems, and we really didn't like a lot of the other problems that were created.",Unknown,https://reflect-claremont.cablecast.tv/internetchannel/show/17634?site=1&seekto=7189
2:00:19.54,2:00:47.42,7219.54,7247.42,Unidentified,"Undiarized transcript: the source file carries one anonymous voice for the whole meeting, so each segment can hold several speakers. Segments are named only where one speaker is anchored in the text; all others are left unattributed","In this case, the problem that's created is if we're going to add a second self-contained K-1 program that Nadh, we have to put it somewhere and there aren't any rooms. So pre-K, preschool services occupy one room at Disney next door to the existing K-1 subset program. It's the perfect place to put it, but that bumps preschool. I'm not saying this because I want to say this.",Unknown,https://reflect-claremont.cablecast.tv/internetchannel/show/17634?site=1&seekto=7219
2:00:47.42,2:01:04.70,7247.42,7264.70,Unidentified,"Undiarized transcript: the source file carries one anonymous voice for the whole meeting, so each segment can hold several speakers. Segments are named only where one speaker is anchored in the text; all others are left unattributed",I'm not here tonight because I haven't been looking forward to this for the last week. There are two rooms available at me. That one room that has preschool in it is housing. It's it's a drop in service room for kids. It's not a classroom with 16 kids running around all day in two sessions or anything like that.,Unknown,https://reflect-claremont.cablecast.tv/internetchannel/show/17634?site=1&seekto=7247
2:01:04.74,2:01:26.38,7264.74,7286.38,Unidentified,"Undiarized transcript: the source file carries one anonymous voice for the whole meeting, so each segment can hold several speakers. Segments are named only where one speaker is anchored in the text; all others are left unattributed","Kids are in and out. There's a preschool case manager, there's a preschool teacher, and then there's a speech assistant, an OT assistant who provides speech and OT services. Those for adults work in and out of that room with the kids and parents who drop in and out throughout the day. We can give them two rooms at Maple instead of one, so I view that as an improvement how they use those rooms.",Unknown,https://reflect-claremont.cablecast.tv/internetchannel/show/17634?site=1&seekto=7264
2:01:26.54,2:01:48.06,7286.54,7308.06,Unidentified,"Undiarized transcript: the source file carries one anonymous voice for the whole meeting, so each segment can hold several speakers. Segments are named only where one speaker is anchored in the text; all others are left unattributed","I'm going to not like for manage because I have a better chance of them still liking me in a few days if I stay out of it, but I can give them two rooms, or I should say Principal Irwin, in his generous cooperation, can give them two rooms and they can be next to each other, and those adults and kids can spread out.",Unknown,https://reflect-claremont.cablecast.tv/internetchannel/show/17634?site=1&seekto=7286
2:01:48.14,2:02:05.62,7308.14,7325.62,Unidentified,"Undiarized transcript: the source file carries one anonymous voice for the whole meeting, so each segment can hold several speakers. Segments are named only where one speaker is anchored in the text; all others are left unattributed","We could use one for case management and specially designed instruction. We could use the other for speech and OT. Or again I could not micromanage and they could do whatever we're going to be best for the kids. Gives pre-K more total space. Removes three adults from Disney, where the adults are crowded and sharing offices and things like that.",Unknown,https://reflect-claremont.cablecast.tv/internetchannel/show/17634?site=1&seekto=7308
2:02:05.62,2:02:17.10,7325.62,7337.10,Unidentified,"Undiarized transcript: the source file carries one anonymous voice for the whole meeting, so each segment can hold several speakers. Segments are named only where one speaker is anchored in the text; all others are left unattributed","I know that's a small change, but it's a change. And my conclusion is that we should do this and I want to do it, and I'm planning to do it tomorrow unless you stopping.",Unknown,https://reflect-claremont.cablecast.tv/internetchannel/show/17634?site=1&seekto=7325
2:02:17.18,2:02:24.70,7337.18,7344.70,Unidentified,"Undiarized transcript: the source file carries one anonymous voice for the whole meeting, so each segment can hold several speakers. Segments are named only where one speaker is anchored in the text; all others are left unattributed","I'm going to keep going. This is crisis management, not long term strategic planning.",Unknown,https://reflect-claremont.cablecast.tv/internetchannel/show/17634?site=1&seekto=7337
2:02:24.78,2:02:44.46,7344.78,7364.46,Unidentified,"Undiarized transcript: the source file carries one anonymous voice for the whole meeting, so each segment can hold several speakers. Segments are named only where one speaker is anchored in the text; all others are left unattributed","We're going to do this unless you stop us. And we need to keep talking about the future of pre-K. It's not an academic readiness program. I wasn't here, I don't want to talk about it. I'm not trying to give you a hard time. I don't know what happened. Preschool is not about reading and math. It's not about whether or not they can count.",Unknown,https://reflect-claremont.cablecast.tv/internetchannel/show/17634?site=1&seekto=7344
2:02:44.54,2:03:05.86,7364.54,7385.86,Unidentified,"Undiarized transcript: the source file carries one anonymous voice for the whole meeting, so each segment can hold several speakers. Segments are named only where one speaker is anchored in the text; all others are left unattributed",It's not about whether or not they know the alphabet. It's about whether or not they can function in the social norms of a public school building with peers and adults. And we are seeing what happens when kids come into public schools who aren't ready. I'm not giving you a hard time. The past is the past. Thank you for indulging me.,Unknown,https://reflect-claremont.cablecast.tv/internetchannel/show/17634?site=1&seekto=7364
2:03:05.86,2:03:30.90,7385.86,7410.90,Unidentified,"Undiarized transcript: the source file carries one anonymous voice for the whole meeting, so each segment can hold several speakers. Segments are named only where one speaker is anchored in the text; all others are left unattributed","So it's interesting. I read through your slides earlier today, and I just wanted to see what our neighbors around us, how they handle pre-K, and I'm just going to plant these seeds. So it's interesting that Hanover does not offer pre-K, although there's some availability in Norwich that's based on availability. But Vermont students have priority in Lebanon. Pre-K offer via lottery system in Keene.",Unknown,https://reflect-claremont.cablecast.tv/internetchannel/show/17634?site=1&seekto=7385
2:03:30.90,2:04:00.02,7410.90,7440.02,Unidentified,"Undiarized transcript: the source file carries one anonymous voice for the whole meeting, so each segment can hold several speakers. Segments are named only where one speaker is anchored in the text; all others are left unattributed","It centrally housed and limited, along with a lab, preschool and the career center. Kearsarge competitively limited enrollment with a huge waitlist to get into pre-K sunup uses a lottery system and Newport identified via child finding screenings. So just so, so Dawn, I'm glad you brought it up. So not tonight and not in the future. Am I going to propose that we in-state or reinstate universal pre-K?",Unknown,https://reflect-claremont.cablecast.tv/internetchannel/show/17634?site=1&seekto=7410
2:04:00.10,2:04:34.02,7440.10,7474.02,Unidentified,"Undiarized transcript: the source file carries one anonymous voice for the whole meeting, so each segment can hold several speakers. Segments are named only where one speaker is anchored in the text; all others are left unattributed","I'm not, however, expanding the services that are being provided now and maybe having enough classroom capacity for some students who need it the most to be in a structured preschool program could address some of these most desperate needs. It is a conversation for another day, but I'm glad you brought that up. I am not driving toward a day when I plan to say we should have six preschool classrooms, and we should have eight teachers.",Unknown,https://reflect-claremont.cablecast.tv/internetchannel/show/17634?site=1&seekto=7440
2:04:34.02,2:04:42.02,7474.02,7482.02,Unidentified,"Undiarized transcript: the source file carries one anonymous voice for the whole meeting, so each segment can hold several speakers. Segments are named only where one speaker is anchored in the text; all others are left unattributed",I'm not going to say that somebody might say that it won't be me.,Unknown,https://reflect-claremont.cablecast.tv/internetchannel/show/17634?site=1&seekto=7474
2:04:42.10,2:05:13.46,7482.10,7513.46,Unidentified,"Undiarized transcript: the source file carries one anonymous voice for the whole meeting, so each segment can hold several speakers. Segments are named only where one speaker is anchored in the text; all others are left unattributed","Above and beyond the interventions that you're speaking about this evening. What else can the board do, or what else can the administration do to provide more support for our teachers? And, and, quite frankly, regular education students, because I've always had an aversion to regular education students being part of other students treatment plan without parental consent and having their educational opportunities disrupted.",Unknown,https://reflect-claremont.cablecast.tv/internetchannel/show/17634?site=1&seekto=7482
2:05:13.46,2:05:42.90,7513.46,7542.90,Unidentified,"Undiarized transcript: the source file carries one anonymous voice for the whole meeting, so each segment can hold several speakers. Segments are named only where one speaker is anchored in the text; all others are left unattributed","And I cannot not draw the, you know, connect the dots between some of our challenges with academic achievement and the level of disruption that has been tolerated in our elementary schools. Heather, I can't promise, but I hope that what we're about to do. Will create a better experience for the remaining students and staff in our five kindergarten rooms.",Unknown,https://reflect-claremont.cablecast.tv/internetchannel/show/17634?site=1&seekto=7513
2:05:42.98,2:06:23.78,7542.98,7583.78,Unidentified,"Undiarized transcript: the source file carries one anonymous voice for the whole meeting, so each segment can hold several speakers. Segments are named only where one speaker is anchored in the text; all others are left unattributed","We'll hopefully create a better experience for the remaining students and the staff in our first grade rooms. What I'm suggesting beyond that is policy, some kind of policies that the school board could initiate to help support our principles and our teachers with enforcing discipline with fidelity across both elementary schools, and perhaps even requiring that students that come in that are not considered having a disability related to incontinence or inability to manage their systems, perhaps they're not eligible to enter the school.",Unknown,https://reflect-claremont.cablecast.tv/internetchannel/show/17634?site=1&seekto=7542
2:06:23.86,2:06:46.50,7583.86,7606.50,Unidentified,"Undiarized transcript: the source file carries one anonymous voice for the whole meeting, so each segment can hold several speakers. Segments are named only where one speaker is anchored in the text; all others are left unattributed","I think it's not okay for anybody to be hit, or I don't care that these kids are little. It's not acceptable. It wasn't acceptable in my house. It shouldn't be accepted by anybody. It's intolerable behavior and no teacher should have to accept abuse on any level. And if we can create policy or do something. I have been so frustrated by this.",Unknown,https://reflect-claremont.cablecast.tv/internetchannel/show/17634?site=1&seekto=7583
2:06:46.50,2:07:14.50,7606.50,7634.50,Unidentified,"Undiarized transcript: the source file carries one anonymous voice for the whole meeting, so each segment can hold several speakers. Segments are named only where one speaker is anchored in the text; all others are left unattributed",I can't tell you. And the language that I've heard over the years is that there's nothing we can do. I just cannot believe that there's nothing that this board and this district can't do to support teachers and classroom environment more. I don't believe that there's nothing we can do. I think that what we need to do and what other public schools need to do is going to be very difficult and controversial and face some backlash.,Unknown,https://reflect-claremont.cablecast.tv/internetchannel/show/17634?site=1&seekto=7606
2:07:14.58,2:07:46.18,7634.58,7666.18,Unidentified,"Undiarized transcript: the source file carries one anonymous voice for the whole meeting, so each segment can hold several speakers. Segments are named only where one speaker is anchored in the text; all others are left unattributed","We are already, I think, issuing suspensions actual. You can't come to school tomorrow or for the next two days at age levels, that maybe our principles have never had to do it or felt comfortable doing it before. And I'm encouraging it now. That's risky because we have to be confident that we've dealt with special needs appropriately, then that we're doing evaluations and providing interventions as necessary.",Unknown,https://reflect-claremont.cablecast.tv/internetchannel/show/17634?site=1&seekto=7634
2:07:46.26,2:08:07.42,7666.26,7687.42,Unidentified,"Undiarized transcript: the source file carries one anonymous voice for the whole meeting, so each segment can hold several speakers. Segments are named only where one speaker is anchored in the text; all others are left unattributed","But at a certain point, conduct is conduct and can't be in the school. So the I have a pretty structured way. It's funny, I've been thinking about because I didn't do this on opening day with all staff. I've been thinking about going to monthly staff meetings at each school to make sure I described this. The principals already know, but it might be good for all the staff here.",Unknown,https://reflect-claremont.cablecast.tv/internetchannel/show/17634?site=1&seekto=7666
2:08:07.46,2:08:36.46,7687.46,7716.46,Unidentified,"Undiarized transcript: the source file carries one anonymous voice for the whole meeting, so each segment can hold several speakers. Segments are named only where one speaker is anchored in the text; all others are left unattributed","Let's do it right now. Under state law, a principal in a public school can suspend a student for up to ten days. That's what the law calls a short term suspension. The next ten days, 11 through 20, are called a long term suspension. They can only be issued by the superintendent in some districts. And if you talk to some school lawyers, they will tell you, but that's ten at a time, not ten total.",Unknown,https://reflect-claremont.cablecast.tv/internetchannel/show/17634?site=1&seekto=7687
2:08:36.50,2:09:10.18,7716.50,7750.18,Unidentified,"Undiarized transcript: the source file carries one anonymous voice for the whole meeting, so each segment can hold several speakers. Segments are named only where one speaker is anchored in the text; all others are left unattributed","And if you play out that logic, the principal could suspend, sorry, a principal, any principal, not just that one could suspend a student for five days, 30 times, which doesn't seem to make a lot of sense to me, so I don't do it that way. We count cumulatively, and when a student is somewhere in that 7 to 9 days suspended range, I said a meeting with a parent or guardian and if appropriate, with the child.",Unknown,https://reflect-claremont.cablecast.tv/internetchannel/show/17634?site=1&seekto=7716
2:09:10.18,2:09:29.70,7750.18,7769.70,Unidentified,"Undiarized transcript: the source file carries one anonymous voice for the whole meeting, so each segment can hold several speakers. Segments are named only where one speaker is anchored in the text; all others are left unattributed","I've already had one this year. I'm about to have another one. And I describe what the rest of the legal framework looks like. And it looks like this the next time the principal needs to suspend that child because we believe in progressive discipline, if it was one day and then two, and then for the next time has to be more than four.",Unknown,https://reflect-claremont.cablecast.tv/internetchannel/show/17634?site=1&seekto=7750
2:09:29.90,2:09:56.26,7769.90,7796.26,Unidentified,"Undiarized transcript: the source file carries one anonymous voice for the whole meeting, so each segment can hold several speakers. Segments are named only where one speaker is anchored in the text; all others are left unattributed","And once we're over ten, it has to come for me. The principal will call me, and I will authorize that additional suspension when we get to day 20. I can't do any more. The next thing the law allows is an expulsion hearing before the school board, at which the school board has to answer the question. I'm sorry, but this is what the law in the state, not every state does this to you, but in New Hampshire you hold this authority and responsibility.",Unknown,https://reflect-claremont.cablecast.tv/internetchannel/show/17634?site=1&seekto=7769
2:09:56.34,2:10:16.26,7796.34,7816.26,Unidentified,"Undiarized transcript: the source file carries one anonymous voice for the whole meeting, so each segment can hold several speakers. Segments are named only where one speaker is anchored in the text; all others are left unattributed","As you hold a non public hearing. The family can provide can present witnesses and evidence, soak in the district, and then the school board makes a decision about the potential expulsion of a student. I've never expelled an eight year old. It's never happened. I've expelled some students but never one this young. But that is the process under the law that we will employ.",Unknown,https://reflect-claremont.cablecast.tv/internetchannel/show/17634?site=1&seekto=7796
2:10:16.50,2:10:43.14,7816.50,7843.14,Unidentified,"Undiarized transcript: the source file carries one anonymous voice for the whole meeting, so each segment can hold several speakers. Segments are named only where one speaker is anchored in the text; all others are left unattributed","I appreciate the explanation, but what I'm kind of trying to move towards is that right now, I trust you to handle this, okay? And in certain schools, I've trusted principles to handle it. And in certain schools and historically, the discipline has been different or handled differently. I would like an opportunity for the board to create a policy that universalize makes it universal.",Unknown,https://reflect-claremont.cablecast.tv/internetchannel/show/17634?site=1&seekto=7816
2:10:43.18,2:11:11.98,7843.18,7871.98,Unidentified,"Undiarized transcript: the source file carries one anonymous voice for the whole meeting, so each segment can hold several speakers. Segments are named only where one speaker is anchored in the text; all others are left unattributed","How behaviors. I know that's folks resist that because they want the flexibility. Maybe we can build that into the policy. But what that would require is when you part ways from us at some point, which you will inevitably or if perhaps, maybe get sick of us, or if we have a change of leadership in schools, it would be really helpful for a discipline matrix or a policy to be in place that would have to be adjudicated by the.",Unknown,https://reflect-claremont.cablecast.tv/internetchannel/show/17634?site=1&seekto=7843
2:11:12.02,2:11:35.26,7872.02,7895.26,Unidentified,"Undiarized transcript: the source file carries one anonymous voice for the whole meeting, so each segment can hold several speakers. Segments are named only where one speaker is anchored in the text; all others are left unattributed","To change, that policy would have to be adjudicated by the board in public and really kind of flesh this out because I would, I would it would give an opportunity for teachers to come up and give their perspective on what's going on in schools. And right now we don't really have that mechanism and we don't have that. I know it sounds rigid, but I think sometimes guardrails are helpful.",Unknown,https://reflect-claremont.cablecast.tv/internetchannel/show/17634?site=1&seekto=7872
2:11:35.50,2:11:59.38,7895.50,7919.38,Unidentified,"Undiarized transcript: the source file carries one anonymous voice for the whole meeting, so each segment can hold several speakers. Segments are named only where one speaker is anchored in the text; all others are left unattributed","I mean, I'm not I'm not going to try to talk you out of this idea. I think there's something there we might have some fun with in the policy committee, the the difficulty. And this isn't a reason not to have the conversation is going to be how do we thoughtfully and responsibly integrate actual special education concerns that are legitimate into a system like that?",Unknown,https://reflect-claremont.cablecast.tv/internetchannel/show/17634?site=1&seekto=7895
2:11:59.38,2:12:20.86,7919.38,7940.86,Unidentified,"Undiarized transcript: the source file carries one anonymous voice for the whole meeting, so each segment can hold several speakers. Segments are named only where one speaker is anchored in the text; all others are left unattributed","I'm not saying it can't be done, but I think that's probably my guess would be the reason people say, oh gee, that's too hard. We can't do it would be because you get into this intersection of conduct and disability and it gets extremely frightening, right? People don't want to make a mistake in that world that seems very charged and maybe legally challenging.",Unknown,https://reflect-claremont.cablecast.tv/internetchannel/show/17634?site=1&seekto=7919
2:12:20.86,2:12:45.82,7940.86,7965.82,Unidentified,"Undiarized transcript: the source file carries one anonymous voice for the whole meeting, so each segment can hold several speakers. Segments are named only where one speaker is anchored in the text; all others are left unattributed","It just our first step by not by managing kids that do not fall under that. I know it's a smaller window, but it would. It's something that we can do. One of the things I hear from Doctor Broderick is there are there are there are options in place that perhaps are difficult to exercise but important to exercise. I hear that as well.",Unknown,https://reflect-claremont.cablecast.tv/internetchannel/show/17634?site=1&seekto=7940
2:12:45.90,2:13:13.50,7965.90,7993.50,Unidentified,"Undiarized transcript: the source file carries one anonymous voice for the whole meeting, so each segment can hold several speakers. Segments are named only where one speaker is anchored in the text; all others are left unattributed","And I think it's important that they are exercised. We don't have to. For many of the things that Doctor Broderick has talked about and needs to get done, he doesn't need a policy because he's already got I mean, the law already allows for some of those actions to take place and they should take place. And we have to have the courage to support that behavior.",Unknown,https://reflect-claremont.cablecast.tv/internetchannel/show/17634?site=1&seekto=7965
2:13:13.70,2:13:37.50,7993.70,8017.50,Unidentified,"Undiarized transcript: the source file carries one anonymous voice for the whole meeting, so each segment can hold several speakers. Segments are named only where one speaker is anchored in the text; all others are left unattributed","That's the difference between a policy and not right. So I think it's important to to understand there needs to be some leeway. Right. Sure, sure. But I think it's important for the board to weigh in and make sure principals and teachers know that the board supports this discipline.",Unknown,https://reflect-claremont.cablecast.tv/internetchannel/show/17634?site=1&seekto=7993
2:13:37.58,2:14:04.46,8017.58,8044.46,Unidentified,"Undiarized transcript: the source file carries one anonymous voice for the whole meeting, so each segment can hold several speakers. Segments are named only where one speaker is anchored in the text; all others are left unattributed","If this is happening, it's okay for you to for staff member to take this next step that we've got your back. We want this to happen and it's within their judgment to to to do it. And it's going to be difficult. I see it all over the place. I see it with my own job. When you start to enforce things, you get some pushback.",Unknown,https://reflect-claremont.cablecast.tv/internetchannel/show/17634?site=1&seekto=8017
2:14:04.46,2:14:28.78,8044.46,8068.78,Unidentified,"Undiarized transcript: the source file carries one anonymous voice for the whole meeting, so each segment can hold several speakers. Segments are named only where one speaker is anchored in the text; all others are left unattributed","And it's it's difficult because you're then responsible to follow through and, well, no one likes to be held accountable. Well, no one likes to be held accountable. But the people you enforcing it is is difficult because you get to push back. But you have to you have to be consistent and re-up every single time that this is the way that it's going to be.",Unknown,https://reflect-claremont.cablecast.tv/internetchannel/show/17634?site=1&seekto=8044
2:14:28.86,2:14:34.22,8068.86,8074.22,Unidentified,"Undiarized transcript: the source file carries one anonymous voice for the whole meeting, so each segment can hold several speakers. Segments are named only where one speaker is anchored in the text; all others are left unattributed",And we're going to hold people accountable.,Unknown,https://reflect-claremont.cablecast.tv/internetchannel/show/17634?site=1&seekto=8068
2:14:34.30,2:15:08.94,8074.30,8108.94,Unidentified,"Undiarized transcript: the source file carries one anonymous voice for the whole meeting, so each segment can hold several speakers. Segments are named only where one speaker is anchored in the text; all others are left unattributed","Unilateral or throughout the system. Perhaps we can ask the policy committee to look, take a look at this at an upcoming policy committee meeting. And, and perhaps there might be some language that you could put forth and let us know of what's impossibilities are. Sure. Thank you, Madam Chair. I think what's important is for the superintendent and our principals and teachers that.",Unknown,https://reflect-claremont.cablecast.tv/internetchannel/show/17634?site=1&seekto=8074
2:15:09.02,2:15:35.38,8109.02,8135.38,Unidentified,"Undiarized transcript: the source file carries one anonymous voice for the whole meeting, so each segment can hold several speakers. Segments are named only where one speaker is anchored in the text; all others are left unattributed","If we have to move kids out of a classroom, suspend them or whatever, to to ensure that everybody is learning and doing what needs to happen, then speaking for me, I support whatever you need to do. Use all the tools you've got, but whatever it takes to restore order and that's really what's essential to kids learning. So I'm sorry for the teachers, but keep on doing what you're doing.",Unknown,https://reflect-claremont.cablecast.tv/internetchannel/show/17634?site=1&seekto=8109
2:15:35.42,2:16:07.49,8135.42,8167.49,Unidentified,"Undiarized transcript: the source file carries one anonymous voice for the whole meeting, so each segment can hold several speakers. Segments are named only where one speaker is anchored in the text; all others are left unattributed","It's resilient. They will learn. I believe they they'll learn and it'll take care of itself. I guess maybe I'm naive, but it's I think that's what will happen. There are limits to what we'll put up with, and we're not going to put up with people getting hurt their expectations. All right. Any other comments? I know this has been a very different these two topics have been very difficult.",Unknown,https://reflect-claremont.cablecast.tv/internetchannel/show/17634?site=1&seekto=8135
2:16:07.50,2:16:25.86,8167.50,8185.86,Unidentified,"Undiarized transcript: the source file carries one anonymous voice for the whole meeting, so each segment can hold several speakers. Segments are named only where one speaker is anchored in the text; all others are left unattributed","Thank you for thank you. I mean, you said it. This is the truth. This is what's happening in Claremont. This is what's happening in public education. Again, this is not personal. This is not about Claremont. We are not unique in this way, in these ways. This is happening even in places they're not willing to talk about it. Right?",Unknown,https://reflect-claremont.cablecast.tv/internetchannel/show/17634?site=1&seekto=8167
2:16:26.02,2:17:01.22,8186.02,8221.22,Unidentified,"Undiarized transcript: the source file carries one anonymous voice for the whole meeting, so each segment can hold several speakers. Segments are named only where one speaker is anchored in the text; all others are left unattributed","Right. All right. Let's move on to total total change of orientation here. This school board association proposed resolutions. And Lauren is our representative to the delegation. And why don't you lead us in that discussion? I hope you guys have been able to review it. There's a lot of them. I have a motion. I'm willing to make it a bit, but I kind of want to start with the ones that I don't think we should support.",Unknown,https://reflect-claremont.cablecast.tv/internetchannel/show/17634?site=1&seekto=8186
2:17:01.22,2:17:25.00,8221.22,8245.00,Unidentified,"Undiarized transcript: the source file carries one anonymous voice for the whole meeting, so each segment can hold several speakers. Segments are named only where one speaker is anchored in the text; all others are left unattributed","I, of all of the ones that the board of directors does not support, I think there's only one that I was considering possibly voting yes on, which would be proposal number seven. Let's see. What's that one again?",Unknown,https://reflect-claremont.cablecast.tv/internetchannel/show/17634?site=1&seekto=8221
2:17:25.08,2:17:45.24,8245.08,8265.24,Unidentified,"Undiarized transcript: the source file carries one anonymous voice for the whole meeting, so each segment can hold several speakers. Segments are named only where one speaker is anchored in the text; all others are left unattributed",Except that. Yeah. So it kind of feels like one that might have some redundancy. There's a lot of these that are not being supported for redundancies. But I think the wording here is important in theirs because it's specific to our state and kind of.,Unknown,https://reflect-claremont.cablecast.tv/internetchannel/show/17634?site=1&seekto=8245
2:17:45.32,2:18:08.16,8265.32,8288.16,Unidentified,"Undiarized transcript: the source file carries one anonymous voice for the whole meeting, so each segment can hold several speakers. Segments are named only where one speaker is anchored in the text; all others are left unattributed","Puts more pressure on the state to go after the feds, rather than sort of saying to the federal government and our other, what is it belief experience, and it combines them into one rather than being separate. So I would be in support of that, but the board of directors were not. Otherwise, I'm not going to support one, two, four, seven, eight, 15 or 14.",Unknown,https://reflect-claremont.cablecast.tv/internetchannel/show/17634?site=1&seekto=8265
2:18:08.20,2:18:33.02,8288.20,8313.02,Unidentified,"Undiarized transcript: the source file carries one anonymous voice for the whole meeting, so each segment can hold several speakers. Segments are named only where one speaker is anchored in the text; all others are left unattributed","And again, those are all ones that they also don't support. Yeah. And I would I actually like to make a motion to support proposed resolutions three, nine and 13 as written.",Unknown,https://reflect-claremont.cablecast.tv/internetchannel/show/17634?site=1&seekto=8288
2:18:33.10,2:18:59.38,8313.10,8339.38,Unidentified,"Undiarized transcript: the source file carries one anonymous voice for the whole meeting, so each segment can hold several speakers. Segments are named only where one speaker is anchored in the text; all others are left unattributed","I'll second that. Yes, three, nine, three, nine and 13, which are ones about non-German amendments. One is let's see the three I supported, the three that were also supported here. Nine is about old resolutions and the NHS for developing a body to sort of review them.",Unknown,https://reflect-claremont.cablecast.tv/internetchannel/show/17634?site=1&seekto=8313
2:18:59.46,2:19:06.50,8339.46,8346.50,Unidentified,"Undiarized transcript: the source file carries one anonymous voice for the whole meeting, so each segment can hold several speakers. Segments are named only where one speaker is anchored in the text; all others are left unattributed",And then it was the last one. That's the 13.,Unknown,https://reflect-claremont.cablecast.tv/internetchannel/show/17634?site=1&seekto=8339
2:19:06.58,2:19:32.90,8346.58,8372.90,Unidentified,"Undiarized transcript: the source file carries one anonymous voice for the whole meeting, so each segment can hold several speakers. Segments are named only where one speaker is anchored in the text; all others are left unattributed","Yeah ours is ten hours is ten one, two, three, 13 is ours is ten. Basically letting us letting school boards have a buffer period after new legislation comes out. Yes, yes, that made sense. And they supported that. So those I support as written and that's just one amendment. There's ones I support with alternative language. But I'm going to do it in a separate amendment.",Unknown,https://reflect-claremont.cablecast.tv/internetchannel/show/17634?site=1&seekto=8346
2:19:32.90,2:20:04.06,8372.90,8404.06,Unidentified,"Undiarized transcript: the source file carries one anonymous voice for the whole meeting, so each segment can hold several speakers. Segments are named only where one speaker is anchored in the text; all others are left unattributed","Okay. So so your motion is to support 391313. Obviously we don't have to say ten because we already I'm going to make a separate motion for the for five, six and ten because those have alternative language. Okay. I just wanted to do the ones that have no edits okay. So we start out with three, nine and 13 and Mike seconded those.",Unknown,https://reflect-claremont.cablecast.tv/internetchannel/show/17634?site=1&seekto=8372
2:20:04.14,2:20:36.14,8404.14,8436.14,Unidentified,"Undiarized transcript: the source file carries one anonymous voice for the whole meeting, so each segment can hold several speakers. Segments are named only where one speaker is anchored in the text; all others are left unattributed","Heather. Heather comment I didn't really understand the resolution. Number three. And if there were reasons and maybe we have two representatives here that there are political reasons why not doing this would be important. I don't know, but I was curious about there may be reasons why adding non-German language is important. I don't know enough about it. I'm just curious what people's thoughts are.",Unknown,https://reflect-claremont.cablecast.tv/internetchannel/show/17634?site=1&seekto=8404
2:20:36.22,2:20:47.78,8436.22,8447.78,Unidentified,"Undiarized transcript: the source file carries one anonymous voice for the whole meeting, so each segment can hold several speakers. Segments are named only where one speaker is anchored in the text; all others are left unattributed","At least for me. When I read the the resolution. It's not saying like any non-German resolution, but just ones that are specific to.",Unknown,https://reflect-claremont.cablecast.tv/internetchannel/show/17634?site=1&seekto=8436
2:20:47.86,2:21:15.78,8447.86,8475.78,Unidentified,"Undiarized transcript: the source file carries one anonymous voice for the whole meeting, so each segment can hold several speakers. Segments are named only where one speaker is anchored in the text; all others are left unattributed","Making our public schools effective. So again, what's the definition of that? I think they go a little further into detail, but it's not all non germane amendments or domain. It's more related to schools and school legislation. Again if people legislation that gets carried away with different topics not relative to education, well that's education is concerned. We should not support those additions.",Unknown,https://reflect-claremont.cablecast.tv/internetchannel/show/17634?site=1&seekto=8447
2:21:15.86,2:21:39.86,8475.86,8499.86,Unidentified,"Undiarized transcript: the source file carries one anonymous voice for the whole meeting, so each segment can hold several speakers. Segments are named only where one speaker is anchored in the text; all others are left unattributed","Non-German amendments. But again I don't think this is saying if you made a bill about roads, you can't necessarily put something in for fire safety. Again, we that's not a jurisdiction really. Anyway. So this is specific to legislation about education. It's I think probably the last two sentences of the proposed resolution, but it's still understandable to have a question about it.",Unknown,https://reflect-claremont.cablecast.tv/internetchannel/show/17634?site=1&seekto=8475
2:21:39.94,2:22:20.46,8499.94,8540.46,Unidentified,"Undiarized transcript: the source file carries one anonymous voice for the whole meeting, so each segment can hold several speakers. Segments are named only where one speaker is anchored in the text; all others are left unattributed","Other comments okay, so could I let's have a vote to support the motion. All those in favor say aye, I oppose nay. I'm just saying nay because I don't understand. I don't feel like I understand that resolution well enough, but. All right. Okay. So the motion carries on a 6 to 1 vote. Okay. Next I, I'd like to make a motion to support resolutions five, six and ten with the suggested alternative language from the NH board of NHS Board of Directors.",Unknown,https://reflect-claremont.cablecast.tv/internetchannel/show/17634?site=1&seekto=8499
2:22:20.54,2:22:42.94,8540.54,8562.94,Unidentified,"Undiarized transcript: the source file carries one anonymous voice for the whole meeting, so each segment can hold several speakers. Segments are named only where one speaker is anchored in the text; all others are left unattributed","And just to highlight it, ten is the one the you're supporting the alternative. Yes. So all three of these I'm supporting with the alternative language as outlined in this document ten is Heather's. It was it's wonderful. All they did was basically combine it into three bullet points rather than three separate things. They removed some of the rationales. Maybe those are worth adding back.",Unknown,https://reflect-claremont.cablecast.tv/internetchannel/show/17634?site=1&seekto=8540
2:22:42.98,2:23:10.90,8562.98,8590.90,Unidentified,"Undiarized transcript: the source file carries one anonymous voice for the whole meeting, so each segment can hold several speakers. Segments are named only where one speaker is anchored in the text; all others are left unattributed","It's sort of up to you, but I think this is the same thing we got in our email about a month ago from Will that I supported. So this is five, six and ten okay. I can't support five. So okay. But is there a second to his motion for five six and ten. Yeah. All right Mike. Second five six and ten.",Unknown,https://reflect-claremont.cablecast.tv/internetchannel/show/17634?site=1&seekto=8562
2:23:10.98,2:23:46.34,8590.98,8626.34,Unidentified,"Undiarized transcript: the source file carries one anonymous voice for the whole meeting, so each segment can hold several speakers. Segments are named only where one speaker is anchored in the text; all others are left unattributed","Are there other comments about that. Those all those in favor of five, six and ten supporting the alternative wording say I, I opposed nay, nay. So there are three nays. But for was it I couldn't tell whether I was it 3 or 4. That's what I want. It was three names. So okay, okay. All right. So there were three nays, but there were four yeas individually.",Unknown,https://reflect-claremont.cablecast.tv/internetchannel/show/17634?site=1&seekto=8590
2:23:46.42,2:23:54.82,8626.42,8634.82,Unidentified,"Undiarized transcript: the source file carries one anonymous voice for the whole meeting, so each segment can hold several speakers. Segments are named only where one speaker is anchored in the text; all others are left unattributed","Five, six. And I think I mean you can request right. You can request passes anyway. So.",Unknown,https://reflect-claremont.cablecast.tv/internetchannel/show/17634?site=1&seekto=8626
2:23:54.90,2:24:19.02,8634.90,8659.02,Unidentified,"Undiarized transcript: the source file carries one anonymous voice for the whole meeting, so each segment can hold several speakers. Segments are named only where one speaker is anchored in the text; all others are left unattributed","If there are others from the list of ones I didn't want to that you'd like to do individually, there are. Okay. So the motion on the table was the motion on the table was to to support five, six and ten alternate language. And on the vote for said I and three said nay. So the motion carries. All right.",Unknown,https://reflect-claremont.cablecast.tv/internetchannel/show/17634?site=1&seekto=8634
2:24:19.18,2:24:39.78,8659.18,8679.78,Unidentified,"Undiarized transcript: the source file carries one anonymous voice for the whole meeting, so each segment can hold several speakers. Segments are named only where one speaker is anchored in the text; all others are left unattributed","Next. That's it. That's it for me. Unless there are others that people did want to support, you could make a motion for them. There are others that were not included that you would like to comment or request. The support of seven was the one I brought up at the beginning. I'm not going to make a motion to support it unless I would send it.",Unknown,https://reflect-claremont.cablecast.tv/internetchannel/show/17634?site=1&seekto=8659
2:24:39.78,2:25:12.62,8679.78,8712.62,Unidentified,"Undiarized transcript: the source file carries one anonymous voice for the whole meeting, so each segment can hold several speakers. Segments are named only where one speaker is anchored in the text; all others are left unattributed","Somebody else does, but that's the only other one I considered. You know, lumping in with my first three. Otherwise I'm all I have to say. We didn't do one though. Correct number no one, two, four, seven, eight, 14 and 15 are all ones that I am not in support of, so I just didn't make a motion. So unless there's an affirmative for them, they are just their nose, so why wouldn't we?",Unknown,https://reflect-claremont.cablecast.tv/internetchannel/show/17634?site=1&seekto=8679
2:25:12.70,2:25:16.78,8712.70,8716.78,Unidentified,"Undiarized transcript: the source file carries one anonymous voice for the whole meeting, so each segment can hold several speakers. Segments are named only where one speaker is anchored in the text; all others are left unattributed",It seems to me that there is a benefit.,Unknown,https://reflect-claremont.cablecast.tv/internetchannel/show/17634?site=1&seekto=8712
2:25:16.86,2:25:49.14,8716.86,8749.14,Unidentified,"Undiarized transcript: the source file carries one anonymous voice for the whole meeting, so each segment can hold several speakers. Segments are named only where one speaker is anchored in the text; all others are left unattributed","For reasonable regulation of risk force. Which one are you on number one. And that it directly impacts like the budget agreements and staff satisfaction and their ability to recruit. So I don't know why we wouldn't support that. If you make a motion for it. I would say specifically as it relates to health insurance, however, the board of directors believes that the proposal is not specific and does not necessarily relate to school board governance matters.",Unknown,https://reflect-claremont.cablecast.tv/internetchannel/show/17634?site=1&seekto=8716
2:25:49.22,2:25:55.06,8749.22,8755.06,Unidentified,"Undiarized transcript: the source file carries one anonymous voice for the whole meeting, so each segment can hold several speakers. Segments are named only where one speaker is anchored in the text; all others are left unattributed",This is this is trying to get involved in.,Unknown,https://reflect-claremont.cablecast.tv/internetchannel/show/17634?site=1&seekto=8749
2:25:55.14,2:26:07.40,8755.14,8767.40,Unidentified,"Undiarized transcript: the source file carries one anonymous voice for the whole meeting, so each segment can hold several speakers. Segments are named only where one speaker is anchored in the text; all others are left unattributed","Some interesting legislation that was attempted to be passed, ended up being vetoed.",Unknown,https://reflect-claremont.cablecast.tv/internetchannel/show/17634?site=1&seekto=8755
2:26:07.48,2:26:22.12,8767.48,8782.12,Unidentified,"Undiarized transcript: the source file carries one anonymous voice for the whole meeting, so each segment can hold several speakers. Segments are named only where one speaker is anchored in the text; all others are left unattributed","Regarding risk pools. Regarding risk pools, is this health care? Yes, this would be health care. So my question is, is why would it not be beneficial to you? Can you give us support that right.",Unknown,https://reflect-claremont.cablecast.tv/internetchannel/show/17634?site=1&seekto=8767
2:26:22.20,2:26:27.76,8782.20,8787.76,Unidentified,"Undiarized transcript: the source file carries one anonymous voice for the whole meeting, so each segment can hold several speakers. Segments are named only where one speaker is anchored in the text; all others are left unattributed",We can make a motion to. Do you have any insight on.,Unknown,https://reflect-claremont.cablecast.tv/internetchannel/show/17634?site=1&seekto=8782
2:26:27.84,2:27:03.80,8787.84,8823.80,Unidentified,"Undiarized transcript: the source file carries one anonymous voice for the whole meeting, so each segment can hold several speakers. Segments are named only where one speaker is anchored in the text; all others are left unattributed","I don't I'm sorry. Yeah. On the resolution I don't I'm not thrilled with the state of municipal and public district health care in New Hampshire, but I don't have a solution today. I would support the proposed resolution. So I made a motion to support the proposed resolution number one, as written by governor. Went for the second. Okay. So we have a motion on the table to support resolution number one by Heather.",Unknown,https://reflect-claremont.cablecast.tv/internetchannel/show/17634?site=1&seekto=8787
2:27:03.84,2:27:19.20,8823.84,8839.20,Unidentified,"Undiarized transcript: the source file carries one anonymous voice for the whole meeting, so each segment can hold several speakers. Segments are named only where one speaker is anchored in the text; all others are left unattributed","Second by Lauren. Comments. As somebody that sits on on one of these boards, this is not something we should be getting involved in. This is a.",Unknown,https://reflect-claremont.cablecast.tv/internetchannel/show/17634?site=1&seekto=8823
2:27:19.28,2:27:51.88,8839.28,8871.88,Unidentified,"Undiarized transcript: the source file carries one anonymous voice for the whole meeting, so each segment can hold several speakers. Segments are named only where one speaker is anchored in the text; all others are left unattributed","Can you give us more? I, I sit on the health trust board. No. Can you give us more information about there's. So this is relative of wills. I guess certain boards think that they should be able to change how they operate. That isn't necessarily defined under five B for risk pools. There's a an action against one of these risk pools currently.",Unknown,https://reflect-claremont.cablecast.tv/internetchannel/show/17634?site=1&seekto=8839
2:27:51.96,2:28:39.64,8871.96,8919.64,Unidentified,"Undiarized transcript: the source file carries one anonymous voice for the whole meeting, so each segment can hold several speakers. Segments are named only where one speaker is anchored in the text; all others are left unattributed","And in the middle of this this action that the Secretary of state's office who who oversees five b risk pools in the middle of this legal wrangling in the background, these risk pools were trying to get the legislature to, I guess bypass regulation or change the regulation by change and bypass. So what was the benefit to or what was the school district's position that they said this was a benefit to the district?",Unknown,https://reflect-claremont.cablecast.tv/internetchannel/show/17634?site=1&seekto=8871
2:28:39.84,2:29:09.26,8919.84,8949.26,Unidentified,"Undiarized transcript: the source file carries one anonymous voice for the whole meeting, so each segment can hold several speakers. Segments are named only where one speaker is anchored in the text; all others are left unattributed","Why did they feel connected to the district? Because to me it provides I don't think it's going to happen overnight, but it looked to me like the opportunity to have a lot more flexibility with the way benefits are provided, which may be more cost effective or even provide better benefits. I don't know if that's the case, but if there's an opportunity for that to happen because our current situation is a completely untenable I'm not.",Unknown,https://reflect-claremont.cablecast.tv/internetchannel/show/17634?site=1&seekto=8919
2:29:09.28,2:29:35.58,8949.28,8975.58,Unidentified,"Undiarized transcript: the source file carries one anonymous voice for the whole meeting, so each segment can hold several speakers. Segments are named only where one speaker is anchored in the text; all others are left unattributed",I would have to. So this is how some of these games get started. This thing is reasonable. You have to know who's on their school board to know where they're placed. Some people ask school boards to come up with something like this to put to make a wave and give the legislature some reason to support a certain thing.,Unknown,https://reflect-claremont.cablecast.tv/internetchannel/show/17634?site=1&seekto=8949
2:29:35.66,2:29:47.42,8975.66,8987.42,Unidentified,"Undiarized transcript: the source file carries one anonymous voice for the whole meeting, so each segment can hold several speakers. Segments are named only where one speaker is anchored in the text; all others are left unattributed",It's not it's not something that's being done from the ground up. It's a manipulation.,Unknown,https://reflect-claremont.cablecast.tv/internetchannel/show/17634?site=1&seekto=8975
2:29:47.50,2:30:10.18,8987.50,9010.18,Unidentified,"Undiarized transcript: the source file carries one anonymous voice for the whole meeting, so each segment can hold several speakers. Segments are named only where one speaker is anchored in the text; all others are left unattributed","So you may you make a wave over here and oh, I'll use that as an excuse to pass legislation. Politics. Right. That's that's what it is. And that's why I don't think we need to be involved in any of this. Well, this is all all of this in here is we're we're asking the New Hampshire School Board Association to be our age agency.",Unknown,https://reflect-claremont.cablecast.tv/internetchannel/show/17634?site=1&seekto=8987
2:30:10.30,2:30:25.10,9010.30,9025.10,Unidentified,"Undiarized transcript: the source file carries one anonymous voice for the whole meeting, so each segment can hold several speakers. Segments are named only where one speaker is anchored in the text; all others are left unattributed",And that's why the School Boards Association says they don't they don't support it. It's not something that we need to be getting involved in. And I completely agree. Are you saying that in the.,Unknown,https://reflect-claremont.cablecast.tv/internetchannel/show/17634?site=1&seekto=9010
2:30:25.18,2:30:59.10,9025.18,9059.10,Unidentified,"Undiarized transcript: the source file carries one anonymous voice for the whole meeting, so each segment can hold several speakers. Segments are named only where one speaker is anchored in the text; all others are left unattributed",That current current law allows for risk pools to be formed. And so this is not needed. All these mechanisms already exist. So this is so what does it change. Yeah. So this is extraneous. This is unnecessary. It is it's completely unnecessary. And so you think that's why the school board association directors aren't supporting it because it's additional not needed.,Unknown,https://reflect-claremont.cablecast.tv/internetchannel/show/17634?site=1&seekto=9025
2:30:59.18,2:31:08.54,9059.18,9068.54,Unidentified,"Undiarized transcript: the source file carries one anonymous voice for the whole meeting, so each segment can hold several speakers. Segments are named only where one speaker is anchored in the text; all others are left unattributed",Correct. Do they say this? They say specifically the board of directors believes that the proposal is to specific.,Unknown,https://reflect-claremont.cablecast.tv/internetchannel/show/17634?site=1&seekto=9059
2:31:08.62,2:31:35.61,9068.62,9095.61,Unidentified,"Undiarized transcript: the source file carries one anonymous voice for the whole meeting, so each segment can hold several speakers. Segments are named only where one speaker is anchored in the text; all others are left unattributed","And does not necessary to school board governance matters. Additionally, they have not taken a position on such legislation, believing that the issues at hand do not relate to the New Hampshire School Board Association's vision and mission. And I don't necessarily feel that we need to be aligned with the New Hampshire School Board Association's vision and mission, because we direct the New Hampshire School Board with their mission should be in their vision.",Unknown,https://reflect-claremont.cablecast.tv/internetchannel/show/17634?site=1&seekto=9068
2:31:35.62,2:31:59.18,9095.62,9119.18,Unidentified,"Undiarized transcript: the source file carries one anonymous voice for the whole meeting, so each segment can hold several speakers. Segments are named only where one speaker is anchored in the text; all others are left unattributed","So I find that argument, quite frankly, that last line is what took me out. I was like, okay, well, then I then that will suspect to me, I don't I don't think the New Hampshire school. Okay. We need to know like, quite frankly, I, we are the New Hampshire school Board. Okay. Let's let's look at the merits of the actual resolution.",Unknown,https://reflect-claremont.cablecast.tv/internetchannel/show/17634?site=1&seekto=9095
2:32:04.02,2:32:21.04,9124.02,9141.04,Unidentified,"Undiarized transcript: the source file carries one anonymous voice for the whole meeting, so each segment can hold several speakers. Segments are named only where one speaker is anchored in the text; all others are left unattributed","The proposal Hampshire School Board Association supports the school district's ability to join and govern governmental pooled risk management programs, commonly called for the new school board.",Unknown,https://reflect-claremont.cablecast.tv/internetchannel/show/17634?site=1&seekto=9124
2:32:21.04,2:32:58.68,9141.04,9178.68,Unidentified,"Undiarized transcript: the source file carries one anonymous voice for the whole meeting, so each segment can hold several speakers. Segments are named only where one speaker is anchored in the text; all others are left unattributed","Association sports. Multiple forms of risk pools to be permitted to exist, including, but not limited to, accessible and non accessible risk pools. Hampshire School Board Association also supports the reasonable regulation of risk pools, and for those regulations to promote and ensure risk full solvency, which creates stability for both risk pool members and employees. So when you read. It sounds like they're trying to it sounds like they're trying to force the school board association to take a stand on risk schools.",Unknown,https://reflect-claremont.cablecast.tv/internetchannel/show/17634?site=1&seekto=9141
2:32:58.76,2:33:20.38,9178.76,9200.38,Unidentified,"Undiarized transcript: the source file carries one anonymous voice for the whole meeting, so each segment can hold several speakers. Segments are named only where one speaker is anchored in the text; all others are left unattributed","Not I mean, this isn't related to us. Well, it is everything that the New Hampshire School Board Association does is a they lobby on our behalf. That is us. They are they are our lobbying agent. We pay them to lobby on the behalf of New Hampshire school districts.",Unknown,https://reflect-claremont.cablecast.tv/internetchannel/show/17634?site=1&seekto=9178
2:33:20.46,2:33:48.18,9200.46,9228.18,Unidentified,"Undiarized transcript: the source file carries one anonymous voice for the whole meeting, so each segment can hold several speakers. Segments are named only where one speaker is anchored in the text; all others are left unattributed","I mean, that's other board members. I've been doing some research over here. It has more to do with accessible and non assessable. And I really kind of still am having trouble grasping that. But there's major disagreements about what a risk pool actually is and which definition it fits into. And so when they're referencing referencing legislation apparently there's legislation can make one make it accessible, which was vetoed and so forth.",Unknown,https://reflect-claremont.cablecast.tv/internetchannel/show/17634?site=1&seekto=9200
2:33:48.18,2:34:10.34,9228.18,9250.34,Unidentified,"Undiarized transcript: the source file carries one anonymous voice for the whole meeting, so each segment can hold several speakers. Segments are named only where one speaker is anchored in the text; all others are left unattributed","So it is kind of a complicated legislative thing, I'd say. What caught me that I'm going to support this is, I think anything that's going to create stability for healthcare should be helpful. And I, I love Claremont, I don't think we're gonna have the poll. So even if this was something we voted yes on, I don't think we're going to flip the conference on it.",Unknown,https://reflect-claremont.cablecast.tv/internetchannel/show/17634?site=1&seekto=9228
2:34:10.58,2:34:22.98,9250.58,9262.98,Unidentified,"Undiarized transcript: the source file carries one anonymous voice for the whole meeting, so each segment can hold several speakers. Segments are named only where one speaker is anchored in the text; all others are left unattributed","So I'd support it, even if it's just symbolically like trying to push against what we're stuck in. So what's the legislation? Five the legislation states.",Unknown,https://reflect-claremont.cablecast.tv/internetchannel/show/17634?site=1&seekto=9250
2:34:23.06,2:34:49.26,9263.06,9289.26,Unidentified,"Undiarized transcript: the source file carries one anonymous voice for the whole meeting, so each segment can hold several speakers. Segments are named only where one speaker is anchored in the text; all others are left unattributed",All risk pools are accessible. That's what they are. So that's what happened with school care. They ran a deficit. They almost ran out of money. They assessed school districts. Right. Health trust holds the position that they are no longer an accessible plan. They are not accessible. They hold all the risk. So a risk pool pulls all the resources.,Unknown,https://reflect-claremont.cablecast.tv/internetchannel/show/17634?site=1&seekto=9263
2:34:49.26,2:35:27.66,9289.26,9327.66,Unidentified,"Undiarized transcript: the source file carries one anonymous voice for the whole meeting, so each segment can hold several speakers. Segments are named only where one speaker is anchored in the text; all others are left unattributed","We don't technically have Cigna or Anthem Insurance. We use them as administrators. We are, however, pulling that risk instead of being self self-funded. Right. So Health Trust has taken the position that these risk pools, the districts or the municipalities are no longer responsible for the debt. If it goes under. Secretary of state's office says that's not the case.",Unknown,https://reflect-claremont.cablecast.tv/internetchannel/show/17634?site=1&seekto=9289
2:35:27.74,2:35:55.22,9327.74,9355.22,Unidentified,"Undiarized transcript: the source file carries one anonymous voice for the whole meeting, so each segment can hold several speakers. Segments are named only where one speaker is anchored in the text; all others are left unattributed","Who else is responsible for it if not the owners of the pool? So Health Trust has essentially decided that they are an insurance company that holds all the risk themselves. Everybody else has no risk. And that's what this this action is about. And that's why they're talking about solvency. Accessible, not accessible.",Unknown,https://reflect-claremont.cablecast.tv/internetchannel/show/17634?site=1&seekto=9327
2:35:55.30,2:35:58.94,9355.30,9358.94,Unidentified,"Undiarized transcript: the source file carries one anonymous voice for the whole meeting, so each segment can hold several speakers. Segments are named only where one speaker is anchored in the text; all others are left unattributed",And it's.,Unknown,https://reflect-claremont.cablecast.tv/internetchannel/show/17634?site=1&seekto=9355
2:35:59.02,2:36:12.06,9359.02,9372.06,Unidentified,"Undiarized transcript: the source file carries one anonymous voice for the whole meeting, so each segment can hold several speakers. Segments are named only where one speaker is anchored in the text; all others are left unattributed",Five B has it's a statute that allows for risk pools. It's it's it's in statute. If they want to change the statute they're going to have to do that.,Unknown,https://reflect-claremont.cablecast.tv/internetchannel/show/17634?site=1&seekto=9359
2:36:12.14,2:36:22.10,9372.14,9382.10,Unidentified,"Undiarized transcript: the source file carries one anonymous voice for the whole meeting, so each segment can hold several speakers. Segments are named only where one speaker is anchored in the text; all others are left unattributed",But it's not something for us to get involved with in my I want to vote.,Unknown,https://reflect-claremont.cablecast.tv/internetchannel/show/17634?site=1&seekto=9372
2:36:22.18,2:36:35.22,9382.18,9395.22,Unidentified,"Undiarized transcript: the source file carries one anonymous voice for the whole meeting, so each segment can hold several speakers. Segments are named only where one speaker is anchored in the text; all others are left unattributed",I don't have enough information to I don't understand this. So I'm going to abstain because I don't understand.,Unknown,https://reflect-claremont.cablecast.tv/internetchannel/show/17634?site=1&seekto=9382
2:36:35.30,2:36:41.42,9395.30,9401.42,Unidentified,"Undiarized transcript: the source file carries one anonymous voice for the whole meeting, so each segment can hold several speakers. Segments are named only where one speaker is anchored in the text; all others are left unattributed","If you don't have enough information, you probably vote no. Okay.",Unknown,https://reflect-claremont.cablecast.tv/internetchannel/show/17634?site=1&seekto=9395
2:36:41.50,2:37:09.58,9401.50,9429.58,Unidentified,"Undiarized transcript: the source file carries one anonymous voice for the whole meeting, so each segment can hold several speakers. Segments are named only where one speaker is anchored in the text; all others are left unattributed","All right. So can we take the vote? All those in favor of resolution number one, say yes. Yes, yes. All those against. Say no no, no, no. And my no is just because I don't have enough information. All right. Any. Do they require a position on all of these. They technically you do. Yeah. So I thought that okay.",Unknown,https://reflect-claremont.cablecast.tv/internetchannel/show/17634?site=1&seekto=9401
2:37:09.62,2:37:28.46,9429.62,9448.46,Unidentified,"Undiarized transcript: the source file carries one anonymous voice for the whole meeting, so each segment can hold several speakers. Segments are named only where one speaker is anchored in the text; all others are left unattributed","So here's the contradiction I found myself and is like our bylaws and stuff. Our emotions are supposed to be in the affirmative. So would it be a motion to vote no on those? Because it's technically trying to think of how it would need to be worded to fit that. Otherwise I, I was going to leave them and say no vote was taken.",Unknown,https://reflect-claremont.cablecast.tv/internetchannel/show/17634?site=1&seekto=9429
2:37:28.46,2:37:43.62,9448.46,9463.62,Unidentified,"Undiarized transcript: the source file carries one anonymous voice for the whole meeting, so each segment can hold several speakers. Segments are named only where one speaker is anchored in the text; all others are left unattributed","So we are voting no can can we make a motion that for all the resolutions that were not addressed by specific motions, this school board chooses not to take a position on those resolutions.",Unknown,https://reflect-claremont.cablecast.tv/internetchannel/show/17634?site=1&seekto=9448
2:37:43.70,2:38:00.22,9463.70,9480.22,Unidentified,"Undiarized transcript: the source file carries one anonymous voice for the whole meeting, so each segment can hold several speakers. Segments are named only where one speaker is anchored in the text; all others are left unattributed","I'm indifferent if we vote no or take no position, I think it's going to be a no vote when I raise my hand there. So that's what I think we should try to clarify. So if there are any others that people do want to talk about, we should talk about them now. And if we're going to take a vote to say no to all of them, then we can do that.",Unknown,https://reflect-claremont.cablecast.tv/internetchannel/show/17634?site=1&seekto=9463
2:38:00.22,2:38:19.50,9480.22,9499.50,Unidentified,"Undiarized transcript: the source file carries one anonymous voice for the whole meeting, so each segment can hold several speakers. Segments are named only where one speaker is anchored in the text; all others are left unattributed","I just want to make sure our other ones are. So you'll be there voting? Yeah okay. Yeah, that makes sense. So you'll you'll vote on our behalf for for the ones that we basically didn't take a vote on. Right, exactly. Yep. Makes sense. All right. Is there are there any others that you want to bring before the whole board?",Unknown,https://reflect-claremont.cablecast.tv/internetchannel/show/17634?site=1&seekto=9480
2:38:19.58,2:39:05.38,9499.58,9545.38,Unidentified,"Undiarized transcript: the source file carries one anonymous voice for the whole meeting, so each segment can hold several speakers. Segments are named only where one speaker is anchored in the text; all others are left unattributed","All right. Going once, twice. I'm going to move on. All right, now we're on number four. Discussion of House Bill 1300. And I wanted to bring it before the school board. And we house Bill 1300 is required to be on the ballot in November. It says shall the municipality limit property tax growth for the district under RSA 32 colon five I if adopted for a proposed for the two year period.",Unknown,https://reflect-claremont.cablecast.tv/internetchannel/show/17634?site=1&seekto=9499
2:39:05.42,2:39:43.38,9545.42,9583.38,Unidentified,"Undiarized transcript: the source file carries one anonymous voice for the whole meeting, so each segment can hold several speakers. Segments are named only where one speaker is anchored in the text; all others are left unattributed","Number one the local property tax levy may not grow beyond the prior year's amount, adjusted for fleet and new construction. I think this means not property tax school is that school it only it is not property tax because it only addresses education portion. Isn't that correct? It's property taxes levied support education locally. Yes. So that's not that's not all of your property tax.",Unknown,https://reflect-claremont.cablecast.tv/internetchannel/show/17634?site=1&seekto=9545
2:39:43.42,2:40:19.22,9583.42,9619.22,Unidentified,"Undiarized transcript: the source file carries one anonymous voice for the whole meeting, so each segment can hold several speakers. Segments are named only where one speaker is anchored in the text; all others are left unattributed","No I mean that's school portion is only half of it. So that's a little disingenuous. Number two saw central office spending may not exceed 6% of the total school district appropriation. And three bonded capital costs are excluded from both limits. These caps may only apply only to administrative operations of a central office and do not affect classroom instruction, school based services, or other municipal expenditures.",Unknown,https://reflect-claremont.cablecast.tv/internetchannel/show/17634?site=1&seekto=9583
2:40:19.30,2:40:48.66,9619.30,9648.66,Unidentified,"Undiarized transcript: the source file carries one anonymous voice for the whole meeting, so each segment can hold several speakers. Segments are named only where one speaker is anchored in the text; all others are left unattributed","These limits may be overridden as provided by RSA 32. Colon five adoption requires 3/5 majority vote. This is going to be on the ballot in November, and I think that it's important for the Claremont School Board to take a stand on whether we support having a cap on our budget. We did take a vote in March. We were against it then.",Unknown,https://reflect-claremont.cablecast.tv/internetchannel/show/17634?site=1&seekto=9619
2:40:48.70,2:41:20.06,9648.70,9680.06,Unidentified,"Undiarized transcript: the source file carries one anonymous voice for the whole meeting, so each segment can hold several speakers. Segments are named only where one speaker is anchored in the text; all others are left unattributed","I don't know how we'll feel tonight. Madam Chair. I would just look at page three in that handout. Where is this school board members. It says do participate public discussion. And then the last bullet says may advocate when acting is speak in personal capacities without using district resources. So if we take a stand as a board tonight, we'll be violating the very handout that they actually, I think if there is a further.",Unknown,https://reflect-claremont.cablecast.tv/internetchannel/show/17634?site=1&seekto=9648
2:41:20.14,2:41:47.74,9680.14,9707.74,Unidentified,"Undiarized transcript: the source file carries one anonymous voice for the whole meeting, so each segment can hold several speakers. Segments are named only where one speaker is anchored in the text; all others are left unattributed","Wait a minute. There was a further comment on whether this was a lecture nearing, and we were told that school boards could take a position. And in fact, other districts have taken a position and have and that has been an allowable because position, because it takes a stand as it relates to the impact it would have on our school budgets to get that chair.",Unknown,https://reflect-claremont.cablecast.tv/internetchannel/show/17634?site=1&seekto=9680
2:41:47.74,2:42:10.38,9707.74,9730.38,Unidentified,"Undiarized transcript: the source file carries one anonymous voice for the whole meeting, so each segment can hold several speakers. Segments are named only where one speaker is anchored in the text; all others are left unattributed",But this is the handout we're provided and the public has it to and maintenance. What do you I'm looking at the bottom of page three and the school board Association handout. This is the board may however advocate for yes or no. Yeah. Keep reading. When advocating and personal capacities. This is not this. Sitting right here is not a personal capacity.,Unknown,https://reflect-claremont.cablecast.tv/internetchannel/show/17634?site=1&seekto=9707
2:42:10.42,2:42:15.06,9730.42,9735.06,Unidentified,"Undiarized transcript: the source file carries one anonymous voice for the whole meeting, so each segment can hold several speakers. Segments are named only where one speaker is anchored in the text; all others are left unattributed",We are in session as a school board.,Unknown,https://reflect-claremont.cablecast.tv/internetchannel/show/17634?site=1&seekto=9730
2:42:15.14,2:42:47.66,9735.14,9767.66,Unidentified,"Undiarized transcript: the source file carries one anonymous voice for the whole meeting, so each segment can hold several speakers. Segments are named only where one speaker is anchored in the text; all others are left unattributed","I think that much a constructive way of handling this is having a public forum, which is one of the options that was given to us as guidance and and to listen to what the public says. I was going to suggest that we have a public hearing at the beginning of next meeting, school board meeting at at 630 on what would be November.",Unknown,https://reflect-claremont.cablecast.tv/internetchannel/show/17634?site=1&seekto=9735
2:42:47.74,2:42:51.06,9767.74,9771.06,Unidentified,"Undiarized transcript: the source file carries one anonymous voice for the whole meeting, so each segment can hold several speakers. Segments are named only where one speaker is anchored in the text; all others are left unattributed",What would that be?,Unknown,https://reflect-claremont.cablecast.tv/internetchannel/show/17634?site=1&seekto=9767
2:42:51.14,2:43:26.66,9771.14,9806.66,Unidentified,"Undiarized transcript: the source file carries one anonymous voice for the whole meeting, so each segment can hold several speakers. Segments are named only where one speaker is anchored in the text; all others are left unattributed","October 21st? Yes, October 21st. Thank you to. And I think Doctor Broderick could give us information about how this might impact our budget and our planning process and our functioning as a school district. And I think if we have the meeting at 630, when people are already tuned in to school board issues, and it can happen at 630, and then our meeting can take place at seven.",Unknown,https://reflect-claremont.cablecast.tv/internetchannel/show/17634?site=1&seekto=9771
2:43:26.70,2:44:09.38,9806.70,9849.38,Unidentified,"Undiarized transcript: the source file carries one anonymous voice for the whole meeting, so each segment can hold several speakers. Segments are named only where one speaker is anchored in the text; all others are left unattributed","In the meantime, I am going to be talking to our attorneys to see if what their position is on this. As I say, I know other school districts have taken positions and and their lawyers have told them it's not it's not a problem. I'm not doubting you. I'm just saying the paper that you gave us is clear. I understand that the second bullet says, don't assume that exclusion from RSA 659 resolves all questions concerning by a board acting their in their official capacity.",Unknown,https://reflect-claremont.cablecast.tv/internetchannel/show/17634?site=1&seekto=9806
2:44:09.46,2:44:32.66,9849.46,9872.66,Unidentified,"Undiarized transcript: the source file carries one anonymous voice for the whole meeting, so each segment can hold several speakers. Segments are named only where one speaker is anchored in the text; all others are left unattributed","Doesn't say that it does. It just says don't assume that it does. But it also says particularly when district resources are involved. So if we were to take out, if we were to take a position and then take out an advertisement, that would look different, right? But if it's in the general course of our meeting, my understanding is that that's allowed.",Unknown,https://reflect-claremont.cablecast.tv/internetchannel/show/17634?site=1&seekto=9849
2:44:32.74,2:45:03.46,9872.74,9903.46,Unidentified,"Undiarized transcript: the source file carries one anonymous voice for the whole meeting, so each segment can hold several speakers. Segments are named only where one speaker is anchored in the text; all others are left unattributed","But we we will follow up this discussion and we will have more data, more information for you at the next meeting. We will begin next meetings with the public hearing. And Doctor Broderick will be in leading that discussion. Yeah, there's there's I'll take a look at it ahead of time, but there's an informational PowerPoint that doesn't take any particular positions about, you know, doom and gloom or it's just that might mean it's just here's what the law says.",Unknown,https://reflect-claremont.cablecast.tv/internetchannel/show/17634?site=1&seekto=9872
2:45:03.58,2:45:33.90,9903.58,9933.90,Unidentified,"Undiarized transcript: the source file carries one anonymous voice for the whole meeting, so each segment can hold several speakers. Segments are named only where one speaker is anchored in the text; all others are left unattributed",Here's an example of what it what it would do here. Right. I'll make sure that's prepared. And we'll advertise the public hearing. Yes. Please do. Particularly concerning that the legislature is getting involved in trying to pigeonhole us and force these caps on us. What happened to local control? All right. We'll we'll talk next time. It's very frustrating. We already had this vote.,Unknown,https://reflect-claremont.cablecast.tv/internetchannel/show/17634?site=1&seekto=9903
2:45:33.98,2:45:53.86,9933.98,9953.86,Unidentified,"Undiarized transcript: the source file carries one anonymous voice for the whole meeting, so each segment can hold several speakers. Segments are named only where one speaker is anchored in the text; all others are left unattributed",We've had it. We've had it multiple times. And yet here we are again. It's being forced on us now. This school board took a vote in March to be against that. And we've had we've the school has voted out had voted on it before. Correct. Years ago. Right. The municipality had a vote on this years ago. Right. Thank you.,Unknown,https://reflect-claremont.cablecast.tv/internetchannel/show/17634?site=1&seekto=9933
2:45:53.90,2:46:13.14,9953.90,9973.14,Unidentified,"Undiarized transcript: the source file carries one anonymous voice for the whole meeting, so each segment can hold several speakers. Segments are named only where one speaker is anchored in the text; all others are left unattributed",We'll we'll talk about it next meeting. All right. Next we have the discussion of the school board bylaws. And this has been an we talked about this in March. We we're going to have.,Unknown,https://reflect-claremont.cablecast.tv/internetchannel/show/17634?site=1&seekto=9953
2:46:13.22,2:46:43.02,9973.22,10003.02,Unidentified,"Undiarized transcript: the source file carries one anonymous voice for the whole meeting, so each segment can hold several speakers. Segments are named only where one speaker is anchored in the text; all others are left unattributed","Bremen Woodson review it. Doctor Broderick has saved us some money and he's reviewed it. He has highlighted things the as you know, reading it, the yellow parts were the parts that he would be he would suggest we remove the the buff is what he put in place. Yellow parts were put in there. That was part of the violence.",Unknown,https://reflect-claremont.cablecast.tv/internetchannel/show/17634?site=1&seekto=9973
2:46:43.10,2:47:15.74,10003.10,10035.74,Unidentified,"Undiarized transcript: the source file carries one anonymous voice for the whole meeting, so each segment can hold several speakers. Segments are named only where one speaker is anchored in the text; all others are left unattributed","I'm going to the buff highlights mine. That's the bottom highlight but not the bright yellows. Yeah. He's suggesting we remove the bright yellow or not. No. Yeah. No I added, I just added notes. I added buff with the word note, I think. I don't even know if I made that many recommendations explicitly. Yeah. Kind of observation. I mean, I think reading it I mean, I've read through it and it seems like the yellows are.",Unknown,https://reflect-claremont.cablecast.tv/internetchannel/show/17634?site=1&seekto=10003
2:47:15.82,2:47:42.38,10035.82,10062.38,Unidentified,"Undiarized transcript: the source file carries one anonymous voice for the whole meeting, so each segment can hold several speakers. Segments are named only where one speaker is anchored in the text; all others are left unattributed","Excess information. No, I'd like to make a motion to table, because the bylaws that we got in front of us are the old bylaws and not the revised bylaws that the ad hoc subcommittee, the ad hoc committee revise, and what ad hoc you were on it. I'm sorry.",Unknown,https://reflect-claremont.cablecast.tv/internetchannel/show/17634?site=1&seekto=10035
2:47:42.46,2:48:02.98,10062.46,10082.98,Unidentified,"Undiarized transcript: the source file carries one anonymous voice for the whole meeting, so each segment can hold several speakers. Segments are named only where one speaker is anchored in the text; all others are left unattributed","You were there. It was my self. Heather. Are you? And we spent a morning with. Oh, I remember this. If you were. That's right. Right. The. Copy that. What was the date? It was before you. Yeah. No, no, I know, but I. I'm sorry I took this right off the district website. Yes. You did. All right. This was the wrong thing to do.",Unknown,https://reflect-claremont.cablecast.tv/internetchannel/show/17634?site=1&seekto=10062
2:48:03.02,2:48:21.76,10083.02,10101.76,Unidentified,"Undiarized transcript: the source file carries one anonymous voice for the whole meeting, so each segment can hold several speakers. Segments are named only where one speaker is anchored in the text; all others are left unattributed","I'm sorry. No, no. So what happened? Sorry. There was a question about it. There was a there was a number of questions about an ad hoc committee was formed. We met, we revised it. We were going to bring it. That's right, that's right. We brought it to the board briefly. And then. And then it was thought, well, it should go to the attorneys.",Unknown,https://reflect-claremont.cablecast.tv/internetchannel/show/17634?site=1&seekto=10083
2:48:21.78,2:48:39.18,10101.78,10119.18,Unidentified,"Undiarized transcript: the source file carries one anonymous voice for the whole meeting, so each segment can hold several speakers. Segments are named only where one speaker is anchored in the text; all others are left unattributed","That's true. So I'm sorry, this is the. So I'm asking to table this until I am delighted to table. I figured you might. Thank you very much. Yeah. Thank you for helping. Remember what I've done.",Unknown,https://reflect-claremont.cablecast.tv/internetchannel/show/17634?site=1&seekto=10101
2:48:39.26,2:48:50.14,10119.26,10130.14,Unidentified,"Undiarized transcript: the source file carries one anonymous voice for the whole meeting, so each segment can hold several speakers. Segments are named only where one speaker is anchored in the text; all others are left unattributed",It's not going to materially change anything that you might. Let's move on. It's in my house quite a bit.,Unknown,https://reflect-claremont.cablecast.tv/internetchannel/show/17634?site=1&seekto=10119
2:48:50.22,2:49:21.74,10130.22,10161.74,Unidentified,"Undiarized transcript: the source file carries one anonymous voice for the whole meeting, so each segment can hold several speakers. Segments are named only where one speaker is anchored in the text; all others are left unattributed","I think we're down to that exciting topic of athletic handbooks. And. And if I recall, Don, you had a number of edits and you were going to work with the the athletic director and administration. Please tell us what you think. Thank you, Madam Chair. So no, I shared my my notes with Doctor Broderick, and I publicly offered my my help to get this done.",Unknown,https://reflect-claremont.cablecast.tv/internetchannel/show/17634?site=1&seekto=10130
2:49:21.78,2:50:00.46,10161.78,10200.46,Unidentified,"Undiarized transcript: the source file carries one anonymous voice for the whole meeting, so each segment can hold several speakers. Segments are named only where one speaker is anchored in the text; all others are left unattributed","And I got to tell you that for those watching at home, it's probably not safe at work when I'm going to say, and rarely do I swear. But me looking at these, this this is a middle finger to me and and to the board when I look at this quote unquote revisions and the fact that the word whore play still reads in this document tells me that my efforts and the board's efforts were for naught, and there is no way that I would ever approve this as it's written.",Unknown,https://reflect-claremont.cablecast.tv/internetchannel/show/17634?site=1&seekto=10161
2:50:00.54,2:50:25.90,10200.54,10225.90,Unidentified,"Undiarized transcript: the source file carries one anonymous voice for the whole meeting, so each segment can hold several speakers. Segments are named only where one speaker is anchored in the text; all others are left unattributed","And if you want, I am happy to go through each bulleted item that I highlighted, please, whether it was fixed or not. Happy to do that? No. And we pay this the athletic director a handsome some money and I'm not going to mince my words. It takes a lot to get me angry. And this made me angry. Particularly when I take the time to go through this.",Unknown,https://reflect-claremont.cablecast.tv/internetchannel/show/17634?site=1&seekto=10200
2:50:25.94,2:50:50.06,10225.94,10250.06,Unidentified,"Undiarized transcript: the source file carries one anonymous voice for the whole meeting, so each segment can hold several speakers. Segments are named only where one speaker is anchored in the text; all others are left unattributed","And and I offered constructive criticism and put the offer on the table to help you get it revised and fixed. So this is a no go for me. I don't think we should waste any more time in this. I am happy to once again share with Doctor Broderick what was fixed and the majority stuff that wasn't fixed, that a simple spell check would have corrected.",Unknown,https://reflect-claremont.cablecast.tv/internetchannel/show/17634?site=1&seekto=10225
2:50:50.14,2:51:20.94,10250.14,10280.94,Unidentified,"Undiarized transcript: the source file carries one anonymous voice for the whole meeting, so each segment can hold several speakers. Segments are named only where one speaker is anchored in the text; all others are left unattributed","Thank you other board members reflections on these. Can we make a motion to wait a minute? Wait a minute before you go ahead, go ahead, go ahead. Go ahead and make. I'd like to make a motion to send back the athlete's handbook. Athletic handbook, and both of them for revision. Is there a second? Second. Okay. Is there a discussion?",Unknown,https://reflect-claremont.cablecast.tv/internetchannel/show/17634?site=1&seekto=10250
2:51:21.02,2:51:29.90,10281.02,10289.90,Unidentified,"Undiarized transcript: the source file carries one anonymous voice for the whole meeting, so each segment can hold several speakers. Segments are named only where one speaker is anchored in the text; all others are left unattributed",Relieved. It's not in Comic Sans. I'm sorry. I'm relieved it's not in Comic Sans. I too was relieved to see.,Unknown,https://reflect-claremont.cablecast.tv/internetchannel/show/17634?site=1&seekto=10281
2:51:29.98,2:51:50.94,10289.98,10310.94,Unidentified,"Undiarized transcript: the source file carries one anonymous voice for the whole meeting, so each segment can hold several speakers. Segments are named only where one speaker is anchored in the text; all others are left unattributed","I concur, Brian. Yeah, I, I went through I've got a bunch of stuff. I'm equally as frustrated. Probably not. Probably not. Not as frustrated as Don. But it's like. All right, no Eagle.",Unknown,https://reflect-claremont.cablecast.tv/internetchannel/show/17634?site=1&seekto=10289
2:51:51.02,2:52:22.54,10311.02,10342.54,Unidentified,"Undiarized transcript: the source file carries one anonymous voice for the whole meeting, so each segment can hold several speakers. Segments are named only where one speaker is anchored in the text; all others are left unattributed","And Mike, you had the comments. No, I just I could confer with my colleagues on the board. Very good. Okay. There's a motion on the table. All those in favor say aye. Aye. Opposed? Nay. I think the message is sent. Okay. Now, down to policies. We have second read for policy J. I see which is the use of metal detectors.",Unknown,https://reflect-claremont.cablecast.tv/internetchannel/show/17634?site=1&seekto=10311
2:52:22.62,2:52:55.89,10342.62,10375.89,Unidentified,"Undiarized transcript: the source file carries one anonymous voice for the whole meeting, so each segment can hold several speakers. Segments are named only where one speaker is anchored in the text; all others are left unattributed",We've had first read. I would entertain a motion. Motion to adopt. Okay. Is there a second. Revised by second. Okay. Second. Second. Okay. Is there any discussion? All those in favor say aye. Aye. Opposed? Nay. A motion carries unanimously. Okay. Now we have a number of policies for first read. So I'm hoping that you have had a chance to read these.,Unknown,https://reflect-claremont.cablecast.tv/internetchannel/show/17634?site=1&seekto=10342
2:52:55.90,2:53:17.18,10375.90,10397.18,Unidentified,"Undiarized transcript: the source file carries one anonymous voice for the whole meeting, so each segment can hold several speakers. Segments are named only where one speaker is anchored in the text; all others are left unattributed","If you have not, please do. I think five of them are brand new or I don't think five of them are brand new policies. But I think we can move to second read tonight. Two of them are revisions, and there's one we discussed in committee that I think could be added if people are comfortable, but I'm happy to just bring it to our next meeting.",Unknown,https://reflect-claremont.cablecast.tv/internetchannel/show/17634?site=1&seekto=10375
2:53:17.26,2:53:48.78,10397.26,10428.78,Unidentified,"Undiarized transcript: the source file carries one anonymous voice for the whole meeting, so each segment can hold several speakers. Segments are named only where one speaker is anchored in the text; all others are left unattributed","So the ones that are new are D, which is about vendor relationships. Yep. DJ about local purchases. Yes, DJ B about establishing purchasing procedures. JC about petty cash. Yep. BJD about purchasing cooperatives. Right? They are all, I believe, optional policies, but they're all fiscal policies. They're very similar to the examples. But Tim had worked on them and brought them to us.",Unknown,https://reflect-claremont.cablecast.tv/internetchannel/show/17634?site=1&seekto=10397
2:53:48.82,2:54:09.34,10428.82,10449.34,Unidentified,"Undiarized transcript: the source file carries one anonymous voice for the whole meeting, so each segment can hold several speakers. Segments are named only where one speaker is anchored in the text; all others are left unattributed","I don't have any major notes on those five new ones, so let's let me do a quick little debrief through my notes and see if there's anything that sticks out. They certainly would be relevant to some of the audit procedures. That's exactly what these are for.",Unknown,https://reflect-claremont.cablecast.tv/internetchannel/show/17634?site=1&seekto=10428
2:54:09.42,2:54:45.74,10449.42,10485.74,Unidentified,"Undiarized transcript: the source file carries one anonymous voice for the whole meeting, so each segment can hold several speakers. Segments are named only where one speaker is anchored in the text; all others are left unattributed","DJ b, DJ c, DJ d, DJ DG are new. Yeah. And there is d okay. Oh, thank. So let's let's, let's, let's let's talk about those five. We did the first one the policy D.H. I just had some questions. Yeah. Has the vision has just revisions? Yes, but we haven't approved it yet. Yeah. Yeah, right. Totally. Fine.",Unknown,https://reflect-claremont.cablecast.tv/internetchannel/show/17634?site=1&seekto=10449
2:54:45.82,2:55:22.86,10485.82,10522.86,Unidentified,"Undiarized transcript: the source file carries one anonymous voice for the whole meeting, so each segment can hold several speakers. Segments are named only where one speaker is anchored in the text; all others are left unattributed","There was the reporting of who who gets reported to and when when there has been a report of fraud and has been superintendent is supposed to receive the reports of fraud supposed to come to me unless the employee suspects that I'm involved in the fraud. And then it's the chair of the board I would like to know as a board when there has been and as it stands, according to this policy, the board would not be informed in lest the superintendent felt that fraudulent activity had occurred.",Unknown,https://reflect-claremont.cablecast.tv/internetchannel/show/17634?site=1&seekto=10485
2:55:23.06,2:56:01.10,10523.06,10561.10,Unidentified,"Undiarized transcript: the source file carries one anonymous voice for the whole meeting, so each segment can hold several speakers. Segments are named only where one speaker is anchored in the text; all others are left unattributed","But sometimes fraudulent activity occurs between two people, which may include the superintendent. And so I just think we should the board should be notified whenever there's been an accuracy of fraud or fiscal mismanagement. I, I, I completely agree, I think this is a tough one. Yeah. Because this is this I think that if we change the wording at least specifically in this policy for that area, it would create, I think no matter what reporting of the chair is going to be, if too many employees are reporting to the chair when they shouldn't be, that's a problem separate.",Unknown,https://reflect-claremont.cablecast.tv/internetchannel/show/17634?site=1&seekto=10523
2:56:01.18,2:56:40.42,10561.18,10600.42,Unidentified,"Undiarized transcript: the source file carries one anonymous voice for the whole meeting, so each segment can hold several speakers. Segments are named only where one speaker is anchored in the text; all others are left unattributed","But I think there could be an issue with a chair divulging information too quickly to a board if it's unsubstantiated. I'm not necessarily even suggesting that it's the chair, because the chair only gets. The chair should only be involved if the superintendent is suspected of fraud. Oh, so you mean outside of that? Otherwise all other, you know, complaints or suspicion of fraud or fiscal mismanagement would go to the superintendent who would do the investigation and is not required to inform the board that any investigation is is done, and only if the investigation shows fraud.",Unknown,https://reflect-claremont.cablecast.tv/internetchannel/show/17634?site=1&seekto=10561
2:56:40.46,2:57:11.66,10600.46,10631.66,Unidentified,"Undiarized transcript: the source file carries one anonymous voice for the whole meeting, so each segment can hold several speakers. Segments are named only where one speaker is anchored in the text; all others are left unattributed","Is the board notified? And I just I just feel I'd like to be I'd like to know. Heather, are you saying that if somebody feels compelled enough to whistleblowing. So. So you're saying if if there's identification of fraud, investigation allegation below the superintendent's level, you want the board to be informed? That would be the business administrator? Yeah. So or or anybody.",Unknown,https://reflect-claremont.cablecast.tv/internetchannel/show/17634?site=1&seekto=10600
2:57:11.70,2:57:37.78,10631.70,10657.78,Unidentified,"Undiarized transcript: the source file carries one anonymous voice for the whole meeting, so each segment can hold several speakers. Segments are named only where one speaker is anchored in the text; all others are left unattributed","I mean, that's what I hear you're saying. I mean, that's what I'm asking. Yes. Because otherwise it's at the discretion of the superintendent to inform the board. Right, right. And so so you're saying you would like this modified? I think you want to compel the superintendent to inform us. Correct. In any, in any instance, maybe in nonpublic. I think that's what Heather's getting at, that it should be compelled to report it to us.",Unknown,https://reflect-claremont.cablecast.tv/internetchannel/show/17634?site=1&seekto=10631
2:57:37.82,2:58:11.66,10657.82,10691.66,Unidentified,"Undiarized transcript: the source file carries one anonymous voice for the whole meeting, so each segment can hold several speakers. Segments are named only where one speaker is anchored in the text; all others are left unattributed","And we're in the language suggestion, Madam chair. Yes. So on page two, which is where you are under investigation? Yes. What if you added after the based on his her judgment, the superintendent shall line add another sentence. The superintendent will notify the board in a nonpublic meeting whenever such an investigation is initiated. And at the end of the next graph after, if the superintendent is involved in the complaint, the board chair is authorized.",Unknown,https://reflect-claremont.cablecast.tv/internetchannel/show/17634?site=1&seekto=10657
2:58:11.74,2:58:45.54,10691.74,10725.54,Unidentified,"Undiarized transcript: the source file carries one anonymous voice for the whole meeting, so each segment can hold several speakers. Segments are named only where one speaker is anchored in the text; all others are left unattributed",Add. The board. Chair will notify the board in a nonpublic meeting whenever such an investigation. So. Yes. Yeah. Excellent. I've got two more. So under number six on page three I'd like to add that's updated annually. The capital shall maintain update list. Updated annual. An annually updated list shall maintain an updated and at the discretion of when you update.,Unknown,https://reflect-claremont.cablecast.tv/internetchannel/show/17634?site=1&seekto=10691
2:58:45.62,2:59:11.70,10725.62,10751.70,Unidentified,"Undiarized transcript: the source file carries one anonymous voice for the whole meeting, so each segment can hold several speakers. Segments are named only where one speaker is anchored in the text; all others are left unattributed","Sorry. Where is that? In the last number six. Number six shall maintain updated annual annually. Updated lists annually. Updated. Right. Then that puts it right, which we have to do. Yep. Is that we're required. Is that is that it's going to be annual or biannual? I'm wondering I can't be ten years. Oh yeah. Yeah. So I think I think the auditors are going to expect that anyway.",Unknown,https://reflect-claremont.cablecast.tv/internetchannel/show/17634?site=1&seekto=10725
2:59:11.74,2:59:39.90,10751.74,10779.90,Unidentified,"Undiarized transcript: the source file carries one anonymous voice for the whole meeting, so each segment can hold several speakers. Segments are named only where one speaker is anchored in the text; all others are left unattributed","It's going to be expected every year. We'll give it to the auditors every day. Okay. So we're perfect annually. Thank you. Yeah. And then finally number seven, not only. I'm sorry. This is so happy you're here. You have no idea. Look what we have and the training. So the administrator shall be responsible for ensuring there to be proof of training and file on file.",Unknown,https://reflect-claremont.cablecast.tv/internetchannel/show/17634?site=1&seekto=10751
2:59:40.02,3:00:09.42,10780.02,10809.42,Unidentified,"Undiarized transcript: the source file carries one anonymous voice for the whole meeting, so each segment can hold several speakers. Segments are named only where one speaker is anchored in the text; all others are left unattributed","Wait a minute. Administration. I'll be responsible. Ensuring. Sorry. I want proof on file that the training received. Like, you know, there's annual training that people receive and you have to have it proof on file that you've had the sexual harassment training, yada yada, yada. I have good news for you. So the procedural guide on Procurement and purchasing is part of my district's annual required training for every employee.",Unknown,https://reflect-claremont.cablecast.tv/internetchannel/show/17634?site=1&seekto=10780
3:00:09.42,3:00:56.06,10809.42,10856.06,Unidentified,"Undiarized transcript: the source file carries one anonymous voice for the whole meeting, so each segment can hold several speakers. Segments are named only where one speaker is anchored in the text; all others are left unattributed","So every employee signs off with a date and time stamp. I've read it and I understand it. Isn't that in one of the audit responses? I think I probably included it because I do it. I require I've been requiring every employee in my district for a long time to. So if we say that they read and understand those rules, if you've read the audit responses, the 11 that he's generated, it does reference that there will be annual notation that all employees will sign a document that says they have been informed of these procedures, of the fraud prevention procedures.",Unknown,https://reflect-claremont.cablecast.tv/internetchannel/show/17634?site=1&seekto=10809
3:00:56.14,3:01:16.14,10856.14,10876.14,Unidentified,"Undiarized transcript: the source file carries one anonymous voice for the whole meeting, so each segment can hold several speakers. Segments are named only where one speaker is anchored in the text; all others are left unattributed","I don't know about that. It doesn't hurt to put it here. It does. I think it does. Mr. Madden has mentioned in the past that there should be clarity in the district about what whistleblower protections exist to, I think, highlighting that and making sure that employees are trained on what the whistleblower protections are.",Unknown,https://reflect-claremont.cablecast.tv/internetchannel/show/17634?site=1&seekto=10856
3:01:16.22,3:01:21.20,10876.22,10881.20,Unidentified,"Undiarized transcript: the source file carries one anonymous voice for the whole meeting, so each segment can hold several speakers. Segments are named only where one speaker is anchored in the text; all others are left unattributed",On an annual basis.,Unknown,https://reflect-claremont.cablecast.tv/internetchannel/show/17634?site=1&seekto=10876
3:01:21.28,3:01:27.28,10881.28,10887.28,Unidentified,"Undiarized transcript: the source file carries one anonymous voice for the whole meeting, so each segment can hold several speakers. Segments are named only where one speaker is anchored in the text; all others are left unattributed",That will be no request for reversion.,Unknown,https://reflect-claremont.cablecast.tv/internetchannel/show/17634?site=1&seekto=10881
3:01:27.36,3:01:34.80,10887.36,10894.80,Unidentified,"Undiarized transcript: the source file carries one anonymous voice for the whole meeting, so each segment can hold several speakers. Segments are named only where one speaker is anchored in the text; all others are left unattributed","Okay. So number seven, training, there will be a second.",Unknown,https://reflect-claremont.cablecast.tv/internetchannel/show/17634?site=1&seekto=10887
3:01:34.88,3:01:54.20,10894.88,10914.20,Unidentified,"Undiarized transcript: the source file carries one anonymous voice for the whole meeting, so each segment can hold several speakers. Segments are named only where one speaker is anchored in the text; all others are left unattributed","As part of the district's annual mandatory training. Yes, that'd be great action. Yeah. Thank you. Okay. With those. So there are there were two changes in the.",Unknown,https://reflect-claremont.cablecast.tv/internetchannel/show/17634?site=1&seekto=10894
3:01:54.28,3:01:57.88,10914.28,10917.88,Unidentified,"Undiarized transcript: the source file carries one anonymous voice for the whole meeting, so each segment can hold several speakers. Segments are named only where one speaker is anchored in the text; all others are left unattributed",This is the.,Unknown,https://reflect-claremont.cablecast.tv/internetchannel/show/17634?site=1&seekto=10914
3:01:57.96,3:02:26.28,10917.96,10946.28,Unidentified,"Undiarized transcript: the source file carries one anonymous voice for the whole meeting, so each segment can hold several speakers. Segments are named only where one speaker is anchored in the text; all others are left unattributed","First read and then there have been two editions. Is that right? One under investigation. And. Oh number six and number seven with those changes can we move. Can we have a recommendation to move it to second read, or is there a motion. Did I make it? Yes you did. There is a motion. No, I thought I think I made a motion for the other ones.",Unknown,https://reflect-claremont.cablecast.tv/internetchannel/show/17634?site=1&seekto=10917
3:02:26.28,3:02:49.76,10946.28,10969.76,Unidentified,"Undiarized transcript: the source file carries one anonymous voice for the whole meeting, so each segment can hold several speakers. Segments are named only where one speaker is anchored in the text; all others are left unattributed","We lost it and that's. Yeah, yeah. Make a motion to approve with as amended. Okay. Very good. Second. Very good. All. Is there any discussion? Further discussion. Approve. Approval for secondary. Approve. It is a revision. So I am saying approve. Isn't that.",Unknown,https://reflect-claremont.cablecast.tv/internetchannel/show/17634?site=1&seekto=10946
3:02:49.84,3:03:07.00,10969.84,10987.00,Unidentified,"Undiarized transcript: the source file carries one anonymous voice for the whole meeting, so each segment can hold several speakers. Segments are named only where one speaker is anchored in the text; all others are left unattributed",So? I just we're moving to second read if you want to. My motion was to approve it because it's a revision. Approve it without second read because it's a revision. This is a policy we have on. So these are minor revisions. This is not a brand new policy. You had to read A to Z. So my motion is to approve it.,Unknown,https://reflect-claremont.cablecast.tv/internetchannel/show/17634?site=1&seekto=10969
3:03:07.04,3:03:38.56,10987.04,11018.56,Unidentified,"Undiarized transcript: the source file carries one anonymous voice for the whole meeting, so each segment can hold several speakers. Segments are named only where one speaker is anchored in the text; all others are left unattributed","If you voted yes it would be adopting it without a second revision. Yep. Okay. All right. All those in favor say aye. Aye aye. Opposed? Nay. All right. Very good. What's the other one? That was revision. I'll do the other revision first. It's DG. I might bat this to Tim, but it seemed reasonable to Don and I today it's about bidding and the bidding versus quote threshold being 20 instead of five.",Unknown,https://reflect-claremont.cablecast.tv/internetchannel/show/17634?site=1&seekto=10987
3:03:38.60,3:03:59.96,11018.60,11039.96,Unidentified,"Undiarized transcript: the source file carries one anonymous voice for the whole meeting, so each segment can hold several speakers. Segments are named only where one speaker is anchored in the text; all others are left unattributed","So this isn't about a lot of money to spend more. This is just about whether or not we have to put an RFP up every time for purchases under 20 K, right? This raises our previous policy from 5 to 20. So we can get quotes for things under 20. We get bids for things over. Yeah it's interesting.",Unknown,https://reflect-claremont.cablecast.tv/internetchannel/show/17634?site=1&seekto=11018
3:04:00.04,3:04:21.36,11040.04,11061.36,Unidentified,"Undiarized transcript: the source file carries one anonymous voice for the whole meeting, so each segment can hold several speakers. Segments are named only where one speaker is anchored in the text; all others are left unattributed",On our sheet. It doesn't have any approval history previous this I think originally Tim did not Tim was not I don't think you were aware that we had it. You may have brought it. Okay. And so I just want to make sure that same except the number. All right. Fair enough. So there is a revision. If you looked at our policies on our website you will see our review.,Unknown,https://reflect-claremont.cablecast.tv/internetchannel/show/17634?site=1&seekto=11040
3:04:21.44,3:04:50.27,11061.44,11090.27,Unidentified,"Undiarized transcript: the source file carries one anonymous voice for the whole meeting, so each segment can hold several speakers. Segments are named only where one speaker is anchored in the text; all others are left unattributed","Okay. So you've made a motion to adopt. I was just explaining this, but yes, I would make a motion to adopt this as revised second. Okay. And Heather seconds. Any further discussion, Madam Chair? So Doctor Broderick had a great example of of why this these dollar amounts are important. In particular you mentioned about buying light bulbs. So do you want to hear it?",Unknown,https://reflect-claremont.cablecast.tv/internetchannel/show/17634?site=1&seekto=11061
3:04:50.28,3:05:19.79,11090.28,11119.79,Unidentified,"Undiarized transcript: the source file carries one anonymous voice for the whole meeting, so each segment can hold several speakers. Segments are named only where one speaker is anchored in the text; all others are left unattributed","I do I think it's important for the public to see that money. They're going to see that money. So this is really about the threshold for soliciting three quotes as opposed to conducting a sealed bid process. If, if, if we're buying 324ft LED replacement light bulbs, you know, for fluorescent fixtures, and we and our facilities director can reasonably assume that's going to cost between 10 and $12,000.",Unknown,https://reflect-claremont.cablecast.tv/internetchannel/show/17634?site=1&seekto=11090
3:05:19.80,3:05:41.24,11119.80,11141.24,Unidentified,"Undiarized transcript: the source file carries one anonymous voice for the whole meeting, so each segment can hold several speakers. Segments are named only where one speaker is anchored in the text; all others are left unattributed","Being able to send that those specification identifying specifications out to three vendors get responses back probably within a day, because that's commodity stuff that's sitting in a warehouse. We can we can buy that sealed bidding. I mean, this this plow sand bid that's going to be on the street for 30 days, and it should be. And then companies have to submit certificates of insurance.",Unknown,https://reflect-claremont.cablecast.tv/internetchannel/show/17634?site=1&seekto=11119
3:05:41.24,3:06:08.24,11141.24,11168.24,Unidentified,"Undiarized transcript: the source file carries one anonymous voice for the whole meeting, so each segment can hold several speakers. Segments are named only where one speaker is anchored in the text; all others are left unattributed","And there's a lot of paperwork that comes with the respondents. If we have to do that every time we're buying, you know, $10,000 worth of light bulbs for school buildings, it's probably going to discourage vendors from responding. That's just that's kind of a low threshold. I mean, when I came to New Hampshire and set the bidding threshold at 20, that was a reduction from what I had had in another state where it was 35.",Unknown,https://reflect-claremont.cablecast.tv/internetchannel/show/17634?site=1&seekto=11141
3:06:08.32,3:06:34.60,11168.32,11194.60,Unidentified,"Undiarized transcript: the source file carries one anonymous voice for the whole meeting, so each segment can hold several speakers. Segments are named only where one speaker is anchored in the text; all others are left unattributed","Okay. So we have a motion on the table. Any further discussion? All those in favor of the change. And so we're adopting the changes say I, I opposed nay. Okay. The motion carries unanimously. Okay. Now we have the five new ones. I'm sneaking something in here. DJ is in your packet. It's not online. I'm going to bring that to next meeting.",Unknown,https://reflect-claremont.cablecast.tv/internetchannel/show/17634?site=1&seekto=11168
3:06:34.60,3:06:44.68,11194.60,11204.68,Unidentified,"Undiarized transcript: the source file carries one anonymous voice for the whole meeting, so each segment can hold several speakers. Segments are named only where one speaker is anchored in the text; all others are left unattributed","We'll skip it tonight. Thank you. If you can look at the DJ that's there versus the one on our site fair, I'd like to make a motion to move the.",Unknown,https://reflect-claremont.cablecast.tv/internetchannel/show/17634?site=1&seekto=11194
3:06:44.76,3:07:17.08,11204.76,11237.08,Unidentified,"Undiarized transcript: the source file carries one anonymous voice for the whole meeting, so each segment can hold several speakers. Segments are named only where one speaker is anchored in the text; all others are left unattributed","DJ, B, DJ and DJ d to a second read. All right. Yes, they're the new ones I know. So DJ G. DJ f, DJ b, DJ's and DJ d. There are the new ones. Okay. This is updated so I see. Yeah. About petty cash. Yeah. And it does not include the R. The are technically is there for people to view but we don't have to approve ours.",Unknown,https://reflect-claremont.cablecast.tv/internetchannel/show/17634?site=1&seekto=11204
3:07:17.08,3:07:32.84,11237.08,11252.84,Unidentified,"Undiarized transcript: the source file carries one anonymous voice for the whole meeting, so each segment can hold several speakers. Segments are named only where one speaker is anchored in the text; all others are left unattributed","But yes it is there for your viewing. Okay. Thank you for the petty cash for nine. Can we put in a DJ, see DJ CR.",Unknown,https://reflect-claremont.cablecast.tv/internetchannel/show/17634?site=1&seekto=11237
3:07:32.92,3:07:42.32,11252.92,11262.32,Unidentified,"Undiarized transcript: the source file carries one anonymous voice for the whole meeting, so each segment can hold several speakers. Segments are named only where one speaker is anchored in the text; all others are left unattributed",Save that again please sign in. Which like that time period which the money must be turned into the business office.,Unknown,https://reflect-claremont.cablecast.tv/internetchannel/show/17634?site=1&seekto=11252
3:07:42.40,3:08:01.64,11262.40,11281.64,Unidentified,"Undiarized transcript: the source file carries one anonymous voice for the whole meeting, so each segment can hold several speakers. Segments are named only where one speaker is anchored in the text; all others are left unattributed","Can we have a preference on that? We require at least a monthly report on use of petty cash from the principal. The incentive of principal has to move faster than that is, we don't replenish their petty cash until they show up with a report and the receipt. So you're saying so there's some. So it's at least it's at least my longest.",Unknown,https://reflect-claremont.cablecast.tv/internetchannel/show/17634?site=1&seekto=11262
3:08:01.64,3:08:22.49,11281.64,11302.49,Unidentified,"Undiarized transcript: the source file carries one anonymous voice for the whole meeting, so each segment can hold several speakers. Segments are named only where one speaker is anchored in the text; all others are left unattributed","It's monthly right. Usually it's the next day because any 100 bucks in the box basically. So money received must not be put into petty cash. This money must be turned into the business office. Oh, yeah. It's not a revolving fund. The slush fund? No, they can't add money to it. Okay. Right. They can only use it. And then we want it.",Unknown,https://reflect-claremont.cablecast.tv/internetchannel/show/17634?site=1&seekto=11281
3:08:22.56,3:08:45.59,11302.56,11325.59,Unidentified,"Undiarized transcript: the source file carries one anonymous voice for the whole meeting, so each segment can hold several speakers. Segments are named only where one speaker is anchored in the text; all others are left unattributed","Okay? Yeah. And. Yeah. It's not replenished. No, the money doesn't go back into any anyway. We could get a R for DJ B again. We need it. What's that? I said we need it. The whole. We need the R. It's defining an R. It's all purpose is to have an R. But yes I think I think that would be helpful as a timeframe for DJ.",Unknown,https://reflect-claremont.cablecast.tv/internetchannel/show/17634?site=1&seekto=11302
3:08:45.80,3:09:08.52,11325.80,11348.52,Unidentified,"Undiarized transcript: the source file carries one anonymous voice for the whole meeting, so each segment can hold several speakers. Segments are named only where one speaker is anchored in the text; all others are left unattributed","It's it's purchasing procedures. That's why I say that it's a policy about creating procedures, which is exactly what you're asking for. So so we're going to that's an R we need from admins. Right. But could we get it for a second? I think the good news is that you already approved the Dash R for this. It's that really thick guide to procure or just saying.",Unknown,https://reflect-claremont.cablecast.tv/internetchannel/show/17634?site=1&seekto=11325
3:09:08.60,3:09:26.88,11348.60,11366.88,Unidentified,"Undiarized transcript: the source file carries one anonymous voice for the whole meeting, so each segment can hold several speakers. Segments are named only where one speaker is anchored in the text; all others are left unattributed","But we talked about this at the policy meeting earlier. I will put it into this format, make it a dash R and then put it on the online policy manual just like these others. Sounds good. Yeah. And continue to include it in everybody's mandatory and training.",Unknown,https://reflect-claremont.cablecast.tv/internetchannel/show/17634?site=1&seekto=11348
3:09:26.96,3:10:02.72,11366.96,11402.72,Unidentified,"Undiarized transcript: the source file carries one anonymous voice for the whole meeting, so each segment can hold several speakers. Segments are named only where one speaker is anchored in the text; all others are left unattributed","Okay. Anything other discussion? I don't think I got a second. Second amendment. All right. Yeah. Friendly amendment. That sounds good. Yep, yep. Any further discussion? Okay, let's have a vote. This is first read to move this a second read. Yes it's a for these five with the amended additions Noel. Or do you have them. I have someone JC JD JF perfect.",Unknown,https://reflect-claremont.cablecast.tv/internetchannel/show/17634?site=1&seekto=11366
3:10:02.76,3:10:31.36,11402.76,11431.36,Unidentified,"Undiarized transcript: the source file carries one anonymous voice for the whole meeting, so each segment can hold several speakers. Segments are named only where one speaker is anchored in the text; all others are left unattributed",Thank you. Okay. All those in favor say aye. Opposed? Nay. Excellent. I think that's all of the policies. Is that correct? Yes. Okay. Thank you guys again. Yes. So thank you. Okay. Personnel report. Okay. So the.,Unknown,https://reflect-claremont.cablecast.tv/internetchannel/show/17634?site=1&seekto=11402
3:10:31.44,3:11:03.36,11431.44,11463.36,Unidentified,"Undiarized transcript: the source file carries one anonymous voice for the whole meeting, so each segment can hold several speakers. Segments are named only where one speaker is anchored in the text; all others are left unattributed","Awful lot of policies in the way here. So on the certified hiring sheet, this is this is under state law, a nomination the superintendent nominates and the board elects. So Mr. Gould is a certified assistant principal nominated to serve as the student service coordinator or assistant principal at Claremont Middle School. All right. And that requires a board vote to appoint or elect Mr..",Unknown,https://reflect-claremont.cablecast.tv/internetchannel/show/17634?site=1&seekto=11431
3:11:03.44,3:11:37.12,11463.44,11497.12,Unidentified,"Undiarized transcript: the source file carries one anonymous voice for the whole meeting, so each segment can hold several speakers. Segments are named only where one speaker is anchored in the text; all others are left unattributed","Motion to. I would like to make a motion to appoint Sean Gould as assistant principal to CMS under the recommendations of Broderick. Second, any discussion? All those in favor say aye. Opposed? Nay. Motion carries. And you previously voted to appoint Teresa Taylor's business administrator. She's listed here because we processed the contract. You see that the salary listed here is not her annual salary, but she's here for part of the year, so it's prorated.",Unknown,https://reflect-claremont.cablecast.tv/internetchannel/show/17634?site=1&seekto=11463
3:11:37.20,3:11:43.60,11497.20,11503.60,Unidentified,"Undiarized transcript: the source file carries one anonymous voice for the whole meeting, so each segment can hold several speakers. Segments are named only where one speaker is anchored in the text; all others are left unattributed",Her contract gives her annual salary that you already approved.,Unknown,https://reflect-claremont.cablecast.tv/internetchannel/show/17634?site=1&seekto=11497
3:11:43.68,3:12:00.54,11503.68,11520.54,Unidentified,"Undiarized transcript: the source file carries one anonymous voice for the whole meeting, so each segment can hold several speakers. Segments are named only where one speaker is anchored in the text; all others are left unattributed","No resignations. We do. We did receive notification of one employees intention to retire as of June 30th, which you will find on the next page.",Unknown,https://reflect-claremont.cablecast.tv/internetchannel/show/17634?site=1&seekto=11503
3:12:00.62,3:12:27.54,11520.62,11547.54,Unidentified,"Undiarized transcript: the source file carries one anonymous voice for the whole meeting, so each segment can hold several speakers. Segments are named only where one speaker is anchored in the text; all others are left unattributed","Do we take action on this? So it's an interesting question. I don't think you have a legal need to take a vote to accept a retirement notification, but I have seen boards routinely do so. So I think it's entirely up to you how you wish to proceed. I'd love to discuss. We discussed in a nonpublic. You may. Okay.",Unknown,https://reflect-claremont.cablecast.tv/internetchannel/show/17634?site=1&seekto=11520
3:12:27.62,3:12:57.74,11547.62,11577.74,Unidentified,"Undiarized transcript: the source file carries one anonymous voice for the whole meeting, so each segment can hold several speakers. Segments are named only where one speaker is anchored in the text; all others are left unattributed","All right. So we will not take any action on that. I think that gets us to the. Oh, gosh. The subcommittee reports. We have some scheduling to do, maybe. Yeah. And because of the time, I encourage all the chair of various committees to schedule meetings soon and so that we can get this filled in for the next board meeting.",Unknown,https://reflect-claremont.cablecast.tv/internetchannel/show/17634?site=1&seekto=11547
3:12:57.78,3:13:08.59,11577.78,11588.59,Unidentified,"Undiarized transcript: the source file carries one anonymous voice for the whole meeting, so each segment can hold several speakers. Segments are named only where one speaker is anchored in the text; all others are left unattributed",Okay. And I think we're to the nonpublic section of our meeting.,Unknown,https://reflect-claremont.cablecast.tv/internetchannel/show/17634?site=1&seekto=11577
3:13:08.67,3:13:33.06,11588.67,11613.06,Unidentified,"Undiarized transcript: the source file carries one anonymous voice for the whole meeting, so each segment can hold several speakers. Segments are named only where one speaker is anchored in the text; all others are left unattributed","Okay. I have a quick mention on the other business. Just fast. Sure. There's something that maybe we can discuss at a meeting. We've had a lot of recognition at the beginning of our meetings. Yeah. So just as a board, we were just curious how those come about. Who's bringing those forward? How do you know if this is a board, people?",Unknown,https://reflect-claremont.cablecast.tv/internetchannel/show/17634?site=1&seekto=11588
3:13:33.06,3:13:56.22,11613.06,11636.22,Unidentified,"Undiarized transcript: the source file carries one anonymous voice for the whole meeting, so each segment can hold several speakers. Segments are named only where one speaker is anchored in the text; all others are left unattributed","Then how does the board get more involved in bringing forward people to recognize? We've had a lot and I appreciate them, but I would I would think that, to this point, the board hasn't had much knowledge of them until they show up on the agenda. So it's, so it could be a future discussion. Right. Into tonight.",Unknown,https://reflect-claremont.cablecast.tv/internetchannel/show/17634?site=1&seekto=11613
3:13:56.30,3:14:11.18,11636.30,11651.18,Unidentified,"Undiarized transcript: the source file carries one anonymous voice for the whole meeting, so each segment can hold several speakers. Segments are named only where one speaker is anchored in the text; all others are left unattributed","That's fair. I do appreciate what. When I became chair, I wanted to have some recognition at the beginning of board meetings to.",Unknown,https://reflect-claremont.cablecast.tv/internetchannel/show/17634?site=1&seekto=11636
3:14:11.26,3:14:14.30,11651.26,11654.30,Unidentified,"Undiarized transcript: the source file carries one anonymous voice for the whole meeting, so each segment can hold several speakers. Segments are named only where one speaker is anchored in the text; all others are left unattributed",To give.,Unknown,https://reflect-claremont.cablecast.tv/internetchannel/show/17634?site=1&seekto=11651
3:14:14.38,3:14:28.74,11654.38,11668.74,Unidentified,"Undiarized transcript: the source file carries one anonymous voice for the whole meeting, so each segment can hold several speakers. Segments are named only where one speaker is anchored in the text; all others are left unattributed","Applauds to good things that are in the district. The first couple were kind of just happened. I mean, I think you were at a.",Unknown,https://reflect-claremont.cablecast.tv/internetchannel/show/17634?site=1&seekto=11654
3:14:28.82,3:14:55.34,11668.82,11695.34,Unidentified,"Undiarized transcript: the source file carries one anonymous voice for the whole meeting, so each segment can hold several speakers. Segments are named only where one speaker is anchored in the text; all others are left unattributed","Tech meeting when Michelle told us about the students that were the ambassadors, and at the time, I thought, that's a I would like to give some recognition to those people. And so I suggested that first one. Subsequently, they have been recommendations from the staff. The staff has suggested who based on and I recommended you know, the music. Okay.",Unknown,https://reflect-claremont.cablecast.tv/internetchannel/show/17634?site=1&seekto=11668
3:14:55.38,3:15:22.62,11695.38,11722.62,Unidentified,"Undiarized transcript: the source file carries one anonymous voice for the whole meeting, so each segment can hold several speakers. Segments are named only where one speaker is anchored in the text; all others are left unattributed","That's fine, but I think. Right. So any any board member could certainly give me a call, send me an email. If you know of a situation that you would like to have some recognition we want. We want that to happen. But in the absence of that, the administration and not even in the they might know of situations and they would suggest people as well.",Unknown,https://reflect-claremont.cablecast.tv/internetchannel/show/17634?site=1&seekto=11695
3:15:22.70,3:15:51.54,11722.70,11751.54,Unidentified,"Undiarized transcript: the source file carries one anonymous voice for the whole meeting, so each segment can hold several speakers. Segments are named only where one speaker is anchored in the text; all others are left unattributed","Does that answer the question for you? Yeah, I appreciate it. Okay. Thank you. Yes. Just just to plant a seed. I mean, it's possible we could actually create a space on the agenda. And if the middle school teachers or a principal have somebody they want to recognize, and maybe that's the time that that's that is the. I mean, I would like to limit it to one situation each meeting, but I think the administration can take.",Unknown,https://reflect-claremont.cablecast.tv/internetchannel/show/17634?site=1&seekto=11722
3:15:51.74,3:16:29.62,11751.74,11789.62,Unidentified,"Undiarized transcript: the source file carries one anonymous voice for the whole meeting, so each segment can hold several speakers. Segments are named only where one speaker is anchored in the text; all others are left unattributed","Yeah, I handle the I don't mean organization of that certainly wouldn't be a bad thing if we were celebrating 40 people. Right. So. All right. Any other business before we entertain a motion to go into nonpublic? Okay. Can I go on to nonpublic or say 91 A3 A or. Sorry, two subsection two A, C and K I'll second.",Unknown,https://reflect-claremont.cablecast.tv/internetchannel/show/17634?site=1&seekto=11751
3:16:29.70,3:17:21.03,11789.70,11841.03,Unidentified,"Undiarized transcript: the source file carries one anonymous voice for the whole meeting, so each segment can hold several speakers. Segments are named only where one speaker is anchored in the text; all others are left unattributed",Okay. Roll call please. Lauren. Howard. Yes. Yes. Yes. William Madden. Yes. Yes. Yes. Yes.,Unknown,https://reflect-claremont.cablecast.tv/internetchannel/show/17634?site=1&seekto=11789
