Start,End,Start (sec),End (sec),Speaker,Role,Dialogue,Diarized As,Video URL
0:00:42.12,0:02:11.25,42.12,131.25,Chris Irish,Claremont School Board Vice Chair,"Well, I just wrote. I wrote what I've been saying to John. John, you lost as much as he's always been against. I said I wrote down.",Speaker 1,https://reflect-claremont.cablecast.tv/internetchannel/show/8899?site=1&seekto=42
0:02:11.33,0:02:11.82,131.33,131.82,Chris Irish,Claremont School Board Vice Chair,That's his call.,Speaker 1,https://reflect-claremont.cablecast.tv/internetchannel/show/8899?site=1&seekto=131
0:02:11.84,0:02:20.02,131.84,140.02,Brian Rapp,Claremont School Board Chair,The Claremont School board meeting to order. Stand for the Pledge of Allegiance.,Speaker 2,https://reflect-claremont.cablecast.tv/internetchannel/show/8899?site=1&seekto=131
0:02:20.10,0:02:34.46,140.10,154.46,Brian Rapp,Claremont School Board Chair,"I pledge allegiance to the flag,  the United States of America, and to the Republic which stands one nation under God. God visible with liberty and justice for all.",Speaker 2,https://reflect-claremont.cablecast.tv/internetchannel/show/8899?site=1&seekto=140
0:02:34.54,0:02:38.26,154.54,158.26,Brian Rapp,Claremont School Board Chair,Good evening. This is a.,Speaker 2,https://reflect-claremont.cablecast.tv/internetchannel/show/8899?site=1&seekto=154
0:02:38.34,0:02:45.04,158.34,165.04,Brian Rapp,Claremont School Board Chair,Simple  budget discussion.,Speaker 2,https://reflect-claremont.cablecast.tv/internetchannel/show/8899?site=1&seekto=158
0:02:45.12,0:02:55.76,165.12,175.76,Brian Rapp,Claremont School Board Chair,"Can we get roll call, please?",Speaker 2,https://reflect-claremont.cablecast.tv/internetchannel/show/8899?site=1&seekto=165
0:02:55.84,0:02:59.60,175.84,179.60,Unidentified,Unidentified - roll-call responses from members,Here.,Speaker 1,https://reflect-claremont.cablecast.tv/internetchannel/show/8899?site=1&seekto=175
0:02:59.68,0:03:03.14,179.68,183.14,Unidentified,Unidentified - roll-call responses from members,Here.,Speaker 2,https://reflect-claremont.cablecast.tv/internetchannel/show/8899?site=1&seekto=179
0:03:03.22,0:03:27.18,183.22,207.18,Brian Rapp,Claremont School Board Chair,"Please have everyone put their phones or electronic devices on silent.  We are only agenda item is budget discussion. I see that we do have people here.  If anyone was going to speak, I just ask that you wait till after  the budget presentation.  That should answer a lot of your questions.  If you still wish to speak afterwards, you'll be given the opportunity to do so.",Speaker 2,https://reflect-claremont.cablecast.tv/internetchannel/show/8899?site=1&seekto=183
0:03:27.18,0:03:32.26,207.18,212.26,Brian Rapp,Claremont School Board Chair,Then. Okay. Okay. Middleton. Thank you. Well.,Speaker 2,https://reflect-claremont.cablecast.tv/internetchannel/show/8899?site=1&seekto=207
0:03:32.34,0:04:03.70,212.34,243.70,Middleton McGoodwin,"Superintendent, SAU 6","Good evening. As a result of of your work on January 21st,  it was we received a Sunday afternoon.  Some clarity as to your expectations.  The board. You certainly left the specifics of the reductions to the best judgment of the administration, which we greatly appreciated. However,  it was made very clear that the board will not consider reductions to teaching staff or programs.",Speaker 3,https://reflect-claremont.cablecast.tv/internetchannel/show/8899?site=1&seekto=212
0:04:03.78,0:04:39.58,243.78,279.58,Middleton McGoodwin,"Superintendent, SAU 6","So any reductions or modifications to teaching staff or programs for the fiscal year 18 were taken off the table. But by doing so,  we had to  increase the  the amount of reductions that would occur because some of the personnel recommendations  are being taken off the table. We still had to comply with your request, which was the school board did not want the main budget to have any impact on the fiscal year 18 tax rate.",Speaker 3,https://reflect-claremont.cablecast.tv/internetchannel/show/8899?site=1&seekto=243
0:04:39.66,0:05:10.50,279.66,310.50,Middleton McGoodwin,"Superintendent, SAU 6","And as a result,  we had a tentative figure of an additional $366,000  of reductions.  Again, all non personnel budget items, and with 80% of the budget being personnel.  That was a challenge. However  I'm going to defer to to Michael O'Neill, Michael Neil, Corey Clear and others have done a great deal of work with this to  to present tonight.",Speaker 3,https://reflect-claremont.cablecast.tv/internetchannel/show/8899?site=1&seekto=279
0:05:10.58,0:05:21.10,310.58,321.10,Middleton McGoodwin,"Superintendent, SAU 6",To comply with your request as we prepare for the February 1st meeting and then the February 8th deliberative session.,Speaker 3,https://reflect-claremont.cablecast.tv/internetchannel/show/8899?site=1&seekto=310
0:05:21.18,0:05:22.98,321.18,322.98,Middleton McGoodwin,"Superintendent, SAU 6","That was your introduction, Mr. O'Neill.",Speaker 3,https://reflect-claremont.cablecast.tv/internetchannel/show/8899?site=1&seekto=321
0:05:23.02,0:05:44.98,323.02,344.98,Michael O'Neill,"Business Administrator, SAU 6","Appreciate that. I guess I'll start with the with the one page I handed out to people with a front and back on it. It looks a lot like this on the back side. On the front side. Quite similar to the to the to the process we've been using. I didn't lose my cell phone now, but I'm going to start with the with the front side which has got the warrant detail on it.",Speaker 4,https://reflect-claremont.cablecast.tv/internetchannel/show/8899?site=1&seekto=323
0:05:45.06,0:06:17.14,345.06,377.14,Michael O'Neill,"Business Administrator, SAU 6","The top of the page says Claremont School District proposed warrant  totals. We'll start with the operating budget. As Middleton had mentioned, the we were asked to to reduce that number down so that there'd be no tax impact. So we were at a $92,000 increase at the last meeting.  Now, that shows a $242,239 decrease.  What we did is we took a lot of stuff out in the 700, 600 supplies,  replacement equipment, new equipment.",Speaker 4,https://reflect-claremont.cablecast.tv/internetchannel/show/8899?site=1&seekto=345
0:06:17.22,0:06:34.98,377.22,394.98,Michael O'Neill,"Business Administrator, SAU 6","Some of the building projects are going to have to get put on hold, but we were able to to reduce that without taking any, you know, and add back the the personnel costs for the positions. There was a there was a proposed reduction for three specials at bluff to go to point eight. Those have been put back to a to 1.0.",Speaker 4,https://reflect-claremont.cablecast.tv/internetchannel/show/8899?site=1&seekto=377
0:06:34.98,0:06:56.42,394.98,416.42,Michael O'Neill,"Business Administrator, SAU 6","And then the athletic  director at the middle school has been added back in.  We had added the high school position back in and the alternative program teachers back in last time. The concern obviously being as we go forward, obviously next year we're going to need more equipment. We're going to need more supplies. You know, there's not a lot we can do about that.",Speaker 4,https://reflect-claremont.cablecast.tv/internetchannel/show/8899?site=1&seekto=394
0:06:56.42,0:07:15.26,416.42,435.26,Michael O'Neill,"Business Administrator, SAU 6","But in fact, as Middleton had said earlier, with 80% of the budget being personnel and benefit costs, you know, if you're not going to touch that, you you got to really hit the hit the other sections hard.  So what we did is we would like I said, we reduced it. So now the the fiscal year 18 proposed operating budget for the general fund is 31,000,001 93006.",Speaker 4,https://reflect-claremont.cablecast.tv/internetchannel/show/8899?site=1&seekto=416
0:07:15.34,0:07:35.25,435.34,455.25,Michael O'Neill,"Business Administrator, SAU 6","And that does include the warrant articles for the SRA as well as the CAA. And it still shows, like I said before, 242,000 239 decrease or reduction of $0.35 in the tax rate over the last year.  We didn't want to get into details of every single account and what we did, but certainly we could make that available to the board.",Speaker 4,https://reflect-claremont.cablecast.tv/internetchannel/show/8899?site=1&seekto=435
0:07:35.26,0:07:56.18,455.26,476.18,Michael O'Neill,"Business Administrator, SAU 6","We did set up a spreadsheet with all the all the cuts on it.  I did a couple of things on the unemployment side. I got, I got a, a rate that was less than I thought. So I was able to shave about 15,000 off that health insurance. I took a little more out of that,  because last year my GMR was 5.7 and we came in at -1.5.",Speaker 4,https://reflect-claremont.cablecast.tv/internetchannel/show/8899?site=1&seekto=455
0:07:56.26,0:08:05.26,476.26,485.26,Michael O'Neill,"Business Administrator, SAU 6",So I they this one came out at 12% this year. So I reduced that to 10%. So hopefully the rate won't come in at higher than that.,Speaker 4,https://reflect-claremont.cablecast.tv/internetchannel/show/8899?site=1&seekto=476
0:08:05.34,0:08:30.66,485.34,510.66,Michael O'Neill,"Business Administrator, SAU 6","So that's the operating budget. The other Warren articles remain the same.  The only additional Warren article here is at the bottom is technology equipment  for 892. As part of the first round of cuts, we we took a lot of money out of the technology equipment. So the discussion was had with Brian, I guess in others to to try to put that on a separate warrant article, realizing that that's going to be a tax rate impact.",Speaker 4,https://reflect-claremont.cablecast.tv/internetchannel/show/8899?site=1&seekto=485
0:08:30.74,0:08:55.18,510.74,535.18,Michael O'Neill,"Business Administrator, SAU 6","But everything else comes out to a zero tax rate impact. So if you if you took the $0.13 that that war nautical could impact taxes. Oh, you'd be down $0.19 in total. If you flip over to the other side of the page, you see the proposed revenues. Fortunately for us, the adequacy hit we're going to take next year is less than this year.",Speaker 4,https://reflect-claremont.cablecast.tv/internetchannel/show/8899?site=1&seekto=510
0:08:55.38,0:09:13.42,535.38,553.42,Michael O'Neill,"Business Administrator, SAU 6","Reason being the Adams actually projected to increase. So we are still losing the $212,000 stabilization piece. But we're not losing that much because we're getting some of the money back to ADM. The bad part is, if we weren't losing that 212, we would actually be getting, you know, 300,000 more, which would be nice, but that's not the case.",Speaker 4,https://reflect-claremont.cablecast.tv/internetchannel/show/8899?site=1&seekto=535
0:09:13.54,0:09:23.58,553.54,563.58,Middleton McGoodwin,"Superintendent, SAU 6","8080 M  average daily membership. So we're talking about attendance, talking about students in school.",Speaker 3,https://reflect-claremont.cablecast.tv/internetchannel/show/8899?site=1&seekto=553
0:09:23.66,0:09:42.94,563.66,582.94,Michael O'Neill,"Business Administrator, SAU 6","Right. And we're talking about free and reduced. We're talking about sped. We're talking about this language learners. So it's really important that we report all these correctly and get as many people who are eligible for free and reduced, signed up for free and reduced even if they don't eat lunch, because again, it costs us $1,700. If a student is eligible and they don't sign up, we don't get that money.",Speaker 4,https://reflect-claremont.cablecast.tv/internetchannel/show/8899?site=1&seekto=563
0:09:43.02,0:09:49.74,583.02,589.74,Michael O'Neill,"Business Administrator, SAU 6",Any questions on that?,Speaker 4,https://reflect-claremont.cablecast.tv/internetchannel/show/8899?site=1&seekto=583
0:09:49.82,0:09:52.82,589.82,592.82,Patrick Adrian,Claremont School Board member,Yes. So.,Speaker 5,https://reflect-claremont.cablecast.tv/internetchannel/show/8899?site=1&seekto=589
0:09:52.90,0:10:00.01,592.90,600.01,Patrick Adrian,Claremont School Board member,"First of all, I'm,  I'm commend the job that you did because I think it was more than I think it.",Speaker 5,https://reflect-claremont.cablecast.tv/internetchannel/show/8899?site=1&seekto=592
0:10:00.02,0:10:00.58,600.02,600.58,Michael O'Neill,"Business Administrator, SAU 6",Was all.,Speaker 4,https://reflect-claremont.cablecast.tv/internetchannel/show/8899?site=1&seekto=600
0:10:00.66,0:10:13.38,600.66,613.38,Patrick Adrian,Claremont School Board member,"Really. Well, I,  I it's much more than I think I anticipated. I think where we had left off.",Speaker 5,https://reflect-claremont.cablecast.tv/internetchannel/show/8899?site=1&seekto=600
0:10:13.46,0:10:25.14,613.46,625.14,Patrick Adrian,Claremont School Board member,"So I, I guess the yeah it kind of so this would be technically would be level funded with all the, the, the one articles.",Speaker 5,https://reflect-claremont.cablecast.tv/internetchannel/show/8899?site=1&seekto=613
0:10:25.22,0:10:26.78,625.22,626.78,Cory LeClair,"Assistant Superintendent, SAU 6",A little different than level funded.,Speaker 6,https://reflect-claremont.cablecast.tv/internetchannel/show/8899?site=1&seekto=625
0:10:26.94,0:10:33.94,626.94,633.94,Patrick Adrian,Claremont School Board member,"I'm sorry. It would be it would be, it would be it would not be a tax impact. I'm sorry. I didn't mean to say level funded. Correct.",Speaker 5,https://reflect-claremont.cablecast.tv/internetchannel/show/8899?site=1&seekto=626
0:10:34.02,0:10:37.74,634.02,637.74,Michael O'Neill,"Business Administrator, SAU 6",Right. With the additional warrant articles and the revenue shortfall.,Speaker 4,https://reflect-claremont.cablecast.tv/internetchannel/show/8899?site=1&seekto=634
0:10:37.82,0:11:02.34,637.82,662.34,Patrick Adrian,Claremont School Board member,"So let me the one thing I want to ask and to get because to get your sincere,  feeling on it because I wasn't I guess I wasn't expecting that we'd be trying to make this much reductions, because I think I did start getting worried about the supply side. What I,  I know that what we've talked about, you know, you know, I don't want to take out of positions.",Speaker 5,https://reflect-claremont.cablecast.tv/internetchannel/show/8899?site=1&seekto=637
0:11:02.42,0:11:32.34,662.42,692.34,Patrick Adrian,Claremont School Board member,"At the same time, I don't want, you know, if we are doing something that is going to wind up, I I'd be really worried about where we're going to be struck in the school so much with this. That's one part of it. And I think the other side that where it becomes like a next year, we end up kind of giving the taxpayers like it, just leaving, creating a huge deficit to pay off or if cost.",Speaker 5,https://reflect-claremont.cablecast.tv/internetchannel/show/8899?site=1&seekto=662
0:11:32.38,0:11:43.38,692.38,703.38,Patrick Adrian,Claremont School Board member,"I mean, I guess, you know, I and I appreciate the, the amount of impact, I mean really how how how much you really were able to.",Speaker 5,https://reflect-claremont.cablecast.tv/internetchannel/show/8899?site=1&seekto=692
0:11:43.46,0:11:51.26,703.46,711.26,Michael O'Neill,"Business Administrator, SAU 6","Hopefully we can we can fix the stabilization grant next year and get a couple hundred thousand dollars more back from that, you know, because that certainly would help out.",Speaker 4,https://reflect-claremont.cablecast.tv/internetchannel/show/8899?site=1&seekto=703
0:11:51.34,0:12:19.94,711.34,739.94,Cory LeClair,"Assistant Superintendent, SAU 6","I think. I did get a few,  comments on my it's not my spreadsheet comment from last meeting I found entertaining.  So as Mike said, it was all me. It's really a collaborative effort to the best of our abilities, but we have gone through all 1200 lines multiple times.  Is every supply line untouched? No, we've had to we've had to reduce supply lines in a variety of areas.",Speaker 6,https://reflect-claremont.cablecast.tv/internetchannel/show/8899?site=1&seekto=711
0:12:19.94,0:13:06.94,739.94,786.94,Cory LeClair,"Assistant Superintendent, SAU 6","We've had to reduce the purchase of new equipment. Sometimes the the, you know, repair equipment, instructional aids, different things of that nature, some building project things, maintenance related equipment, but did our best to minimize the impact on,  children and to minimize the impact on staff as much as possible. So am I I'm not as concerned, Patrick, about this budget proposal and the  the impact teachers might see when they're looking to purchase things for the classrooms and such as I am  on where we could potentially sit next year at this time.",Speaker 6,https://reflect-claremont.cablecast.tv/internetchannel/show/8899?site=1&seekto=739
0:13:07.02,0:13:38.46,787.02,818.46,Cory LeClair,"Assistant Superintendent, SAU 6","And, you know, as Doctor Goodman mentioned, when you have a budget that is 80% personnel and you're getting, pressure, for lack of a better descriptor from a variety of angles to make sure that there's no impact on the tax rate.  That gets really challenging. And I  and I don't think that we can keep programs intact,  next year if we don't look more comprehensively at the budget.",Speaker 6,https://reflect-claremont.cablecast.tv/internetchannel/show/8899?site=1&seekto=787
0:13:38.50,0:14:07.82,818.50,847.82,Cory LeClair,"Assistant Superintendent, SAU 6","So it's one thing to have, you know, a science teacher, but if the science teacher has zero supplies to carry out their curriculum, then there's a compromise there. So at this point, that's for future discussion. And maybe we want to start a little earlier in the budget process to think, about not necessarily individual figures, but conceptually, what how do we want to approach the budget moving forward, knowing that revenue continues to be an issue?",Speaker 6,https://reflect-claremont.cablecast.tv/internetchannel/show/8899?site=1&seekto=818
0:14:08.02,0:14:50.54,848.02,890.54,Cory LeClair,"Assistant Superintendent, SAU 6","We're doing some things with the city Council and on the state level to address the revenue issues.  But but maybe thinking about what is our philosophy around education. And I think that will tie in the strategic planning process that's that's ongoing. So we've we've gone through and we've, we've cut some areas while doing our best to preserve the programs that we do have,  reducing, you know, some postage, some printing, some copier, areas,  maybe instead of getting $1,000 for supplies for a particular department, they got 500.",Speaker 6,https://reflect-claremont.cablecast.tv/internetchannel/show/8899?site=1&seekto=848
0:14:50.58,0:14:56.82,890.58,896.82,Cory LeClair,"Assistant Superintendent, SAU 6","So it wasn't necessarily wiped to zero, but it's reduced from the the request.",Speaker 6,https://reflect-claremont.cablecast.tv/internetchannel/show/8899?site=1&seekto=890
0:14:56.90,0:15:19.50,896.90,919.50,Middleton McGoodwin,"Superintendent, SAU 6","Well, for the past five years, if I may, Brian, over the past five years, the budget has on average has increased less than 2%. And that includes a $12.5 million bond where the budget increased 5.8%, I believe, that year.  So what I'd like you to understand is that the fixed cost increases.",Speaker 3,https://reflect-claremont.cablecast.tv/internetchannel/show/8899?site=1&seekto=896
0:15:19.58,0:15:52.34,919.58,952.34,Middleton McGoodwin,"Superintendent, SAU 6","Have been going up and that we have reduced internally. We have changed  some of the ways we're doing business  to offset that. So what we what we've done with your directive and and fiscal year 18, please don't think this will be an annual event. We will not be able to do again what we did  this year. Now there are some unknowns.",Speaker 3,https://reflect-claremont.cablecast.tv/internetchannel/show/8899?site=1&seekto=919
0:15:52.38,0:16:31.66,952.38,991.66,Middleton McGoodwin,"Superintendent, SAU 6","Revenue.  I am hoping that revenue will change, but if it does not, it would be impossible to do this again unless we can accept that there be major program changes. So I have no pleasure,  looking at personnel to deal with the fiscal challenges, the recommendation that were on the table, we had justified. It wasn't about not valuing someone, which I could understand, but it had to do with strategic changes to deal with horrific shortfalls.",Speaker 3,https://reflect-claremont.cablecast.tv/internetchannel/show/8899?site=1&seekto=952
0:16:31.74,0:17:01.06,991.74,1021.06,Middleton McGoodwin,"Superintendent, SAU 6","I'm very pleased at the work that's been done, and very pleased that the community and in conjunction with the City Council, will be able to minimize a tax rate increase. But what we've done for this year is not going to occur in future years, at least not at the depth. It would be impossible, again, with the understanding that revenue doesn't have a major change.",Speaker 3,https://reflect-claremont.cablecast.tv/internetchannel/show/8899?site=1&seekto=991
0:17:01.14,0:17:08.98,1021.14,1028.98,Middleton McGoodwin,"Superintendent, SAU 6",So I just want to share that with you. And I hope that we have followed your directive and that we welcome any questions you have.,Speaker 3,https://reflect-claremont.cablecast.tv/internetchannel/show/8899?site=1&seekto=1021
0:17:09.62,0:17:31.14,1029.62,1051.14,Michael O'Neill,"Business Administrator, SAU 6","Just as a quick point of reference, on the supply line, we only cut the supply lines by 5% district wide, 4.73 well, we hit it hard was the 700, which was the new replacement equipment that went down by 15%, but still  not not down to zero by any means, you know, but but selectively reducing all the accounts to to cover the shortfall.",Speaker 4,https://reflect-claremont.cablecast.tv/internetchannel/show/8899?site=1&seekto=1029
0:17:31.22,0:17:43.26,1051.22,1063.26,Brian Rapp,Claremont School Board Chair,"I just want to I want to verify. Hold on, hold on. Before we get into that, I just want to verify what, what the cuts that were made in order to do.",Speaker 2,https://reflect-claremont.cablecast.tv/internetchannel/show/8899?site=1&seekto=1051
0:17:43.34,0:17:47.26,1063.34,1067.26,Brian Rapp,Claremont School Board Chair,"Was this to make impact, including all of the warrants.",Speaker 2,https://reflect-claremont.cablecast.tv/internetchannel/show/8899?site=1&seekto=1063
0:17:47.34,0:17:53.10,1067.34,1073.10,Michael O'Neill,"Business Administrator, SAU 6","Including all the warrants except for the $89,200 technology warrant I discussed earlier.",Speaker 4,https://reflect-claremont.cablecast.tv/internetchannel/show/8899?site=1&seekto=1067
0:17:53.18,0:18:12.55,1073.18,1092.55,Brian Rapp,Claremont School Board Chair,"Because we we didn't when we discussed that it was just the main operating budget, okay, to have zero tax impact. Okay. And I leave it up to the board to discuss further. That's what we discussed on on Saturday.",Speaker 2,https://reflect-claremont.cablecast.tv/internetchannel/show/8899?site=1&seekto=1073
0:18:12.63,0:18:15.21,1092.63,1095.21,Patrick Adrian,Claremont School Board member,And I guess that's why I was kind of surprised because I.,Speaker 5,https://reflect-claremont.cablecast.tv/internetchannel/show/8899?site=1&seekto=1092
0:18:15.29,0:18:16.34,1095.29,1096.34,Michelle Pierce,Claremont School Board member,Do you think we need to step.,Speaker 7,https://reflect-claremont.cablecast.tv/internetchannel/show/8899?site=1&seekto=1095
0:18:16.34,0:18:19.74,1096.34,1099.74,Patrick Adrian,Claremont School Board member,Out going to send a communicate. That is what we do.,Speaker 5,https://reflect-claremont.cablecast.tv/internetchannel/show/8899?site=1&seekto=1096
0:18:19.78,0:18:20.62,1099.78,1100.62,Chris Irish,Claremont School Board Vice Chair,Right here right now.,Speaker 1,https://reflect-claremont.cablecast.tv/internetchannel/show/8899?site=1&seekto=1099
0:18:20.68,0:18:47.62,1100.68,1127.62,Patrick Adrian,Claremont School Board member,"We're we're going to send a letter or, or email or contact you to kind of say what we had decided, which I guess our yeah, we were going to settle that if at that time to reduce $125,000, which would have in order to cover, I guess, that $92,000 increase in the operating budget plus the revenue shortfall.",Speaker 5,https://reflect-claremont.cablecast.tv/internetchannel/show/8899?site=1&seekto=1100
0:18:47.78,0:19:08.46,1127.78,1148.46,Middleton McGoodwin,"Superintendent, SAU 6","The problem with that, though, is that what we recommended, January 18th included several personnel. You the board said no personnel, so we had to take those off our list and therefore it increased the amount we had to reduce. So it was much more than $92,000.",Speaker 3,https://reflect-claremont.cablecast.tv/internetchannel/show/8899?site=1&seekto=1127
0:19:08.50,0:19:45.30,1148.50,1185.30,Patrick Adrian,Claremont School Board member,"And I know what I'm saying. I'm sorry. Well, we, we had we had decided some we were not expecting like a full, we weren't expecting the goal on Saturday, I think we decided to try and remove the tax impact for all Warren articles we thought would be too, too much to ask. So we at that time, we we  thought it just reducing it 125,000 so that it would it we wouldn't have we expected I guess there to be a tax impact.",Speaker 5,https://reflect-claremont.cablecast.tv/internetchannel/show/8899?site=1&seekto=1148
0:19:45.34,0:19:50.42,1185.34,1190.42,Brian Rapp,Claremont School Board Chair,"We wanted the we wanted the, the tax impact to be zero for the operating budget only.",Speaker 2,https://reflect-claremont.cablecast.tv/internetchannel/show/8899?site=1&seekto=1185
0:19:50.50,0:19:51.90,1190.50,1191.90,Patrick Adrian,Claremont School Board member,Thank you.,Speaker 5,https://reflect-claremont.cablecast.tv/internetchannel/show/8899?site=1&seekto=1190
0:19:51.98,0:19:53.80,1191.98,1193.80,Middleton McGoodwin,"Superintendent, SAU 6",Amounts added. In  fact.,Speaker 3,https://reflect-claremont.cablecast.tv/internetchannel/show/8899?site=1&seekto=1191
0:19:53.96,0:19:56.37,1193.96,1196.37,Alex Herzog,Claremont School Board member,It wasn't 92 anymore. It was. It went up.,Speaker 8,https://reflect-claremont.cablecast.tv/internetchannel/show/8899?site=1&seekto=1193
0:19:56.58,0:19:57.42,1196.58,1197.42,Michelle Pierce,Claremont School Board member,Back up.,Speaker 7,https://reflect-claremont.cablecast.tv/internetchannel/show/8899?site=1&seekto=1196
0:19:57.50,0:19:57.86,1197.50,1197.86,Chris Irish,Claremont School Board Vice Chair,I get.,Speaker 1,https://reflect-claremont.cablecast.tv/internetchannel/show/8899?site=1&seekto=1197
0:19:58.10,0:20:10.18,1198.10,1210.18,Brian Rapp,Claremont School Board Chair,"So I just want to make sure that that what what we're discussing now isn't a zero impact, including the contracts and the security upgrades and that kind of stuff. Yes.",Speaker 2,https://reflect-claremont.cablecast.tv/internetchannel/show/8899?site=1&seekto=1198
0:20:10.26,0:20:31.06,1210.26,1231.06,Michael O'Neill,"Business Administrator, SAU 6","Well, I mean, basically it is, except for the technology equipment.  You know, because if you took the technology equipment out, you'd be down 19 $0.18 on the, on the expenditure side in total. And that's the revenue shortfall. I mean, certainly we could look at, you know, putting back some of the projects and some of that stuff in the budget, if that's the school board's desire to do that.",Speaker 4,https://reflect-claremont.cablecast.tv/internetchannel/show/8899?site=1&seekto=1210
0:20:31.26,0:20:37.54,1231.26,1237.54,Brian Rapp,Claremont School Board Chair,"Yeah, that that was that was where we, where we were. We wanted zero impact with the just the operating budget.",Speaker 2,https://reflect-claremont.cablecast.tv/internetchannel/show/8899?site=1&seekto=1231
0:20:37.58,0:20:38.14,1237.58,1238.14,Chris Irish,Claremont School Board Vice Chair,Not all.,Speaker 1,https://reflect-claremont.cablecast.tv/internetchannel/show/8899?site=1&seekto=1237
0:20:38.14,0:20:41.14,1238.14,1241.14,Brian Rapp,Claremont School Board Chair,"Of us. Well, that's that's what the board decided.",Speaker 2,https://reflect-claremont.cablecast.tv/internetchannel/show/8899?site=1&seekto=1238
0:20:41.18,0:21:04.98,1241.18,1264.98,Chris Irish,Claremont School Board Vice Chair,"Well, I and I respect that. But in the same vein, we're in the interesting situation because we've this has been a credibly collaborative process between the board, the administration and the public. And I look at it this way, just like we would normally support their recommendations for anything else. We asked for X, they came back with X plus more saying that they can do this and they're comfortable with this.",Speaker 1,https://reflect-claremont.cablecast.tv/internetchannel/show/8899?site=1&seekto=1241
0:21:05.06,0:21:18.58,1265.06,1278.58,Brian Rapp,Claremont School Board Chair,"I disagree, Chris, I don't think that they're comfortable with it. And and I think we all here need to realize what the impact will be next year when we need to put supplies back in. We need to put replacement equipment that we've taken out for this year.",Speaker 2,https://reflect-claremont.cablecast.tv/internetchannel/show/8899?site=1&seekto=1265
0:21:18.62,0:21:20.74,1278.62,1280.74,Chris Irish,Claremont School Board Vice Chair,Tell that to the people that can't pay their taxes this year.,Speaker 1,https://reflect-claremont.cablecast.tv/internetchannel/show/8899?site=1&seekto=1278
0:21:20.78,0:21:33.14,1280.78,1293.14,Alex Herzog,Claremont School Board member,So what's the what's the number? It's the that's the discrepancy here because there's there's a 92. We added the staff back then that created a new number.,Speaker 8,https://reflect-claremont.cablecast.tv/internetchannel/show/8899?site=1&seekto=1280
0:21:33.22,0:21:36.06,1293.22,1296.06,Middleton McGoodwin,"Superintendent, SAU 6","$366,000.",Speaker 3,https://reflect-claremont.cablecast.tv/internetchannel/show/8899?site=1&seekto=1293
0:21:36.10,0:21:41.26,1296.10,1301.26,Alex Herzog,Claremont School Board member,You then made cuts of how much.,Speaker 8,https://reflect-claremont.cablecast.tv/internetchannel/show/8899?site=1&seekto=1296
0:21:41.34,0:21:44.30,1301.34,1304.30,Michael O'Neill,"Business Administrator, SAU 6","334,007, 92.",Speaker 4,https://reflect-claremont.cablecast.tv/internetchannel/show/8899?site=1&seekto=1301
0:21:44.38,0:21:46.42,1304.38,1306.42,Chris Irish,Claremont School Board Vice Chair,"Without touching people. Again, just.",Speaker 1,https://reflect-claremont.cablecast.tv/internetchannel/show/8899?site=1&seekto=1304
0:21:46.42,0:21:49.06,1306.42,1309.06,Cory LeClair,"Assistant Superintendent, SAU 6",Like without touching teachers.,Speaker 6,https://reflect-claremont.cablecast.tv/internetchannel/show/8899?site=1&seekto=1306
0:21:49.10,0:21:51.01,1309.10,1311.01,Chris Irish,Claremont School Board Vice Chair,"Teachers, teachers.",Speaker 1,https://reflect-claremont.cablecast.tv/internetchannel/show/8899?site=1&seekto=1309
0:21:51.09,0:21:52.22,1311.09,1312.22,Michelle Pierce,Claremont School Board member,Director.,Speaker 7,https://reflect-claremont.cablecast.tv/internetchannel/show/8899?site=1&seekto=1311
0:21:52.30,0:22:14.58,1312.30,1334.58,Chris Irish,Claremont School Board Vice Chair,"What I'd like to remind everybody in our original first Saturday meeting, our goal was and I said it three times, at least publicly, that our goal was to get to this point where the the the tax impact would be zero, including warrant articles that may have changed when we got together last Saturday. But all along I've said it publicly three times and nobody challenged me on the board.",Speaker 1,https://reflect-claremont.cablecast.tv/internetchannel/show/8899?site=1&seekto=1312
0:22:14.58,0:22:24.78,1334.58,1344.78,Chris Irish,Claremont School Board Vice Chair,This was our goal and we didn't force them to do that. They worked with us to get there. This is a good budget. It hurts. This is not for the faint of heart.,Speaker 1,https://reflect-claremont.cablecast.tv/internetchannel/show/8899?site=1&seekto=1334
0:22:24.82,0:22:26.06,1344.82,1346.06,Brian Rapp,Claremont School Board Chair,It's not a good budget. I think.,Speaker 2,https://reflect-claremont.cablecast.tv/internetchannel/show/8899?site=1&seekto=1344
0:22:26.06,0:22:26.70,1346.06,1346.70,Chris Irish,Claremont School Board Vice Chair,It's what I think.,Speaker 1,https://reflect-claremont.cablecast.tv/internetchannel/show/8899?site=1&seekto=1346
0:22:26.94,0:22:38.86,1346.94,1358.86,Alex Herzog,Claremont School Board member,They fulfilled what we asked them to do. I think they they got back to a point. We added in the staff. They got us back down to the point we asked them to get to.,Speaker 8,https://reflect-claremont.cablecast.tv/internetchannel/show/8899?site=1&seekto=1346
0:22:38.94,0:22:41.06,1358.94,1361.06,Brian Rapp,Claremont School Board Chair,What I understand that went above and beyond.,Speaker 2,https://reflect-claremont.cablecast.tv/internetchannel/show/8899?site=1&seekto=1358
0:22:41.14,0:22:43.10,1361.14,1363.10,Alex Herzog,Claremont School Board member,So what's the above and beyond? What's that number?,Speaker 8,https://reflect-claremont.cablecast.tv/internetchannel/show/8899?site=1&seekto=1361
0:22:43.14,0:22:49.98,1363.14,1369.98,Brian Rapp,Claremont School Board Chair,"It includes the $214,000 tax impact of the The Warren articles.",Speaker 2,https://reflect-claremont.cablecast.tv/internetchannel/show/8899?site=1&seekto=1363
0:22:50.02,0:23:02.60,1370.02,1382.60,Michael O'Neill,"Business Administrator, SAU 6","Right. Which is 100. And basically it's $114,000. It's a Warren alcohol 114 241.",Speaker 4,https://reflect-claremont.cablecast.tv/internetchannel/show/8899?site=1&seekto=1370
0:23:02.68,0:23:10.48,1382.68,1390.48,Brian Rapp,Claremont School Board Chair,"So instead of just having the operating budget be a zero impact, we've included the Warren articles as well.",Speaker 2,https://reflect-claremont.cablecast.tv/internetchannel/show/8899?site=1&seekto=1382
0:23:10.56,0:23:22.28,1390.56,1402.28,Alex Herzog,Claremont School Board member,"Right. Propose that if I look at the total of warrants, it'd be in the -0.06. Right. Is that correct? So you're talking 38,000 798.",Speaker 8,https://reflect-claremont.cablecast.tv/internetchannel/show/8899?site=1&seekto=1390
0:23:22.36,0:23:36.56,1402.36,1416.56,Michael O'Neill,"Business Administrator, SAU 6","Well, the 892 was a discussion that was to add that technology, Warren, after the fact, because we had cut so much technology out, we wanted the people to have an opportunity to say whether or not they wanted to continue with the technology plan as it was, because that's going to delay some replacement of equipment.",Speaker 4,https://reflect-claremont.cablecast.tv/internetchannel/show/8899?site=1&seekto=1402
0:23:36.56,0:23:43.96,1416.56,1423.96,Cory LeClair,"Assistant Superintendent, SAU 6","Mainly the technology warrant is staff and students, staff and student computers at two of the elementary schools.",Speaker 6,https://reflect-claremont.cablecast.tv/internetchannel/show/8899?site=1&seekto=1416
0:23:44.08,0:23:55.96,1424.08,1435.96,Alex Herzog,Claremont School Board member,I missed that. I just proposed that 38798 maybe go back into the operating budget. Did you add the business teacher back in? So then it'd be flat this year? No.,Speaker 8,https://reflect-claremont.cablecast.tv/internetchannel/show/8899?site=1&seekto=1424
0:23:56.04,0:24:13.40,1436.04,1453.40,Chris Irish,Claremont School Board Vice Chair,"Along the lines of the technology equipment,  I'm going to say this about that. And I've been  on one of these boards. I figured it out for almost 30 years. Where you lived in here in Claremont. My opinion on this is very clear. Always. I can't support putting it on a Warren article for one reason or one reason only.",Speaker 1,https://reflect-claremont.cablecast.tv/internetchannel/show/8899?site=1&seekto=1436
0:24:13.48,0:24:31.08,1453.48,1471.08,Chris Irish,Claremont School Board Vice Chair,"That's what we're elected to do. I don't want to say we're not sure what to do. Let's let the voters decide. I just I understand it, I get it. I never been that type of person. If we're going to put that money and we if we support that Warren article, then somebody better put that back in the budget.",Speaker 1,https://reflect-claremont.cablecast.tv/internetchannel/show/8899?site=1&seekto=1453
0:24:31.24,0:24:45.16,1471.24,1485.16,Chris Irish,Claremont School Board Vice Chair,"It shouldn't be up to the voters to do that. If we if we're going to cut, we cut. If we're going to put money back in, we put it back in. Don't make the voters do our job. That's that's my opinion. Mine alone. But that's the way I've always been. It's consistent. It's not that I don't support what we're doing with that money.",Speaker 1,https://reflect-claremont.cablecast.tv/internetchannel/show/8899?site=1&seekto=1471
0:24:45.32,0:24:51.48,1485.32,1491.48,Chris Irish,Claremont School Board Vice Chair,"I and I've told Brian this the other day when I heard about it, I don't support making the voters make that choice.",Speaker 1,https://reflect-claremont.cablecast.tv/internetchannel/show/8899?site=1&seekto=1485
0:24:51.56,0:24:53.64,1491.56,1493.64,Brian Rapp,Claremont School Board Chair,It's not making them. It's allowing them to.,Speaker 2,https://reflect-claremont.cablecast.tv/internetchannel/show/8899?site=1&seekto=1491
0:24:53.72,0:24:58.96,1493.72,1498.96,Chris Irish,Claremont School Board Vice Chair,But that's what they that's what they hired us to do. We have to make the hard decisions. But that's just my opinion.,Speaker 1,https://reflect-claremont.cablecast.tv/internetchannel/show/8899?site=1&seekto=1493
0:24:58.96,0:25:01.79,1498.96,1501.79,Brian Rapp,Claremont School Board Chair,We've had we've had a number of years where we put.,Speaker 2,https://reflect-claremont.cablecast.tv/internetchannel/show/8899?site=1&seekto=1498
0:25:01.87,0:25:02.44,1501.87,1502.44,Chris Irish,Claremont School Board Vice Chair,I understand.,Speaker 1,https://reflect-claremont.cablecast.tv/internetchannel/show/8899?site=1&seekto=1501
0:25:02.44,0:25:09.76,1502.44,1509.76,Brian Rapp,Claremont School Board Chair,"Why put these we put these technology upgrades on warrants to catch us, to catch us up because we're so drastically behind.",Speaker 2,https://reflect-claremont.cablecast.tv/internetchannel/show/8899?site=1&seekto=1502
0:25:09.84,0:25:11.16,1509.84,1511.16,Chris Irish,Claremont School Board Vice Chair,Those are usually in the budget.,Speaker 1,https://reflect-claremont.cablecast.tv/internetchannel/show/8899?site=1&seekto=1509
0:25:11.28,0:25:13.32,1511.28,1513.32,Brian Rapp,Claremont School Board Chair,They were never in the budget.,Speaker 2,https://reflect-claremont.cablecast.tv/internetchannel/show/8899?site=1&seekto=1511
0:25:13.40,0:25:14.00,1513.40,1514.00,Michelle Pierce,Claremont School Board member,They were.,Speaker 7,https://reflect-claremont.cablecast.tv/internetchannel/show/8899?site=1&seekto=1513
0:25:14.08,0:25:25.44,1514.08,1525.44,Brian Rapp,Claremont School Board Chair,"They were they were not. The past couple of years they have been because we've caught up. But before that, we were so far behind. We needed we needed to invest significant money to get us where we needed to be.",Speaker 2,https://reflect-claremont.cablecast.tv/internetchannel/show/8899?site=1&seekto=1514
0:25:25.64,0:25:54.42,1525.64,1554.42,Cory LeClair,"Assistant Superintendent, SAU 6","So in the proposed budget tonight, without making any changes, there is new equipment for replacement computers for staff at the high school.  The Warren article was deferring the replacement computers in the original original proposed budget for another year at two of the elementary schools.",Speaker 6,https://reflect-claremont.cablecast.tv/internetchannel/show/8899?site=1&seekto=1525
0:25:54.50,0:25:58.22,1554.50,1558.22,Alex Herzog,Claremont School Board member,I know Saturday we.,Speaker 8,https://reflect-claremont.cablecast.tv/internetchannel/show/8899?site=1&seekto=1554
0:25:58.30,0:26:24.90,1558.30,1584.90,Alex Herzog,Claremont School Board member,"I know Brian and I talked to talk about it Michelle as well. I think  our concerns with cutting too deep that worries me some. Me too. And at the same time, you know, we certainly want to be conscious of the burden we're putting on taxpayers here. So this is a very difficult decision. But I think that,",Speaker 8,https://reflect-claremont.cablecast.tv/internetchannel/show/8899?site=1&seekto=1558
0:26:24.98,0:26:30.06,1584.98,1590.06,Alex Herzog,Claremont School Board member,I think I would like to restore some money back into the budget.,Speaker 8,https://reflect-claremont.cablecast.tv/internetchannel/show/8899?site=1&seekto=1584
0:26:30.14,0:26:33.18,1590.14,1593.18,Unidentified,"Unidentified - board member, short remarks (possibly Frank Sprague; hypothesis by elimination only)",Did we communicate? I thought we were going to send a letter.,Speaker 9,https://reflect-claremont.cablecast.tv/internetchannel/show/8899?site=1&seekto=1590
0:26:33.26,0:26:43.46,1593.26,1603.46,Brian Rapp,Claremont School Board Chair,I think there was some misunderstanding about where we wanted to be for  no tax rate impact. Right.,Speaker 2,https://reflect-claremont.cablecast.tv/internetchannel/show/8899?site=1&seekto=1593
0:26:43.54,0:26:44.10,1603.54,1604.10,Patrick Adrian,Claremont School Board member,Okay.,Speaker 5,https://reflect-claremont.cablecast.tv/internetchannel/show/8899?site=1&seekto=1603
0:26:44.26,0:26:53.98,1604.26,1613.98,Alex Herzog,Claremont School Board member,"So I think what we do is be adhered to our end of that bargain of  what our intent when we sent that message to Middleton, that's that's my feeling.",Speaker 8,https://reflect-claremont.cablecast.tv/internetchannel/show/8899?site=1&seekto=1604
0:26:54.06,0:26:57.22,1614.06,1617.22,Unidentified,"Unidentified - board member, short remarks (possibly Frank Sprague; hypothesis by elimination only)",Yeah. I  don't want to do this at.,Speaker 9,https://reflect-claremont.cablecast.tv/internetchannel/show/8899?site=1&seekto=1614
0:26:57.30,0:27:25.34,1617.30,1645.34,Patrick Adrian,Claremont School Board member,"At the extent of, of, you know, I mean, I feel like we're not helping taxpayers if we end up creating a worse burden next year, we're paying off that deficit. And then plus the budget,  and I yeah, I, I don't want to go that far because, I mean, I remember on Saturday, we also were trying to talk about the fact of looking at, I think there was some acknowledgment that we weren't going to be able to do this.",Speaker 5,https://reflect-claremont.cablecast.tv/internetchannel/show/8899?site=1&seekto=1617
0:27:25.42,0:27:57.62,1645.42,1677.62,Patrick Adrian,Claremont School Board member,"I think willingness to do this just through supply cuts. But then there's, you know, we we were having difficulty cut of being funding consensus to talk about some of the other, other areas. So that's why I think we left it where it did. So I would agree with Frank that,  you know, I'm, I'm mad some tax payers from out there might be like pulling their hair out hearing it, but I, I think that if we go too far normally hurts the schools, but it's going to hurt them as well next year.",Speaker 5,https://reflect-claremont.cablecast.tv/internetchannel/show/8899?site=1&seekto=1645
0:27:57.70,0:27:59.10,1677.70,1679.10,Alex Herzog,Claremont School Board member,It doesn't have to be all or nothing.,Speaker 8,https://reflect-claremont.cablecast.tv/internetchannel/show/8899?site=1&seekto=1677
0:27:59.10,0:28:02.38,1679.10,1682.38,Patrick Adrian,Claremont School Board member,"No it doesn't. No, not all or nothing. We just have to figure out.",Speaker 5,https://reflect-claremont.cablecast.tv/internetchannel/show/8899?site=1&seekto=1679
0:28:02.42,0:28:08.14,1682.42,1688.14,Alex Herzog,Claremont School Board member,"That's why I'm thinking the technology equipment. If we,",Speaker 8,https://reflect-claremont.cablecast.tv/internetchannel/show/8899?site=1&seekto=1682
0:28:08.22,0:28:09.38,1688.22,1689.38,Alex Herzog,Claremont School Board member,Put that.,Speaker 8,https://reflect-claremont.cablecast.tv/internetchannel/show/8899?site=1&seekto=1688
0:28:09.46,0:28:09.86,1689.46,1689.86,Middleton McGoodwin,"Superintendent, SAU 6",Instead of.,Speaker 3,https://reflect-claremont.cablecast.tv/internetchannel/show/8899?site=1&seekto=1689
0:28:09.86,0:28:26.86,1689.86,1706.86,Alex Herzog,Claremont School Board member,"Being a lesser tax rate, it goes flat total for the total of warrants. But that money for the technology equipment that 38,000 gets towards the technology. But that wouldn't get everybody a computer. But  I don't  unless it can't work that way. That's.",Speaker 8,https://reflect-claremont.cablecast.tv/internetchannel/show/8899?site=1&seekto=1689
0:28:26.94,0:28:33.58,1706.94,1713.58,Michael O'Neill,"Business Administrator, SAU 6","Well, the issue with that is if we if we add it back in the budget, we take it out of the warrant, then the 38,000 becomes 60. Well.",Speaker 4,https://reflect-claremont.cablecast.tv/internetchannel/show/8899?site=1&seekto=1706
0:28:33.66,0:28:36.78,1713.66,1716.78,Alex Herzog,Claremont School Board member,To warrant eliminate the technology equipment warrant then.,Speaker 8,https://reflect-claremont.cablecast.tv/internetchannel/show/8899?site=1&seekto=1713
0:28:36.83,0:28:40.14,1716.83,1720.14,Michael O'Neill,"Business Administrator, SAU 6","Oh, right. That's right. Then you could put the full 89 back in.",Speaker 4,https://reflect-claremont.cablecast.tv/internetchannel/show/8899?site=1&seekto=1716
0:28:40.18,0:28:44.46,1720.18,1724.46,Alex Herzog,Claremont School Board member,Right. Well does it have to be 892 is what I'm saying.,Speaker 8,https://reflect-claremont.cablecast.tv/internetchannel/show/8899?site=1&seekto=1720
0:28:44.54,0:28:45.38,1724.54,1725.38,Michelle Pierce,Claremont School Board member,That's that's.,Speaker 7,https://reflect-claremont.cablecast.tv/internetchannel/show/8899?site=1&seekto=1724
0:28:45.62,0:29:12.34,1725.62,1752.34,Cory LeClair,"Assistant Superintendent, SAU 6","Two is the number for staff and student computing and two locations. But there is a replacement cycle that's been followed. And so,  currently with the staff that we have and the devices that are in place, it's a little bit of a gamble pushing it out a year, but you can push it out a year. And I think.",Speaker 6,https://reflect-claremont.cablecast.tv/internetchannel/show/8899?site=1&seekto=1725
0:29:12.42,0:29:49.94,1752.42,1789.94,Cory LeClair,"Assistant Superintendent, SAU 6","That I don't know if my technology  colleagues will appreciate this, but I would perhaps support reinstating some other areas before that particular technology request. Because because I think if you look at it holistically, we'll be better off to push that technology request out one year and keep some of our instructional supplies and equipment, in place, because there are some areas where if we have a piece of equipment break this year, there's not necessarily a fun designated to fix that.",Speaker 6,https://reflect-claremont.cablecast.tv/internetchannel/show/8899?site=1&seekto=1752
0:29:49.94,0:29:56.76,1789.94,1796.76,Cory LeClair,"Assistant Superintendent, SAU 6","So it's a it's kind of which, which gamble do you want to take?",Speaker 6,https://reflect-claremont.cablecast.tv/internetchannel/show/8899?site=1&seekto=1789
0:29:56.84,0:30:17.20,1796.84,1817.20,Chris Irish,Claremont School Board Vice Chair,"One of the things we talked a lot about Saturday and we kind of hit the same wall we're about to hit. Now. We're trying to figure out what specifically put back in is we don't have line item authority. We can give you suggestions. Well, my goal was I'm not going to just say cut. So far, since we started this process, we have eliminated between both sides $794,000 since we started this process.",Speaker 1,https://reflect-claremont.cablecast.tv/internetchannel/show/8899?site=1&seekto=1796
0:30:17.20,0:30:19.12,1817.20,1819.12,Chris Irish,Claremont School Board Vice Chair,Maybe even more than that. More than that.,Speaker 1,https://reflect-claremont.cablecast.tv/internetchannel/show/8899?site=1&seekto=1817
0:30:19.27,0:30:20.92,1819.27,1820.92,Michael O'Neill,"Business Administrator, SAU 6",I'm sure we eliminated it. I think some of it.,Speaker 4,https://reflect-claremont.cablecast.tv/internetchannel/show/8899?site=1&seekto=1819
0:30:21.00,0:30:36.08,1821.00,1836.08,Chris Irish,Claremont School Board Vice Chair,"But I get my point is, I am never going to say to you, cut $500,000 in list. I can tell you what I'm thinking that money's coming from, and I did that with the spreadsheet that I started. I was able to tell you every single line item I thought we could get money from and get where we are right now that you have accomplished.",Speaker 1,https://reflect-claremont.cablecast.tv/internetchannel/show/8899?site=1&seekto=1821
0:30:36.16,0:30:51.84,1836.16,1851.84,Chris Irish,Claremont School Board Vice Chair,"So we're in that same boat. I don't remind us all. We're bottom line budget and we we hit a stalemate Saturday by trying to figure out what to cut. We just you guys came up with the came up with 155,000 is a number. We're in the same boat of not being able to tell them where to put it back in.",Speaker 1,https://reflect-claremont.cablecast.tv/internetchannel/show/8899?site=1&seekto=1836
0:30:51.88,0:30:55.56,1851.88,1855.56,Unidentified,"Unidentified - cluster mixes fragments of several voices; its substantive lines ([307], [310], [332], [391], [497]) are a board member, possibly Frank Sprague (hypothesis by elimination only)",Specifically figure out how much do we.,Speaker 10,https://reflect-claremont.cablecast.tv/internetchannel/show/8899?site=1&seekto=1851
0:30:55.64,0:31:28.60,1855.64,1888.60,Patrick Adrian,Claremont School Board member,"Put back in. It's roughly they went a little roughly. They went over our request. I mean, they went over request by  about $116,000, which would be.  So that would be the that would that that constitutes our decision to restore Owls program and the PE teacher. So I mean, they went over I guess what you know our we they went over our kind of",Speaker 5,https://reflect-claremont.cablecast.tv/internetchannel/show/8899?site=1&seekto=1855
0:31:28.68,0:31:29.72,1888.68,1889.72,Michelle Pierce,Claremont School Board member,The program.,Speaker 7,https://reflect-claremont.cablecast.tv/internetchannel/show/8899?site=1&seekto=1888
0:31:29.72,0:31:55.67,1889.72,1915.67,Middleton McGoodwin,"Superintendent, SAU 6","In January, if I may, Brian. The owls program in January 18th, January 11th. Word got out that we're eliminating the Owls program. That was incorrect. It was  a rumor. January 18th, it was reinstated. All right. January 18th, the the the visit teacher at Stevens High School was reinstated. Right. Because the teacher of Stevens High School, a 1.0, but was only approximately 0.5.",Speaker 3,https://reflect-claremont.cablecast.tv/internetchannel/show/8899?site=1&seekto=1889
0:31:55.68,0:32:03.76,1915.68,1923.76,Middleton McGoodwin,"Superintendent, SAU 6","Is that  all that aside, reinstating the positions, it was much more than $125,000.",Speaker 3,https://reflect-claremont.cablecast.tv/internetchannel/show/8899?site=1&seekto=1915
0:32:03.84,0:32:39.28,1923.84,1959.28,Patrick Adrian,Claremont School Board member,"And then. No, that's I believe it was like one it was between one 14,000 116,000, which is how much I think you went over, I think expectations. So I think anywhere I think that number I mean that number anywhere either either I guess what I'm saying is about $115,000  or a portion, some portion up to that, we would be able to kind of return and still meet or what we wanted to accomplish on Saturday.",Speaker 5,https://reflect-claremont.cablecast.tv/internetchannel/show/8899?site=1&seekto=1923
0:32:39.36,0:32:40.20,1959.36,1960.20,Brian Rapp,Claremont School Board Chair,Michelle.,Speaker 2,https://reflect-claremont.cablecast.tv/internetchannel/show/8899?site=1&seekto=1959
0:32:40.28,0:32:48.32,1960.28,1968.32,Michelle Pierce,Claremont School Board member,How much was it to reinstate the teachers that you had proposed to let go?,Speaker 7,https://reflect-claremont.cablecast.tv/internetchannel/show/8899?site=1&seekto=1960
0:32:48.40,0:32:59.20,1968.40,1979.20,Middleton McGoodwin,"Superintendent, SAU 6","15,000, adding the $92,000 two reinstating the teachers. It was $366,000.",Speaker 3,https://reflect-claremont.cablecast.tv/internetchannel/show/8899?site=1&seekto=1968
0:32:59.28,0:33:04.48,1979.28,1984.48,Alex Herzog,Claremont School Board member,"Well, that would be the two positions as well. Correct. Are the point eight.",Speaker 8,https://reflect-claremont.cablecast.tv/internetchannel/show/8899?site=1&seekto=1979
0:33:04.56,0:33:19.52,1984.56,1999.52,Middleton McGoodwin,"Superintendent, SAU 6",We're we reinstated the athletic director at the middle school 0.5 library meeting specialists at at the middle school. We reinstated the elementary school to the Bluff Elementary School specialists.,Speaker 3,https://reflect-claremont.cablecast.tv/internetchannel/show/8899?site=1&seekto=1984
0:33:19.60,0:33:50.40,1999.60,2030.40,Middleton McGoodwin,"Superintendent, SAU 6","They were 1.0. It was changed to point eight. We reinstated the position at the high school. Now it's fully at the high school.  The alternative education was already put back. But again, that was that was added to that. So, you know, at this the target was moving. But if the expectation was take the 92,000 and reduce another 125,000 and we'll be happy with that.",Speaker 3,https://reflect-claremont.cablecast.tv/internetchannel/show/8899?site=1&seekto=1999
0:33:50.40,0:34:14.44,2030.40,2054.44,Middleton McGoodwin,"Superintendent, SAU 6","That's impossible by having staff not impacted. Excuse me, teaching staff not impacted. You'll you'll notice that administration is impacted administrative assistance or impacted. That's that's they are not teaching staff.",Speaker 3,https://reflect-claremont.cablecast.tv/internetchannel/show/8899?site=1&seekto=2030
0:34:14.52,0:34:23.78,2054.52,2063.78,Brian Rapp,Claremont School Board Chair,So like.,Speaker 2,https://reflect-claremont.cablecast.tv/internetchannel/show/8899?site=1&seekto=2054
0:34:23.86,0:34:25.50,2063.86,2065.50,Cory LeClair,"Assistant Superintendent, SAU 6",We're arguing we'll be with you in.,Speaker 6,https://reflect-claremont.cablecast.tv/internetchannel/show/8899?site=1&seekto=2063
0:34:25.50,0:34:25.74,2065.50,2065.74,Michael O'Neill,"Business Administrator, SAU 6",A minute.,Speaker 4,https://reflect-claremont.cablecast.tv/internetchannel/show/8899?site=1&seekto=2065
0:34:25.89,0:34:27.70,2065.89,2067.70,Michelle Pierce,Claremont School Board member,92.,Speaker 7,https://reflect-claremont.cablecast.tv/internetchannel/show/8899?site=1&seekto=2065
0:34:27.78,0:34:43.24,2067.78,2083.24,Brian Rapp,Claremont School Board Chair,But I was hoping if we could get a number what could we put if we wanted to go.,Speaker 2,https://reflect-claremont.cablecast.tv/internetchannel/show/8899?site=1&seekto=2067
0:34:43.32,0:34:50.56,2083.32,2090.56,Brian Rapp,Claremont School Board Chair,Tax rate impact with just the operating budget. Just that article. How much room is there to put back money?,Speaker 2,https://reflect-claremont.cablecast.tv/internetchannel/show/8899?site=1&seekto=2083
0:34:50.64,0:35:01.03,2090.64,2101.03,Michael O'Neill,"Business Administrator, SAU 6","Now when you say just that article including revenues are not including revenues because I mean, essentially we had a budget that was up 92,000. So so you're talking with revenues, correct? Yes.",Speaker 4,https://reflect-claremont.cablecast.tv/internetchannel/show/8899?site=1&seekto=2090
0:35:01.13,0:35:10.26,2101.13,2110.26,Patrick Adrian,Claremont School Board member,"Yes, with revenues.",Speaker 5,https://reflect-claremont.cablecast.tv/internetchannel/show/8899?site=1&seekto=2101
0:35:10.34,0:35:20.98,2110.34,2120.98,Michael O'Neill,"Business Administrator, SAU 6","So you'd be looking at 220,000 that you would have had to cut 220,000. We cut 334, which is the 114 number again.",Speaker 4,https://reflect-claremont.cablecast.tv/internetchannel/show/8899?site=1&seekto=2110
0:35:21.02,0:35:21.42,2121.02,2121.42,Brian Rapp,Claremont School Board Chair,So one.,Speaker 2,https://reflect-claremont.cablecast.tv/internetchannel/show/8899?site=1&seekto=2121
0:35:21.46,0:35:34.88,2121.46,2134.88,Michael O'Neill,"Business Administrator, SAU 6",14 is that's what the articles are worth before Patrick's got this figured out over there. See the change.,Speaker 4,https://reflect-claremont.cablecast.tv/internetchannel/show/8899?site=1&seekto=2121
0:35:34.96,0:35:40.50,2134.96,2140.50,Brian Rapp,Claremont School Board Chair,So what do we want to do.,Speaker 2,https://reflect-claremont.cablecast.tv/internetchannel/show/8899?site=1&seekto=2134
0:35:40.58,0:35:44.34,2140.58,2144.34,Chris Irish,Claremont School Board Vice Chair,"300,000 more.",Speaker 1,https://reflect-claremont.cablecast.tv/internetchannel/show/8899?site=1&seekto=2140
0:35:44.42,0:35:46.30,2144.42,2146.30,Michael O'Neill,"Business Administrator, SAU 6",Last year's operating budget.,Speaker 4,https://reflect-claremont.cablecast.tv/internetchannel/show/8899?site=1&seekto=2144
0:35:46.38,0:35:48.06,2146.38,2148.06,Chris Irish,Claremont School Board Vice Chair,Tough times.,Speaker 1,https://reflect-claremont.cablecast.tv/internetchannel/show/8899?site=1&seekto=2146
0:35:48.14,0:35:50.46,2148.14,2150.46,Brian Rapp,Claremont School Board Chair,"Alex, what do you think.",Speaker 2,https://reflect-claremont.cablecast.tv/internetchannel/show/8899?site=1&seekto=2148
0:35:50.54,0:36:10.74,2150.54,2170.74,Alex Herzog,Claremont School Board member,I like? What how? Chris is thinking about the technology equipment warrant. In that it should be the responsibility of board to come up with that. But I also see your point in regards to  allowing the people to decide to. I think it's a get it  in a democracy. It's an opportunity for people to to vote on that.,Speaker 8,https://reflect-claremont.cablecast.tv/internetchannel/show/8899?site=1&seekto=2150
0:36:10.74,0:36:22.50,2170.74,2182.50,Alex Herzog,Claremont School Board member,"But I also know there's a real need for technology, equipment and that that's the future  of students. Young people work into technology now,",Speaker 8,https://reflect-claremont.cablecast.tv/internetchannel/show/8899?site=1&seekto=2170
0:36:22.58,0:36:36.54,2182.58,2196.54,Chris Irish,Claremont School Board Vice Chair,"It's been my career. My entire life is technology. But, you know, you can we can get the bite of the apple twice. You can put it in the budget and have it as a one article, and the foreign article is shot down. It comes out of the budget. That is perfectly legitimate.",Speaker 1,https://reflect-claremont.cablecast.tv/internetchannel/show/8899?site=1&seekto=2182
0:36:36.62,0:36:39.70,2196.62,2199.70,Alex Herzog,Claremont School Board member,Bolts putting it twice. So I don't know. I'd go that one.,Speaker 8,https://reflect-claremont.cablecast.tv/internetchannel/show/8899?site=1&seekto=2196
0:36:39.78,0:36:41.30,2199.78,2201.30,Chris Irish,Claremont School Board Vice Chair,Well to do that all.,Speaker 1,https://reflect-claremont.cablecast.tv/internetchannel/show/8899?site=1&seekto=2199
0:36:41.30,0:36:42.50,2201.30,2202.50,Michelle Pierce,Claremont School Board member,The time.,Speaker 7,https://reflect-claremont.cablecast.tv/internetchannel/show/8899?site=1&seekto=2201
0:36:42.58,0:36:43.70,2202.58,2203.70,Chris Irish,Claremont School Board Vice Chair,So we've done it. We put it.,Speaker 1,https://reflect-claremont.cablecast.tv/internetchannel/show/8899?site=1&seekto=2202
0:36:43.90,0:36:44.90,2203.90,2204.90,Unidentified,"Unidentified - cluster mixes fragments of several voices; its substantive lines ([307], [310], [332], [391], [497]) are a board member, possibly Frank Sprague (hypothesis by elimination only)",We wouldn't we.,Speaker 10,https://reflect-claremont.cablecast.tv/internetchannel/show/8899?site=1&seekto=2203
0:36:44.94,0:36:52.38,2204.94,2212.38,Middleton McGoodwin,"Superintendent, SAU 6","Wouldn't put $89,000 in the budget as a placeholder if the warrant article failed, if that's what you were.",Speaker 3,https://reflect-claremont.cablecast.tv/internetchannel/show/8899?site=1&seekto=2204
0:36:52.38,0:36:55.94,2212.38,2215.94,Chris Irish,Claremont School Board Vice Chair,"Meaning you can. I'm not saying we would, but you absolutely can. We've done it.",Speaker 1,https://reflect-claremont.cablecast.tv/internetchannel/show/8899?site=1&seekto=2212
0:36:55.98,0:37:16.26,2215.98,2236.26,Middleton McGoodwin,"Superintendent, SAU 6","I would, you know, personally, professionally that is like padding the budget and the budget. We justify every penny and that. That's a strong word. Chris. I know you didn't mean that, but, what's in the budget is what we need, and and it's attached to items, personnel, etc..",Speaker 3,https://reflect-claremont.cablecast.tv/internetchannel/show/8899?site=1&seekto=2215
0:37:16.34,0:37:37.14,2236.34,2257.14,Chris Irish,Claremont School Board Vice Chair,"Well, know what you do is the one article reads very specifically technology already in the budget. There is no it's simple. We've put it in the budget. You want the voters to have another say it. That's absolutely fine. But we've said we're going to put it in the budget. We believe in it. And you just word the one article is such that it says it's specifically for it would be the exact same wording as this one article.",Speaker 1,https://reflect-claremont.cablecast.tv/internetchannel/show/8899?site=1&seekto=2236
0:37:37.14,0:37:47.18,2257.14,2267.18,Chris Irish,Claremont School Board Vice Chair,"It would just say already included in the operating budget. If the one article fails, it comes out of the budget. I'm just saying there is another option if you wanted to do that.",Speaker 1,https://reflect-claremont.cablecast.tv/internetchannel/show/8899?site=1&seekto=2257
0:37:47.26,0:37:48.54,2267.26,2268.54,Brian Rapp,Claremont School Board Chair,So for.,Speaker 2,https://reflect-claremont.cablecast.tv/internetchannel/show/8899?site=1&seekto=2267
0:37:48.54,0:38:12.74,2268.54,2292.74,Patrick Adrian,Claremont School Board member,"Next school year. What do you think the needs would be? If based on now what I guess the this budget that you've, you're, you've proposed here if, if there was going to be more money needed by the schools, where do you think it would be? Because I don't want to tie it into necessarily technology or something.",Speaker 5,https://reflect-claremont.cablecast.tv/internetchannel/show/8899?site=1&seekto=2268
0:38:12.78,0:38:56.34,2292.78,2336.34,Cory LeClair,"Assistant Superintendent, SAU 6","So it comes from often fixed cost increases. Right now our teachers in the school district only have a one year contract. So,  the will renegotiate that one year contract for a multi-year contract and there'll be a cost associated with that. So the cost of that contract negotiation plus any cost associated with increase retirement rates, health  care costs,  any of those things start you usually in the last 4 or 5 years that I've been involved, anywhere between 600 000 and 1.2 million of fixed cost increases that you're not saying we're adding anything, we're just covering the cost that we have.",Speaker 6,https://reflect-claremont.cablecast.tv/internetchannel/show/8899?site=1&seekto=2292
0:38:56.54,0:39:33.62,2336.54,2373.62,Cory LeClair,"Assistant Superintendent, SAU 6","And it's I don't want to use the word inflation, but, if you think about it that way, you know, the cost of things increases over time. And so every year we start almost essentially in the hold in order to get to zero impact on the tax rate or a zero level funded expenditure budget. And when, we look forward to next year, unless something drastically changes with the legislature or some other revenue streams or something of that nature,  I'm guessing history will repeat itself and we'll have again fixed cost increases.",Speaker 6,https://reflect-claremont.cablecast.tv/internetchannel/show/8899?site=1&seekto=2336
0:39:33.70,0:39:56.06,2373.70,2396.06,Cory LeClair,"Assistant Superintendent, SAU 6","And so we'll we'll end up with maybe somewhere between 500,000 and $1 million that will then have to either pass on to the taxpayer to cover or cut  out of the existing budget in order to have no tax impact for the board.",Speaker 6,https://reflect-claremont.cablecast.tv/internetchannel/show/8899?site=1&seekto=2373
0:39:56.10,0:40:17.66,2396.10,2417.66,Middleton McGoodwin,"Superintendent, SAU 6","And for the past five years. Again, if I may, Brian, I'm jumping in here, but for the past five years, the fixed cost increases have been much have been much larger than you would imagine because we have been slowly reducing, reducing, reducing. Some of it has been personnel, some of it has been other light items to minimize the impact on the tax rate.",Speaker 3,https://reflect-claremont.cablecast.tv/internetchannel/show/8899?site=1&seekto=2396
0:40:17.78,0:40:42.30,2417.78,2442.30,Middleton McGoodwin,"Superintendent, SAU 6",The tax rate was going to increase by $0.11 a thousand this fiscal year. A lack of revenue from the state bumped it up another 70 or $0.80 per thousand. So we did our job. But then we got sidetracked by this brick of of declining revenue. And that's why we were in Concord today to try to stop this hemorrhaging.,Speaker 3,https://reflect-claremont.cablecast.tv/internetchannel/show/8899?site=1&seekto=2417
0:40:42.38,0:41:08.42,2442.38,2468.42,Middleton McGoodwin,"Superintendent, SAU 6","So that's why I said to you by addressing budget shortfalls by non personnel, we did it this year. But if if that is the expectation for the future, it's not going to it's not going to work knowing however  I don't know what the revenue shortfall is going to be if there is going to be. So there are some unknowns.",Speaker 3,https://reflect-claremont.cablecast.tv/internetchannel/show/8899?site=1&seekto=2442
0:41:08.50,0:41:17.06,2468.50,2477.06,Middleton McGoodwin,"Superintendent, SAU 6","I'm just not optimistic with declining enrollment and declining revenue, that the whole world is going to turn upside down. Everything's going to be great next year.",Speaker 3,https://reflect-claremont.cablecast.tv/internetchannel/show/8899?site=1&seekto=2468
0:41:17.14,0:41:44.86,2477.14,2504.86,Brian Rapp,Claremont School Board Chair,"The other the other issue is that the default budget next year is going to be based off of this year's budget. We've cut so deep, we go and try to add more teacher contract, multi year teacher contract. We try to put in some of the costs that we've cut this year for new equipment and and supplies. It's going to fail.",Speaker 2,https://reflect-claremont.cablecast.tv/internetchannel/show/8899?site=1&seekto=2477
0:41:44.94,0:41:59.06,2504.94,2519.06,Brian Rapp,Claremont School Board Chair,It's going to be so much higher than the than the default budget. It's it's not going to pass. We have cut so far right now somewhat needlessly. And it's going to affect next year's default budget.,Speaker 2,https://reflect-claremont.cablecast.tv/internetchannel/show/8899?site=1&seekto=2504
0:41:59.14,0:42:19.82,2519.14,2539.82,Chris Irish,Claremont School Board Vice Chair,"I guess I look at and I know I'm in the minority on the thought process, but I look at this very differently. Every line that I came up with that we came up with on that Saturday that we went through, that was roughly it was a few hundred thousand dollars worth of potential adjustments we could make. And I say injustice on purpose because we're getting we can't carried away with this cut mentality.",Speaker 1,https://reflect-claremont.cablecast.tv/internetchannel/show/8899?site=1&seekto=2519
0:42:19.90,0:42:38.66,2539.90,2558.66,Chris Irish,Claremont School Board Vice Chair,"I do not see limiting growth, limiting an increase as a cut. We eliminated requests for more money or different money. This year. We didn't cut a we didn't take a pool of money and say, you get this every single year. Now you don't get it anymore. We did not do that. We are not cutting.",Speaker 1,https://reflect-claremont.cablecast.tv/internetchannel/show/8899?site=1&seekto=2539
0:42:38.74,0:42:39.22,2558.74,2559.22,Patrick Adrian,Claremont School Board member,A flow.,Speaker 5,https://reflect-claremont.cablecast.tv/internetchannel/show/8899?site=1&seekto=2558
0:42:39.22,0:42:59.50,2559.22,2579.50,Chris Irish,Claremont School Board Vice Chair,"Of money. We are cutting. We're eliminating increases. We're limiting growth. I'm not saying that's a good thing, but we are not cutting to the bone. We're eliminating a certain amount of growth and some new things. I'm not saying that is a good thing, but for practical application, we're not cutting.  And I have all the if they couldn't do this, they wouldn't tell me they could do it.",Speaker 1,https://reflect-claremont.cablecast.tv/internetchannel/show/8899?site=1&seekto=2559
0:42:59.54,0:43:04.54,2579.54,2584.54,Brian Rapp,Claremont School Board Chair,"Chris, you're mistaken because they're a line items where libraries are not getting new books.",Speaker 2,https://reflect-claremont.cablecast.tv/internetchannel/show/8899?site=1&seekto=2579
0:43:04.74,0:43:19.26,2584.74,2599.26,Chris Irish,Claremont School Board Vice Chair,"But that was not what we were coming from. What I'm saying is there is money in this budget that we could come up with, that we did line by line. That had nothing to do with any of the things that they're proposing. And that's because that's their job to do with what they have.",Speaker 1,https://reflect-claremont.cablecast.tv/internetchannel/show/8899?site=1&seekto=2584
0:43:19.26,0:43:35.06,2599.26,2615.06,Brian Rapp,Claremont School Board Chair,"With some of the proposed cuts that you were advocating for couldn't be done because we wouldn't be able to to do any testing or we wouldn't be able to have books, or there were some things that you need to have, you know, no toilet paper. Those are some of the lines that.",Speaker 2,https://reflect-claremont.cablecast.tv/internetchannel/show/8899?site=1&seekto=2599
0:43:35.06,0:43:36.66,2615.06,2616.66,Chris Irish,Claremont School Board Vice Chair,"You were cutting, though. That wasn't that.",Speaker 1,https://reflect-claremont.cablecast.tv/internetchannel/show/8899?site=1&seekto=2615
0:43:36.78,0:43:41.74,2616.78,2621.74,Brian Rapp,Claremont School Board Chair,"That is true. The initial cuts, the notes coming back from the administration.",Speaker 2,https://reflect-claremont.cablecast.tv/internetchannel/show/8899?site=1&seekto=2616
0:43:41.82,0:43:51.38,2621.82,2631.38,Chris Irish,Claremont School Board Vice Chair,"Fix that. We still have 300,000 left. We had we had another $600,000 we could have played with. The point is it's a tough time and we're not alone in this.",Speaker 1,https://reflect-claremont.cablecast.tv/internetchannel/show/8899?site=1&seekto=2621
0:43:51.46,0:44:11.58,2631.46,2651.58,Alex Herzog,Claremont School Board member,"So the so based on what you just said, Brian, around the the main budget being what the basis of the default budget is, it's not to our advantage based on what you just said to say. Well, let's just use that extra money and pay for take the warrant article for security upgrades off, use the money for that and call it a wash.",Speaker 8,https://reflect-claremont.cablecast.tv/internetchannel/show/8899?site=1&seekto=2631
0:44:11.58,0:44:15.98,2651.58,2655.98,Alex Herzog,Claremont School Board member,That's disadvantage. I don't think that's to our advantage based on what you just said. Is that true?,Speaker 8,https://reflect-claremont.cablecast.tv/internetchannel/show/8899?site=1&seekto=2651
0:44:16.02,0:44:18.26,2656.02,2658.26,Michael O'Neill,"Business Administrator, SAU 6",We moved it to the budget. It would be frank.,Speaker 4,https://reflect-claremont.cablecast.tv/internetchannel/show/8899?site=1&seekto=2656
0:44:18.34,0:44:18.74,2658.34,2658.74,Unidentified,"Unidentified - cluster mixes fragments of several voices; its substantive lines ([307], [310], [332], [391], [497]) are a board member, possibly Frank Sprague (hypothesis by elimination only)",If you move.,Speaker 10,https://reflect-claremont.cablecast.tv/internetchannel/show/8899?site=1&seekto=2658
0:44:18.75,0:44:20.18,2658.75,2660.18,Michael O'Neill,"Business Administrator, SAU 6",To 141 to the budget.,Speaker 4,https://reflect-claremont.cablecast.tv/internetchannel/show/8899?site=1&seekto=2658
0:44:20.22,0:44:20.42,2660.22,2660.42,Alex Herzog,Claremont School Board member,And.,Speaker 8,https://reflect-claremont.cablecast.tv/internetchannel/show/8899?site=1&seekto=2660
0:44:20.42,0:44:36.14,2660.42,2676.14,Michael O'Neill,"Business Administrator, SAU 6","Then then it would be in next year's default, because your default budget is basically you start with last year's budget and then you adjust up or down for one time expenditures or contractually obligated things like if we had a two year CVA, I'd add the cost of that in there, but we don't have any CVA, so there was no wage increases in the default.",Speaker 4,https://reflect-claremont.cablecast.tv/internetchannel/show/8899?site=1&seekto=2660
0:44:36.18,0:44:37.62,2676.18,2677.62,Michael O'Neill,"Business Administrator, SAU 6",How do you feel about the benefit costs.,Speaker 4,https://reflect-claremont.cablecast.tv/internetchannel/show/8899?site=1&seekto=2676
0:44:37.66,0:44:39.82,2677.66,2679.82,Alex Herzog,Claremont School Board member,About that? Chris.,Speaker 8,https://reflect-claremont.cablecast.tv/internetchannel/show/8899?site=1&seekto=2677
0:44:39.90,0:45:00.26,2679.90,2700.26,Chris Irish,Claremont School Board Vice Chair,"Again, I'm trying I'm a practical person when it comes to this stuff. We are if we do that, we are asking the people to pay additional taxes this year for what might happen next year. I'm sorry, I can't. We're here now. We're we're we're over our heads. The ship is sunk tax wise. And that's never been my priority.",Speaker 1,https://reflect-claremont.cablecast.tv/internetchannel/show/8899?site=1&seekto=2679
0:45:00.26,0:45:20.14,2700.26,2720.14,Chris Irish,Claremont School Board Vice Chair,"I just we've found a situation because of what you came up with, with the patterns that we could  offer some tax relief without cutting teachers, without cutting programs. That's a very rare opportunity for do this. I understand it could have ramifications next year, but again, that doesn't help anybody to say, well, we'll pay a little more than this year.",Speaker 1,https://reflect-claremont.cablecast.tv/internetchannel/show/8899?site=1&seekto=2700
0:45:20.22,0:45:23.82,2720.22,2723.82,Chris Irish,Claremont School Board Vice Chair,"The state, you know, we can cut all this and the tax is still could go up.",Speaker 1,https://reflect-claremont.cablecast.tv/internetchannel/show/8899?site=1&seekto=2720
0:45:23.90,0:45:42.53,2723.90,2742.53,Brian Rapp,Claremont School Board Chair,"Chris, this is the problem that we've always run into. We cut regular expenses, regular maintenance. We put it off. And if we lose it this year we cut too far this year. Next year if we're stuck with a default budget, it's not included in there. We're not getting it back. So that's more maintenance that's passed off.",Speaker 2,https://reflect-claremont.cablecast.tv/internetchannel/show/8899?site=1&seekto=2723
0:45:42.61,0:46:02.33,2742.61,2762.33,Chris Irish,Claremont School Board Vice Chair,"Nothing I proposed cutting was maintenance, Chris, specifically none of that. So we need to stop with the traditional maintenance. It's not that's not what we did. That is not what we did. We came up with a number and said, you have 31 plus million dollars to spend. That's you need to spend it. We didn't. There isn't. That's just not the truth.",Speaker 1,https://reflect-claremont.cablecast.tv/internetchannel/show/8899?site=1&seekto=2742
0:46:02.41,0:46:04.10,2762.41,2764.10,Chris Irish,Claremont School Board Vice Chair,We didn't cut as a maintenance.,Speaker 1,https://reflect-claremont.cablecast.tv/internetchannel/show/8899?site=1&seekto=2762
0:46:04.18,0:46:08.86,2764.18,2768.86,Unidentified,"Unidentified - board member, short remarks (possibly Frank Sprague; hypothesis by elimination only)","So let me  ask,  maybe.",Speaker 9,https://reflect-claremont.cablecast.tv/internetchannel/show/8899?site=1&seekto=2764
0:46:08.94,0:46:49.42,2768.94,2809.42,Patrick Adrian,Claremont School Board member,"Maybe this will help explain.  So I was looking at, 2000. So looking at, say bluffs, regular instructional salaries. I noticed like in 2014 that the it the difference the, the annual budget was I'm sorry the proposed budget was 594,000. The actual budget ended up being 642. So it was like $45,000 more. The year after 688,000. That was the proposed budget for 20 1516, and the actual budget was 714,000.",Speaker 5,https://reflect-claremont.cablecast.tv/internetchannel/show/8899?site=1&seekto=2768
0:46:49.58,0:47:01.78,2809.58,2821.78,Patrick Adrian,Claremont School Board member,So it seems like wouldn't where does that money come from to pay for it? Don't you have to don't you have to move money from other budget areas to do that?,Speaker 5,https://reflect-claremont.cablecast.tv/internetchannel/show/8899?site=1&seekto=2809
0:47:01.86,0:47:02.70,2821.86,2822.70,Michael O'Neill,"Business Administrator, SAU 6","Yes, you would have.",Speaker 4,https://reflect-claremont.cablecast.tv/internetchannel/show/8899?site=1&seekto=2821
0:47:02.70,0:47:03.10,2822.70,2823.10,Unidentified,"Unidentified - cluster mixes fragments of several voices; its substantive lines ([307], [310], [332], [391], [497]) are a board member, possibly Frank Sprague (hypothesis by elimination only)",To do that.,Speaker 10,https://reflect-claremont.cablecast.tv/internetchannel/show/8899?site=1&seekto=2822
0:47:03.10,0:47:24.66,2823.10,2844.66,Patrick Adrian,Claremont School Board member,"Right. And I think that's what we're not talking about. We're saying, well, we cut money from furniture, but that's not really how it happens. I don't we have to move. Schools have to move. There have to have to they have to kind of play with the budget afterwards in order to get through the school year. So some of these costs they have.",Speaker 5,https://reflect-claremont.cablecast.tv/internetchannel/show/8899?site=1&seekto=2823
0:47:24.66,0:47:48.70,2844.66,2868.70,Patrick Adrian,Claremont School Board member,"No. You have no idea. I guess in March they're proposing a budget between March and August. There's a lot of changes in school and costs. They they cannot promise they they're not fortune tellers. So we're looking at it saying, oh, we cut furniture. No, we did not necessarily cut furniture. We might be cutting. We're hurting the schools.",Speaker 5,https://reflect-claremont.cablecast.tv/internetchannel/show/8899?site=1&seekto=2844
0:47:48.78,0:48:04.38,2868.78,2884.38,Patrick Adrian,Claremont School Board member,"We could be potentially hurting the school some other way. We don't know. And I think it's hard. I wish that we had kind of been able to kind of get that in the earlier meetings, because I think that we're looking at it one way, but that's not the way it happened.",Speaker 5,https://reflect-claremont.cablecast.tv/internetchannel/show/8899?site=1&seekto=2868
0:48:04.39,0:48:22.26,2884.39,2902.26,Chris Irish,Claremont School Board Vice Chair,"I have a very honest, simple answer for that. You're what they have just proposed to me is what they're saying. They can make happen. They don't like it. It's going to be tough. It's going to be tight. But I know they're saying they can do it, otherwise they wouldn't have proposed it. So to your point, they're saying nobody has a crystal ball.",Speaker 1,https://reflect-claremont.cablecast.tv/internetchannel/show/8899?site=1&seekto=2884
0:48:22.32,0:48:36.58,2902.32,2916.58,Chris Irish,Claremont School Board Vice Chair,"Nobody knows what's going to happen. But they're saying we can do this, we can suck it up, we can tighten our belts and make this happen. We don't like it. So I'm good with that. Just like I would trust them for something that they wanted, that they justified, I would give them.",Speaker 1,https://reflect-claremont.cablecast.tv/internetchannel/show/8899?site=1&seekto=2902
0:48:36.66,0:48:57.62,2916.66,2937.62,Patrick Adrian,Claremont School Board member,"Just keep in mind that I was working in the neighboring district a couple of years ago, where I believe that the budget, that the school board, I don't know how it happened, but the district agreed to a school budget for one year.  And.",Speaker 5,https://reflect-claremont.cablecast.tv/internetchannel/show/8899?site=1&seekto=2916
0:48:57.70,0:49:30.42,2937.70,2970.42,Patrick Adrian,Claremont School Board member,"There's a couple of years ago it came out that the they were over $700,000 in deficit.  I can't remember why by remember being told by someone that part of that was they cut too deep and the district went with it  and the cost were way over what they what they agreed to. So just because that the district just they're doing what we asked of them, what we asked them to do, that's why does it.",Speaker 5,https://reflect-claremont.cablecast.tv/internetchannel/show/8899?site=1&seekto=2937
0:49:30.42,0:49:59.34,2970.42,2999.34,Patrick Adrian,Claremont School Board member,"But we still have to own that and I don't I'm not I  guess I'm, I'm looking at this.  I'm reading. I'm kind of reading the. Between the lines. I mean, they they did what they asked to do. I'm a little worried that in trying to meet our expectations here, it's going to be on us. I don't want to be leaving the Claremont with, you know, five, $700,000 next year.",Speaker 5,https://reflect-claremont.cablecast.tv/internetchannel/show/8899?site=1&seekto=2970
0:49:59.34,0:50:00.14,2999.34,3000.14,Unidentified,"Unidentified - cluster mixes fragments of several voices; its substantive lines ([307], [310], [332], [391], [497]) are a board member, possibly Frank Sprague (hypothesis by elimination only)",But don't you.,Speaker 10,https://reflect-claremont.cablecast.tv/internetchannel/show/8899?site=1&seekto=2999
0:50:00.14,0:50:01.26,3000.14,3001.26,Chris Irish,Claremont School Board Vice Chair,"Can't go there, Patrick.",Speaker 1,https://reflect-claremont.cablecast.tv/internetchannel/show/8899?site=1&seekto=3000
0:50:01.30,0:50:01.82,3001.30,3001.82,Unidentified,"Unidentified - cluster mixes fragments of several voices; its substantive lines ([307], [310], [332], [391], [497]) are a board member, possibly Frank Sprague (hypothesis by elimination only)",I believe.,Speaker 10,https://reflect-claremont.cablecast.tv/internetchannel/show/8899?site=1&seekto=3001
0:50:01.82,0:50:18.82,3001.82,3018.82,Middleton McGoodwin,"Superintendent, SAU 6",You're talking about a local district. And that was a mistake. It was a projection in revenue. They made a mistake in the revenue  that called a shortfall. It was a human error that caused the district to get into a very serious situation.,Speaker 3,https://reflect-claremont.cablecast.tv/internetchannel/show/8899?site=1&seekto=3001
0:50:18.90,0:50:19.50,3018.90,3019.50,Unidentified,"Unidentified - cluster mixes fragments of several voices; its substantive lines ([307], [310], [332], [391], [497]) are a board member, possibly Frank Sprague (hypothesis by elimination only)",Patrick.,Speaker 10,https://reflect-claremont.cablecast.tv/internetchannel/show/8899?site=1&seekto=3018
0:50:19.58,0:50:47.06,3019.58,3047.06,Chris Irish,Claremont School Board Vice Chair,"In all honesty, I have faith in what we did. I have faith in what they've done. And more importantly, I have faith in what Mike and what Middleton and Corey are telling us. If I didn't have that kind of faith, I might have your your thought process. I don't I have faith that everything we have done and everything they are doing, it's it's a hard time, it's a hard decision, but it's something that needs to be done in my opinion and can be done if I didn't think it can be, could be done.",Speaker 1,https://reflect-claremont.cablecast.tv/internetchannel/show/8899?site=1&seekto=3019
0:50:47.06,0:51:02.70,3047.06,3062.70,Chris Irish,Claremont School Board Vice Chair,"And if I thought for one second I couldn't trust their figures, we'd have an issue. So when it's all said and done, yeah, it's going to be on all of us, but it's also going to be on everybody else in the city. It is what it is. Either we make the tough choices or we don't. But we could.",Speaker 1,https://reflect-claremont.cablecast.tv/internetchannel/show/8899?site=1&seekto=3047
0:51:02.70,0:51:29.06,3062.70,3089.06,Patrick Adrian,Claremont School Board member,"Also but we could also we could also put the warrant articles on and let them make the choice whether whether they want  to spend on those or not. We if we if we just gave no tax impact  on the operating budget  and left the worn articles for people to decide, I mean that that was what we were playing on doing the first place.",Speaker 5,https://reflect-claremont.cablecast.tv/internetchannel/show/8899?site=1&seekto=3062
0:51:29.14,0:51:30.02,3089.14,3090.02,Chris Irish,Claremont School Board Vice Chair,So we started.,Speaker 1,https://reflect-claremont.cablecast.tv/internetchannel/show/8899?site=1&seekto=3089
0:51:30.10,0:51:33.58,3090.10,3093.58,Patrick Adrian,Claremont School Board member,"Well, not where we started, but I think we also, I think.",Speaker 5,https://reflect-claremont.cablecast.tv/internetchannel/show/8899?site=1&seekto=3090
0:51:33.62,0:51:51.66,3093.62,3111.66,Brian Rapp,Claremont School Board Chair,"Look, what I, what I see is we gave them a directive and they came back with something. I don't think they like it. I don't think they think it's smart, but you think they're going to come back here with something that we and tell them, oh, sorry, you told us to do something, but we can't. So too bad.",Speaker 2,https://reflect-claremont.cablecast.tv/internetchannel/show/8899?site=1&seekto=3093
0:51:51.74,0:52:00.94,3111.74,3120.94,Brian Rapp,Claremont School Board Chair,"No, they're not going to come back like that. Obviously they they came back with something and and reading what Mike is saying, he doesn't think it's that smart.",Speaker 2,https://reflect-claremont.cablecast.tv/internetchannel/show/8899?site=1&seekto=3111
0:52:01.02,0:52:13.98,3121.02,3133.98,Chris Irish,Claremont School Board Vice Chair,"But you can read what they're saying all you want. I've known Middleton a long time now. I've known Michael long time now. I fully expect if they thought we were being idiots by doing this, they would have told us long before we were sitting here and public talking about it. That's why I believe in my heart of hearts.",Speaker 1,https://reflect-claremont.cablecast.tv/internetchannel/show/8899?site=1&seekto=3121
0:52:13.98,0:52:18.86,3133.98,3138.86,Chris Irish,Claremont School Board Vice Chair,"I know you don't like it, but I think if you thought this was a horrific thing to do, you would have said that by now.",Speaker 1,https://reflect-claremont.cablecast.tv/internetchannel/show/8899?site=1&seekto=3133
0:52:18.92,0:52:20.10,3138.92,3140.10,Unidentified,"Unidentified - cluster mixes fragments of several voices; its substantive lines ([307], [310], [332], [391], [497]) are a board member, possibly Frank Sprague (hypothesis by elimination only)",Thought I heard that vote today.,Speaker 10,https://reflect-claremont.cablecast.tv/internetchannel/show/8899?site=1&seekto=3138
0:52:20.10,0:52:22.02,3140.10,3142.02,Alex Herzog,Claremont School Board member,From their report that this is going to.,Speaker 8,https://reflect-claremont.cablecast.tv/internetchannel/show/8899?site=1&seekto=3140
0:52:22.14,0:52:27.62,3142.14,3147.62,Unidentified,"Unidentified - cluster mixes fragments of several voices; its substantive lines ([307], [310], [332], [391], [497]) are a board member, possibly Frank Sprague (hypothesis by elimination only)",Go be some areas where we're going to hurt. Did I not hear that? Okay.,Speaker 10,https://reflect-claremont.cablecast.tv/internetchannel/show/8899?site=1&seekto=3142
0:52:27.70,0:52:35.50,3147.70,3155.50,Chris Irish,Claremont School Board Vice Chair,So pinching is very different than can't do this hurts. Yeah it hurts but it's not. We can't. If they said we can't do this I have a very different opinion.,Speaker 1,https://reflect-claremont.cablecast.tv/internetchannel/show/8899?site=1&seekto=3147
0:52:35.54,0:52:44.58,3155.54,3164.58,Brian Rapp,Claremont School Board Chair,It's too much. They did more than then the board agreed to do on Saturday. And I think we should look at putting some of that money back in.,Speaker 2,https://reflect-claremont.cablecast.tv/internetchannel/show/8899?site=1&seekto=3155
0:52:44.66,0:52:45.02,3164.66,3165.02,Unidentified,"Unidentified - cluster mixes fragments of several voices; its substantive lines ([307], [310], [332], [391], [497]) are a board member, possibly Frank Sprague (hypothesis by elimination only)",Can we.,Speaker 10,https://reflect-claremont.cablecast.tv/internetchannel/show/8899?site=1&seekto=3164
0:52:45.02,0:52:53.58,3165.02,3173.58,Alex Herzog,Claremont School Board member,Accomplish the same thing by absorbing a warrant article? Because that gives that puts our is our we can do that.,Speaker 8,https://reflect-claremont.cablecast.tv/internetchannel/show/8899?site=1&seekto=3165
0:52:53.66,0:52:59.14,3173.66,3179.14,Brian Rapp,Claremont School Board Chair,I did hear Corey say that the money might be better used in some other areas.,Speaker 2,https://reflect-claremont.cablecast.tv/internetchannel/show/8899?site=1&seekto=3173
0:52:59.22,0:52:59.82,3179.22,3179.82,Middleton McGoodwin,"Superintendent, SAU 6",So I.,Speaker 3,https://reflect-claremont.cablecast.tv/internetchannel/show/8899?site=1&seekto=3179
0:53:00.02,0:53:32.06,3180.02,3212.06,Alex Herzog,Claremont School Board member,"I think and that gives Chris what he's after, the fact that that money is just reallocated to a warrant article. It isn't being reabsorbed back in the Warren article goes away. So  it's not necessarily restoring money, it's just reallocating money. The budget stays at a level which doesn't jeopardize us in the default. And I'm looking at the as far as their number that looks close security upgrades.",Speaker 8,https://reflect-claremont.cablecast.tv/internetchannel/show/8899?site=1&seekto=3180
0:53:32.14,0:53:54.66,3212.14,3234.66,Alex Herzog,Claremont School Board member,"Those are non-negotiables in my mind that that's something we need to do in the schools. So I don't know if that's if that's the way to do it.  Rather than just say, here's 60,000 distributed the way you want to,  I'm not sure, but I'm  in my mind, the cleanest way is to just  put a Warren wouldn't take.",Speaker 8,https://reflect-claremont.cablecast.tv/internetchannel/show/8899?site=1&seekto=3212
0:53:54.70,0:54:09.18,3234.70,3249.18,Alex Herzog,Claremont School Board member,"We've got this money that they found that has been taken out of, of various number of places. You put it back in as one of the Warren articles. Maybe an oversimplification, I don't know, but but.",Speaker 8,https://reflect-claremont.cablecast.tv/internetchannel/show/8899?site=1&seekto=3234
0:54:09.26,0:54:14.34,3249.26,3254.34,Brian Rapp,Claremont School Board Chair,"If if it's in a Warren article, it can't be used for anything else.",Speaker 2,https://reflect-claremont.cablecast.tv/internetchannel/show/8899?site=1&seekto=3249
0:54:14.42,0:54:18.50,3254.42,3258.50,Alex Herzog,Claremont School Board member,But can we absorb it into the main budget? Can we like security upgrades?,Speaker 8,https://reflect-claremont.cablecast.tv/internetchannel/show/8899?site=1&seekto=3254
0:54:18.54,0:54:23.98,3258.54,3263.98,Brian Rapp,Claremont School Board Chair,"Could we delete the technology warrant and put 89,200 back into the budget?",Speaker 2,https://reflect-claremont.cablecast.tv/internetchannel/show/8899?site=1&seekto=3258
0:54:23.98,0:54:26.62,3263.98,3266.62,Unidentified,"Unidentified - cluster mixes fragments of several voices; its substantive lines ([307], [310], [332], [391], [497]) are a board member, possibly Frank Sprague (hypothesis by elimination only)",Something like that? Yeah.,Speaker 10,https://reflect-claremont.cablecast.tv/internetchannel/show/8899?site=1&seekto=3263
0:54:26.70,0:54:28.66,3266.70,3268.66,Brian Rapp,Claremont School Board Chair,I think we can do that.,Speaker 2,https://reflect-claremont.cablecast.tv/internetchannel/show/8899?site=1&seekto=3266
0:54:28.74,0:54:30.54,3268.74,3270.54,Unidentified,"Unidentified - cluster mixes fragments of several voices; its substantive lines ([307], [310], [332], [391], [497]) are a board member, possibly Frank Sprague (hypothesis by elimination only)",And I think I would support that.,Speaker 10,https://reflect-claremont.cablecast.tv/internetchannel/show/8899?site=1&seekto=3268
0:54:30.66,0:54:31.58,3270.66,3271.58,Alex Herzog,Claremont School Board member,I think that's the way to.,Speaker 8,https://reflect-claremont.cablecast.tv/internetchannel/show/8899?site=1&seekto=3270
0:54:31.58,0:54:32.74,3271.58,3272.74,Michelle Pierce,Claremont School Board member,Do it.,Speaker 7,https://reflect-claremont.cablecast.tv/internetchannel/show/8899?site=1&seekto=3271
0:54:32.82,0:54:35.34,3272.82,3275.34,Alex Herzog,Claremont School Board member,And it goes part way to what you're asking for.,Speaker 8,https://reflect-claremont.cablecast.tv/internetchannel/show/8899?site=1&seekto=3272
0:54:35.38,0:54:53.30,3275.38,3293.30,Chris Irish,Claremont School Board Vice Chair,"I respect it, I and I again, this is nothing personal, but what I saw in where I was trying to go line by line, I firmly believe there's there's more money that we could have had. I really believe in my heart of hearts. I think over the years of those patterns you've talked about, we've we've got to well, last year was this we go to here, to here to here.",Speaker 1,https://reflect-claremont.cablecast.tv/internetchannel/show/8899?site=1&seekto=3275
0:54:53.30,0:54:55.66,3293.30,3295.66,Chris Irish,Claremont School Board Vice Chair,At some point you got to stop the train. And I think this is.,Speaker 1,https://reflect-claremont.cablecast.tv/internetchannel/show/8899?site=1&seekto=3293
0:54:55.66,0:55:08.14,3295.66,3308.14,Alex Herzog,Claremont School Board member,"Now and I think yet next year when we go into the budget process, we ask for that information in a more granular level. For example, what have you used this year?  I want to I want to know those numbers. Right? I want some live numbers next year.",Speaker 8,https://reflect-claremont.cablecast.tv/internetchannel/show/8899?site=1&seekto=3295
0:55:08.18,0:55:10.78,3308.18,3310.78,Unidentified,"Unidentified - board member, short remarks (possibly Frank Sprague; hypothesis by elimination only)","I think there's a lot. Yeah, I think there's a lot we could do.",Speaker 9,https://reflect-claremont.cablecast.tv/internetchannel/show/8899?site=1&seekto=3308
0:55:10.82,0:55:11.06,3310.82,3311.06,Alex Herzog,Claremont School Board member,But I.,Speaker 8,https://reflect-claremont.cablecast.tv/internetchannel/show/8899?site=1&seekto=3310
0:55:11.06,0:55:11.86,3311.06,3311.86,Unidentified,"Unidentified - cluster mixes fragments of several voices; its substantive lines ([307], [310], [332], [391], [497]) are a board member, possibly Frank Sprague (hypothesis by elimination only)",Think that's.,Speaker 10,https://reflect-claremont.cablecast.tv/internetchannel/show/8899?site=1&seekto=3311
0:55:11.94,0:55:13.38,3311.94,3313.38,Patrick Adrian,Claremont School Board member,Even with some of the restructuring.,Speaker 5,https://reflect-claremont.cablecast.tv/internetchannel/show/8899?site=1&seekto=3311
0:55:13.38,0:55:18.30,3313.38,3318.30,Unidentified,"Unidentified - board member, short remarks (possibly Frank Sprague; hypothesis by elimination only)","Ideas, if  we start earlier, it that makes a huge difference.",Speaker 9,https://reflect-claremont.cablecast.tv/internetchannel/show/8899?site=1&seekto=3313
0:55:18.34,0:55:19.90,3318.34,3319.90,Unidentified,"Unidentified - cluster mixes fragments of several voices; its substantive lines ([307], [310], [332], [391], [497]) are a board member, possibly Frank Sprague (hypothesis by elimination only)",And I'm.,Speaker 10,https://reflect-claremont.cablecast.tv/internetchannel/show/8899?site=1&seekto=3318
0:55:19.98,0:55:49.10,3319.98,3349.10,Middleton McGoodwin,"Superintendent, SAU 6","Just going to start. I would like to back the whole process up and get into it during October.  But you know, just just understand something fixed cost increases have been much more than $15,000 this fiscal year. The budget is $75,000 more than the previous year. That's because the board was wonderful in supporting professional development and curriculum for staff.",Speaker 3,https://reflect-claremont.cablecast.tv/internetchannel/show/8899?site=1&seekto=3319
0:55:49.30,0:56:17.94,3349.30,3377.94,Middleton McGoodwin,"Superintendent, SAU 6","And now the 60 grand the budget went up $15,000. Mark my words, the fixed cost increases were much more than that. How did we do this magic? We have been continuously modifying and reducing the budget here and there, and they're pairing it back. So the concern is we've got to a point where the orange is dry and we're squeezing it and nothing's coming out.",Speaker 3,https://reflect-claremont.cablecast.tv/internetchannel/show/8899?site=1&seekto=3349
0:56:17.94,0:56:45.14,3377.94,3405.14,Middleton McGoodwin,"Superintendent, SAU 6","And that's why personnel was a part of the mix, not because we don't value, but it was done strategically. When you got a 1.0 teacher who does not have access to students, where the teacher can teach a subject 1.0, you need to reduce that position, or you're basically paying for a full time teacher who's not full time as measured by access to children.",Speaker 3,https://reflect-claremont.cablecast.tv/internetchannel/show/8899?site=1&seekto=3377
0:56:45.22,0:57:12.86,3405.22,3432.86,Middleton McGoodwin,"Superintendent, SAU 6","That's what that process was about. However, I respect what the board had requested.  And and but I that's why I started off this process could not repeat itself every year. We can't hold certain parts of the budget harmless, especially when they're 80% of the budget. And my hope that this revenue shortfall can be mitigated a bit so we don't have to face what we faced this year.",Speaker 3,https://reflect-claremont.cablecast.tv/internetchannel/show/8899?site=1&seekto=3405
0:57:12.94,0:57:18.82,3432.94,3438.82,Alex Herzog,Claremont School Board member,"I agree with you that if we we can start the process in October with more data, I think that that would.",Speaker 8,https://reflect-claremont.cablecast.tv/internetchannel/show/8899?site=1&seekto=3432
0:57:18.82,0:57:19.02,3438.82,3439.02,Unidentified,"Unidentified - cluster mixes fragments of several voices; its substantive lines ([307], [310], [332], [391], [497]) are a board member, possibly Frank Sprague (hypothesis by elimination only)",Be.,Speaker 10,https://reflect-claremont.cablecast.tv/internetchannel/show/8899?site=1&seekto=3438
0:57:19.06,0:57:20.18,3439.06,3440.18,Chris Irish,Claremont School Board Vice Chair,I guess my point is.,Speaker 1,https://reflect-claremont.cablecast.tv/internetchannel/show/8899?site=1&seekto=3439
0:57:20.22,0:57:21.54,3440.22,3441.54,Unidentified,"Unidentified - cluster mixes fragments of several voices; its substantive lines ([307], [310], [332], [391], [497]) are a board member, possibly Frank Sprague (hypothesis by elimination only)",Is.,Speaker 10,https://reflect-claremont.cablecast.tv/internetchannel/show/8899?site=1&seekto=3440
0:57:21.62,0:57:37.42,3441.62,3457.42,Chris Irish,Claremont School Board Vice Chair,"From a practical standpoint, because and I hate to be dwelling on the tax thing because that really isn't my priority with all this, but it's become it. Tonight you all we all heard the mayor talk about the new city manager. The first thing he's already done. He hasn't walked in the door yet, and he's already looking for a 5% decrease for every department.",Speaker 1,https://reflect-claremont.cablecast.tv/internetchannel/show/8899?site=1&seekto=3441
0:57:37.50,0:57:55.18,3457.50,3475.18,Chris Irish,Claremont School Board Vice Chair,"That's the first thing. Just like when guys Santa Gate showed up, this new city manager is going to have blood on his hands. Guaranteed. If they're going to cut that deep because they see the same thing that we're seeing, the orange is dry and that orange is the taxpayers. And that's just the sad fact of where we are.",Speaker 1,https://reflect-claremont.cablecast.tv/internetchannel/show/8899?site=1&seekto=3457
0:57:55.22,0:58:11.82,3475.22,3491.82,Chris Irish,Claremont School Board Vice Chair,"I don't like it. I don't like it at all. This is a this is a tough thing we're talking about. Never thought I'd ever be in this position to have to be this deep. But the reality is this is where we are in Claremont and we didn't come in and say, cut 5%. We didn't seem in and say, cut people.",Speaker 1,https://reflect-claremont.cablecast.tv/internetchannel/show/8899?site=1&seekto=3475
0:58:11.90,0:58:34.94,3491.90,3514.94,Chris Irish,Claremont School Board Vice Chair,"What I did and what we tried to do is we went line by line, things that wouldn't hurt that way. It'd be a pinch, but not hurt.  We didn't cut people. We didn't. We didn't go in there with a hatchet and start hacking things for no reason. We had a pretty  methodical approach to this. And again, my point is we just heard the mayor and that joint meeting saying  they're already looking at a 5% decrease and they haven't even started yet.",Speaker 1,https://reflect-claremont.cablecast.tv/internetchannel/show/8899?site=1&seekto=3491
0:58:35.02,0:59:00.70,3515.02,3540.70,Chris Irish,Claremont School Board Vice Chair,"Why? Because the orange is dry, I get it. This not happy with this, but keep in mind why we're doing this reduction to get the tax rate lower. We are still taking care of the most important asset and that is our teachers. If we don't do that, I don't think they're going to get it. We lose lose. I just, you know, again, I never thought I'd be that advocate.",Speaker 1,https://reflect-claremont.cablecast.tv/internetchannel/show/8899?site=1&seekto=3515
0:59:00.82,0:59:21.86,3540.82,3561.86,Michelle Pierce,Claremont School Board member,"Just important asset is the children, actually. And I think the taxpayers and anyone alike will pay a little extra to have their children safe, secure and properly tended to in a school system. And next year, we're going to have to be fighting for people to pay taxes on more teacher salaries.",Speaker 7,https://reflect-claremont.cablecast.tv/internetchannel/show/8899?site=1&seekto=3540
0:59:21.94,0:59:39.26,3561.94,3579.26,Chris Irish,Claremont School Board Vice Chair,"Nothing we've changed affects anything you just talked about. We didn't touch any safety, any security, any teachers, none of that. We've been able to accomplish what we wanted to accomplish without hurting everything you just talked about. That's why I'm comfortable with this. We're protecting that. That bubble. We're talking about things.",Speaker 1,https://reflect-claremont.cablecast.tv/internetchannel/show/8899?site=1&seekto=3561
0:59:39.30,0:59:40.98,3579.30,3580.98,Michelle Pierce,Claremont School Board member,"All right. What is the issue, then?",Speaker 7,https://reflect-claremont.cablecast.tv/internetchannel/show/8899?site=1&seekto=3579
0:59:41.06,0:59:59.38,3581.06,3599.38,Brian Rapp,Claremont School Board Chair,"What? What I've gained from the board is, you know, and I'd like to move on. We'd like to be able to put about 90,000 back in the budget. Okay. And we'll we'll take the technology and equipment  off as a warrant.",Speaker 2,https://reflect-claremont.cablecast.tv/internetchannel/show/8899?site=1&seekto=3581
0:59:59.46,0:59:59.86,3599.46,3599.86,Alex Herzog,Claremont School Board member,I think.,Speaker 8,https://reflect-claremont.cablecast.tv/internetchannel/show/8899?site=1&seekto=3599
0:59:59.90,1:00:01.06,3599.90,3601.06,Brian Rapp,Claremont School Board Chair,You want to keep it on.,Speaker 2,https://reflect-claremont.cablecast.tv/internetchannel/show/8899?site=1&seekto=3599
1:00:01.14,1:00:13.58,3601.14,3613.58,Alex Herzog,Claremont School Board member,"No, I think that move. I'll speak to that. I think that keeps gets us as close to get it giving everybody at this table what they want. I think it's I think it's a great compromise. Okay.",Speaker 8,https://reflect-claremont.cablecast.tv/internetchannel/show/8899?site=1&seekto=3601
1:00:13.66,1:00:17.74,3613.66,3617.74,Brian Rapp,Claremont School Board Chair,So we won't do a technology warrant.,Speaker 2,https://reflect-claremont.cablecast.tv/internetchannel/show/8899?site=1&seekto=3613
1:00:17.82,1:00:19.66,3617.82,3619.66,Alex Herzog,Claremont School Board member,We absorbed into the budget.,Speaker 8,https://reflect-claremont.cablecast.tv/internetchannel/show/8899?site=1&seekto=3617
1:00:19.74,1:00:24.46,3619.74,3624.46,Unidentified,"Unidentified - board member, short remarks (possibly Frank Sprague; hypothesis by elimination only)",So we do a kind of motion.,Speaker 9,https://reflect-claremont.cablecast.tv/internetchannel/show/8899?site=1&seekto=3619
1:00:24.54,1:00:26.18,3624.54,3626.18,Unidentified,"Unidentified - cluster mixes fragments of several voices; its substantive lines ([307], [310], [332], [391], [497]) are a board member, possibly Frank Sprague (hypothesis by elimination only)",A recommendation at this point to.,Speaker 10,https://reflect-claremont.cablecast.tv/internetchannel/show/8899?site=1&seekto=3624
1:00:26.18,1:00:26.54,3626.18,3626.54,Patrick Adrian,Claremont School Board member,The I.,Speaker 5,https://reflect-claremont.cablecast.tv/internetchannel/show/8899?site=1&seekto=3626
1:00:26.54,1:00:30.06,3626.54,3630.06,Unidentified,"Unidentified - cluster mixes fragments of several voices; its substantive lines ([307], [310], [332], [391], [497]) are a board member, possibly Frank Sprague (hypothesis by elimination only)",I don't yeah. We need to lead the board.,Speaker 10,https://reflect-claremont.cablecast.tv/internetchannel/show/8899?site=1&seekto=3626
1:00:30.06,1:00:34.70,3630.06,3634.70,Michael O'Neill,"Business Administrator, SAU 6",And take action to carry a budget forward to the session.,Speaker 4,https://reflect-claremont.cablecast.tv/internetchannel/show/8899?site=1&seekto=3630
1:00:34.78,1:00:44.66,3634.78,3644.66,Unidentified,"Unidentified - cluster mixes fragments of several voices; its substantive lines ([307], [310], [332], [391], [497]) are a board member, possibly Frank Sprague (hypothesis by elimination only)",We do need to ocean. We need to see where the where the projected 892 would go back into the budget. Or is that.,Speaker 10,https://reflect-claremont.cablecast.tv/internetchannel/show/8899?site=1&seekto=3634
1:00:44.70,1:01:02.22,3644.70,3662.22,Michael O'Neill,"Business Administrator, SAU 6","Well, I think that that's just something we would look at some of the things we we cut and try to restore a part of, you know, it just becomes a half  kind of the reverse process we just went through. We identified certain things by importance. And, you know, so we can put that back in realizing that we, you know, we still have the ability to move the money around.",Speaker 4,https://reflect-claremont.cablecast.tv/internetchannel/show/8899?site=1&seekto=3644
1:01:02.22,1:01:06.34,3662.22,3666.34,Michael O'Neill,"Business Administrator, SAU 6",So it's something change between now and when the school starts next year.,Speaker 4,https://reflect-claremont.cablecast.tv/internetchannel/show/8899?site=1&seekto=3662
1:01:06.42,1:01:15.26,3666.42,3675.26,Unidentified,"Unidentified - cluster mixes fragments of several voices; its substantive lines ([307], [310], [332], [391], [497]) are a board member, possibly Frank Sprague (hypothesis by elimination only)","Well, and I would encourage you to do that because you have a better idea of what those priorities are. But a report to us, the board would be beneficial, I think.",Speaker 10,https://reflect-claremont.cablecast.tv/internetchannel/show/8899?site=1&seekto=3666
1:01:15.34,1:01:26.98,3675.34,3686.98,Patrick Adrian,Claremont School Board member,"I imagine the public at 31. So I wanted to kind of speak to, some of the reductions, maybe that would only 5000 good ideas as well.",Speaker 5,https://reflect-claremont.cablecast.tv/internetchannel/show/8899?site=1&seekto=3675
1:01:27.02,1:01:28.38,3687.02,3688.38,Michael O'Neill,"Business Administrator, SAU 6",What they were concerned about.,Speaker 4,https://reflect-claremont.cablecast.tv/internetchannel/show/8899?site=1&seekto=3687
1:01:28.46,1:01:29.94,3688.46,3689.94,Unidentified,"Unidentified - cluster mixes fragments of several voices; its substantive lines ([307], [310], [332], [391], [497]) are a board member, possibly Frank Sprague (hypothesis by elimination only)",Did you want them to talk?,Speaker 10,https://reflect-claremont.cablecast.tv/internetchannel/show/8899?site=1&seekto=3688
1:01:30.02,1:01:41.18,3690.02,3701.18,Patrick Adrian,Claremont School Board member,"No.  Well, no, I do. We I, I, I'm fine. I  would be fine with just putting the money back in and.",Speaker 5,https://reflect-claremont.cablecast.tv/internetchannel/show/8899?site=1&seekto=3690
1:01:41.18,1:01:42.46,3701.18,3702.46,Unidentified,"Unidentified - cluster mixes fragments of several voices; its substantive lines ([307], [310], [332], [391], [497]) are a board member, possibly Frank Sprague (hypothesis by elimination only)",And.,Speaker 10,https://reflect-claremont.cablecast.tv/internetchannel/show/8899?site=1&seekto=3701
1:01:42.54,1:01:58.14,3702.54,3718.14,Patrick Adrian,Claremont School Board member,"I would, I would, I mean, I, you know, I would like to, to take to remove the technology equipment warrant article and to, to take that money, the $89,200 and put that back into the main operating budget.",Speaker 5,https://reflect-claremont.cablecast.tv/internetchannel/show/8899?site=1&seekto=3702
1:01:58.30,1:02:10.78,3718.30,3730.78,Brian Rapp,Claremont School Board Chair,"The the number putting 90,000 back in is 31,000,002 83006.",Speaker 2,https://reflect-claremont.cablecast.tv/internetchannel/show/8899?site=1&seekto=3718
1:02:10.86,1:02:13.70,3730.86,3733.70,Cory LeClair,"Assistant Superintendent, SAU 6","Directing this, put it back in where it needs to go.",Speaker 6,https://reflect-claremont.cablecast.tv/internetchannel/show/8899?site=1&seekto=3730
1:02:13.74,1:02:14.50,3733.74,3734.50,Chris Irish,Claremont School Board Vice Chair,We really can't.,Speaker 1,https://reflect-claremont.cablecast.tv/internetchannel/show/8899?site=1&seekto=3733
1:02:14.54,1:02:14.86,3734.54,3734.86,Brian Rapp,Claremont School Board Chair,Just.,Speaker 2,https://reflect-claremont.cablecast.tv/internetchannel/show/8899?site=1&seekto=3734
1:02:14.86,1:02:19.90,3734.86,3739.90,Cory LeClair,"Assistant Superintendent, SAU 6","Put it and you can always have it. I mean, you gave a recommendation via the letter, so I didn't know if.",Speaker 6,https://reflect-claremont.cablecast.tv/internetchannel/show/8899?site=1&seekto=3734
1:02:19.98,1:02:20.53,3739.98,3740.53,Michael O'Neill,"Business Administrator, SAU 6",You know you.,Speaker 4,https://reflect-claremont.cablecast.tv/internetchannel/show/8899?site=1&seekto=3739
1:02:20.53,1:02:20.70,3740.53,3740.70,Brian Rapp,Claremont School Board Chair,Know.,Speaker 2,https://reflect-claremont.cablecast.tv/internetchannel/show/8899?site=1&seekto=3740
1:02:20.78,1:02:22.58,3740.78,3742.58,Michelle Pierce,Claremont School Board member,Where it's in  for technology.,Speaker 7,https://reflect-claremont.cablecast.tv/internetchannel/show/8899?site=1&seekto=3740
1:02:22.74,1:02:25.06,3742.74,3745.06,Michael O'Neill,"Business Administrator, SAU 6",Is that 99892. Yeah.,Speaker 4,https://reflect-claremont.cablecast.tv/internetchannel/show/8899?site=1&seekto=3742
1:02:25.26,1:02:25.82,3745.26,3745.82,Brian Rapp,Claremont School Board Chair,Even 19.,Speaker 2,https://reflect-claremont.cablecast.tv/internetchannel/show/8899?site=1&seekto=3745
1:02:25.86,1:02:27.58,3745.86,3747.58,Unidentified,"Unidentified - cluster mixes fragments of several voices; its substantive lines ([307], [310], [332], [391], [497]) are a board member, possibly Frank Sprague (hypothesis by elimination only)",89. So 90.,Speaker 10,https://reflect-claremont.cablecast.tv/internetchannel/show/8899?site=1&seekto=3745
1:02:27.66,1:02:28.42,3747.66,3748.42,Michael O'Neill,"Business Administrator, SAU 6",312 80.,Speaker 4,https://reflect-claremont.cablecast.tv/internetchannel/show/8899?site=1&seekto=3747
1:02:28.42,1:02:29.66,3748.42,3749.66,Chris Irish,Claremont School Board Vice Chair,306. Right.,Speaker 1,https://reflect-claremont.cablecast.tv/internetchannel/show/8899?site=1&seekto=3748
1:02:29.70,1:02:31.94,3749.70,3751.94,Unidentified,"Unidentified - cluster mixes fragments of several voices; its substantive lines ([307], [310], [332], [391], [497]) are a board member, possibly Frank Sprague (hypothesis by elimination only)",Yeah.,Speaker 10,https://reflect-claremont.cablecast.tv/internetchannel/show/8899?site=1&seekto=3749
1:02:32.02,1:02:35.02,3752.02,3755.02,Alex Herzog,Claremont School Board member,Yeah. Just we're talking about money. Not not the warrant article.,Speaker 8,https://reflect-claremont.cablecast.tv/internetchannel/show/8899?site=1&seekto=3752
1:02:35.06,1:02:52.94,3755.06,3772.94,Unidentified,"Unidentified - cluster mixes fragments of several voices; its substantive lines ([307], [310], [332], [391], [497]) are a board member, possibly Frank Sprague (hypothesis by elimination only)","Correct. Yeah.  I don't know if I would say the director should be technology. I would say at this point the priorities that you have seen and taken out, if technology is one of those areas. But we just would like to report back when that stuff. Okay, okay. With that I move.",Speaker 10,https://reflect-claremont.cablecast.tv/internetchannel/show/8899?site=1&seekto=3755
1:02:52.94,1:03:04.66,3772.94,3784.66,Alex Herzog,Claremont School Board member,"We restore 90,000 cuts  back to the school administration to, distribute into their lines as they see fit.",Speaker 8,https://reflect-claremont.cablecast.tv/internetchannel/show/8899?site=1&seekto=3772
1:03:04.74,1:03:06.66,3784.74,3786.66,Chris Irish,Claremont School Board Vice Chair,I'll second that.,Speaker 1,https://reflect-claremont.cablecast.tv/internetchannel/show/8899?site=1&seekto=3784
1:03:06.74,1:03:07.74,3786.74,3787.74,Brian Rapp,Claremont School Board Chair,Any further discussion.,Speaker 2,https://reflect-claremont.cablecast.tv/internetchannel/show/8899?site=1&seekto=3786
1:03:07.78,1:03:11.34,3787.78,3791.34,Chris Irish,Claremont School Board Vice Chair,"Do we need to. We're taking the technology Warren article off though, right?",Speaker 1,https://reflect-claremont.cablecast.tv/internetchannel/show/8899?site=1&seekto=3787
1:03:11.54,1:03:12.98,3791.54,3792.98,Brian Rapp,Claremont School Board Chair,Yeah. Well that's already.,Speaker 2,https://reflect-claremont.cablecast.tv/internetchannel/show/8899?site=1&seekto=3791
1:03:13.02,1:03:13.58,3793.02,3793.58,Chris Irish,Claremont School Board Vice Chair,Yeah. Okay.,Speaker 1,https://reflect-claremont.cablecast.tv/internetchannel/show/8899?site=1&seekto=3793
1:03:13.82,1:03:19.26,3793.82,3799.26,Brian Rapp,Claremont School Board Chair,Sounds like any other discussion. All in favor?  Aye.,Speaker 2,https://reflect-claremont.cablecast.tv/internetchannel/show/8899?site=1&seekto=3793
1:03:19.34,1:03:22.14,3799.34,3802.14,Unidentified,"Unidentified - cluster mixes fragments of several voices; its substantive lines ([307], [310], [332], [391], [497]) are a board member, possibly Frank Sprague (hypothesis by elimination only)",Opposed? Okay.,Speaker 10,https://reflect-claremont.cablecast.tv/internetchannel/show/8899?site=1&seekto=3799
1:03:22.22,1:03:23.46,3802.22,3803.46,Brian Rapp,Claremont School Board Chair,"So you get that number, Mike.",Speaker 2,https://reflect-claremont.cablecast.tv/internetchannel/show/8899?site=1&seekto=3802
1:03:23.50,1:03:26.86,3803.50,3806.86,Michael O'Neill,"Business Administrator, SAU 6",31 million. It's more important Mary gets it than I get it.,Speaker 4,https://reflect-claremont.cablecast.tv/internetchannel/show/8899?site=1&seekto=3803
1:03:26.94,1:03:28.30,3806.94,3808.30,Brian Rapp,Claremont School Board Chair,31 million. 280.,Speaker 2,https://reflect-claremont.cablecast.tv/internetchannel/show/8899?site=1&seekto=3806
1:03:28.34,1:03:29.30,3808.34,3809.30,Michelle Pierce,Claremont School Board member,Three.,Speaker 7,https://reflect-claremont.cablecast.tv/internetchannel/show/8899?site=1&seekto=3808
1:03:29.38,1:03:30.74,3809.38,3810.74,Brian Rapp,Claremont School Board Chair,006.,Speaker 2,https://reflect-claremont.cablecast.tv/internetchannel/show/8899?site=1&seekto=3809
1:03:30.82,1:03:33.74,3810.82,3813.74,Michael O'Neill,"Business Administrator, SAU 6",I you got it. Just trying to help you in the middle.,Speaker 4,https://reflect-claremont.cablecast.tv/internetchannel/show/8899?site=1&seekto=3810
1:03:33.82,1:03:35.30,3813.82,3815.30,Michelle Pierce,Claremont School Board member,I can't take any more steps tonight.,Speaker 7,https://reflect-claremont.cablecast.tv/internetchannel/show/8899?site=1&seekto=3813
1:03:35.30,1:03:38.10,3815.30,3818.10,Patrick Adrian,Claremont School Board member,Anything still gonna be done?,Speaker 5,https://reflect-claremont.cablecast.tv/internetchannel/show/8899?site=1&seekto=3815
1:03:38.18,1:03:39.58,3818.18,3819.58,Chris Irish,Claremont School Board Vice Chair,Good. Compromise. No. It's okay.,Speaker 1,https://reflect-claremont.cablecast.tv/internetchannel/show/8899?site=1&seekto=3818
1:03:39.70,1:03:42.42,3819.70,3822.42,Brian Rapp,Claremont School Board Chair,Do you need anything else from us tonight?,Speaker 2,https://reflect-claremont.cablecast.tv/internetchannel/show/8899?site=1&seekto=3819
1:03:42.50,1:03:43.34,3822.50,3823.34,Unidentified,"Unidentified - cluster mixes fragments of several voices; its substantive lines ([307], [310], [332], [391], [497]) are a board member, possibly Frank Sprague (hypothesis by elimination only)",I just want to put it.,Speaker 10,https://reflect-claremont.cablecast.tv/internetchannel/show/8899?site=1&seekto=3822
1:03:43.34,1:03:54.42,3823.34,3834.42,Michael O'Neill,"Business Administrator, SAU 6","Out there. I'm going to. Over the next couple of days, we preparing the forms that we're supposed to get  up on Monday.  So I'll be sending an email to the board probably tomorrow to see if we can set up a time for people to come by and some.",Speaker 4,https://reflect-claremont.cablecast.tv/internetchannel/show/8899?site=1&seekto=3823
1:03:54.50,1:03:55.98,3834.50,3835.98,Brian Rapp,Claremont School Board Chair,People to come by and sign.,Speaker 2,https://reflect-claremont.cablecast.tv/internetchannel/show/8899?site=1&seekto=3834
1:03:56.10,1:04:02.38,3836.10,3842.38,Chris Irish,Claremont School Board Vice Chair,And we need to take an official vote for supporting the Warren articles that are in there. So it says supported by school board. Do we need that vote on that?,Speaker 1,https://reflect-claremont.cablecast.tv/internetchannel/show/8899?site=1&seekto=3836
1:04:02.42,1:04:06.58,3842.42,3846.58,Brian Rapp,Claremont School Board Chair,Yeah. If we when do we deal with us voting on the the Warren articles.,Speaker 2,https://reflect-claremont.cablecast.tv/internetchannel/show/8899?site=1&seekto=3842
1:04:06.62,1:04:13.08,3846.62,3853.08,Michael O'Neill,"Business Administrator, SAU 6",And you can do that now if you want. And then I could put support I mean I'm going to it'll be a draft Warren. Anyway you know.,Speaker 4,https://reflect-claremont.cablecast.tv/internetchannel/show/8899?site=1&seekto=3846
1:04:13.16,1:04:15.70,3853.16,3855.70,Unidentified,"Unidentified - cluster mixes fragments of several voices; its substantive lines ([307], [310], [332], [391], [497]) are a board member, possibly Frank Sprague (hypothesis by elimination only)",I haven't eight meeting February 1st.,Speaker 10,https://reflect-claremont.cablecast.tv/internetchannel/show/8899?site=1&seekto=3853
1:04:15.78,1:04:16.86,3855.78,3856.86,Brian Rapp,Claremont School Board Chair,We can do it on the first.,Speaker 2,https://reflect-claremont.cablecast.tv/internetchannel/show/8899?site=1&seekto=3855
1:04:17.02,1:04:19.34,3857.02,3859.34,Michael O'Neill,"Business Administrator, SAU 6",But we know they've got to be posted by the last day.,Speaker 4,https://reflect-claremont.cablecast.tv/internetchannel/show/8899?site=1&seekto=3857
1:04:19.38,1:04:24.50,3859.38,3864.50,Unidentified,"Unidentified - cluster mixes fragments of several voices; its substantive lines ([307], [310], [332], [391], [497]) are a board member, possibly Frank Sprague (hypothesis by elimination only)",Oh does it. Yeah. Okay. Well there we go.,Speaker 10,https://reflect-claremont.cablecast.tv/internetchannel/show/8899?site=1&seekto=3859
1:04:24.58,1:04:26.78,3864.58,3866.78,Unidentified,"Unidentified - cluster mixes fragments of several voices; its substantive lines ([307], [310], [332], [391], [497]) are a board member, possibly Frank Sprague (hypothesis by elimination only)",Question. Because we've seen.,Speaker 10,https://reflect-claremont.cablecast.tv/internetchannel/show/8899?site=1&seekto=3864
1:04:26.86,1:04:32.58,3866.86,3872.58,Patrick Adrian,Claremont School Board member,I guess near similar or we still going to have like a lot of public to. Yes okay.,Speaker 5,https://reflect-claremont.cablecast.tv/internetchannel/show/8899?site=1&seekto=3866
1:04:32.66,1:04:35.62,3872.66,3875.62,Chris Irish,Claremont School Board Vice Chair,Do we want to.,Speaker 1,https://reflect-claremont.cablecast.tv/internetchannel/show/8899?site=1&seekto=3872
1:04:35.70,1:04:39.18,3875.70,3879.18,Chris Irish,Claremont School Board Vice Chair,Do we need to do official roll call in each one of them or do we do them.,Speaker 1,https://reflect-claremont.cablecast.tv/internetchannel/show/8899?site=1&seekto=3875
1:04:39.26,1:04:42.94,3879.26,3882.94,Michael O'Neill,"Business Administrator, SAU 6",You can accept them all at once. If you if you choose to do so.,Speaker 4,https://reflect-claremont.cablecast.tv/internetchannel/show/8899?site=1&seekto=3879
1:04:43.02,1:04:53.78,3883.02,3893.78,Brian Rapp,Claremont School Board Chair,"I like a motion to accept the  contract.  Maintenance and custodial secretary, security upgrades and roofing improvements.",Speaker 2,https://reflect-claremont.cablecast.tv/internetchannel/show/8899?site=1&seekto=3883
1:04:53.86,1:04:56.70,3893.86,3896.70,Unidentified,"Unidentified - cluster mixes fragments of several voices; its substantive lines ([307], [310], [332], [391], [497]) are a board member, possibly Frank Sprague (hypothesis by elimination only)",So moved.,Speaker 10,https://reflect-claremont.cablecast.tv/internetchannel/show/8899?site=1&seekto=3893
1:04:56.78,1:05:00.06,3896.78,3900.06,Brian Rapp,Claremont School Board Chair,Any other discussion? All in favor?,Speaker 2,https://reflect-claremont.cablecast.tv/internetchannel/show/8899?site=1&seekto=3896
1:05:00.14,1:05:00.62,3900.14,3900.62,Unidentified,"Unidentified - cluster mixes fragments of several voices; its substantive lines ([307], [310], [332], [391], [497]) are a board member, possibly Frank Sprague (hypothesis by elimination only)",Aye.,Speaker 10,https://reflect-claremont.cablecast.tv/internetchannel/show/8899?site=1&seekto=3900
1:05:00.70,1:05:02.74,3900.70,3902.74,Brian Rapp,Claremont School Board Chair,Opposed?,Speaker 2,https://reflect-claremont.cablecast.tv/internetchannel/show/8899?site=1&seekto=3900
1:05:02.82,1:05:08.70,3902.82,3908.70,Chris Irish,Claremont School Board Vice Chair,"Mike, just out of curiosity, when will we know the default budget?",Speaker 1,https://reflect-claremont.cablecast.tv/internetchannel/show/8899?site=1&seekto=3902
1:05:08.78,1:05:14.50,3908.78,3914.50,Michael O'Neill,"Business Administrator, SAU 6",Default budget is.,Speaker 4,https://reflect-claremont.cablecast.tv/internetchannel/show/8899?site=1&seekto=3908
1:05:14.58,1:05:28.90,3914.58,3928.90,Michael O'Neill,"Business Administrator, SAU 6","The default budget is 14. Was $14,282 higher than the proposed budget. Now it's going to be $104,282 higher. So the default budgets 31,000,207 288.",Speaker 4,https://reflect-claremont.cablecast.tv/internetchannel/show/8899?site=1&seekto=3914
1:05:28.98,1:05:31.50,3928.98,3931.50,Michelle Pierce,Claremont School Board member,Awesome. Okay. Awesome job.,Speaker 7,https://reflect-claremont.cablecast.tv/internetchannel/show/8899?site=1&seekto=3928
1:05:31.58,1:05:47.70,3931.58,3947.70,Brian Rapp,Claremont School Board Chair,Anybody that didn't have your questions answered. Would you like to come and speak? Okay.,Speaker 2,https://reflect-claremont.cablecast.tv/internetchannel/show/8899?site=1&seekto=3931
1:05:47.78,1:06:10.62,3947.78,3970.62,Jenny Desert,"Art teacher, Bluff Elementary School, public commenter (surname as heard by ASR 'Desert'; called 'Mrs. D'; spelling unverified)","So thank you for giving me the chance to speak. My name is Jenny Desert. I'm the art teacher at Bluff Elementary School.  I would love to say that I'm excited that my job is still intact for next year, but, I'm kind of confused with what went down, so we'll just see how it all plays out. But I wanted to, talk on behalf of the specials and what it is that we actually do in the school system.",Speaker 11,https://reflect-claremont.cablecast.tv/internetchannel/show/8899?site=1&seekto=3947
1:06:10.62,1:06:33.86,3970.62,3993.86,Jenny Desert,"Art teacher, Bluff Elementary School, public commenter (surname as heard by ASR 'Desert'; called 'Mrs. D'; spelling unverified)","So that way you're aware that it's more than just teaching a class or teaching an art class. And vice versa. So I wrote it all out because that's just how I roll.  And, we'll go with that. So our students deserve the best. I have written what I'd like to say to the board tonight many times, like a ton of times, I've approached it in many different ways.",Speaker 11,https://reflect-claremont.cablecast.tv/internetchannel/show/8899?site=1&seekto=3970
1:06:34.06,1:06:56.66,3994.06,4016.66,Jenny Desert,"Art teacher, Bluff Elementary School, public commenter (surname as heard by ASR 'Desert'; called 'Mrs. D'; spelling unverified)","However, the common thread has been how this will affect our children and the impact it will have on their education.  So that is what I want to focus on. This town wishes for outlets for our students, ways for them to gain self-confidence and pride so they'll continue on a road to success by cutting the things and the people that empower them, inspire them, support them, teach them, and love them.",Speaker 11,https://reflect-claremont.cablecast.tv/internetchannel/show/8899?site=1&seekto=3994
1:06:56.74,1:07:17.66,4016.74,4037.66,Jenny Desert,"Art teacher, Bluff Elementary School, public commenter (surname as heard by ASR 'Desert'; called 'Mrs. D'; spelling unverified)","You're in fact doing exactly the opposite. As a specialist in this district, I'd like you to be aware that I impact our students in many different ways. All of the specials at Bluff Library, music, PE, and myself impact the students in many different ways.  I alone, I teach art. This means I help your students think outside the box.",Speaker 11,https://reflect-claremont.cablecast.tv/internetchannel/show/8899?site=1&seekto=4016
1:07:17.86,1:07:37.86,4037.86,4057.86,Jenny Desert,"Art teacher, Bluff Elementary School, public commenter (surname as heard by ASR 'Desert'; called 'Mrs. D'; spelling unverified)","I build their self-confidence, excite them to be creative. I challenge them to reach beyond themselves. I integrate the core subjects into their lessons so that they can learn in a different kind of way. Coming to art is not a scary place. Coming to art is somewhere where they feel successful in their every day. I display their efforts in and out of the school building.",Speaker 11,https://reflect-claremont.cablecast.tv/internetchannel/show/8899?site=1&seekto=4037
1:07:37.94,1:07:59.94,4057.94,4079.94,Jenny Desert,"Art teacher, Bluff Elementary School, public commenter (surname as heard by ASR 'Desert'; called 'Mrs. D'; spelling unverified)","I make them who they are. I also teach math. I work with groups of children daily, adapting lessons to their levels and instructing them in a more one on one type of setting. We track their growth, and high five is a grasp concepts that have been challenging to them in their regular ed classrooms. I work with a classroom teacher to be sure that the students are on track and moving in the right direction.",Speaker 11,https://reflect-claremont.cablecast.tv/internetchannel/show/8899?site=1&seekto=4057
1:08:00.02,1:08:26.78,4080.02,4106.78,Jenny Desert,"Art teacher, Bluff Elementary School, public commenter (surname as heard by ASR 'Desert'; called 'Mrs. D'; spelling unverified)","I teach reading, I work with a set of group set group of kindergarten students daily. I teach them to read. I celebrate when they recognize a letter, a sound, and we dance when they master a book. I tracked the student's progress and prepare them for the foundation of their education. I teach technology. I helped to create and implement the curriculum that is being taught currently at our elementary grade levels in this district, from grades K through five.",Speaker 11,https://reflect-claremont.cablecast.tv/internetchannel/show/8899?site=1&seekto=4080
1:08:26.82,1:08:49.42,4106.82,4129.42,Jenny Desert,"Art teacher, Bluff Elementary School, public commenter (surname as heard by ASR 'Desert'; called 'Mrs. D'; spelling unverified)","I work with children to better their computer skills typing, web, Google docs, portfolio building, hours of code, test practice, common sense, media, and computer knowledge. Those are all taught in my technology classes. This plays an integral part in their overall testing and data collecting. The implementation of structured recess. As a specialist, I help to develop how this works.",Speaker 11,https://reflect-claremont.cablecast.tv/internetchannel/show/8899?site=1&seekto=4106
1:08:49.54,1:09:14.54,4129.54,4154.54,Jenny Desert,"Art teacher, Bluff Elementary School, public commenter (surname as heard by ASR 'Desert'; called 'Mrs. D'; spelling unverified)","Every day I'm outside with your students, keeping them engaged, active and reminding them how to be kind. I teach science as part of the Bluff School Science Initiative. I've carried out the building of the art aspect into the science curriculum. We as a bluff staff engage in science weeks, where every aspect of the child's education revolves around science in different forms, from building roller coasters for gravity to creating rainbow rainstorms in a jar.",Speaker 11,https://reflect-claremont.cablecast.tv/internetchannel/show/8899?site=1&seekto=4129
1:09:14.62,1:09:38.02,4154.62,4178.02,Jenny Desert,"Art teacher, Bluff Elementary School, public commenter (surname as heard by ASR 'Desert'; called 'Mrs. D'; spelling unverified)","I embrace this part of bluff with both excitement and passion, by taking this position and turning it into a .82 percent position. You'll be taking away a lot more than just a few hours of my day. You'll be taking away small group math and reading instructions. You'd be taking away technology lessons, test prep. I ready support science lessons every time a child is sick.",Speaker 11,https://reflect-claremont.cablecast.tv/internetchannel/show/8899?site=1&seekto=4154
1:09:38.10,1:10:03.14,4178.10,4203.14,Jenny Desert,"Art teacher, Bluff Elementary School, public commenter (surname as heard by ASR 'Desert'; called 'Mrs. D'; spelling unverified)","They need time to make up their work. That extra art time for students who are out sick that would no longer be their structured recess support, and above all, a consistent human being that cares for every single one of the children at Bluff Elementary School. I invested 100% to my profession, to my students, and to this community. I've made sacrifices to stay here, and I'll continue to do that as long as my position remains.",Speaker 11,https://reflect-claremont.cablecast.tv/internetchannel/show/8899?site=1&seekto=4178
1:10:03.22,1:10:24.22,4203.22,4224.22,Jenny Desert,"Art teacher, Bluff Elementary School, public commenter (surname as heard by ASR 'Desert'; called 'Mrs. D'; spelling unverified)","My goal is to retire from Claremont, to have a career where I know I help children succeed, feel important and inspired. The students here deserve teachers that are vested in all areas of their growth, who support them and in and out of the classroom. From traveling to spelling bees, watching soccer games, helping a girl tie her hair back up.",Speaker 11,https://reflect-claremont.cablecast.tv/internetchannel/show/8899?site=1&seekto=4203
1:10:24.30,1:10:46.90,4224.30,4246.90,Jenny Desert,"Art teacher, Bluff Elementary School, public commenter (surname as heard by ASR 'Desert'; called 'Mrs. D'; spelling unverified)","They deserve consistency, dedication, and teachers that are there for them full time. If cutting this position is based solely on the need to lower a budget, then I feel strongly that with the children as our focus that the board and our administration can in fact search out other methods of district cutting, other areas that will not impact an entire school of children to this degree.",Speaker 11,https://reflect-claremont.cablecast.tv/internetchannel/show/8899?site=1&seekto=4224
1:10:46.98,1:10:49.54,4246.98,4249.54,Jenny Desert,"Art teacher, Bluff Elementary School, public commenter (surname as heard by ASR 'Desert'; called 'Mrs. D'; spelling unverified)",And that I thank you for listening to.,Speaker 11,https://reflect-claremont.cablecast.tv/internetchannel/show/8899?site=1&seekto=4246
1:10:49.62,1:10:52.02,4249.62,4252.02,Unidentified,Unidentified - cluster mixes short thanks and motions from several board members,Thank you. Thank you.,Speaker 12,https://reflect-claremont.cablecast.tv/internetchannel/show/8899?site=1&seekto=4249
1:10:52.10,1:10:55.18,4252.10,4255.18,Unidentified,"Unidentified - cluster mixes fragments of several voices; its substantive lines ([307], [310], [332], [391], [497]) are a board member, possibly Frank Sprague (hypothesis by elimination only)",Sure. What is your day look like? How many?,Speaker 10,https://reflect-claremont.cablecast.tv/internetchannel/show/8899?site=1&seekto=4252
1:10:55.26,1:10:55.98,4255.26,4255.98,Alex Herzog,Claremont School Board member,So. So you.,Speaker 8,https://reflect-claremont.cablecast.tv/internetchannel/show/8899?site=1&seekto=4255
1:10:55.98,1:10:56.58,4255.98,4256.58,Unidentified,"Unidentified - cluster mixes fragments of several voices; its substantive lines ([307], [310], [332], [391], [497]) are a board member, possibly Frank Sprague (hypothesis by elimination only)",Do.,Speaker 10,https://reflect-claremont.cablecast.tv/internetchannel/show/8899?site=1&seekto=4255
1:10:56.66,1:11:00.86,4256.66,4260.86,Alex Herzog,Claremont School Board member,You do art for some kids and then you do some supports for other kids. So what is.,Speaker 8,https://reflect-claremont.cablecast.tv/internetchannel/show/8899?site=1&seekto=4256
1:11:00.86,1:11:03.42,4260.86,4263.42,Unidentified,"Unidentified - cluster mixes fragments of several voices; its substantive lines ([307], [310], [332], [391], [497]) are a board member, possibly Frank Sprague (hypothesis by elimination only)",Your day like?,Speaker 10,https://reflect-claremont.cablecast.tv/internetchannel/show/8899?site=1&seekto=4260
1:11:03.50,1:11:08.78,4263.50,4268.78,Jenny Desert,"Art teacher, Bluff Elementary School, public commenter (surname as heard by ASR 'Desert'; called 'Mrs. D'; spelling unverified)","Well, tomorrow  I will have a second grade art class, and then I have.",Speaker 11,https://reflect-claremont.cablecast.tv/internetchannel/show/8899?site=1&seekto=4263
1:11:08.86,1:11:09.82,4268.86,4269.82,Alex Herzog,Claremont School Board member,How long are the classes?,Speaker 8,https://reflect-claremont.cablecast.tv/internetchannel/show/8899?site=1&seekto=4268
1:11:09.86,1:11:10.34,4269.86,4270.34,Jenny Desert,"Art teacher, Bluff Elementary School, public commenter (surname as heard by ASR 'Desert'; called 'Mrs. D'; spelling unverified)",An hour.,Speaker 11,https://reflect-claremont.cablecast.tv/internetchannel/show/8899?site=1&seekto=4269
1:11:10.38,1:11:10.82,4270.38,4270.82,Unidentified,"Unidentified - cluster mixes fragments of several voices; its substantive lines ([307], [310], [332], [391], [497]) are a board member, possibly Frank Sprague (hypothesis by elimination only)",Okay.,Speaker 10,https://reflect-claremont.cablecast.tv/internetchannel/show/8899?site=1&seekto=4270
1:11:10.94,1:11:41.66,4270.94,4301.66,Jenny Desert,"Art teacher, Bluff Elementary School, public commenter (surname as heard by ASR 'Desert'; called 'Mrs. D'; spelling unverified)","And then I have a reading intervention with kindergarten for a half hour. And then I do math intervention with the older students for a half hour.  And then I teach, three regular  ed art classes.  And then  on other days there, my technology days where I will teach technology for four different classes. And in that I'm also teaching the kindergarten reading intervention and the math intervention for fifth graders.",Speaker 11,https://reflect-claremont.cablecast.tv/internetchannel/show/8899?site=1&seekto=4270
1:11:41.74,1:12:03.62,4301.74,4323.62,Jenny Desert,"Art teacher, Bluff Elementary School, public commenter (surname as heard by ASR 'Desert'; called 'Mrs. D'; spelling unverified)","We have recess duty every day, all the specials, so that we were out there integrating the structured recess.  We're all hands on deck.  It's not. It used to be when I first started teaching, you would go in and you would teach your art lessons, and then that was it. If there was extra time in the schedule, you could hang up artwork.",Speaker 11,https://reflect-claremont.cablecast.tv/internetchannel/show/8899?site=1&seekto=4301
1:12:03.82,1:12:24.60,4323.82,4344.60,Jenny Desert,"Art teacher, Bluff Elementary School, public commenter (surname as heard by ASR 'Desert'; called 'Mrs. D'; spelling unverified)","You could work with students to do other things. You could have them in at lunch because paras or someone else cover those recesses. But that's it's not like that anymore. When you're when you're a teacher, it doesn't matter what your title is, whether you're a classroom teacher or specialist teacher, you're all hands on deck. And I feel at bluff, we have the ability to do that.",Speaker 11,https://reflect-claremont.cablecast.tv/internetchannel/show/8899?site=1&seekto=4323
1:12:24.62,1:12:45.46,4344.62,4365.46,Jenny Desert,"Art teacher, Bluff Elementary School, public commenter (surname as heard by ASR 'Desert'; called 'Mrs. D'; spelling unverified)","We're a smaller school in the sense that our numbers are a little less, but we're we're tight. We don't have as many paras as we need. We don't have as many technology teachers as we need. But that need has been filled by us, and it works and it's perfect. The kids feel comfortable coming to me for math intervention.",Speaker 11,https://reflect-claremont.cablecast.tv/internetchannel/show/8899?site=1&seekto=4344
1:12:45.54,1:13:06.26,4365.54,4386.26,Jenny Desert,"Art teacher, Bluff Elementary School, public commenter (surname as heard by ASR 'Desert'; called 'Mrs. D'; spelling unverified)","They're respectful. They there's no they don't fear it. It's it's exciting kindergarten. It's amazing when they come in for reading because now I'm their reading teacher and on their art teacher,  and I'm out there for recess to see them like we're everywhere. We're a constant for them and for so many of those kids, that's what they need.",Speaker 11,https://reflect-claremont.cablecast.tv/internetchannel/show/8899?site=1&seekto=4365
1:13:06.34,1:13:11.50,4386.34,4391.50,Unidentified,"Unidentified - cluster mixes fragments of several voices; its substantive lines ([307], [310], [332], [391], [497]) are a board member, possibly Frank Sprague (hypothesis by elimination only)",Thank you.,Speaker 10,https://reflect-claremont.cablecast.tv/internetchannel/show/8899?site=1&seekto=4386
1:13:11.58,1:13:17.46,4391.58,4397.46,Michelle Pierce,Claremont School Board member,"Thank you for that. You brought back to us tonight. You're not touching any personnel meeting. None of the specials, either. Correct?",Speaker 7,https://reflect-claremont.cablecast.tv/internetchannel/show/8899?site=1&seekto=4391
1:13:17.54,1:13:20.50,4397.54,4400.50,Unidentified,"Unidentified - cluster mixes fragments of several voices; its substantive lines ([307], [310], [332], [391], [497]) are a board member, possibly Frank Sprague (hypothesis by elimination only)","Teachers, no teaching teachers? No.",Speaker 10,https://reflect-claremont.cablecast.tv/internetchannel/show/8899?site=1&seekto=4397
1:13:20.58,1:13:22.18,4400.58,4402.18,Middleton McGoodwin,"Superintendent, SAU 6",No teaching personnel.,Speaker 3,https://reflect-claremont.cablecast.tv/internetchannel/show/8899?site=1&seekto=4400
1:13:22.26,1:13:27.18,4402.26,4407.18,Michelle Pierce,Claremont School Board member,"So I'm just checking because I hear is I hear the word special, which doesn't stimulate.",Speaker 7,https://reflect-claremont.cablecast.tv/internetchannel/show/8899?site=1&seekto=4402
1:13:27.42,1:13:31.02,4407.42,4411.02,Middleton McGoodwin,"Superintendent, SAU 6",A teacher that music art is specialists.,Speaker 3,https://reflect-claremont.cablecast.tv/internetchannel/show/8899?site=1&seekto=4407
1:13:31.14,1:13:35.94,4411.14,4415.94,Michelle Pierce,Claremont School Board member,"So you still do have a job. Very nice job, by the way. Thank you.",Speaker 7,https://reflect-claremont.cablecast.tv/internetchannel/show/8899?site=1&seekto=4411
1:13:36.02,1:13:39.05,4416.02,4419.05,Chris Irish,Claremont School Board Vice Chair,"Thanks for staying, Nick.",Speaker 1,https://reflect-claremont.cablecast.tv/internetchannel/show/8899?site=1&seekto=4416
1:13:39.13,1:13:43.14,4419.13,4423.14,Unidentified,"Unidentified - cluster mixes fragments of several voices; its substantive lines ([307], [310], [332], [391], [497]) are a board member, possibly Frank Sprague (hypothesis by elimination only)",What was this guy?,Speaker 10,https://reflect-claremont.cablecast.tv/internetchannel/show/8899?site=1&seekto=4419
1:13:43.22,1:13:43.90,4423.22,4423.90,Middleton McGoodwin,"Superintendent, SAU 6",Nick.,Speaker 3,https://reflect-claremont.cablecast.tv/internetchannel/show/8899?site=1&seekto=4423
1:13:43.98,1:13:55.18,4423.98,4435.18,Nick,"Public commenter, Ward 3 (first name only on record)",Ward three. I have a question. Because I hear the superintendent say no teaching positions. So does that affect Mr. Subtle at all?,Speaker 13,https://reflect-claremont.cablecast.tv/internetchannel/show/8899?site=1&seekto=4423
1:13:55.26,1:13:57.26,4435.26,4437.26,Unidentified,"Unidentified - cluster mixes fragments of several voices; its substantive lines ([307], [310], [332], [391], [497]) are a board member, possibly Frank Sprague (hypothesis by elimination only)","No  no no, no, that that.",Speaker 10,https://reflect-claremont.cablecast.tv/internetchannel/show/8899?site=1&seekto=4435
1:13:57.26,1:13:59.34,4437.26,4439.34,Middleton McGoodwin,"Superintendent, SAU 6",Was that has been taken off the table.,Speaker 3,https://reflect-claremont.cablecast.tv/internetchannel/show/8899?site=1&seekto=4437
1:13:59.42,1:14:00.70,4439.42,4440.70,Unidentified,Unidentified - cluster mixes short thanks and motions from several board members,Okay.,Speaker 12,https://reflect-claremont.cablecast.tv/internetchannel/show/8899?site=1&seekto=4439
1:14:00.78,1:14:06.94,4440.78,4446.94,Nick,"Public commenter, Ward 3 (first name only on record)",I just want to speak briefly on.,Speaker 13,https://reflect-claremont.cablecast.tv/internetchannel/show/8899?site=1&seekto=4440
1:14:07.02,1:14:07.66,4447.02,4447.66,Chris Irish,Claremont School Board Vice Chair,Somebody.,Speaker 1,https://reflect-claremont.cablecast.tv/internetchannel/show/8899?site=1&seekto=4447
1:14:07.74,1:14:49.66,4447.74,4489.66,Nick,"Public commenter, Ward 3 (first name only on record)","I wanted to say I would highly encourage you not to do anything that impacts the arts in your schools, have represented the creative economy on the governor's task force, and have worked in the arts for many years. The arts have a huge impact on a child's life and is sometimes the most meaningful development of expression. You currently have a conduit for community children to express creativity and emotion on the side of  on the city side of things, I could have sealed in an envelope the prediction of the increase in arts in our community on an adult level, with makerspace coming online and the potential for spin off of artisan shops from that have",Speaker 13,https://reflect-claremont.cablecast.tv/internetchannel/show/8899?site=1&seekto=4447
1:14:49.66,1:15:18.42,4489.66,4518.42,Nick,"Public commenter, Ward 3 (first name only on record)","had conversations with local economic development and economic development directors in Portsmouth. It would be important to shepherd all of those efforts, starting at a youth level, on a personal level, have had the experience or pleasure of the experience. The impact that Mrs. D as students caller, have on their lives. And I would encourage you now and in the future to not sacrifice anything to do with the arts to save a buck.",Speaker 13,https://reflect-claremont.cablecast.tv/internetchannel/show/8899?site=1&seekto=4489
1:15:18.50,1:15:42.10,4518.50,4542.10,Nick,"Public commenter, Ward 3 (first name only on record)","That being said, I do have a question and I'm very confused at what just occurred, because it would appear to me that, you were trying to meet a number that didn't reach a dangerous level that the superintendent cut at a request, but to get that number back in, you pulled the funds from a warrant article to go into it.",Speaker 13,https://reflect-claremont.cablecast.tv/internetchannel/show/8899?site=1&seekto=4518
1:15:42.10,1:16:01.42,4542.10,4561.42,Nick,"Public commenter, Ward 3 (first name only on record)","So I guess as somebody that will vote on this, I don't know what just happened, because it looks to me that the numbers back in and money will filter back where it needs to. But what does that do to the technology upgrade?  Does that happen, or is that.",Speaker 13,https://reflect-claremont.cablecast.tv/internetchannel/show/8899?site=1&seekto=4542
1:16:01.50,1:16:03.50,4561.50,4563.50,Brian Rapp,Claremont School Board Chair,Some things are going to be put off?,Speaker 2,https://reflect-claremont.cablecast.tv/internetchannel/show/8899?site=1&seekto=4561
1:16:03.58,1:16:04.06,4563.58,4564.06,Unidentified,Unidentified - cluster mixes short thanks and motions from several board members,Okay?,Speaker 12,https://reflect-claremont.cablecast.tv/internetchannel/show/8899?site=1&seekto=4563
1:16:04.18,1:16:07.12,4564.18,4567.12,Michelle Pierce,Claremont School Board member,I think.,Speaker 7,https://reflect-claremont.cablecast.tv/internetchannel/show/8899?site=1&seekto=4564
1:16:07.20,1:16:20.44,4567.20,4580.44,Michael O'Neill,"Business Administrator, SAU 6","I think that it is going to be technology, but it may not all go to technology, you know, but but I would say at least half of it will, because I know that there was a concern that we were taking too much out of technology. That's why the war nautical came to be.",Speaker 4,https://reflect-claremont.cablecast.tv/internetchannel/show/8899?site=1&seekto=4567
1:16:20.52,1:16:21.32,4580.52,4581.32,Unidentified,"Unidentified - cluster mixes fragments of several voices; its substantive lines ([307], [310], [332], [391], [497]) are a board member, possibly Frank Sprague (hypothesis by elimination only)",So that's.,Speaker 10,https://reflect-claremont.cablecast.tv/internetchannel/show/8899?site=1&seekto=4580
1:16:21.32,1:16:46.36,4581.32,4606.36,Nick,"Public commenter, Ward 3 (first name only on record)","Just concerning to me, because then I would ask the question, did it ever need to be a warrant article to begin with?  And if it has to do with technology, I think that yes, it should be there for the citizens to vote on if they they want to invest that money or not, because now they only have the option to potentially have their tax dollar go into that or not.",Speaker 13,https://reflect-claremont.cablecast.tv/internetchannel/show/8899?site=1&seekto=4581
1:16:46.44,1:16:50.36,4606.44,4610.36,Nick,"Public commenter, Ward 3 (first name only on record)",You don't really have that much of a say. So thank you.,Speaker 13,https://reflect-claremont.cablecast.tv/internetchannel/show/8899?site=1&seekto=4606
1:16:50.60,1:16:54.36,4610.60,4614.36,Unidentified,Unidentified - cluster mixes short thanks and motions from several board members,"Thanks, thanks.",Speaker 12,https://reflect-claremont.cablecast.tv/internetchannel/show/8899?site=1&seekto=4610
1:16:54.44,1:16:59.36,4614.44,4619.36,Brian Rapp,Claremont School Board Chair,Anybody else?,Speaker 2,https://reflect-claremont.cablecast.tv/internetchannel/show/8899?site=1&seekto=4614
1:16:59.44,1:17:01.96,4619.44,4621.96,Unidentified,"Unidentified - cluster mixes fragments of several voices; its substantive lines ([307], [310], [332], [391], [497]) are a board member, possibly Frank Sprague (hypothesis by elimination only)",Something.,Speaker 10,https://reflect-claremont.cablecast.tv/internetchannel/show/8899?site=1&seekto=4619
1:17:02.04,1:17:22.32,4622.04,4642.32,Patrick Adrian,Claremont School Board member,"And I'm glad to hear that we've restored those. But so one of the things I noticed, I think talking to I've been talking to, to parent between parents, even teachers, some of the people that are here tonight,",Speaker 5,https://reflect-claremont.cablecast.tv/internetchannel/show/8899?site=1&seekto=4622
1:17:22.40,1:17:56.32,4642.40,4676.32,Patrick Adrian,Claremont School Board member,"Is. And honestly, even when listening to some of our, you know, administrators and I think, you know, we're talking about what it seems to really upset people. It's it's it always seems to be,  kind of more than dollars a sense. It's when we talk about these things like art, music, p these things that I think people worry that we kids are losing, that love  for learning that that.",Speaker 5,https://reflect-claremont.cablecast.tv/internetchannel/show/8899?site=1&seekto=4642
1:17:56.40,1:18:02.92,4676.40,4682.92,Patrick Adrian,Claremont School Board member,And I think that that's something that we cannot lose.,Speaker 5,https://reflect-claremont.cablecast.tv/internetchannel/show/8899?site=1&seekto=4676
1:18:03.00,1:18:32.84,4683.00,4712.84,Patrick Adrian,Claremont School Board member,"The attitude a child has towards learning probably does is more important, has will have more influence on their success and growth than anything else we can possibly do. And it's, you know, I wish I wish that people could, could see how we  are when we  are in our strategic planning committee and we're sitting, talking about like what we would like education to look like.",Speaker 5,https://reflect-claremont.cablecast.tv/internetchannel/show/8899?site=1&seekto=4683
1:18:33.04,1:18:57.92,4713.04,4737.92,Patrick Adrian,Claremont School Board member,"And I think when we really talk about what energizes us and makes us passionate about education and thinking about what makes kids passionate about education, it's all those things. It's and I think those are things that we wish we could be doing. And the thing is, we sometimes we get frustrated. We feel like we aren't doing it enough.",Speaker 5,https://reflect-claremont.cablecast.tv/internetchannel/show/8899?site=1&seekto=4713
1:18:58.00,1:19:27.84,4738.00,4767.84,Patrick Adrian,Claremont School Board member,"So it's just something that I think, especially as we're looking at this, I think that we need to start taking risks and looking at, you know, where we are. I think sometimes going in a direction where we're losing focus on, I think, the whole child. And honestly, I know we're not the only district, but every time I hear the words art and music and P and put it called specials, it makes my heart cry.",Speaker 5,https://reflect-claremont.cablecast.tv/internetchannel/show/8899?site=1&seekto=4738
1:19:27.92,1:19:38.04,4767.92,4778.04,Patrick Adrian,Claremont School Board member,I wish we'd get rid of that word. I think just I don't know where it came from. Just  want to go on the record with that one.,Speaker 5,https://reflect-claremont.cablecast.tv/internetchannel/show/8899?site=1&seekto=4767
1:19:38.12,1:19:38.88,4778.12,4778.88,Unidentified,"Unidentified - cluster mixes fragments of several voices; its substantive lines ([307], [310], [332], [391], [497]) are a board member, possibly Frank Sprague (hypothesis by elimination only)",I have.,Speaker 10,https://reflect-claremont.cablecast.tv/internetchannel/show/8899?site=1&seekto=4778
1:19:39.12,1:19:39.64,4779.12,4779.64,Middleton McGoodwin,"Superintendent, SAU 6",You've heard me.,Speaker 3,https://reflect-claremont.cablecast.tv/internetchannel/show/8899?site=1&seekto=4779
1:19:39.68,1:19:39.84,4779.68,4779.84,Unidentified,"Unidentified - cluster mixes fragments of several voices; its substantive lines ([307], [310], [332], [391], [497]) are a board member, possibly Frank Sprague (hypothesis by elimination only)",Talk.,Speaker 10,https://reflect-claremont.cablecast.tv/internetchannel/show/8899?site=1&seekto=4779
1:19:39.88,1:19:54.52,4779.88,4794.52,Middleton McGoodwin,"Superintendent, SAU 6","About the three A's, the academics, the arts, the athletics,  the whole child. Mrs. D, I've watched her for several years. She's stellar.",Speaker 3,https://reflect-claremont.cablecast.tv/internetchannel/show/8899?site=1&seekto=4779
1:19:54.60,1:20:02.56,4794.60,4802.56,Middleton McGoodwin,"Superintendent, SAU 6",Here's the issue. The issue is declining enrollment and declining funding.,Speaker 3,https://reflect-claremont.cablecast.tv/internetchannel/show/8899?site=1&seekto=4794
1:20:02.64,1:20:28.84,4802.64,4828.84,Middleton McGoodwin,"Superintendent, SAU 6","And our teacher, a teacher, their objective is arts is physical education. But when we hire a person to do that job, and they do it beautifully, but we don't have enough students for the person to do it full time. Do we have the financial backing to have a wonderful art teacher or a wonderful music teacher now become another type of teacher?",Speaker 3,https://reflect-claremont.cablecast.tv/internetchannel/show/8899?site=1&seekto=4802
1:20:28.92,1:20:55.20,4828.92,4855.20,Middleton McGoodwin,"Superintendent, SAU 6","It's wonderful, but it's very expensive. It's not about the professionals. So we're not reducing the art, but we're we are paying a full time teacher who doesn't have access to children to be that full time content teacher. That's what it was about. I'm not trying to defend it, and I understand the passion,  but it's about lack of funding.",Speaker 3,https://reflect-claremont.cablecast.tv/internetchannel/show/8899?site=1&seekto=4828
1:20:55.28,1:21:29.20,4855.28,4889.20,Middleton McGoodwin,"Superintendent, SAU 6","And you heard me say the budget increased 15,000 this year, $15,000 fixed costs, salaries much more than that. How did we do it, Patrick? By internally reducing and we've been doing that year after year. We've got a point where we're getting dry and I think really are dry. Now with this budget for fiscal year 18. That's why I said don't think this is the way of fixing it year after year, because it's not because it's dry.",Speaker 3,https://reflect-claremont.cablecast.tv/internetchannel/show/8899?site=1&seekto=4855
1:21:29.28,1:21:57.32,4889.28,4917.32,Patrick Adrian,Claremont School Board member,"Yeah. And thank you. And I, I didn't mean to make that as a I didn't even mean to say that it's a budget Terry issue. Like I said, we have to have we are going to have to make difficult choices this year, next year. I just meant just generally speaking, I think going forward, I think it's just sometimes important for us to kind of step back and, and remember that education.",Speaker 5,https://reflect-claremont.cablecast.tv/internetchannel/show/8899?site=1&seekto=4889
1:21:57.48,1:22:15.80,4917.48,4935.80,Patrick Adrian,Claremont School Board member,"It it's, you know, it seems like we start turning it so much into we get caught up into, thinking about it as this, you know, we're training kids towards, you know, job, the job market.",Speaker 5,https://reflect-claremont.cablecast.tv/internetchannel/show/8899?site=1&seekto=4917
1:22:15.80,1:22:47.24,4935.80,4967.24,Patrick Adrian,Claremont School Board member,"And we're trying to get data and we're trying to get to certain numbers. And that's and that that's a lot of that's kind of coming from other larger influences. But I think just, you know, that's why I love about the about our kind of, you know, our five year planning committee is that we're looking at what we can do as a district to kind of, you know, in terms of a in revolutionizing education, what we can do.",Speaker 5,https://reflect-claremont.cablecast.tv/internetchannel/show/8899?site=1&seekto=4935
1:22:47.32,1:22:52.16,4967.32,4972.16,Patrick Adrian,Claremont School Board member,And I think those are the kind of things. Thank you. That's that's all I just wanted to say.,Speaker 5,https://reflect-claremont.cablecast.tv/internetchannel/show/8899?site=1&seekto=4967
1:22:52.24,1:22:52.52,4972.24,4972.52,Brian Rapp,Claremont School Board Chair,All right.,Speaker 2,https://reflect-claremont.cablecast.tv/internetchannel/show/8899?site=1&seekto=4972
1:22:52.56,1:22:56.72,4972.56,4976.72,Unidentified,Unidentified - cluster mixes short thanks and motions from several board members,Motion to adjourn.,Speaker 12,https://reflect-claremont.cablecast.tv/internetchannel/show/8899?site=1&seekto=4972
1:22:56.80,1:23:04.46,4976.80,4984.46,Unidentified,Unidentified - cluster mixes short thanks and motions from several board members,Sure.,Speaker 12,https://reflect-claremont.cablecast.tv/internetchannel/show/8899?site=1&seekto=4976
1:23:04.54,1:23:28.06,4984.54,5008.06,Jenny Desert,"Art teacher, Bluff Elementary School, public commenter (surname as heard by ASR 'Desert'; called 'Mrs. D'; spelling unverified)","Just a good one. In regards to  the, being able to maintain someone of a high caliber at a .82 percent position, I feel like what that would do would that would  we would have an amazing turnover in our district, more so than what we already have.  I know as an educator, as an art teacher, that what I'm looking for a position.",Speaker 11,https://reflect-claremont.cablecast.tv/internetchannel/show/8899?site=1&seekto=4984
1:23:28.06,1:23:48.54,5008.06,5028.54,Jenny Desert,"Art teacher, Bluff Elementary School, public commenter (surname as heard by ASR 'Desert'; called 'Mrs. D'; spelling unverified)","I'm not looking for a point eight position, I'm looking for a full time position. And if this were to be cut  to that level, no matter which area it is art, music, PE or library, you're going to end up having someone come in to get experience for first one, two, three years and then they're going to move on.",Speaker 11,https://reflect-claremont.cablecast.tv/internetchannel/show/8899?site=1&seekto=5008
1:23:48.62,1:24:19.22,5028.62,5059.22,Jenny Desert,"Art teacher, Bluff Elementary School, public commenter (surname as heard by ASR 'Desert'; called 'Mrs. D'; spelling unverified)","You're not going to retain teachers that want to be here. The teachers that you're retaining right now are the ones that are willing to go and do a little extra right now until the enrollment gets high, because they're willing to stick it out and they're willing to stay here in a community that they've grown to love. So to say that that is something that we need to look at again, I think that there are other choices and other things that we could look at, because right now, the staff you have are 100% dedicated to their students here.",Speaker 11,https://reflect-claremont.cablecast.tv/internetchannel/show/8899?site=1&seekto=5028
1:24:19.30,1:24:19.98,5059.30,5059.98,Jenny Desert,"Art teacher, Bluff Elementary School, public commenter (surname as heard by ASR 'Desert'; called 'Mrs. D'; spelling unverified)",And I thank you.,Speaker 11,https://reflect-claremont.cablecast.tv/internetchannel/show/8899?site=1&seekto=5059
1:24:20.02,1:24:20.46,5060.02,5060.46,Unidentified,"Unidentified - cluster mixes fragments of several voices; its substantive lines ([307], [310], [332], [391], [497]) are a board member, possibly Frank Sprague (hypothesis by elimination only)",Well.,Speaker 10,https://reflect-claremont.cablecast.tv/internetchannel/show/8899?site=1&seekto=5060
1:24:20.54,1:24:45.66,5060.54,5085.66,Brian Rapp,Claremont School Board Chair,"Just I mean, I wouldn't say that Doctor Goodwin isn't dedicated to the teachers and doesn't value you. His job is to do what we ask him to do. We told him we wanted to decrease the budget a certain amount, and in order to get there, they came in with recommendations. And those are certain recommendations. And that's that's it.",Speaker 2,https://reflect-claremont.cablecast.tv/internetchannel/show/8899?site=1&seekto=5060
1:24:45.66,1:24:58.94,5085.66,5098.94,Brian Rapp,Claremont School Board Chair,"That's all they were. And we discussed it. And the administration doesn't always like the fact that they get directives where they have to cut, cut, cut, cut. But that's that's the reality of of where we're where we are.",Speaker 2,https://reflect-claremont.cablecast.tv/internetchannel/show/8899?site=1&seekto=5085
1:24:59.02,1:25:16.02,5099.02,5116.02,Jenny Desert,"Art teacher, Bluff Elementary School, public commenter (surname as heard by ASR 'Desert'; called 'Mrs. D'; spelling unverified)","I guess viewing it. There are other areas that that I foresee, such as not replacing a teacher that retires, not looking at positions where, where there is some retirement happening, where maybe sharing between schools that used to happen before could happen again.",Speaker 11,https://reflect-claremont.cablecast.tv/internetchannel/show/8899?site=1&seekto=5099
1:25:16.10,1:25:19.94,5116.10,5119.94,Brian Rapp,Claremont School Board Chair,So those discussions have all have all happened. Yeah they have.,Speaker 2,https://reflect-claremont.cablecast.tv/internetchannel/show/8899?site=1&seekto=5116
1:25:20.02,1:25:21.30,5120.02,5121.30,Unidentified,"Unidentified - cluster mixes fragments of several voices; its substantive lines ([307], [310], [332], [391], [497]) are a board member, possibly Frank Sprague (hypothesis by elimination only)",I don't.,Speaker 10,https://reflect-claremont.cablecast.tv/internetchannel/show/8899?site=1&seekto=5120
1:25:21.38,1:25:22.18,5121.38,5122.18,Jenny Desert,"Art teacher, Bluff Elementary School, public commenter (surname as heard by ASR 'Desert'; called 'Mrs. D'; spelling unverified)",I don't doubt you.,Speaker 11,https://reflect-claremont.cablecast.tv/internetchannel/show/8899?site=1&seekto=5121
1:25:22.42,1:25:29.90,5122.42,5129.90,Brian Rapp,Claremont School Board Chair,"So it's those are those are all things that we've, we've considered and looked at. And in some cases that's that's happening.",Speaker 2,https://reflect-claremont.cablecast.tv/internetchannel/show/8899?site=1&seekto=5122
1:25:30.00,1:25:30.18,5130.00,5130.18,Unidentified,"Unidentified - cluster mixes fragments of several voices; its substantive lines ([307], [310], [332], [391], [497]) are a board member, possibly Frank Sprague (hypothesis by elimination only)",Yeah.,Speaker 10,https://reflect-claremont.cablecast.tv/internetchannel/show/8899?site=1&seekto=5130
1:25:30.22,1:25:44.54,5130.22,5144.54,Brian Rapp,Claremont School Board Chair,"Well I just it's, it's, there's more to it than just being upset with the administration. It's, it's the board. The board wants the administration to come in and give them their, their, their best, you know, what they think they could do.",Speaker 2,https://reflect-claremont.cablecast.tv/internetchannel/show/8899?site=1&seekto=5130
1:25:44.62,1:25:59.86,5144.62,5159.86,Jenny Desert,"Art teacher, Bluff Elementary School, public commenter (surname as heard by ASR 'Desert'; called 'Mrs. D'; spelling unverified)","Well, I think that that you're viewing it as I'm I'm targeting it. I'm angry and I'm mad. I'm not. But I'm viewing it and I'm trying to present to you that in the best interest of our kiddos, to get someone that's going to stay in our district, that's turning that to a part time position.",Speaker 11,https://reflect-claremont.cablecast.tv/internetchannel/show/8899?site=1&seekto=5144
1:26:00.10,1:26:04.90,5160.10,5164.90,Brian Rapp,Claremont School Board Chair,That's why we we negotiated the contract. We know that we need to get you guys raises.,Speaker 2,https://reflect-claremont.cablecast.tv/internetchannel/show/8899?site=1&seekto=5160
1:26:04.98,1:26:08.62,5164.98,5168.62,Michelle Pierce,Claremont School Board member,That's full time job because.,Speaker 7,https://reflect-claremont.cablecast.tv/internetchannel/show/8899?site=1&seekto=5164
1:26:08.70,1:26:14.42,5168.70,5174.42,Jenny Desert,"Art teacher, Bluff Elementary School, public commenter (surname as heard by ASR 'Desert'; called 'Mrs. D'; spelling unverified)",Right. But what I'm saying is that where you're saying you'd like to revisit it again in a year and that this might not hold.,Speaker 11,https://reflect-claremont.cablecast.tv/internetchannel/show/8899?site=1&seekto=5168
1:26:14.42,1:26:14.90,5174.42,5174.90,Unidentified,"Unidentified - cluster mixes fragments of several voices; its substantive lines ([307], [310], [332], [391], [497]) are a board member, possibly Frank Sprague (hypothesis by elimination only)","On, I.",Speaker 10,https://reflect-claremont.cablecast.tv/internetchannel/show/8899?site=1&seekto=5174
1:26:14.94,1:26:15.46,5174.94,5175.46,Chris Irish,Claremont School Board Vice Chair,Don't think.,Speaker 1,https://reflect-claremont.cablecast.tv/internetchannel/show/8899?site=1&seekto=5174
1:26:15.58,1:26:21.66,5175.58,5181.66,Brian Rapp,Claremont School Board Chair,I don't think they were directing that towards you or your positions. This is about the budget in general.,Speaker 2,https://reflect-claremont.cablecast.tv/internetchannel/show/8899?site=1&seekto=5175
1:26:21.74,1:26:45.30,5181.74,5205.30,Michelle Pierce,Claremont School Board member,"Do it all over again next year. And who says we don't have the same conversation, but we have the same reasoning that we just had tonight where people come up and show us and, and, and the taxpayers have to understand at some point to that, that at some point they're going to have a tax impact, that that might look bad, but it's going to benefit the children in the end, because it's going to retain folks like you and folks like this and folks like that.",Speaker 7,https://reflect-claremont.cablecast.tv/internetchannel/show/8899?site=1&seekto=5181
1:26:45.54,1:26:55.06,5205.54,5215.06,Michelle Pierce,Claremont School Board member,"So I applaud you for doing the extra that you do, because you have my grandson so  special to that.",Speaker 7,https://reflect-claremont.cablecast.tv/internetchannel/show/8899?site=1&seekto=5205
1:26:55.14,1:26:55.94,5215.14,5215.94,Brian Rapp,Claremont School Board Chair,Another comment.,Speaker 2,https://reflect-claremont.cablecast.tv/internetchannel/show/8899?site=1&seekto=5215
1:26:56.06,1:26:58.62,5216.06,5218.62,Unidentified,"Unidentified - cluster mixes fragments of several voices; its substantive lines ([307], [310], [332], [391], [497]) are a board member, possibly Frank Sprague (hypothesis by elimination only)",Second time we first.,Speaker 10,https://reflect-claremont.cablecast.tv/internetchannel/show/8899?site=1&seekto=5216
1:26:58.70,1:27:04.98,5218.70,5224.98,Patrick Adrian,Claremont School Board member,"It's not just about money, if that we're going to lose teachers that we can't secure them.",Speaker 5,https://reflect-claremont.cablecast.tv/internetchannel/show/8899?site=1&seekto=5218
1:27:05.06,1:27:06.50,5225.06,5226.50,Chris Irish,Claremont School Board Vice Chair,"It's not unique to Claremont, that's.",Speaker 1,https://reflect-claremont.cablecast.tv/internetchannel/show/8899?site=1&seekto=5225
1:27:06.50,1:27:07.22,5226.50,5227.22,Unidentified,"Unidentified - cluster mixes fragments of several voices; its substantive lines ([307], [310], [332], [391], [497]) are a board member, possibly Frank Sprague (hypothesis by elimination only)",For sure.,Speaker 10,https://reflect-claremont.cablecast.tv/internetchannel/show/8899?site=1&seekto=5226
1:27:07.30,1:27:07.82,5227.30,5227.82,Michelle Pierce,Claremont School Board member,So we want to.,Speaker 7,https://reflect-claremont.cablecast.tv/internetchannel/show/8899?site=1&seekto=5227
1:27:07.98,1:27:10.82,5227.98,5230.82,Unidentified,Unidentified - cluster mixes short thanks and motions from several board members,Thank you. That's right.,Speaker 12,https://reflect-claremont.cablecast.tv/internetchannel/show/8899?site=1&seekto=5227
1:27:10.90,1:27:17.02,5230.90,5237.02,Brian Rapp,Claremont School Board Chair,"Yes, please.",Speaker 2,https://reflect-claremont.cablecast.tv/internetchannel/show/8899?site=1&seekto=5230
1:27:17.10,1:27:41.02,5237.10,5261.02,Rachel Nagler,"Public commenter, parent of a kindergarten student (name as heard by ASR)",I am Rachel Nagler. I just wanted to say that I appreciate everyone being here. I haven't seen this side of it when I first heard that the arts will be cut. I have a daughter in kindergarten.  I bawled my eyes out. The reason I wrote to you guys. I don't know if you guys got the email. I planned on moving  because I didn't like the taxes.,Speaker 14,https://reflect-claremont.cablecast.tv/internetchannel/show/8899?site=1&seekto=5237
1:27:41.02,1:28:10.06,5261.02,5290.06,Rachel Nagler,"Public commenter, parent of a kindergarten student (name as heard by ASR)","I didn't like this. I didn't like that. There was a lot of negatives I saw. And then I watched my daughter go to miss D  and come out confident and show me her school within a month, hopping down the stairs and taking ownership and pride in something she was state to go to  and every single day. The best part of her day is getting to hug miss D in between passing  or learning something new.",Speaker 14,https://reflect-claremont.cablecast.tv/internetchannel/show/8899?site=1&seekto=5261
1:28:10.14,1:28:18.94,5290.14,5298.94,Rachel Nagler,"Public commenter, parent of a kindergarten student (name as heard by ASR)","In PE. It's not the fundamental things that yes, she enjoys getting to learn, but it's about.",Speaker 14,https://reflect-claremont.cablecast.tv/internetchannel/show/8899?site=1&seekto=5290
1:28:19.02,1:28:41.90,5299.02,5321.90,Rachel Nagler,"Public commenter, parent of a kindergarten student (name as heard by ASR)","That teacher. Everyone had that one teacher. Mine was first grade 22 years ago, Miss Daniels, and I knew I wanted to be her. I wanted to be kind and caring and compassionate and go out of my way to make people feel valued. And that's miss D,  and I respect you guys having to stick to this budget and the state cutting your budget.",Speaker 14,https://reflect-claremont.cablecast.tv/internetchannel/show/8899?site=1&seekto=5299
1:28:41.90,1:29:07.70,5321.90,5347.70,Rachel Nagler,"Public commenter, parent of a kindergarten student (name as heard by ASR)","And that's a horrible spot to be in.  And I really applaud you for trying to work through it, because it's a very emotionally driven thing when there's kids and not wanting to disappoint a town, but anything you can ever do to keep those positions full time,  to have that face that's been there for 14 years, that kids run to and talk to stuff when life gets hard.",Speaker 14,https://reflect-claremont.cablecast.tv/internetchannel/show/8899?site=1&seekto=5321
1:29:07.70,1:29:29.66,5347.70,5369.66,Rachel Nagler,"Public commenter, parent of a kindergarten student (name as heard by ASR)","That's a really important person,  and I  strongly  suggest anything you can always do just keeping in your mind that you had that teacher. We have those teachers. We are so blessed in a school district that we are so strapped for money or we're down our luck. There's a ton of silver lining and she is right there like my daughter.",Speaker 14,https://reflect-claremont.cablecast.tv/internetchannel/show/8899?site=1&seekto=5347
1:29:29.66,1:29:49.62,5369.66,5389.62,Rachel Nagler,"Public commenter, parent of a kindergarten student (name as heard by ASR)","I said, well, how would you feel if Misty wasn't your art teacher? And she drew a little girl crying because she said, she's a sunshine in my school. It's just her. And you can't teach it, you can't buy it. And I really appreciate you guys being so thoughtful to our students because as a mother, I'm not moving because she's here another year.",Speaker 14,https://reflect-claremont.cablecast.tv/internetchannel/show/8899?site=1&seekto=5369
1:29:49.70,1:29:59.86,5389.70,5399.86,Rachel Nagler,"Public commenter, parent of a kindergarten student (name as heard by ASR)",And that is an amazing thing. So I greatly appreciate you guys working really hard  and giving all those kids a very amazing gift. I appreciate it.,Speaker 14,https://reflect-claremont.cablecast.tv/internetchannel/show/8899?site=1&seekto=5389
1:30:00.07,1:30:02.33,5400.07,5402.33,Unidentified,Unidentified - cluster mixes short thanks and motions from several board members,Thank you. Thank you.,Speaker 12,https://reflect-claremont.cablecast.tv/internetchannel/show/8899?site=1&seekto=5400
1:30:02.41,1:30:13.78,5402.41,5413.78,Unidentified,"Unidentified - cluster mixes fragments of several voices; its substantive lines ([307], [310], [332], [391], [497]) are a board member, possibly Frank Sprague (hypothesis by elimination only)","For the last week. And my daughter had missed art because of delayed start. Yeah, tears on my shoulder. So you know it makes an impact.",Speaker 10,https://reflect-claremont.cablecast.tv/internetchannel/show/8899?site=1&seekto=5402
1:30:13.86,1:30:36.82,5413.86,5436.82,Chris Irish,Claremont School Board Vice Chair,"But I think I just need to say to to Brian's point, and this is a very important piece of this process we just went through. This isn't this isn't on Doctor Goodman or the administration. Ultimately, we gave them challenges and we asked them for things as a board because the one thing we have authority to do, our one sole purpose in life is to create and craft a budget.",Speaker 1,https://reflect-claremont.cablecast.tv/internetchannel/show/8899?site=1&seekto=5413
1:30:36.98,1:30:52.34,5436.98,5452.34,Chris Irish,Claremont School Board Vice Chair,"And I said it in the beginning and I really pushed hard for it. I think we've done it is I wanted us to do the heavy lifting. I didn't want them to come to us with a budget cut to the bone and then we say, oh great, you did it. I wanted us to make the hard decisions because that's what we're supposed to do.",Speaker 1,https://reflect-claremont.cablecast.tv/internetchannel/show/8899?site=1&seekto=5436
1:30:52.34,1:31:14.90,5452.34,5474.90,Chris Irish,Claremont School Board Vice Chair,"That's why we get paid the big bucks of nothing. But the point of this exercise is I really wanted that because these people bleed it every day. They're stuck with making it all work, and they see the faces. You know, we get to, we get to see you, and I can't I cannot stress enough the impact of what you guys have done week after week, meeting after meeting, coming here and putting faces on this, because that does make a difference.",Speaker 1,https://reflect-claremont.cablecast.tv/internetchannel/show/8899?site=1&seekto=5452
1:31:14.90,1:31:35.78,5474.90,5495.78,Chris Irish,Claremont School Board Vice Chair,"But when above all else is there in this every day, all day, that's their world. We see it once a month. And this is, you know, we're the ones that have to make the hard decisions and take the arrows for it,  not them. They're just going with what we're giving them. So but this has been an amazing team process and it is what it is.",Speaker 1,https://reflect-claremont.cablecast.tv/internetchannel/show/8899?site=1&seekto=5474
1:31:35.86,1:31:38.74,5495.86,5498.74,Brian Rapp,Claremont School Board Chair,Anybody else?,Speaker 2,https://reflect-claremont.cablecast.tv/internetchannel/show/8899?site=1&seekto=5495
1:31:38.82,1:31:42.06,5498.82,5502.06,Brian Rapp,Claremont School Board Chair,Thanks everyone for coming. Mike. Oh what do you got. What do you got?,Speaker 2,https://reflect-claremont.cablecast.tv/internetchannel/show/8899?site=1&seekto=5498
1:31:42.14,1:31:44.98,5502.14,5504.98,Michael O'Neill,"Business Administrator, SAU 6",I just drafted the Warren. I just need you guys to sign it before you leave.,Speaker 4,https://reflect-claremont.cablecast.tv/internetchannel/show/8899?site=1&seekto=5502
1:31:45.02,1:31:47.38,5505.02,5507.38,Unidentified,"Unidentified - cluster mixes fragments of several voices; its substantive lines ([307], [310], [332], [391], [497]) are a board member, possibly Frank Sprague (hypothesis by elimination only)",He's good. He is good.,Speaker 10,https://reflect-claremont.cablecast.tv/internetchannel/show/8899?site=1&seekto=5505
1:31:47.46,1:31:52.05,5507.46,5512.05,Brian Rapp,Claremont School Board Chair,Oh. Yes. Everyone watching at home? Filing begins tomorrow.,Speaker 2,https://reflect-claremont.cablecast.tv/internetchannel/show/8899?site=1&seekto=5507
1:31:52.29,1:31:53.42,5512.29,5513.42,Unidentified,Unidentified - cluster mixes short thanks and motions from several board members,Tomorrow? Yes.,Speaker 12,https://reflect-claremont.cablecast.tv/internetchannel/show/8899?site=1&seekto=5512
1:31:53.50,1:32:04.58,5513.50,5524.58,Brian Rapp,Claremont School Board Chair,We have three positions to fill for the school board. One is. Two of them are three years. One is one year. So motion to adjourn.,Speaker 2,https://reflect-claremont.cablecast.tv/internetchannel/show/8899?site=1&seekto=5513
1:32:04.66,1:32:05.90,5524.66,5525.90,Unidentified,Unidentified - cluster mixes short thanks and motions from several board members,Second.,Speaker 12,https://reflect-claremont.cablecast.tv/internetchannel/show/8899?site=1&seekto=5524
1:32:05.98,1:32:07.78,5525.98,5527.78,Brian Rapp,Claremont School Board Chair,All in favor?,Speaker 2,https://reflect-claremont.cablecast.tv/internetchannel/show/8899?site=1&seekto=5525
1:32:07.86,1:32:08.98,5527.86,5528.98,Chris Irish,Claremont School Board Vice Chair,So you inspired me.,Speaker 1,https://reflect-claremont.cablecast.tv/internetchannel/show/8899?site=1&seekto=5527
