Start,End,Start (sec),End (sec),Speaker,Role,Dialogue,Diarized As
0:00:06.54,0:00:18.74,6.54,18.74,Sara Lowe,"SAU 6 Board Chair (Unity member; presides; answers 'Yes' when 'Lowe' is called in the roll-call vote [572]-[573]; addressed 'Sarah' [447]; cluster also absorbs Cory LeClair, see overrides)",Okay.  So I'm going to call the meeting to order at 630. And we will do Pledge of Allegiance.,Speaker 1
0:00:18.82,0:00:33.34,18.82,33.34,Sara Lowe,"SAU 6 Board Chair (Unity member; presides; answers 'Yes' when 'Lowe' is called in the roll-call vote [572]-[573]; addressed 'Sarah' [447]; cluster also absorbs Cory LeClair, see overrides)","I pledge allegiance to the United States of America and to the Republic for which it stands. One nation under God, indivisible, with liberty and justice for all.",Speaker 1
0:00:33.42,0:01:03.70,33.42,63.70,Sara Lowe,"SAU 6 Board Chair (Unity member; presides; answers 'Yes' when 'Lowe' is called in the roll-call vote [572]-[573]; addressed 'Sarah' [447]; cluster also absorbs Cory LeClair, see overrides)","Okay.  So phones and whatnot off. So,  when we do the roll call of attendance,  we need to ask the two members who are on the phone to say their name and their reason that they need to be on the phone tonight, and then all of our votes tonight need to be roll call votes, because we have members who are on the phone.",Speaker 1
0:01:03.78,0:01:06.74,63.78,66.74,Robert McDevitt,"SAU 6 Board member (Unity), participating by phone ('Here on the phone' [22]; 'McDevitt. Abstain' [40]; answers 'Yes' after 'Bob McDevitt' [76]-[77]; recognized 'Bob' [224])",When you need us to give you the reason.,Speaker 2
0:01:06.82,0:01:11.76,66.82,71.76,Sara Lowe,"SAU 6 Board Chair (Unity member; presides; answers 'Yes' when 'Lowe' is called in the roll-call vote [572]-[573]; addressed 'Sarah' [447]; cluster also absorbs Cory LeClair, see overrides)","When we do the roll call,  attendance.",Speaker 1
0:01:11.84,0:01:12.28,71.84,72.28,Robert McDevitt,"SAU 6 Board member (Unity), participating by phone ('Here on the phone' [22]; 'McDevitt. Abstain' [40]; answers 'Yes' after 'Bob McDevitt' [76]-[77]; recognized 'Bob' [224])",Okay.,Speaker 2
0:01:12.39,0:01:17.30,72.39,77.30,Sara Lowe,"SAU 6 Board Chair (Unity member; presides; answers 'Yes' when 'Lowe' is called in the roll-call vote [572]-[573]; addressed 'Sarah' [447]; cluster also absorbs Cory LeClair, see overrides)",Okay.,Speaker 1
0:01:17.38,0:01:24.48,77.38,84.48,Sara Lowe,"SAU 6 Board Chair (Unity member; presides; answers 'Yes' when 'Lowe' is called in the roll-call vote [572]-[573]; addressed 'Sarah' [447]; cluster also absorbs Cory LeClair, see overrides)",Which is now.,Speaker 1
0:01:24.56,0:01:27.24,84.56,87.24,Sara Lowe,"SAU 6 Board Chair (Unity member; presides; answers 'Yes' when 'Lowe' is called in the roll-call vote [572]-[573]; addressed 'Sarah' [447]; cluster also absorbs Cory LeClair, see overrides)","So, Jason, can you.",Speaker 1
0:01:27.32,0:01:28.08,87.32,88.08,Michael Petrin,"SAU 6 Board member (Claremont) and SAU 6 Vice Chair per roster (answers 'Michael. Yes' [69]; the chair asks 'Marjorie or Mike' to present the superintendent evaluation work [445], which this voice then does [447]-[454]) (uncertain - cluster also absorbs clipped onsets of others; see overrides)",Use on the phone?,Speaker 3
0:01:28.16,0:01:31.56,88.16,91.56,Unidentified,Unidentified - cluster mixes the roll-call caller (not named on this recording) with clipped onsets of several members; see overrides,So you can get a reason? Yeah.,Speaker 4
0:01:31.64,0:01:33.76,91.64,93.76,Sara Lowe,"SAU 6 Board Chair (Unity member; presides; answers 'Yes' when 'Lowe' is called in the roll-call vote [572]-[573]; addressed 'Sarah' [447]; cluster also absorbs Cory LeClair, see overrides)","Jason, can you hear us?",Speaker 1
0:01:33.84,0:01:34.36,93.84,94.36,Robert McDevitt,"SAU 6 Board member (Unity), participating by phone ('Here on the phone' [22]; 'McDevitt. Abstain' [40]; answers 'Yes' after 'Bob McDevitt' [76]-[77]; recognized 'Bob' [224])",Yes.,Speaker 2
0:01:34.40,0:01:35.16,94.40,95.16,Sara Lowe,"SAU 6 Board Chair (Unity member; presides; answers 'Yes' when 'Lowe' is called in the roll-call vote [572]-[573]; addressed 'Sarah' [447]; cluster also absorbs Cory LeClair, see overrides)",So you need.,Speaker 1
0:01:35.16,0:01:38.52,95.16,98.52,Sara Lowe,"SAU 6 Board Chair (Unity member; presides; answers 'Yes' when 'Lowe' is called in the roll-call vote [572]-[573]; addressed 'Sarah' [447]; cluster also absorbs Cory LeClair, see overrides)",To state the reason why you're on the phone and not present.,Speaker 5
0:01:38.52,0:01:41.44,98.52,101.44,Sara Lowe,"SAU 6 Board Chair (Unity member; presides; answers 'Yes' when 'Lowe' is called in the roll-call vote [572]-[573]; addressed 'Sarah' [447]; cluster also absorbs Cory LeClair, see overrides)",In person for the notes.,Speaker 1
0:01:41.52,0:01:47.04,101.52,107.04,Jason Benware,"SAU 6 Board member (Claremont), participating by phone because he is working [16]-[19]; 'I just heard my name spelled' [479]","I'm a counter man show, and this is how I run my business, so unfortunately, I wasn't able to be there.",Speaker 6
0:01:47.20,0:01:50.84,107.20,110.84,Sara Lowe,"SAU 6 Board Chair (Unity member; presides; answers 'Yes' when 'Lowe' is called in the roll-call vote [572]-[573]; addressed 'Sarah' [447]; cluster also absorbs Cory LeClair, see overrides)",Yeah. He's working.,Speaker 1
0:01:50.92,0:01:52.48,110.92,112.48,Sara Lowe,"SAU 6 Board Chair (Unity member; presides; answers 'Yes' when 'Lowe' is called in the roll-call vote [572]-[573]; addressed 'Sarah' [447]; cluster also absorbs Cory LeClair, see overrides)",Okay.,Speaker 1
0:01:52.56,0:01:57.64,112.56,117.64,Jason Benware,"SAU 6 Board member (Claremont), participating by phone because he is working [16]-[19]; 'I just heard my name spelled' [479]",Here I am working here.,Speaker 6
0:01:57.72,0:02:03.14,117.72,123.14,Unidentified,Unidentified - cluster mixes the roll-call caller (not named on this recording) with clipped onsets of several members; see overrides,Michelle Pierce right here.,Speaker 4
0:02:03.22,0:02:16.26,123.22,136.26,Unidentified,Unidentified - cluster mixes the roll-call caller (not named on this recording) with clipped onsets of several members; see overrides,Carolyn. Paul here. Back here. Maggie Erickson here. Sarah Law here. Through this. McCormick.  Devin.,Speaker 4
0:02:16.34,0:02:18.26,136.34,138.26,Robert McDevitt,"SAU 6 Board member (Unity), participating by phone ('Here on the phone' [22]; 'McDevitt. Abstain' [40]; answers 'Yes' after 'Bob McDevitt' [76]-[77]; recognized 'Bob' [224])",Here on the phone.,Speaker 2
0:02:18.30,0:02:24.66,138.30,144.66,Robert McDevitt,,I have business out of state and could not avoid  not being there.,Speaker 7
0:02:24.74,0:02:25.94,144.74,145.94,Unidentified,Unidentified - cluster mixes the roll-call caller (not named on this recording) with clipped onsets of several members; see overrides,And part two.,Speaker 4
0:02:26.02,0:02:30.32,146.02,150.32,Michael Petrin,"SAU 6 Board member (Claremont) and SAU 6 Vice Chair per roster (answers 'Michael. Yes' [69]; the chair asks 'Marjorie or Mike' to present the superintendent evaluation work [445], which this voice then does [447]-[454]) (uncertain - cluster also absorbs clipped onsets of others; see overrides)",Yeah.,Speaker 3
0:02:30.40,0:02:39.28,150.40,159.28,Sara Lowe,"SAU 6 Board Chair (Unity member; presides; answers 'Yes' when 'Lowe' is called in the roll-call vote [572]-[573]; addressed 'Sarah' [447]; cluster also absorbs Cory LeClair, see overrides)",Okay. We have an agenda that we need to read over and approve.,Speaker 1
0:02:39.36,0:02:41.24,159.36,161.24,Frank Sprague,SAU 6 Board member (Claremont School Board Chair) (thanked 'Frank' by Ben Nester [57]; recognized 'Frank' [167]; motion for nonpublic session credited to 'Frank' [560]),Make a motion that we approve the.,Speaker 3
0:02:41.32,0:02:43.16,161.32,163.16,Frank Sprague,SAU 6 Board member (Claremont School Board Chair) (thanked 'Frank' by Ben Nester [57]; recognized 'Frank' [167]; motion for nonpublic session credited to 'Frank' [560]),Agenda as presented.,Speaker 8
0:02:43.24,0:02:44.96,163.24,164.96,Michael Petrin,"SAU 6 Board member (Claremont) and SAU 6 Vice Chair per roster (answers 'Michael. Yes' [69]; the chair asks 'Marjorie or Mike' to present the superintendent evaluation work [445], which this voice then does [447]-[454]) (uncertain - cluster also absorbs clipped onsets of others; see overrides)",I'll second that motion.,Speaker 3
0:02:45.04,0:02:52.20,165.04,172.20,Sara Lowe,"SAU 6 Board Chair (Unity member; presides; answers 'Yes' when 'Lowe' is called in the roll-call vote [572]-[573]; addressed 'Sarah' [447]; cluster also absorbs Cory LeClair, see overrides)",I'll. Those in favor?  Any opposed? Okay.,Speaker 1
0:02:52.28,0:02:55.76,172.28,175.76,Robert McDevitt,"SAU 6 Board member (Unity), participating by phone ('Here on the phone' [22]; 'McDevitt. Abstain' [40]; answers 'Yes' after 'Bob McDevitt' [76]-[77]; recognized 'Bob' [224])",We need to take that in the roll call.,Speaker 2
0:02:55.84,0:03:03.92,175.84,183.92,Sara Lowe,"SAU 6 Board Chair (Unity member; presides; answers 'Yes' when 'Lowe' is called in the roll-call vote [572]-[573]; addressed 'Sarah' [447]; cluster also absorbs Cory LeClair, see overrides)",Do we need to do all of them? I know any votes were taking. We need to know. I think we're okay with that.,Speaker 1
0:03:04.00,0:03:04.56,184.00,184.56,Robert McDevitt,"SAU 6 Board member (Unity), participating by phone ('Here on the phone' [22]; 'McDevitt. Abstain' [40]; answers 'Yes' after 'Bob McDevitt' [76]-[77]; recognized 'Bob' [224])",Okay.,Speaker 2
0:03:04.60,0:03:12.76,184.60,192.76,Sara Lowe,"SAU 6 Board Chair (Unity member; presides; answers 'Yes' when 'Lowe' is called in the roll-call vote [572]-[573]; addressed 'Sarah' [447]; cluster also absorbs Cory LeClair, see overrides)","Okay.  Approval of meeting minutes from March 29th, 2018.",Speaker 1
0:03:12.84,0:03:17.64,192.84,197.64,Frank Sprague,SAU 6 Board member (Claremont School Board Chair) (thanked 'Frank' by Ben Nester [57]; recognized 'Frank' [167]; motion for nonpublic session credited to 'Frank' [560]),"I'll move. We accept the minutes from March 29th, 2018.",Speaker 8
0:03:17.72,0:03:19.08,197.72,199.08,Michael Petrin,"SAU 6 Board member (Claremont) and SAU 6 Vice Chair per roster (answers 'Michael. Yes' [69]; the chair asks 'Marjorie or Mike' to present the superintendent evaluation work [445], which this voice then does [447]-[454]) (uncertain - cluster also absorbs clipped onsets of others; see overrides)",Second.,Speaker 3
0:03:19.16,0:03:23.76,199.16,203.76,Sara Lowe,"SAU 6 Board Chair (Unity member; presides; answers 'Yes' when 'Lowe' is called in the roll-call vote [572]-[573]; addressed 'Sarah' [447]; cluster also absorbs Cory LeClair, see overrides)",Any discussion? All those in favor?,Speaker 1
0:03:23.84,0:03:25.04,203.84,205.04,Michael Petrin,"SAU 6 Board member (Claremont) and SAU 6 Vice Chair per roster (answers 'Michael. Yes' [69]; the chair asks 'Marjorie or Mike' to present the superintendent evaluation work [445], which this voice then does [447]-[454]) (uncertain - cluster also absorbs clipped onsets of others; see overrides)",Aye.,Speaker 3
0:03:25.12,0:03:29.24,205.12,209.24,Sara Lowe,"SAU 6 Board Chair (Unity member; presides; answers 'Yes' when 'Lowe' is called in the roll-call vote [572]-[573]; addressed 'Sarah' [447]; cluster also absorbs Cory LeClair, see overrides)",Any opposed? Any abstained.,Speaker 1
0:03:29.32,0:03:30.28,209.32,210.28,Robert McDevitt,"SAU 6 Board member (Unity), participating by phone ('Here on the phone' [22]; 'McDevitt. Abstain' [40]; answers 'Yes' after 'Bob McDevitt' [76]-[77]; recognized 'Bob' [224])",McDevitt. Abstain.,Speaker 2
0:03:30.32,0:03:34.96,210.32,214.96,Sara Lowe,"SAU 6 Board Chair (Unity member; presides; answers 'Yes' when 'Lowe' is called in the roll-call vote [572]-[573]; addressed 'Sarah' [447]; cluster also absorbs Cory LeClair, see overrides)",Yep. Bob McDevitt and Craig are both abstaining.,Speaker 1
0:03:35.04,0:03:40.72,215.04,220.72,Sara Lowe,"SAU 6 Board Chair (Unity member; presides; answers 'Yes' when 'Lowe' is called in the roll-call vote [572]-[573]; addressed 'Sarah' [447]; cluster also absorbs Cory LeClair, see overrides)",Okay.  Citizens. Comments?,Speaker 1
0:03:40.80,0:03:56.80,220.80,236.80,Sara Lowe,"SAU 6 Board Chair (Unity member; presides; answers 'Yes' when 'Lowe' is called in the roll-call vote [572]-[573]; addressed 'Sarah' [447]; cluster also absorbs Cory LeClair, see overrides)","Nope. Okay.  Our  item action items for today are. The first one is nomination of the  SA six director of special education. And. Yes, please.",Speaker 1
0:03:56.84,0:03:59.08,236.84,239.08,Michael Petrin,"SAU 6 Board member (Claremont) and SAU 6 Vice Chair per roster (answers 'Michael. Yes' [69]; the chair asks 'Marjorie or Mike' to present the superintendent evaluation work [445], which this voice then does [447]-[454]) (uncertain - cluster also absorbs clipped onsets of others; see overrides)",For you is a.,Speaker 3
0:03:59.16,0:04:03.36,239.16,243.36,Robert McDevitt,"SAU 6 Board member (Unity), participating by phone ('Here on the phone' [22]; 'McDevitt. Abstain' [40]; answers 'Yes' after 'Bob McDevitt' [76]-[77]; recognized 'Bob' [224])",It's a data sheet on on staff elected.,Speaker 2
0:04:03.44,0:04:35.96,243.44,275.96,Middleton McGoodwin,"Superintendent, SAU 6 (presents the director nomination [46]; addressed 'Middleton' [445],[550])","And it should be by the SA six school board, not the Claremont School Board as this is an SA six position. The Director of special education position as you know Chris Bezos  resigned  his position affective September rather July 1st.  And I kept you posted as far as the process and sent the calendar to all of you. The objective was to find the best man and woman to take over the SO6 director of special education.",Speaker 9
0:04:36.04,0:05:02.12,276.04,302.12,Middleton McGoodwin,"Superintendent, SAU 6 (presents the director nomination [46]; addressed 'Middleton' [445],[550])","It does happen that Ben Nestor, who's here this evening, was the person who  turned out to be the best person suited for the position. He is an internal candidate, but that did not influence. We do not give any preference to internal candidates. They have to earn the right to be the number one. The only time an internal candidate would be an advantage if all things were equal.",Speaker 9
0:05:02.20,0:05:31.00,302.20,331.00,Middleton McGoodwin,"Superintendent, SAU 6 (presents the director nomination [46]; addressed 'Middleton' [445],[550])","All things were equal. So I'm very pleased to recommend the nomination of Ben Nestor. He clearly rose to the top of the candidates. It was a fairly strong group of candidates, but he is a fit, and we've had several conversations with Ben, and that concept of fit has been even more substantiated. He did visit each of the schools in Claremont as well as unity.",Speaker 9
0:05:31.08,0:05:55.72,331.08,355.72,Middleton McGoodwin,"Superintendent, SAU 6 (presents the director nomination [46]; addressed 'Middleton' [445],[550])","And very, very pleased with the response of the faculty. His reputation precedes him. There are high expectations for Ben Nestor,  and  he has a challenging job for for variety of reasons.  Without further pressure on this gentleman, Ben would like to come forward. If you'd like to make any comments to the board. But, ladies and gentlemen, for those of you who don't know.",Speaker 9
0:05:55.76,0:06:06.41,355.76,366.41,Middleton McGoodwin,"Superintendent, SAU 6 (presents the director nomination [46]; addressed 'Middleton' [445],[550])","Ben. Nestor,  Ben, working currently at at Stevens High School and will begin this position July 1st. Ben. Welcome, welcome.",Speaker 9
0:06:06.60,0:06:08.44,366.60,368.44,Ben Nester,"Nominee, SAU 6 Director of Special Education, effective July 1, 2018; currently at Stevens High School (introduced by the superintendent [49]-[50]; ASR 'Ben Nestor')",I guess I would like to say I applaud.,Speaker 3
0:06:08.44,0:06:26.74,368.44,386.74,Ben Nester,"Nominee, SAU 6 Director of Special Education, effective July 1, 2018; currently at Stevens High School (introduced by the superintendent [49]-[50]; ASR 'Ben Nestor')","You all for for being on the board and giving your time. To the community. So, and I look forward to working with you. Should you move forward with my nomination? I know many of you.  Any questions for me?",Speaker 10
0:06:26.82,0:06:31.70,386.82,391.70,Frank Sprague,SAU 6 Board member (Claremont School Board Chair) (thanked 'Frank' by Ben Nester [57]; recognized 'Frank' [167]; motion for nonpublic session credited to 'Frank' [560]),I guess I would just say I'm hoping you'll come often. Yeah. Give us updates and we can.,Speaker 8
0:06:31.78,0:06:32.46,391.78,392.46,Ben Nester,"Nominee, SAU 6 Director of Special Education, effective July 1, 2018; currently at Stevens High School (introduced by the superintendent [49]-[50]; ASR 'Ben Nestor')",Absolutely.,Speaker 10
0:06:32.50,0:06:33.42,392.50,393.42,Michael Petrin,"SAU 6 Board member (Claremont) and SAU 6 Vice Chair per roster (answers 'Michael. Yes' [69]; the chair asks 'Marjorie or Mike' to present the superintendent evaluation work [445], which this voice then does [447]-[454]) (uncertain - cluster also absorbs clipped onsets of others; see overrides)",Yeah. Really?,Speaker 3
0:06:33.42,0:06:35.26,393.42,395.26,Frank Sprague,SAU 6 Board member (Claremont School Board Chair) (thanked 'Frank' by Ben Nester [57]; recognized 'Frank' [167]; motion for nonpublic session credited to 'Frank' [560]),You in the.,Speaker 8
0:06:35.34,0:06:39.50,395.34,399.50,Ben Nester,"Nominee, SAU 6 Director of Special Education, effective July 1, 2018; currently at Stevens High School (introduced by the superintendent [49]-[50]; ASR 'Ben Nestor')","I look forward to it, Frank. I really do.",Speaker 10
0:06:39.58,0:06:41.38,399.58,401.38,Rebecca Zullo,"SAU 6 Board member (Claremont School Board Vice Chair) (recognized 'Rebecca' [116],[296])","Question for you too, at some point, but I'll.",Speaker 4
0:06:41.38,0:06:44.06,401.38,404.06,Rebecca Zullo,"SAU 6 Board member (Claremont School Board Vice Chair) (recognized 'Rebecca' [116],[296])",Just pick your brain in private.,Speaker 11
0:06:44.14,0:06:44.51,404.14,404.51,Michael Petrin,"SAU 6 Board member (Claremont) and SAU 6 Vice Chair per roster (answers 'Michael. Yes' [69]; the chair asks 'Marjorie or Mike' to present the superintendent evaluation work [445], which this voice then does [447]-[454]) (uncertain - cluster also absorbs clipped onsets of others; see overrides)",Love it.,Speaker 3
0:06:44.54,0:06:45.06,404.54,405.06,Ben Nester,"Nominee, SAU 6 Director of Special Education, effective July 1, 2018; currently at Stevens High School (introduced by the superintendent [49]-[50]; ASR 'Ben Nestor')",Great.,Speaker 10
0:06:45.29,0:06:45.61,405.29,405.61,Frank Sprague,SAU 6 Board member (Claremont School Board Chair) (thanked 'Frank' by Ben Nester [57]; recognized 'Frank' [167]; motion for nonpublic session credited to 'Frank' [560]),I'd like.,Speaker 8
0:06:45.62,0:06:46.82,405.62,406.82,Frank Sprague,SAU 6 Board member (Claremont School Board Chair) (thanked 'Frank' by Ben Nester [57]; recognized 'Frank' [167]; motion for nonpublic session credited to 'Frank' [560]),I'd like to move.,Speaker 3
0:06:46.90,0:06:54.74,406.90,414.74,Frank Sprague,SAU 6 Board member (Claremont School Board Chair) (thanked 'Frank' by Ben Nester [57]; recognized 'Frank' [167]; motion for nonpublic session credited to 'Frank' [560]),"Make a motion. We accept the nomination of Ben Nestor as director of special ed for you six, as presented by the administration.",Speaker 8
0:06:54.82,0:06:58.66,414.82,418.66,Carolyn Towle,"SAU 6 Board member (Claremont) (recognized 'Carolyn' [125],[383],[513]; ASR 'Carolyn. Paul' [21], 'Carolyn. Tall' [571])","I 100%, except would recommend it second.",Speaker 12
0:06:58.74,0:07:12.54,418.74,432.54,Sara Lowe,"SAU 6 Board Chair (Unity member; presides; answers 'Yes' when 'Lowe' is called in the roll-call vote [572]-[573]; addressed 'Sarah' [447]; cluster also absorbs Cory LeClair, see overrides)",For second. Okay.  All those in favor? Oh. Roll call. I think this we have to roll call. Vote. Sorry.,Speaker 1
0:07:12.62,0:07:18.26,432.62,438.26,Sara Lowe,"SAU 6 Board Chair (Unity member; presides; answers 'Yes' when 'Lowe' is called in the roll-call vote [572]-[573]; addressed 'Sarah' [447]; cluster also absorbs Cory LeClair, see overrides)",For Secretary.,Speaker 1
0:07:18.34,0:07:19.26,438.34,439.26,Unidentified,Unidentified - cluster mixes the roll-call caller (not named on this recording) with clipped onsets of several members; see overrides,Steven.,Speaker 4
0:07:19.34,0:07:23.51,439.34,443.51,Michael Petrin,"SAU 6 Board member (Claremont) and SAU 6 Vice Chair per roster (answers 'Michael. Yes' [69]; the chair asks 'Marjorie or Mike' to present the superintendent evaluation work [445], which this voice then does [447]-[454]) (uncertain - cluster also absorbs clipped onsets of others; see overrides)","Yes, Michael. Yes.",Speaker 3
0:07:23.59,0:07:28.01,443.59,448.01,Unidentified,Unidentified - cluster mixes the roll-call caller (not named on this recording) with clipped onsets of several members; see overrides,I was not here for this Prince.,Speaker 4
0:07:28.16,0:07:28.52,448.16,448.52,Unidentified,Unidentified - cluster mixes the roll-call caller (not named on this recording) with clipped onsets of several members; see overrides,Greg.,Speaker 4
0:07:28.67,0:07:30.21,448.67,450.21,Michael Petrin,"SAU 6 Board member (Claremont) and SAU 6 Vice Chair per roster (answers 'Michael. Yes' [69]; the chair asks 'Marjorie or Mike' to present the superintendent evaluation work [445], which this voice then does [447]-[454]) (uncertain - cluster also absorbs clipped onsets of others; see overrides)",Yes.,Speaker 3
0:07:30.29,0:07:32.13,450.29,452.13,Carolyn Towle,"SAU 6 Board member (Claremont) (recognized 'Carolyn' [125],[383],[513]; ASR 'Carolyn. Paul' [21], 'Carolyn. Tall' [571])",Yes.,Speaker 12
0:07:32.21,0:07:34.51,452.21,454.51,Unidentified,Unidentified - cluster mixes the roll-call caller (not named on this recording) with clipped onsets of several members; see overrides,Yes.  Marjorie Erickson.,Speaker 4
0:07:34.62,0:07:41.60,454.62,461.60,Sara Lowe,"SAU 6 Board Chair (Unity member; presides; answers 'Yes' when 'Lowe' is called in the roll-call vote [572]-[573]; addressed 'Sarah' [447]; cluster also absorbs Cory LeClair, see overrides)",Yes. Yes.,Speaker 1
0:07:41.68,0:07:43.64,461.68,463.64,Unidentified,Unidentified - cluster mixes the roll-call caller (not named on this recording) with clipped onsets of several members; see overrides,Bob McDevitt.,Speaker 4
0:07:43.72,0:07:45.64,463.72,465.64,Robert McDevitt,"SAU 6 Board member (Unity), participating by phone ('Here on the phone' [22]; 'McDevitt. Abstain' [40]; answers 'Yes' after 'Bob McDevitt' [76]-[77]; recognized 'Bob' [224])",Yes.,Speaker 2
0:07:45.72,0:07:46.76,465.72,466.76,Unidentified,Unidentified - cluster mixes the roll-call caller (not named on this recording) with clipped onsets of several members; see overrides,Thank you.,Speaker 4
0:07:46.84,0:07:49.48,466.84,469.48,Robert McDevitt,"SAU 6 Board member (Unity), participating by phone ('Here on the phone' [22]; 'McDevitt. Abstain' [40]; answers 'Yes' after 'Bob McDevitt' [76]-[77]; recognized 'Bob' [224])",Yes.,Speaker 2
0:07:49.56,0:07:53.24,469.56,473.24,Sara Lowe,"SAU 6 Board Chair (Unity member; presides; answers 'Yes' when 'Lowe' is called in the roll-call vote [572]-[573]; addressed 'Sarah' [447]; cluster also absorbs Cory LeClair, see overrides)",Did you get you?,Speaker 1
0:07:53.32,0:08:02.16,473.32,482.16,Sara Lowe,"SAU 6 Board Chair (Unity member; presides; answers 'Yes' when 'Lowe' is called in the roll-call vote [572]-[573]; addressed 'Sarah' [447]; cluster also absorbs Cory LeClair, see overrides)","Congratulations. Welcome. I mean, you know, welcome to the new pressure job.",Speaker 1
0:08:02.24,0:08:06.88,482.24,486.88,Sara Lowe,"SAU 6 Board Chair (Unity member; presides; answers 'Yes' when 'Lowe' is called in the roll-call vote [572]-[573]; addressed 'Sarah' [447]; cluster also absorbs Cory LeClair, see overrides)","Okay,  the next item on our agenda is merit pay.",Speaker 1
0:08:06.96,0:08:39.72,486.96,519.72,Middleton McGoodwin,"Superintendent, SAU 6 (presents the director nomination [46]; addressed 'Middleton' [445],[550])","Pay was discussed at the board meeting in late late March, and it was requested the board would like to learn more about, Barrett pay. The concept of merit pay originated from a prior saw six board and was sort of a the spirit of it was a moment of money and it would be distributed based on performance. With the turnover, however, of staff at the six over the past few years, and with the effort to address inequities between comparable positions.",Speaker 9
0:08:39.80,0:09:00.60,519.80,540.60,Middleton McGoodwin,"Superintendent, SAU 6 (presents the director nomination [46]; addressed 'Middleton' [445],[550])","Part of that merit pay was used to offset that inequity.  That being said,  we are very pleased to have a van here this evening who's going to make a presentation about the spirit of merit pay and where we are going with merit pay. So, Ben, welcome. Excuse me. Nathan, welcome.",Speaker 9
0:09:00.68,0:09:05.84,540.68,545.84,Michael Petrin,"SAU 6 Board member (Claremont) and SAU 6 Vice Chair per roster (answers 'Michael. Yes' [69]; the chair asks 'Marjorie or Mike' to present the superintendent evaluation work [445], which this voice then does [447]-[454]) (uncertain - cluster also absorbs clipped onsets of others; see overrides)","That works for me, too. And they weren't  talking, right.",Speaker 3
0:09:05.92,0:09:07.36,545.92,547.36,Sara Lowe,"SAU 6 Board Chair (Unity member; presides; answers 'Yes' when 'Lowe' is called in the roll-call vote [572]-[573]; addressed 'Sarah' [447]; cluster also absorbs Cory LeClair, see overrides)",Corey brought in for.,Speaker 1
0:09:07.36,0:09:08.04,547.36,548.04,Michael Petrin,"SAU 6 Board member (Claremont) and SAU 6 Vice Chair per roster (answers 'Michael. Yes' [69]; the chair asks 'Marjorie or Mike' to present the superintendent evaluation work [445], which this voice then does [447]-[454]) (uncertain - cluster also absorbs clipped onsets of others; see overrides)","Everybody, so.",Speaker 3
0:09:08.04,0:09:37.20,548.04,577.20,Nathan,"SAU 6 human resources and accounting (dual role; formerly SAU 6 IT director) (introduced as 'Nathan' [84], 'Nate' [114],[354]; surname not stated on this recording)","Good evening, everyone.  Nice to see you. Welcome to the new board members who I haven't met yet.  Look forward to working with you into this new budget year. So,  and I think we're going to break the ice with that conversation with this topic.  As Middleton had suggested. Just do a quick, brief overview.  I had quickly summarized,  what this fiscal year in last fiscal year meant for the merit pay,  premise.",Speaker 13
0:09:37.28,0:09:42.14,577.28,582.14,Nathan,"SAU 6 human resources and accounting (dual role; formerly SAU 6 IT director) (introduced as 'Nathan' [84], 'Nate' [114],[354]; surname not stated on this recording)","So last year, we had established a merit pay that the school board had approved.",Speaker 13
0:09:42.16,0:09:42.60,582.16,582.60,Ben Nester,"Nominee, SAU 6 Director of Special Education, effective July 1, 2018; currently at Stevens High School (introduced by the superintendent [49]-[50]; ASR 'Ben Nestor')",It was.,Speaker 10
0:09:42.68,0:10:04.88,582.68,604.88,Nathan,"SAU 6 human resources and accounting (dual role; formerly SAU 6 IT director) (introduced as 'Nathan' [84], 'Nate' [114],[354]; surname not stated on this recording)","A design by, by Mike  to put forth something that would recognize performance. So this fiscal year that we're in right now  was my first fiscal year, where I was working closely with this. So one of the first goals I had was, as Middleton had had said, was to create some equity  across all the positions in the saw.",Speaker 13
0:10:04.96,0:10:34.09,604.96,634.09,Nathan,"SAU 6 human resources and accounting (dual role; formerly SAU 6 IT director) (introduced as 'Nathan' [84], 'Nate' [114],[354]; surname not stated on this recording)","And my main focus was not on cabinet administrative positions that the folks you see here,  but on our staff in the building that, are there every day. Supporting us to, to to become successful,  supporting our success throughout the building. So,  Mike, each budget year would establish what the merit pool would look like.  It's typically for this fiscal year, it was $17,500.",Speaker 13
0:10:34.12,0:10:59.28,634.12,659.28,Nathan,"SAU 6 human resources and accounting (dual role; formerly SAU 6 IT director) (introduced as 'Nathan' [84], 'Nate' [114],[354]; surname not stated on this recording)",So that's the that's the amount of money that I had available to reallocate. And so the approach was pretty simple.  We already knew that we were either at or below market on these positions. And we've had several salary surveys that were done over the course of the last year.  Only one of which I got results back from.,Speaker 13
0:10:59.44,0:11:34.04,659.44,694.04,Nathan,"SAU 6 human resources and accounting (dual role; formerly SAU 6 IT director) (introduced as 'Nathan' [84], 'Nate' [114],[354]; surname not stated on this recording)","That was done by MRI, which is municipal resources. And we we've worked with in the past.  So based on that, really it was just about establishing equity. So,  what I did was I took and I gave credit for 2% for every year of experience for each employee in the role that they currently have. And so that for some folks resulted in, I would say significant increase  and for others.",Speaker 13
0:11:34.12,0:11:44.32,694.12,704.32,Nathan,"SAU 6 human resources and accounting (dual role; formerly SAU 6 IT director) (introduced as 'Nathan' [84], 'Nate' [114],[354]; surname not stated on this recording)","Marginal increase. Very small increase. But I think it established a couple things. One, especially for our support and administrative assistant positions.",Speaker 13
0:11:45.08,0:12:14.56,705.08,734.56,Nathan,"SAU 6 human resources and accounting (dual role; formerly SAU 6 IT director) (introduced as 'Nathan' [84], 'Nate' [114],[354]; surname not stated on this recording)","A career ladder, if you will. So,  as part of the grid, there's an administrative one, administrative two, and administrative three for the assistant positions. And so they're tiered in that way.  So the other piece that was important here was establishing a base hiring salary, which is different from what we've done in the past, which,  with limited resources  in our budget.",Speaker 13
0:12:14.60,0:12:35.92,734.60,755.92,Nathan,"SAU 6 human resources and accounting (dual role; formerly SAU 6 IT director) (introduced as 'Nathan' [84], 'Nate' [114],[354]; surname not stated on this recording)","Typically what we'll do is when new employees hired,  we grant them the salary that we have available because traditionally we've been at or below market. So it's the best we can do and we just move it forward.  Sometimes that's not the case. Sometimes there's some other forces involved. But what this does is it establishes an actual base pay.",Speaker 13
0:12:36.00,0:12:56.61,756.00,776.61,Nathan,"SAU 6 human resources and accounting (dual role; formerly SAU 6 IT director) (introduced as 'Nathan' [84], 'Nate' [114],[354]; surname not stated on this recording)","So, for instance, if you have an employee that's been with us for eight years, the new employee off the street will not come in and and get the eight year salary.  That 16% premium, if you will.  They'll be offered that base salary. And then there could be some room for negotiation. But the idea is they're not going to be just granted that base salary.",Speaker 13
0:12:56.64,0:13:06.76,776.64,786.76,Nathan,"SAU 6 human resources and accounting (dual role; formerly SAU 6 IT director) (introduced as 'Nathan' [84], 'Nate' [114],[354]; surname not stated on this recording)","And why that's important is  because somebody else who's been at the you longer, will not be sacrificed in that way with a lower salary.",Speaker 13
0:13:06.76,0:13:08.00,786.76,788.00,Michael Petrin,"SAU 6 Board member (Claremont) and SAU 6 Vice Chair per roster (answers 'Michael. Yes' [69]; the chair asks 'Marjorie or Mike' to present the superintendent evaluation work [445], which this voice then does [447]-[454]) (uncertain - cluster also absorbs clipped onsets of others; see overrides)",So.,Speaker 3
0:13:08.08,0:13:19.88,788.08,799.88,Nathan,"SAU 6 human resources and accounting (dual role; formerly SAU 6 IT director) (introduced as 'Nathan' [84], 'Nate' [114],[354]; surname not stated on this recording)","So that's how the equity came into play, the hiring equity and the equity with our current staff that we have today. So happy to answer any questions.",Speaker 13
0:13:19.96,0:13:20.36,799.96,800.36,Sara Lowe,"SAU 6 Board Chair (Unity member; presides; answers 'Yes' when 'Lowe' is called in the roll-call vote [572]-[573]; addressed 'Sarah' [447]; cluster also absorbs Cory LeClair, see overrides)",I have.,Speaker 1
0:13:20.40,0:13:21.72,800.40,801.72,Michael Petrin,"SAU 6 Board member (Claremont) and SAU 6 Vice Chair per roster (answers 'Michael. Yes' [69]; the chair asks 'Marjorie or Mike' to present the superintendent evaluation work [445], which this voice then does [447]-[454]) (uncertain - cluster also absorbs clipped onsets of others; see overrides)",A.,Speaker 3
0:13:21.80,0:13:57.16,801.80,837.16,Sara Lowe,"SAU 6 Board Chair (Unity member; presides; answers 'Yes' when 'Lowe' is called in the roll-call vote [572]-[573]; addressed 'Sarah' [447]; cluster also absorbs Cory LeClair, see overrides)","General question. So I was on the board when we approved that. And my question is our discussion related to having a merit pool pay was based on was supposed to be that raises were happen based on performance and people who are going above and beyond. It sounds to me like you're describing something very different than that, and that you're you use money that the board approved to create something that was going to give raises to people based on performance, to equalize pay.",Speaker 1
0:13:57.24,0:13:58.36,837.24,838.36,Sara Lowe,"SAU 6 Board Chair (Unity member; presides; answers 'Yes' when 'Lowe' is called in the roll-call vote [572]-[573]; addressed 'Sarah' [447]; cluster also absorbs Cory LeClair, see overrides)",Am I correct in that?,Speaker 1
0:13:58.40,0:14:23.08,838.40,863.08,Nathan,"SAU 6 human resources and accounting (dual role; formerly SAU 6 IT director) (introduced as 'Nathan' [84], 'Nate' [114],[354]; surname not stated on this recording)","Yeah.  And so that's the next iteration. So as we go into this next fiscal year and this budget season.  Part of that is putting together the performance evaluation system.  So that's the piece, as Middleton suggested, through turnover and other forces. The office does not have a performance evaluation system. And so that's very much on the horizon for the next goal to make this work.",Speaker 13
0:14:25.92,0:14:48.40,865.92,888.40,Nathan,"SAU 6 human resources and accounting (dual role; formerly SAU 6 IT director) (introduced as 'Nathan' [84], 'Nate' [114],[354]; surname not stated on this recording)","In lieu of that,  I don't know of anybody that wouldn't have gotten a full raise given the old model. So with the new model put forth,  it was exactly that to create the equity. So,  rather than just give 2% across the board again, because it wouldn't have gotten us, we wouldn't have gotten equity. And that was the first goal.",Speaker 13
0:14:48.40,0:14:48.68,888.40,888.68,Nathan,"SAU 6 human resources and accounting (dual role; formerly SAU 6 IT director) (introduced as 'Nathan' [84], 'Nate' [114],[354]; surname not stated on this recording)",So.,Speaker 13
0:14:48.72,0:14:53.04,888.72,893.04,Michael O'Neill,"Business Administrator, SAU 6 (superintendent: 'Mike ... you're the business administrator' [247]; surname spelling per roster, unverified)",Okay. Mike and I just want to say a couple more things.,Speaker 3
0:14:53.16,0:15:14.72,893.16,914.72,Michael O'Neill,"Business Administrator, SAU 6 (superintendent: 'Mike ... you're the business administrator' [247]; surname spelling per roster, unverified)","I need did a great job of explaining what happened. We did have several people who were turned over in the positions that would be affected by that merit pool in the first place. So as we cut the staff down and as we got new staff, we put old staff and new responsibilities. There has been a continued shift of responsibilities, and we do keep track of, you know, now Misty is doing this.",Speaker 14
0:15:14.72,0:15:39.72,914.72,939.72,Michael O'Neill,"Business Administrator, SAU 6 (superintendent: 'Mike ... you're the business administrator' [247]; surname spelling per roster, unverified)","Now, Brianna is doing this now so that there is, in essence, a framework to do that. But you are correct in saying that we did utilize some of that money to put people where they should be and to correct.  Errors in, if you will, in the rates of pay, because you had people shift positions that were making that had been there for 20 years, but they weren't doing the same job, but they were making that 20 year money because we had no cap on anything.",Speaker 14
0:15:39.72,0:16:08.47,939.72,968.47,Michael O'Neill,"Business Administrator, SAU 6 (superintendent: 'Mike ... you're the business administrator' [247]; surname spelling per roster, unverified)","We had to. But but it didn't result in people getting 15 and 20% raises. It still was within the framework. And basically no administrator took a raise that year so that we could use this money to reallocate to the other staff based on essentially based on their performance and based on their job responsibilities. And now, as Nate said, the next step to that process, and I don't know if people have been put in their pools before, but it takes a couple of years to make it accurate, because what's happened is every year I get 2% no matter what happens.",Speaker 14
0:16:08.55,0:16:23.92,968.55,983.92,Michael O'Neill,"Business Administrator, SAU 6 (superintendent: 'Mike ... you're the business administrator' [247]; surname spelling per roster, unverified)","Somebody get a 2% raise, I'm going to stay here. So I'm 20 years in and I'm still doing the same thing I was doing on the first day, but I got 40% more money. And that's what we tried to to stop is basically come up with a plan to fix that. And I think that we're we're 90% of the way there at this point.",Speaker 14
0:16:24.00,0:16:24.56,984.00,984.56,Sara Lowe,"SAU 6 Board Chair (Unity member; presides; answers 'Yes' when 'Lowe' is called in the roll-call vote [572]-[573]; addressed 'Sarah' [447]; cluster also absorbs Cory LeClair, see overrides)",Rebecca.,Speaker 1
0:16:24.56,0:16:44.43,984.56,1004.43,Rebecca Zullo,"SAU 6 Board member (Claremont School Board Vice Chair) (recognized 'Rebecca' [116],[296])","And right. And the, the thing that stinks sometimes is when you're the low man on the totem pole and you get 2% the same as everyone else in your raise is $5 in your paycheck. But,  what happens to the people who have, like, let's say, 20 years experience and they've been doing their job, and then all of a sudden their job changes for the last year?",Speaker 11
0:16:44.44,0:16:49.00,1004.44,1009.00,Rebecca Zullo,"SAU 6 Board member (Claremont School Board Vice Chair) (recognized 'Rebecca' [116],[296])",How how have they been compensated this year? Was it like a 2% raise or.,Speaker 11
0:16:49.08,0:16:53.36,1009.08,1013.36,Michael O'Neill,"Business Administrator, SAU 6 (superintendent: 'Mike ... you're the business administrator' [247]; surname spelling per roster, unverified)",The people that that would have been most affected actually left before we made these decisions?,Speaker 14
0:16:53.44,0:16:53.96,1013.44,1013.96,Rebecca Zullo,"SAU 6 Board member (Claremont School Board Vice Chair) (recognized 'Rebecca' [116],[296])",Okay.,Speaker 11
0:16:54.00,0:17:03.48,1014.00,1023.48,Michael O'Neill,"Business Administrator, SAU 6 (superintendent: 'Mike ... you're the business administrator' [247]; surname spelling per roster, unverified)","Not and not not based on anything that we had done, but just based on one of them out of state. And one of them just decided to make a change. And those are the people that had the most experienced.",Speaker 14
0:17:03.64,0:17:17.64,1023.64,1037.64,Rebecca Zullo,"SAU 6 Board member (Claremont School Board Vice Chair) (recognized 'Rebecca' [116],[296])",What if you had someone there with 15 years experience right now? How would they have gotten their race? Is it still a 2% raise if they have like 15 years experience and they're doing additional jobs?,Speaker 11
0:17:17.72,0:17:34.04,1037.72,1054.04,Michael O'Neill,"Business Administrator, SAU 6 (superintendent: 'Mike ... you're the business administrator' [247]; surname spelling per roster, unverified)","It would be basically we'd have to come up with a framework where we allocated based on performance and based on added duties, because obviously when you get rid of two people, even though you got rid of Cornish, all the jobs that those two people did still have to be done by somebody. And that's why we're working to tie money to shifting those responsibilities to other people.",Speaker 14
0:17:34.08,0:17:35.13,1054.08,1055.13,Michael Petrin,"SAU 6 Board member (Claremont) and SAU 6 Vice Chair per roster (answers 'Michael. Yes' [69]; the chair asks 'Marjorie or Mike' to present the superintendent evaluation work [445], which this voice then does [447]-[454]) (uncertain - cluster also absorbs clipped onsets of others; see overrides)",Okay. Yeah.,Speaker 3
0:17:35.14,0:17:37.04,1055.14,1057.04,Sara Lowe,"SAU 6 Board Chair (Unity member; presides; answers 'Yes' when 'Lowe' is called in the roll-call vote [572]-[573]; addressed 'Sarah' [447]; cluster also absorbs Cory LeClair, see overrides)",That's Carolyn sorry.,Speaker 1
0:17:37.12,0:18:12.96,1057.12,1092.96,Carolyn Towle,"SAU 6 Board member (Claremont) (recognized 'Carolyn' [125],[383],[513]; ASR 'Carolyn. Paul' [21], 'Carolyn. Tall' [571])","My question coincides with Rebecca's. It sounds to me like there was an allocation of 175, and it was to eventually get to  an equality of pay,  and figuring out a baseline,  starting pay. But what I'm hearing is that now you're going through the evaluation process, you're keeping track of who's doing what now. So that you can accumulate that into the evaluation.",Speaker 12
0:18:13.04,0:18:13.96,1093.04,1093.96,Carolyn Towle,"SAU 6 Board member (Claremont) (recognized 'Carolyn' [125],[383],[513]; ASR 'Carolyn. Paul' [21], 'Carolyn. Tall' [571])",Is that what I.,Speaker 12
0:18:14.16,0:18:14.44,1094.16,1094.44,Michael Petrin,"SAU 6 Board member (Claremont) and SAU 6 Vice Chair per roster (answers 'Michael. Yes' [69]; the chair asks 'Marjorie or Mike' to present the superintendent evaluation work [445], which this voice then does [447]-[454]) (uncertain - cluster also absorbs clipped onsets of others; see overrides)",Yeah.,Speaker 3
0:18:14.44,0:18:42.00,1094.44,1122.00,Carolyn Towle,"SAU 6 Board member (Claremont) (recognized 'Carolyn' [125],[383],[513]; ASR 'Carolyn. Paul' [21], 'Carolyn. Tall' [571])","That's getting. So we kind of put the cart before the horse in my opinion. I mean, if you were evaluating the employees to come up with a base rate, but some got increases and some didn't, or some change jobs with more hats and stayed the same. Did that happen? I guess is my question, because that's really not a good starting point for the 175.",Speaker 12
0:18:42.04,0:18:49.48,1122.04,1129.48,Michael O'Neill,"Business Administrator, SAU 6 (superintendent: 'Mike ... you're the business administrator' [247]; surname spelling per roster, unverified)",So starting point was more to look at the job responsibilities and the people in the jobs before we went to any merit for adding stuff on.,Speaker 14
0:18:49.64,0:19:14.44,1129.64,1154.44,Sara Lowe,"SAU 6 Board Chair (Unity member; presides; answers 'Yes' when 'Lowe' is called in the roll-call vote [572]-[573]; addressed 'Sarah' [447]; cluster also absorbs Cory LeClair, see overrides)","And I, I understand that, but I'm just going to put out there that that's not what we voted on that money to, to do with that money. We voted to have that money go into a merit pool system. So I guess that's sort of what had come up a little bit is how did that work? And if it was going to be used in a different way.",Speaker 1
0:19:14.52,0:19:59.08,1154.52,1199.08,Sara Lowe,"SAU 6 Board Chair (Unity member; presides; answers 'Yes' when 'Lowe' is called in the roll-call vote [572]-[573]; addressed 'Sarah' [447]; cluster also absorbs Cory LeClair, see overrides)","I think it probably would have been good to have that discussion with us. And I think, you know, I think just moving forward,  I would ask that, you know, before we have money that we've put in for something. So we put it in to have a merit pool, you know, system based on people's performance. So before we give people that money, I would request that we have that system in place, that we know what those requirements are for people to get those raises, because otherwise it it doesn't it doesn't meet the criteria of what we voted to and what the taxpayers voted to have that money go to.",Speaker 1
0:19:59.16,0:20:00.88,1199.16,1200.88,Sara Lowe,"SAU 6 Board Chair (Unity member; presides; answers 'Yes' when 'Lowe' is called in the roll-call vote [572]-[573]; addressed 'Sarah' [447]; cluster also absorbs Cory LeClair, see overrides)",Does that make sense to you?,Speaker 1
0:20:00.96,0:20:29.16,1200.96,1229.16,Nathan,"SAU 6 human resources and accounting (dual role; formerly SAU 6 IT director) (introduced as 'Nathan' [84], 'Nate' [114],[354]; surname not stated on this recording)","It makes perfect sense to me.  I, I guess to be completely transparent, I say you contracts have gone out. They've gone out with 2% raises in lieu of a performance system. Okay.  So I know we're placing a lot of emphasis on the performance management system that was supposed to be started almost two years ago.  So,  when it's absence, this is how we approach and move forward.",Speaker 13
0:20:29.24,0:20:53.24,1229.24,1253.24,Nathan,"SAU 6 human resources and accounting (dual role; formerly SAU 6 IT director) (introduced as 'Nathan' [84], 'Nate' [114],[354]; surname not stated on this recording)","Again, I honestly can tell you that when the performance evaluation system is put in place.  So we're talking about putting together documentation, rubrics, training for managers,  and then how to place people on this scale.  Quite frankly, you're not talking about a large amount of money. So if you have somebody on 2%, the difference might be I'll get a half percent raise.",Speaker 13
0:20:53.44,0:20:58.09,1253.44,1258.09,Nathan,"SAU 6 human resources and accounting (dual role; formerly SAU 6 IT director) (introduced as 'Nathan' [84], 'Nate' [114],[354]; surname not stated on this recording)","Maybe somebody will get three.  But at the end of the day, it's a small amount of money.",Speaker 13
0:20:58.12,0:20:58.43,1258.12,1258.43,Michael Petrin,"SAU 6 Board member (Claremont) and SAU 6 Vice Chair per roster (answers 'Michael. Yes' [69]; the chair asks 'Marjorie or Mike' to present the superintendent evaluation work [445], which this voice then does [447]-[454]) (uncertain - cluster also absorbs clipped onsets of others; see overrides)",So.,Speaker 3
0:20:58.52,0:21:19.80,1258.52,1279.80,Sara Lowe,"SAU 6 Board Chair (Unity member; presides; answers 'Yes' when 'Lowe' is called in the roll-call vote [572]-[573]; addressed 'Sarah' [447]; cluster also absorbs Cory LeClair, see overrides)","And I'm not sure that the amount is the point. I think the, the, the point is that the board voted and the taxpayers voted to have something going as a merit pay, where raises will be based on performance. And that's not what happened.  And that's not what we, we put forward to the taxpayers. And that's not what they voted on.",Speaker 1
0:21:19.80,0:21:36.08,1279.80,1296.08,Sara Lowe,"SAU 6 Board Chair (Unity member; presides; answers 'Yes' when 'Lowe' is called in the roll-call vote [572]-[573]; addressed 'Sarah' [447]; cluster also absorbs Cory LeClair, see overrides)","So  I understand we can't change what has gone out for next year, but I think that it would make sense for us to say that before the following years, you know, please go out. We have that merit pay system in place and we have that to review.",Speaker 1
0:21:36.28,0:21:55.12,1296.28,1315.12,Nathan,"SAU 6 human resources and accounting (dual role; formerly SAU 6 IT director) (introduced as 'Nathan' [84], 'Nate' [114],[354]; surname not stated on this recording)","Yeah, I think if it if it can,  kind of settle and add some comfort to everyone's minds. This was the first year that Cornish was not with us.  And so as part of that we had made an adjustment in staffing. I think it was one and a half PhD's Mike, that we reduced the office.",Speaker 13
0:21:55.32,0:21:55.76,1315.32,1315.76,Michael O'Neill,"Business Administrator, SAU 6 (superintendent: 'Mike ... you're the business administrator' [247]; surname spelling per roster, unverified)",One one.,Speaker 14
0:21:55.76,0:22:22.00,1315.76,1342.00,Nathan,"SAU 6 human resources and accounting (dual role; formerly SAU 6 IT director) (introduced as 'Nathan' [84], 'Nate' [114],[354]; surname not stated on this recording)","And a half. Yeah. And so in the spirit of that, with everybody shuffling around, taking on responsibilities and essentially doing really the same scope of work,  that I be hard pressed to understand why we wouldn't give everyone a full raise, which would be 2%. So in that way, this would be the performance evaluation for our director saying everyone performed very well this year, and we all deserve the 2% that they're going to get.",Speaker 13
0:22:22.20,0:22:24.68,1342.20,1344.68,Sara Lowe,"SAU 6 Board Chair (Unity member; presides; answers 'Yes' when 'Lowe' is called in the roll-call vote [572]-[573]; addressed 'Sarah' [447]; cluster also absorbs Cory LeClair, see overrides)","You know, Steve had his hand up.",Speaker 1
0:22:24.76,0:22:27.68,1344.76,1347.68,Steven Horsky,"SAU 6 Board member (Claremont) (recognized 'Steve had his hand up' [143]; addressed 'Steve' [206],[215])",The one question I have is if I understood this.,Speaker 3
0:22:27.68,0:22:34.28,1347.68,1354.28,Steven Horsky,"SAU 6 Board member (Claremont) (recognized 'Steve had his hand up' [143]; addressed 'Steve' [206],[215])","Correctly, please correct me anywhere. I'm wrong. This has been in place for roughly two years. Correct. Or voted on two years ago?",Speaker 15
0:22:34.40,0:22:36.04,1354.40,1356.04,Nathan,"SAU 6 human resources and accounting (dual role; formerly SAU 6 IT director) (introduced as 'Nathan' [84], 'Nate' [114],[354]; surname not stated on this recording)","Yeah, I would say that's more accurate.",Speaker 13
0:22:36.08,0:22:44.48,1356.08,1364.48,Steven Horsky,"SAU 6 Board member (Claremont) (recognized 'Steve had his hand up' [143]; addressed 'Steve' [206],[215])","Okay. So with that said, how far are we on developing the evaluation? Because it doesn't I didn't hear a lot of confidence that the the evaluation is even developed yet.",Speaker 15
0:22:44.64,0:22:46.16,1364.64,1366.16,Nathan,"SAU 6 human resources and accounting (dual role; formerly SAU 6 IT director) (introduced as 'Nathan' [84], 'Nate' [114],[354]; surname not stated on this recording)",It's not.,Speaker 13
0:22:46.24,0:23:15.68,1366.24,1395.68,Sara Lowe,"SAU 6 Board Chair (Unity member; presides; answers 'Yes' when 'Lowe' is called in the roll-call vote [572]-[573]; addressed 'Sarah' [447]; cluster also absorbs Cory LeClair, see overrides)","So I think  that as a board who voted for funds to be used in that way, and,  I think that it would be fair for us to say that we understand we can't change the contracts that have gone out for next year, but that we need to make sure that that's in place, or  that the money that's in that pool for merit pay goes back to the taxpayers, because it is not, in fact, a merit pay pool that's being used.",Speaker 1
0:23:15.76,0:23:19.92,1395.76,1399.92,Sara Lowe,"SAU 6 Board Chair (Unity member; presides; answers 'Yes' when 'Lowe' is called in the roll-call vote [572]-[573]; addressed 'Sarah' [447]; cluster also absorbs Cory LeClair, see overrides)","Does that I mean, I'm just yeah.",Speaker 1
0:23:20.16,0:23:22.80,1400.16,1402.80,Michael O'Neill,"Business Administrator, SAU 6 (superintendent: 'Mike ... you're the business administrator' [247]; surname spelling per roster, unverified)",So for 20 years you voted to deliver a 2%.,Speaker 3
0:23:22.88,0:23:36.16,1402.88,1416.16,Michael O'Neill,"Business Administrator, SAU 6 (superintendent: 'Mike ... you're the business administrator' [247]; surname spelling per roster, unverified)",And that was okay. But we never went back and saw that people got 2%. We just we just assumed that they did. So I came up with a better idea to try to equalize salaries. And now it's not meeting the boy's needs. So I guess I just need to know what you want. What you guys want back from us?,Speaker 14
0:23:36.24,0:23:45.28,1416.24,1425.28,Sara Lowe,"SAU 6 Board Chair (Unity member; presides; answers 'Yes' when 'Lowe' is called in the roll-call vote [572]-[573]; addressed 'Sarah' [447]; cluster also absorbs Cory LeClair, see overrides)",We want you to. So you came and asked for a merit pay based raise system? Correct. And we voted money for that.,Speaker 1
0:23:45.36,0:24:02.36,1425.36,1442.36,Michael O'Neill,"Business Administrator, SAU 6 (superintendent: 'Mike ... you're the business administrator' [247]; surname spelling per roster, unverified)","And merits. Not necessarily from what you did next week, but what you did last week to. And I think that that's what we did is we took what we had and we allocated it based on the qualifications and experience of the people in the pool. So I mean, it's not like we didn't it's not like we just said, well, let's spend a week and give everybody whatever we want.",Speaker 14
0:24:02.40,0:24:05.00,1442.40,1445.00,Michael O'Neill,"Business Administrator, SAU 6 (superintendent: 'Mike ... you're the business administrator' [247]; surname spelling per roster, unverified)","I mean, we did take that into consideration. So I don't want to make it.",Speaker 14
0:24:05.00,0:24:07.28,1445.00,1447.28,Sara Lowe,"SAU 6 Board Chair (Unity member; presides; answers 'Yes' when 'Lowe' is called in the roll-call vote [572]-[573]; addressed 'Sarah' [447]; cluster also absorbs Cory LeClair, see overrides)",Sound like I'm not doubting that you made that.,Speaker 16
0:24:07.28,0:24:16.44,1447.28,1456.44,Sara Lowe,"SAU 6 Board Chair (Unity member; presides; answers 'Yes' when 'Lowe' is called in the roll-call vote [572]-[573]; addressed 'Sarah' [447]; cluster also absorbs Cory LeClair, see overrides)","Decision based on your best judgment.  My concern is that there isn't a system in place for saying, these are the merits that you have that earned.",Speaker 1
0:24:16.44,0:24:16.80,1456.44,1456.80,Michael Petrin,"SAU 6 Board member (Claremont) and SAU 6 Vice Chair per roster (answers 'Michael. Yes' [69]; the chair asks 'Marjorie or Mike' to present the superintendent evaluation work [445], which this voice then does [447]-[454]) (uncertain - cluster also absorbs clipped onsets of others; see overrides)",This.,Speaker 3
0:24:16.84,0:24:21.32,1456.84,1461.32,Michael O'Neill,"Business Administrator, SAU 6 (superintendent: 'Mike ... you're the business administrator' [247]; surname spelling per roster, unverified)","But and what we'll do is before we do the budget presentation for this year, we'll come back with a system that'll do.",Speaker 14
0:24:21.32,0:24:22.98,1461.32,1462.98,Sara Lowe,"SAU 6 Board Chair (Unity member; presides; answers 'Yes' when 'Lowe' is called in the roll-call vote [572]-[573]; addressed 'Sarah' [447]; cluster also absorbs Cory LeClair, see overrides)",That would be fantastic.,Speaker 1
0:24:23.06,0:24:23.92,1463.06,1463.92,Unidentified,Unidentified - cluster mixes the roll-call caller (not named on this recording) with clipped onsets of several members; see overrides,That's that's.,Speaker 4
0:24:24.00,0:24:24.36,1464.00,1464.36,Rebecca Zullo,"SAU 6 Board member (Claremont School Board Vice Chair) (recognized 'Rebecca' [116],[296])",The work you.,Speaker 11
0:24:24.36,0:24:26.24,1464.36,1466.24,Sara Lowe,"SAU 6 Board Chair (Unity member; presides; answers 'Yes' when 'Lowe' is called in the roll-call vote [572]-[573]; addressed 'Sarah' [447]; cluster also absorbs Cory LeClair, see overrides)",Put in. Yeah. And I do too. I'm just I just.,Speaker 1
0:24:26.24,0:24:26.60,1466.24,1466.60,Michael Petrin,"SAU 6 Board member (Claremont) and SAU 6 Vice Chair per roster (answers 'Michael. Yes' [69]; the chair asks 'Marjorie or Mike' to present the superintendent evaluation work [445], which this voice then does [447]-[454]) (uncertain - cluster also absorbs clipped onsets of others; see overrides)",Think.,Speaker 3
0:24:26.64,0:24:40.92,1466.64,1480.92,Michael O'Neill,"Business Administrator, SAU 6 (superintendent: 'Mike ... you're the business administrator' [247]; surname spelling per roster, unverified)","You know, and we work really hard to try to equalize people because it's frustrating when someone thinks, you know, I've been here another year, I need another 2% when they don't do any more work. And that's what frustrates me. And that's why we have to shift responsibilities. And we end up staying at all night at the office.",Speaker 14
0:24:41.04,0:24:41.44,1481.04,1481.44,Michael Petrin,"SAU 6 Board member (Claremont) and SAU 6 Vice Chair per roster (answers 'Michael. Yes' [69]; the chair asks 'Marjorie or Mike' to present the superintendent evaluation work [445], which this voice then does [447]-[454]) (uncertain - cluster also absorbs clipped onsets of others; see overrides)",Yeah.,Speaker 3
0:24:41.60,0:24:45.20,1481.60,1485.20,Sara Lowe,"SAU 6 Board Chair (Unity member; presides; answers 'Yes' when 'Lowe' is called in the roll-call vote [572]-[573]; addressed 'Sarah' [447]; cluster also absorbs Cory LeClair, see overrides)",I'm going to go Frank and then Carolyn and then Steve.,Speaker 1
0:24:45.28,0:25:09.56,1485.28,1509.56,Frank Sprague,SAU 6 Board member (Claremont School Board Chair) (thanked 'Frank' by Ben Nester [57]; recognized 'Frank' [167]; motion for nonpublic session credited to 'Frank' [560]),"The simplest merit pay system that I've seen in the area. I don't have to think any farther than Whalen. And they have a pool of money, their profits, and they, place high value on their employees being physically and mentally present and loyal. So perfect algorithm I think for merit pay system is are you are you loyal to us?",Speaker 8
0:25:09.56,0:25:21.60,1509.56,1521.60,Frank Sprague,SAU 6 Board member (Claremont School Board Chair) (thanked 'Frank' by Ben Nester [57]; recognized 'Frank' [167]; motion for nonpublic session credited to 'Frank' [560]),"Have you do you have longevity with us and how often are you there? So I mean, just a really basic,  you really want people there. So, so. And you want them to be loyal.",Speaker 8
0:25:21.80,0:25:26.88,1521.80,1526.88,Sara Lowe,"SAU 6 Board Chair (Unity member; presides; answers 'Yes' when 'Lowe' is called in the roll-call vote [572]-[573]; addressed 'Sarah' [447]; cluster also absorbs Cory LeClair, see overrides)","Well, and I don't want us to dictate what that merit system looks like. I just want there to be one in place.",Speaker 1
0:25:27.12,0:25:44.72,1527.12,1544.72,Nathan,"SAU 6 human resources and accounting (dual role; formerly SAU 6 IT director) (introduced as 'Nathan' [84], 'Nate' [114],[354]; surname not stated on this recording)","Yeah, and I'd say I'd like it to be consistent. So when we say we'll have it ready to go,  is anybody who works in private, you know, that merit system can take quite a bit of time to develop because of all those considerations. So I'd like us to put as much time and it consistent with what the board is willing to put up front for a merit pay system.",Speaker 13
0:25:44.88,0:26:02.45,1544.88,1562.45,Nathan,"SAU 6 human resources and accounting (dual role; formerly SAU 6 IT director) (introduced as 'Nathan' [84], 'Nate' [114],[354]; surname not stated on this recording)","So I'm going to ask the board then, since we're willing to do the work to put together a performance improvement system,  what would be a reasonable merit pay  percentage across the board for us to use as merit pool as 2%? Sounds a bit low.",Speaker 13
0:26:02.53,0:26:03.30,1562.53,1563.30,Unidentified,Unidentified - cluster mixes the roll-call caller (not named on this recording) with clipped onsets of several members; see overrides,And can I chime.,Speaker 4
0:26:03.30,0:26:04.54,1563.30,1564.54,Rebecca Zullo,"SAU 6 Board member (Claremont School Board Vice Chair) (recognized 'Rebecca' [116],[296])",In here with just a.,Speaker 11
0:26:04.62,0:26:10.78,1564.62,1570.78,Sara Lowe,"SAU 6 Board Chair (Unity member; presides; answers 'Yes' when 'Lowe' is called in the roll-call vote [572]-[573]; addressed 'Sarah' [447]; cluster also absorbs Cory LeClair, see overrides)","Not exactly sure of an answer to that right now, but I know I want to.",Speaker 1
0:26:10.86,0:26:16.30,1570.86,1576.30,Carolyn Towle,"SAU 6 Board member (Claremont) (recognized 'Carolyn' [125],[383],[513]; ASR 'Carolyn. Paul' [21], 'Carolyn. Tall' [571])",Are there job descriptions being developed and written for the.,Speaker 12
0:26:16.38,0:26:16.90,1576.38,1576.90,Rebecca Zullo,"SAU 6 Board member (Claremont School Board Vice Chair) (recognized 'Rebecca' [116],[296])",That's what I was.,Speaker 11
0:26:16.90,0:26:19.09,1576.90,1579.09,Carolyn Towle,"SAU 6 Board member (Claremont) (recognized 'Carolyn' [125],[383],[513]; ASR 'Carolyn. Paul' [21], 'Carolyn. Tall' [571])",Going for each and every. Okay.,Speaker 12
0:26:19.17,0:26:19.98,1579.17,1579.98,Michael Petrin,"SAU 6 Board member (Claremont) and SAU 6 Vice Chair per roster (answers 'Michael. Yes' [69]; the chair asks 'Marjorie or Mike' to present the superintendent evaluation work [445], which this voice then does [447]-[454]) (uncertain - cluster also absorbs clipped onsets of others; see overrides)",Those.,Speaker 3
0:26:20.06,0:26:23.73,1580.06,1583.73,Nathan,"SAU 6 human resources and accounting (dual role; formerly SAU 6 IT director) (introduced as 'Nathan' [84], 'Nate' [114],[354]; surname not stated on this recording)","Yeah. There's a couple probably need an update. But yeah, we we do have a job description.",Speaker 13
0:26:23.74,0:26:28.34,1583.74,1588.34,Carolyn Towle,"SAU 6 Board member (Claremont) (recognized 'Carolyn' [125],[383],[513]; ASR 'Carolyn. Paul' [21], 'Carolyn. Tall' [571])",Can it be transparent enough so that we could see them I mean bring us up to date on that.,Speaker 12
0:26:28.54,0:26:29.07,1588.54,1589.07,Michael Petrin,"SAU 6 Board member (Claremont) and SAU 6 Vice Chair per roster (answers 'Michael. Yes' [69]; the chair asks 'Marjorie or Mike' to present the superintendent evaluation work [445], which this voice then does [447]-[454]) (uncertain - cluster also absorbs clipped onsets of others; see overrides)",Yep.,Speaker 3
0:26:29.15,0:26:30.78,1589.15,1590.78,Carolyn Towle,"SAU 6 Board member (Claremont) (recognized 'Carolyn' [125],[383],[513]; ASR 'Carolyn. Paul' [21], 'Carolyn. Tall' [571])",Okay. That's fine.,Speaker 12
0:26:30.86,0:26:34.42,1590.86,1594.42,Sara Lowe,"SAU 6 Board Chair (Unity member; presides; answers 'Yes' when 'Lowe' is called in the roll-call vote [572]-[573]; addressed 'Sarah' [447]; cluster also absorbs Cory LeClair, see overrides)",Thank you Steve. And then we'll go Rebecca.,Speaker 1
0:26:34.50,0:26:54.14,1594.50,1614.14,Steven Horsky,"SAU 6 Board member (Claremont) (recognized 'Steve had his hand up' [143]; addressed 'Steve' [206],[215])","I guess the the key thing is, is that we've been working on this for two years and we haven't even gotten close to an evaluation. And I think what I would do at this point in time to kind of speed things along,  not to anyone's direct fault, but, I mean, we've had this in place for a while, and we don't even have a plan at all.",Speaker 15
0:26:54.38,0:27:01.42,1614.38,1621.42,Steven Horsky,"SAU 6 Board member (Claremont) (recognized 'Steve had his hand up' [143]; addressed 'Steve' [206],[215])",I would suggest that we freeze the spending of that account on the merit pool till we have something concrete.,Speaker 15
0:27:01.46,0:27:04.18,1621.46,1624.18,Sara Lowe,"SAU 6 Board Chair (Unity member; presides; answers 'Yes' when 'Lowe' is called in the roll-call vote [572]-[573]; addressed 'Sarah' [447]; cluster also absorbs Cory LeClair, see overrides)","The contracts are already out for next year, so we can't.",Speaker 1
0:27:04.26,0:27:10.20,1624.26,1630.20,Steven Horsky,"SAU 6 Board member (Claremont) (recognized 'Steve had his hand up' [143]; addressed 'Steve' [206],[215])","Those are we have a contractual obligation, but anything beyond that, I think we should freeze the money.",Speaker 15
0:27:10.28,0:27:36.10,1630.28,1656.10,Middleton McGoodwin,"Superintendent, SAU 6 (presents the director nomination [46]; addressed 'Middleton' [445],[550])","If I think your point is very fair. But the one thing that's missing in this discussion is if you went back 2 or 3 years and looked at the SA and what was happening and who's doing what and how we were doing business, we've gone through some major changes in the past three years. There are there are some individuals who are no longer working there because of their performance, and there are some individuals who were doing additional tasks that they weren't doing before.",Speaker 9
0:27:36.18,0:28:10.74,1656.18,1690.74,Middleton McGoodwin,"Superintendent, SAU 6 (presents the director nomination [46]; addressed 'Middleton' [445],[550])","We have we've also implemented technology Apple tracks, as well as an accounting system to prevent human errors and to maximize the taxpayers dollar. When I four years ago, you had one person at Saw six, would spend 3 to 3 and a half days manually checking timesheets of per professionals for errors. Insane, insane. Now that's gone.  And so we've been able to maximize our staff.",Speaker 9
0:28:10.74,0:28:34.54,1690.74,1714.54,Middleton McGoodwin,"Superintendent, SAU 6 (presents the director nomination [46]; addressed 'Middleton' [445],[550])","But where I'm going is that two years ago, we weren't we were still settling in.  If you even go back a year, you're looking at and look at different parts of the source six. You see different individuals or doing different things. So we have settled in. So we haven't been sort of dragging our feet for two years. We've been settling in for two years as we've restructured.",Speaker 9
0:28:34.54,0:28:49.22,1714.54,1729.22,Middleton McGoodwin,"Superintendent, SAU 6 (presents the director nomination [46]; addressed 'Middleton' [445],[550])","So I get your point. I understand that. And now I believe we're at a point where the engine is warm and we're humming, and now we now we kick start. Corey, please.",Speaker 9
0:28:49.30,0:28:57.82,1729.30,1737.82,Sara Lowe,"SAU 6 Board Chair (Unity member; presides; answers 'Yes' when 'Lowe' is called in the roll-call vote [572]-[573]; addressed 'Sarah' [447]; cluster also absorbs Cory LeClair, see overrides)","Get in line. Hang on. There's a line. So I think Rebecca was next, and then. Well, yeah. Go ahead.",Speaker 1
0:28:57.90,0:29:00.18,1737.90,1740.18,Rebecca Zullo,"SAU 6 Board member (Claremont School Board Vice Chair) (recognized 'Rebecca' [116],[296])",The only thing I wanted to say is you keep.,Speaker 4
0:29:00.26,0:29:40.18,1740.26,1780.18,Rebecca Zullo,"SAU 6 Board member (Claremont School Board Vice Chair) (recognized 'Rebecca' [116],[296])","We keep talking about 2% raises across the board. I'm just wondering about the person who  has taken on more responsibility and maybe deserves more than a 2% raise. I think that or the person who,  has shirked a lot of responsibility. And that's my only thing with the across the board pay raises, is I just, I've experienced that in other places, and I just think that it's so hard when you  go above and beyond, beyond in your job and you get a 2% raise, and then the girl in the next office, you know, has not gone, has not done anything extra, hasn't,  has maintained her job description, and she gets the same as you.",Speaker 11
0:29:40.18,0:29:49.94,1780.18,1789.94,Rebecca Zullo,"SAU 6 Board member (Claremont School Board Vice Chair) (recognized 'Rebecca' [116],[296])",I think it's just something to think about. And that's why I think the performance valuations are would be a good thing because that that way you can gauge.,Speaker 11
0:29:50.02,0:29:55.18,1790.02,1795.18,Sara Lowe,"SAU 6 Board Chair (Unity member; presides; answers 'Yes' when 'Lowe' is called in the roll-call vote [572]-[573]; addressed 'Sarah' [447]; cluster also absorbs Cory LeClair, see overrides)","Okay, I'm going to go Marge and then Steve and then Bob. Sorry.",Speaker 1
0:29:55.26,0:29:55.50,1795.26,1795.50,Unidentified,Unidentified - cluster mixes the roll-call caller (not named on this recording) with clipped onsets of several members; see overrides,I'll be.,Speaker 4
0:29:55.50,0:29:57.82,1795.50,1797.82,Michael Petrin,"SAU 6 Board member (Claremont) and SAU 6 Vice Chair per roster (answers 'Michael. Yes' [69]; the chair asks 'Marjorie or Mike' to present the superintendent evaluation work [445], which this voice then does [447]-[454]) (uncertain - cluster also absorbs clipped onsets of others; see overrides)",Real quick.,Speaker 3
0:29:57.90,0:29:59.66,1797.90,1799.66,Sara Lowe,"SAU 6 Board Chair (Unity member; presides; answers 'Yes' when 'Lowe' is called in the roll-call vote [572]-[573]; addressed 'Sarah' [447]; cluster also absorbs Cory LeClair, see overrides)",So where we.,Speaker 1
0:29:59.66,0:30:00.70,1799.66,1800.70,Carolyn Towle,"SAU 6 Board member (Claremont) (recognized 'Carolyn' [125],[383],[513]; ASR 'Carolyn. Paul' [21], 'Carolyn. Tall' [571])",Are is that you're you're.,Speaker 12
0:30:00.70,0:30:01.10,1800.70,1801.10,Sara Lowe,"SAU 6 Board Chair (Unity member; presides; answers 'Yes' when 'Lowe' is called in the roll-call vote [572]-[573]; addressed 'Sarah' [447]; cluster also absorbs Cory LeClair, see overrides)",Putting.,Speaker 1
0:30:01.10,0:30:29.14,1801.10,1829.14,Marjorie Erickson,"SAU 6 Board member (Unity) (the chair asks 'Marjorie' to present [445]; 'Corey is getting Marjorie online' [472] while this voice emails the draft [527]; ASR 'Maggie Erickson' [21], 'Nigel Erickson' [571])","You're now going to develop the performance evaluation.  And I guess as part of that, based on what I've heard you say and Rebecca and others, I'd be willing to to  listen to proposals on what you think should be in that pool, to give people appropriate raises based on the evaluation system that you put together. I mean,  I'm not willing to extend money until I see that.",Speaker 17
0:30:29.18,0:30:39.18,1829.18,1839.18,Marjorie Erickson,"SAU 6 Board member (Unity) (the chair asks 'Marjorie' to present [445]; 'Corey is getting Marjorie online' [472] while this voice emails the draft [527]; ASR 'Maggie Erickson' [21], 'Nigel Erickson' [571])","But if you can come to us with a proposal on what you think should be in there based and support it with your system, then I'd be willing to consider it.",Speaker 17
0:30:39.38,0:30:40.62,1839.38,1840.62,Sara Lowe,"SAU 6 Board Chair (Unity member; presides; answers 'Yes' when 'Lowe' is called in the roll-call vote [572]-[573]; addressed 'Sarah' [447]; cluster also absorbs Cory LeClair, see overrides)",That makes yeah.,Speaker 1
0:30:40.70,0:30:46.82,1840.70,1846.82,Nathan,"SAU 6 human resources and accounting (dual role; formerly SAU 6 IT director) (introduced as 'Nathan' [84], 'Nate' [114],[354]; surname not stated on this recording)",I can see if I can make that create that marriage in the document. So put something forward. Thank you Steve.,Speaker 13
0:30:46.90,0:31:06.54,1846.90,1866.54,Steven Horsky,"SAU 6 Board member (Claremont) (recognized 'Steve had his hand up' [143]; addressed 'Steve' [206],[215])","I mean, I'm just looking at it from I guess I'm looking  at it as just a taxpayer as well.  We've gone through a pretty beat up economy, and I know that there were several years that I didn't get an automatic 2% raise.  Just because that's what it took. And we continue, we're beating up the taxpayer by by continually giving raises.",Speaker 15
0:31:06.54,0:31:24.58,1866.54,1884.58,Steven Horsky,"SAU 6 Board member (Claremont) (recognized 'Steve had his hand up' [143]; addressed 'Steve' [206],[215])","And I'm sure I'm not the only taxpayer that's been in that boat that didn't get a raise. The bigger problem I see with this is that we put something in place. We don't have a plan. The money has been used in other areas. I understand we have contractual obligations, and that's why I still suggest freezing the money until that proposal is put in place.",Speaker 15
0:31:24.62,0:31:24.92,1884.62,1884.92,Michael Petrin,"SAU 6 Board member (Claremont) and SAU 6 Vice Chair per roster (answers 'Michael. Yes' [69]; the chair asks 'Marjorie or Mike' to present the superintendent evaluation work [445], which this voice then does [447]-[454]) (uncertain - cluster also absorbs clipped onsets of others; see overrides)",Yeah.,Speaker 3
0:31:25.08,0:31:30.42,1885.08,1890.42,Unidentified,Unidentified - cluster mixes the roll-call caller (not named on this recording) with clipped onsets of several members; see overrides,"I need to correct some of your thinking, if you don't mind. Okay. So,",Speaker 4
0:31:30.50,0:31:32.42,1890.50,1892.42,Sara Lowe,"SAU 6 Board Chair (Unity member; presides; answers 'Yes' when 'Lowe' is called in the roll-call vote [572]-[573]; addressed 'Sarah' [447]; cluster also absorbs Cory LeClair, see overrides)",And I think it's a matter of semantics.,Speaker 1
0:31:32.54,0:31:34.46,1892.54,1894.46,Unidentified,Unidentified - cluster mixes the roll-call caller (not named on this recording) with clipped onsets of several members; see overrides,It's not.,Speaker 4
0:31:34.54,0:31:37.14,1894.54,1897.14,Carolyn Towle,"SAU 6 Board member (Claremont) (recognized 'Carolyn' [125],[383],[513]; ASR 'Carolyn. Paul' [21], 'Carolyn. Tall' [571])",New identity. I think we need to identify ourselves.,Speaker 12
0:31:37.38,0:31:38.06,1897.38,1898.06,Unidentified,Unidentified - cluster mixes the roll-call caller (not named on this recording) with clipped onsets of several members; see overrides,Corey.,Speaker 4
0:31:38.14,0:32:15.94,1898.14,1935.94,Cory LeClair,"Assistant Superintendent, SAU 6 (recognized 'Corey' [214]; the superintendent asks 'Corey' to report on property searches [278])","It's not that nothing has been done for two years, Steve. It's that you can't evaluate performance if you don't know what the performance is supposed to be. So what we've done over the past two years is define the responsibilities and the performance that is expected in those positions. And so now we can start to create an evaluation system, because responsibilities have changed so dramatically for every position over the last 24 months as we've gone through the transition of Cornish withdrawing and restructuring and budget reductions and things of that nature, we've had to take the time to define what it is that we expect from each of those positions, and what are the responsibilities assigned to",Speaker 1
0:32:15.98,0:32:41.50,1935.98,1961.50,Cory LeClair,,"those. Nathan mentioned that some job descriptions need to be tweaked still, and that is the case because even though a job description exists, for instance, for a particular individual, it's not  in every case, it's not reflecting the full scope of their work as we've continued to adjust the budget. So to to its subdivided semantics, it's not to say that we have a fully developed performance evaluation system, because we absolutely do not.",Speaker 1
0:32:41.50,0:32:58.26,1961.50,1978.26,Cory LeClair,,"That's that's true. However, it's not that nothing has been done and no plan is in place. It's that a baseline needed to be established in order for an evaluation system to be able to be implemented. So it's just a matter of semantics that needs to be, I think, clarified so we can move the conversation forward.",Speaker 1
0:32:58.30,0:33:04.26,1978.30,1984.26,Steven Horsky,"SAU 6 Board member (Claremont) (recognized 'Steve had his hand up' [143]; addressed 'Steve' [206],[215])",So essentially it's just bad timing with Cornish pulling out at the same time the merit pool was put into play. I mean.,Speaker 15
0:33:04.50,0:33:27.46,1984.50,2007.46,Cory LeClair,,"I think that's a component of it. I don't think that's fully everything, but I think that that's a large component of it because we ended up,  reducing two FTEs over the course of 24 months, but not two individual bodies necessarily. It wasn't like we could just cut the payroll person and cut this person. It was you take two bodies out and have to redistribute those responsibilities.",Speaker 1
0:33:27.46,0:33:56.86,2007.46,2036.86,Cory LeClair,,"And those didn't happen all at one time. It's not like they happened exactly at the end of 2016, and we were able to just reshuffle once. It was half an Ft here, half an FTE here, or 1.0 here. So it happened,  sporadically over that 24 month period as well. And so we are at the point now where we absolutely  are positioned to put a performance valuation plan in place.",Speaker 1
0:33:56.86,0:34:17.30,2036.86,2057.30,Cory LeClair,,"And I think Carolyn sort of spoke to it earlier of a cart and horse scenario to some degree that we ran into. And so, you know, when the board voted to put a performance evaluation system in place, that's great, but there was nothing to put it in place on or  were with  our merit system,  a system based on performance evaluation.",Speaker 1
0:34:17.30,0:34:25.82,2057.30,2065.82,Cory LeClair,,We didn't have a performance evaluation system in place to to have that merit system be on top of it. So we've had to create that.  And that's been messy.,Speaker 1
0:34:25.86,0:34:27.94,2065.86,2067.94,Middleton McGoodwin,"Superintendent, SAU 6 (presents the director nomination [46]; addressed 'Middleton' [445],[550])",Yeah. I would just say if I may.,Speaker 9
0:34:28.02,0:34:31.82,2068.02,2071.82,Sara Lowe,"SAU 6 Board Chair (Unity member; presides; answers 'Yes' when 'Lowe' is called in the roll-call vote [572]-[573]; addressed 'Sarah' [447]; cluster also absorbs Cory LeClair, see overrides)",But if Bob's sorry. Yeah. Go ahead.,Speaker 18
0:34:31.90,0:34:38.10,2071.90,2078.10,Robert McDevitt,"SAU 6 Board member (Unity), participating by phone ('Here on the phone' [22]; 'McDevitt. Abstain' [40]; answers 'Yes' after 'Bob McDevitt' [76]-[77]; recognized 'Bob' [224])",Thank you. I believe that this comes down and.,Speaker 2
0:34:38.18,0:34:39.82,2078.18,2079.82,Robert McDevitt,,Gets put on the board shoulders.,Speaker 7
0:34:39.94,0:35:09.18,2079.94,2109.18,Robert McDevitt,"SAU 6 Board member (Unity), participating by phone ('Here on the phone' [22]; 'McDevitt. Abstain' [40]; answers 'Yes' after 'Bob McDevitt' [76]-[77]; recognized 'Bob' [224])","Because the board did not clarify whether or not there was anything in place for, for, for the basis of job description and where you were, where the starting point was. And, and if they did not have a starting point, if they did not have job descriptions in place and the jobs were changing, then then, you know, it's all well and good to say, go ahead, have merit pay.",Speaker 2
0:35:09.38,0:35:48.26,2109.38,2148.26,Robert McDevitt,"SAU 6 Board member (Unity), participating by phone ('Here on the phone' [22]; 'McDevitt. Abstain' [40]; answers 'Yes' after 'Bob McDevitt' [76]-[77]; recognized 'Bob' [224])","But if you don't have the bases on start from then, then there's a problem. And what I see is that the saw  corrected this and did what they needed to do. Now, it took two years to do so, and because Cornish point out it changed some of the job descriptions. But but I honestly believe that they're on the right path and that what we need to do is let them develop that the the, the merit merit pay plan and directive and, and, and see what it's like and then vote on that,  before the next pay goes out.",Speaker 2
0:35:48.26,0:36:04.80,2148.26,2164.80,Robert McDevitt,"SAU 6 Board member (Unity), participating by phone ('Here on the phone' [22]; 'McDevitt. Abstain' [40]; answers 'Yes' after 'Bob McDevitt' [76]-[77]; recognized 'Bob' [224])","But they did have to balance out where what people were being paid and how they were being paid, and they needed money to do that. Now, nobody said that they could only use it for merit pay. They said they could use it for the merit pay system.",Speaker 2
0:36:04.88,0:36:08.44,2164.88,2168.44,Robert McDevitt,"SAU 6 Board member (Unity), participating by phone ('Here on the phone' [22]; 'McDevitt. Abstain' [40]; answers 'Yes' after 'Bob McDevitt' [76]-[77]; recognized 'Bob' [224])",Any thoughts on that?,Speaker 2
0:36:08.52,0:36:18.20,2168.52,2178.20,Sara Lowe,"SAU 6 Board Chair (Unity member; presides; answers 'Yes' when 'Lowe' is called in the roll-call vote [572]-[573]; addressed 'Sarah' [447]; cluster also absorbs Cory LeClair, see overrides)","No. I think my point is simply just I think before we do the next round of this, it would be good to have that system in place that.",Speaker 18
0:36:18.28,0:36:19.56,2178.28,2179.56,Michael Petrin,"SAU 6 Board member (Claremont) and SAU 6 Vice Chair per roster (answers 'Michael. Yes' [69]; the chair asks 'Marjorie or Mike' to present the superintendent evaluation work [445], which this voice then does [447]-[454]) (uncertain - cluster also absorbs clipped onsets of others; see overrides)",Better define system.,Speaker 3
0:36:19.64,0:36:46.36,2179.64,2206.36,Nathan,"SAU 6 human resources and accounting (dual role; formerly SAU 6 IT director) (introduced as 'Nathan' [84], 'Nate' [114],[354]; surname not stated on this recording)","Yeah. Yeah, absolutely. And not the belabor, but just that a little color to what Corey said. Because I'm directly related to this. Right. So I'll be working on this directly.  Part of that shuffling was that our former HR director  had left, and that shuffling resulted in  I moved over from,  from the IT director position and took on a dual role.",Speaker 13
0:36:46.44,0:37:10.44,2206.44,2230.44,Nathan,"SAU 6 human resources and accounting (dual role; formerly SAU 6 IT director) (introduced as 'Nathan' [84], 'Nate' [114],[354]; surname not stated on this recording)","So before we had a full time HR director and a full time accountant, those two positions got blended into one.  So for for obvious reasons, the performance evaluation system wasn't on the top of the goals. We've accomplished a lot more than that in many different areas. And to quarry's point, we are in a place where we can put that together.",Speaker 13
0:37:10.52,0:37:33.92,2230.52,2253.92,Nathan,"SAU 6 human resources and accounting (dual role; formerly SAU 6 IT director) (introduced as 'Nathan' [84], 'Nate' [114],[354]; surname not stated on this recording)","So I'm going to make it my number one priority.  And mostly because I want to make sure that it's ready to go when Mike puts together a proposal for the budget for the SA budget.  That way we're all on the same page. When we start, we know what it is we're trying to achieve, what that merit pool should look like, appropriate to the performance evaluation that will be placing, relative to our employees.",Speaker 13
0:37:34.00,0:37:58.48,2254.00,2278.48,Nathan,"SAU 6 human resources and accounting (dual role; formerly SAU 6 IT director) (introduced as 'Nathan' [84], 'Nate' [114],[354]; surname not stated on this recording)","And we're going to also make sure that we furnished with up to date job descriptions, most of which are complete now.  So,  hopefully we can pull all that together in the next few weeks. We do have health insurance enrollments, and we do have contract season right now. So that's a busy time for us, but  we'll do our best to get all this done, and I'm sure we're going to come out.",Speaker 13
0:37:58.56,0:38:21.88,2278.56,2301.88,Nathan,"SAU 6 human resources and accounting (dual role; formerly SAU 6 IT director) (introduced as 'Nathan' [84], 'Nate' [114],[354]; surname not stated on this recording)","I'm going to come out looking really good together. This will be a this will be a great team project for all of us. I will tell you, my philosophy is keep it simple. So when I was the IT director, I did do performance evaluations and I had only three questions that I asked. One was,  how do you believe that you supported the mission of the department and and the saw.",Speaker 13
0:38:21.96,0:38:42.44,2301.96,2322.44,Nathan,"SAU 6 human resources and accounting (dual role; formerly SAU 6 IT director) (introduced as 'Nathan' [84], 'Nate' [114],[354]; surname not stated on this recording)","What is it that you believe you need to perform and grow? And I don't remember the exact wording, but essentially to develop yourself.  And, and then the third question was, what do you need for me as your, as your manager? So,  open ended. It could go any which way if somebody was having communication issues.",Speaker 13
0:38:42.44,0:39:10.28,2322.44,2350.28,Nathan,"SAU 6 human resources and accounting (dual role; formerly SAU 6 IT director) (introduced as 'Nathan' [84], 'Nate' [114],[354]; surname not stated on this recording)","We talk about that. I didn't need a communication button  bullet in the document. These things can become 12 pages. That's not my goal. If I can fit it on one, two, at best, that would be my goal. So  I hope you'll understand that when that comes forward. There's a lot of people here with a lot of thoughts, and I know you've all been evaluated by your managers, and everybody has their own view of what a good merit system is, but I am going to be keeping it simple.",Speaker 13
0:39:10.32,0:39:11.44,2350.32,2351.44,Nathan,"SAU 6 human resources and accounting (dual role; formerly SAU 6 IT director) (introduced as 'Nathan' [84], 'Nate' [114],[354]; surname not stated on this recording)",So okay.,Speaker 13
0:39:11.52,0:39:12.40,2351.52,2352.40,Michael Petrin,"SAU 6 Board member (Claremont) and SAU 6 Vice Chair per roster (answers 'Michael. Yes' [69]; the chair asks 'Marjorie or Mike' to present the superintendent evaluation work [445], which this voice then does [447]-[454]) (uncertain - cluster also absorbs clipped onsets of others; see overrides)",Thank you.,Speaker 3
0:39:12.48,0:39:19.40,2352.48,2359.40,Sara Lowe,"SAU 6 Board Chair (Unity member; presides; answers 'Yes' when 'Lowe' is called in the roll-call vote [572]-[573]; addressed 'Sarah' [447]; cluster also absorbs Cory LeClair, see overrides)",Does anyone have any other thoughts on this or can we end this. Okay. Thank you.,Speaker 18
0:39:19.48,0:39:27.20,2359.48,2367.20,Sara Lowe,"SAU 6 Board Chair (Unity member; presides; answers 'Yes' when 'Lowe' is called in the roll-call vote [572]-[573]; addressed 'Sarah' [447]; cluster also absorbs Cory LeClair, see overrides)",Okay. Next item is the saw six fiscal year 20 budget.,Speaker 18
0:39:27.28,0:39:30.57,2367.28,2370.57,Michael Petrin,"SAU 6 Board member (Claremont) and SAU 6 Vice Chair per roster (answers 'Michael. Yes' [69]; the chair asks 'Marjorie or Mike' to present the superintendent evaluation work [445], which this voice then does [447]-[454]) (uncertain - cluster also absorbs clipped onsets of others; see overrides)",Hard to believe. The one thing I would really appreciate.,Speaker 3
0:39:30.57,0:39:59.72,2370.57,2399.72,Middleton McGoodwin,"Superintendent, SAU 6 (presents the director nomination [46]; addressed 'Middleton' [445],[550])","A discussion from all of you as a group, is a discussion about your expectations for fiscal year 20 budget.  The fiscal year 19 budget  is is a little less than the current budget. So that that good thing. But it's important going out of the gate as this budget is developed. And we had meetings June 14th, August 23rd, September 13th, October 18th, November 8th.",Speaker 9
0:39:59.76,0:40:27.72,2399.76,2427.72,Middleton McGoodwin,"Superintendent, SAU 6 (presents the director nomination [46]; addressed 'Middleton' [445],[550])","Hopefully by the by the 13th of September or the 18th of October, we're done. But to facilitate that, it's important that we have a discussion as to what your expectations are at the end of the day for fiscal year 20. And that will, that, that will allow us to have some direction. And, so it's about expectations.",Speaker 9
0:40:27.80,0:40:33.36,2427.80,2433.36,Middleton McGoodwin,"Superintendent, SAU 6 (presents the director nomination [46]; addressed 'Middleton' [445],[550])","We and Mike, would you like to add your $0.02 saying you're the business administrator?",Speaker 9
0:40:33.44,0:40:51.72,2433.44,2451.72,Michael O'Neill,"Business Administrator, SAU 6 (superintendent: 'Mike ... you're the business administrator' [247]; surname spelling per roster, unverified)","Actually, I'll add a nickels worth.  There's been a lot of questions about budget line items and budget line item detail. I have some reports that I'm going to distribute tonight, not for discussion tonight, but that had been requested,  which basically goes through every single invoice and every single account so that people can see where the money's going.",Speaker 14
0:40:51.80,0:41:09.88,2451.80,2469.88,Michael O'Neill,"Business Administrator, SAU 6 (superintendent: 'Mike ... you're the business administrator' [247]; surname spelling per roster, unverified)","I couldn't do payroll because basically I can't tell everybody what health insurance plan everybody is on, and I don't want to get myself in that kind of trouble. So I did I  didn't count I reported that I called expenditure 300 to 800. Now, as people have been around me long enough, know I talk in numbers and I don't mean to do that, but that's how I do it.",Speaker 14
0:41:09.96,0:41:31.56,2469.96,2491.56,Michael O'Neill,"Business Administrator, SAU 6 (superintendent: 'Mike ... you're the business administrator' [247]; surname spelling per roster, unverified)","300 to 800 basically means any  object code, which is not salaries and benefits. So you have all of the other line items of the budget. Contracted services,  supplies, copiers, all that stuff which I'll distribute to everybody, as well as an expenditure report, which I hope will make it easier for people as we go through the budget process to understand what's in some of these lines.",Speaker 14
0:41:31.64,0:41:45.24,2491.64,2505.24,Michael O'Neill,"Business Administrator, SAU 6 (superintendent: 'Mike ... you're the business administrator' [247]; surname spelling per roster, unverified)","But I just wanted to know,  you know, just an expectation of what you guys think about the budget.  Obviously some of you haven't had much experience with it, but that's why I'm going to give out this document. So and that's you know, we just wanted direction.",Speaker 14
0:41:45.48,0:41:46.52,2505.48,2506.52,Unidentified,Unidentified - cluster mixes the roll-call caller (not named on this recording) with clipped onsets of several members; see overrides,Mike what did you say.,Speaker 4
0:41:46.76,0:41:51.40,2506.76,2511.40,Rebecca Zullo,"SAU 6 Board member (Claremont School Board Vice Chair) (recognized 'Rebecca' [116],[296])",Expenditure 300 to 800. Are any object code. That is not what.,Speaker 11
0:41:51.48,0:41:52.60,2511.48,2512.60,Michael O'Neill,"Business Administrator, SAU 6 (superintendent: 'Mike ... you're the business administrator' [247]; surname spelling per roster, unverified)",Salaries of benefits.,Speaker 14
0:41:52.64,0:41:53.04,2512.64,2513.04,Michael Petrin,"SAU 6 Board member (Claremont) and SAU 6 Vice Chair per roster (answers 'Michael. Yes' [69]; the chair asks 'Marjorie or Mike' to present the superintendent evaluation work [445], which this voice then does [447]-[454]) (uncertain - cluster also absorbs clipped onsets of others; see overrides)",Yeah.,Speaker 3
0:41:53.12,0:41:55.60,2513.12,2515.60,Sara Lowe,"SAU 6 Board Chair (Unity member; presides; answers 'Yes' when 'Lowe' is called in the roll-call vote [572]-[573]; addressed 'Sarah' [447]; cluster also absorbs Cory LeClair, see overrides)",Basically payroll stuff.,Speaker 1
0:41:55.68,0:42:11.72,2515.68,2531.72,Michael O'Neill,"Business Administrator, SAU 6 (superintendent: 'Mike ... you're the business administrator' [247]; surname spelling per roster, unverified)","But the interesting thing you're going to see is it's also about 5%, 6% of our budget I think because most of it is salary and benefits. But but I have provided, for the meeting, two meetings to go. There was a list of everybody by account number. So we know everybody's getting paid what they're getting paid and where they're getting paid out of.",Speaker 14
0:42:11.76,0:42:18.14,2531.76,2538.14,Michael O'Neill,"Business Administrator, SAU 6 (superintendent: 'Mike ... you're the business administrator' [247]; surname spelling per roster, unverified)",So you should have that information as well.,Speaker 14
0:42:18.22,0:42:22.22,2538.22,2542.22,Michael Petrin,"SAU 6 Board member (Claremont) and SAU 6 Vice Chair per roster (answers 'Michael. Yes' [69]; the chair asks 'Marjorie or Mike' to present the superintendent evaluation work [445], which this voice then does [447]-[454]) (uncertain - cluster also absorbs clipped onsets of others; see overrides)",Could you you you.,Speaker 3
0:42:22.30,0:42:36.20,2542.30,2556.20,Michael O'Neill,"Business Administrator, SAU 6 (superintendent: 'Mike ... you're the business administrator' [247]; surname spelling per roster, unverified)",And again these are not to discuss tonight. It's just something for people to take back at. They have questions I'm sure I'll be happy to answer them.,Speaker 14
0:42:36.28,0:42:44.40,2556.28,2564.40,Middleton McGoodwin,"Superintendent, SAU 6 (presents the director nomination [46]; addressed 'Middleton' [445],[550])","I would be I would be glad to email Bob McDevitt.  And Jason, this document.",Speaker 9
0:42:44.48,0:42:45.56,2564.48,2565.56,Sara Lowe,"SAU 6 Board Chair (Unity member; presides; answers 'Yes' when 'Lowe' is called in the roll-call vote [572]-[573]; addressed 'Sarah' [447]; cluster also absorbs Cory LeClair, see overrides)",And Michelle.,Speaker 18
0:42:45.80,0:42:45.92,2565.80,2565.92,Michael Petrin,"SAU 6 Board member (Claremont) and SAU 6 Vice Chair per roster (answers 'Michael. Yes' [69]; the chair asks 'Marjorie or Mike' to present the superintendent evaluation work [445], which this voice then does [447]-[454]) (uncertain - cluster also absorbs clipped onsets of others; see overrides)",And.,Speaker 3
0:42:45.92,0:42:46.56,2565.92,2566.56,Middleton McGoodwin,"Superintendent, SAU 6 (presents the director nomination [46]; addressed 'Middleton' [445],[550])",Michelle Pierce.,Speaker 9
0:42:46.56,0:42:46.96,2566.56,2566.96,Michael Petrin,"SAU 6 Board member (Claremont) and SAU 6 Vice Chair per roster (answers 'Michael. Yes' [69]; the chair asks 'Marjorie or Mike' to present the superintendent evaluation work [445], which this voice then does [447]-[454]) (uncertain - cluster also absorbs clipped onsets of others; see overrides)",That's right.,Speaker 3
0:42:46.96,0:43:19.40,2566.96,2599.40,Sara Lowe,"SAU 6 Board Chair (Unity member; presides; answers 'Yes' when 'Lowe' is called in the roll-call vote [572]-[573]; addressed 'Sarah' [447]; cluster also absorbs Cory LeClair, see overrides)","Yeah. So I guess part of this discussion I  wonder about is last year we had I think it was last year we had discussed, your the essay, you potentially looking at, different options that would for an s a building that would work better for, for you and wouldn't be as costly to heat and wouldn't need as much maintenance as,  the current building has.",Speaker 18
0:43:19.52,0:43:31.08,2599.52,2611.08,Sara Lowe,"SAU 6 Board Chair (Unity member; presides; answers 'Yes' when 'Lowe' is called in the roll-call vote [572]-[573]; addressed 'Sarah' [447]; cluster also absorbs Cory LeClair, see overrides)","So I'm, I guess before we talk about, like, the expectations related to the budget, I'd love to know a little bit about.",Speaker 18
0:43:31.16,0:43:33.92,2611.16,2613.92,Sara Lowe,"SAU 6 Board Chair (Unity member; presides; answers 'Yes' when 'Lowe' is called in the roll-call vote [572]-[573]; addressed 'Sarah' [447]; cluster also absorbs Cory LeClair, see overrides)",Your thoughts on that.,Speaker 18
0:43:34.00,0:43:38.40,2614.00,2618.40,Middleton McGoodwin,"Superintendent, SAU 6 (presents the director nomination [46]; addressed 'Middleton' [445],[550])",It's been a discussion that started in 2014.,Speaker 9
0:43:38.56,0:43:39.08,2618.56,2619.08,Michael Petrin,"SAU 6 Board member (Claremont) and SAU 6 Vice Chair per roster (answers 'Michael. Yes' [69]; the chair asks 'Marjorie or Mike' to present the superintendent evaluation work [445], which this voice then does [447]-[454]) (uncertain - cluster also absorbs clipped onsets of others; see overrides)",Yeah.,Speaker 3
0:43:39.12,0:44:02.40,2619.12,2642.40,Middleton McGoodwin,"Superintendent, SAU 6 (presents the director nomination [46]; addressed 'Middleton' [445],[550])","It's a four year old discussion.  We even came very recently to one  a law offices just down down the street of Broad Street. Yeah. I will tell you that Corey LeClaire has taken a lead looking at different buildings to expand some of our current programs, or at least to relocate some of our current programs, such as our programs that are in the tech center.",Speaker 9
0:44:02.40,0:44:19.72,2642.40,2659.72,Middleton McGoodwin,"Superintendent, SAU 6 (presents the director nomination [46]; addressed 'Middleton' [445],[550])","There just aren't appropriate not CC programs, but other programs that would be better suited than another setting.  And and we have not done well because  of the investment that it would require in order to have it be retrofitted.",Speaker 9
0:44:24.32,0:44:51.12,2664.32,2691.12,Middleton McGoodwin,"Superintendent, SAU 6 (presents the director nomination [46]; addressed 'Middleton' [445],[550])","And I've had conversation with Ryan McNutt because when we talk about the tax dollar, we're talking about the impact on the city, let alone the impact on, on, on the school district. So,  this this process continues.  But we have not we, we, we came that close to that yellow building beside Stephen's High School, and then the price just went out of control.",Speaker 9
0:44:51.12,0:44:52.16,2691.12,2692.16,Michael Petrin,"SAU 6 Board member (Claremont) and SAU 6 Vice Chair per roster (answers 'Michael. Yes' [69]; the chair asks 'Marjorie or Mike' to present the superintendent evaluation work [445], which this voice then does [447]-[454]) (uncertain - cluster also absorbs clipped onsets of others; see overrides)",Just jumped.,Speaker 3
0:44:52.24,0:45:16.27,2692.24,2716.27,Middleton McGoodwin,"Superintendent, SAU 6 (presents the director nomination [46]; addressed 'Middleton' [445],[550])","Like a volcano in Hawaii. And then we've had other buildings that we've looked at and these other buildings in, in Claremont. Great fit architect comes in and junior comes in,  tells us two, three, $400,000 to bring it up to school code. But the building isn't the school. And in order to make it a school, certain things have to occur.",Speaker 9
0:45:16.28,0:45:29.23,2716.28,2729.23,Middleton McGoodwin,"Superintendent, SAU 6 (presents the director nomination [46]; addressed 'Middleton' [445],[550])","So I'm not saying the sky is falling and we're never going to get this error, but we I don't have a specific progress report to tell you. These are the buildings that we now have in place. But I would ask Corey to jump in.",Speaker 9
0:45:29.31,0:45:29.84,2729.31,2729.84,Frank Sprague,SAU 6 Board member (Claremont School Board Chair) (thanked 'Frank' by Ben Nester [57]; recognized 'Frank' [167]; motion for nonpublic session credited to 'Frank' [560]),"Okay, just.",Speaker 3
0:45:29.84,0:45:32.88,2729.84,2732.88,Frank Sprague,SAU 6 Board member (Claremont School Board Chair) (thanked 'Frank' by Ben Nester [57]; recognized 'Frank' [167]; motion for nonpublic session credited to 'Frank' [560]),Clarifying question. We talked about the essay you are we talking about.,Speaker 8
0:45:33.04,0:45:35.40,2733.04,2735.40,Sara Lowe,"SAU 6 Board Chair (Unity member; presides; answers 'Yes' when 'Lowe' is called in the roll-call vote [572]-[573]; addressed 'Sarah' [447]; cluster also absorbs Cory LeClair, see overrides)",My question was about the essay building.,Speaker 18
0:45:35.44,0:45:49.44,2735.44,2749.44,Middleton McGoodwin,"Superintendent, SAU 6 (presents the director nomination [46]; addressed 'Middleton' [445],[550])","And I'm  a combination of both. Yeah, because we talked about the essay as well. Relocating the saw, moving the essay. And could our current doll building be retrofitted to another, more potential use?",Speaker 9
0:45:49.66,0:45:52.12,2749.66,2752.12,Michael Petrin,"SAU 6 Board member (Claremont) and SAU 6 Vice Chair per roster (answers 'Michael. Yes' [69]; the chair asks 'Marjorie or Mike' to present the superintendent evaluation work [445], which this voice then does [447]-[454]) (uncertain - cluster also absorbs clipped onsets of others; see overrides)","Okay, okay. Yeah. Sorry.",Speaker 3
0:45:52.20,0:46:01.60,2752.20,2761.60,Frank Sprague,SAU 6 Board member (Claremont School Board Chair) (thanked 'Frank' by Ben Nester [57]; recognized 'Frank' [167]; motion for nonpublic session credited to 'Frank' [560]),"What does it cost? Not the employees, but the heat, the lights, everything. What does it cost a month? I break the double bill.",Speaker 8
0:46:01.64,0:46:01.83,2761.64,2761.83,Middleton McGoodwin,"Superintendent, SAU 6 (presents the director nomination [46]; addressed 'Middleton' [445],[550])",The Dow.,Speaker 9
0:46:01.92,0:46:03.20,2761.92,2763.20,Frank Sprague,SAU 6 Board member (Claremont School Board Chair) (thanked 'Frank' by Ben Nester [57]; recognized 'Frank' [167]; motion for nonpublic session credited to 'Frank' [560]),Building.,Speaker 8
0:46:03.28,0:46:04.89,2763.28,2764.89,Unidentified,"Unidentified - one answer on building costs ('$1,000'), possibly Michael O'Neill","$1,000.",Speaker 19
0:46:04.97,0:46:06.92,2764.97,2766.92,Frank Sprague,SAU 6 Board member (Claremont School Board Chair) (thanked 'Frank' by Ben Nester [57]; recognized 'Frank' [167]; motion for nonpublic session credited to 'Frank' [560]),1000 a month.,Speaker 8
0:46:07.00,0:46:08.04,2767.00,2768.04,Unidentified,Unidentified - cluster mixes the roll-call caller (not named on this recording) with clipped onsets of several members; see overrides,Just for these?,Speaker 4
0:46:08.12,0:46:14.52,2768.12,2774.52,Michael O'Neill,"Business Administrator, SAU 6 (superintendent: 'Mike ... you're the business administrator' [247]; surname spelling per roster, unverified)","No, for heating, electricity, and, you know,  but,",Speaker 14
0:46:14.60,0:46:14.88,2774.60,2774.88,Michael Petrin,"SAU 6 Board member (Claremont) and SAU 6 Vice Chair per roster (answers 'Michael. Yes' [69]; the chair asks 'Marjorie or Mike' to present the superintendent evaluation work [445], which this voice then does [447]-[454]) (uncertain - cluster also absorbs clipped onsets of others; see overrides)",No.,Speaker 3
0:46:14.96,0:46:18.79,2774.96,2778.79,Michael O'Neill,"Business Administrator, SAU 6 (superintendent: 'Mike ... you're the business administrator' [247]; surname spelling per roster, unverified)","Yeah. Well, I see it's it's tough with the telephone because the telephones off to high school.",Speaker 14
0:46:18.87,0:46:18.94,2778.87,2778.94,Michael Petrin,"SAU 6 Board member (Claremont) and SAU 6 Vice Chair per roster (answers 'Michael. Yes' [69]; the chair asks 'Marjorie or Mike' to present the superintendent evaluation work [445], which this voice then does [447]-[454]) (uncertain - cluster also absorbs clipped onsets of others; see overrides)",Well.,Speaker 3
0:46:19.08,0:46:31.00,2779.08,2791.00,Frank Sprague,SAU 6 Board member (Claremont School Board Chair) (thanked 'Frank' by Ben Nester [57]; recognized 'Frank' [167]; motion for nonpublic session credited to 'Frank' [560]),"What's the reason, I ask is, let's say you popping in my head is like the the Granite State College space, for example. But I think that that's going to be firing says of a thousand.",Speaker 8
0:46:31.24,0:46:48.60,2791.24,2808.60,Michael O'Neill,"Business Administrator, SAU 6 (superintendent: 'Mike ... you're the business administrator' [247]; surname spelling per roster, unverified)","And I think that the issue becomes, especially now that we're really not paying rent per se. Yeah. Because that was just in one pocket and out the other. It's going to be hard to find a place that, even if it's cost you a $1,000 a month, you're not going to find a place to rent. The less money that's going to give you the space, right?",Speaker 14
0:46:48.68,0:46:50.40,2808.68,2810.40,Sara Lowe,"SAU 6 Board Chair (Unity member; presides; answers 'Yes' when 'Lowe' is called in the roll-call vote [572]-[573]; addressed 'Sarah' [447]; cluster also absorbs Cory LeClair, see overrides)",Rebecca.,Speaker 18
0:46:50.48,0:46:51.32,2810.48,2811.32,Unidentified,Unidentified - cluster mixes the roll-call caller (not named on this recording) with clipped onsets of several members; see overrides,Just a couple.,Speaker 4
0:46:51.40,0:47:01.32,2811.40,2821.32,Rebecca Zullo,"SAU 6 Board member (Claremont School Board Vice Chair) (recognized 'Rebecca' [116],[296])","For you about, rumors that are circulating within the community. So I think you're the perfect person to address this until we're talking about it. One of the rumors is.",Speaker 11
0:47:01.40,0:47:02.08,2821.40,2822.08,Sara Lowe,"SAU 6 Board Chair (Unity member; presides; answers 'Yes' when 'Lowe' is called in the roll-call vote [572]-[573]; addressed 'Sarah' [447]; cluster also absorbs Cory LeClair, see overrides)",Just a reform.,Speaker 18
0:47:02.08,0:47:20.16,2822.08,2840.16,Rebecca Zullo,"SAU 6 Board member (Claremont School Board Vice Chair) (recognized 'Rebecca' [116],[296])","People can. One of the rumors is that, community members are feeling like the tech center is being cleared out  so that the saw six employees in the building can move into there. So I'm wondering if you could just address that one. And then I have one more for you  so you can clear it up.",Speaker 11
0:47:20.24,0:47:42.76,2840.24,2862.76,Middleton McGoodwin,"Superintendent, SAU 6 (presents the director nomination [46]; addressed 'Middleton' [445],[550])","I've heard that before. The answer is there was no plans to bring the saw to the tech center. All right. But nothing is off the table as we go forward with planning. But right now, there is no plan to do that. We do have a plan. We do have a plan, though, to expand the use of this tech center.",Speaker 9
0:47:42.80,0:48:09.64,2862.80,2889.64,Middleton McGoodwin,"Superintendent, SAU 6 (presents the director nomination [46]; addressed 'Middleton' [445],[550])","And we do have a plan that being formed now to have students have greater access to the tech center, because they can accomplish some of their core academic competencies in this tech center, which currently that is not the case. In the perfect world, Tech Center would become a high school among itself, where a student wouldn't be trying to juggle my courses at Stevens High School and my courses at the Tech Center.",Speaker 9
0:48:09.72,0:48:16.12,2889.72,2896.12,Middleton McGoodwin,"Superintendent, SAU 6 (presents the director nomination [46]; addressed 'Middleton' [445],[550])",But there was no definitive plan that the Dow building is coming here.,Speaker 9
0:48:16.20,0:48:31.92,2896.20,2911.92,Rebecca Zullo,"SAU 6 Board member (Claremont School Board Vice Chair) (recognized 'Rebecca' [116],[296])","Okay. And one more. Sorry, Frank. There was a rumor going around that, you  and Frank were working together to, put some saw six offices on Pleasant Street above Frank's shop. And I just want you to clear that one up.",Speaker 11
0:48:32.00,0:48:33.92,2912.00,2913.92,Unidentified,Unidentified - aside during the rumor question (speaker unclear),Frank and I were working together. Yeah.,Speaker 3
0:48:34.00,0:48:34.76,2914.00,2914.76,Rebecca Zullo,"SAU 6 Board member (Claremont School Board Vice Chair) (recognized 'Rebecca' [116],[296])","Yeah, I just.",Speaker 11
0:48:34.76,0:48:35.48,2914.76,2915.48,Michael Petrin,"SAU 6 Board member (Claremont) and SAU 6 Vice Chair per roster (answers 'Michael. Yes' [69]; the chair asks 'Marjorie or Mike' to present the superintendent evaluation work [445], which this voice then does [447]-[454]) (uncertain - cluster also absorbs clipped onsets of others; see overrides)",Want to.,Speaker 3
0:48:35.56,0:48:39.24,2915.56,2919.24,Middleton McGoodwin,"Superintendent, SAU 6 (presents the director nomination [46]; addressed 'Middleton' [445],[550])",That question. That is not correct.,Speaker 9
0:48:39.32,0:48:41.12,2919.32,2921.12,Unidentified,Unidentified - cluster mixes the roll-call caller (not named on this recording) with clipped onsets of several members; see overrides,Sorry.,Speaker 4
0:48:41.20,0:48:44.04,2921.20,2924.04,Rebecca Zullo,"SAU 6 Board member (Claremont School Board Vice Chair) (recognized 'Rebecca' [116],[296])",Without warning. Okay.,Speaker 11
0:48:44.12,0:48:55.60,2924.12,2935.60,Middleton McGoodwin,"Superintendent, SAU 6 (presents the director nomination [46]; addressed 'Middleton' [445],[550])",But this is an example of how important it is to communicate with each other. Right. And that it's safe. Let the Claremont community know it's safe to call me. And I will tell them what I know.,Speaker 9
0:48:55.76,0:48:56.24,2935.76,2936.24,Michael Petrin,"SAU 6 Board member (Claremont) and SAU 6 Vice Chair per roster (answers 'Michael. Yes' [69]; the chair asks 'Marjorie or Mike' to present the superintendent evaluation work [445], which this voice then does [447]-[454]) (uncertain - cluster also absorbs clipped onsets of others; see overrides)",Okay.,Speaker 3
0:48:56.40,0:49:21.68,2936.40,2961.68,Cory LeClair,,"I think about two years ago. So I've looked at 15 properties in the last three years,  predominantly with the focus of a location for our alternative programing and our in our owls programing. And two years plus ago I did look at the space. I don't know if it was actually above  Frank's personal business or  the building next door, but we looked at it a couple of years ago.",Speaker 1
0:49:21.72,0:49:24.16,2961.72,2964.16,Cory LeClair,,The  The  fellow building.,Speaker 1
0:49:24.32,0:49:24.88,2964.32,2964.88,Michael Petrin,"SAU 6 Board member (Claremont) and SAU 6 Vice Chair per roster (answers 'Michael. Yes' [69]; the chair asks 'Marjorie or Mike' to present the superintendent evaluation work [445], which this voice then does [447]-[454]) (uncertain - cluster also absorbs clipped onsets of others; see overrides)",That's Granite.,Speaker 3
0:49:24.88,0:50:07.36,2964.88,3007.36,Cory LeClair,,"State, okay,  above Granite State a couple of years ago as a possibility, but didn't move forward. It was just a showing, if you will. And that's as close as we've gotten to looking at anything on  that, that area. But in terms of the properties I've looked at, like I said, it's predominantly been for alternative programing. We did look at a property originally through the lens of alternative programing, realizing that it would be, extensively cost prohibitive to put it to educational code, but it was already coded,  for  office space, so looked at that as a potential for Saw offices.",Speaker 1
0:50:07.36,0:50:39.40,3007.36,3039.40,Cory LeClair,,"But then in terms of the monthly cost analysis, it was not beneficial,  for us to continue to consider that property to move over from our current offices. So we've looked at some things and, and some properties have come up sort of secondary as a potential for saw space that hasn't moved forward at all. So I guess for me, if the the,  the essay board would need to decide if that's something that they actually want to pursue.",Speaker 1
0:50:39.48,0:50:49.52,3039.48,3049.52,Cory LeClair,,"And then in order for us to pursue it with any sort of legitimate outcome,  you would all need to decide what you're willing to to spend on that.",Speaker 1
0:50:49.56,0:51:11.52,3049.56,3071.52,Sara Lowe,"SAU 6 Board Chair (Unity member; presides; answers 'Yes' when 'Lowe' is called in the roll-call vote [572]-[573]; addressed 'Sarah' [447]; cluster also absorbs Cory LeClair, see overrides)","Which is why I'm asking this question and bringing it up. When you're talking about what our expectations are about the budget is that I've been here for a couple of years, or we've discussed the the amount of maintenance that needs to happen to the saw building and those pieces. And so I just wanted to check on where that was and if and how that might impact the budget that would be put forth.",Speaker 18
0:51:11.60,0:51:12.72,3071.60,3072.72,Sara Lowe,"SAU 6 Board Chair (Unity member; presides; answers 'Yes' when 'Lowe' is called in the roll-call vote [572]-[573]; addressed 'Sarah' [447]; cluster also absorbs Cory LeClair, see overrides)",Yeah.,Speaker 18
0:51:12.80,0:51:19.68,3072.80,3079.68,Rebecca Zullo,"SAU 6 Board member (Claremont School Board Vice Chair) (recognized 'Rebecca' [116],[296])",Does do you know if the city owns any buildings right now that are vacant? Yep. Okay.,Speaker 11
0:51:19.76,0:51:21.72,3079.76,3081.72,Unidentified,Unidentified - cluster mixes the roll-call caller (not named on this recording) with clipped onsets of several members; see overrides,"Actually, let me start that.",Speaker 4
0:51:21.80,0:51:31.16,3081.80,3091.16,Cory LeClair,,I haven't talked to them in. I haven't not talked to them in about a year. So they likely probably do still own buildings that are vacant.,Speaker 1
0:51:31.24,0:51:33.52,3091.24,3093.52,Rebecca Zullo,"SAU 6 Board member (Claremont School Board Vice Chair) (recognized 'Rebecca' [116],[296])",Is it a possibility to just look into that and.,Speaker 4
0:51:33.60,0:51:41.95,3093.60,3101.95,Rebecca Zullo,"SAU 6 Board member (Claremont School Board Vice Chair) (recognized 'Rebecca' [116],[296])",Talk to Brian and just look into those options? If we already own buildings that are sitting there with nothing in them? Just a question that.,Speaker 11
0:51:42.03,0:51:44.12,3102.03,3104.12,Sara Lowe,"SAU 6 Board Chair (Unity member; presides; answers 'Yes' when 'Lowe' is called in the roll-call vote [572]-[573]; addressed 'Sarah' [447]; cluster also absorbs Cory LeClair, see overrides)",The city is going to just let the school system.,Speaker 18
0:51:44.16,0:51:48.52,3104.16,3108.52,Rebecca Zullo,"SAU 6 Board member (Claremont School Board Vice Chair) (recognized 'Rebecca' [116],[296])","No, I'm not assuming anything. I'm just talking about having a conversation to find out.",Speaker 11
0:51:48.75,0:51:48.81,3108.75,3108.81,Unidentified,Unidentified - cluster mixes the roll-call caller (not named on this recording) with clipped onsets of several members; see overrides,In.,Speaker 4
0:51:48.88,0:52:13.24,3108.88,3133.24,Cory LeClair,,"Those conversations before, though. And so the, the, you know, in my conversations with the city, historically, they've been very favorable and supportive of the school taking over vacant property for different purpose than the property is currently being used for.  The prohibitive costs always come in the renovation. So there's a reason. Typically, buildings are vacant. You know, I've looked at the old JSL building.",Speaker 1
0:52:13.24,0:52:34.20,3133.24,3154.20,Cory LeClair,,"I've looked at the community center next to the post office,  as two of the the city properties when they owned them.  One of them I know they'd no longer own, I don't I don't recall about the other when they own them. They were vacant. They were sitting there. They were willing to let them go for essentially nothing if we wanted to take them over.",Speaker 1
0:52:34.20,0:52:38.52,3154.20,3158.52,Cory LeClair,,But the cost of renovating those just to be.,Speaker 1
0:52:39.56,0:52:45.68,3159.56,3165.68,Cory LeClair,,"Occupy where I mean, you're looking at 600,000 to 1.2 million.",Speaker 1
0:52:45.76,0:52:47.40,3165.76,3167.40,Rebecca Zullo,"SAU 6 Board member (Claremont School Board Vice Chair) (recognized 'Rebecca' [116],[296])",And I think that we understand.,Speaker 4
0:52:47.44,0:52:58.67,3167.44,3178.67,Rebecca Zullo,"SAU 6 Board member (Claremont School Board Vice Chair) (recognized 'Rebecca' [116],[296])","We as a community understand if we're talking out of that, we're going to need to put some money in, but it's going to be a savings in the long run. So I was just curious what was available that we wouldn't have to spend it.",Speaker 11
0:52:58.80,0:53:02.48,3178.80,3182.48,Cory LeClair,,And so we're still so in terms of the out of district placement conversation.,Speaker 1
0:53:02.56,0:53:03.40,3182.56,3183.40,Sara Lowe,"SAU 6 Board Chair (Unity member; presides; answers 'Yes' when 'Lowe' is called in the roll-call vote [572]-[573]; addressed 'Sarah' [447]; cluster also absorbs Cory LeClair, see overrides)",Can I stop.,Speaker 18
0:53:03.40,0:53:04.36,3183.40,3184.36,Cory LeClair,,Us different?,Speaker 1
0:53:04.44,0:53:31.80,3184.44,3211.80,Sara Lowe,"SAU 6 Board Chair (Unity member; presides; answers 'Yes' when 'Lowe' is called in the roll-call vote [572]-[573]; addressed 'Sarah' [447]; cluster also absorbs Cory LeClair, see overrides)","Can I can I stop us because that's a Claremont conversation, not an say you budget conversation? Sorry, I just that's not sorry.  Okay. So I think,  that was just I just wanted to ask that question as, as we answer the question of what is our expectation for what we want to see come back as a budget in terms of do we want to say we only want to see this percent of an increase?",Speaker 18
0:53:31.88,0:53:38.84,3211.88,3218.84,Sara Lowe,"SAU 6 Board Chair (Unity member; presides; answers 'Yes' when 'Lowe' is called in the roll-call vote [572]-[573]; addressed 'Sarah' [447]; cluster also absorbs Cory LeClair, see overrides)","We want to see, you know, where what do we want to request that they put together is the question.",Speaker 18
0:53:38.92,0:53:40.88,3218.92,3220.88,Michael Petrin,"SAU 6 Board member (Claremont) and SAU 6 Vice Chair per roster (answers 'Michael. Yes' [69]; the chair asks 'Marjorie or Mike' to present the superintendent evaluation work [445], which this voice then does [447]-[454]) (uncertain - cluster also absorbs clipped onsets of others; see overrides)","I would also like to know, I guess, what.",Speaker 3
0:53:41.04,0:53:42.16,3221.04,3222.16,Frank Sprague,SAU 6 Board member (Claremont School Board Chair) (thanked 'Frank' by Ben Nester [57]; recognized 'Frank' [167]; motion for nonpublic session credited to 'Frank' [560]),What you guys are thinking.,Speaker 8
0:53:42.16,0:53:47.12,3222.16,3227.12,Michael Petrin,"SAU 6 Board member (Claremont) and SAU 6 Vice Chair per roster (answers 'Michael. Yes' [69]; the chair asks 'Marjorie or Mike' to present the superintendent evaluation work [445], which this voice then does [447]-[454]) (uncertain - cluster also absorbs clipped onsets of others; see overrides)","You need for 2020. You know, compared to the.",Speaker 3
0:53:47.20,0:53:47.96,3227.20,3227.96,Frank Sprague,SAU 6 Board member (Claremont School Board Chair) (thanked 'Frank' by Ben Nester [57]; recognized 'Frank' [167]; motion for nonpublic session credited to 'Frank' [560]),19 budget.,Speaker 8
0:53:48.00,0:53:48.92,3228.00,3228.92,Michael Petrin,"SAU 6 Board member (Claremont) and SAU 6 Vice Chair per roster (answers 'Michael. Yes' [69]; the chair asks 'Marjorie or Mike' to present the superintendent evaluation work [445], which this voice then does [447]-[454]) (uncertain - cluster also absorbs clipped onsets of others; see overrides)",Should would.,Speaker 3
0:53:48.92,0:53:49.56,3228.92,3229.56,Frank Sprague,SAU 6 Board member (Claremont School Board Chair) (thanked 'Frank' by Ben Nester [57]; recognized 'Frank' [167]; motion for nonpublic session credited to 'Frank' [560]),You suggest.,Speaker 8
0:53:49.56,0:53:51.00,3229.56,3231.00,Michael Petrin,"SAU 6 Board member (Claremont) and SAU 6 Vice Chair per roster (answers 'Michael. Yes' [69]; the chair asks 'Marjorie or Mike' to present the superintendent evaluation work [445], which this voice then does [447]-[454]) (uncertain - cluster also absorbs clipped onsets of others; see overrides)",It be.,Speaker 3
0:53:51.08,0:53:53.48,3231.08,3233.48,Frank Sprague,SAU 6 Board member (Claremont School Board Chair) (thanked 'Frank' by Ben Nester [57]; recognized 'Frank' [167]; motion for nonpublic session credited to 'Frank' [560]),"2% higher, 5%.",Speaker 8
0:53:53.56,0:53:56.76,3233.56,3236.76,Michael Petrin,"SAU 6 Board member (Claremont) and SAU 6 Vice Chair per roster (answers 'Michael. Yes' [69]; the chair asks 'Marjorie or Mike' to present the superintendent evaluation work [445], which this voice then does [447]-[454]) (uncertain - cluster also absorbs clipped onsets of others; see overrides)","Could you you know, would it be less equal.",Speaker 3
0:53:56.84,0:53:57.44,3236.84,3237.44,Michael O'Neill,"Business Administrator, SAU 6 (superintendent: 'Mike ... you're the business administrator' [247]; surname spelling per roster, unverified)",So I.,Speaker 14
0:53:57.44,0:53:58.24,3237.44,3238.24,Michael Petrin,"SAU 6 Board member (Claremont) and SAU 6 Vice Chair per roster (answers 'Michael. Yes' [69]; the chair asks 'Marjorie or Mike' to present the superintendent evaluation work [445], which this voice then does [447]-[454]) (uncertain - cluster also absorbs clipped onsets of others; see overrides)",Think I.,Speaker 3
0:53:58.28,0:54:14.00,3238.28,3254.00,Michael O'Neill,"Business Administrator, SAU 6 (superintendent: 'Mike ... you're the business administrator' [247]; surname spelling per roster, unverified)","Mean obviously  we're not looking at any staffing changes.  The big thing that I don't know the answer to is how much is my health insurance going to go up? But I think that's really the only thing that I don't know at this point. I mean, to have a long term agreement for electricity. I know what I'm paying for electricity  boil.",Speaker 14
0:54:14.00,0:54:25.01,3254.00,3265.01,Michael O'Neill,"Business Administrator, SAU 6 (superintendent: 'Mike ... you're the business administrator' [247]; surname spelling per roster, unverified)","I mean, I buy a year at a time and  you add a couple of percent to that. So I don't foresee a lot of changes, you know, year over year. It's just those are the things that are going to increase.",Speaker 14
0:54:25.09,0:54:32.92,3265.09,3272.92,Sara Lowe,"SAU 6 Board Chair (Unity member; presides; answers 'Yes' when 'Lowe' is called in the roll-call vote [572]-[573]; addressed 'Sarah' [447]; cluster also absorbs Cory LeClair, see overrides)",You're not anticipating any big new technology needs or.  No pieces like that. Okay. Nate's got.,Speaker 18
0:54:32.92,0:54:33.20,3272.92,3273.20,Michael Petrin,"SAU 6 Board member (Claremont) and SAU 6 Vice Chair per roster (answers 'Michael. Yes' [69]; the chair asks 'Marjorie or Mike' to present the superintendent evaluation work [445], which this voice then does [447]-[454]) (uncertain - cluster also absorbs clipped onsets of others; see overrides)",His.,Speaker 3
0:54:33.24,0:54:34.44,3273.24,3274.44,Michael O'Neill,"Business Administrator, SAU 6 (superintendent: 'Mike ... you're the business administrator' [247]; surname spelling per roster, unverified)",Maybe natives.,Speaker 14
0:54:34.52,0:54:36.80,3274.52,3276.80,Sara Lowe,"SAU 6 Board Chair (Unity member; presides; answers 'Yes' when 'Lowe' is called in the roll-call vote [572]-[573]; addressed 'Sarah' [447]; cluster also absorbs Cory LeClair, see overrides)",Yeah.,Speaker 18
0:54:36.88,0:54:37.20,3276.88,3277.20,Michael Petrin,"SAU 6 Board member (Claremont) and SAU 6 Vice Chair per roster (answers 'Michael. Yes' [69]; the chair asks 'Marjorie or Mike' to present the superintendent evaluation work [445], which this voice then does [447]-[454]) (uncertain - cluster also absorbs clipped onsets of others; see overrides)",I just.,Speaker 3
0:54:37.20,0:54:45.28,3277.20,3285.28,Nathan,"SAU 6 human resources and accounting (dual role; formerly SAU 6 IT director) (introduced as 'Nathan' [84], 'Nate' [114],[354]; surname not stated on this recording)","Want to add something. And this is me speaking out of turn, but, I know there's been some improvements on the building, and I know we're talking about a new.",Speaker 13
0:54:45.28,0:54:45.84,3285.28,3285.84,Michael Petrin,"SAU 6 Board member (Claremont) and SAU 6 Vice Chair per roster (answers 'Michael. Yes' [69]; the chair asks 'Marjorie or Mike' to present the superintendent evaluation work [445], which this voice then does [447]-[454]) (uncertain - cluster also absorbs clipped onsets of others; see overrides)",Building.,Speaker 3
0:54:46.00,0:55:09.32,3286.00,3309.32,Nathan,"SAU 6 human resources and accounting (dual role; formerly SAU 6 IT director) (introduced as 'Nathan' [84], 'Nate' [114],[354]; surname not stated on this recording)","But, I probably shouldn't say this, but I walked around outside the office today, and maybe this is or isn't important, but when you look at Claremont Savings Bank right next to us, and then you look over to the left of the building, it's an eyesore.  The lawn is half barren.  It looks like you're looking at two different countries.",Speaker 13
0:55:09.40,0:55:31.20,3309.40,3331.20,Nathan,"SAU 6 human resources and accounting (dual role; formerly SAU 6 IT director) (introduced as 'Nathan' [84], 'Nate' [114],[354]; surname not stated on this recording)","So I'm just going to leave it at that, and I'm going to make a suggestion that feel free to take a drive by a walk by,  take a look at our building and our grounds.  And I might, in a cabinet meeting, propose that we take a look at that. And that would be an increase, maybe small increase,  but or maybe it's already in the budget.",Speaker 13
0:55:31.24,0:55:36.40,3331.24,3336.40,Nathan,"SAU 6 human resources and accounting (dual role; formerly SAU 6 IT director) (introduced as 'Nathan' [84], 'Nate' [114],[354]; surname not stated on this recording)",And it just so happens that it's May. And we just came out a really cold April and things are going to turn around.,Speaker 13
0:55:36.40,0:55:37.76,3336.40,3337.76,Sara Lowe,"SAU 6 Board Chair (Unity member; presides; answers 'Yes' when 'Lowe' is called in the roll-call vote [572]-[573]; addressed 'Sarah' [447]; cluster also absorbs Cory LeClair, see overrides)",But correct me if I'm.,Speaker 1
0:55:37.76,0:55:38.60,3337.76,3338.60,Sara Lowe,"SAU 6 Board Chair (Unity member; presides; answers 'Yes' when 'Lowe' is called in the roll-call vote [572]-[573]; addressed 'Sarah' [447]; cluster also absorbs Cory LeClair, see overrides)","Wrong, but I.",Speaker 18
0:55:38.72,0:55:39.32,3338.72,3339.32,Sara Lowe,"SAU 6 Board Chair (Unity member; presides; answers 'Yes' when 'Lowe' is called in the roll-call vote [572]-[573]; addressed 'Sarah' [447]; cluster also absorbs Cory LeClair, see overrides)",Recall.,Speaker 1
0:55:39.32,0:55:51.36,3339.32,3351.36,Sara Lowe,"SAU 6 Board Chair (Unity member; presides; answers 'Yes' when 'Lowe' is called in the roll-call vote [572]-[573]; addressed 'Sarah' [447]; cluster also absorbs Cory LeClair, see overrides)",A discussion where we that we had in which we are technically renting the building from the Claremont School Department and that they were responsible for building type maintenance. Yes.,Speaker 18
0:55:53.40,0:55:57.60,3353.40,3357.60,Michael O'Neill,"Business Administrator, SAU 6 (superintendent: 'Mike ... you're the business administrator' [247]; surname spelling per roster, unverified)","Doesn't know this, but I've put an RFP together to get the building painted.",Speaker 14
0:55:57.80,0:55:58.92,3357.80,3358.92,Michael Petrin,"SAU 6 Board member (Claremont) and SAU 6 Vice Chair per roster (answers 'Michael. Yes' [69]; the chair asks 'Marjorie or Mike' to present the superintendent evaluation work [445], which this voice then does [447]-[454]) (uncertain - cluster also absorbs clipped onsets of others; see overrides)",Okay.,Speaker 3
0:55:59.00,0:56:11.64,3359.00,3371.64,Michael O'Neill,"Business Administrator, SAU 6 (superintendent: 'Mike ... you're the business administrator' [247]; surname spelling per roster, unverified)","We did put money aside in Claremont this year to do that actually last year, but we ended up spending it.  We do also have money for plantings and stuff outside, so  my goal was to get that done last year. But there was too much going on last summer  and I.",Speaker 14
0:56:11.68,0:56:12.07,3371.68,3372.07,Michael Petrin,"SAU 6 Board member (Claremont) and SAU 6 Vice Chair per roster (answers 'Michael. Yes' [69]; the chair asks 'Marjorie or Mike' to present the superintendent evaluation work [445], which this voice then does [447]-[454]) (uncertain - cluster also absorbs clipped onsets of others; see overrides)",Actually.,Speaker 3
0:56:12.20,0:56:16.04,3372.20,3376.04,Michael O'Neill,"Business Administrator, SAU 6 (superintendent: 'Mike ... you're the business administrator' [247]; surname spelling per roster, unverified)",Couldn't find a painter that was interested. All you painters out there give me a call.,Speaker 14
0:56:16.12,0:56:16.44,3376.12,3376.44,Michael Petrin,"SAU 6 Board member (Claremont) and SAU 6 Vice Chair per roster (answers 'Michael. Yes' [69]; the chair asks 'Marjorie or Mike' to present the superintendent evaluation work [445], which this voice then does [447]-[454]) (uncertain - cluster also absorbs clipped onsets of others; see overrides)",It was.,Speaker 3
0:56:16.44,0:56:18.28,3376.44,3378.28,Unidentified,Unidentified - cluster mixes the roll-call caller (not named on this recording) with clipped onsets of several members; see overrides,A student community service.,Speaker 4
0:56:18.36,0:56:20.84,3378.36,3380.84,Michael O'Neill,"Business Administrator, SAU 6 (superintendent: 'Mike ... you're the business administrator' [247]; surname spelling per roster, unverified)",I can't get them off the ground. Once you get on the ladder.,Speaker 14
0:56:20.92,0:56:21.68,3380.92,3381.68,Sara Lowe,"SAU 6 Board Chair (Unity member; presides; answers 'Yes' when 'Lowe' is called in the roll-call vote [572]-[573]; addressed 'Sarah' [447]; cluster also absorbs Cory LeClair, see overrides)",You're in trouble.,Speaker 18
0:56:21.76,0:56:24.08,3381.76,3384.08,Michael O'Neill,"Business Administrator, SAU 6 (superintendent: 'Mike ... you're the business administrator' [247]; surname spelling per roster, unverified)","I mean, they can mix the paint on the ground, but that's as far as they can go.",Speaker 14
0:56:24.12,0:56:25.68,3384.12,3385.68,Unidentified,Unidentified - cluster mixes the roll-call caller (not named on this recording) with clipped onsets of several members; see overrides,They cannot. Aren't grass.,Speaker 4
0:56:25.76,0:56:28.88,3385.76,3388.88,Michael O'Neill,"Business Administrator, SAU 6 (superintendent: 'Mike ... you're the business administrator' [247]; surname spelling per roster, unverified)","Well, yeah, but we had to paint first because if you're playing grass and then you paint.",Speaker 14
0:56:28.92,0:56:31.40,3388.92,3391.40,Rebecca Zullo,"SAU 6 Board member (Claremont School Board Vice Chair) (recognized 'Rebecca' [116],[296])","I know, I'm just saying, I'm just wondering if we could utilize.",Speaker 11
0:56:31.60,0:56:32.56,3391.60,3392.56,Unidentified,Unidentified - cluster mixes the roll-call caller (not named on this recording) with clipped onsets of several members; see overrides,Okay.,Speaker 4
0:56:32.64,0:56:33.76,3392.64,3393.76,Sara Lowe,"SAU 6 Board Chair (Unity member; presides; answers 'Yes' when 'Lowe' is called in the roll-call vote [572]-[573]; addressed 'Sarah' [447]; cluster also absorbs Cory LeClair, see overrides)","Carolyn, you had a question.",Speaker 18
0:56:33.88,0:56:59.72,3393.88,3419.72,Carolyn Towle,"SAU 6 Board member (Claremont) (recognized 'Carolyn' [125],[383],[513]; ASR 'Carolyn. Paul' [21], 'Carolyn. Tall' [571])","Rebecca just took the words out of my mouth, but I was thinking more of, having having somebody like,  Lee Stevens come down and work with the kids for the landscaping. And because they identify to what they've done as a goal,  they might keep an eye on it, too,  you know, and not walk over it and things like that.",Speaker 12
0:56:59.72,0:57:04.44,3419.72,3424.44,Carolyn Towle,"SAU 6 Board member (Claremont) (recognized 'Carolyn' [125],[383],[513]; ASR 'Carolyn. Paul' [21], 'Carolyn. Tall' [571])",I just I just think we utilize our own manpower first.,Speaker 12
0:57:04.52,0:57:12.00,3424.52,3432.00,Nathan,"SAU 6 human resources and accounting (dual role; formerly SAU 6 IT director) (introduced as 'Nathan' [84], 'Nate' [114],[354]; surname not stated on this recording)",Whatever it takes. I know it's been a years long problem. It's not just this year. And so it's not to call anybody out maintenance department or.,Speaker 13
0:57:12.08,0:57:12.84,3432.08,3432.84,Michael Petrin,"SAU 6 Board member (Claremont) and SAU 6 Vice Chair per roster (answers 'Michael. Yes' [69]; the chair asks 'Marjorie or Mike' to present the superintendent evaluation work [445], which this voice then does [447]-[454]) (uncertain - cluster also absorbs clipped onsets of others; see overrides)",No no.,Speaker 3
0:57:12.92,0:57:20.12,3432.92,3440.12,Nathan,"SAU 6 human resources and accounting (dual role; formerly SAU 6 IT director) (introduced as 'Nathan' [84], 'Nate' [114],[354]; surname not stated on this recording)","No not absolutely. It's just I've I've been at this for 11 years and, it's, it  yeah, it's.",Speaker 13
0:57:20.28,0:57:35.52,3440.28,3455.52,Sara Lowe,"SAU 6 Board Chair (Unity member; presides; answers 'Yes' when 'Lowe' is called in the roll-call vote [572]-[573]; addressed 'Sarah' [447]; cluster also absorbs Cory LeClair, see overrides)","And that's why we had the discussion last year about who's responsibility is that. And the say you rents that building from the Claremont School District and part of that rent should be, you know, the building outside building maintenance.",Speaker 18
0:57:35.60,0:57:41.24,3455.60,3461.24,Michael O'Neill,"Business Administrator, SAU 6 (superintendent: 'Mike ... you're the business administrator' [247]; surname spelling per roster, unverified)",Last year on is fixing the roof at the sea level and doing on all the other buildings. And now I'll get some paint on it this year hopefully.,Speaker 14
0:57:41.32,0:57:41.68,3461.32,3461.68,Michael Petrin,"SAU 6 Board member (Claremont) and SAU 6 Vice Chair per roster (answers 'Michael. Yes' [69]; the chair asks 'Marjorie or Mike' to present the superintendent evaluation work [445], which this voice then does [447]-[454]) (uncertain - cluster also absorbs clipped onsets of others; see overrides)",Okay.,Speaker 3
0:57:41.92,0:57:42.48,3461.92,3462.48,Nathan,"SAU 6 human resources and accounting (dual role; formerly SAU 6 IT director) (introduced as 'Nathan' [84], 'Nate' [114],[354]; surname not stated on this recording)",Thank you.,Speaker 13
0:57:42.52,0:57:44.76,3462.52,3464.76,Michael O'Neill,"Business Administrator, SAU 6 (superintendent: 'Mike ... you're the business administrator' [247]; surname spelling per roster, unverified)",Thank you.,Speaker 14
0:57:44.84,0:57:45.80,3464.84,3465.80,Sara Lowe,"SAU 6 Board Chair (Unity member; presides; answers 'Yes' when 'Lowe' is called in the roll-call vote [572]-[573]; addressed 'Sarah' [447]; cluster also absorbs Cory LeClair, see overrides)",Okay.,Speaker 18
0:57:45.88,0:57:59.68,3465.88,3479.68,Cory LeClair,,"The only other adjustments to the budget that we may want to consider is we, are getting better with how we've allocated positions that.",Speaker 1
0:58:01.92,0:58:30.84,3481.92,3510.84,Cory LeClair,,"Over the past few years. So, for instance, you know, if you've been part of the board that we were able to take some technology positions and move them out of Claremont to the budget because they were really serving an Saw function.  So before I would be willing to say there would be no changes, I think we'd I'd need to double check and see if we still have any folks who  are currently Claremont employees that are really serving in saw function.",Speaker 1
0:58:30.84,0:58:59.84,3510.84,3539.84,Cory LeClair,,"And so what we have now is a Claremont employee that is in unity reimbursing Claremont for a portion of that employees work.  And if that's the case, we may want to consider or you may want to consider as a board making that adjustment. I was cleaned up most of that, and we may have all of it cleaned up, but that's just the other area that we may want to check, because that's been a multi year process to clean that up.",Speaker 1
0:58:59.92,0:59:00.68,3539.92,3540.68,Sara Lowe,"SAU 6 Board Chair (Unity member; presides; answers 'Yes' when 'Lowe' is called in the roll-call vote [572]-[573]; addressed 'Sarah' [447]; cluster also absorbs Cory LeClair, see overrides)",Yeah.,Speaker 18
0:59:00.76,0:59:02.04,3540.76,3542.04,Unidentified,Unidentified - cluster mixes the roll-call caller (not named on this recording) with clipped onsets of several members; see overrides,"Rebecca, just in.",Speaker 4
0:59:02.04,0:59:31.30,3542.04,3571.30,Rebecca Zullo,"SAU 6 Board member (Claremont School Board Vice Chair) (recognized 'Rebecca' [116],[296])","Regard to expectations, my expectation is just that you bring a budget forward that is  transparent. It represents what you guys need.  And  understandable. That's my expectation. I don't want to see a lot of things in there that I'm like, Holy cow, why is this jumping $24,000 without a really good explanation? Just transparency and needs.",Speaker 11
0:59:37.14,0:59:37.90,3577.14,3577.90,Middleton McGoodwin,"Superintendent, SAU 6 (presents the director nomination [46]; addressed 'Middleton' [445],[550])",That's a good start.,Speaker 9
0:59:37.94,0:59:41.26,3577.94,3581.26,Michael Petrin,"SAU 6 Board member (Claremont) and SAU 6 Vice Chair per roster (answers 'Michael. Yes' [69]; the chair asks 'Marjorie or Mike' to present the superintendent evaluation work [445], which this voice then does [447]-[454]) (uncertain - cluster also absorbs clipped onsets of others; see overrides)",Thank you.,Speaker 3
0:59:41.34,0:59:42.18,3581.34,3582.18,Sara Lowe,"SAU 6 Board Chair (Unity member; presides; answers 'Yes' when 'Lowe' is called in the roll-call vote [572]-[573]; addressed 'Sarah' [447]; cluster also absorbs Cory LeClair, see overrides)",Carol.,Speaker 18
0:59:43.30,0:59:49.94,3583.30,3589.94,Carolyn Towle,"SAU 6 Board member (Claremont) (recognized 'Carolyn' [125],[383],[513]; ASR 'Carolyn. Paul' [21], 'Carolyn. Tall' [571])","I would like to know when we can visit this expenditure,  sheet that might just gave.",Speaker 12
0:59:49.94,0:59:52.06,3589.94,3592.06,Unidentified,Unidentified - cluster mixes the roll-call caller (not named on this recording) with clipped onsets of several members; see overrides,Us.,Speaker 4
0:59:52.14,0:59:58.86,3592.14,3598.86,Michael O'Neill,"Business Administrator, SAU 6 (superintendent: 'Mike ... you're the business administrator' [247]; surname spelling per roster, unverified)","I guess I would ask Middleton. I mean, do you want them to communicate questions or you want to wait till the next meeting?",Speaker 14
1:00:00.50,1:00:03.62,3600.50,3603.62,Michael O'Neill,"Business Administrator, SAU 6 (superintendent: 'Mike ... you're the business administrator' [247]; surname spelling per roster, unverified)",Because I'm okay with you the way I just want to.,Speaker 14
1:00:03.70,1:00:33.62,3603.70,3633.62,Middleton McGoodwin,"Superintendent, SAU 6 (presents the director nomination [46]; addressed 'Middleton' [445],[550])","It would be the next meeting is the middle of June, if there are specific questions.  If you could forward them individually, and then we could present them to the entire board. The problem is, the problem is create what we have. We'll have 12 different board members giving us 12 different questions, and we're chasing our tail. So if you can, we'd like to come back on the 14th and find to comb this.",Speaker 9
1:00:33.78,1:00:40.22,3633.78,3640.22,Middleton McGoodwin,"Superintendent, SAU 6 (presents the director nomination [46]; addressed 'Middleton' [445],[550])","But if we get a heads up of some issues or questions before that will, that will really facilitate the process.",Speaker 9
1:00:40.30,1:00:44.18,3640.30,3644.18,Carolyn Towle,"SAU 6 Board member (Claremont) (recognized 'Carolyn' [125],[383],[513]; ASR 'Carolyn. Paul' [21], 'Carolyn. Tall' [571])",When do you want our questions to date was.,Speaker 12
1:00:44.26,1:00:45.70,3644.26,3645.70,Michael Petrin,"SAU 6 Board member (Claremont) and SAU 6 Vice Chair per roster (answers 'Michael. Yes' [69]; the chair asks 'Marjorie or Mike' to present the superintendent evaluation work [445], which this voice then does [447]-[454]) (uncertain - cluster also absorbs clipped onsets of others; see overrides)",Tomorrow morning.,Speaker 3
1:00:45.78,1:00:46.18,3645.78,3646.18,Carolyn Towle,"SAU 6 Board member (Claremont) (recognized 'Carolyn' [125],[383],[513]; ASR 'Carolyn. Paul' [21], 'Carolyn. Tall' [571])",No.,Speaker 12
1:00:46.22,1:00:48.02,3646.22,3648.02,Unidentified,Unidentified - cluster mixes the roll-call caller (not named on this recording) with clipped onsets of several members; see overrides,Not.,Speaker 4
1:00:48.10,1:00:50.50,3648.10,3650.50,Carolyn Towle,"SAU 6 Board member (Claremont) (recognized 'Carolyn' [125],[383],[513]; ASR 'Carolyn. Paul' [21], 'Carolyn. Tall' [571])",I guarantee it.,Speaker 12
1:00:50.58,1:00:51.94,3650.58,3651.94,Michael Petrin,"SAU 6 Board member (Claremont) and SAU 6 Vice Chair per roster (answers 'Michael. Yes' [69]; the chair asks 'Marjorie or Mike' to present the superintendent evaluation work [445], which this voice then does [447]-[454]) (uncertain - cluster also absorbs clipped onsets of others; see overrides)",We're talking to a week before.,Speaker 3
1:00:51.94,1:00:54.94,3651.94,3654.94,Michael O'Neill,"Business Administrator, SAU 6 (superintendent: 'Mike ... you're the business administrator' [247]; surname spelling per roster, unverified)",The board meeting. That's one of the time to get my responses.,Speaker 14
1:00:55.02,1:00:55.34,3655.02,3655.34,Carolyn Towle,"SAU 6 Board member (Claremont) (recognized 'Carolyn' [125],[383],[513]; ASR 'Carolyn. Paul' [21], 'Carolyn. Tall' [571])",Okay.,Speaker 12
1:00:55.38,1:00:56.42,3655.38,3656.42,Sara Lowe,"SAU 6 Board Chair (Unity member; presides; answers 'Yes' when 'Lowe' is called in the roll-call vote [572]-[573]; addressed 'Sarah' [447]; cluster also absorbs Cory LeClair, see overrides)",First week of June?,Speaker 18
1:00:56.46,1:00:56.78,3656.46,3656.78,Michael Petrin,"SAU 6 Board member (Claremont) and SAU 6 Vice Chair per roster (answers 'Michael. Yes' [69]; the chair asks 'Marjorie or Mike' to present the superintendent evaluation work [445], which this voice then does [447]-[454]) (uncertain - cluster also absorbs clipped onsets of others; see overrides)",Yeah.,Speaker 3
1:00:57.02,1:00:58.18,3657.02,3658.18,Middleton McGoodwin,"Superintendent, SAU 6 (presents the director nomination [46]; addressed 'Middleton' [445],[550])",First week of June.,Speaker 9
1:00:58.26,1:00:59.14,3658.26,3659.14,Rebecca Zullo,"SAU 6 Board member (Claremont School Board Vice Chair) (recognized 'Rebecca' [116],[296])",40 questions.,Speaker 11
1:00:59.22,1:01:00.30,3659.22,3660.30,Michael O'Neill,"Business Administrator, SAU 6 (superintendent: 'Mike ... you're the business administrator' [247]; surname spelling per roster, unverified)",Get answer right now. Probably.,Speaker 14
1:01:00.30,1:01:14.54,3660.30,3674.54,Cory LeClair,,"But just to  clarify on the report, it says it's the three page document you received at the top. It says Grants management report. That does not mean that these are grants. That just means that's the type.",Speaker 1
1:01:14.54,1:01:15.34,3674.54,3675.34,Michael Petrin,"SAU 6 Board member (Claremont) and SAU 6 Vice Chair per roster (answers 'Michael. Yes' [69]; the chair asks 'Marjorie or Mike' to present the superintendent evaluation work [445], which this voice then does [447]-[454]) (uncertain - cluster also absorbs clipped onsets of others; see overrides)",Of right.,Speaker 3
1:01:15.34,1:01:15.78,3675.34,3675.78,Michael O'Neill,"Business Administrator, SAU 6 (superintendent: 'Mike ... you're the business administrator' [247]; surname spelling per roster, unverified)",And that's.,Speaker 14
1:01:15.78,1:01:16.02,3675.78,3676.02,Michael Petrin,"SAU 6 Board member (Claremont) and SAU 6 Vice Chair per roster (answers 'Michael. Yes' [69]; the chair asks 'Marjorie or Mike' to present the superintendent evaluation work [445], which this voice then does [447]-[454]) (uncertain - cluster also absorbs clipped onsets of others; see overrides)",Just.,Speaker 3
1:01:16.02,1:01:19.50,3676.02,3679.50,Cory LeClair,,The selection process we use to be able to generate this information. So just.,Speaker 1
1:01:19.50,1:01:19.74,3679.50,3679.74,Michael Petrin,"SAU 6 Board member (Claremont) and SAU 6 Vice Chair per roster (answers 'Michael. Yes' [69]; the chair asks 'Marjorie or Mike' to present the superintendent evaluation work [445], which this voice then does [447]-[454]) (uncertain - cluster also absorbs clipped onsets of others; see overrides)",To.,Speaker 3
1:01:19.94,1:01:26.46,3679.94,3686.46,Michael O'Neill,"Business Administrator, SAU 6 (superintendent: 'Mike ... you're the business administrator' [247]; surname spelling per roster, unverified)",It's the simplest report on the system is what is it is.,Speaker 14
1:01:26.54,1:01:28.78,3686.54,3688.78,Unidentified,Unidentified - cluster mixes the roll-call caller (not named on this recording) with clipped onsets of several members; see overrides,Thank you very much.,Speaker 4
1:01:28.86,1:01:29.66,3688.86,3689.66,Michael Petrin,"SAU 6 Board member (Claremont) and SAU 6 Vice Chair per roster (answers 'Michael. Yes' [69]; the chair asks 'Marjorie or Mike' to present the superintendent evaluation work [445], which this voice then does [447]-[454]) (uncertain - cluster also absorbs clipped onsets of others; see overrides)",Thank you.,Speaker 3
1:01:29.74,1:01:41.02,3689.74,3701.02,Unidentified,Unidentified - cluster mixes the roll-call caller (not named on this recording) with clipped onsets of several members; see overrides,Okay. The next item is the schools evaluation subcommittee report.,Speaker 4
1:01:41.10,1:01:43.18,3701.10,3703.18,Sara Lowe,"SAU 6 Board Chair (Unity member; presides; answers 'Yes' when 'Lowe' is called in the roll-call vote [572]-[573]; addressed 'Sarah' [447]; cluster also absorbs Cory LeClair, see overrides)",So there.,Speaker 18
1:01:43.34,1:01:44.26,3703.34,3704.26,Sara Lowe,"SAU 6 Board Chair (Unity member; presides; answers 'Yes' when 'Lowe' is called in the roll-call vote [572]-[573]; addressed 'Sarah' [447]; cluster also absorbs Cory LeClair, see overrides)",Were a few of.,Speaker 1
1:01:44.26,1:01:46.26,3704.26,3706.26,Sara Lowe,"SAU 6 Board Chair (Unity member; presides; answers 'Yes' when 'Lowe' is called in the roll-call vote [572]-[573]; addressed 'Sarah' [447]; cluster also absorbs Cory LeClair, see overrides)",Us who met together.,Speaker 18
1:01:46.34,1:01:47.06,3706.34,3707.06,Sara Lowe,"SAU 6 Board Chair (Unity member; presides; answers 'Yes' when 'Lowe' is called in the roll-call vote [572]-[573]; addressed 'Sarah' [447]; cluster also absorbs Cory LeClair, see overrides)",Four of us.,Speaker 1
1:01:47.06,1:01:47.66,3707.06,3707.66,Unidentified,Unidentified - cluster mixes the roll-call caller (not named on this recording) with clipped onsets of several members; see overrides,Five.,Speaker 4
1:01:47.74,1:01:48.46,3707.74,3708.46,Unidentified,Unidentified - single fragment,Five of us.,Speaker 20
1:01:48.50,1:02:10.46,3708.50,3730.46,Sara Lowe,"SAU 6 Board Chair (Unity member; presides; answers 'Yes' when 'Lowe' is called in the roll-call vote [572]-[573]; addressed 'Sarah' [447]; cluster also absorbs Cory LeClair, see overrides)","Who met, at and looked at a variety of ways that a superintendent evaluation might occur.  And created what  Marjorie affectionately calls a straw man, which I have never heard that word before. To share with everyone.",Speaker 18
1:02:13.06,1:02:45.18,3733.06,3765.18,Sara Lowe,"SAU 6 Board Chair (Unity member; presides; answers 'Yes' when 'Lowe' is called in the roll-call vote [572]-[573]; addressed 'Sarah' [447]; cluster also absorbs Cory LeClair, see overrides)","So. And we also worked a little bit on,  refining and looking at a vision statement and a mission statement, because what we felt like was, without those being really clear,  it was difficult to move forward with the assessment piece. So this is for everyone to look at. And I'm going to kind of let Marjorie or  let Mike speak to this a little bit.",Speaker 1
1:02:45.26,1:02:48.90,3765.26,3768.90,Unidentified,Unidentified - cluster mixes the roll-call caller (not named on this recording) with clipped onsets of several members; see overrides,It's up to you.,Speaker 4
1:02:48.98,1:03:19.98,3768.98,3799.98,Michael Petrin,"SAU 6 Board member (Claremont) and SAU 6 Vice Chair per roster (answers 'Michael. Yes' [69]; the chair asks 'Marjorie or Mike' to present the superintendent evaluation work [445], which this voice then does [447]-[454]) (uncertain - cluster also absorbs clipped onsets of others; see overrides)","So I guess, you know, we got together like Sarah. So we came up with, it's maybe stole a few pieces of the the vision statement. The mission statement. We didn't want to go about recreating the wheel. And I also, I guess I want to start by saying that, you know, we talked about needing an evaluation for Middleton, but then we wanted to make it clear that we wanted to find and come up with an evaluation for any superintendent that may be in that seat in the future.",Speaker 3
1:03:20.14,1:03:42.94,3800.14,3822.94,Michael Petrin,"SAU 6 Board member (Claremont) and SAU 6 Vice Chair per roster (answers 'Michael. Yes' [69]; the chair asks 'Marjorie or Mike' to present the superintendent evaluation work [445], which this voice then does [447]-[454]) (uncertain - cluster also absorbs clipped onsets of others; see overrides)","You know, for you, for future superintendents. So something we can use, not just for this year, but for the hopefully for, you know, the next ten years,  if not longer.  So we came up with the vision statement that we have here.  Mission statement and some goals for different focus areas.",Speaker 3
1:03:43.02,1:03:44.94,3823.02,3824.94,Unidentified,Unidentified - cluster mixes the roll-call caller (not named on this recording) with clipped onsets of several members; see overrides,For the community or.,Speaker 4
1:03:44.94,1:03:48.30,3824.94,3828.30,Rebecca Zullo,"SAU 6 Board member (Claremont School Board Vice Chair) (recognized 'Rebecca' [116],[296])",No. Does that matter to anybody?,Speaker 11
1:03:48.38,1:04:16.42,3828.38,3856.42,Sara Lowe,"SAU 6 Board Chair (Unity member; presides; answers 'Yes' when 'Lowe' is called in the roll-call vote [572]-[573]; addressed 'Sarah' [447]; cluster also absorbs Cory LeClair, see overrides)","Do you want me to do that? Sure. Okay. And and mind you, we looked at a variety of different schools, vision statements and  sort of took pieces and and bits from places. So,  upon graduation, students will have the academic and social abilities to actively apply their knowledge and skills to be ethically responsible citizens well equipped for success in their community, country and world.",Speaker 1
1:04:16.50,1:04:41.82,3856.50,3881.82,Sara Lowe,"SAU 6 Board Chair (Unity member; presides; answers 'Yes' when 'Lowe' is called in the roll-call vote [572]-[573]; addressed 'Sarah' [447]; cluster also absorbs Cory LeClair, see overrides)","And then the mission statement piece and we did some looking at what's the difference between a mission statement and a vision statement, and how do those play into  the district goals and the superintendent roles and all those pieces. So it is our mission at SA six to provide a safe and supportive environment in which students are guided to be in becoming independent, self-directed, lifelong learners and responsible citizens.",Speaker 1
1:04:41.94,1:04:58.94,3881.94,3898.94,Sara Lowe,"SAU 6 Board Chair (Unity member; presides; answers 'Yes' when 'Lowe' is called in the roll-call vote [572]-[573]; addressed 'Sarah' [447]; cluster also absorbs Cory LeClair, see overrides)",We strive to meet the unique needs of all students through a curriculum enriched by partnership with home and community.  And then  the I'll let you jump in with the  the areas of of goals.,Speaker 1
1:04:59.02,1:05:31.70,3899.02,3931.70,Michael Petrin,"SAU 6 Board member (Claremont) and SAU 6 Vice Chair per roster (answers 'Michael. Yes' [69]; the chair asks 'Marjorie or Mike' to present the superintendent evaluation work [445], which this voice then does [447]-[454]) (uncertain - cluster also absorbs clipped onsets of others; see overrides)","Yeah. So as far as superintendent goals, we came up with five areas of focus areas. One would be to establish and maintain a solid, respectful working relationship with the school board.  Two is establish a solid, interactive relationship with the community. Three is established trusting, respectful relationship with the district staff four as follows. Responsible and transparent business and financial practices  and five was provide sound instructional leadership.",Speaker 3
1:05:31.78,1:05:53.18,3931.78,3953.18,Michael Petrin,"SAU 6 Board member (Claremont) and SAU 6 Vice Chair per roster (answers 'Michael. Yes' [69]; the chair asks 'Marjorie or Mike' to present the superintendent evaluation work [445], which this voice then does [447]-[454]) (uncertain - cluster also absorbs clipped onsets of others; see overrides)","So those were kind of the five areas we thought we, you know, for for any superintendent to really be the focus areas. Again, we also use and looked at some of the, the strategic plan that you guys put a lot of work into. As we were developing this. We kept that in mind as well to try to  follow along with that.",Speaker 3
1:05:53.42,1:06:15.58,3953.42,3975.58,Sara Lowe,"SAU 6 Board Chair (Unity member; presides; answers 'Yes' when 'Lowe' is called in the roll-call vote [572]-[573]; addressed 'Sarah' [447]; cluster also absorbs Cory LeClair, see overrides)","So and then there's these rubrics that came,  the, the  core of it was from a New York system  that we found and, but we added and changed pieces to better fit what we thought made sense. So I guess if everyone wants to just.",Speaker 1
1:06:15.70,1:06:17.54,3975.70,3977.54,Marjorie Erickson,"SAU 6 Board member (Unity) (the chair asks 'Marjorie' to present [445]; 'Corey is getting Marjorie online' [472] while this voice emails the draft [527]; ASR 'Maggie Erickson' [21], 'Nigel Erickson' [571])",I want to reiterate that this is a.,Speaker 4
1:06:17.54,1:06:30.22,3977.54,3990.22,Marjorie Erickson,"SAU 6 Board member (Unity) (the chair asks 'Marjorie' to present [445]; 'Corey is getting Marjorie online' [472] while this voice emails the draft [527]; ASR 'Maggie Erickson' [21], 'Nigel Erickson' [571])","Straw man. And so we're looking for changes, feedback, things that don't make sense. I mean from everybody. So this is this is just our first cut at this.",Speaker 17
1:06:30.22,1:06:34.82,3990.22,3994.82,Sara Lowe,"SAU 6 Board Chair (Unity member; presides; answers 'Yes' when 'Lowe' is called in the roll-call vote [572]-[573]; addressed 'Sarah' [447]; cluster also absorbs Cory LeClair, see overrides)",And yeah. Yeah.,Speaker 1
1:06:34.90,1:06:35.62,3994.90,3995.62,Middleton McGoodwin,"Superintendent, SAU 6 (presents the director nomination [46]; addressed 'Middleton' [445],[550])",Can you take a.,Speaker 9
1:06:35.62,1:06:37.94,3995.62,3997.94,Robert McDevitt,"SAU 6 Board member (Unity), participating by phone ('Here on the phone' [22]; 'McDevitt. Abstain' [40]; answers 'Yes' after 'Bob McDevitt' [76]-[77]; recognized 'Bob' [224])",Photo of that and email it to me tonight.,Speaker 2
1:06:37.98,1:06:38.86,3997.98,3998.86,Marjorie Erickson,"SAU 6 Board member (Unity) (the chair asks 'Marjorie' to present [445]; 'Corey is getting Marjorie online' [472] while this voice emails the draft [527]; ASR 'Maggie Erickson' [21], 'Nigel Erickson' [571])",Email it to you.,Speaker 17
1:06:38.86,1:06:39.22,3998.86,3999.22,Sara Lowe,"SAU 6 Board Chair (Unity member; presides; answers 'Yes' when 'Lowe' is called in the roll-call vote [572]-[573]; addressed 'Sarah' [447]; cluster also absorbs Cory LeClair, see overrides)",Right.,Speaker 1
1:06:39.34,1:06:46.38,3999.34,4006.38,Marjorie Erickson,"SAU 6 Board member (Unity) (the chair asks 'Marjorie' to present [445]; 'Corey is getting Marjorie online' [472] while this voice emails the draft [527]; ASR 'Maggie Erickson' [21], 'Nigel Erickson' [571])",Oh no I can't I can't I don't have a I'm not on online.  Unless I go.,Speaker 17
1:06:46.42,1:06:48.10,4006.42,4008.10,Sara Lowe,"SAU 6 Board Chair (Unity member; presides; answers 'Yes' when 'Lowe' is called in the roll-call vote [572]-[573]; addressed 'Sarah' [447]; cluster also absorbs Cory LeClair, see overrides)",I'm not there.,Speaker 1
1:06:48.18,1:06:52.86,4008.18,4012.86,Middleton McGoodwin,"Superintendent, SAU 6 (presents the director nomination [46]; addressed 'Middleton' [445],[550])",Bob and Jason I would be very glad to make a copy of this and email it to you.,Speaker 9
1:06:52.98,1:06:57.86,4012.98,4017.86,Sara Lowe,"SAU 6 Board Chair (Unity member; presides; answers 'Yes' when 'Lowe' is called in the roll-call vote [572]-[573]; addressed 'Sarah' [447]; cluster also absorbs Cory LeClair, see overrides)",Hold on. Corey's going to get her online so that she can do that.,Speaker 1
1:06:57.94,1:06:58.18,4017.94,4018.18,Unidentified,Unidentified - cluster mixes the roll-call caller (not named on this recording) with clipped onsets of several members; see overrides,Okay.,Speaker 4
1:06:58.24,1:06:58.47,4018.24,4018.47,Sara Lowe,"SAU 6 Board Chair (Unity member; presides; answers 'Yes' when 'Lowe' is called in the roll-call vote [572]-[573]; addressed 'Sarah' [447]; cluster also absorbs Cory LeClair, see overrides)",Okay.,Speaker 1
1:06:58.54,1:06:59.58,4018.54,4019.58,Marjorie Erickson,"SAU 6 Board member (Unity) (the chair asks 'Marjorie' to present [445]; 'Corey is getting Marjorie online' [472] while this voice emails the draft [527]; ASR 'Maggie Erickson' [21], 'Nigel Erickson' [571])",So you six.,Speaker 17
1:06:59.66,1:07:01.34,4019.66,4021.34,Sara Lowe,"SAU 6 Board Chair (Unity member; presides; answers 'Yes' when 'Lowe' is called in the roll-call vote [572]-[573]; addressed 'Sarah' [447]; cluster also absorbs Cory LeClair, see overrides)","So we're going to,",Speaker 1
1:07:01.42,1:07:02.82,4021.42,4022.82,Unidentified,Unidentified - cluster mixes the roll-call caller (not named on this recording) with clipped onsets of several members; see overrides,Corey is getting Marjorie.,Speaker 4
1:07:02.82,1:07:08.94,4022.82,4028.94,Sara Lowe,"SAU 6 Board Chair (Unity member; presides; answers 'Yes' when 'Lowe' is called in the roll-call vote [572]-[573]; addressed 'Sarah' [447]; cluster also absorbs Cory LeClair, see overrides)","Online so that it can be emailed to you. You guys, sorry about that.",Speaker 1
1:07:09.02,1:07:09.98,4029.02,4029.98,Robert McDevitt,"SAU 6 Board member (Unity), participating by phone ('Here on the phone' [22]; 'McDevitt. Abstain' [40]; answers 'Yes' after 'Bob McDevitt' [76]-[77]; recognized 'Bob' [224])",Thank you.,Speaker 2
1:07:10.06,1:07:19.54,4030.06,4039.54,Sara Lowe,"SAU 6 Board Chair (Unity member; presides; answers 'Yes' when 'Lowe' is called in the roll-call vote [572]-[573]; addressed 'Sarah' [447]; cluster also absorbs Cory LeClair, see overrides)",And so there's rubrics for each of those five areas.  That  have a variety of subcomponents.,Speaker 1
1:07:19.62,1:07:20.74,4039.62,4040.74,Unidentified,Unidentified - cluster mixes the roll-call caller (not named on this recording) with clipped onsets of several members; see overrides,Jason's email.,Speaker 4
1:07:20.82,1:07:21.66,4040.82,4041.66,Sara Lowe,"SAU 6 Board Chair (Unity member; presides; answers 'Yes' when 'Lowe' is called in the roll-call vote [572]-[573]; addressed 'Sarah' [447]; cluster also absorbs Cory LeClair, see overrides)","Jason, what's your.",Speaker 1
1:07:21.66,1:07:28.20,4041.66,4048.20,Unidentified,Unidentified - cluster mixes the roll-call caller (not named on this recording) with clipped onsets of several members; see overrides,Oh.,Speaker 4
1:07:28.28,1:07:33.28,4048.28,4053.28,Jason Benware,"SAU 6 Board member (Claremont), participating by phone because he is working [16]-[19]; 'I just heard my name spelled' [479]","You just got my name,  I just heard my name spelled.",Speaker 6
1:07:33.32,1:07:35.48,4053.32,4055.48,Sara Lowe,"SAU 6 Board Chair (Unity member; presides; answers 'Yes' when 'Lowe' is called in the roll-call vote [572]-[573]; addressed 'Sarah' [447]; cluster also absorbs Cory LeClair, see overrides)",Oh because she was giving an email address..,Speaker 1
1:07:35.56,1:07:36.32,4055.56,4056.32,Michael O'Neill,"Business Administrator, SAU 6 (superintendent: 'Mike ... you're the business administrator' [247]; surname spelling per roster, unverified)",If you were still awake.,Speaker 14
1:07:36.33,1:07:37.88,4056.33,4057.88,Unidentified,Unidentified - cluster mixes the roll-call caller (not named on this recording) with clipped onsets of several members; see overrides,Jason.,Speaker 4
1:07:37.96,1:07:42.36,4057.96,4062.36,Jason Benware,"SAU 6 Board member (Claremont), participating by phone because he is working [16]-[19]; 'I just heard my name spelled' [479]",I am still here. I'm. I'm  doing my best to stay in tune.,Speaker 6
1:07:42.44,1:07:47.20,4062.44,4067.20,Unidentified,Unidentified - cluster mixes the roll-call caller (not named on this recording) with clipped onsets of several members; see overrides,"Okay, so, Jay and we're  at six.",Speaker 4
1:07:47.28,1:07:48.60,4067.28,4068.60,Sara Lowe,"SAU 6 Board Chair (Unity member; presides; answers 'Yes' when 'Lowe' is called in the roll-call vote [572]-[573]; addressed 'Sarah' [447]; cluster also absorbs Cory LeClair, see overrides)",Yep.,Speaker 1
1:07:48.68,1:07:56.48,4068.68,4076.48,Unidentified,Unidentified - cluster mixes the roll-call caller (not named on this recording) with clipped onsets of several members; see overrides,Org. Yeah.,Speaker 4
1:07:56.56,1:08:02.44,4076.56,4082.44,Sara Lowe,"SAU 6 Board Chair (Unity member; presides; answers 'Yes' when 'Lowe' is called in the roll-call vote [572]-[573]; addressed 'Sarah' [447]; cluster also absorbs Cory LeClair, see overrides)","So I'm not sure if people want to spend time reading and talking about this now or,  you know, questions.",Speaker 1
1:08:02.56,1:08:03.84,4082.56,4083.84,Unidentified,Unidentified - cluster mixes the roll-call caller (not named on this recording) with clipped onsets of several members; see overrides,Okay.,Speaker 4
1:08:03.92,1:08:31.60,4083.92,4111.60,Rebecca Zullo,"SAU 6 Board member (Claremont School Board Vice Chair) (recognized 'Rebecca' [116],[296])","So on the first one under goal number one establishes and maintains a solid respectful. The first the very first one. Is about information.  And if you go over to effective the qualifier under that is keeps the board informed with appropriate information in a timely manner, as needed and requested so it may perform its responsibilities in the same thing.",Speaker 11
1:08:31.69,1:08:48.88,4111.69,4128.88,Rebecca Zullo,"SAU 6 Board member (Claremont School Board Vice Chair) (recognized 'Rebecca' [116],[296])","I pretty much for number three, but I'm just wondering how we are going to measure appropriate or define appropriate because what I feel is appropriate information, a superintendent might feel may not feel the same. So I just want to make sure that that's clear on what what the expectation is.",Speaker 11
1:08:48.96,1:08:51.00,4128.96,4131.00,Marjorie Erickson,"SAU 6 Board member (Unity) (the chair asks 'Marjorie' to present [445]; 'Corey is getting Marjorie online' [472] while this voice emails the draft [527]; ASR 'Maggie Erickson' [21], 'Nigel Erickson' [571])",So you want to define appropriate.,Speaker 17
1:08:51.24,1:08:57.72,4131.24,4137.72,Rebecca Zullo,"SAU 6 Board member (Claremont School Board Vice Chair) (recognized 'Rebecca' [116],[296])",Or take appropriate out and just leave it information which would be wide. But I think we just need to make sure that.,Speaker 11
1:08:57.84,1:08:59.60,4137.84,4139.60,Marjorie Erickson,"SAU 6 Board member (Unity) (the chair asks 'Marjorie' to present [445]; 'Corey is getting Marjorie online' [472] while this voice emails the draft [527]; ASR 'Maggie Erickson' [21], 'Nigel Erickson' [571])","Yes, I move.",Speaker 17
1:08:59.68,1:09:16.36,4139.68,4156.36,Middleton McGoodwin,"Superintendent, SAU 6 (presents the director nomination [46]; addressed 'Middleton' [445],[550])","The things that I would. First of all, thank you for this to the subcommittee. I would find it very worthwhile for me to go through this,  and to come back with you with questions. And I think some of the question would be like Rebecca's. So what does that look like?",Speaker 9
1:09:16.48,1:09:18.04,4156.48,4158.04,Marjorie Erickson,"SAU 6 Board member (Unity) (the chair asks 'Marjorie' to present [445]; 'Corey is getting Marjorie online' [472] while this voice emails the draft [527]; ASR 'Maggie Erickson' [21], 'Nigel Erickson' [571])",Right? And I think that's.,Speaker 17
1:09:18.08,1:09:19.68,4158.08,4159.68,Middleton McGoodwin,"Superintendent, SAU 6 (presents the director nomination [46]; addressed 'Middleton' [445],[550])",Because that's a critical question.,Speaker 9
1:09:19.72,1:09:20.12,4159.72,4160.12,Marjorie Erickson,"SAU 6 Board member (Unity) (the chair asks 'Marjorie' to present [445]; 'Corey is getting Marjorie online' [472] while this voice emails the draft [527]; ASR 'Maggie Erickson' [21], 'Nigel Erickson' [571])",Yeah.,Speaker 17
1:09:20.20,1:09:30.28,4160.20,4170.28,Middleton McGoodwin,"Superintendent, SAU 6 (presents the director nomination [46]; addressed 'Middleton' [445],[550])","Because what's appropriate for one of you is not appropriate for the other. And if we have a consensus, that's what it looks like. So if I need some time.",Speaker 9
1:09:30.48,1:09:34.36,4170.48,4174.36,Frank Sprague,SAU 6 Board member (Claremont School Board Chair) (thanked 'Frank' by Ben Nester [57]; recognized 'Frank' [167]; motion for nonpublic session credited to 'Frank' [560]),Can we have quite a few people listening for people to.,Speaker 8
1:09:34.44,1:09:38.08,4174.44,4178.08,Unidentified,Unidentified - cluster mixes the roll-call caller (not named on this recording) with clipped onsets of several members; see overrides,Time with it and  come back?,Speaker 4
1:09:38.16,1:09:38.44,4178.16,4178.44,Sara Lowe,"SAU 6 Board Chair (Unity member; presides; answers 'Yes' when 'Lowe' is called in the roll-call vote [572]-[573]; addressed 'Sarah' [447]; cluster also absorbs Cory LeClair, see overrides)",And.,Speaker 1
1:09:38.44,1:09:48.96,4178.44,4188.96,Marjorie Erickson,"SAU 6 Board member (Unity) (the chair asks 'Marjorie' to present [445]; 'Corey is getting Marjorie online' [472] while this voice emails the draft [527]; ASR 'Maggie Erickson' [21], 'Nigel Erickson' [571])","Our next I think that's a really good idea because this is quite lengthy. And again, it was our first cut  and there's a lot here to look at.",Speaker 17
1:09:49.04,1:10:13.60,4189.04,4213.60,Michael Petrin,"SAU 6 Board member (Claremont) and SAU 6 Vice Chair per roster (answers 'Michael. Yes' [69]; the chair asks 'Marjorie or Mike' to present the superintendent evaluation work [445], which this voice then does [447]-[454]) (uncertain - cluster also absorbs clipped onsets of others; see overrides)","One of the pieces we did add was the scoring. So those are 123. You know that's scoring piece. And then we tried to figure out that  how to break that down. When you take an average we we don't want to make it. So it's impossible to be highly effective. So if you score all threes except for one two,  you're not going.",Speaker 3
1:10:13.68,1:10:28.92,4213.68,4228.92,Michael Petrin,"SAU 6 Board member (Claremont) and SAU 6 Vice Chair per roster (answers 'Michael. Yes' [69]; the chair asks 'Marjorie or Mike' to present the superintendent evaluation work [445], which this voice then does [447]-[454]) (uncertain - cluster also absorbs clipped onsets of others; see overrides)","If you squirt wrong, you're never going to reach highly effective. So we wanted to make sure and try to make sure that you can reach or people can reach the highly effective  without having to be all perfect threes. So we. So the scoring system as well can be.",Speaker 3
1:10:29.00,1:10:29.48,4229.00,4229.48,Unidentified,Unidentified - cluster mixes the roll-call caller (not named on this recording) with clipped onsets of several members; see overrides,There was a.,Speaker 4
1:10:29.48,1:10:31.04,4229.48,4231.04,Michael Petrin,"SAU 6 Board member (Claremont) and SAU 6 Vice Chair per roster (answers 'Michael. Yes' [69]; the chair asks 'Marjorie or Mike' to present the superintendent evaluation work [445], which this voice then does [447]-[454]) (uncertain - cluster also absorbs clipped onsets of others; see overrides)",Link adjusted.,Speaker 3
1:10:31.12,1:10:31.76,4231.12,4231.76,Unidentified,Unidentified - cluster mixes the roll-call caller (not named on this recording) with clipped onsets of several members; see overrides,To make sure that.,Speaker 4
1:10:31.76,1:10:35.00,4231.76,4235.00,Rebecca Zullo,"SAU 6 Board member (Claremont School Board Vice Chair) (recognized 'Rebecca' [116],[296])",It was inappropriate scoring system.,Speaker 11
1:10:35.24,1:10:42.24,4235.24,4242.24,Marjorie Erickson,"SAU 6 Board member (Unity) (the chair asks 'Marjorie' to present [445]; 'Corey is getting Marjorie online' [472] while this voice emails the draft [527]; ASR 'Maggie Erickson' [21], 'Nigel Erickson' [571])",And so that's what you see at the bottom of each table is the numeric rating range.,Speaker 17
1:10:42.32,1:10:51.56,4242.32,4251.56,Sara Lowe,"SAU 6 Board Chair (Unity member; presides; answers 'Yes' when 'Lowe' is called in the roll-call vote [572]-[573]; addressed 'Sarah' [447]; cluster also absorbs Cory LeClair, see overrides)","So we had to play with that a little bit because we're like well if we get all, you know, if there's only four criteria you get all threes and one two that doesn't reflect.",Speaker 1
1:10:51.64,1:10:52.32,4251.64,4252.32,Unidentified,Unidentified - cluster mixes the roll-call caller (not named on this recording) with clipped onsets of several members; see overrides,Well.,Speaker 4
1:10:52.40,1:11:06.76,4252.40,4266.76,Michael Petrin,"SAU 6 Board member (Claremont) and SAU 6 Vice Chair per roster (answers 'Michael. Yes' [69]; the chair asks 'Marjorie or Mike' to present the superintendent evaluation work [445], which this voice then does [447]-[454]) (uncertain - cluster also absorbs clipped onsets of others; see overrides)","Behind this would be that each board member would score this for the superintendent, and then you would collect them and take an average,  and come up with a, you know, score. So.",Speaker 3
1:11:06.84,1:11:07.88,4266.84,4267.88,Sara Lowe,"SAU 6 Board Chair (Unity member; presides; answers 'Yes' when 'Lowe' is called in the roll-call vote [572]-[573]; addressed 'Sarah' [447]; cluster also absorbs Cory LeClair, see overrides)",Carolyn.,Speaker 1
1:11:07.96,1:11:08.60,4267.96,4268.60,Carolyn Towle,"SAU 6 Board member (Claremont) (recognized 'Carolyn' [125],[383],[513]; ASR 'Carolyn. Paul' [21], 'Carolyn. Tall' [571])",I would like.,Speaker 4
1:11:08.60,1:11:14.48,4268.60,4274.48,Carolyn Towle,"SAU 6 Board member (Claremont) (recognized 'Carolyn' [125],[383],[513]; ASR 'Carolyn. Paul' [21], 'Carolyn. Tall' [571])",To  commend the subcommittee.,Speaker 12
1:11:14.56,1:11:27.76,4274.56,4287.76,Carolyn Towle,"SAU 6 Board member (Claremont) (recognized 'Carolyn' [125],[383],[513]; ASR 'Carolyn. Paul' [21], 'Carolyn. Tall' [571])","The commitment to getting this started and getting it rolling.  I really commend the work that has been done. This is a great, great start.  I'm proud to be a part of you.",Speaker 12
1:11:27.83,1:11:29.48,4287.83,4289.48,Michael Petrin,"SAU 6 Board member (Claremont) and SAU 6 Vice Chair per roster (answers 'Michael. Yes' [69]; the chair asks 'Marjorie or Mike' to present the superintendent evaluation work [445], which this voice then does [447]-[454]) (uncertain - cluster also absorbs clipped onsets of others; see overrides)",You get to watch the sunset.,Speaker 3
1:11:29.56,1:11:29.80,4289.56,4289.80,Sara Lowe,"SAU 6 Board Chair (Unity member; presides; answers 'Yes' when 'Lowe' is called in the roll-call vote [572]-[573]; addressed 'Sarah' [447]; cluster also absorbs Cory LeClair, see overrides)",Yeah.,Speaker 1
1:11:29.84,1:11:31.96,4289.84,4291.96,Unidentified,Unidentified - cluster mixes the roll-call caller (not named on this recording) with clipped onsets of several members; see overrides,Marge's house. We kind of missed it.,Speaker 4
1:11:31.96,1:11:46.64,4291.96,4306.64,Sara Lowe,"SAU 6 Board Chair (Unity member; presides; answers 'Yes' when 'Lowe' is called in the roll-call vote [572]-[573]; addressed 'Sarah' [447]; cluster also absorbs Cory LeClair, see overrides)","And it was I, you know. Thanks  for opening her house and setting up a whole big screen so we could see everything all at once. That it was. It made it flow really nicely. And there was a sunset.",Speaker 1
1:11:46.72,1:11:48.16,4306.72,4308.16,Sara Lowe,"SAU 6 Board Chair (Unity member; presides; answers 'Yes' when 'Lowe' is called in the roll-call vote [572]-[573]; addressed 'Sarah' [447]; cluster also absorbs Cory LeClair, see overrides)",So. Okay.,Speaker 1
1:11:48.16,1:11:49.20,4308.16,4309.20,Unidentified,Unidentified - cluster mixes the roll-call caller (not named on this recording) with clipped onsets of several members; see overrides,We're going to.,Speaker 4
1:11:49.28,1:12:10.80,4309.28,4330.80,Sara Lowe,"SAU 6 Board Chair (Unity member; presides; answers 'Yes' when 'Lowe' is called in the roll-call vote [572]-[573]; addressed 'Sarah' [447]; cluster also absorbs Cory LeClair, see overrides)","So yeah, we'll everyone  will review this and come back with any questions or concerns. I don't want to have it go sit in a folder and people to be wanting to read it for the first time in our next meeting. And I want everyone to have read it and come with any questions or comments so that our time can be efficient.",Speaker 1
1:12:10.96,1:12:12.65,4330.96,4332.65,Unidentified,Unidentified - cluster mixes the roll-call caller (not named on this recording) with clipped onsets of several members; see overrides,Will be reviewed.,Speaker 4
1:12:12.73,1:12:13.36,4332.73,4333.36,Rebecca Zullo,"SAU 6 Board member (Claremont School Board Vice Chair) (recognized 'Rebecca' [116],[296])",Yes.,Speaker 11
1:12:13.44,1:12:13.76,4333.44,4333.76,Unidentified,Unidentified - cluster mixes the roll-call caller (not named on this recording) with clipped onsets of several members; see overrides,Okay.,Speaker 4
1:12:13.80,1:12:18.88,4333.80,4338.88,Marjorie Erickson,"SAU 6 Board member (Unity) (the chair asks 'Marjorie' to present [445]; 'Corey is getting Marjorie online' [472] while this voice emails the draft [527]; ASR 'Maggie Erickson' [21], 'Nigel Erickson' [571])","Yes. And Ben and Jason, I did just email it.",Speaker 17
1:12:18.96,1:12:19.12,4338.96,4339.12,Unidentified,"Unidentified - short responses, possibly a phone participant",Yes.,Speaker 21
1:12:19.20,1:12:20.56,4339.20,4340.56,Marjorie Erickson,"SAU 6 Board member (Unity) (the chair asks 'Marjorie' to present [445]; 'Corey is getting Marjorie online' [472] while this voice emails the draft [527]; ASR 'Maggie Erickson' [21], 'Nigel Erickson' [571])",I or.,Speaker 17
1:12:20.64,1:12:22.04,4340.64,4342.04,Robert McDevitt,"SAU 6 Board member (Unity), participating by phone ('Here on the phone' [22]; 'McDevitt. Abstain' [40]; answers 'Yes' after 'Bob McDevitt' [76]-[77]; recognized 'Bob' [224])",Only one page.,Speaker 2
1:12:22.12,1:12:23.16,4342.12,4343.16,Marjorie Erickson,"SAU 6 Board member (Unity) (the chair asks 'Marjorie' to present [445]; 'Corey is getting Marjorie online' [472] while this voice emails the draft [527]; ASR 'Maggie Erickson' [21], 'Nigel Erickson' [571])",Jason and Bob.,Speaker 17
1:12:23.16,1:12:24.40,4343.16,4344.40,Unidentified,Unidentified - cluster mixes the roll-call caller (not named on this recording) with clipped onsets of several members; see overrides,Sorry. There's a number.,Speaker 4
1:12:24.40,1:12:25.28,4344.40,4345.28,Rebecca Zullo,"SAU 6 Board member (Claremont School Board Vice Chair) (recognized 'Rebecca' [116],[296])",Of pages.,Speaker 11
1:12:25.52,1:12:27.48,4345.52,4347.48,Marjorie Erickson,"SAU 6 Board member (Unity) (the chair asks 'Marjorie' to present [445]; 'Corey is getting Marjorie online' [472] while this voice emails the draft [527]; ASR 'Maggie Erickson' [21], 'Nigel Erickson' [571])",There's six pages.,Speaker 17
1:12:27.56,1:12:34.92,4347.56,4354.92,Robert McDevitt,"SAU 6 Board member (Unity), participating by phone ('Here on the phone' [22]; 'McDevitt. Abstain' [40]; answers 'Yes' after 'Bob McDevitt' [76]-[77]; recognized 'Bob' [224])",The first page that basically goes to the last line on it is provide sound and instructional leadership.,Speaker 2
1:12:35.00,1:12:35.26,4355.00,4355.26,Michael O'Neill,"Business Administrator, SAU 6 (superintendent: 'Mike ... you're the business administrator' [247]; surname spelling per roster, unverified)",Oh.,Speaker 14
1:12:35.45,1:12:35.72,4355.45,4355.72,Unidentified,Unidentified - cluster mixes the roll-call caller (not named on this recording) with clipped onsets of several members; see overrides,Oh.,Speaker 4
1:12:35.88,1:12:38.12,4355.88,4358.12,Carolyn Towle,"SAU 6 Board member (Claremont) (recognized 'Carolyn' [125],[383],[513]; ASR 'Carolyn. Paul' [21], 'Carolyn. Tall' [571])","That's just the cover page,",Speaker 12
1:12:38.20,1:12:41.04,4358.20,4361.04,Robert McDevitt,"SAU 6 Board member (Unity), participating by phone ('Here on the phone' [22]; 'McDevitt. Abstain' [40]; answers 'Yes' after 'Bob McDevitt' [76]-[77]; recognized 'Bob' [224])",That's that's all I received. Just the cover page.,Speaker 2
1:12:41.12,1:12:48.80,4361.12,4368.80,Marjorie Erickson,"SAU 6 Board member (Unity) (the chair asks 'Marjorie' to present [445]; 'Corey is getting Marjorie online' [472] while this voice emails the draft [527]; ASR 'Maggie Erickson' [21], 'Nigel Erickson' [571])",Okay. I have no idea why. Hold on.,Speaker 17
1:12:48.88,1:12:52.60,4368.88,4372.60,Marjorie Erickson,"SAU 6 Board member (Unity) (the chair asks 'Marjorie' to present [445]; 'Corey is getting Marjorie online' [472] while this voice emails the draft [527]; ASR 'Maggie Erickson' [21], 'Nigel Erickson' [571])","Because when I look at it, it has everything.",Speaker 17
1:12:53.92,1:12:55.12,4373.92,4375.12,Sara Lowe,"SAU 6 Board Chair (Unity member; presides; answers 'Yes' when 'Lowe' is called in the roll-call vote [572]-[573]; addressed 'Sarah' [447]; cluster also absorbs Cory LeClair, see overrides)",Are you on your phone?,Speaker 1
1:12:55.20,1:13:06.60,4375.20,4386.60,Marjorie Erickson,"SAU 6 Board member (Unity) (the chair asks 'Marjorie' to present [445]; 'Corey is getting Marjorie online' [472] while this voice emails the draft [527]; ASR 'Maggie Erickson' [21], 'Nigel Erickson' [571])","I'm gonna make it a PDF and send it to you. Because sometimes my Mac to PC, I have conversion problems, so I'll send you a PDF.",Speaker 17
1:13:06.68,1:13:07.20,4386.68,4387.20,Robert McDevitt,"SAU 6 Board member (Unity), participating by phone ('Here on the phone' [22]; 'McDevitt. Abstain' [40]; answers 'Yes' after 'Bob McDevitt' [76]-[77]; recognized 'Bob' [224])",Great.,Speaker 2
1:13:07.24,1:13:13.50,4387.24,4393.50,Marjorie Erickson,"SAU 6 Board member (Unity) (the chair asks 'Marjorie' to present [445]; 'Corey is getting Marjorie online' [472] while this voice emails the draft [527]; ASR 'Maggie Erickson' [21], 'Nigel Erickson' [571])",In just a minute and hopefully that works better.,Speaker 17
1:13:13.58,1:13:18.36,4393.58,4398.36,Unidentified,Unidentified - cluster mixes the roll-call caller (not named on this recording) with clipped onsets of several members; see overrides,Yeah.,Speaker 4
1:13:18.44,1:13:21.32,4398.44,4401.32,Sara Lowe,"SAU 6 Board Chair (Unity member; presides; answers 'Yes' when 'Lowe' is called in the roll-call vote [572]-[573]; addressed 'Sarah' [447]; cluster also absorbs Cory LeClair, see overrides)",Okay.,Speaker 1
1:13:27.56,1:14:14.88,4407.56,4454.88,Sara Lowe,"SAU 6 Board Chair (Unity member; presides; answers 'Yes' when 'Lowe' is called in the roll-call vote [572]-[573]; addressed 'Sarah' [447]; cluster also absorbs Cory LeClair, see overrides)","I think  does that end that discussion? Yes. Okay.  The next item is a nonpublic meeting. Under RSA 91, a  colon three two C  so this is  a meeting that the board wanted to have and request that we have, no one from the public, obviously.  And also we were going to excuse you, Middleton, from this piece.",Speaker 1
1:14:14.96,1:14:18.64,4454.96,4458.64,Sara Lowe,"SAU 6 Board Chair (Unity member; presides; answers 'Yes' when 'Lowe' is called in the roll-call vote [572]-[573]; addressed 'Sarah' [447]; cluster also absorbs Cory LeClair, see overrides)",And I'm not sure that.,Speaker 1
1:14:18.72,1:14:19.16,4458.72,4459.16,Unidentified,Unidentified - cluster mixes the roll-call caller (not named on this recording) with clipped onsets of several members; see overrides,Yeah.,Speaker 4
1:14:19.32,1:14:27.70,4459.32,4467.70,Sara Lowe,"SAU 6 Board Chair (Unity member; presides; answers 'Yes' when 'Lowe' is called in the roll-call vote [572]-[573]; addressed 'Sarah' [447]; cluster also absorbs Cory LeClair, see overrides)",We need yeah we need it. Yeah. We need a motion for that and a roll call vote to go into that.,Speaker 1
1:14:27.78,1:14:28.47,4467.78,4468.47,Unidentified,Unidentified - cluster mixes the roll-call caller (not named on this recording) with clipped onsets of several members; see overrides,Yeah.,Speaker 4
1:14:28.55,1:14:29.22,4468.55,4469.22,Frank Sprague,SAU 6 Board member (Claremont School Board Chair) (thanked 'Frank' by Ben Nester [57]; recognized 'Frank' [167]; motion for nonpublic session credited to 'Frank' [560]),I'm here. So I can't.,Speaker 8
1:14:29.22,1:14:29.42,4469.22,4469.42,Unidentified,Unidentified - cluster mixes the roll-call caller (not named on this recording) with clipped onsets of several members; see overrides,Believe.,Speaker 4
1:14:29.54,1:14:34.86,4469.54,4474.86,Sara Lowe,"SAU 6 Board Chair (Unity member; presides; answers 'Yes' when 'Lowe' is called in the roll-call vote [572]-[573]; addressed 'Sarah' [447]; cluster also absorbs Cory LeClair, see overrides)",It's on the very bottom. It's cited.,Speaker 1
1:14:34.94,1:14:46.44,4474.94,4486.44,Frank Sprague,SAU 6 Board member (Claremont School Board Chair) (thanked 'Frank' by Ben Nester [57]; recognized 'Frank' [167]; motion for nonpublic session credited to 'Frank' [560]),I'd like to think on a 91.931. I feel like I'm a night test. See you in fourth season.,Speaker 8
1:14:46.52,1:14:48.73,4486.52,4488.73,Steven Horsky,"SAU 6 Board member (Claremont) (recognized 'Steve had his hand up' [143]; addressed 'Steve' [206],[215])",Second the motion.,Speaker 4
1:14:48.81,1:15:00.06,4488.81,4500.06,Sara Lowe,"SAU 6 Board Chair (Unity member; presides; answers 'Yes' when 'Lowe' is called in the roll-call vote [572]-[573]; addressed 'Sarah' [447]; cluster also absorbs Cory LeClair, see overrides)","Okay, so we have Frank and Steven as a second, and then we need to roll call vote to go into that.",Speaker 1
1:15:00.14,1:15:02.46,4500.14,4502.46,Unidentified,"Unidentified - short responses, possibly a phone participant",We did that. Marjorie. Thank you very much.,Speaker 21
1:15:02.54,1:15:03.78,4502.54,4503.78,Robert McDevitt,"SAU 6 Board member (Unity), participating by phone ('Here on the phone' [22]; 'McDevitt. Abstain' [40]; answers 'Yes' after 'Bob McDevitt' [76]-[77]; recognized 'Bob' [224])",Came through.,Speaker 2
1:15:03.86,1:15:07.58,4503.86,4507.58,Unidentified,Unidentified - cluster mixes the roll-call caller (not named on this recording) with clipped onsets of several members; see overrides,Good.,Speaker 4
1:15:07.66,1:15:09.06,4507.66,4509.06,Sara Lowe,"SAU 6 Board Chair (Unity member; presides; answers 'Yes' when 'Lowe' is called in the roll-call vote [572]-[573]; addressed 'Sarah' [447]; cluster also absorbs Cory LeClair, see overrides)",Yes.,Speaker 1
1:15:09.14,1:15:16.11,4509.14,4516.11,Unidentified,Unidentified - cluster mixes the roll-call caller (not named on this recording) with clipped onsets of several members; see overrides,Jason dunlap.  Yeah. Don't call on the.,Speaker 4
1:15:16.19,1:15:17.06,4516.19,4517.06,Unidentified,Unidentified - cluster mixes the roll-call caller (not named on this recording) with clipped onsets of several members; see overrides,Yes. Yes.,Speaker 4
1:15:17.14,1:15:19.06,4517.14,4519.06,Jason Benware,"SAU 6 Board member (Claremont), participating by phone because he is working [16]-[19]; 'I just heard my name spelled' [479]",I said yes.,Speaker 6
1:15:19.14,1:15:20.58,4519.14,4520.58,Middleton McGoodwin,"Superintendent, SAU 6 (presents the director nomination [46]; addressed 'Middleton' [445],[550])",Yes.,Speaker 9
1:15:20.66,1:15:21.66,4520.66,4521.66,Unidentified,Unidentified - cluster mixes the roll-call caller (not named on this recording) with clipped onsets of several members; see overrides,Michael.,Speaker 4
1:15:21.74,1:15:22.66,4521.74,4522.66,Michael Petrin,"SAU 6 Board member (Claremont) and SAU 6 Vice Chair per roster (answers 'Michael. Yes' [69]; the chair asks 'Marjorie or Mike' to present the superintendent evaluation work [445], which this voice then does [447]-[454]) (uncertain - cluster also absorbs clipped onsets of others; see overrides)",Yes.,Speaker 3
1:15:22.74,1:15:38.27,4522.74,4538.27,Unidentified,Unidentified - cluster mixes the roll-call caller (not named on this recording) with clipped onsets of several members; see overrides,That was not here. Right. Spread question. Carolyn. Tall. Yes and no. That is the law. Yes. Nigel Erickson. Yes.,Speaker 4
1:15:38.35,1:15:38.82,4538.35,4538.82,Marjorie Erickson,"SAU 6 Board member (Unity) (the chair asks 'Marjorie' to present [445]; 'Corey is getting Marjorie online' [472] while this voice emails the draft [527]; ASR 'Maggie Erickson' [21], 'Nigel Erickson' [571])",Low.,Speaker 17
1:15:39.06,1:15:44.16,4539.06,4544.16,Sara Lowe,"SAU 6 Board Chair (Unity member; presides; answers 'Yes' when 'Lowe' is called in the roll-call vote [572]-[573]; addressed 'Sarah' [447]; cluster also absorbs Cory LeClair, see overrides)",Yes.,Speaker 1
1:15:44.24,1:15:46.09,4544.24,4546.09,Unidentified,Unidentified - cluster mixes the roll-call caller (not named on this recording) with clipped onsets of several members; see overrides,Robert McDevitt.,Speaker 4
1:15:46.17,1:15:47.54,4546.17,4547.54,Robert McDevitt,"SAU 6 Board member (Unity), participating by phone ('Here on the phone' [22]; 'McDevitt. Abstain' [40]; answers 'Yes' after 'Bob McDevitt' [76]-[77]; recognized 'Bob' [224])",Yes.,Speaker 2
1:15:47.62,1:15:48.60,4547.62,4548.60,Unidentified,Unidentified - cluster mixes the roll-call caller (not named on this recording) with clipped onsets of several members; see overrides,Craig.,Speaker 4
1:15:48.68,1:15:50.04,4548.68,4550.04,Michael Petrin,"SAU 6 Board member (Claremont) and SAU 6 Vice Chair per roster (answers 'Michael. Yes' [69]; the chair asks 'Marjorie or Mike' to present the superintendent evaluation work [445], which this voice then does [447]-[454]) (uncertain - cluster also absorbs clipped onsets of others; see overrides)",Yes.,Speaker 3
1:15:50.12,1:15:53.36,4550.12,4553.36,Frank Sprague,SAU 6 Board member (Claremont School Board Chair) (thanked 'Frank' by Ben Nester [57]; recognized 'Frank' [167]; motion for nonpublic session credited to 'Frank' [560]),That's great. Yes.,Speaker 8
1:15:53.44,1:15:56.88,4553.44,4556.88,Unidentified,Unidentified - cluster mixes the roll-call caller (not named on this recording) with clipped onsets of several members; see overrides,Okay.,Speaker 4
1:15:56.96,1:15:59.88,4556.96,4559.88,Sara Lowe,"SAU 6 Board Chair (Unity member; presides; answers 'Yes' when 'Lowe' is called in the roll-call vote [572]-[573]; addressed 'Sarah' [447]; cluster also absorbs Cory LeClair, see overrides)",We need to make sure we're off air. That's what we need to do.,Speaker 1
