Start,End,Start (sec),End (sec),Speaker,Role,Dialogue,Diarized As,Video URL
0:00:44.22,0:00:59.22,44.22,59.22,Marjorie Erickson,"SAU 6 Board Chair (Unity member) (calls to order [0], asks 'Mary' to call roll [2], opening statement on 'my tenure as chairman ... before you elected me' [10]; later: 'myself as the SA six chair' [582] listed apart from 'Sarah Lowe from unity'; 'The board six chair ... she's actually from unity' [569]; roll call has Marjorie Erickson present [5]; cluster also carries Cory LeClair, see overrides)","Okay, well, I have 630, so  I'm calling this meeting to order, and we can start with the Pledge of Allegiance.",Speaker 1,https://reflect-claremont.cablecast.tv/internetchannel/show/9876?site=1&seekto=44
0:00:59.30,0:01:22.38,59.30,82.38,Marjorie Erickson,"SAU 6 Board Chair (Unity member) (calls to order [0], asks 'Mary' to call roll [2], opening statement on 'my tenure as chairman ... before you elected me' [10]; later: 'myself as the SA six chair' [582] listed apart from 'Sarah Lowe from unity'; 'The board six chair ... she's actually from unity' [569]; roll call has Marjorie Erickson present [5]; cluster also carries Cory LeClair, see overrides)","To the flag of the United States of America and to the Republic which it stands. One nation under God, indivisible, with liberty and justice for all. Frank, do you want to knock on the window and just tell them?",Speaker 1,https://reflect-claremont.cablecast.tv/internetchannel/show/9876?site=1&seekto=59
0:01:22.46,0:01:39.32,82.46,99.32,Marjorie Erickson,"SAU 6 Board Chair (Unity member) (calls to order [0], asks 'Mary' to call roll [2], opening statement on 'my tenure as chairman ... before you elected me' [10]; later: 'myself as the SA six chair' [582] listed apart from 'Sarah Lowe from unity'; 'The board six chair ... she's actually from unity' [569]; roll call has Marjorie Erickson present [5]; cluster also carries Cory LeClair, see overrides)","Okay, a reminder to everybody to turn off cell phones. Mine's turned off leaving my computer. Okay.  Mary, do you want to call the roll?",Speaker 1,https://reflect-claremont.cablecast.tv/internetchannel/show/9876?site=1&seekto=82
0:01:39.40,0:01:47.68,99.40,107.68,Mary Woodman,"Recording secretary (asked 'Mary, do you want to call the roll?' [2], calls roll [3-7])",Stephen. Here. Michael. Patron. Here. Michelle Pierce.,Speaker 2,https://reflect-claremont.cablecast.tv/internetchannel/show/9876?site=1&seekto=99
0:01:47.76,0:01:56.84,107.76,116.84,Mary Woodman,"Recording secretary (asked 'Mary, do you want to call the roll?' [2], calls roll [3-7])",Here. Frank Sprague here. Carolyn. Doll here. Rebecca.,Speaker 2,https://reflect-claremont.cablecast.tv/internetchannel/show/9876?site=1&seekto=107
0:01:56.92,0:02:05.20,116.92,125.20,Mary Woodman,"Recording secretary (asked 'Mary, do you want to call the roll?' [2], calls roll [3-7])",Marjorie Erickson here. Sarah Low here. Prudence McCormick. Here. Rob McDevitt.,Speaker 2,https://reflect-claremont.cablecast.tv/internetchannel/show/9876?site=1&seekto=116
0:02:05.28,0:02:06.44,125.28,126.44,Cory LeClair,"Assistant Superintendent, SAU 6 (acting superintendent designate) (grant work and office capacity [244-262]; presents the interim criteria draft 'to use Marge's term, a straw man' [275-284]; defers 'to Josh' [290]; chair: 'questions for either Corey or Mike?' [264])",Were there any more agendas?,Speaker 3,https://reflect-claremont.cablecast.tv/internetchannel/show/9876?site=1&seekto=125
0:02:06.48,0:02:14.74,126.48,134.74,Mary Woodman,"Recording secretary (asked 'Mary, do you want to call the roll?' [2], calls roll [3-7])",And Craig shoe.,Speaker 2,https://reflect-claremont.cablecast.tv/internetchannel/show/9876?site=1&seekto=126
0:02:14.82,0:02:32.98,134.82,152.98,Unidentified,"Unidentified - cluster mixes short remarks, seconds, 'aye' and recognitions from several voices",Do you have a next one? Frank. Michelle. Frank. Hansen. Should you take Frank?,Speaker 4,https://reflect-claremont.cablecast.tv/internetchannel/show/9876?site=1&seekto=134
0:02:33.06,0:02:35.38,153.06,155.38,Mary Woodman,"Recording secretary (asked 'Mary, do you want to call the roll?' [2], calls roll [3-7])",We need any more?,Speaker 2,https://reflect-claremont.cablecast.tv/internetchannel/show/9876?site=1&seekto=153
0:02:35.46,0:02:59.98,155.46,179.98,Marjorie Erickson,"SAU 6 Board Chair (Unity member) (calls to order [0], asks 'Mary' to call roll [2], opening statement on 'my tenure as chairman ... before you elected me' [10]; later: 'myself as the SA six chair' [582] listed apart from 'Sarah Lowe from unity'; 'The board six chair ... she's actually from unity' [569]; roll call has Marjorie Erickson present [5]; cluster also carries Cory LeClair, see overrides)","Yeah. Before we begin, I'd like to read a statement. That's just setting the tone. Well, I hope we'll set the tone for my tenure as chairman. Probably should have read it last time when you. Before you elected me. But now you're stuck.  But I just want to speak to my ideals for how I. How I see the board performing.",Speaker 1,https://reflect-claremont.cablecast.tv/internetchannel/show/9876?site=1&seekto=155
0:03:00.18,0:03:26.70,180.18,206.70,Marjorie Erickson,"SAU 6 Board Chair (Unity member) (calls to order [0], asks 'Mary' to call roll [2], opening statement on 'my tenure as chairman ... before you elected me' [10]; later: 'myself as the SA six chair' [582] listed apart from 'Sarah Lowe from unity'; 'The board six chair ... she's actually from unity' [569]; roll call has Marjorie Erickson present [5]; cluster also carries Cory LeClair, see overrides)","So if you'll indulge me, it'll just take a minute, and then we'll move on with the agenda. Our board has a great responsibility to the district to make sound decisions regarding our children's education, and to be good stewards of the taxpayer, provided educational funding. Our conduct must be above reproach, and thus our decision making process must be deliberate, principled, transparent and conducted fully in the public domain.",Speaker 1,https://reflect-claremont.cablecast.tv/internetchannel/show/9876?site=1&seekto=180
0:03:26.78,0:03:46.94,206.78,226.94,Marjorie Erickson,"SAU 6 Board Chair (Unity member) (calls to order [0], asks 'Mary' to call roll [2], opening statement on 'my tenure as chairman ... before you elected me' [10]; later: 'myself as the SA six chair' [582] listed apart from 'Sarah Lowe from unity'; 'The board six chair ... she's actually from unity' [569]; roll call has Marjorie Erickson present [5]; cluster also carries Cory LeClair, see overrides)","All board members should plan to attend each meeting fully prepared to discuss all items on the agenda and to bring their well, their own well-considered thoughts and ideas to bear on each subject. I will work with the acting and interim superintendents to make sure that you are all provided all information, in a timely manner, to enable you to prepare for each meetings to suck.",Speaker 1,https://reflect-claremont.cablecast.tv/internetchannel/show/9876?site=1&seekto=206
0:03:47.02,0:04:17.18,227.02,257.18,Marjorie Erickson,"SAU 6 Board Chair (Unity member) (calls to order [0], asks 'Mary' to call roll [2], opening statement on 'my tenure as chairman ... before you elected me' [10]; later: 'myself as the SA six chair' [582] listed apart from 'Sarah Lowe from unity'; 'The board six chair ... she's actually from unity' [569]; roll call has Marjorie Erickson present [5]; cluster also carries Cory LeClair, see overrides)","Excuse me? Discussions and decisions. I'm very much looking forward to working with all of you to create a collaborative team environment that promotes, promotes, open communication, critical review and consideration of all ideas presented and principal, transparent, consensus oriented decision making. Our near-term focus must be on demonstrating professionalism in our conduct and decision making, to engender the trust and of our constituents and our ability to fulfill.",Speaker 1,https://reflect-claremont.cablecast.tv/internetchannel/show/9876?site=1&seekto=227
0:04:17.26,0:04:43.50,257.26,283.50,Marjorie Erickson,"SAU 6 Board Chair (Unity member) (calls to order [0], asks 'Mary' to call roll [2], opening statement on 'my tenure as chairman ... before you elected me' [10]; later: 'myself as the SA six chair' [582] listed apart from 'Sarah Lowe from unity'; 'The board six chair ... she's actually from unity' [569]; roll call has Marjorie Erickson present [5]; cluster also carries Cory LeClair, see overrides)","Fulfill our role of ensuring the best possible education for our children. And one thing I would like to highlight is I'm I'm going to promote that consensus thing because I think we're a stronger board if we agree on how we're moving forward, which is why I think preparation for each meeting is so important. So with that in mind,  let's move to the agenda you all have in front of you.",Speaker 1,https://reflect-claremont.cablecast.tv/internetchannel/show/9876?site=1&seekto=257
0:04:43.58,0:05:19.22,283.58,319.22,Marjorie Erickson,"SAU 6 Board Chair (Unity member) (calls to order [0], asks 'Mary' to call roll [2], opening statement on 'my tenure as chairman ... before you elected me' [10]; later: 'myself as the SA six chair' [582] listed apart from 'Sarah Lowe from unity'; 'The board six chair ... she's actually from unity' [569]; roll call has Marjorie Erickson present [5]; cluster also carries Cory LeClair, see overrides)","Are there any amendments to be made? Anything that anybody wants to add to the agenda? I have something I'd like to add to the agenda  in your email this week. You got a draft press release, and I would like to discuss that tonight.  So I would like to add that to the agenda  as the new item and move the meeting time limit discussion to F.",Speaker 1,https://reflect-claremont.cablecast.tv/internetchannel/show/9876?site=1&seekto=283
0:05:19.30,0:05:21.58,319.30,321.58,Marjorie Erickson,"SAU 6 Board Chair (Unity member) (calls to order [0], asks 'Mary' to call roll [2], opening statement on 'my tenure as chairman ... before you elected me' [10]; later: 'myself as the SA six chair' [582] listed apart from 'Sarah Lowe from unity'; 'The board six chair ... she's actually from unity' [569]; roll call has Marjorie Erickson present [5]; cluster also carries Cory LeClair, see overrides)",Can I make that motion?,Speaker 1,https://reflect-claremont.cablecast.tv/internetchannel/show/9876?site=1&seekto=319
0:05:21.66,0:05:22.38,321.66,322.38,Mary Woodman,"Recording secretary (asked 'Mary, do you want to call the roll?' [2], calls roll [3-7])",Okay.,Speaker 2,https://reflect-claremont.cablecast.tv/internetchannel/show/9876?site=1&seekto=321
0:05:22.46,0:05:24.86,322.46,324.86,Marjorie Erickson,"SAU 6 Board Chair (Unity member) (calls to order [0], asks 'Mary' to call roll [2], opening statement on 'my tenure as chairman ... before you elected me' [10]; later: 'myself as the SA six chair' [582] listed apart from 'Sarah Lowe from unity'; 'The board six chair ... she's actually from unity' [569]; roll call has Marjorie Erickson present [5]; cluster also carries Cory LeClair, see overrides)",Can I have a motion? You can.,Speaker 1,https://reflect-claremont.cablecast.tv/internetchannel/show/9876?site=1&seekto=322
0:05:25.10,0:05:27.86,325.10,327.86,Sara Lowe,"SAU 6 Board member, Unity School Board Chair (chair: 'I believe Sarah, correct me if I'm wrong' about the NHSBA visit [70], answered by this cluster [71-80])",Amend it. And then someone needs to make a motion to approve.,Speaker 5,https://reflect-claremont.cablecast.tv/internetchannel/show/9876?site=1&seekto=325
0:05:28.02,0:05:29.06,328.02,329.06,Marjorie Erickson,"SAU 6 Board Chair (Unity member) (calls to order [0], asks 'Mary' to call roll [2], opening statement on 'my tenure as chairman ... before you elected me' [10]; later: 'myself as the SA six chair' [582] listed apart from 'Sarah Lowe from unity'; 'The board six chair ... she's actually from unity' [569]; roll call has Marjorie Erickson present [5]; cluster also carries Cory LeClair, see overrides)",Okay. Okay.,Speaker 1,https://reflect-claremont.cablecast.tv/internetchannel/show/9876?site=1&seekto=328
0:05:31.86,0:05:33.82,331.86,333.82,Unidentified,"Unidentified - cluster mixes short remarks, seconds, 'aye' and recognitions from several voices",Agenda. Second.,Speaker 4,https://reflect-claremont.cablecast.tv/internetchannel/show/9876?site=1&seekto=331
0:05:33.90,0:05:35.10,333.90,335.10,Marjorie Erickson,"SAU 6 Board Chair (Unity member) (calls to order [0], asks 'Mary' to call roll [2], opening statement on 'my tenure as chairman ... before you elected me' [10]; later: 'myself as the SA six chair' [582] listed apart from 'Sarah Lowe from unity'; 'The board six chair ... she's actually from unity' [569]; roll call has Marjorie Erickson present [5]; cluster also carries Cory LeClair, see overrides)",All those in favor?,Speaker 1,https://reflect-claremont.cablecast.tv/internetchannel/show/9876?site=1&seekto=333
0:05:35.30,0:05:36.06,335.30,336.06,Unidentified,"Unidentified - cluster mixes short remarks, seconds, 'aye' and recognitions from several voices",Aye.,Speaker 4,https://reflect-claremont.cablecast.tv/internetchannel/show/9876?site=1&seekto=335
0:05:36.14,0:06:00.42,336.14,360.42,Marjorie Erickson,"SAU 6 Board Chair (Unity member) (calls to order [0], asks 'Mary' to call roll [2], opening statement on 'my tenure as chairman ... before you elected me' [10]; later: 'myself as the SA six chair' [582] listed apart from 'Sarah Lowe from unity'; 'The board six chair ... she's actually from unity' [569]; roll call has Marjorie Erickson present [5]; cluster also carries Cory LeClair, see overrides)","Any opposed? Okay. The agenda is accepted.  And then we need to move to the meeting. Minutes. Approval of the minutes for the June 14th, which you all have in front of you. Is there. Are there any amendments, suggested changes.",Speaker 1,https://reflect-claremont.cablecast.tv/internetchannel/show/9876?site=1&seekto=336
0:06:00.50,0:06:30.06,360.50,390.06,Marjorie Erickson,"SAU 6 Board Chair (Unity member) (calls to order [0], asks 'Mary' to call roll [2], opening statement on 'my tenure as chairman ... before you elected me' [10]; later: 'myself as the SA six chair' [582] listed apart from 'Sarah Lowe from unity'; 'The board six chair ... she's actually from unity' [569]; roll call has Marjorie Erickson present [5]; cluster also carries Cory LeClair, see overrides)","I have a Steve.  Oh, no. Okay. I didn't know if the. Okay. There were a couple of typos, and that's the only thing I found. And I will give my copy to Mary. With the with the. They're highlighted in yellow, and they're just typographical errors.",Speaker 1,https://reflect-claremont.cablecast.tv/internetchannel/show/9876?site=1&seekto=360
0:06:30.14,0:06:33.98,390.14,393.98,Unidentified,"Unidentified - board member(s): minutes motion [27], a second [121], consultant question [252]; also onsets of Sara Lowe's sentences [73-79]",Approved the amended vignettes as presented.,Speaker 6,https://reflect-claremont.cablecast.tv/internetchannel/show/9876?site=1&seekto=390
0:06:34.06,0:06:35.78,394.06,395.78,Unidentified,Unidentified - short acknowledgements and a second,A second tab.,Speaker 7,https://reflect-claremont.cablecast.tv/internetchannel/show/9876?site=1&seekto=394
0:06:35.86,0:06:42.10,395.86,402.10,Marjorie Erickson,"SAU 6 Board Chair (Unity member) (calls to order [0], asks 'Mary' to call roll [2], opening statement on 'my tenure as chairman ... before you elected me' [10]; later: 'myself as the SA six chair' [582] listed apart from 'Sarah Lowe from unity'; 'The board six chair ... she's actually from unity' [569]; roll call has Marjorie Erickson present [5]; cluster also carries Cory LeClair, see overrides)",Okay. Any discussion? All in favor?,Speaker 1,https://reflect-claremont.cablecast.tv/internetchannel/show/9876?site=1&seekto=395
0:06:42.18,0:06:50.26,402.18,410.26,Marjorie Erickson,"SAU 6 Board Chair (Unity member) (calls to order [0], asks 'Mary' to call roll [2], opening statement on 'my tenure as chairman ... before you elected me' [10]; later: 'myself as the SA six chair' [582] listed apart from 'Sarah Lowe from unity'; 'The board six chair ... she's actually from unity' [569]; roll call has Marjorie Erickson present [5]; cluster also carries Cory LeClair, see overrides)",Any opposed? Okay. Minutes are accepted.,Speaker 1,https://reflect-claremont.cablecast.tv/internetchannel/show/9876?site=1&seekto=402
0:06:50.34,0:06:59.18,410.34,419.18,Marjorie Erickson,"SAU 6 Board Chair (Unity member) (calls to order [0], asks 'Mary' to call roll [2], opening statement on 'my tenure as chairman ... before you elected me' [10]; later: 'myself as the SA six chair' [582] listed apart from 'Sarah Lowe from unity'; 'The board six chair ... she's actually from unity' [569]; roll call has Marjorie Erickson present [5]; cluster also carries Cory LeClair, see overrides)",Okay. This is the time when we welcome citizens comments. Is there anybody that would like to speak before the board?,Speaker 1,https://reflect-claremont.cablecast.tv/internetchannel/show/9876?site=1&seekto=410
0:06:59.26,0:07:22.50,419.26,442.50,Marjorie Erickson,"SAU 6 Board Chair (Unity member) (calls to order [0], asks 'Mary' to call roll [2], opening statement on 'my tenure as chairman ... before you elected me' [10]; later: 'myself as the SA six chair' [582] listed apart from 'Sarah Lowe from unity'; 'The board six chair ... she's actually from unity' [569]; roll call has Marjorie Erickson present [5]; cluster also carries Cory LeClair, see overrides)",Okay. Seeing no one. We'll move on.  We have a number of action items to discuss. I was kind of hoping Mike would be here by now. I think we need to hold off on discussing the budget appropriation until Mike is here.  Would anybody mind if we rearrange?,Speaker 1,https://reflect-claremont.cablecast.tv/internetchannel/show/9876?site=1&seekto=419
0:07:22.58,0:07:51.18,442.58,471.18,Marjorie Erickson,"SAU 6 Board Chair (Unity member) (calls to order [0], asks 'Mary' to call roll [2], opening statement on 'my tenure as chairman ... before you elected me' [10]; later: 'myself as the SA six chair' [582] listed apart from 'Sarah Lowe from unity'; 'The board six chair ... she's actually from unity' [569]; roll call has Marjorie Erickson present [5]; cluster also carries Cory LeClair, see overrides)","Okay.  So we'll hold off that until Mike comes. The next item is the succession plan, which you all have a draft in front of you. Clearly. Mark draft.  This is prepared. This was prepared  just as a straw man. What I would like is discussion on this. Is there anything that anybody saw that we should add things that people don't understand?",Speaker 1,https://reflect-claremont.cablecast.tv/internetchannel/show/9876?site=1&seekto=442
0:07:51.38,0:08:00.90,471.38,480.90,Marjorie Erickson,"SAU 6 Board Chair (Unity member) (calls to order [0], asks 'Mary' to call roll [2], opening statement on 'my tenure as chairman ... before you elected me' [10]; later: 'myself as the SA six chair' [582] listed apart from 'Sarah Lowe from unity'; 'The board six chair ... she's actually from unity' [569]; roll call has Marjorie Erickson present [5]; cluster also carries Cory LeClair, see overrides)","And I'm primarily talking about just the first page, not the the subsequent meeting agendas.",Speaker 1,https://reflect-claremont.cablecast.tv/internetchannel/show/9876?site=1&seekto=471
0:08:00.98,0:08:10.64,480.98,490.64,Marjorie Erickson,"SAU 6 Board Chair (Unity member) (calls to order [0], asks 'Mary' to call roll [2], opening statement on 'my tenure as chairman ... before you elected me' [10]; later: 'myself as the SA six chair' [582] listed apart from 'Sarah Lowe from unity'; 'The board six chair ... she's actually from unity' [569]; roll call has Marjorie Erickson present [5]; cluster also carries Cory LeClair, see overrides)",Does anybody want me to walk through it? What I was thinking with each item Carolyn.,Speaker 1,https://reflect-claremont.cablecast.tv/internetchannel/show/9876?site=1&seekto=480
0:08:10.78,0:08:11.94,490.78,491.94,Unidentified,Unidentified - short acknowledgements and a second,Comment on.,Speaker 7,https://reflect-claremont.cablecast.tv/internetchannel/show/9876?site=1&seekto=490
0:08:12.02,0:08:12.94,492.02,492.94,Unidentified,"Unidentified - board member(s): minutes motion [27], a second [121], consultant question [252]; also onsets of Sara Lowe's sentences [73-79]",I think.,Speaker 6,https://reflect-claremont.cablecast.tv/internetchannel/show/9876?site=1&seekto=492
0:08:13.02,0:08:13.54,493.02,493.54,Marjorie Erickson,"SAU 6 Board Chair (Unity member) (calls to order [0], asks 'Mary' to call roll [2], opening statement on 'my tenure as chairman ... before you elected me' [10]; later: 'myself as the SA six chair' [582] listed apart from 'Sarah Lowe from unity'; 'The board six chair ... she's actually from unity' [569]; roll call has Marjorie Erickson present [5]; cluster also carries Cory LeClair, see overrides)",We got.,Speaker 1,https://reflect-claremont.cablecast.tv/internetchannel/show/9876?site=1&seekto=493
0:08:13.54,0:08:14.22,493.54,494.22,Unidentified,"Unidentified - board member(s): minutes motion [27], a second [121], consultant question [252]; also onsets of Sara Lowe's sentences [73-79]",This.,Speaker 6,https://reflect-claremont.cablecast.tv/internetchannel/show/9876?site=1&seekto=493
0:08:14.30,0:08:15.26,494.30,495.26,Marjorie Erickson,"SAU 6 Board Chair (Unity member) (calls to order [0], asks 'Mary' to call roll [2], opening statement on 'my tenure as chairman ... before you elected me' [10]; later: 'myself as the SA six chair' [582] listed apart from 'Sarah Lowe from unity'; 'The board six chair ... she's actually from unity' [569]; roll call has Marjorie Erickson present [5]; cluster also carries Cory LeClair, see overrides)",In plenty of time.,Speaker 1,https://reflect-claremont.cablecast.tv/internetchannel/show/9876?site=1&seekto=494
0:08:15.26,0:08:20.62,495.26,500.62,Unidentified,"Unidentified - board member(s): minutes motion [27], a second [121], consultant question [252]; also onsets of Sara Lowe's sentences [73-79]",To review it. Yep. And that is  really important.,Speaker 6,https://reflect-claremont.cablecast.tv/internetchannel/show/9876?site=1&seekto=495
0:08:20.70,0:08:36.06,500.70,516.06,Marjorie Erickson,"SAU 6 Board Chair (Unity member) (calls to order [0], asks 'Mary' to call roll [2], opening statement on 'my tenure as chairman ... before you elected me' [10]; later: 'myself as the SA six chair' [582] listed apart from 'Sarah Lowe from unity'; 'The board six chair ... she's actually from unity' [569]; roll call has Marjorie Erickson present [5]; cluster also carries Cory LeClair, see overrides)","So  we have to move quickly this summer. So I'm going to try to get information out to you this as soon as we can, because I think you're I really need your thoughts and ideas. We can't move forward without them. So,",Speaker 1,https://reflect-claremont.cablecast.tv/internetchannel/show/9876?site=1&seekto=500
0:08:36.14,0:08:39.82,516.14,519.82,Unidentified,"Unidentified - board member(s): minutes motion [27], a second [121], consultant question [252]; also onsets of Sara Lowe's sentences [73-79]",Come up with any  additional things.,Speaker 6,https://reflect-claremont.cablecast.tv/internetchannel/show/9876?site=1&seekto=516
0:08:39.90,0:09:31.82,519.90,571.82,Marjorie Erickson,"SAU 6 Board Chair (Unity member) (calls to order [0], asks 'Mary' to call roll [2], opening statement on 'my tenure as chairman ... before you elected me' [10]; later: 'myself as the SA six chair' [582] listed apart from 'Sarah Lowe from unity'; 'The board six chair ... she's actually from unity' [569]; roll call has Marjorie Erickson present [5]; cluster also carries Cory LeClair, see overrides)","Okay. The one, the one thing. So in the communication plan,  the the only thing that I would like to discuss in particular is the idea of making periodic press releases. And there have been several  comments from the public that they don't know what we're doing. And I know at the the Claremont School Board town or city council meeting, the idea of a public relations officer came up and the idea that we should really proactively get information out to the community is a good idea, which is why I added that to this agenda, thinking that perhaps we should also take a proactive approach in generating press releases periodically on our process as we move forward,",Speaker 1,https://reflect-claremont.cablecast.tv/internetchannel/show/9876?site=1&seekto=519
0:09:31.82,0:09:46.90,571.82,586.90,Marjorie Erickson,"SAU 6 Board Chair (Unity member) (calls to order [0], asks 'Mary' to call roll [2], opening statement on 'my tenure as chairman ... before you elected me' [10]; later: 'myself as the SA six chair' [582] listed apart from 'Sarah Lowe from unity'; 'The board six chair ... she's actually from unity' [569]; roll call has Marjorie Erickson present [5]; cluster also carries Cory LeClair, see overrides)","particularly and looking for a new superintendent. But even as the budget comes up, we should maybe keep the the make an effort to keep the public informed on what we're doing. Is there any thoughts on that?",Speaker 1,https://reflect-claremont.cablecast.tv/internetchannel/show/9876?site=1&seekto=571
0:09:46.98,0:09:49.30,586.98,589.30,Unidentified,"Unidentified - cluster mixes short remarks, seconds, 'aye' and recognitions from several voices",I think that's a great idea.,Speaker 4,https://reflect-claremont.cablecast.tv/internetchannel/show/9876?site=1&seekto=586
0:09:49.38,0:10:14.58,589.38,614.58,Marjorie Erickson,"SAU 6 Board Chair (Unity member) (calls to order [0], asks 'Mary' to call roll [2], opening statement on 'my tenure as chairman ... before you elected me' [10]; later: 'myself as the SA six chair' [582] listed apart from 'Sarah Lowe from unity'; 'The board six chair ... she's actually from unity' [569]; roll call has Marjorie Erickson present [5]; cluster also carries Cory LeClair, see overrides)","Good. So then when we get to a and the first press release, I, I'm hoping you guys will help put that together.  So as far as the tasks one through 11 that are listed under the Plan of action and milestones for the succession plan,  were there any additions or thoughts? Are there is there anything that you'd like clarification about?",Speaker 1,https://reflect-claremont.cablecast.tv/internetchannel/show/9876?site=1&seekto=589
0:10:14.66,0:10:50.68,614.66,650.68,Marjorie Erickson,"SAU 6 Board Chair (Unity member) (calls to order [0], asks 'Mary' to call roll [2], opening statement on 'my tenure as chairman ... before you elected me' [10]; later: 'myself as the SA six chair' [582] listed apart from 'Sarah Lowe from unity'; 'The board six chair ... she's actually from unity' [569]; roll call has Marjorie Erickson present [5]; cluster also carries Cory LeClair, see overrides)","The first, of course we have to  or we have appointed an acting superintendent review of the budget appropriations, which we'll do tonight.  Establish an interim superintendent search criteria, job description and committee, which will also do tonight.  Go through the process of hiring an interim superintendent, which will do in the next  meeting or two.  And then we need to start the process of evaluating where we are right now and then where we want to go in moving forward.",Speaker 1,https://reflect-claremont.cablecast.tv/internetchannel/show/9876?site=1&seekto=614
0:10:50.70,0:11:11.58,650.70,671.58,Marjorie Erickson,"SAU 6 Board Chair (Unity member) (calls to order [0], asks 'Mary' to call roll [2], opening statement on 'my tenure as chairman ... before you elected me' [10]; later: 'myself as the SA six chair' [582] listed apart from 'Sarah Lowe from unity'; 'The board six chair ... she's actually from unity' [569]; roll call has Marjorie Erickson present [5]; cluster also carries Cory LeClair, see overrides)","And I think that's going to be a critical component. And we're going to need probably, I would suspect, a subcommittee of this group to to put together a straw man and to really start thinking about that.  I think as a board, we also need to evaluate ourselves, our own strengths and weaknesses, and so we can get better as a board.",Speaker 1,https://reflect-claremont.cablecast.tv/internetchannel/show/9876?site=1&seekto=650
0:11:11.66,0:11:31.86,671.66,691.86,Marjorie Erickson,"SAU 6 Board Chair (Unity member) (calls to order [0], asks 'Mary' to call roll [2], opening statement on 'my tenure as chairman ... before you elected me' [10]; later: 'myself as the SA six chair' [582] listed apart from 'Sarah Lowe from unity'; 'The board six chair ... she's actually from unity' [569]; roll call has Marjorie Erickson present [5]; cluster also carries Cory LeClair, see overrides)","And that's something I'd like to do before we go to our retreat on the 29th, so that we can discuss it at the retreat. We need to identify our own common vision and goal. I mean, with Claremont being a very different school district than unity, I think we need to be very clear on what our Saw priorities are.",Speaker 1,https://reflect-claremont.cablecast.tv/internetchannel/show/9876?site=1&seekto=671
0:11:32.06,0:12:01.74,692.06,721.74,Marjorie Erickson,"SAU 6 Board Chair (Unity member) (calls to order [0], asks 'Mary' to call roll [2], opening statement on 'my tenure as chairman ... before you elected me' [10]; later: 'myself as the SA six chair' [582] listed apart from 'Sarah Lowe from unity'; 'The board six chair ... she's actually from unity' [569]; roll call has Marjorie Erickson present [5]; cluster also carries Cory LeClair, see overrides)","Not Claremont, not unity, but as an essay board moving forward, what what's our vision? What are our goals and what is our strategic plan?  If you look at the website right now, the only strategic plan that's up there is Claremont. And I think the SA needs to have a clearly defined strategic plan.  The next is defining the superintendent responsibilities, position description and search criteria.",Speaker 1,https://reflect-claremont.cablecast.tv/internetchannel/show/9876?site=1&seekto=692
0:12:01.82,0:12:34.96,721.82,754.96,Marjorie Erickson,"SAU 6 Board Chair (Unity member) (calls to order [0], asks 'Mary' to call roll [2], opening statement on 'my tenure as chairman ... before you elected me' [10]; later: 'myself as the SA six chair' [582] listed apart from 'Sarah Lowe from unity'; 'The board six chair ... she's actually from unity' [569]; roll call has Marjorie Erickson present [5]; cluster also carries Cory LeClair, see overrides)","And then we need to create a superintendent search committee. And these are things that I see happening.  Starting with the New Hampshire School Board Association visit on the 23rd of August.  I think that they can help step us through that process. And then we need to look at  consultants. Do we want the New Hampshire School board, or  is there another group, and then perform the search and hire and do the transition?",Speaker 1,https://reflect-claremont.cablecast.tv/internetchannel/show/9876?site=1&seekto=721
0:12:35.04,0:12:38.76,755.04,758.76,Marjorie Erickson,"SAU 6 Board Chair (Unity member) (calls to order [0], asks 'Mary' to call roll [2], opening statement on 'my tenure as chairman ... before you elected me' [10]; later: 'myself as the SA six chair' [582] listed apart from 'Sarah Lowe from unity'; 'The board six chair ... she's actually from unity' [569]; roll call has Marjorie Erickson present [5]; cluster also carries Cory LeClair, see overrides)",Okay. Can I if is Steve.,Speaker 1,https://reflect-claremont.cablecast.tv/internetchannel/show/9876?site=1&seekto=755
0:12:38.84,0:12:40.20,758.84,760.20,Unidentified,"Unidentified - cluster mixes short remarks, seconds, 'aye' and recognitions from several voices",I think the timeline.,Speaker 4,https://reflect-claremont.cablecast.tv/internetchannel/show/9876?site=1&seekto=758
0:12:40.32,0:12:51.76,760.32,771.76,Steven Horsky,"SAU 6 Board member (Claremont) ('is Steve.' [53] -> [55]; 'Steve.' [299,360,420,647,681] each followed by this cluster; chair 'Steve, if you would make [the motion]' [620] -> [621])",Is very reasonable. One thing that I think we need to incorporate into this is finishing up what the subcommittee was working on as far as an evaluation process as well.,Speaker 8,https://reflect-claremont.cablecast.tv/internetchannel/show/9876?site=1&seekto=760
0:12:51.84,0:12:52.44,771.84,772.44,Marjorie Erickson,"SAU 6 Board Chair (Unity member) (calls to order [0], asks 'Mary' to call roll [2], opening statement on 'my tenure as chairman ... before you elected me' [10]; later: 'myself as the SA six chair' [582] listed apart from 'Sarah Lowe from unity'; 'The board six chair ... she's actually from unity' [569]; roll call has Marjorie Erickson present [5]; cluster also carries Cory LeClair, see overrides)",Good thought.,Speaker 1,https://reflect-claremont.cablecast.tv/internetchannel/show/9876?site=1&seekto=771
0:12:52.48,0:12:58.04,772.48,778.04,Steven Horsky,"SAU 6 Board member (Claremont) ('is Steve.' [53] -> [55]; 'Steve.' [299,360,420,647,681] each followed by this cluster; chair 'Steve, if you would make [the motion]' [620] -> [621])","Good thought, because I think that needs to get handled and hammered out in the process because we.",Speaker 8,https://reflect-claremont.cablecast.tv/internetchannel/show/9876?site=1&seekto=772
0:12:58.12,0:13:14.36,778.12,794.36,Sara Lowe,"SAU 6 Board member, Unity School Board Chair (chair: 'I believe Sarah, correct me if I'm wrong' about the NHSBA visit [70], answered by this cluster [71-80])","Yeah. My sense is that should be in place. You know, when we have before we have the new superintendent in place without a doubt. And we should discuss how we're gonna, you know, finalize that.",Speaker 5,https://reflect-claremont.cablecast.tv/internetchannel/show/9876?site=1&seekto=778
0:13:14.52,0:13:33.32,794.52,813.32,Marjorie Erickson,"SAU 6 Board Chair (Unity member) (calls to order [0], asks 'Mary' to call roll [2], opening statement on 'my tenure as chairman ... before you elected me' [10]; later: 'myself as the SA six chair' [582] listed apart from 'Sarah Lowe from unity'; 'The board six chair ... she's actually from unity' [569]; roll call has Marjorie Erickson present [5]; cluster also carries Cory LeClair, see overrides)","Would that feed into task number seven, defining superintendent responsibilities, position description and search criteria. I mean, should we look to complete the evaluation process or the evaluation plan prior to that task to feed into that?",Speaker 1,https://reflect-claremont.cablecast.tv/internetchannel/show/9876?site=1&seekto=794
0:13:33.40,0:13:35.16,813.40,815.16,Unidentified,"Unidentified - cluster mixes short remarks, seconds, 'aye' and recognitions from several voices",I would say that.,Speaker 4,https://reflect-claremont.cablecast.tv/internetchannel/show/9876?site=1&seekto=813
0:13:35.24,0:13:56.00,815.24,836.00,Steven Horsky,"SAU 6 Board member (Claremont) ('is Steve.' [53] -> [55]; 'Steve.' [299,360,420,647,681] each followed by this cluster; chair 'Steve, if you would make [the motion]' [620] -> [621])","They get the timeline is perfect. It's getting something done prior to the interim starting, hopefully.  It also gives us plenty of time to hammer it out in the next month and a half, two months to really get it, handled, because I think we had a pretty good feel.  The response from the board as a whole was pretty positive to what we did.",Speaker 8,https://reflect-claremont.cablecast.tv/internetchannel/show/9876?site=1&seekto=815
0:13:56.08,0:14:19.60,836.08,859.60,Steven Horsky,"SAU 6 Board member (Claremont) ('is Steve.' [53] -> [55]; 'Steve.' [299,360,420,647,681] each followed by this cluster; chair 'Steve, if you would make [the motion]' [620] -> [621])","So I think with that said, I don't think we have a lot of work left to do with that. Fortunately,  so we the subcommittee did their job well.  And I think maybe what we need to do is bring that up for the next meeting.  And bring it back to the table and see if it's going to go for final approval and maybe email it back out to everybody so that they can review it one last time.",Speaker 8,https://reflect-claremont.cablecast.tv/internetchannel/show/9876?site=1&seekto=836
0:14:19.64,0:14:37.94,859.64,877.94,Steven Horsky,"SAU 6 Board member (Claremont) ('is Steve.' [53] -> [55]; 'Steve.' [299,360,420,647,681] each followed by this cluster; chair 'Steve, if you would make [the motion]' [620] -> [621])",So that that might just help speed it up. But we should definitely keep the target date. Cohen coinciding with number seven on the list of August 23rd.,Speaker 8,https://reflect-claremont.cablecast.tv/internetchannel/show/9876?site=1&seekto=859
0:14:38.02,0:14:44.82,878.02,884.82,Marjorie Erickson,"SAU 6 Board Chair (Unity member) (calls to order [0], asks 'Mary' to call roll [2], opening statement on 'my tenure as chairman ... before you elected me' [10]; later: 'myself as the SA six chair' [582] listed apart from 'Sarah Lowe from unity'; 'The board six chair ... she's actually from unity' [569]; roll call has Marjorie Erickson present [5]; cluster also carries Cory LeClair, see overrides)","Okay, so I, I think that's a good idea to bring that up on the 12th.",Speaker 1,https://reflect-claremont.cablecast.tv/internetchannel/show/9876?site=1&seekto=878
0:14:44.90,0:14:45.94,884.90,885.94,Marjorie Erickson,SAU 6 Board Chair (Unity member) (chair's recognition or procedure absorbed into another cluster),Frank.,Speaker 2,https://reflect-claremont.cablecast.tv/internetchannel/show/9876?site=1&seekto=884
0:14:46.02,0:14:49.54,886.02,889.54,Unidentified,"Unidentified - cluster mixes short remarks, seconds, 'aye' and recognitions from several voices",Wondering looking at number nine.,Speaker 4,https://reflect-claremont.cablecast.tv/internetchannel/show/9876?site=1&seekto=886
0:14:49.62,0:15:02.34,889.62,902.34,Frank Sprague,"SAU 6 Board member (Claremont), Claremont School Board Chair ('Frank.' [287] -> [288]; 'did you have something, Frank?' [318] -> [320]; 'Frank.' [347] -> [348]; Pierce: 'What are you saying, Frank?' [552] after [542-546])",And number eight refers to number nine is if it's already in place. So I'm wondering if if if nine and eight maybe need to be reversed where we.,Speaker 9,https://reflect-claremont.cablecast.tv/internetchannel/show/9876?site=1&seekto=889
0:15:02.42,0:15:02.94,902.42,902.94,Marjorie Erickson,"SAU 6 Board Chair (Unity member) (calls to order [0], asks 'Mary' to call roll [2], opening statement on 'my tenure as chairman ... before you elected me' [10]; later: 'myself as the SA six chair' [582] listed apart from 'Sarah Lowe from unity'; 'The board six chair ... she's actually from unity' [569]; roll call has Marjorie Erickson present [5]; cluster also carries Cory LeClair, see overrides)","Well, I'm.",Speaker 1,https://reflect-claremont.cablecast.tv/internetchannel/show/9876?site=1&seekto=902
0:15:02.94,0:15:04.22,902.94,904.22,Frank Sprague,"SAU 6 Board member (Claremont), Claremont School Board Chair ('Frank.' [287] -> [288]; 'did you have something, Frank?' [318] -> [320]; 'Frank.' [347] -> [348]; Pierce: 'What are you saying, Frank?' [552] after [542-546])",Almost on board sooner.,Speaker 9,https://reflect-claremont.cablecast.tv/internetchannel/show/9876?site=1&seekto=902
0:15:04.26,0:15:14.22,904.26,914.22,Marjorie Erickson,"SAU 6 Board Chair (Unity member) (calls to order [0], asks 'Mary' to call roll [2], opening statement on 'my tenure as chairman ... before you elected me' [10]; later: 'myself as the SA six chair' [582] listed apart from 'Sarah Lowe from unity'; 'The board six chair ... she's actually from unity' [569]; roll call has Marjorie Erickson present [5]; cluster also carries Cory LeClair, see overrides)","Well so we have right now I, I believe Sarah, correct me if I'm wrong, the New Hampshire School Board Association will be coming on the 23rd.",Speaker 1,https://reflect-claremont.cablecast.tv/internetchannel/show/9876?site=1&seekto=904
0:15:14.30,0:15:14.95,914.30,914.95,Sara Lowe,"SAU 6 Board member, Unity School Board Chair (chair: 'I believe Sarah, correct me if I'm wrong' about the NHSBA visit [70], answered by this cluster [71-80])",Of August.,Speaker 5,https://reflect-claremont.cablecast.tv/internetchannel/show/9876?site=1&seekto=914
0:15:14.99,0:15:15.94,914.99,915.94,Marjorie Erickson,"SAU 6 Board Chair (Unity member) (calls to order [0], asks 'Mary' to call roll [2], opening statement on 'my tenure as chairman ... before you elected me' [10]; later: 'myself as the SA six chair' [582] listed apart from 'Sarah Lowe from unity'; 'The board six chair ... she's actually from unity' [569]; roll call has Marjorie Erickson present [5]; cluster also carries Cory LeClair, see overrides)",Augustus.,Speaker 1,https://reflect-claremont.cablecast.tv/internetchannel/show/9876?site=1&seekto=914
0:15:16.02,0:15:16.86,916.02,916.86,Unidentified,"Unidentified - board member(s): minutes motion [27], a second [121], consultant question [252]; also onsets of Sara Lowe's sentences [73-79]",Because we had.,Speaker 6,https://reflect-claremont.cablecast.tv/internetchannel/show/9876?site=1&seekto=916
0:15:16.86,0:15:21.74,916.86,921.74,Sara Lowe,"SAU 6 Board member, Unity School Board Chair (chair: 'I believe Sarah, correct me if I'm wrong' about the NHSBA visit [70], answered by this cluster [71-80])",Decided we wanted to use them to help us do the search. So we. Had invited.,Speaker 5,https://reflect-claremont.cablecast.tv/internetchannel/show/9876?site=1&seekto=916
0:15:21.74,0:15:32.54,921.74,932.54,Marjorie Erickson,"SAU 6 Board Chair (Unity member) (calls to order [0], asks 'Mary' to call roll [2], opening statement on 'my tenure as chairman ... before you elected me' [10]; later: 'myself as the SA six chair' [582] listed apart from 'Sarah Lowe from unity'; 'The board six chair ... she's actually from unity' [569]; roll call has Marjorie Erickson present [5]; cluster also carries Cory LeClair, see overrides)",Them to. So we have made that decision already. So then nine should actually move. Up and we've already completed it. Correct?,Speaker 1,https://reflect-claremont.cablecast.tv/internetchannel/show/9876?site=1&seekto=921
0:15:32.62,0:15:33.06,932.62,933.06,Unidentified,"Unidentified - board member(s): minutes motion [27], a second [121], consultant question [252]; also onsets of Sara Lowe's sentences [73-79]",Correct.,Speaker 6,https://reflect-claremont.cablecast.tv/internetchannel/show/9876?site=1&seekto=932
0:15:33.14,0:15:33.86,933.14,933.86,Sara Lowe,"SAU 6 Board member, Unity School Board Chair (chair: 'I believe Sarah, correct me if I'm wrong' about the NHSBA visit [70], answered by this cluster [71-80])",Yeah.,Speaker 5,https://reflect-claremont.cablecast.tv/internetchannel/show/9876?site=1&seekto=933
0:15:33.94,0:15:35.50,933.94,935.50,Marjorie Erickson,"SAU 6 Board Chair (Unity member) (calls to order [0], asks 'Mary' to call roll [2], opening statement on 'my tenure as chairman ... before you elected me' [10]; later: 'myself as the SA six chair' [582] listed apart from 'Sarah Lowe from unity'; 'The board six chair ... she's actually from unity' [569]; roll call has Marjorie Erickson present [5]; cluster also carries Cory LeClair, see overrides)",Okay.,Speaker 1,https://reflect-claremont.cablecast.tv/internetchannel/show/9876?site=1&seekto=933
0:15:35.58,0:15:36.46,935.58,936.46,Unidentified,"Unidentified - board member(s): minutes motion [27], a second [121], consultant question [252]; also onsets of Sara Lowe's sentences [73-79]",We don't have.,Speaker 6,https://reflect-claremont.cablecast.tv/internetchannel/show/9876?site=1&seekto=935
0:15:36.54,0:15:40.78,936.54,940.78,Sara Lowe,"SAU 6 Board member, Unity School Board Chair (chair: 'I believe Sarah, correct me if I'm wrong' about the NHSBA visit [70], answered by this cluster [71-80])","A contract, but we have said to them that we would like them to help with that.",Speaker 5,https://reflect-claremont.cablecast.tv/internetchannel/show/9876?site=1&seekto=936
0:15:40.82,0:15:43.22,940.82,943.22,Marjorie Erickson,"SAU 6 Board Chair (Unity member) (calls to order [0], asks 'Mary' to call roll [2], opening statement on 'my tenure as chairman ... before you elected me' [10]; later: 'myself as the SA six chair' [582] listed apart from 'Sarah Lowe from unity'; 'The board six chair ... she's actually from unity' [569]; roll call has Marjorie Erickson present [5]; cluster also carries Cory LeClair, see overrides)",Maybe I just need to change that cost of.,Speaker 1,https://reflect-claremont.cablecast.tv/internetchannel/show/9876?site=1&seekto=940
0:15:43.22,0:15:43.50,943.22,943.50,Sara Lowe,"SAU 6 Board member, Unity School Board Chair (chair: 'I believe Sarah, correct me if I'm wrong' about the NHSBA visit [70], answered by this cluster [71-80])",That.,Speaker 5,https://reflect-claremont.cablecast.tv/internetchannel/show/9876?site=1&seekto=943
0:15:43.50,0:15:55.44,943.50,955.44,Marjorie Erickson,"SAU 6 Board Chair (Unity member) (calls to order [0], asks 'Mary' to call roll [2], opening statement on 'my tenure as chairman ... before you elected me' [10]; later: 'myself as the SA six chair' [582] listed apart from 'Sarah Lowe from unity'; 'The board six chair ... she's actually from unity' [569]; roll call has Marjorie Erickson present [5]; cluster also carries Cory LeClair, see overrides)",Contract with. Yes. New Hampshire school board. Okay.,Speaker 1,https://reflect-claremont.cablecast.tv/internetchannel/show/9876?site=1&seekto=943
0:15:55.52,0:16:04.72,955.52,964.72,Marjorie Erickson,"SAU 6 Board Chair (Unity member) (calls to order [0], asks 'Mary' to call roll [2], opening statement on 'my tenure as chairman ... before you elected me' [10]; later: 'myself as the SA six chair' [582] listed apart from 'Sarah Lowe from unity'; 'The board six chair ... she's actually from unity' [569]; roll call has Marjorie Erickson present [5]; cluster also carries Cory LeClair, see overrides)","Well, if we change it to contract with with New Hampshire school board, I'm not sure we need to move it. Okay.",Speaker 1,https://reflect-claremont.cablecast.tv/internetchannel/show/9876?site=1&seekto=955
0:16:04.80,0:16:09.56,964.80,969.56,Marjorie Erickson,"SAU 6 Board Chair (Unity member) (calls to order [0], asks 'Mary' to call roll [2], opening statement on 'my tenure as chairman ... before you elected me' [10]; later: 'myself as the SA six chair' [582] listed apart from 'Sarah Lowe from unity'; 'The board six chair ... she's actually from unity' [569]; roll call has Marjorie Erickson present [5]; cluster also carries Cory LeClair, see overrides)",Do you think we need to move that before eight?,Speaker 1,https://reflect-claremont.cablecast.tv/internetchannel/show/9876?site=1&seekto=964
0:16:09.64,0:16:10.48,969.64,970.48,Marjorie Erickson,"SAU 6 Board Chair (Unity member) (calls to order [0], asks 'Mary' to call roll [2], opening statement on 'my tenure as chairman ... before you elected me' [10]; later: 'myself as the SA six chair' [582] listed apart from 'Sarah Lowe from unity'; 'The board six chair ... she's actually from unity' [569]; roll call has Marjorie Erickson present [5]; cluster also carries Cory LeClair, see overrides)",Or seven?,Speaker 1,https://reflect-claremont.cablecast.tv/internetchannel/show/9876?site=1&seekto=969
0:16:10.64,0:16:12.64,970.64,972.64,Frank Sprague,"SAU 6 Board member (Claremont), Claremont School Board Chair ('Frank.' [287] -> [288]; 'did you have something, Frank?' [318] -> [320]; 'Frank.' [347] -> [348]; Pierce: 'What are you saying, Frank?' [552] after [542-546])",Wordsmith it. You know where.,Speaker 9,https://reflect-claremont.cablecast.tv/internetchannel/show/9876?site=1&seekto=970
0:16:12.72,0:16:29.36,972.72,989.36,Marjorie Erickson,"SAU 6 Board Chair (Unity member) (calls to order [0], asks 'Mary' to call roll [2], opening statement on 'my tenure as chairman ... before you elected me' [10]; later: 'myself as the SA six chair' [582] listed apart from 'Sarah Lowe from unity'; 'The board six chair ... she's actually from unity' [569]; roll call has Marjorie Erickson present [5]; cluster also carries Cory LeClair, see overrides)","Well, so I've changed it now to contract with New Hampshire School Board Association and start the search committee process. And if we put that in the September October timeframe, I think we're okay.",Speaker 1,https://reflect-claremont.cablecast.tv/internetchannel/show/9876?site=1&seekto=972
0:16:32.36,0:16:34.88,992.36,994.88,Marjorie Erickson,"SAU 6 Board Chair (Unity member) (calls to order [0], asks 'Mary' to call roll [2], opening statement on 'my tenure as chairman ... before you elected me' [10]; later: 'myself as the SA six chair' [582] listed apart from 'Sarah Lowe from unity'; 'The board six chair ... she's actually from unity' [569]; roll call has Marjorie Erickson present [5]; cluster also carries Cory LeClair, see overrides)",Okay. So just to.,Speaker 1,https://reflect-claremont.cablecast.tv/internetchannel/show/9876?site=1&seekto=992
0:16:34.88,0:16:36.12,994.88,996.12,Sara Lowe,"SAU 6 Board member, Unity School Board Chair (chair: 'I believe Sarah, correct me if I'm wrong' about the NHSBA visit [70], answered by this cluster [71-80])",Confirm with number five.,Speaker 5,https://reflect-claremont.cablecast.tv/internetchannel/show/9876?site=1&seekto=994
0:16:36.20,0:16:36.68,996.20,996.68,Marjorie Erickson,"SAU 6 Board Chair (Unity member) (calls to order [0], asks 'Mary' to call roll [2], opening statement on 'my tenure as chairman ... before you elected me' [10]; later: 'myself as the SA six chair' [582] listed apart from 'Sarah Lowe from unity'; 'The board six chair ... she's actually from unity' [569]; roll call has Marjorie Erickson present [5]; cluster also carries Cory LeClair, see overrides)",You're adding.,Speaker 1,https://reflect-claremont.cablecast.tv/internetchannel/show/9876?site=1&seekto=996
0:16:36.68,0:16:39.20,996.68,999.20,Sara Lowe,"SAU 6 Board member, Unity School Board Chair (chair: 'I believe Sarah, correct me if I'm wrong' about the NHSBA visit [70], answered by this cluster [71-80])",Superintendent evaluation tool final review.,Speaker 5,https://reflect-claremont.cablecast.tv/internetchannel/show/9876?site=1&seekto=996
0:16:39.44,0:16:40.52,999.44,1000.52,Marjorie Erickson,"SAU 6 Board Chair (Unity member) (calls to order [0], asks 'Mary' to call roll [2], opening statement on 'my tenure as chairman ... before you elected me' [10]; later: 'myself as the SA six chair' [582] listed apart from 'Sarah Lowe from unity'; 'The board six chair ... she's actually from unity' [569]; roll call has Marjorie Erickson present [5]; cluster also carries Cory LeClair, see overrides)",And number seven.,Speaker 1,https://reflect-claremont.cablecast.tv/internetchannel/show/9876?site=1&seekto=999
0:16:40.58,0:16:40.84,1000.58,1000.84,Sara Lowe,"SAU 6 Board member, Unity School Board Chair (chair: 'I believe Sarah, correct me if I'm wrong' about the NHSBA visit [70], answered by this cluster [71-80])",Would.,Speaker 5,https://reflect-claremont.cablecast.tv/internetchannel/show/9876?site=1&seekto=1000
0:16:40.84,0:16:40.96,1000.84,1000.96,Marjorie Erickson,"SAU 6 Board Chair (Unity member) (calls to order [0], asks 'Mary' to call roll [2], opening statement on 'my tenure as chairman ... before you elected me' [10]; later: 'myself as the SA six chair' [582] listed apart from 'Sarah Lowe from unity'; 'The board six chair ... she's actually from unity' [569]; roll call has Marjorie Erickson present [5]; cluster also carries Cory LeClair, see overrides)",Be.,Speaker 1,https://reflect-claremont.cablecast.tv/internetchannel/show/9876?site=1&seekto=1000
0:16:40.96,0:16:44.60,1000.96,1004.60,Sara Lowe,"SAU 6 Board member, Unity School Board Chair (chair: 'I believe Sarah, correct me if I'm wrong' about the NHSBA visit [70], answered by this cluster [71-80])",Approved the superintendent evaluation tool.,Speaker 5,https://reflect-claremont.cablecast.tv/internetchannel/show/9876?site=1&seekto=1000
0:16:44.68,0:16:58.08,1004.68,1018.08,Marjorie Erickson,"SAU 6 Board Chair (Unity member) (calls to order [0], asks 'Mary' to call roll [2], opening statement on 'my tenure as chairman ... before you elected me' [10]; later: 'myself as the SA six chair' [582] listed apart from 'Sarah Lowe from unity'; 'The board six chair ... she's actually from unity' [569]; roll call has Marjorie Erickson present [5]; cluster also carries Cory LeClair, see overrides)",We already have a draft superintendent  evaluation tool plan. It needs to be probably discussed and finalized. Yeah. So.  So confirming where.,Speaker 1,https://reflect-claremont.cablecast.tv/internetchannel/show/9876?site=1&seekto=1004
0:16:58.08,0:16:58.44,1018.08,1018.44,Sara Lowe,"SAU 6 Board member, Unity School Board Chair (chair: 'I believe Sarah, correct me if I'm wrong' about the NHSBA visit [70], answered by this cluster [71-80])",We you.,Speaker 5,https://reflect-claremont.cablecast.tv/internetchannel/show/9876?site=1&seekto=1018
0:16:58.44,0:17:05.60,1018.44,1025.60,Marjorie Erickson,"SAU 6 Board Chair (Unity member) (calls to order [0], asks 'Mary' to call roll [2], opening statement on 'my tenure as chairman ... before you elected me' [10]; later: 'myself as the SA six chair' [582] listed apart from 'Sarah Lowe from unity'; 'The board six chair ... she's actually from unity' [569]; roll call has Marjorie Erickson present [5]; cluster also carries Cory LeClair, see overrides)",Were I was putting it between 6 and 7. So it'll be the new seven and everything moves down.,Speaker 1,https://reflect-claremont.cablecast.tv/internetchannel/show/9876?site=1&seekto=1018
0:17:05.68,0:17:11.46,1025.68,1031.46,Unidentified,Unidentified - short acknowledgements and a second,Okay.,Speaker 7,https://reflect-claremont.cablecast.tv/internetchannel/show/9876?site=1&seekto=1025
0:17:11.54,0:17:19.26,1031.54,1039.26,Marjorie Erickson,"SAU 6 Board Chair (Unity member) (calls to order [0], asks 'Mary' to call roll [2], opening statement on 'my tenure as chairman ... before you elected me' [10]; later: 'myself as the SA six chair' [582] listed apart from 'Sarah Lowe from unity'; 'The board six chair ... she's actually from unity' [569]; roll call has Marjorie Erickson present [5]; cluster also carries Cory LeClair, see overrides)",But we would do that. Is that is that where it would. Yeah. Well we're going to discuss.,Speaker 1,https://reflect-claremont.cablecast.tv/internetchannel/show/9876?site=1&seekto=1031
0:17:19.26,0:17:19.38,1039.26,1039.38,Sara Lowe,"SAU 6 Board member, Unity School Board Chair (chair: 'I believe Sarah, correct me if I'm wrong' about the NHSBA visit [70], answered by this cluster [71-80])",It.,Speaker 5,https://reflect-claremont.cablecast.tv/internetchannel/show/9876?site=1&seekto=1039
0:17:19.38,0:17:31.68,1039.38,1051.68,Marjorie Erickson,"SAU 6 Board Chair (Unity member) (calls to order [0], asks 'Mary' to call roll [2], opening statement on 'my tenure as chairman ... before you elected me' [10]; later: 'myself as the SA six chair' [582] listed apart from 'Sarah Lowe from unity'; 'The board six chair ... she's actually from unity' [569]; roll call has Marjorie Erickson present [5]; cluster also carries Cory LeClair, see overrides)",Again  on July 12th. Yeah. So I guess that needs to go between. It needs to be the new six. Okay.,Speaker 1,https://reflect-claremont.cablecast.tv/internetchannel/show/9876?site=1&seekto=1039
0:17:31.76,0:17:32.44,1051.76,1052.44,Marjorie Erickson,"SAU 6 Board Chair (Unity member) (calls to order [0], asks 'Mary' to call roll [2], opening statement on 'my tenure as chairman ... before you elected me' [10]; later: 'myself as the SA six chair' [582] listed apart from 'Sarah Lowe from unity'; 'The board six chair ... she's actually from unity' [569]; roll call has Marjorie Erickson present [5]; cluster also carries Cory LeClair, see overrides)",So discuss.,Speaker 1,https://reflect-claremont.cablecast.tv/internetchannel/show/9876?site=1&seekto=1051
0:17:32.44,0:17:46.34,1052.44,1066.34,Unidentified,Unidentified - two short remarks,Some finalize as number six for July 12th. Yes. So that will be on the July 12th agenda.,Speaker 10,https://reflect-claremont.cablecast.tv/internetchannel/show/9876?site=1&seekto=1052
0:17:46.42,0:17:49.22,1066.42,1069.22,Marjorie Erickson,"SAU 6 Board Chair (Unity member) (calls to order [0], asks 'Mary' to call roll [2], opening statement on 'my tenure as chairman ... before you elected me' [10]; later: 'myself as the SA six chair' [582] listed apart from 'Sarah Lowe from unity'; 'The board six chair ... she's actually from unity' [569]; roll call has Marjorie Erickson present [5]; cluster also carries Cory LeClair, see overrides)",I think.,Speaker 1,https://reflect-claremont.cablecast.tv/internetchannel/show/9876?site=1&seekto=1066
0:17:49.30,0:18:10.82,1069.30,1090.82,Marjorie Erickson,"SAU 6 Board Chair (Unity member) (calls to order [0], asks 'Mary' to call roll [2], opening statement on 'my tenure as chairman ... before you elected me' [10]; later: 'myself as the SA six chair' [582] listed apart from 'Sarah Lowe from unity'; 'The board six chair ... she's actually from unity' [569]; roll call has Marjorie Erickson present [5]; cluster also carries Cory LeClair, see overrides)","The July by July 29th having the strategic plan, I think initiating a strategic planning process. I think that's going to be longer than  one. Yes, it will be. So I'll, I'll,  maybe an. Ongoing initiate the strategic plan process, perhaps.",Speaker 1,https://reflect-claremont.cablecast.tv/internetchannel/show/9876?site=1&seekto=1069
0:18:10.90,0:18:20.50,1090.90,1100.50,Marjorie Erickson,"SAU 6 Board Chair (Unity member) (calls to order [0], asks 'Mary' to call roll [2], opening statement on 'my tenure as chairman ... before you elected me' [10]; later: 'myself as the SA six chair' [582] listed apart from 'Sarah Lowe from unity'; 'The board six chair ... she's actually from unity' [569]; roll call has Marjorie Erickson present [5]; cluster also carries Cory LeClair, see overrides)",I'd like to start the discussion on that day because we'll have a block of time. Okay.,Speaker 1,https://reflect-claremont.cablecast.tv/internetchannel/show/9876?site=1&seekto=1090
0:18:20.58,0:18:50.14,1100.58,1130.14,Marjorie Erickson,"SAU 6 Board Chair (Unity member) (calls to order [0], asks 'Mary' to call roll [2], opening statement on 'my tenure as chairman ... before you elected me' [10]; later: 'myself as the SA six chair' [582] listed apart from 'Sarah Lowe from unity'; 'The board six chair ... she's actually from unity' [569]; roll call has Marjorie Erickson present [5]; cluster also carries Cory LeClair, see overrides)","But I agree it's going to be a lengthier process than just the one day. We may not even have all the information we need by then, but hopefully we'll have much of it. Okay. So I'll change the wording on that to identify common vision  values goals and define a mission and initial strategic plan, initial strategic plan process or start.",Speaker 1,https://reflect-claremont.cablecast.tv/internetchannel/show/9876?site=1&seekto=1100
0:18:50.22,0:19:09.22,1130.22,1149.22,Marjorie Erickson,"SAU 6 Board Chair (Unity member) (calls to order [0], asks 'Mary' to call roll [2], opening statement on 'my tenure as chairman ... before you elected me' [10]; later: 'myself as the SA six chair' [582] listed apart from 'Sarah Lowe from unity'; 'The board six chair ... she's actually from unity' [569]; roll call has Marjorie Erickson present [5]; cluster also carries Cory LeClair, see overrides)",Start the strategic plan initiate. There we go. I can't read my own writing. Initiate the strategic plan process on the 29th. I do think so. That would feed into.,Speaker 1,https://reflect-claremont.cablecast.tv/internetchannel/show/9876?site=1&seekto=1130
0:19:09.30,0:19:37.90,1149.30,1177.90,Marjorie Erickson,"SAU 6 Board Chair (Unity member) (calls to order [0], asks 'Mary' to call roll [2], opening statement on 'my tenure as chairman ... before you elected me' [10]; later: 'myself as the SA six chair' [582] listed apart from 'Sarah Lowe from unity'; 'The board six chair ... she's actually from unity' [569]; roll call has Marjorie Erickson present [5]; cluster also carries Cory LeClair, see overrides)","What's now task nine. Create the superintendent. I know that task eight define the superintendent responsibilities. I think we need a strategic plan before we get to that task. So that's since that task is starting on the 23rd, we need to have a strategic plan well along by the 23rd, that gives us a month. Hopefully we're all going to be just gung ho and work quickly.",Speaker 1,https://reflect-claremont.cablecast.tv/internetchannel/show/9876?site=1&seekto=1149
0:19:37.98,0:19:45.62,1177.98,1185.62,Marjorie Erickson,"SAU 6 Board Chair (Unity member) (calls to order [0], asks 'Mary' to call roll [2], opening statement on 'my tenure as chairman ... before you elected me' [10]; later: 'myself as the SA six chair' [582] listed apart from 'Sarah Lowe from unity'; 'The board six chair ... she's actually from unity' [569]; roll call has Marjorie Erickson present [5]; cluster also carries Cory LeClair, see overrides)",Okay. Any other changes or comments?,Speaker 1,https://reflect-claremont.cablecast.tv/internetchannel/show/9876?site=1&seekto=1177
0:19:45.70,0:19:54.02,1185.70,1194.02,Marjorie Erickson,"SAU 6 Board Chair (Unity member) (calls to order [0], asks 'Mary' to call roll [2], opening statement on 'my tenure as chairman ... before you elected me' [10]; later: 'myself as the SA six chair' [582] listed apart from 'Sarah Lowe from unity'; 'The board six chair ... she's actually from unity' [569]; roll call has Marjorie Erickson present [5]; cluster also carries Cory LeClair, see overrides)","I would like to move the to to go for approval on this, as amended. Can I have a motion on that?",Speaker 1,https://reflect-claremont.cablecast.tv/internetchannel/show/9876?site=1&seekto=1185
0:19:54.10,0:19:54.26,1194.10,1194.26,Unidentified,"Unidentified - cluster mixes short remarks, seconds, 'aye' and recognitions from several voices",Do you.,Speaker 4,https://reflect-claremont.cablecast.tv/internetchannel/show/9876?site=1&seekto=1194
0:19:54.26,0:19:54.66,1194.26,1194.66,Frank Sprague,"SAU 6 Board member (Claremont), Claremont School Board Chair ('Frank.' [287] -> [288]; 'did you have something, Frank?' [318] -> [320]; 'Frank.' [347] -> [348]; Pierce: 'What are you saying, Frank?' [552] after [542-546])",Want to do.,Speaker 9,https://reflect-claremont.cablecast.tv/internetchannel/show/9876?site=1&seekto=1194
0:19:54.66,0:19:56.10,1194.66,1196.10,Unidentified,"Unidentified - cluster mixes short remarks, seconds, 'aye' and recognitions from several voices",Them one.,Speaker 4,https://reflect-claremont.cablecast.tv/internetchannel/show/9876?site=1&seekto=1194
0:19:56.18,0:20:16.82,1196.18,1216.82,Marjorie Erickson,"SAU 6 Board Chair (Unity member) (calls to order [0], asks 'Mary' to call roll [2], opening statement on 'my tenure as chairman ... before you elected me' [10]; later: 'myself as the SA six chair' [582] listed apart from 'Sarah Lowe from unity'; 'The board six chair ... she's actually from unity' [569]; roll call has Marjorie Erickson present [5]; cluster also carries Cory LeClair, see overrides)","Or do you want. Do you want to see a modification. Do you want to see the final version before we approve it? I'm kind of I know I'm I'm trying to move quickly, but I want to work from. I make a motion to approve it. As as amended. Okay. To approve the succession.",Speaker 1,https://reflect-claremont.cablecast.tv/internetchannel/show/9876?site=1&seekto=1196
0:20:16.82,0:20:18.54,1216.82,1218.54,Marjorie Erickson,SAU 6 Board Chair (Unity member) (chair's recognition or procedure absorbed into another cluster),Plan.,Speaker 2,https://reflect-claremont.cablecast.tv/internetchannel/show/9876?site=1&seekto=1216
0:20:18.62,0:20:21.58,1218.62,1221.58,Marjorie Erickson,"SAU 6 Board Chair (Unity member) (calls to order [0], asks 'Mary' to call roll [2], opening statement on 'my tenure as chairman ... before you elected me' [10]; later: 'myself as the SA six chair' [582] listed apart from 'Sarah Lowe from unity'; 'The board six chair ... she's actually from unity' [569]; roll call has Marjorie Erickson present [5]; cluster also carries Cory LeClair, see overrides)",As amended.,Speaker 1,https://reflect-claremont.cablecast.tv/internetchannel/show/9876?site=1&seekto=1218
0:20:21.66,0:20:24.46,1221.66,1224.46,Unidentified,"Unidentified - board member(s): minutes motion [27], a second [121], consultant question [252]; also onsets of Sara Lowe's sentences [73-79]",I'll second that. Hey.,Speaker 6,https://reflect-claremont.cablecast.tv/internetchannel/show/9876?site=1&seekto=1221
0:20:24.54,0:20:30.70,1224.54,1230.70,Marjorie Erickson,"SAU 6 Board Chair (Unity member) (calls to order [0], asks 'Mary' to call roll [2], opening statement on 'my tenure as chairman ... before you elected me' [10]; later: 'myself as the SA six chair' [582] listed apart from 'Sarah Lowe from unity'; 'The board six chair ... she's actually from unity' [569]; roll call has Marjorie Erickson present [5]; cluster also carries Cory LeClair, see overrides)",Is there any further discussion? Any further discussion?,Speaker 1,https://reflect-claremont.cablecast.tv/internetchannel/show/9876?site=1&seekto=1224
0:20:30.78,0:20:37.82,1230.78,1237.82,Marjorie Erickson,"SAU 6 Board Chair (Unity member) (calls to order [0], asks 'Mary' to call roll [2], opening statement on 'my tenure as chairman ... before you elected me' [10]; later: 'myself as the SA six chair' [582] listed apart from 'Sarah Lowe from unity'; 'The board six chair ... she's actually from unity' [569]; roll call has Marjorie Erickson present [5]; cluster also carries Cory LeClair, see overrides)","Okay. All those in favor of the succession of the the succession plan as amended, say.",Speaker 1,https://reflect-claremont.cablecast.tv/internetchannel/show/9876?site=1&seekto=1230
0:20:37.82,0:20:40.30,1237.82,1240.30,Unidentified,"Unidentified - board member(s): minutes motion [27], a second [121], consultant question [252]; also onsets of Sara Lowe's sentences [73-79]","I, I, I.",Speaker 6,https://reflect-claremont.cablecast.tv/internetchannel/show/9876?site=1&seekto=1237
0:20:40.38,0:20:49.64,1240.38,1249.64,Marjorie Erickson,"SAU 6 Board Chair (Unity member) (calls to order [0], asks 'Mary' to call roll [2], opening statement on 'my tenure as chairman ... before you elected me' [10]; later: 'myself as the SA six chair' [582] listed apart from 'Sarah Lowe from unity'; 'The board six chair ... she's actually from unity' [569]; roll call has Marjorie Erickson present [5]; cluster also carries Cory LeClair, see overrides)",All any opposed? Okay. We have a succession plan.,Speaker 1,https://reflect-claremont.cablecast.tv/internetchannel/show/9876?site=1&seekto=1240
0:20:49.72,0:21:13.40,1249.72,1273.40,Marjorie Erickson,"SAU 6 Board Chair (Unity member) (calls to order [0], asks 'Mary' to call roll [2], opening statement on 'my tenure as chairman ... before you elected me' [10]; later: 'myself as the SA six chair' [582] listed apart from 'Sarah Lowe from unity'; 'The board six chair ... she's actually from unity' [569]; roll call has Marjorie Erickson present [5]; cluster also carries Cory LeClair, see overrides)","And the  the agendas at the back of that were just for your information on timing of how this has to happen  or how I'm envisioning it happening. So you'll see agendas that follow those, I hope, fairly closely.  Now that Mike's here, let's get back to.",Speaker 1,https://reflect-claremont.cablecast.tv/internetchannel/show/9876?site=1&seekto=1249
0:21:13.48,0:21:20.40,1273.48,1280.40,Marjorie Erickson,"SAU 6 Board Chair (Unity member) (calls to order [0], asks 'Mary' to call roll [2], opening statement on 'my tenure as chairman ... before you elected me' [10]; later: 'myself as the SA six chair' [582] listed apart from 'Sarah Lowe from unity'; 'The board six chair ... she's actually from unity' [569]; roll call has Marjorie Erickson present [5]; cluster also carries Cory LeClair, see overrides)",A the review of the FY 19 budget appropriations.,Speaker 1,https://reflect-claremont.cablecast.tv/internetchannel/show/9876?site=1&seekto=1273
0:21:20.48,0:21:23.04,1280.48,1283.04,Unidentified,"Unidentified - cluster mixes short remarks, seconds, 'aye' and recognitions from several voices","Everybody had three, excuse me, three packets.",Speaker 4,https://reflect-claremont.cablecast.tv/internetchannel/show/9876?site=1&seekto=1280
0:21:23.04,0:21:42.24,1283.04,1302.24,Michael O'Neill,"Business Administrator, SAU 6 ('Now that Mike's here' [126] before his fund-balance presentation [129-243]; surname per roster and chair's list 'Mike O'Neil from the SA' [582])","Of information. I'm going to start with the one that looks like this on the front and says fine balance projection, something we've all seen before. It has changed, however, though, and I wanted to have a discussion about that. If I start talking too much about balance sheet and income statement and accounts, just tell me and I'll start talking about it, okay?",Speaker 11,https://reflect-claremont.cablecast.tv/internetchannel/show/9876?site=1&seekto=1283
0:21:42.32,0:22:04.44,1302.32,1324.44,Michael O'Neill,"Business Administrator, SAU 6 ('Now that Mike's here' [126] before his fund-balance presentation [129-243]; surname per roster and chair's list 'Mike O'Neil from the SA' [582])","And I just so that people can understand you know what what  what happened here that caused the understatement. So I'm going to start with the fund balance at June 30th, 2016 for the audit, which is the  top line of that page. If you flip to the second page of that, that not the back of the first page of the second page, you will see on the audit report the fund balance.",Speaker 11,https://reflect-claremont.cablecast.tv/internetchannel/show/9876?site=1&seekto=1302
0:22:04.44,0:22:18.08,1324.44,1338.08,Michael O'Neill,"Business Administrator, SAU 6 ('Now that Mike's here' [126] before his fund-balance presentation [129-243]; surname per roster and chair's list 'Mike O'Neil from the SA' [582])",139758 which is it is off $1.26 and I'll take credit for that. But that's the that's the number from the audit. I just want you guys to see where these numbers come from.,Speaker 11,https://reflect-claremont.cablecast.tv/internetchannel/show/9876?site=1&seekto=1324
0:22:18.16,0:22:40.80,1338.16,1360.80,Michael O'Neill,"Business Administrator, SAU 6 ('Now that Mike's here' [126] before his fund-balance presentation [129-243]; surname per roster and chair's list 'Mike O'Neil from the SA' [582])","Then what we do is we take the revenues, excuse me, from 1617 and expenditures from 1617. So you have a packet, a third packet that's got a trial balance for 1617 on it. It looks like this.",Speaker 11,https://reflect-claremont.cablecast.tv/internetchannel/show/9876?site=1&seekto=1338
0:22:40.88,0:22:49.32,1360.88,1369.32,Michael O'Neill,"Business Administrator, SAU 6 ('Now that Mike's here' [126] before his fund-balance presentation [129-243]; surname per roster and chair's list 'Mike O'Neil from the SA' [582])",So if you go to page two of  that trial balance I'm sorry.,Speaker 11,https://reflect-claremont.cablecast.tv/internetchannel/show/9876?site=1&seekto=1360
0:22:49.36,0:23:16.98,1369.36,1396.98,Michael O'Neill,"Business Administrator, SAU 6 ('Now that Mike's here' [126] before his fund-balance presentation [129-243]; surname per roster and chair's list 'Mike O'Neil from the SA' [582])","Top of page three. You see the revenue amount of 202379939. That's where that number comes from. If you go up a little further, you'll also see the fund balance number on page two. Halfway up. 139. 75926. That's the fund balance number is it's on the report. Then if you go to page nine I believe and then again page eight.",Speaker 11,https://reflect-claremont.cablecast.tv/internetchannel/show/9876?site=1&seekto=1369
0:23:17.06,0:23:17.42,1397.06,1397.42,Unidentified,"Unidentified - cluster mixes short remarks, seconds, 'aye' and recognitions from several voices",You'll see.,Speaker 4,https://reflect-claremont.cablecast.tv/internetchannel/show/9876?site=1&seekto=1397
0:23:17.46,0:23:45.34,1397.46,1425.34,Michael O'Neill,"Business Administrator, SAU 6 ('Now that Mike's here' [126] before his fund-balance presentation [129-243]; surname per roster and chair's list 'Mike O'Neil from the SA' [582])","At the top of page eight the expenditure total 195113432. And I just did that so that people can see kind of where these numbers are coming from. And I know it works out pretty close to to break even, but that's just how it worked out. The thing that got adjusted on 17 from last time was, there was some indirect costs that received in 18,  and when we received money the year after we earn it, we posted to a receivable account.",Speaker 11,https://reflect-claremont.cablecast.tv/internetchannel/show/9876?site=1&seekto=1397
0:23:45.42,0:24:08.70,1425.42,1448.70,Michael O'Neill,"Business Administrator, SAU 6 ('Now that Mike's here' [126] before his fund-balance presentation [129-243]; surname per roster and chair's list 'Mike O'Neil from the SA' [582])","We also at the same time. Excuse me. Go back and post it in the 17 database to a revenue account. That entry was not made. So because that entry was not made and I missed the revenue. So when I had some time last week to seek the office late one night, I was able to figure out why it was off because I looked back at all my fund balance projections done previously and I was off $60,000, and I said, how can I be off that much?",Speaker 11,https://reflect-claremont.cablecast.tv/internetchannel/show/9876?site=1&seekto=1425
0:24:08.78,0:24:29.18,1448.78,1469.18,Michael O'Neill,"Business Administrator, SAU 6 ('Now that Mike's here' [126] before his fund-balance presentation [129-243]; surname per roster and chair's list 'Mike O'Neil from the SA' [582])","So that that increased the revenues in 1617 by it ended up being $44,000. So you end up with a fund balance estimated, I mean, a fund balance at June 30th, 2017, not estimated to be 212,004 2433 questions on how I got to that.",Speaker 11,https://reflect-claremont.cablecast.tv/internetchannel/show/9876?site=1&seekto=1448
0:24:29.26,0:25:05.58,1469.26,1505.58,Michael O'Neill,"Business Administrator, SAU 6 ('Now that Mike's here' [126] before his fund-balance presentation [129-243]; surname per roster and chair's list 'Mike O'Neil from the SA' [582])","The next line is something that maybe people were not aware of. So if you go to the third page of that packet, this is a page, page 35 and 36 of the withdrawal plan that was accepted by the Department of Education on behalf of the school district. And it does call in number three, disposition of assets and liabilities on that page that the last sentence says the transition Committee will be responsible for the calculation of the actual fiscal year 17 fiscal year 17  fund balance and will be responsible for arranging with Saw its disposition calculated 11.4%.",Speaker 11,https://reflect-claremont.cablecast.tv/internetchannel/show/9876?site=1&seekto=1469
0:25:05.66,0:25:27.02,1505.66,1527.02,Michael O'Neill,"Business Administrator, SAU 6 ('Now that Mike's here' [126] before his fund-balance presentation [129-243]; surname per roster and chair's list 'Mike O'Neil from the SA' [582])","What that means is corner should have been putting money in at an average of 11.4% for several years. So because we have a fund balance, they're entitled to receive that money back because the way the saw works is basically the money is carried over, but still belongs to the districts that make up that. So the calculation, based on a $212,000 fund balance, would be a return estimated payment to corners for this year.",Speaker 11,https://reflect-claremont.cablecast.tv/internetchannel/show/9876?site=1&seekto=1505
0:25:27.02,0:25:54.86,1527.02,1554.86,Michael O'Neill,"Business Administrator, SAU 6 ('Now that Mike's here' [126] before his fund-balance presentation [129-243]; surname per roster and chair's list 'Mike O'Neil from the SA' [582])","Of the six 3017 fund balance, totaling 24,000 to 1637. Then we go to that, we go to projected revenue 1718. And these, I think, are going to go up a little more because I just I think I got some more indirect costs coming in from unity. But essentially, if you look at the other packet with the grants management report on front, it looks like this.",Speaker 11,https://reflect-claremont.cablecast.tv/internetchannel/show/9876?site=1&seekto=1527
0:25:54.94,0:26:18.78,1554.94,1578.78,Michael O'Neill,"Business Administrator, SAU 6 ('Now that Mike's here' [126] before his fund-balance presentation [129-243]; surname per roster and chair's list 'Mike O'Neil from the SA' [582])","If you if you go to page three, you jump down to the expenditures and you look at the total amount in the fourth column over from the left, it says 194445661. So basically that's the total  amount spent plus encumbrances right now for the for the 1718 year, I  reduced that by $4,000. I think I have a couple of encumbrances I won't need in there.",Speaker 11,https://reflect-claremont.cablecast.tv/internetchannel/show/9876?site=1&seekto=1554
0:26:18.98,0:26:33.74,1578.98,1593.74,Michael O'Neill,"Business Administrator, SAU 6 ('Now that Mike's here' [126] before his fund-balance presentation [129-243]; surname per roster and chair's list 'Mike O'Neil from the SA' [582])","So I'm estimating that the expenditures will be 1940331. Then if you flip to the trial balance, which is the next report underneath that.",Speaker 11,https://reflect-claremont.cablecast.tv/internetchannel/show/9876?site=1&seekto=1578
0:26:33.82,0:26:35.78,1593.82,1595.78,Unidentified,"Unidentified - cluster mixes short remarks, seconds, 'aye' and recognitions from several voices",Top to page four.,Speaker 4,https://reflect-claremont.cablecast.tv/internetchannel/show/9876?site=1&seekto=1593
0:26:35.86,0:26:40.50,1595.86,1600.50,Michael O'Neill,"Business Administrator, SAU 6 ('Now that Mike's here' [126] before his fund-balance presentation [129-243]; surname per roster and chair's list 'Mike O'Neil from the SA' [582])",Oh sorry. Top page three.,Speaker 11,https://reflect-claremont.cablecast.tv/internetchannel/show/9876?site=1&seekto=1595
0:26:40.58,0:26:54.24,1600.58,1614.24,Michael O'Neill,"Business Administrator, SAU 6 ('Now that Mike's here' [126] before his fund-balance presentation [129-243]; surname per roster and chair's list 'Mike O'Neil from the SA' [582])",Ending balance in revenue right now is 2023799. Well look at that. I'm looking at I'm looking at the wrong.,Speaker 11,https://reflect-claremont.cablecast.tv/internetchannel/show/9876?site=1&seekto=1600
0:26:54.32,0:27:10.48,1614.32,1630.48,Michael O'Neill,"Business Administrator, SAU 6 ('Now that Mike's here' [126] before his fund-balance presentation [129-243]; surname per roster and chair's list 'Mike O'Neil from the SA' [582])",I got 1617. Let me let me get to the right of my dad. This report was right. I just attached to report to it.,Speaker 11,https://reflect-claremont.cablecast.tv/internetchannel/show/9876?site=1&seekto=1614
0:27:10.56,0:27:16.15,1630.56,1636.15,Michael O'Neill,"Business Administrator, SAU 6 ('Now that Mike's here' [126] before his fund-balance presentation [129-243]; surname per roster and chair's list 'Mike O'Neil from the SA' [582])",1718.,Speaker 11,https://reflect-claremont.cablecast.tv/internetchannel/show/9876?site=1&seekto=1630
0:27:16.23,0:27:19.44,1636.23,1639.44,Michael O'Neill,"Business Administrator, SAU 6 ('Now that Mike's here' [126] before his fund-balance presentation [129-243]; surname per roster and chair's list 'Mike O'Neil from the SA' [582])",It should be attached to one of those facts. 1617.,Speaker 11,https://reflect-claremont.cablecast.tv/internetchannel/show/9876?site=1&seekto=1636
0:27:19.52,0:27:21.36,1639.52,1641.36,Unidentified,"Unidentified - cluster mixes short remarks, seconds, 'aye' and recognitions from several voices",Did we get an email?,Speaker 4,https://reflect-claremont.cablecast.tv/internetchannel/show/9876?site=1&seekto=1639
0:27:21.44,0:27:27.27,1641.44,1647.27,Michael O'Neill,"Business Administrator, SAU 6 ('Now that Mike's here' [126] before his fund-balance presentation [129-243]; surname per roster and chair's list 'Mike O'Neil from the SA' [582])","Yeah. You did, you did.",Speaker 11,https://reflect-claremont.cablecast.tv/internetchannel/show/9876?site=1&seekto=1641
0:27:27.35,0:27:38.18,1647.35,1658.18,Unidentified,"Unidentified - cluster mixes short remarks, seconds, 'aye' and recognitions from several voices",Yes. 1617.,Speaker 4,https://reflect-claremont.cablecast.tv/internetchannel/show/9876?site=1&seekto=1647
0:27:38.26,0:27:42.84,1658.26,1662.84,Michael O'Neill,"Business Administrator, SAU 6 ('Now that Mike's here' [126] before his fund-balance presentation [129-243]; surname per roster and chair's list 'Mike O'Neil from the SA' [582])",Yeah. 1718.,Speaker 11,https://reflect-claremont.cablecast.tv/internetchannel/show/9876?site=1&seekto=1658
0:27:42.92,0:27:44.60,1662.92,1664.60,Marjorie Erickson,"SAU 6 Board Chair (Unity member) (calls to order [0], asks 'Mary' to call roll [2], opening statement on 'my tenure as chairman ... before you elected me' [10]; later: 'myself as the SA six chair' [582] listed apart from 'Sarah Lowe from unity'; 'The board six chair ... she's actually from unity' [569]; roll call has Marjorie Erickson present [5]; cluster also carries Cory LeClair, see overrides)",So I believe.,Speaker 1,https://reflect-claremont.cablecast.tv/internetchannel/show/9876?site=1&seekto=1662
0:27:44.68,0:27:45.92,1664.68,1665.92,Cory LeClair,"Assistant Superintendent, SAU 6 (acting superintendent designate) (grant work and office capacity [244-262]; presents the interim criteria draft 'to use Marge's term, a straw man' [275-284]; defers 'to Josh' [290]; chair: 'questions for either Corey or Mike?' [264])",You said that to everybody.,Speaker 3,https://reflect-claremont.cablecast.tv/internetchannel/show/9876?site=1&seekto=1664
0:27:46.00,0:27:46.32,1666.00,1666.32,Michael O'Neill,"Business Administrator, SAU 6 ('Now that Mike's here' [126] before his fund-balance presentation [129-243]; surname per roster and chair's list 'Mike O'Neil from the SA' [582])",I seem.,Speaker 11,https://reflect-claremont.cablecast.tv/internetchannel/show/9876?site=1&seekto=1666
0:27:46.32,0:27:46.40,1666.32,1666.40,Unidentified,"Unidentified - cluster mixes short remarks, seconds, 'aye' and recognitions from several voices",To.,Speaker 4,https://reflect-claremont.cablecast.tv/internetchannel/show/9876?site=1&seekto=1666
0:27:46.40,0:27:50.00,1666.40,1670.00,Cory LeClair,"Assistant Superintendent, SAU 6 (acting superintendent designate) (grant work and office capacity [244-262]; presents the interim criteria draft 'to use Marge's term, a straw man' [275-284]; defers 'to Josh' [290]; chair: 'questions for either Corey or Mike?' [264])",Do it in the email and it's the documents pdf titled.,Speaker 3,https://reflect-claremont.cablecast.tv/internetchannel/show/9876?site=1&seekto=1666
0:27:50.00,0:27:51.08,1670.00,1671.08,Marjorie Erickson,"SAU 6 Board Chair (Unity member) (calls to order [0], asks 'Mary' to call roll [2], opening statement on 'my tenure as chairman ... before you elected me' [10]; later: 'myself as the SA six chair' [582] listed apart from 'Sarah Lowe from unity'; 'The board six chair ... she's actually from unity' [569]; roll call has Marjorie Erickson present [5]; cluster also carries Cory LeClair, see overrides)",Six 3018.,Speaker 1,https://reflect-claremont.cablecast.tv/internetchannel/show/9876?site=1&seekto=1670
0:27:51.12,0:27:54.60,1671.12,1674.60,Unidentified,Unidentified - two short remarks,Saw Trial Balance. I believe.,Speaker 10,https://reflect-claremont.cablecast.tv/internetchannel/show/9876?site=1&seekto=1671
0:27:54.68,0:28:02.33,1674.68,1682.33,Marjorie Erickson,"SAU 6 Board Chair (Unity member) (calls to order [0], asks 'Mary' to call roll [2], opening statement on 'my tenure as chairman ... before you elected me' [10]; later: 'myself as the SA six chair' [582] listed apart from 'Sarah Lowe from unity'; 'The board six chair ... she's actually from unity' [569]; roll call has Marjorie Erickson present [5]; cluster also carries Cory LeClair, see overrides)",That's 1718.,Speaker 1,https://reflect-claremont.cablecast.tv/internetchannel/show/9876?site=1&seekto=1674
0:28:02.41,0:28:02.86,1682.41,1682.86,Unidentified,Unidentified - short acknowledgements and a second,Sarah.,Speaker 7,https://reflect-claremont.cablecast.tv/internetchannel/show/9876?site=1&seekto=1682
0:28:02.94,0:28:09.42,1682.94,1689.42,Cory LeClair,"Assistant Superintendent, SAU 6 (acting superintendent designate) (grant work and office capacity [244-262]; presents the interim criteria draft 'to use Marge's term, a straw man' [275-284]; defers 'to Josh' [290]; chair: 'questions for either Corey or Mike?' [264])",Do you want to look at it on either one of you want to look at it on my computer or you're welcome to.,Speaker 3,https://reflect-claremont.cablecast.tv/internetchannel/show/9876?site=1&seekto=1682
0:28:09.50,0:28:14.00,1689.50,1694.00,Michael O'Neill,"Business Administrator, SAU 6 ('Now that Mike's here' [126] before his fund-balance presentation [129-243]; surname per roster and chair's list 'Mike O'Neil from the SA' [582])",This one.,Speaker 11,https://reflect-claremont.cablecast.tv/internetchannel/show/9876?site=1&seekto=1689
0:28:14.08,0:28:18.64,1694.08,1698.64,Cory LeClair,"Assistant Superintendent, SAU 6 (acting superintendent designate) (grant work and office capacity [244-262]; presents the interim criteria draft 'to use Marge's term, a straw man' [275-284]; defers 'to Josh' [290]; chair: 'questions for either Corey or Mike?' [264])","That's it looks like this, though. That's what it looks like.",Speaker 3,https://reflect-claremont.cablecast.tv/internetchannel/show/9876?site=1&seekto=1694
0:28:18.72,0:28:20.32,1698.72,1700.32,Unidentified,"Unidentified - cluster mixes short remarks, seconds, 'aye' and recognitions from several voices",No.,Speaker 4,https://reflect-claremont.cablecast.tv/internetchannel/show/9876?site=1&seekto=1698
0:28:20.40,0:28:21.68,1700.40,1701.68,Unidentified,Unidentified - short acknowledgements and a second,Okay.,Speaker 7,https://reflect-claremont.cablecast.tv/internetchannel/show/9876?site=1&seekto=1700
0:28:21.76,0:28:26.76,1701.76,1706.76,Michael O'Neill,"Business Administrator, SAU 6 ('Now that Mike's here' [126] before his fund-balance presentation [129-243]; surname per roster and chair's list 'Mike O'Neil from the SA' [582])",That's been exciting. And that's what you got. Yes. You got is correct.,Speaker 11,https://reflect-claremont.cablecast.tv/internetchannel/show/9876?site=1&seekto=1701
0:28:26.84,0:28:28.44,1706.84,1708.44,Unidentified,Unidentified - short acknowledgements and a second,Okay.,Speaker 7,https://reflect-claremont.cablecast.tv/internetchannel/show/9876?site=1&seekto=1706
0:28:28.52,0:28:33.96,1708.52,1713.96,Michael O'Neill,"Business Administrator, SAU 6 ('Now that Mike's here' [126] before his fund-balance presentation [129-243]; surname per roster and chair's list 'Mike O'Neil from the SA' [582])","And you open it up on top, you know.",Speaker 11,https://reflect-claremont.cablecast.tv/internetchannel/show/9876?site=1&seekto=1708
0:28:34.04,0:28:45.55,1714.04,1725.55,Cory LeClair,"Assistant Superintendent, SAU 6 (acting superintendent designate) (grant work and office capacity [244-262]; presents the interim criteria draft 'to use Marge's term, a straw man' [275-284]; defers 'to Josh' [290]; chair: 'questions for either Corey or Mike?' [264])","One of the things that I think is also important to note is, we actually got the final audit for the saw for, this year. Today,  I believe I saw it.",Speaker 3,https://reflect-claremont.cablecast.tv/internetchannel/show/9876?site=1&seekto=1714
0:28:45.64,0:28:49.76,1725.64,1729.76,Michael O'Neill,"Business Administrator, SAU 6 ('Now that Mike's here' [126] before his fund-balance presentation [129-243]; surname per roster and chair's list 'Mike O'Neil from the SA' [582])",I did get it today. That's why that's in that's where that page came from. So that's why some.,Speaker 11,https://reflect-claremont.cablecast.tv/internetchannel/show/9876?site=1&seekto=1725
0:28:49.76,0:28:58.72,1729.76,1738.72,Cory LeClair,"Assistant Superintendent, SAU 6 (acting superintendent designate) (grant work and office capacity [244-262]; presents the interim criteria draft 'to use Marge's term, a straw man' [275-284]; defers 'to Josh' [290]; chair: 'questions for either Corey or Mike?' [264])",Of this information is able to be identified now because we are getting the final audits and we were behind and audits. We've gotten caught up. We are up through.,Speaker 3,https://reflect-claremont.cablecast.tv/internetchannel/show/9876?site=1&seekto=1729
0:28:58.76,0:29:02.64,1738.76,1742.64,Marjorie Erickson,"SAU 6 Board Chair (Unity member) (calls to order [0], asks 'Mary' to call roll [2], opening statement on 'my tenure as chairman ... before you elected me' [10]; later: 'myself as the SA six chair' [582] listed apart from 'Sarah Lowe from unity'; 'The board six chair ... she's actually from unity' [569]; roll call has Marjorie Erickson present [5]; cluster also carries Cory LeClair, see overrides)",So you're saying that 2017 2018 audit is in.,Speaker 1,https://reflect-claremont.cablecast.tv/internetchannel/show/9876?site=1&seekto=1738
0:29:02.68,0:29:05.20,1742.68,1745.20,Michael O'Neill,"Business Administrator, SAU 6 ('Now that Mike's here' [126] before his fund-balance presentation [129-243]; surname per roster and chair's list 'Mike O'Neil from the SA' [582])","No, we just we just finished the 1617.",Speaker 11,https://reflect-claremont.cablecast.tv/internetchannel/show/9876?site=1&seekto=1742
0:29:05.24,0:29:07.64,1745.24,1747.64,Marjorie Erickson,"SAU 6 Board Chair (Unity member) (calls to order [0], asks 'Mary' to call roll [2], opening statement on 'my tenure as chairman ... before you elected me' [10]; later: 'myself as the SA six chair' [582] listed apart from 'Sarah Lowe from unity'; 'The board six chair ... she's actually from unity' [569]; roll call has Marjorie Erickson present [5]; cluster also carries Cory LeClair, see overrides)",That's what I thought you were I thought I thought I.,Speaker 1,https://reflect-claremont.cablecast.tv/internetchannel/show/9876?site=1&seekto=1745
0:29:07.64,0:29:08.00,1747.64,1748.00,Unidentified,"Unidentified - cluster mixes short remarks, seconds, 'aye' and recognitions from several voices",Heard you.,Speaker 4,https://reflect-claremont.cablecast.tv/internetchannel/show/9876?site=1&seekto=1747
0:29:08.00,0:29:08.24,1748.00,1748.24,Marjorie Erickson,"SAU 6 Board Chair (Unity member) (calls to order [0], asks 'Mary' to call roll [2], opening statement on 'my tenure as chairman ... before you elected me' [10]; later: 'myself as the SA six chair' [582] listed apart from 'Sarah Lowe from unity'; 'The board six chair ... she's actually from unity' [569]; roll call has Marjorie Erickson present [5]; cluster also carries Cory LeClair, see overrides)",Said.,Speaker 1,https://reflect-claremont.cablecast.tv/internetchannel/show/9876?site=1&seekto=1748
0:29:08.24,0:29:10.72,1748.24,1750.72,Michael O'Neill,"Business Administrator, SAU 6 ('Now that Mike's here' [126] before his fund-balance presentation [129-243]; surname per roster and chair's list 'Mike O'Neil from the SA' [582])",This year that one year behind because we're doing 17 now.,Speaker 11,https://reflect-claremont.cablecast.tv/internetchannel/show/9876?site=1&seekto=1748
0:29:10.76,0:29:19.96,1750.76,1759.96,Marjorie Erickson,"SAU 6 Board Chair (Unity member) (calls to order [0], asks 'Mary' to call roll [2], opening statement on 'my tenure as chairman ... before you elected me' [10]; later: 'myself as the SA six chair' [582] listed apart from 'Sarah Lowe from unity'; 'The board six chair ... she's actually from unity' [569]; roll call has Marjorie Erickson present [5]; cluster also carries Cory LeClair, see overrides)",Okay. So the you have estimated revenues and estimated expenditures are projected when they're not going to be final. Then until that audit.,Speaker 1,https://reflect-claremont.cablecast.tv/internetchannel/show/9876?site=1&seekto=1750
0:29:20.16,0:29:32.52,1760.16,1772.52,Michael O'Neill,"Business Administrator, SAU 6 ('Now that Mike's here' [126] before his fund-balance presentation [129-243]; surname per roster and chair's list 'Mike O'Neil from the SA' [582])","No, no, there'll be fine. The auditors really don't make any adjustments. I mean, the only adjustment the auditors made was to move one expense from one year to another, okay? Because they just it was a cut off question. So, I mean, we're pretty good on what the numbers look like at that point.",Speaker 11,https://reflect-claremont.cablecast.tv/internetchannel/show/9876?site=1&seekto=1760
0:29:32.56,0:29:35.56,1772.56,1775.56,Marjorie Erickson,"SAU 6 Board Chair (Unity member) (calls to order [0], asks 'Mary' to call roll [2], opening statement on 'my tenure as chairman ... before you elected me' [10]; later: 'myself as the SA six chair' [582] listed apart from 'Sarah Lowe from unity'; 'The board six chair ... she's actually from unity' [569]; roll call has Marjorie Erickson present [5]; cluster also carries Cory LeClair, see overrides)",So you're pretty confident  that these numbers.,Speaker 1,https://reflect-claremont.cablecast.tv/internetchannel/show/9876?site=1&seekto=1772
0:29:35.76,0:29:42.60,1775.76,1782.60,Michael O'Neill,"Business Administrator, SAU 6 ('Now that Mike's here' [126] before his fund-balance presentation [129-243]; surname per roster and chair's list 'Mike O'Neil from the SA' [582])","Yeah, because that's part of the process. I prepared my numbers for the 17 audit okay. So yes I'm feeling good about that.",Speaker 11,https://reflect-claremont.cablecast.tv/internetchannel/show/9876?site=1&seekto=1775
0:29:42.68,0:29:43.16,1782.68,1783.16,Unidentified,Unidentified - short acknowledgements and a second,Okay.,Speaker 7,https://reflect-claremont.cablecast.tv/internetchannel/show/9876?site=1&seekto=1782
0:29:43.28,0:29:55.58,1783.28,1795.58,Michael O'Neill,"Business Administrator, SAU 6 ('Now that Mike's here' [126] before his fund-balance presentation [129-243]; surname per roster and chair's list 'Mike O'Neil from the SA' [582])",So I'm opening up the trial balance here. And if you look at that on page three.,Speaker 11,https://reflect-claremont.cablecast.tv/internetchannel/show/9876?site=1&seekto=1783
0:29:55.66,0:30:05.46,1795.66,1805.46,Michael O'Neill,"Business Administrator, SAU 6 ('Now that Mike's here' [126] before his fund-balance presentation [129-243]; surname per roster and chair's list 'Mike O'Neil from the SA' [582])","Sorry. Now it's on the bottom of page two. Revenues year to date 18903 2220 like I said, I know I'm going to get some more.",Speaker 11,https://reflect-claremont.cablecast.tv/internetchannel/show/9876?site=1&seekto=1795
0:30:05.58,0:30:25.34,1805.58,1825.34,Michael O'Neill,"Business Administrator, SAU 6 ('Now that Mike's here' [126] before his fund-balance presentation [129-243]; surname per roster and chair's list 'Mike O'Neil from the SA' [582])","So I estimated $3,000 more, but I think that there'll be more upside than that. But again, you know, until I receive all the money, it's going to be another month before I'm gonna have all the receivables collected and everything else. And then if you go down to the bottom of the expenditures on that same report, you'll see that we've actually only spent 1822231.",Speaker 11,https://reflect-claremont.cablecast.tv/internetchannel/show/9876?site=1&seekto=1805
0:30:25.42,0:30:32.44,1825.42,1832.44,Michael O'Neill,"Business Administrator, SAU 6 ('Now that Mike's here' [126] before his fund-balance presentation [129-243]; surname per roster and chair's list 'Mike O'Neil from the SA' [582])",That's on page seven.,Speaker 11,https://reflect-claremont.cablecast.tv/internetchannel/show/9876?site=1&seekto=1825
0:30:32.52,0:30:35.36,1832.52,1835.36,Cory LeClair,"Assistant Superintendent, SAU 6 (acting superintendent designate) (grant work and office capacity [244-262]; presents the interim criteria draft 'to use Marge's term, a straw man' [275-284]; defers 'to Josh' [290]; chair: 'questions for either Corey or Mike?' [264])",Don't forget the $0.08.,Speaker 3,https://reflect-claremont.cablecast.tv/internetchannel/show/9876?site=1&seekto=1832
0:30:35.44,0:30:37.16,1835.44,1837.16,Michael O'Neill,"Business Administrator, SAU 6 ('Now that Mike's here' [126] before his fund-balance presentation [129-243]; surname per roster and chair's list 'Mike O'Neil from the SA' [582])",Oh is that what he said? 088.,Speaker 11,https://reflect-claremont.cablecast.tv/internetchannel/show/9876?site=1&seekto=1835
0:30:37.16,0:30:38.68,1837.16,1838.68,Unidentified,Unidentified - short acknowledgements and a second,"Yeah, yeah.",Speaker 7,https://reflect-claremont.cablecast.tv/internetchannel/show/9876?site=1&seekto=1837
0:30:38.76,0:31:00.08,1838.76,1860.08,Michael O'Neill,"Business Administrator, SAU 6 ('Now that Mike's here' [126] before his fund-balance presentation [129-243]; surname per roster and chair's list 'Mike O'Neil from the SA' [582])","That doesn't include encumbrances though. We have another payroll that's going to be paid tomorrow. So after that I'll have a better idea of where that's going to end up. So that leaves a projected resulting fund balance at June 30th, 2018 of 1488796. The amount of proved to be used to offset the fiscal year 19 appropriation was 55,000.",Speaker 11,https://reflect-claremont.cablecast.tv/internetchannel/show/9876?site=1&seekto=1838
0:31:00.16,0:31:13.24,1860.16,1873.24,Michael O'Neill,"Business Administrator, SAU 6 ('Now that Mike's here' [126] before his fund-balance presentation [129-243]; surname per roster and chair's list 'Mike O'Neil from the SA' [582])","Projected remaining fund balance available at June 30th, 2018  85,000 8796 questions on how I got there.",Speaker 11,https://reflect-claremont.cablecast.tv/internetchannel/show/9876?site=1&seekto=1860
0:31:13.32,0:31:15.16,1873.32,1875.16,Unidentified,"Unidentified - board member(s): minutes motion [27], a second [121], consultant question [252]; also onsets of Sara Lowe's sentences [73-79]",I didn't receive it.,Speaker 6,https://reflect-claremont.cablecast.tv/internetchannel/show/9876?site=1&seekto=1873
0:31:15.24,0:31:16.00,1875.24,1876.00,Unidentified,"Unidentified - cluster mixes short remarks, seconds, 'aye' and recognitions from several voices",Okay.,Speaker 4,https://reflect-claremont.cablecast.tv/internetchannel/show/9876?site=1&seekto=1875
0:31:16.08,0:31:26.64,1876.08,1886.64,Cory LeClair,"Assistant Superintendent, SAU 6 (acting superintendent designate) (grant work and office capacity [244-262]; presents the interim criteria draft 'to use Marge's term, a straw man' [275-284]; defers 'to Josh' [290]; chair: 'questions for either Corey or Mike?' [264])",I'll send it to you right now. Michelle.,Speaker 3,https://reflect-claremont.cablecast.tv/internetchannel/show/9876?site=1&seekto=1876
0:31:26.72,0:31:27.64,1886.72,1887.64,Cory LeClair,"Assistant Superintendent, SAU 6 (acting superintendent designate) (grant work and office capacity [244-262]; presents the interim criteria draft 'to use Marge's term, a straw man' [275-284]; defers 'to Josh' [290]; chair: 'questions for either Corey or Mike?' [264])",You're on the list.,Speaker 3,https://reflect-claremont.cablecast.tv/internetchannel/show/9876?site=1&seekto=1886
0:31:27.68,0:31:31.60,1887.68,1891.60,Unidentified,Unidentified - short acknowledgements and a second,So.,Speaker 7,https://reflect-claremont.cablecast.tv/internetchannel/show/9876?site=1&seekto=1887
0:31:31.68,0:31:34.48,1891.68,1894.48,Michael O'Neill,"Business Administrator, SAU 6 ('Now that Mike's here' [126] before his fund-balance presentation [129-243]; surname per roster and chair's list 'Mike O'Neil from the SA' [582])","Yeah, because I because I piggyback on it and forwarded it.",Speaker 11,https://reflect-claremont.cablecast.tv/internetchannel/show/9876?site=1&seekto=1891
0:31:34.68,0:31:38.09,1894.68,1898.09,Cory LeClair,"Assistant Superintendent, SAU 6 (acting superintendent designate) (grant work and office capacity [244-262]; presents the interim criteria draft 'to use Marge's term, a straw man' [275-284]; defers 'to Josh' [290]; chair: 'questions for either Corey or Mike?' [264])",Yeah. Don't look for Mike. Look for Middleton.,Speaker 3,https://reflect-claremont.cablecast.tv/internetchannel/show/9876?site=1&seekto=1894
0:31:38.17,0:31:41.04,1898.17,1901.04,Michael Petrin,SAU 6 Board Vice Chair (Claremont) (proposes 'preference given to those with current New Hampshire certification' [466]; Sprague: 'The way Mike suggested that preference given' [479]) (uncertain - few segments),So June 27th email.,Speaker 12,https://reflect-claremont.cablecast.tv/internetchannel/show/9876?site=1&seekto=1898
0:31:41.12,0:31:42.80,1901.12,1902.80,Michael O'Neill,"Business Administrator, SAU 6 ('Now that Mike's here' [126] before his fund-balance presentation [129-243]; surname per roster and chair's list 'Mike O'Neil from the SA' [582])",She wants to talk to you.,Speaker 11,https://reflect-claremont.cablecast.tv/internetchannel/show/9876?site=1&seekto=1901
0:31:42.88,0:31:43.84,1902.88,1903.84,Cory LeClair,"Assistant Superintendent, SAU 6 (acting superintendent designate) (grant work and office capacity [244-262]; presents the interim criteria draft 'to use Marge's term, a straw man' [275-284]; defers 'to Josh' [290]; chair: 'questions for either Corey or Mike?' [264])",For 30 8 p.m..,Speaker 3,https://reflect-claremont.cablecast.tv/internetchannel/show/9876?site=1&seekto=1902
0:31:43.88,0:31:45.24,1903.88,1905.24,Unidentified,Unidentified - short acknowledgements and a second,Copy.,Speaker 7,https://reflect-claremont.cablecast.tv/internetchannel/show/9876?site=1&seekto=1903
0:31:45.32,0:32:15.84,1905.32,1935.84,Michael O'Neill,"Business Administrator, SAU 6 ('Now that Mike's here' [126] before his fund-balance presentation [129-243]; surname per roster and chair's list 'Mike O'Neil from the SA' [582])","Knew I had wanted to do the thing. So the next thing is the, the the total 1718 by all costs. And basically what that includes that includes the buyout, the accrued vacation and the, the fighter, which is the, the payroll taxes on that money. We didn't have to pay for retirement on it. So that the total amount was 85 or 43, 50 projected additional costs for search.",Speaker 11,https://reflect-claremont.cablecast.tv/internetchannel/show/9876?site=1&seekto=1905
0:32:15.84,0:32:39.16,1935.84,1959.16,Michael O'Neill,"Business Administrator, SAU 6 ('Now that Mike's here' [126] before his fund-balance presentation [129-243]; surname per roster and chair's list 'Mike O'Neil from the SA' [582])","And again, this is a a  guess because we don't really know what it's going to cost us. I mean, there could be some additional legal fees, advertising fees. It's going to hit several lines. I'm projecting that at 25,000, which means we need to identify  at least 24,001 5554 in savings from the 1819 approved budget questions.",Speaker 11,https://reflect-claremont.cablecast.tv/internetchannel/show/9876?site=1&seekto=1935
0:32:39.24,0:32:59.36,1959.24,1979.36,Michael O'Neill,"Business Administrator, SAU 6 ('Now that Mike's here' [126] before his fund-balance presentation [129-243]; surname per roster and chair's list 'Mike O'Neil from the SA' [582])","And as I said before, and I'll read the bottom for people so that maybe they can understand a word I say, but I'm not going to guarantee you anything. The fund balance projection that was prepared for the board meeting on June 14th included an understatement of revenues for 1617. This related to indirect costs revenue from Claremont that was paid to the saw on July 17th, 2017.",Speaker 11,https://reflect-claremont.cablecast.tv/internetchannel/show/9876?site=1&seekto=1959
0:32:59.60,0:33:22.24,1979.60,2002.24,Michael O'Neill,"Business Administrator, SAU 6 ('Now that Mike's here' [126] before his fund-balance presentation [129-243]; surname per roster and chair's list 'Mike O'Neil from the SA' [582])","This is 1617 revenue that was properly deposited and accounted for in the 1718 database. However, the revenue is not recorded in the 1617 accounts. I discovered this when rolling forward balances from the 2016 audit and preparing for the 17 audit. And again, we don't reconcile every single balance sheet account month. And if you don't know how the databases work, you wouldn't know to post it in two databases.",Speaker 11,https://reflect-claremont.cablecast.tv/internetchannel/show/9876?site=1&seekto=1979
0:33:22.32,0:33:26.78,2002.32,2006.78,Unidentified,Unidentified - short acknowledgements and a second,So that.,Speaker 7,https://reflect-claremont.cablecast.tv/internetchannel/show/9876?site=1&seekto=2002
0:33:26.86,0:33:27.24,2006.86,2007.24,Unidentified,"Unidentified - board member(s): minutes motion [27], a second [121], consultant question [252]; also onsets of Sara Lowe's sentences [73-79]",I do.,Speaker 6,https://reflect-claremont.cablecast.tv/internetchannel/show/9876?site=1&seekto=2006
0:33:27.38,0:33:33.90,2007.38,2013.90,Marjorie Erickson,"SAU 6 Board Chair (Unity member) (calls to order [0], asks 'Mary' to call roll [2], opening statement on 'my tenure as chairman ... before you elected me' [10]; later: 'myself as the SA six chair' [582] listed apart from 'Sarah Lowe from unity'; 'The board six chair ... she's actually from unity' [569]; roll call has Marjorie Erickson present [5]; cluster also carries Cory LeClair, see overrides)",Do we need to do anything with approving that buyout cost coming from.,Speaker 1,https://reflect-claremont.cablecast.tv/internetchannel/show/9876?site=1&seekto=2007
0:33:33.98,0:33:34.42,2013.98,2014.42,Unidentified,Unidentified - short acknowledgements and a second,No.,Speaker 7,https://reflect-claremont.cablecast.tv/internetchannel/show/9876?site=1&seekto=2013
0:33:34.50,0:33:37.66,2014.50,2017.66,Marjorie Erickson,"SAU 6 Board Chair (Unity member) (calls to order [0], asks 'Mary' to call roll [2], opening statement on 'my tenure as chairman ... before you elected me' [10]; later: 'myself as the SA six chair' [582] listed apart from 'Sarah Lowe from unity'; 'The board six chair ... she's actually from unity' [569]; roll call has Marjorie Erickson present [5]; cluster also carries Cory LeClair, see overrides)",Any lots okay. So okay.,Speaker 1,https://reflect-claremont.cablecast.tv/internetchannel/show/9876?site=1&seekto=2014
0:33:37.74,0:33:43.24,2017.74,2023.24,Michael O'Neill,"Business Administrator, SAU 6 ('Now that Mike's here' [126] before his fund-balance presentation [129-243]; surname per roster and chair's list 'Mike O'Neil from the SA' [582])",So then if you go to the back of that page.,Speaker 11,https://reflect-claremont.cablecast.tv/internetchannel/show/9876?site=1&seekto=2017
0:33:43.32,0:33:47.90,2023.32,2027.90,Cory LeClair,"Assistant Superintendent, SAU 6 (acting superintendent designate) (grant work and office capacity [244-262]; presents the interim criteria draft 'to use Marge's term, a straw man' [275-284]; defers 'to Josh' [290]; chair: 'questions for either Corey or Mike?' [264])",Do you want to explain why. Because that was a question that the last saw.,Speaker 3,https://reflect-claremont.cablecast.tv/internetchannel/show/9876?site=1&seekto=2023
0:33:47.98,0:34:09.42,2027.98,2049.42,Michael O'Neill,"Business Administrator, SAU 6 ('Now that Mike's here' [126] before his fund-balance presentation [129-243]; surname per roster and chair's list 'Mike O'Neil from the SA' [582])","I know that that there's a question as to whether or not. We have the authority to spend the money because. Because what happens is every year you, you folks as a board approving us a you budget, that's all we can spend because we have a total appropriation amount. Now, if the fund balance had been generated from additional revenues, we may not have the authority to spend that.",Speaker 11,https://reflect-claremont.cablecast.tv/internetchannel/show/9876?site=1&seekto=2027
0:34:09.50,0:34:24.34,2049.50,2064.34,Michael O'Neill,"Business Administrator, SAU 6 ('Now that Mike's here' [126] before his fund-balance presentation [129-243]; surname per roster and chair's list 'Mike O'Neil from the SA' [582])","But I went back and I looked at it, and there was sufficient years where we didn't spend the full appropriation in the budget. So we could say, okay, so the $55,000 extra we got in revenues,  we returned to fund balance because we can do that. And we used the money we didn't spend on the appropriations to pay the buyout.",Speaker 11,https://reflect-claremont.cablecast.tv/internetchannel/show/9876?site=1&seekto=2049
0:34:24.42,0:34:45.02,2064.42,2085.02,Michael O'Neill,"Business Administrator, SAU 6 ('Now that Mike's here' [126] before his fund-balance presentation [129-243]; surname per roster and chair's list 'Mike O'Neil from the SA' [582])","So we were overspending our appropriation. Then we couldn't do that. And basically what that means is  I can't spend a dime until you people tell me I can. That's why when we get these grants, we come to you for it because we can't spend that money over our appropriation unless the board approves it. So there is sufficient money to do that.",Speaker 11,https://reflect-claremont.cablecast.tv/internetchannel/show/9876?site=1&seekto=2064
0:34:45.10,0:34:57.42,2085.10,2097.42,Michael O'Neill,"Business Administrator, SAU 6 ('Now that Mike's here' [126] before his fund-balance presentation [129-243]; surname per roster and chair's list 'Mike O'Neil from the SA' [582])","And because the $55,000 technically doesn't come out of the pot until June 30th, 2019, I technically have more than enough fund balance at this point.",Speaker 11,https://reflect-claremont.cablecast.tv/internetchannel/show/9876?site=1&seekto=2085
0:34:57.50,0:35:03.94,2097.50,2103.94,Marjorie Erickson,"SAU 6 Board Chair (Unity member) (calls to order [0], asks 'Mary' to call roll [2], opening statement on 'my tenure as chairman ... before you elected me' [10]; later: 'myself as the SA six chair' [582] listed apart from 'Sarah Lowe from unity'; 'The board six chair ... she's actually from unity' [569]; roll call has Marjorie Erickson present [5]; cluster also carries Cory LeClair, see overrides)",But what that means is that that the buyout does not remain in the fund balance.,Speaker 1,https://reflect-claremont.cablecast.tv/internetchannel/show/9876?site=1&seekto=2097
0:35:04.02,0:35:05.42,2104.02,2105.42,Michael O'Neill,"Business Administrator, SAU 6 ('Now that Mike's here' [126] before his fund-balance presentation [129-243]; surname per roster and chair's list 'Mike O'Neil from the SA' [582])",That's correct. So basically.,Speaker 11,https://reflect-claremont.cablecast.tv/internetchannel/show/9876?site=1&seekto=2104
0:35:05.50,0:35:08.30,2105.50,2108.30,Marjorie Erickson,"SAU 6 Board Chair (Unity member) (calls to order [0], asks 'Mary' to call roll [2], opening statement on 'my tenure as chairman ... before you elected me' [10]; later: 'myself as the SA six chair' [582] listed apart from 'Sarah Lowe from unity'; 'The board six chair ... she's actually from unity' [569]; roll call has Marjorie Erickson present [5]; cluster also carries Cory LeClair, see overrides)",So there is an implication to using that money.,Speaker 1,https://reflect-claremont.cablecast.tv/internetchannel/show/9876?site=1&seekto=2105
0:35:08.50,0:35:20.02,2108.50,2120.02,Michael O'Neill,"Business Administrator, SAU 6 ('Now that Mike's here' [126] before his fund-balance presentation [129-243]; surname per roster and chair's list 'Mike O'Neil from the SA' [582])","Well, yeah. Because what happens is obviously Mike's not going to say next year. We can we can use $55,000 to offset the budget, because  I'm concerned that we're not going to have any fund balance at all if we have any.",Speaker 11,https://reflect-claremont.cablecast.tv/internetchannel/show/9876?site=1&seekto=2108
0:35:20.10,0:35:20.62,2120.10,2120.62,Unidentified,"Unidentified - board member(s): minutes motion [27], a second [121], consultant question [252]; also onsets of Sara Lowe's sentences [73-79]",Well.,Speaker 6,https://reflect-claremont.cablecast.tv/internetchannel/show/9876?site=1&seekto=2120
0:35:20.70,0:35:23.42,2120.70,2123.42,Marjorie Erickson,"SAU 6 Board Chair (Unity member) (calls to order [0], asks 'Mary' to call roll [2], opening statement on 'my tenure as chairman ... before you elected me' [10]; later: 'myself as the SA six chair' [582] listed apart from 'Sarah Lowe from unity'; 'The board six chair ... she's actually from unity' [569]; roll call has Marjorie Erickson present [5]; cluster also carries Cory LeClair, see overrides)",It kind of looks that way.,Speaker 1,https://reflect-claremont.cablecast.tv/internetchannel/show/9876?site=1&seekto=2120
0:35:23.50,0:35:32.02,2123.50,2132.02,Michael O'Neill,"Business Administrator, SAU 6 ('Now that Mike's here' [126] before his fund-balance presentation [129-243]; surname per roster and chair's list 'Mike O'Neil from the SA' [582])","And that's generally what happens with source is you,  especially if you can generate more grants and more indirect cost revenues, you can build that fund balance up to return every year.",Speaker 11,https://reflect-claremont.cablecast.tv/internetchannel/show/9876?site=1&seekto=2123
0:35:32.10,0:35:35.46,2132.10,2135.46,Marjorie Erickson,"SAU 6 Board Chair (Unity member) (calls to order [0], asks 'Mary' to call roll [2], opening statement on 'my tenure as chairman ... before you elected me' [10]; later: 'myself as the SA six chair' [582] listed apart from 'Sarah Lowe from unity'; 'The board six chair ... she's actually from unity' [569]; roll call has Marjorie Erickson present [5]; cluster also carries Cory LeClair, see overrides)",And that it looks like that's been the case for the last few years.,Speaker 1,https://reflect-claremont.cablecast.tv/internetchannel/show/9876?site=1&seekto=2132
0:35:35.54,0:35:48.78,2135.54,2148.78,Michael O'Neill,"Business Administrator, SAU 6 ('Now that Mike's here' [126] before his fund-balance presentation [129-243]; surname per roster and chair's list 'Mike O'Neil from the SA' [582])","Two years we've done that. When I started, the fund balance was about $7,000. So but we've done a lot with increasing the indirect costs rate and increasing the grant. So if you can do both, we went from 30,000 a year to about 90,000 a year and indirect costs.",Speaker 11,https://reflect-claremont.cablecast.tv/internetchannel/show/9876?site=1&seekto=2135
0:35:48.78,0:35:59.18,2148.78,2159.18,Marjorie Erickson,"SAU 6 Board Chair (Unity member) (calls to order [0], asks 'Mary' to call roll [2], opening statement on 'my tenure as chairman ... before you elected me' [10]; later: 'myself as the SA six chair' [582] listed apart from 'Sarah Lowe from unity'; 'The board six chair ... she's actually from unity' [569]; roll call has Marjorie Erickson present [5]; cluster also carries Cory LeClair, see overrides)","But going into next year we're only going to carry it right now. The 55,000 forward that appropriation towards the fine 2019.",Speaker 1,https://reflect-claremont.cablecast.tv/internetchannel/show/9876?site=1&seekto=2148
0:35:59.22,0:35:59.86,2159.22,2159.86,Unidentified,"Unidentified - cluster mixes short remarks, seconds, 'aye' and recognitions from several voices",Correct.,Speaker 4,https://reflect-claremont.cablecast.tv/internetchannel/show/9876?site=1&seekto=2159
0:35:59.90,0:36:04.00,2159.90,2164.00,Unidentified,Unidentified - short acknowledgements and a second,Okay.,Speaker 7,https://reflect-claremont.cablecast.tv/internetchannel/show/9876?site=1&seekto=2159
0:36:04.08,0:36:23.00,2164.08,2183.00,Michael O'Neill,"Business Administrator, SAU 6 ('Now that Mike's here' [126] before his fund-balance presentation [129-243]; surname per roster and chair's list 'Mike O'Neil from the SA' [582])","So on on the second page and again, you know, obviously the things that are going to change, we don't know yet. But but I can identify some areas of savings right off the bat. Savings for two months of the vacant assistant superintendent position. And basically that's being driven by Corey as acting superintendent is basically taking Middleton's place.",Speaker 11,https://reflect-claremont.cablecast.tv/internetchannel/show/9876?site=1&seekto=2164
0:36:23.00,0:36:43.08,2183.00,2203.08,Michael O'Neill,"Business Administrator, SAU 6 ('Now that Mike's here' [126] before his fund-balance presentation [129-243]; surname per roster and chair's list 'Mike O'Neil from the SA' [582])","So she would get the money that was budgeted for him on that line item so we could save the money on her line item. Then the savings from one month vacancy of administrative support for the superintendent and Sped director. I don't know if that's been discussed, but Brianna Connell has given her notice and she'll be leaving us. And even if we, you know, interview next week, we're not going to fill the position for a little bit.",Speaker 11,https://reflect-claremont.cablecast.tv/internetchannel/show/9876?site=1&seekto=2183
0:36:43.08,0:36:59.08,2203.08,2219.08,Michael O'Neill,"Business Administrator, SAU 6 ('Now that Mike's here' [126] before his fund-balance presentation [129-243]; surname per roster and chair's list 'Mike O'Neil from the SA' [582])","So there's going to be some savings on that as well. But I can't say enough how important that position is, not only because we're going to have a new superintendent's spread, but because it helps out a lot  of other areas in the office, because she's got $8 million worth of purchase orders she's been handling for special ed. And that's a huge, huge responsibility.",Speaker 11,https://reflect-claremont.cablecast.tv/internetchannel/show/9876?site=1&seekto=2203
0:36:59.08,0:37:05.96,2219.08,2225.96,Michael O'Neill,"Business Administrator, SAU 6 ('Now that Mike's here' [126] before his fund-balance presentation [129-243]; surname per roster and chair's list 'Mike O'Neil from the SA' [582])","So so that would that would be 26,000 637 in savings from those two items alone.",Speaker 11,https://reflect-claremont.cablecast.tv/internetchannel/show/9876?site=1&seekto=2219
0:37:06.04,0:37:09.24,2226.04,2229.24,Marjorie Erickson,"SAU 6 Board Chair (Unity member) (calls to order [0], asks 'Mary' to call roll [2], opening statement on 'my tenure as chairman ... before you elected me' [10]; later: 'myself as the SA six chair' [582] listed apart from 'Sarah Lowe from unity'; 'The board six chair ... she's actually from unity' [569]; roll call has Marjorie Erickson present [5]; cluster also carries Cory LeClair, see overrides)",And her last day  is also tomorrow.,Speaker 1,https://reflect-claremont.cablecast.tv/internetchannel/show/9876?site=1&seekto=2226
0:37:09.28,0:37:11.04,2229.28,2231.04,Michael O'Neill,"Business Administrator, SAU 6 ('Now that Mike's here' [126] before his fund-balance presentation [129-243]; surname per roster and chair's list 'Mike O'Neil from the SA' [582])",Tomorrow you might see around.,Speaker 11,https://reflect-claremont.cablecast.tv/internetchannel/show/9876?site=1&seekto=2229
0:37:11.04,0:37:11.96,2231.04,2231.96,Unidentified,"Unidentified - board member(s): minutes motion [27], a second [121], consultant question [252]; also onsets of Sara Lowe's sentences [73-79]",A little.,Speaker 6,https://reflect-claremont.cablecast.tv/internetchannel/show/9876?site=1&seekto=2231
0:37:12.04,0:37:21.28,2232.04,2241.28,Michael O'Neill,"Business Administrator, SAU 6 ('Now that Mike's here' [126] before his fund-balance presentation [129-243]; surname per roster and chair's list 'Mike O'Neil from the SA' [582])","I'm thinking you might see her a little bit in July, because she's going to do a couple of per diem days and put the purchase orders into next year to get us off the ground. So.",Speaker 11,https://reflect-claremont.cablecast.tv/internetchannel/show/9876?site=1&seekto=2232
0:37:21.36,0:37:35.88,2241.36,2255.88,Michael O'Neill,"Business Administrator, SAU 6 ('Now that Mike's here' [126] before his fund-balance presentation [129-243]; surname per roster and chair's list 'Mike O'Neil from the SA' [582])","And, you know, as I said, these are state savings they're already going to do to staff changes at the EU. And I'm going to be other line items. I mean, do we go full time on the superintendent. Does he have benefits. Does he end up with retirement? As you know, those are all things that obviously was budgeted for.",Speaker 11,https://reflect-claremont.cablecast.tv/internetchannel/show/9876?site=1&seekto=2241
0:37:35.96,0:37:44.80,2255.96,2264.80,Michael O'Neill,"Business Administrator, SAU 6 ('Now that Mike's here' [126] before his fund-balance presentation [129-243]; surname per roster and chair's list 'Mike O'Neil from the SA' [582])","But but we'll have to see how that looks when we when we get to that point. But I'm not concerned to say, oh my God, what are we going to do? But like I was a week ago. I'll tell you.",Speaker 11,https://reflect-claremont.cablecast.tv/internetchannel/show/9876?site=1&seekto=2255
0:37:44.88,0:37:51.40,2264.88,2271.40,Marjorie Erickson,"SAU 6 Board Chair (Unity member) (calls to order [0], asks 'Mary' to call roll [2], opening statement on 'my tenure as chairman ... before you elected me' [10]; later: 'myself as the SA six chair' [582] listed apart from 'Sarah Lowe from unity'; 'The board six chair ... she's actually from unity' [569]; roll call has Marjorie Erickson present [5]; cluster also carries Cory LeClair, see overrides)","But in moving forward,  I mean, we don't have the flexibility that we've had previously.",Speaker 1,https://reflect-claremont.cablecast.tv/internetchannel/show/9876?site=1&seekto=2264
0:37:51.64,0:38:09.36,2271.64,2289.36,Michael O'Neill,"Business Administrator, SAU 6 ('Now that Mike's here' [126] before his fund-balance presentation [129-243]; surname per roster and chair's list 'Mike O'Neil from the SA' [582])","Right. In which you. Right. So what you have to do is work hard to build the fund balance back up. You know, and essentially that's how we got it in the first place. So we'll continue to get more grants. And not that I love giving the money away, but, you know, at least we're not in a -$50,000 situation.",Speaker 11,https://reflect-claremont.cablecast.tv/internetchannel/show/9876?site=1&seekto=2271
0:38:09.44,0:38:44.14,2289.44,2324.14,Cory LeClair,"Assistant Superintendent, SAU 6 (acting superintendent designate) (grant work and office capacity [244-262]; presents the interim criteria draft 'to use Marge's term, a straw man' [275-284]; defers 'to Josh' [290]; chair: 'questions for either Corey or Mike?' [264])","I think it's. Important to note, though, when we talk about, for instance, continuing to get more grants, we for. A period of time yet to be defined, will not be fully staffed at the s o office. So pursuing new grant revenue sources will not happen for a period of time yet to be determined. So I just want to make sure everybody is aware of that and all on the same page that when we're talking about rebuilding fund balance, we're talking a multi-year process to rebuild fund balance.,",Speaker 3,https://reflect-claremont.cablecast.tv/internetchannel/show/9876?site=1&seekto=2289
0:38:44.22,0:38:45.23,2324.22,2325.23,Unidentified,"Unidentified - board member(s): minutes motion [27], a second [121], consultant question [252]; also onsets of Sara Lowe's sentences [73-79]",So  that.,Speaker 6,https://reflect-claremont.cablecast.tv/internetchannel/show/9876?site=1&seekto=2324
0:38:45.38,0:39:00.06,2325.38,2340.06,Marjorie Erickson,"SAU 6 Board Chair (Unity member) (calls to order [0], asks 'Mary' to call roll [2], opening statement on 'my tenure as chairman ... before you elected me' [10]; later: 'myself as the SA six chair' [582] listed apart from 'Sarah Lowe from unity'; 'The board six chair ... she's actually from unity' [569]; roll call has Marjorie Erickson present [5]; cluster also carries Cory LeClair, see overrides)","At the moment, in the discussions that you had with Frank and Sarah previously, the grant writing that you had been doing is on hold for at least the summer, or has that not been discussed?",Speaker 1,https://reflect-claremont.cablecast.tv/internetchannel/show/9876?site=1&seekto=2325
0:39:00.10,0:39:25.38,2340.10,2365.38,Cory LeClair,"Assistant Superintendent, SAU 6 (acting superintendent designate) (grant work and office capacity [244-262]; presents the interim criteria draft 'to use Marge's term, a straw man' [275-284]; defers 'to Josh' [290]; chair: 'questions for either Corey or Mike?' [264])","I won't be able personally to pursue new avenues. We already, because some grants span multiple years, or  you have grants that are open for 17 or 24 months, so  not all of them are confined to a fiscal year. So right now there's a little bit over 5 million in grants that we already have that needs to be managed.",Speaker 3,https://reflect-claremont.cablecast.tv/internetchannel/show/9876?site=1&seekto=2340
0:39:25.46,0:39:48.02,2365.46,2388.02,Cory LeClair,"Assistant Superintendent, SAU 6 (acting superintendent designate) (grant work and office capacity [244-262]; presents the interim criteria draft 'to use Marge's term, a straw man' [275-284]; defers 'to Josh' [290]; chair: 'questions for either Corey or Mike?' [264])","And with those, all of your state grants, which are really federal, the really federal grants, not state grants, but we the state is the oversee. So your title one, title two, all of your title grants, you have to re write those every year. So you get an allocation based on a formula. You don't get an allocation because you've pursued it.",Speaker 3,https://reflect-claremont.cablecast.tv/internetchannel/show/9876?site=1&seekto=2365
0:39:48.02,0:40:09.78,2388.02,2409.78,Cory LeClair,"Assistant Superintendent, SAU 6 (acting superintendent designate) (grant work and office capacity [244-262]; presents the interim criteria draft 'to use Marge's term, a straw man' [275-284]; defers 'to Josh' [290]; chair: 'questions for either Corey or Mike?' [264])","And it's not a competitive grant to formulate a grant. So you have to rewrite those every year. And that's typically what happens this time of year. So we will need to leverage support from we've been using Diane Le gender to support us with our grant management process. And she does a lot of the  reporting and, make sure we stay in compliance with things.",Speaker 3,https://reflect-claremont.cablecast.tv/internetchannel/show/9876?site=1&seekto=2388
0:40:09.78,0:40:18.42,2409.78,2418.42,Cory LeClair,"Assistant Superintendent, SAU 6 (acting superintendent designate) (grant work and office capacity [244-262]; presents the interim criteria draft 'to use Marge's term, a straw man' [275-284]; defers 'to Josh' [290]; chair: 'questions for either Corey or Mike?' [264])","And so she, we may need some additional support from her because there will be some of the things that I can't.",Speaker 3,https://reflect-claremont.cablecast.tv/internetchannel/show/9876?site=1&seekto=2409
0:40:18.50,0:40:19.18,2418.50,2419.18,Marjorie Erickson,"SAU 6 Board Chair (Unity member) (calls to order [0], asks 'Mary' to call roll [2], opening statement on 'my tenure as chairman ... before you elected me' [10]; later: 'myself as the SA six chair' [582] listed apart from 'Sarah Lowe from unity'; 'The board six chair ... she's actually from unity' [569]; roll call has Marjorie Erickson present [5]; cluster also carries Cory LeClair, see overrides)",But is it.,Speaker 1,https://reflect-claremont.cablecast.tv/internetchannel/show/9876?site=1&seekto=2418
0:40:19.18,0:40:24.02,2419.18,2424.02,Unidentified,"Unidentified - board member(s): minutes motion [27], a second [121], consultant question [252]; also onsets of Sara Lowe's sentences [73-79]",Only my question is so she's an outside consultant.,Speaker 6,https://reflect-claremont.cablecast.tv/internetchannel/show/9876?site=1&seekto=2419
0:40:24.10,0:40:27.38,2424.10,2427.38,Cory LeClair,"Assistant Superintendent, SAU 6 (acting superintendent designate) (grant work and office capacity [244-262]; presents the interim criteria draft 'to use Marge's term, a straw man' [275-284]; defers 'to Josh' [290]; chair: 'questions for either Corey or Mike?' [264])",Yeah. She's a consultant that we use currently and we have used for a number.,Speaker 3,https://reflect-claremont.cablecast.tv/internetchannel/show/9876?site=1&seekto=2424
0:40:27.38,0:40:27.66,2427.38,2427.66,Unidentified,"Unidentified - board member(s): minutes motion [27], a second [121], consultant question [252]; also onsets of Sara Lowe's sentences [73-79]",So so we're.,Speaker 6,https://reflect-claremont.cablecast.tv/internetchannel/show/9876?site=1&seekto=2427
0:40:27.66,0:40:34.18,2427.66,2434.18,Cory LeClair,"Assistant Superintendent, SAU 6 (acting superintendent designate) (grant work and office capacity [244-262]; presents the interim criteria draft 'to use Marge's term, a straw man' [275-284]; defers 'to Josh' [290]; chair: 'questions for either Corey or Mike?' [264])",Going to use her more. That's going to impact the savings. It would. Yeah I just want to make sure we're clear on that. Yep. It would.,Speaker 3,https://reflect-claremont.cablecast.tv/internetchannel/show/9876?site=1&seekto=2427
0:40:34.38,0:40:44.18,2434.38,2444.18,Marjorie Erickson,"SAU 6 Board Chair (Unity member) (calls to order [0], asks 'Mary' to call roll [2], opening statement on 'my tenure as chairman ... before you elected me' [10]; later: 'myself as the SA six chair' [582] listed apart from 'Sarah Lowe from unity'; 'The board six chair ... she's actually from unity' [569]; roll call has Marjorie Erickson present [5]; cluster also carries Cory LeClair, see overrides)",Is there anything that's falling off the plate. Is there anything that's not going to be done this summer that you that that's a critical.,Speaker 1,https://reflect-claremont.cablecast.tv/internetchannel/show/9876?site=1&seekto=2434
0:40:44.38,0:41:19.58,2444.38,2479.58,Cory LeClair,"Assistant Superintendent, SAU 6 (acting superintendent designate) (grant work and office capacity [244-262]; presents the interim criteria draft 'to use Marge's term, a straw man' [275-284]; defers 'to Josh' [290]; chair: 'questions for either Corey or Mike?' [264])","I think the major thing that we'll see, that won't happen is not something that will be immediate. You won't see the impact immediately from it. It's more the preparation and planning that occurs during the summer months for the upcoming school year. So implementation of Claremont Strategic Plan, professional development for administrators, ensuring that we are all on the same page because we are a very live organism as an saw with two districts, three boards, we eight buildings, nine buildings.",Speaker 3,https://reflect-claremont.cablecast.tv/internetchannel/show/9876?site=1&seekto=2444
0:41:19.66,0:41:33.42,2479.66,2493.42,Cory LeClair,"Assistant Superintendent, SAU 6 (acting superintendent designate) (grant work and office capacity [244-262]; presents the interim criteria draft 'to use Marge's term, a straw man' [275-284]; defers 'to Josh' [290]; chair: 'questions for either Corey or Mike?' [264])",So to make sure everybody is cohesive takes a lot of planning and preparation this summer months. And that's what typically comes out of my office also with curriculum  work. And so.,Speaker 3,https://reflect-claremont.cablecast.tv/internetchannel/show/9876?site=1&seekto=2479
0:41:33.50,0:42:02.78,2493.50,2522.78,Cory LeClair,"Assistant Superintendent, SAU 6 (acting superintendent designate) (grant work and office capacity [244-262]; presents the interim criteria draft 'to use Marge's term, a straw man' [275-284]; defers 'to Josh' [290]; chair: 'questions for either Corey or Mike?' [264])","My guess my prediction is we will be more status quo next year than moving forward. I, I'd like to think we're not going to go backward in any way, but I think we're going to be relatively status quo instead of moving our systems forward. But again, I at this point in time, it's a little bit difficult to project or predict.",Speaker 3,https://reflect-claremont.cablecast.tv/internetchannel/show/9876?site=1&seekto=2493
0:42:02.86,0:42:11.50,2522.86,2531.50,Marjorie Erickson,"SAU 6 Board Chair (Unity member) (calls to order [0], asks 'Mary' to call roll [2], opening statement on 'my tenure as chairman ... before you elected me' [10]; later: 'myself as the SA six chair' [582] listed apart from 'Sarah Lowe from unity'; 'The board six chair ... she's actually from unity' [569]; roll call has Marjorie Erickson present [5]; cluster also carries Cory LeClair, see overrides)","Can you keep us apprized of your needs as you move forward, or things that may be falling off the plate that. We need to think about?",Speaker 1,https://reflect-claremont.cablecast.tv/internetchannel/show/9876?site=1&seekto=2522
0:42:11.58,0:42:27.10,2531.58,2547.10,Cory LeClair,"Assistant Superintendent, SAU 6 (acting superintendent designate) (grant work and office capacity [244-262]; presents the interim criteria draft 'to use Marge's term, a straw man' [275-284]; defers 'to Josh' [290]; chair: 'questions for either Corey or Mike?' [264])","Well, absolutely. And one of the things I know we had on the Claremont School Board agenda for the last meeting was a presentation around the grading and reporting. And where are we at with that and what changes are we making? And it was not something that I had the capacity to be able to present at the last meeting.",Speaker 3,https://reflect-claremont.cablecast.tv/internetchannel/show/9876?site=1&seekto=2531
0:42:27.10,0:42:44.26,2547.10,2564.26,Cory LeClair,"Assistant Superintendent, SAU 6 (acting superintendent designate) (grant work and office capacity [244-262]; presents the interim criteria draft 'to use Marge's term, a straw man' [275-284]; defers 'to Josh' [290]; chair: 'questions for either Corey or Mike?' [264])",And I don't I don't know when I'll be able to circle back around to that. And so those are some of the that's an example of something that otherwise would have gotten done that maybe now won't get done right away. And  we'll need to be pushed off.,Speaker 3,https://reflect-claremont.cablecast.tv/internetchannel/show/9876?site=1&seekto=2547
0:42:44.34,0:42:47.58,2564.34,2567.58,Unidentified,"Unidentified - board member(s): minutes motion [27], a second [121], consultant question [252]; also onsets of Sara Lowe's sentences [73-79]",Okay.,Speaker 6,https://reflect-claremont.cablecast.tv/internetchannel/show/9876?site=1&seekto=2564
0:42:47.66,0:42:53.02,2567.66,2573.02,Marjorie Erickson,"SAU 6 Board Chair (Unity member) (calls to order [0], asks 'Mary' to call roll [2], opening statement on 'my tenure as chairman ... before you elected me' [10]; later: 'myself as the SA six chair' [582] listed apart from 'Sarah Lowe from unity'; 'The board six chair ... she's actually from unity' [569]; roll call has Marjorie Erickson present [5]; cluster also carries Cory LeClair, see overrides)",Are there any questions for either Corey or Mike?,Speaker 1,https://reflect-claremont.cablecast.tv/internetchannel/show/9876?site=1&seekto=2567
0:42:53.10,0:43:01.08,2573.10,2581.08,Marjorie Erickson,"SAU 6 Board Chair (Unity member) (calls to order [0], asks 'Mary' to call roll [2], opening statement on 'my tenure as chairman ... before you elected me' [10]; later: 'myself as the SA six chair' [582] listed apart from 'Sarah Lowe from unity'; 'The board six chair ... she's actually from unity' [569]; roll call has Marjorie Erickson present [5]; cluster also carries Cory LeClair, see overrides)",Okay. And we don't need to do any we don't need to approve any of the how this gets spent.,Speaker 1,https://reflect-claremont.cablecast.tv/internetchannel/show/9876?site=1&seekto=2573
0:43:01.16,0:43:05.62,2581.16,2585.62,Michael O'Neill,"Business Administrator, SAU 6 ('Now that Mike's here' [126] before his fund-balance presentation [129-243]; surname per roster and chair's list 'Mike O'Neil from the SA' [582])","Oh, the bios already been.",Speaker 11,https://reflect-claremont.cablecast.tv/internetchannel/show/9876?site=1&seekto=2581
0:43:05.70,0:43:08.42,2585.70,2588.42,Marjorie Erickson,"SAU 6 Board Chair (Unity member) (calls to order [0], asks 'Mary' to call roll [2], opening statement on 'my tenure as chairman ... before you elected me' [10]; later: 'myself as the SA six chair' [582] listed apart from 'Sarah Lowe from unity'; 'The board six chair ... she's actually from unity' [569]; roll call has Marjorie Erickson present [5]; cluster also carries Cory LeClair, see overrides)",Thank you.,Speaker 1,https://reflect-claremont.cablecast.tv/internetchannel/show/9876?site=1&seekto=2585
0:43:08.50,0:43:12.74,2588.50,2592.74,Marjorie Erickson,"SAU 6 Board Chair (Unity member) (calls to order [0], asks 'Mary' to call roll [2], opening statement on 'my tenure as chairman ... before you elected me' [10]; later: 'myself as the SA six chair' [582] listed apart from 'Sarah Lowe from unity'; 'The board six chair ... she's actually from unity' [569]; roll call has Marjorie Erickson present [5]; cluster also carries Cory LeClair, see overrides)",Okay.,Speaker 1,https://reflect-claremont.cablecast.tv/internetchannel/show/9876?site=1&seekto=2588
0:43:12.82,0:43:33.14,2592.82,2613.14,Marjorie Erickson,"SAU 6 Board Chair (Unity member) (calls to order [0], asks 'Mary' to call roll [2], opening statement on 'my tenure as chairman ... before you elected me' [10]; later: 'myself as the SA six chair' [582] listed apart from 'Sarah Lowe from unity'; 'The board six chair ... she's actually from unity' [569]; roll call has Marjorie Erickson present [5]; cluster also carries Cory LeClair, see overrides)",That moves us to the interim superintendent of schools. Position description and hiring criteria.  You have a draft that got sent out to everybody that the Saw folks put together.,Speaker 1,https://reflect-claremont.cablecast.tv/internetchannel/show/9876?site=1&seekto=2592
0:43:33.22,0:43:33.98,2613.22,2613.98,Marjorie Erickson,"SAU 6 Board Chair (Unity member) (calls to order [0], asks 'Mary' to call roll [2], opening statement on 'my tenure as chairman ... before you elected me' [10]; later: 'myself as the SA six chair' [582] listed apart from 'Sarah Lowe from unity'; 'The board six chair ... she's actually from unity' [569]; roll call has Marjorie Erickson present [5]; cluster also carries Cory LeClair, see overrides)",Do you.,Speaker 1,https://reflect-claremont.cablecast.tv/internetchannel/show/9876?site=1&seekto=2613
0:43:34.06,0:43:35.02,2614.06,2615.02,Cory LeClair,"Assistant Superintendent, SAU 6 (acting superintendent designate) (grant work and office capacity [244-262]; presents the interim criteria draft 'to use Marge's term, a straw man' [275-284]; defers 'to Josh' [290]; chair: 'questions for either Corey or Mike?' [264])",Want to speak to this?,Speaker 3,https://reflect-claremont.cablecast.tv/internetchannel/show/9876?site=1&seekto=2614
0:43:35.06,0:43:35.94,2615.06,2615.94,Marjorie Erickson,"SAU 6 Board Chair (Unity member) (calls to order [0], asks 'Mary' to call roll [2], opening statement on 'my tenure as chairman ... before you elected me' [10]; later: 'myself as the SA six chair' [582] listed apart from 'Sarah Lowe from unity'; 'The board six chair ... she's actually from unity' [569]; roll call has Marjorie Erickson present [5]; cluster also carries Cory LeClair, see overrides)",Walk us through it.,Speaker 1,https://reflect-claremont.cablecast.tv/internetchannel/show/9876?site=1&seekto=2615
0:43:35.94,0:43:37.18,2615.94,2617.18,Cory LeClair,"Assistant Superintendent, SAU 6 (acting superintendent designate) (grant work and office capacity [244-262]; presents the interim criteria draft 'to use Marge's term, a straw man' [275-284]; defers 'to Josh' [290]; chair: 'questions for either Corey or Mike?' [264])",Or  so.,Speaker 3,https://reflect-claremont.cablecast.tv/internetchannel/show/9876?site=1&seekto=2615
0:43:39.22,0:43:57.74,2619.22,2637.74,Cory LeClair,"Assistant Superintendent, SAU 6 (acting superintendent designate) (grant work and office capacity [244-262]; presents the interim criteria draft 'to use Marge's term, a straw man' [275-284]; defers 'to Josh' [290]; chair: 'questions for either Corey or Mike?' [264])","I don't remember if we were asked or if we volunteered, but that is neither here nor there  to start to map out what really we need to think about in selecting an interim superintendent. And I'm going to start by saying an interim superintendent. The role and purpose of that person is very different than the role and purpose of the superintendent.",Speaker 3,https://reflect-claremont.cablecast.tv/internetchannel/show/9876?site=1&seekto=2619
0:43:57.74,0:44:21.06,2637.74,2661.06,Cory LeClair,"Assistant Superintendent, SAU 6 (acting superintendent designate) (grant work and office capacity [244-262]; presents the interim criteria draft 'to use Marge's term, a straw man' [275-284]; defers 'to Josh' [290]; chair: 'questions for either Corey or Mike?' [264])","You will be hiring through a thorough vetted process. And so, when you think about what you want in the interim, we're not thinking where we want to be in three years or five years. We're thinking about what do we need in a person to get us through this fiscal year in order to be prepared to welcome in our longer term solution?",Speaker 3,https://reflect-claremont.cablecast.tv/internetchannel/show/9876?site=1&seekto=2637
0:44:21.14,0:44:46.86,2661.14,2686.86,Cory LeClair,"Assistant Superintendent, SAU 6 (acting superintendent designate) (grant work and office capacity [244-262]; presents the interim criteria draft 'to use Marge's term, a straw man' [275-284]; defers 'to Josh' [290]; chair: 'questions for either Corey or Mike?' [264])","So I just want to frame this conversation, through that lens. And so this is, to use Marge's term, a straw man. This is just a brainstorming. Let's get some ideas down on paper of what we need to be considering. There's some some things that each of us are probably more wedded to than others. And so that's certainly something to consider through discussion.",Speaker 3,https://reflect-claremont.cablecast.tv/internetchannel/show/9876?site=1&seekto=2661
0:44:46.98,0:45:10.06,2686.98,2710.06,Cory LeClair,"Assistant Superintendent, SAU 6 (acting superintendent designate) (grant work and office capacity [244-262]; presents the interim criteria draft 'to use Marge's term, a straw man' [275-284]; defers 'to Josh' [290]; chair: 'questions for either Corey or Mike?' [264])","But the primary function is to oversee all organizational departments. It's really the person to be the point in communication and contact with the school boards, collective bargaining units, and parents and community members. That alone will consume a significant amount of time.",Speaker 3,https://reflect-claremont.cablecast.tv/internetchannel/show/9876?site=1&seekto=2686
0:45:10.22,0:45:10.98,2710.22,2710.98,Marjorie Erickson,"SAU 6 Board Chair (Unity member) (calls to order [0], asks 'Mary' to call roll [2], opening statement on 'my tenure as chairman ... before you elected me' [10]; later: 'myself as the SA six chair' [582] listed apart from 'Sarah Lowe from unity'; 'The board six chair ... she's actually from unity' [569]; roll call has Marjorie Erickson present [5]; cluster also carries Cory LeClair, see overrides)",I would say.,Speaker 1,https://reflect-claremont.cablecast.tv/internetchannel/show/9876?site=1&seekto=2710
0:45:11.02,0:45:13.66,2711.02,2713.66,Cory LeClair,"Assistant Superintendent, SAU 6 (acting superintendent designate) (grant work and office capacity [244-262]; presents the interim criteria draft 'to use Marge's term, a straw man' [275-284]; defers 'to Josh' [290]; chair: 'questions for either Corey or Mike?' [264])",Would you concur?,Speaker 3,https://reflect-claremont.cablecast.tv/internetchannel/show/9876?site=1&seekto=2711
0:45:13.74,0:45:15.82,2713.74,2715.82,Unidentified,"Unidentified - cluster mixes short remarks, seconds, 'aye' and recognitions from several voices",Without question.,Speaker 4,https://reflect-claremont.cablecast.tv/internetchannel/show/9876?site=1&seekto=2713
0:45:15.90,0:45:41.30,2715.90,2741.30,Cory LeClair,"Assistant Superintendent, SAU 6 (acting superintendent designate) (grant work and office capacity [244-262]; presents the interim criteria draft 'to use Marge's term, a straw man' [275-284]; defers 'to Josh' [290]; chair: 'questions for either Corey or Mike?' [264])","So dealing with budget process, you know, overseeing budget processes, dealing with grievances and other collective bargaining  issues, dealing with happy and angry families and community members does take a  significant amount of time. Fortunately, thinking about this coming school year, I think we only have one collective bargaining unit. Correct? Requiring negotiation. Every other unit has a year agreement in place.",Speaker 3,https://reflect-claremont.cablecast.tv/internetchannel/show/9876?site=1&seekto=2715
0:45:41.30,0:46:21.02,2741.30,2781.02,Cory LeClair,"Assistant Superintendent, SAU 6 (acting superintendent designate) (grant work and office capacity [244-262]; presents the interim criteria draft 'to use Marge's term, a straw man' [275-284]; defers 'to Josh' [290]; chair: 'questions for either Corey or Mike?' [264])","And so that does take, a significant load of that, burden, for lack of a better descriptor off the plate of this individual. So we started with primary function, moved to characteristics of somebody, and then moved into responsibilities and requirements. And I think that if we tonight could have a discussion around this and what, the board is expecting in this person that will guide the search committee behaviors through that search process.",Speaker 3,https://reflect-claremont.cablecast.tv/internetchannel/show/9876?site=1&seekto=2741
0:46:21.02,0:46:51.15,2781.02,2811.15,Cory LeClair,"Assistant Superintendent, SAU 6 (acting superintendent designate) (grant work and office capacity [244-262]; presents the interim criteria draft 'to use Marge's term, a straw man' [275-284]; defers 'to Josh' [290]; chair: 'questions for either Corey or Mike?' [264])","So once we know what the board expects for criteria for the interim superintendent, that will be the lens through which the search committee will look to sort through applications and then through the interview process and eventually the hiring process. So that's the the the reason we have this in front of us tonight is to clarify that based on board expectations, but then the committee can then carry out the board's wishes in obtaining that next person.",Speaker 3,https://reflect-claremont.cablecast.tv/internetchannel/show/9876?site=1&seekto=2781
0:46:51.23,0:46:52.30,2811.23,2812.30,Unidentified,"Unidentified - cluster mixes short remarks, seconds, 'aye' and recognitions from several voices",The one.,Speaker 4,https://reflect-claremont.cablecast.tv/internetchannel/show/9876?site=1&seekto=2811
0:46:52.38,0:47:24.14,2812.38,2844.14,Steven Horsky,"SAU 6 Board member (Claremont) ('is Steve.' [53] -> [55]; 'Steve.' [299,360,420,647,681] each followed by this cluster; chair 'Steve, if you would make [the motion]' [620] -> [621])","I think this was a great, starting point, the only one that I had question on. And it's kind of more of along the lines of how the board feels. Number ten, in the responsibility of requirements, has them as a neutral third party, and they're not able to apply for the full term, replacement. So is that something we want to include, that they're not able to be the new superintendent of the district or not?",Speaker 8,https://reflect-claremont.cablecast.tv/internetchannel/show/9876?site=1&seekto=2812
0:47:24.22,0:47:25.54,2844.22,2845.54,Marjorie Erickson,"SAU 6 Board Chair (Unity member) (calls to order [0], asks 'Mary' to call roll [2], opening statement on 'my tenure as chairman ... before you elected me' [10]; later: 'myself as the SA six chair' [582] listed apart from 'Sarah Lowe from unity'; 'The board six chair ... she's actually from unity' [569]; roll call has Marjorie Erickson present [5]; cluster also carries Cory LeClair, see overrides)",Frank.,Speaker 1,https://reflect-claremont.cablecast.tv/internetchannel/show/9876?site=1&seekto=2844
0:47:25.62,0:47:35.30,2845.62,2855.30,Frank Sprague,"SAU 6 Board member (Claremont), Claremont School Board Chair ('Frank.' [287] -> [288]; 'did you have something, Frank?' [318] -> [320]; 'Frank.' [347] -> [348]; Pierce: 'What are you saying, Frank?' [552] after [542-546])",Recalling our. Conversations that this person could could become the next superintendent. So I don't that's kind of a departure there from what I thought we talked about.,Speaker 9,https://reflect-claremont.cablecast.tv/internetchannel/show/9876?site=1&seekto=2845
0:47:35.34,0:47:40.66,2855.34,2860.66,Marjorie Erickson,"SAU 6 Board Chair (Unity member) (calls to order [0], asks 'Mary' to call roll [2], opening statement on 'my tenure as chairman ... before you elected me' [10]; later: 'myself as the SA six chair' [582] listed apart from 'Sarah Lowe from unity'; 'The board six chair ... she's actually from unity' [569]; roll call has Marjorie Erickson present [5]; cluster also carries Cory LeClair, see overrides)",But is there any particular reason why that was in there?,Speaker 1,https://reflect-claremont.cablecast.tv/internetchannel/show/9876?site=1&seekto=2855
0:47:40.74,0:47:45.62,2860.74,2865.62,Cory LeClair,"Assistant Superintendent, SAU 6 (acting superintendent designate) (grant work and office capacity [244-262]; presents the interim criteria draft 'to use Marge's term, a straw man' [275-284]; defers 'to Josh' [290]; chair: 'questions for either Corey or Mike?' [264])",I defer to Josh on that one in particular.,Speaker 3,https://reflect-claremont.cablecast.tv/internetchannel/show/9876?site=1&seekto=2860
0:47:45.70,0:47:47.30,2865.70,2867.30,Josh Malloy,"Director of Instructional Technology, SAU 6 (LeClair: 'I defer to Josh on that one' [290] -> 'That one I put in there' [291] continued by this cluster [294-296]; chair lists 'Josh Malloy' [582])",That one I put in there.,Speaker 4,https://reflect-claremont.cablecast.tv/internetchannel/show/9876?site=1&seekto=2865
0:47:47.30,0:47:57.50,2867.30,2877.50,Unidentified,Unidentified - short fragment,And to come up to that.,Speaker 13,https://reflect-claremont.cablecast.tv/internetchannel/show/9876?site=1&seekto=2867
0:47:58.46,0:48:26.90,2878.46,2906.90,Josh Malloy,"Director of Instructional Technology, SAU 6 (LeClair: 'I defer to Josh on that one' [290] -> 'That one I put in there' [291] continued by this cluster [294-296]; chair lists 'Josh Malloy' [582])","That was one of the comments that I put in there. It's one that I pulled up from multiple different job descriptions for interim superintendents. When I talked to some of the people that I know that have dealt with interims in the past, they suggested that having very transparent process where it was clear that this person would be there for a set period of time and then would move on, was something that was needed for the for the district to move on and, and to have a smooth transition from one to the other.",Speaker 14,https://reflect-claremont.cablecast.tv/internetchannel/show/9876?site=1&seekto=2878
0:48:26.98,0:48:47.82,2906.98,2927.82,Josh Malloy,"Director of Instructional Technology, SAU 6 (LeClair: 'I defer to Josh on that one' [290] -> 'That one I put in there' [291] continued by this cluster [294-296]; chair lists 'Josh Malloy' [582])","It's just something that was put on there. If the board feels that that's not the direction that they want to go, that's that's fine. But it was if you want there was a link, in there. So you can pull up the job description where it was listed under the status. So if you see example job description, I think it was shared digitally with you because they were hyperlinks.",Speaker 14,https://reflect-claremont.cablecast.tv/internetchannel/show/9876?site=1&seekto=2906
0:48:47.90,0:49:00.06,2927.90,2940.06,Josh Malloy,"Director of Instructional Technology, SAU 6 (LeClair: 'I defer to Josh on that one' [290] -> 'That one I put in there' [291] continued by this cluster [294-296]; chair lists 'Josh Malloy' [582])","But there is one there called I think it was example job description for interim superintendent. So all the way down at the end of the page, one of the very last statements, status of interim. And it's described in the status of interim section. So.",Speaker 14,https://reflect-claremont.cablecast.tv/internetchannel/show/9876?site=1&seekto=2927
0:49:00.26,0:49:15.74,2940.26,2955.74,Marjorie Erickson,"SAU 6 Board Chair (Unity member) (calls to order [0], asks 'Mary' to call roll [2], opening statement on 'my tenure as chairman ... before you elected me' [10]; later: 'myself as the SA six chair' [582] listed apart from 'Sarah Lowe from unity'; 'The board six chair ... she's actually from unity' [569]; roll call has Marjorie Erickson present [5]; cluster also carries Cory LeClair, see overrides)","So the idea then is to have a really clean transition. I think if we had an interim who was also applying for the job, it starts to get murky. Is my understanding of why that might be in there.",Speaker 1,https://reflect-claremont.cablecast.tv/internetchannel/show/9876?site=1&seekto=2940
0:49:15.82,0:49:29.02,2955.82,2969.02,Michael O'Neill,"Business Administrator, SAU 6 ('Now that Mike's here' [126] before his fund-balance presentation [129-243]; surname per roster and chair's list 'Mike O'Neil from the SA' [582])","And I think it does go to focus in  time on task. And, you know, if they're trying to work to try to get a different job, is that going to affect what they're going to do in the interim? And I don't know, I think that's why that's in there.",Speaker 11,https://reflect-claremont.cablecast.tv/internetchannel/show/9876?site=1&seekto=2955
0:49:29.10,0:49:29.58,2969.10,2969.58,Unidentified,"Unidentified - cluster mixes short remarks, seconds, 'aye' and recognitions from several voices",Steve.,Speaker 4,https://reflect-claremont.cablecast.tv/internetchannel/show/9876?site=1&seekto=2969
0:49:29.66,0:49:32.66,2969.66,2972.66,Steven Horsky,"SAU 6 Board member (Claremont) ('is Steve.' [53] -> [55]; 'Steve.' [299,360,420,647,681] each followed by this cluster; chair 'Steve, if you would make [the motion]' [620] -> [621])","Well, then I guess based off the facts that have been presented on.",Speaker 8,https://reflect-claremont.cablecast.tv/internetchannel/show/9876?site=1&seekto=2969
0:49:32.66,0:49:33.74,2972.66,2973.74,Unidentified,"Unidentified - cluster mixes short remarks, seconds, 'aye' and recognitions from several voices",Okay with in Spain.,Speaker 4,https://reflect-claremont.cablecast.tv/internetchannel/show/9876?site=1&seekto=2972
0:49:33.94,0:49:49.58,2973.94,2989.58,Steven Horsky,"SAU 6 Board member (Claremont) ('is Steve.' [53] -> [55]; 'Steve.' [299,360,420,647,681] each followed by this cluster; chair 'Steve, if you would make [the motion]' [620] -> [621])","It was just something that I know that it discussed that the interim could possibly and I wanted to get a consensus of how the board felt and kind of a consensus that the administration felt. And, you know, I feel confident with it the way it is.",Speaker 8,https://reflect-claremont.cablecast.tv/internetchannel/show/9876?site=1&seekto=2973
0:49:49.66,0:49:52.22,2989.66,2992.22,Cory LeClair,"Assistant Superintendent, SAU 6 (acting superintendent designate) (in chair's cluster: holds NH superintendent certification [467-471], will contact the credentialing office Monday [475], 'Marj. Either you or I' [561], 'you decided on Mike, Josh and myself' [600])",I've worked in a few districts where they've had an interim who then.,Speaker 1,https://reflect-claremont.cablecast.tv/internetchannel/show/9876?site=1&seekto=2989
0:49:52.22,0:49:53.86,2992.22,2993.86,Cory LeClair,"Assistant Superintendent, SAU 6 (acting superintendent designate) (grant work and office capacity [244-262]; presents the interim criteria draft 'to use Marge's term, a straw man' [275-284]; defers 'to Josh' [290]; chair: 'questions for either Corey or Mike?' [264])",Moved into the permanent.,Speaker 3,https://reflect-claremont.cablecast.tv/internetchannel/show/9876?site=1&seekto=2992
0:49:54.06,0:50:01.34,2994.06,3001.34,Cory LeClair,"Assistant Superintendent, SAU 6 (acting superintendent designate) (in chair's cluster: holds NH superintendent certification [467-471], will contact the credentialing office Monday [475], 'Marj. Either you or I' [561], 'you decided on Mike, Josh and myself' [600])",And it is not. Always a very.,Speaker 1,https://reflect-claremont.cablecast.tv/internetchannel/show/9876?site=1&seekto=2994
0:50:01.42,0:50:20.38,3001.42,3020.38,Cory LeClair,"Assistant Superintendent, SAU 6 (acting superintendent designate) (in chair's cluster: holds NH superintendent certification [467-471], will contact the credentialing office Monday [475], 'Marj. Either you or I' [561], 'you decided on Mike, Josh and myself' [600])","It's it's often I don't want to say often, but it can be it can be tricky because when you're in an interim, your job is to sort of keep things even and  keep things running and rolling. And so it's easy for people to assume that that person will behave. And that same way once they're in it.",Speaker 1,https://reflect-claremont.cablecast.tv/internetchannel/show/9876?site=1&seekto=3001
0:50:20.38,0:50:37.22,3020.38,3037.22,Cory LeClair,"Assistant Superintendent, SAU 6 (acting superintendent designate) (in chair's cluster: holds NH superintendent certification [467-471], will contact the credentialing office Monday [475], 'Marj. Either you or I' [561], 'you decided on Mike, Josh and myself' [600])","And it can cause some challenges when that's not the way things go. I don't know if I said that clearly, but no, I agree. I think it's just a cleaner process, a cleaner transition  not to have that happen.",Speaker 1,https://reflect-claremont.cablecast.tv/internetchannel/show/9876?site=1&seekto=3020
0:50:37.30,0:50:39.34,3037.30,3039.34,Unidentified,"Unidentified - cluster mixes short remarks, seconds, 'aye' and recognitions from several voices",I can I make a statement?,Speaker 4,https://reflect-claremont.cablecast.tv/internetchannel/show/9876?site=1&seekto=3037
0:50:39.42,0:50:47.72,3039.42,3047.72,Cory LeClair,"Assistant Superintendent, SAU 6 (acting superintendent designate) (grant work and office capacity [244-262]; presents the interim criteria draft 'to use Marge's term, a straw man' [275-284]; defers 'to Josh' [290]; chair: 'questions for either Corey or Mike?' [264])",Sure.,Speaker 3,https://reflect-claremont.cablecast.tv/internetchannel/show/9876?site=1&seekto=3039
0:50:47.80,0:51:13.04,3047.80,3073.04,Nate,"SAU 6 staff, human resources (chair: 'Yes. Nate.' [355] -> [357-359]; 'Nate.' [387] -> [390]; Department of Labor rules remarks [311]; surname not on this recording)","I just want to caution everyone on the wording of this, the, the, the way it's written at least says they don't have the ability to apply. I think what you want to think about is a nonrenewable contract in terms of the interim position. But this person, you wouldn't you would not be able to prevent them from applying to the full time superintendent position.",Speaker 15,https://reflect-claremont.cablecast.tv/internetchannel/show/9876?site=1&seekto=3047
0:51:13.12,0:51:31.52,3073.12,3091.52,Nate,"SAU 6 staff, human resources (chair: 'Yes. Nate.' [355] -> [357-359]; 'Nate.' [387] -> [390]; Department of Labor rules remarks [311]; surname not on this recording)","So I think what you're talking about is not an automatic bridge here, but, they certainly would be welcome to apply to the superintendent role. So, kind of walking a fine line there, on the Department of Labor rules and discrimination. So, so just be wary of that.",Speaker 15,https://reflect-claremont.cablecast.tv/internetchannel/show/9876?site=1&seekto=3073
0:51:31.56,0:51:46.56,3091.56,3106.56,Marjorie Erickson,"SAU 6 Board Chair (Unity member) (calls to order [0], asks 'Mary' to call roll [2], opening statement on 'my tenure as chairman ... before you elected me' [10]; later: 'myself as the SA six chair' [582] listed apart from 'Sarah Lowe from unity'; 'The board six chair ... she's actually from unity' [569]; roll call has Marjorie Erickson present [5]; cluster also carries Cory LeClair, see overrides)","But if they have a, if, if I understand you correctly and they have a nonrenewable contract, that's just a contract as the interim. So that then affects nothing in the whether they apply or whether we hire them.",Speaker 1,https://reflect-claremont.cablecast.tv/internetchannel/show/9876?site=1&seekto=3091
0:51:46.64,0:51:47.72,3106.64,3107.72,Nate,"SAU 6 staff, human resources (chair: 'Yes. Nate.' [355] -> [357-359]; 'Nate.' [387] -> [390]; Department of Labor rules remarks [311]; surname not on this recording)",Right. It's not renewable.,Speaker 15,https://reflect-claremont.cablecast.tv/internetchannel/show/9876?site=1&seekto=3106
0:51:47.80,0:51:56.88,3107.80,3116.88,Marjorie Erickson,"SAU 6 Board Chair (Unity member) (calls to order [0], asks 'Mary' to call roll [2], opening statement on 'my tenure as chairman ... before you elected me' [10]; later: 'myself as the SA six chair' [582] listed apart from 'Sarah Lowe from unity'; 'The board six chair ... she's actually from unity' [569]; roll call has Marjorie Erickson present [5]; cluster also carries Cory LeClair, see overrides)","Is there anything that we I mean, I'm not sure what we could say then to make that wish.",Speaker 1,https://reflect-claremont.cablecast.tv/internetchannel/show/9876?site=1&seekto=3107
0:51:56.96,0:52:08.84,3116.96,3128.84,Nate,"SAU 6 staff, human resources (chair: 'Yes. Nate.' [355] -> [357-359]; 'Nate.' [387] -> [390]; Department of Labor rules remarks [311]; surname not on this recording)","I think you don't say it. Yeah. I think you don't say it. I think it's a one year interim superintendent position. And they're welcome to apply to the superintendent role, but the best person gets the job, so.",Speaker 15,https://reflect-claremont.cablecast.tv/internetchannel/show/9876?site=1&seekto=3116
0:52:08.88,0:52:17.60,3128.88,3137.60,Marjorie Erickson,"SAU 6 Board Chair (Unity member) (calls to order [0], asks 'Mary' to call roll [2], opening statement on 'my tenure as chairman ... before you elected me' [10]; later: 'myself as the SA six chair' [582] listed apart from 'Sarah Lowe from unity'; 'The board six chair ... she's actually from unity' [569]; roll call has Marjorie Erickson present [5]; cluster also carries Cory LeClair, see overrides)","Okay, maybe that's maybe wording that says something along the lines of will not be given favoritism or something if they choose to apply.",Speaker 1,https://reflect-claremont.cablecast.tv/internetchannel/show/9876?site=1&seekto=3128
0:52:17.76,0:52:38.16,3137.76,3158.16,Nate,"SAU 6 staff, human resources (chair: 'Yes. Nate.' [355] -> [357-359]; 'Nate.' [387] -> [390]; Department of Labor rules remarks [311]; surname not on this recording)","I wouldn't even go there. Just keep it clean. It's simple.  So you're applying for a a position discrete position for one year. And then you'll be posting for another position actually in the short term here. And we start the process. There's nothing to prevent them to be part of that process. And at the end of the at the end of the term, best person wins.",Speaker 15,https://reflect-claremont.cablecast.tv/internetchannel/show/9876?site=1&seekto=3137
0:52:38.16,0:52:40.16,3158.16,3160.16,Marjorie Erickson,"SAU 6 Board Chair (Unity member) (calls to order [0], asks 'Mary' to call roll [2], opening statement on 'my tenure as chairman ... before you elected me' [10]; later: 'myself as the SA six chair' [582] listed apart from 'Sarah Lowe from unity'; 'The board six chair ... she's actually from unity' [569]; roll call has Marjorie Erickson present [5]; cluster also carries Cory LeClair, see overrides)","So did you have something, Frank?",Speaker 1,https://reflect-claremont.cablecast.tv/internetchannel/show/9876?site=1&seekto=3158
0:52:40.20,0:52:40.72,3160.20,3160.72,Unidentified,"Unidentified - cluster mixes short remarks, seconds, 'aye' and recognitions from several voices",I was going to.,Speaker 4,https://reflect-claremont.cablecast.tv/internetchannel/show/9876?site=1&seekto=3160
0:52:40.76,0:52:41.28,3160.76,3161.28,Frank Sprague,"SAU 6 Board member (Claremont), Claremont School Board Chair ('Frank.' [287] -> [288]; 'did you have something, Frank?' [318] -> [320]; 'Frank.' [347] -> [348]; Pierce: 'What are you saying, Frank?' [552] after [542-546])",Wordsmith it.,Speaker 9,https://reflect-claremont.cablecast.tv/internetchannel/show/9876?site=1&seekto=3160
0:52:41.28,0:52:42.48,3161.28,3162.48,Unidentified,"Unidentified - cluster mixes short remarks, seconds, 'aye' and recognitions from several voices",But I like what makes it better.,Speaker 4,https://reflect-claremont.cablecast.tv/internetchannel/show/9876?site=1&seekto=3161
0:52:42.64,0:52:50.68,3162.64,3170.68,Nate,"SAU 6 staff, human resources (chair: 'Yes. Nate.' [355] -> [357-359]; 'Nate.' [387] -> [390]; Department of Labor rules remarks [311]; surname not on this recording)","So yeah, just keep it simple, keep it clean. Think about two different boxes. And you can't close the door in either box. Just think of it that way.",Speaker 15,https://reflect-claremont.cablecast.tv/internetchannel/show/9876?site=1&seekto=3162
0:52:50.72,0:52:51.08,3170.72,3171.08,Unidentified,"Unidentified - cluster mixes short remarks, seconds, 'aye' and recognitions from several voices",Okay.,Speaker 4,https://reflect-claremont.cablecast.tv/internetchannel/show/9876?site=1&seekto=3170
0:52:51.12,0:52:52.68,3171.12,3172.68,Marjorie Erickson,"SAU 6 Board Chair (Unity member) (calls to order [0], asks 'Mary' to call roll [2], opening statement on 'my tenure as chairman ... before you elected me' [10]; later: 'myself as the SA six chair' [582] listed apart from 'Sarah Lowe from unity'; 'The board six chair ... she's actually from unity' [569]; roll call has Marjorie Erickson present [5]; cluster also carries Cory LeClair, see overrides)",So that's good input.,Speaker 1,https://reflect-claremont.cablecast.tv/internetchannel/show/9876?site=1&seekto=3171
0:52:52.84,0:52:53.60,3172.84,3173.60,Nate,"SAU 6 staff, human resources (chair: 'Yes. Nate.' [355] -> [357-359]; 'Nate.' [387] -> [390]; Department of Labor rules remarks [311]; surname not on this recording)",Yeah I just wanted.,Speaker 15,https://reflect-claremont.cablecast.tv/internetchannel/show/9876?site=1&seekto=3172
0:52:53.60,0:52:53.88,3173.60,3173.88,Unidentified,"Unidentified - cluster mixes short remarks, seconds, 'aye' and recognitions from several voices",To.,Speaker 4,https://reflect-claremont.cablecast.tv/internetchannel/show/9876?site=1&seekto=3173
0:52:54.12,0:53:00.00,3174.12,3180.00,Cory LeClair,"Assistant Superintendent, SAU 6 (acting superintendent designate) (grant work and office capacity [244-262]; presents the interim criteria draft 'to use Marge's term, a straw man' [275-284]; defers 'to Josh' [290]; chair: 'questions for either Corey or Mike?' [264])",Is a board willing to consider keeping something around the individual being neutral in.,Speaker 3,https://reflect-claremont.cablecast.tv/internetchannel/show/9876?site=1&seekto=3174
0:53:00.08,0:53:06.56,3180.08,3186.56,Marjorie Erickson,"SAU 6 Board Chair (Unity member) (calls to order [0], asks 'Mary' to call roll [2], opening statement on 'my tenure as chairman ... before you elected me' [10]; later: 'myself as the SA six chair' [582] listed apart from 'Sarah Lowe from unity'; 'The board six chair ... she's actually from unity' [569]; roll call has Marjorie Erickson present [5]; cluster also carries Cory LeClair, see overrides)","Yeah, a neutral party field position which will not be more than one year in length.",Speaker 1,https://reflect-claremont.cablecast.tv/internetchannel/show/9876?site=1&seekto=3180
0:53:06.64,0:53:07.88,3186.64,3187.88,Unidentified,"Unidentified - cluster mixes short remarks, seconds, 'aye' and recognitions from several voices",What does neutral mean?,Speaker 4,https://reflect-claremont.cablecast.tv/internetchannel/show/9876?site=1&seekto=3186
0:53:08.12,0:53:20.61,3188.12,3200.61,Marjorie Erickson,"SAU 6 Board Chair (Unity member) (calls to order [0], asks 'Mary' to call roll [2], opening statement on 'my tenure as chairman ... before you elected me' [10]; later: 'myself as the SA six chair' [582] listed apart from 'Sarah Lowe from unity'; 'The board six chair ... she's actually from unity' [569]; roll call has Marjorie Erickson present [5]; cluster also carries Cory LeClair, see overrides)",I'd like it's up to interpretation. So I'm just wondering if we're taking the whole I'm making edits. That's all I want to make sure I have the correct edits.,Speaker 1,https://reflect-claremont.cablecast.tv/internetchannel/show/9876?site=1&seekto=3188
0:53:20.69,0:53:21.44,3200.69,3201.44,Marjorie Erickson,SAU 6 Board Chair (Unity member) (runs the criteria vote 'I'd like a motion on it ... All those in favor say aye' [502-510] and opens the search-committee item [512]; recognizes 'Michelle.' [448]); Carolyn Towle segments overridden,With that.,Speaker 16,https://reflect-claremont.cablecast.tv/internetchannel/show/9876?site=1&seekto=3200
0:53:21.44,0:53:27.16,3201.44,3207.16,Marjorie Erickson,"SAU 6 Board Chair (Unity member) (calls to order [0], asks 'Mary' to call roll [2], opening statement on 'my tenure as chairman ... before you elected me' [10]; later: 'myself as the SA six chair' [582] listed apart from 'Sarah Lowe from unity'; 'The board six chair ... she's actually from unity' [569]; roll call has Marjorie Erickson present [5]; cluster also carries Cory LeClair, see overrides)",Sometimes I almost think the neutral is separate from.,Speaker 1,https://reflect-claremont.cablecast.tv/internetchannel/show/9876?site=1&seekto=3201
0:53:27.24,0:53:27.84,3207.24,3207.84,Steven Horsky,"SAU 6 Board member (Claremont) ('is Steve.' [53] -> [55]; 'Steve.' [299,360,420,647,681] each followed by this cluster; chair 'Steve, if you would make [the motion]' [620] -> [621])","Yeah, I.",Speaker 8,https://reflect-claremont.cablecast.tv/internetchannel/show/9876?site=1&seekto=3207
0:53:27.92,0:53:28.44,3207.92,3208.44,Marjorie Erickson,"SAU 6 Board Chair (Unity member) (calls to order [0], asks 'Mary' to call roll [2], opening statement on 'my tenure as chairman ... before you elected me' [10]; later: 'myself as the SA six chair' [582] listed apart from 'Sarah Lowe from unity'; 'The board six chair ... she's actually from unity' [569]; roll call has Marjorie Erickson present [5]; cluster also carries Cory LeClair, see overrides)",Think.,Speaker 1,https://reflect-claremont.cablecast.tv/internetchannel/show/9876?site=1&seekto=3207
0:53:28.52,0:53:50.60,3208.52,3230.60,Steven Horsky,"SAU 6 Board member (Claremont) ('is Steve.' [53] -> [55]; 'Steve.' [299,360,420,647,681] each followed by this cluster; chair 'Steve, if you would make [the motion]' [620] -> [621])","The neutral party part I think could technically be dropped. I mean, I think basically the key thing that we want in this is filling a position for which will not be more than one year. And I think that that keeps it nice and clean, as Nate just suggested. And he also brought up a great point with the Department of Labor issue  of saying you can't apply.",Speaker 8,https://reflect-claremont.cablecast.tv/internetchannel/show/9876?site=1&seekto=3208
0:53:50.84,0:54:05.64,3230.84,3245.64,Steven Horsky,"SAU 6 Board member (Claremont) ('is Steve.' [53] -> [55]; 'Steve.' [299,360,420,647,681] each followed by this cluster; chair 'Steve, if you would make [the motion]' [620] -> [621])","Well, yeah, that's a problem.  So, so I think just simplifying it, just to filling a one year position and then include the words that's an, you know, final contract. It's at nonrenewable.",Speaker 8,https://reflect-claremont.cablecast.tv/internetchannel/show/9876?site=1&seekto=3230
0:54:05.72,0:54:07.04,3245.72,3247.04,Marjorie Erickson,"SAU 6 Board Chair (Unity member) (calls to order [0], asks 'Mary' to call roll [2], opening statement on 'my tenure as chairman ... before you elected me' [10]; later: 'myself as the SA six chair' [582] listed apart from 'Sarah Lowe from unity'; 'The board six chair ... she's actually from unity' [569]; roll call has Marjorie Erickson present [5]; cluster also carries Cory LeClair, see overrides)",Carolyn.,Speaker 1,https://reflect-claremont.cablecast.tv/internetchannel/show/9876?site=1&seekto=3245
0:54:07.12,0:54:18.52,3247.12,3258.52,Carolyn Towle,"SAU 6 Board member (Claremont) (chair 'Carolyn.' [337,414,726,751] followed by these segments; Sprague answers 'Miss Carolyn' [479] after [474])","I concur with Steve. I think at this point, maybe if you could reread exactly the way it might read now.",Speaker 17,https://reflect-claremont.cablecast.tv/internetchannel/show/9876?site=1&seekto=3247
0:54:18.60,0:54:38.80,3258.60,3278.80,Marjorie Erickson,"SAU 6 Board Chair (Unity member) (calls to order [0], asks 'Mary' to call roll [2], opening statement on 'my tenure as chairman ... before you elected me' [10]; later: 'myself as the SA six chair' [582] listed apart from 'Sarah Lowe from unity'; 'The board six chair ... she's actually from unity' [569]; roll call has Marjorie Erickson present [5]; cluster also carries Cory LeClair, see overrides)","I have filled a position. Well, I just have filled a position for not more than one year in length. We'll need to wordsmith that. Do you have a cut career? No, I have another question. Okay. And that is play out a scenario where your search process does not yield you the candidate. Yeah. That's what I was gonna ask.",Speaker 1,https://reflect-claremont.cablecast.tv/internetchannel/show/9876?site=1&seekto=3258
0:54:38.84,0:55:03.54,3278.84,3303.54,Marjorie Erickson,"SAU 6 Board Chair (Unity member) (calls to order [0], asks 'Mary' to call roll [2], opening statement on 'my tenure as chairman ... before you elected me' [10]; later: 'myself as the SA six chair' [582] listed apart from 'Sarah Lowe from unity'; 'The board six chair ... she's actually from unity' [569]; roll call has Marjorie Erickson present [5]; cluster also carries Cory LeClair, see overrides)","You want to just remove the item completely, knowing that as a board, your expectation is to find somebody that will fill a year.  Yeah. I'm I'm I'm with you on a little bit of concern at limiting it to a year. I like the idea of a nonrenewable contract, but it not a time limit. I don't I don't know, I,  I'm not saying that a more than one year is preferred.",Speaker 1,https://reflect-claremont.cablecast.tv/internetchannel/show/9876?site=1&seekto=3278
0:55:03.54,0:55:27.06,3303.54,3327.06,Marjorie Erickson,"SAU 6 Board Chair (Unity member) (calls to order [0], asks 'Mary' to call roll [2], opening statement on 'my tenure as chairman ... before you elected me' [10]; later: 'myself as the SA six chair' [582] listed apart from 'Sarah Lowe from unity'; 'The board six chair ... she's actually from unity' [569]; roll call has Marjorie Erickson present [5]; cluster also carries Cory LeClair, see overrides)","I'm just, I'm just wondering what you're looking for. Well, I'm, I'm, I'm a little concerned with saying it will be only for a year, not more than a year, just in case we run into trouble filling the position. But if you run into trouble, you could always had the conversation with the individual to say, would you be willing to extend also, but plan on it to be a year from the onset?",Speaker 1,https://reflect-claremont.cablecast.tv/internetchannel/show/9876?site=1&seekto=3303
0:55:27.14,0:55:30.30,3327.14,3330.30,Marjorie Erickson,"SAU 6 Board Chair (Unity member) (calls to order [0], asks 'Mary' to call roll [2], opening statement on 'my tenure as chairman ... before you elected me' [10]; later: 'myself as the SA six chair' [582] listed apart from 'Sarah Lowe from unity'; 'The board six chair ... she's actually from unity' [569]; roll call has Marjorie Erickson present [5]; cluster also carries Cory LeClair, see overrides)",So do we just remove the line altogether? Michelle.,Speaker 1,https://reflect-claremont.cablecast.tv/internetchannel/show/9876?site=1&seekto=3327
0:55:30.38,0:55:43.58,3330.38,3343.58,Michelle Pierce,SAU 6 Board member (Claremont) (chair 'Michelle.' [342] -> [343-345]; 'Michelle.' [448] -> [449-454]; volunteers for the search committee [541]); Carolyn Towle segments overridden,So I just want to understand Corey is accepting  the immediate term. Acting acting  superintendent until we find a one year tenant.,Speaker 17,https://reflect-claremont.cablecast.tv/internetchannel/show/9876?site=1&seekto=3330
0:55:43.67,0:55:44.34,3343.67,3344.34,Marjorie Erickson,"SAU 6 Board Chair (Unity member) (calls to order [0], asks 'Mary' to call roll [2], opening statement on 'my tenure as chairman ... before you elected me' [10]; later: 'myself as the SA six chair' [582] listed apart from 'Sarah Lowe from unity'; 'The board six chair ... she's actually from unity' [569]; roll call has Marjorie Erickson present [5]; cluster also carries Cory LeClair, see overrides)","Yes, yes.",Speaker 1,https://reflect-claremont.cablecast.tv/internetchannel/show/9876?site=1&seekto=3343
0:55:44.54,0:55:58.30,3344.54,3358.30,Michelle Pierce,SAU 6 Board member (Claremont) (chair 'Michelle.' [342] -> [343-345]; 'Michelle.' [448] -> [449-454]; volunteers for the search committee [541]); Carolyn Towle segments overridden,"And I guess my question is, would Corey be willing to stay in it until we found a fulfillment to replace her instead of a one year in term? And then somebody else?",Speaker 17,https://reflect-claremont.cablecast.tv/internetchannel/show/9876?site=1&seekto=3344
0:55:58.34,0:56:09.62,3358.34,3369.62,Marjorie Erickson,"SAU 6 Board Chair (Unity member) (calls to order [0], asks 'Mary' to call roll [2], opening statement on 'my tenure as chairman ... before you elected me' [10]; later: 'myself as the SA six chair' [582] listed apart from 'Sarah Lowe from unity'; 'The board six chair ... she's actually from unity' [569]; roll call has Marjorie Erickson present [5]; cluster also carries Cory LeClair, see overrides)",We talked about that last time in the snow. She was really clear about that.  And we have a number of applicants for the interim position.,Speaker 1,https://reflect-claremont.cablecast.tv/internetchannel/show/9876?site=1&seekto=3358
0:56:09.70,0:56:10.14,3369.70,3370.14,Unidentified,"Unidentified - cluster mixes short remarks, seconds, 'aye' and recognitions from several voices",Frank.,Speaker 4,https://reflect-claremont.cablecast.tv/internetchannel/show/9876?site=1&seekto=3369
0:56:10.18,0:56:12.06,3370.18,3372.06,Frank Sprague,"SAU 6 Board member (Claremont), Claremont School Board Chair ('Frank.' [287] -> [288]; 'did you have something, Frank?' [318] -> [320]; 'Frank.' [347] -> [348]; Pierce: 'What are you saying, Frank?' [552] after [542-546])",So I like the idea of taking an.,Speaker 9,https://reflect-claremont.cablecast.tv/internetchannel/show/9876?site=1&seekto=3370
0:56:12.06,0:56:13.66,3372.06,3373.66,Unidentified,"Unidentified - cluster mixes short remarks, seconds, 'aye' and recognitions from several voices",Out and then.,Speaker 4,https://reflect-claremont.cablecast.tv/internetchannel/show/9876?site=1&seekto=3372
0:56:13.74,0:56:23.34,3373.74,3383.34,Frank Sprague,"SAU 6 Board member (Claremont), Claremont School Board Chair ('Frank.' [287] -> [288]; 'did you have something, Frank?' [318] -> [320]; 'Frank.' [347] -> [348]; Pierce: 'What are you saying, Frank?' [552] after [542-546])","Maybe putting some sort of what the time frame is sort of in the job, in the job description. You know, we run the ad for the position.",Speaker 9,https://reflect-claremont.cablecast.tv/internetchannel/show/9876?site=1&seekto=3373
0:56:23.42,0:56:26.54,3383.42,3386.54,Marjorie Erickson,"SAU 6 Board Chair (Unity member) (calls to order [0], asks 'Mary' to call roll [2], opening statement on 'my tenure as chairman ... before you elected me' [10]; later: 'myself as the SA six chair' [582] listed apart from 'Sarah Lowe from unity'; 'The board six chair ... she's actually from unity' [569]; roll call has Marjorie Erickson present [5]; cluster also carries Cory LeClair, see overrides)","Well, I think the ad was run with 12 to 24 months.",Speaker 1,https://reflect-claremont.cablecast.tv/internetchannel/show/9876?site=1&seekto=3383
0:56:26.78,0:56:27.14,3386.78,3387.14,Frank Sprague,"SAU 6 Board member (Claremont), Claremont School Board Chair ('Frank.' [287] -> [288]; 'did you have something, Frank?' [318] -> [320]; 'Frank.' [347] -> [348]; Pierce: 'What are you saying, Frank?' [552] after [542-546])",So that's.,Speaker 9,https://reflect-claremont.cablecast.tv/internetchannel/show/9876?site=1&seekto=3386
0:56:27.14,0:56:28.06,3387.14,3388.06,Unidentified,"Unidentified - cluster mixes short remarks, seconds, 'aye' and recognitions from several voices",Another. Starting run.,Speaker 4,https://reflect-claremont.cablecast.tv/internetchannel/show/9876?site=1&seekto=3387
0:56:28.14,0:56:40.54,3388.14,3400.54,Marjorie Erickson,"SAU 6 Board Chair (Unity member) (calls to order [0], asks 'Mary' to call roll [2], opening statement on 'my tenure as chairman ... before you elected me' [10]; later: 'myself as the SA six chair' [582] listed apart from 'Sarah Lowe from unity'; 'The board six chair ... she's actually from unity' [569]; roll call has Marjorie Erickson present [5]; cluster also carries Cory LeClair, see overrides)","Yeah. Sarah. And then Steve, could we  write something as simple as we'll fill the position until such time that a permanent superintendent is hired.",Speaker 1,https://reflect-claremont.cablecast.tv/internetchannel/show/9876?site=1&seekto=3388
0:56:40.62,0:56:42.70,3400.62,3402.70,Marjorie Erickson,"SAU 6 Board Chair (Unity member) (calls to order [0], asks 'Mary' to call roll [2], opening statement on 'my tenure as chairman ... before you elected me' [10]; later: 'myself as the SA six chair' [582] listed apart from 'Sarah Lowe from unity'; 'The board six chair ... she's actually from unity' [569]; roll call has Marjorie Erickson present [5]; cluster also carries Cory LeClair, see overrides)",Then it's. Yes. Nate.,Speaker 1,https://reflect-claremont.cablecast.tv/internetchannel/show/9876?site=1&seekto=3400
0:56:42.78,0:56:44.90,3402.78,3404.90,Unidentified,"Unidentified - cluster mixes short remarks, seconds, 'aye' and recognitions from several voices",Yeah. You have no idea.,Speaker 4,https://reflect-claremont.cablecast.tv/internetchannel/show/9876?site=1&seekto=3402
0:56:44.98,0:56:45.40,3404.98,3405.40,Nate,"SAU 6 staff, human resources (chair: 'Yes. Nate.' [355] -> [357-359]; 'Nate.' [387] -> [390]; Department of Labor rules remarks [311]; surname not on this recording)",It's able.,Speaker 15,https://reflect-claremont.cablecast.tv/internetchannel/show/9876?site=1&seekto=3404
0:56:45.40,0:56:45.98,3405.40,3405.98,Unidentified,"Unidentified - cluster mixes short remarks, seconds, 'aye' and recognitions from several voices",To do about.,Speaker 4,https://reflect-claremont.cablecast.tv/internetchannel/show/9876?site=1&seekto=3405
0:56:46.06,0:57:06.24,3406.06,3426.24,Nate,"SAU 6 staff, human resources (chair: 'Yes. Nate.' [355] -> [357-359]; 'Nate.' [387] -> [390]; Department of Labor rules remarks [311]; surname not on this recording)","Extending, you know, being able to openly extend.",Speaker 15,https://reflect-claremont.cablecast.tv/internetchannel/show/9876?site=1&seekto=3406
0:57:06.32,0:57:06.96,3426.32,3426.96,Marjorie Erickson,"SAU 6 Board Chair (Unity member) (calls to order [0], asks 'Mary' to call roll [2], opening statement on 'my tenure as chairman ... before you elected me' [10]; later: 'myself as the SA six chair' [582] listed apart from 'Sarah Lowe from unity'; 'The board six chair ... she's actually from unity' [569]; roll call has Marjorie Erickson present [5]; cluster also carries Cory LeClair, see overrides)",Steve.,Speaker 1,https://reflect-claremont.cablecast.tv/internetchannel/show/9876?site=1&seekto=3426
0:57:07.08,0:57:07.84,3427.08,3427.84,Unidentified,"Unidentified - cluster mixes short remarks, seconds, 'aye' and recognitions from several voices",If we're gonna.,Speaker 4,https://reflect-claremont.cablecast.tv/internetchannel/show/9876?site=1&seekto=3427
0:57:07.88,0:57:30.36,3427.88,3450.36,Steven Horsky,"SAU 6 Board member (Claremont) ('is Steve.' [53] -> [55]; 'Steve.' [299,360,420,647,681] each followed by this cluster; chair 'Steve, if you would make [the motion]' [620] -> [621])","Make it so that we can,  we know it's going to be a minimum of a year hoping not to exceed two. If we're going to do it with a non-renewal or a renewal clause, I think we should put in kind of bold in there that it would be offered 90 days prior, because we should have a good idea in three months out if we don't have somebody or 60, 60 or 90.",Speaker 8,https://reflect-claremont.cablecast.tv/internetchannel/show/9876?site=1&seekto=3427
0:57:30.40,0:57:31.36,3450.40,3451.36,Unidentified,"Unidentified - cluster mixes short remarks, seconds, 'aye' and recognitions from several voices",Something.,Speaker 4,https://reflect-claremont.cablecast.tv/internetchannel/show/9876?site=1&seekto=3450
0:57:31.44,0:57:40.64,3451.44,3460.64,Steven Horsky,"SAU 6 Board member (Claremont) ('is Steve.' [53] -> [55]; 'Steve.' [299,360,420,647,681] each followed by this cluster; chair 'Steve, if you would make [the motion]' [620] -> [621])","That gives them an advance notice to. So we don't we're not sitting there going, oh no, we don't have an interim because they don't have to come back on a contract for only issuing it a year.",Speaker 8,https://reflect-claremont.cablecast.tv/internetchannel/show/9876?site=1&seekto=3451
0:57:40.72,0:57:46.80,3460.72,3466.80,Marjorie Erickson,"SAU 6 Board Chair (Unity member) (calls to order [0], asks 'Mary' to call roll [2], opening statement on 'my tenure as chairman ... before you elected me' [10]; later: 'myself as the SA six chair' [582] listed apart from 'Sarah Lowe from unity'; 'The board six chair ... she's actually from unity' [569]; roll call has Marjorie Erickson present [5]; cluster also carries Cory LeClair, see overrides)",And I think that might be more like in the contract than in this piece. Does that make.,Speaker 1,https://reflect-claremont.cablecast.tv/internetchannel/show/9876?site=1&seekto=3460
0:57:46.88,0:58:00.40,3466.88,3480.40,Steven Horsky,"SAU 6 Board member (Claremont) ('is Steve.' [53] -> [55]; 'Steve.' [299,360,420,647,681] each followed by this cluster; chair 'Steve, if you would make [the motion]' [620] -> [621])","It if this is what our criteria is, which is kind of what we're using to gauge things, we should kind of post it out there so that they understand it too. I think it should be black and white, not deceptive.",Speaker 8,https://reflect-claremont.cablecast.tv/internetchannel/show/9876?site=1&seekto=3466
0:58:00.48,0:58:04.32,3480.48,3484.32,Steven Horsky,"SAU 6 Board member (Claremont) ('is Steve.' [53] -> [55]; 'Steve.' [299,360,420,647,681] each followed by this cluster; chair 'Steve, if you would make [the motion]' [620] -> [621])",It might broaden or reduce candidates in a way.,Speaker 8,https://reflect-claremont.cablecast.tv/internetchannel/show/9876?site=1&seekto=3480
0:58:04.40,0:58:30.72,3484.40,3510.72,Marjorie Erickson,"SAU 6 Board Chair (Unity member) (calls to order [0], asks 'Mary' to call roll [2], opening statement on 'my tenure as chairman ... before you elected me' [10]; later: 'myself as the SA six chair' [582] listed apart from 'Sarah Lowe from unity'; 'The board six chair ... she's actually from unity' [569]; roll call has Marjorie Erickson present [5]; cluster also carries Cory LeClair, see overrides)","That's separate. Well, I think I think when you're when you're talking to candidates, you want to have a time frame involved. I mean, if, if, if someone that you're, you're talking to can, can only commit one year, that might be a constraint that we can't live with or don't want to live with. So I think we do have to at least have the discussion that it could be more than a year.",Speaker 1,https://reflect-claremont.cablecast.tv/internetchannel/show/9876?site=1&seekto=3484
0:58:30.76,0:58:43.00,3510.76,3523.00,Marjorie Erickson,"SAU 6 Board Chair (Unity member) (calls to order [0], asks 'Mary' to call roll [2], opening statement on 'my tenure as chairman ... before you elected me' [10]; later: 'myself as the SA six chair' [582] listed apart from 'Sarah Lowe from unity'; 'The board six chair ... she's actually from unity' [569]; roll call has Marjorie Erickson present [5]; cluster also carries Cory LeClair, see overrides)",We might want them for more than a year if our search is not successful. Just to broach that subject with perspective.,Speaker 1,https://reflect-claremont.cablecast.tv/internetchannel/show/9876?site=1&seekto=3510
0:58:43.08,0:58:54.02,3523.08,3534.02,Marjorie Erickson,"SAU 6 Board Chair (Unity member) (calls to order [0], asks 'Mary' to call roll [2], opening statement on 'my tenure as chairman ... before you elected me' [10]; later: 'myself as the SA six chair' [582] listed apart from 'Sarah Lowe from unity'; 'The board six chair ... she's actually from unity' [569]; roll call has Marjorie Erickson present [5]; cluster also carries Cory LeClair, see overrides)",I'd hate to get to the end of the year and not have a superintendent and no longer have an interim because they have another commitment. I think that would be trouble.,Speaker 1,https://reflect-claremont.cablecast.tv/internetchannel/show/9876?site=1&seekto=3523
0:58:54.10,0:58:55.66,3534.10,3535.66,Unidentified,"Unidentified - cluster mixes short remarks, seconds, 'aye' and recognitions from several voices",Yeah.,Speaker 4,https://reflect-claremont.cablecast.tv/internetchannel/show/9876?site=1&seekto=3534
0:58:55.74,0:58:58.46,3535.74,3538.46,Unidentified,Unidentified - short remarks and a recognition,So are we suggesting that we add.,Speaker 18,https://reflect-claremont.cablecast.tv/internetchannel/show/9876?site=1&seekto=3535
0:58:58.54,0:59:09.58,3538.54,3549.58,Marjorie Erickson,"SAU 6 Board Chair (Unity member) (calls to order [0], asks 'Mary' to call roll [2], opening statement on 'my tenure as chairman ... before you elected me' [10]; later: 'myself as the SA six chair' [582] listed apart from 'Sarah Lowe from unity'; 'The board six chair ... she's actually from unity' [569]; roll call has Marjorie Erickson present [5]; cluster also carries Cory LeClair, see overrides)","A statement, something along the lines of, you know, one year contract with potential of renewal?",Speaker 1,https://reflect-claremont.cablecast.tv/internetchannel/show/9876?site=1&seekto=3538
0:59:09.66,0:59:10.18,3549.66,3550.18,Marjorie Erickson,"SAU 6 Board Chair (Unity member) (calls to order [0], asks 'Mary' to call roll [2], opening statement on 'my tenure as chairman ... before you elected me' [10]; later: 'myself as the SA six chair' [582] listed apart from 'Sarah Lowe from unity'; 'The board six chair ... she's actually from unity' [569]; roll call has Marjorie Erickson present [5]; cluster also carries Cory LeClair, see overrides)",Yes.,Speaker 1,https://reflect-claremont.cablecast.tv/internetchannel/show/9876?site=1&seekto=3549
0:59:10.30,0:59:18.42,3550.30,3558.42,Michael O'Neill,"Business Administrator, SAU 6 ('Now that Mike's here' [126] before his fund-balance presentation [129-243]; surname per roster and chair's list 'Mike O'Neil from the SA' [582])","In the event that the superintendent search is not yield and acceptable and viable candidate, there's a possibility that the term this could be extended just something of that language.",Speaker 11,https://reflect-claremont.cablecast.tv/internetchannel/show/9876?site=1&seekto=3550
0:59:18.50,0:59:35.54,3558.50,3575.54,Unidentified,"Unidentified - cluster mixes short remarks, seconds, 'aye' and recognitions from several voices",There you go. That makes sense.,Speaker 4,https://reflect-claremont.cablecast.tv/internetchannel/show/9876?site=1&seekto=3558
0:59:35.62,0:59:36.42,3575.62,3576.42,Marjorie Erickson,"SAU 6 Board Chair (Unity member) (calls to order [0], asks 'Mary' to call roll [2], opening statement on 'my tenure as chairman ... before you elected me' [10]; later: 'myself as the SA six chair' [582] listed apart from 'Sarah Lowe from unity'; 'The board six chair ... she's actually from unity' [569]; roll call has Marjorie Erickson present [5]; cluster also carries Cory LeClair, see overrides)",Did you get that?,Speaker 1,https://reflect-claremont.cablecast.tv/internetchannel/show/9876?site=1&seekto=3575
0:59:36.46,0:59:37.54,3576.46,3577.54,Cory LeClair,"Assistant Superintendent, SAU 6 (reads Horsky's handwritten draft he 'hand[ed] over to Corey' [421] aloud [423-432]; certification processing times at the Department of Education [408-413])",I got the first half.,Speaker 19,https://reflect-claremont.cablecast.tv/internetchannel/show/9876?site=1&seekto=3576
0:59:37.58,0:59:59.16,3577.58,3599.16,Marjorie Erickson,"SAU 6 Board Chair (Unity member) (calls to order [0], asks 'Mary' to call roll [2], opening statement on 'my tenure as chairman ... before you elected me' [10]; later: 'myself as the SA six chair' [582] listed apart from 'Sarah Lowe from unity'; 'The board six chair ... she's actually from unity' [569]; roll call has Marjorie Erickson present [5]; cluster also carries Cory LeClair, see overrides)","In the event that a superintendent search does not provide a viable candidate, because we're leaving in the option of renewing possible contract renewal. May may occur with 60 day advance notice or something like that.",Speaker 1,https://reflect-claremont.cablecast.tv/internetchannel/show/9876?site=1&seekto=3577
0:59:59.24,1:00:12.52,3599.24,3612.52,Steven Horsky,"SAU 6 Board member (Claremont) ('is Steve.' [53] -> [55]; 'Steve.' [299,360,420,647,681] each followed by this cluster; chair 'Steve, if you would make [the motion]' [620] -> [621])","I did one really quick, I just put a party field position with a minimum of one year, but up to two years depending upon the successful fullness of the permanent superintendent. Search. Quick. Easy to the point. Black and white.",Speaker 8,https://reflect-claremont.cablecast.tv/internetchannel/show/9876?site=1&seekto=3599
1:00:12.60,1:00:14.00,3612.60,3614.00,Michelle Pierce,SAU 6 Board member (Claremont) (chair 'Michelle.' [342] -> [343-345]; 'Michelle.' [448] -> [449-454]; volunteers for the search committee [541]); Carolyn Towle segments overridden,Can you say that again?,Speaker 17,https://reflect-claremont.cablecast.tv/internetchannel/show/9876?site=1&seekto=3612
1:00:14.04,1:00:15.24,3614.04,3615.24,Unidentified,"Unidentified - cluster mixes short remarks, seconds, 'aye' and recognitions from several voices",This. Yeah.,Speaker 4,https://reflect-claremont.cablecast.tv/internetchannel/show/9876?site=1&seekto=3614
1:00:15.32,1:00:26.52,3615.32,3626.52,Steven Horsky,"SAU 6 Board member (Claremont) ('is Steve.' [53] -> [55]; 'Steve.' [299,360,420,647,681] each followed by this cluster; chair 'Steve, if you would make [the motion]' [620] -> [621])","It's chicken scratch. So I'll try to make sure I get it. Good. A party to fill position with a minimum of one year, but up to two years dependent upon the success of the full time superintendent.",Speaker 8,https://reflect-claremont.cablecast.tv/internetchannel/show/9876?site=1&seekto=3615
1:00:26.52,1:00:28.40,3626.52,3628.40,Unidentified,"Unidentified - cluster mixes short remarks, seconds, 'aye' and recognitions from several voices",Search and.,Speaker 4,https://reflect-claremont.cablecast.tv/internetchannel/show/9876?site=1&seekto=3626
1:00:28.48,1:00:30.08,3628.48,3630.08,Marjorie Erickson,SAU 6 Board Chair (Unity member) (runs the criteria vote 'I'd like a motion on it ... All those in favor say aye' [502-510] and opens the search-committee item [512]; recognizes 'Michelle.' [448]); Carolyn Towle segments overridden,Be up to two years.,Speaker 16,https://reflect-claremont.cablecast.tv/internetchannel/show/9876?site=1&seekto=3628
1:00:30.32,1:00:35.68,3630.32,3635.68,Steven Horsky,"SAU 6 Board member (Claremont) ('is Steve.' [53] -> [55]; 'Steve.' [299,360,420,647,681] each followed by this cluster; chair 'Steve, if you would make [the motion]' [620] -> [621])",Yep. One year by up to. Because you're not going to want an 18 month position.,Speaker 8,https://reflect-claremont.cablecast.tv/internetchannel/show/9876?site=1&seekto=3630
1:00:35.76,1:00:36.52,3635.76,3636.52,Unidentified,Unidentified - short remarks and a recognition,Nate.,Speaker 18,https://reflect-claremont.cablecast.tv/internetchannel/show/9876?site=1&seekto=3635
1:00:36.60,1:00:44.12,3636.60,3644.12,Marjorie Erickson,"SAU 6 Board Chair (Unity member) (calls to order [0], asks 'Mary' to call roll [2], opening statement on 'my tenure as chairman ... before you elected me' [10]; later: 'myself as the SA six chair' [582] listed apart from 'Sarah Lowe from unity'; 'The board six chair ... she's actually from unity' [569]; roll call has Marjorie Erickson present [5]; cluster also carries Cory LeClair, see overrides)",You have a comment on this I can see.,Speaker 1,https://reflect-claremont.cablecast.tv/internetchannel/show/9876?site=1&seekto=3636
1:00:44.20,1:00:44.52,3644.20,3644.52,Unidentified,"Unidentified - cluster mixes short remarks, seconds, 'aye' and recognitions from several voices",This is.,Speaker 4,https://reflect-claremont.cablecast.tv/internetchannel/show/9876?site=1&seekto=3644
1:00:44.52,1:01:02.20,3644.52,3662.20,Nate,"SAU 6 staff, human resources (chair: 'Yes. Nate.' [355] -> [357-359]; 'Nate.' [387] -> [390]; Department of Labor rules remarks [311]; surname not on this recording)","The farmer. I look up at the best interests of the district and the best interests of those that are going to be joining us. Just real quick, I the one year thing, we have to also just semantics really, but, we're down to maybe even specifying after July 1st. That is for the duration of the school year.",Speaker 15,https://reflect-claremont.cablecast.tv/internetchannel/show/9876?site=1&seekto=3644
1:01:02.28,1:01:11.80,3662.28,3671.80,Nate,"SAU 6 staff, human resources (chair: 'Yes. Nate.' [355] -> [357-359]; 'Nate.' [387] -> [390]; Department of Labor rules remarks [311]; surname not on this recording)","In order to end on June 30th, one year implies 12 months, which puts us out into the next into next fiscal year. So something to think about.",Speaker 15,https://reflect-claremont.cablecast.tv/internetchannel/show/9876?site=1&seekto=3662
1:01:11.88,1:01:22.32,3671.88,3682.32,Marjorie Erickson,"SAU 6 Board Chair (Unity member) (calls to order [0], asks 'Mary' to call roll [2], opening statement on 'my tenure as chairman ... before you elected me' [10]; later: 'myself as the SA six chair' [582] listed apart from 'Sarah Lowe from unity'; 'The board six chair ... she's actually from unity' [569]; roll call has Marjorie Erickson present [5]; cluster also carries Cory LeClair, see overrides)","Well taken, because we're looking to have a new superintendent by July 1st and the interim won't be here till August. So it will not be a year. So yes. Good thought.",Speaker 1,https://reflect-claremont.cablecast.tv/internetchannel/show/9876?site=1&seekto=3671
1:01:22.40,1:01:23.24,3682.40,3683.24,Unidentified,"Unidentified - cluster mixes short remarks, seconds, 'aye' and recognitions from several voices",19 school year.,Speaker 4,https://reflect-claremont.cablecast.tv/internetchannel/show/9876?site=1&seekto=3682
1:01:23.28,1:01:25.20,3683.28,3685.20,Marjorie Erickson,"SAU 6 Board Chair (Unity member) (calls to order [0], asks 'Mary' to call roll [2], opening statement on 'my tenure as chairman ... before you elected me' [10]; later: 'myself as the SA six chair' [582] listed apart from 'Sarah Lowe from unity'; 'The board six chair ... she's actually from unity' [569]; roll call has Marjorie Erickson present [5]; cluster also carries Cory LeClair, see overrides)","Yes. No, I like that wording.",Speaker 1,https://reflect-claremont.cablecast.tv/internetchannel/show/9876?site=1&seekto=3683
1:01:25.36,1:01:47.28,3685.36,3707.28,Nate,"SAU 6 staff, human resources (chair: 'Yes. Nate.' [355] -> [357-359]; 'Nate.' [387] -> [390]; Department of Labor rules remarks [311]; surname not on this recording)","And all of this too is, you know, a little bit of marketing too. So in terms of how we, how we design and frame this and  recruiting, because another option is to do, you know, month to month, but that sometimes becomes less appealing. But just something to think about to. So but really we're trying to answer those simple questions, right?",Speaker 15,https://reflect-claremont.cablecast.tv/internetchannel/show/9876?site=1&seekto=3685
1:01:47.36,1:02:05.32,3707.36,3725.32,Nate,"SAU 6 staff, human resources (chair: 'Yes. Nate.' [355] -> [357-359]; 'Nate.' [387] -> [390]; Department of Labor rules remarks [311]; surname not on this recording)","They're going to be in an interview and they're going to say, hey, look, how long is the duration? Well, the duration is about a year. The ends on June 30th. Okay. What happens if you don't hire a new superintendent? So what's our response to that? And then all the hypothetical questions that we can brainstorm and that that will shape that'll basically shapes what you're looking for.",Speaker 15,https://reflect-claremont.cablecast.tv/internetchannel/show/9876?site=1&seekto=3707
1:02:05.52,1:02:19.60,3725.52,3739.60,Marjorie Erickson,"SAU 6 Board Chair (Unity member) (calls to order [0], asks 'Mary' to call roll [2], opening statement on 'my tenure as chairman ... before you elected me' [10]; later: 'myself as the SA six chair' [582] listed apart from 'Sarah Lowe from unity'; 'The board six chair ... she's actually from unity' [569]; roll call has Marjorie Erickson present [5]; cluster also carries Cory LeClair, see overrides)","But it's good to have the language ahead of time  so that we are all on the same page during the search and interview process. Yeah, yeah. So good. So thank you for those words. I just wanted.",Speaker 1,https://reflect-claremont.cablecast.tv/internetchannel/show/9876?site=1&seekto=3725
1:02:19.60,1:02:21.24,3739.60,3741.24,Unidentified,Unidentified - short remarks and a recognition,To add I like that number.,Speaker 18,https://reflect-claremont.cablecast.tv/internetchannel/show/9876?site=1&seekto=3739
1:02:21.24,1:02:42.08,3741.24,3762.08,Marjorie Erickson,"SAU 6 Board Chair (Unity member) (calls to order [0], asks 'Mary' to call roll [2], opening statement on 'my tenure as chairman ... before you elected me' [10]; later: 'myself as the SA six chair' [582] listed apart from 'Sarah Lowe from unity'; 'The board six chair ... she's actually from unity' [569]; roll call has Marjorie Erickson present [5]; cluster also carries Cory LeClair, see overrides)","Two has an experienced New Hampshire superintendent. I think that's important to have someone who's got experience as a superintendent here. And not just in other states, just because the rules and laws are very different. We need to have somebody come on board very quickly and up to speed. It doesn't have a big learning curve, right? We don't technically.",Speaker 1,https://reflect-claremont.cablecast.tv/internetchannel/show/9876?site=1&seekto=3741
1:02:42.08,1:02:50.04,3762.08,3770.04,Cory LeClair,"Assistant Superintendent, SAU 6 (reads Horsky's handwritten draft he 'hand[ed] over to Corey' [421] aloud [423-432]; certification processing times at the Department of Education [408-413])",Have written on here the certification of valid New Hampshire certification.,Speaker 19,https://reflect-claremont.cablecast.tv/internetchannel/show/9876?site=1&seekto=3762
1:02:50.12,1:02:53.76,3770.12,3773.76,Marjorie Erickson,SAU 6 Board Chair (Unity member) (runs the criteria vote 'I'd like a motion on it ... All those in favor say aye' [502-510] and opens the search-committee item [512]; recognizes 'Michelle.' [448]); Carolyn Towle segments overridden,We've already talked about that issue to.,Speaker 16,https://reflect-claremont.cablecast.tv/internetchannel/show/9876?site=1&seekto=3770
1:02:53.84,1:02:54.60,3773.84,3774.60,Cory LeClair,"Assistant Superintendent, SAU 6 (reads Horsky's handwritten draft he 'hand[ed] over to Corey' [421] aloud [423-432]; certification processing times at the Department of Education [408-413])",So we may.,Speaker 19,https://reflect-claremont.cablecast.tv/internetchannel/show/9876?site=1&seekto=3773
1:02:54.64,1:03:00.00,3774.64,3780.00,Marjorie Erickson,"SAU 6 Board Chair (Unity member) (calls to order [0], asks 'Mary' to call roll [2], opening statement on 'my tenure as chairman ... before you elected me' [10]; later: 'myself as the SA six chair' [582] listed apart from 'Sarah Lowe from unity'; 'The board six chair ... she's actually from unity' [569]; roll call has Marjorie Erickson present [5]; cluster also carries Cory LeClair, see overrides)",Want yeah I think we need to have that experience because otherwise there's.,Speaker 1,https://reflect-claremont.cablecast.tv/internetchannel/show/9876?site=1&seekto=3774
1:03:00.08,1:03:03.48,3780.08,3783.48,Cory LeClair,"Assistant Superintendent, SAU 6 (reads Horsky's handwritten draft he 'hand[ed] over to Corey' [421] aloud [423-432]; certification processing times at the Department of Education [408-413])",With valid New Hampshire certification.,Speaker 19,https://reflect-claremont.cablecast.tv/internetchannel/show/9876?site=1&seekto=3780
1:03:03.56,1:03:05.20,3783.56,3785.20,Marjorie Erickson,"SAU 6 Board Chair (Unity member) (calls to order [0], asks 'Mary' to call roll [2], opening statement on 'my tenure as chairman ... before you elected me' [10]; later: 'myself as the SA six chair' [582] listed apart from 'Sarah Lowe from unity'; 'The board six chair ... she's actually from unity' [569]; roll call has Marjorie Erickson present [5]; cluster also carries Cory LeClair, see overrides)",Yes.,Speaker 1,https://reflect-claremont.cablecast.tv/internetchannel/show/9876?site=1&seekto=3783
1:03:05.28,1:03:06.56,3785.28,3786.56,Unidentified,"Unidentified - cluster mixes short remarks, seconds, 'aye' and recognitions from several voices",Or ability to obtain.,Speaker 4,https://reflect-claremont.cablecast.tv/internetchannel/show/9876?site=1&seekto=3785
1:03:06.64,1:03:09.44,3786.64,3789.44,Marjorie Erickson,"SAU 6 Board Chair (Unity member) (calls to order [0], asks 'Mary' to call roll [2], opening statement on 'my tenure as chairman ... before you elected me' [10]; later: 'myself as the SA six chair' [582] listed apart from 'Sarah Lowe from unity'; 'The board six chair ... she's actually from unity' [569]; roll call has Marjorie Erickson present [5]; cluster also carries Cory LeClair, see overrides)","No, no.",Speaker 1,https://reflect-claremont.cablecast.tv/internetchannel/show/9876?site=1&seekto=3786
1:03:09.52,1:03:18.56,3789.52,3798.56,Cory LeClair,"Assistant Superintendent, SAU 6 (reads Horsky's handwritten draft he 'hand[ed] over to Corey' [421] aloud [423-432]; certification processing times at the Department of Education [408-413])","My only caution with ability to obtain is there's a I mean, you're looking for to six months and.",Speaker 19,https://reflect-claremont.cablecast.tv/internetchannel/show/9876?site=1&seekto=3789
1:03:18.64,1:03:19.05,3798.64,3799.05,Marjorie Erickson,"SAU 6 Board Chair (Unity member) (calls to order [0], asks 'Mary' to call roll [2], opening statement on 'my tenure as chairman ... before you elected me' [10]; later: 'myself as the SA six chair' [582] listed apart from 'Sarah Lowe from unity'; 'The board six chair ... she's actually from unity' [569]; roll call has Marjorie Erickson present [5]; cluster also carries Cory LeClair, see overrides)",Yeah.,Speaker 1,https://reflect-claremont.cablecast.tv/internetchannel/show/9876?site=1&seekto=3798
1:03:19.16,1:03:35.96,3799.16,3815.96,Cory LeClair,"Assistant Superintendent, SAU 6 (reads Horsky's handwritten draft he 'hand[ed] over to Corey' [421] aloud [423-432]; certification processing times at the Department of Education [408-413])","Based on the, the that particular department within the Department of Ed has scaled back significantly. And it's taking, it's taking 4 to 6 months for certificates to be issued. So it's lengthy.",Speaker 19,https://reflect-claremont.cablecast.tv/internetchannel/show/9876?site=1&seekto=3799
1:03:36.16,1:03:37.24,3816.16,3817.24,Frank Sprague,"SAU 6 Board member (Claremont), Claremont School Board Chair ('Frank.' [287] -> [288]; 'did you have something, Frank?' [318] -> [320]; 'Frank.' [347] -> [348]; Pierce: 'What are you saying, Frank?' [552] after [542-546])",And certification is.,Speaker 9,https://reflect-claremont.cablecast.tv/internetchannel/show/9876?site=1&seekto=3816
1:03:37.24,1:03:42.72,3817.24,3822.72,Unidentified,"Unidentified - cluster mixes short remarks, seconds, 'aye' and recognitions from several voices",Required for any.,Speaker 4,https://reflect-claremont.cablecast.tv/internetchannel/show/9876?site=1&seekto=3817
1:03:42.80,1:04:02.44,3822.80,3842.44,Cory LeClair,"Assistant Superintendent, SAU 6 (reads Horsky's handwritten draft he 'hand[ed] over to Corey' [421] aloud [423-432]; certification processing times at the Department of Education [408-413])","I can't speak to whether or not certification is required for an interim. However, I can speak to the fact that we are required to have a superintendent who is certified in order to sign off on on these things, so I don't know if I can find out.",Speaker 19,https://reflect-claremont.cablecast.tv/internetchannel/show/9876?site=1&seekto=3822
1:04:02.52,1:04:03.88,3842.52,3843.88,Marjorie Erickson,"SAU 6 Board Chair (Unity member) (calls to order [0], asks 'Mary' to call roll [2], opening statement on 'my tenure as chairman ... before you elected me' [10]; later: 'myself as the SA six chair' [582] listed apart from 'Sarah Lowe from unity'; 'The board six chair ... she's actually from unity' [569]; roll call has Marjorie Erickson present [5]; cluster also carries Cory LeClair, see overrides)",Carolyn.,Speaker 1,https://reflect-claremont.cablecast.tv/internetchannel/show/9876?site=1&seekto=3842
1:04:03.96,1:04:06.84,3843.96,3846.84,Carolyn Towle,"SAU 6 Board member (Claremont) (chair 'Carolyn.' [337,414,726,751] followed by these segments; Sprague answers 'Miss Carolyn' [479] after [474])",We had this discussion about certification.,Speaker 16,https://reflect-claremont.cablecast.tv/internetchannel/show/9876?site=1&seekto=3843
1:04:06.84,1:04:09.48,3846.84,3849.48,Carolyn Towle,"SAU 6 Board member (Claremont) (chair 'Carolyn.' [337,414,726,751] followed by these segments; Sprague answers 'Miss Carolyn' [479] after [474])",Already. And it was agreed.,Speaker 17,https://reflect-claremont.cablecast.tv/internetchannel/show/9876?site=1&seekto=3846
1:04:09.48,1:04:11.36,3849.48,3851.36,Carolyn Towle,"SAU 6 Board member (Claremont) (chair 'Carolyn.' [337,414,726,751] followed by these segments; Sprague answers 'Miss Carolyn' [479] after [474])","That, yes.",Speaker 16,https://reflect-claremont.cablecast.tv/internetchannel/show/9876?site=1&seekto=3849
1:04:11.44,1:04:11.88,3851.44,3851.88,Marjorie Erickson,"SAU 6 Board Chair (Unity member) (calls to order [0], asks 'Mary' to call roll [2], opening statement on 'my tenure as chairman ... before you elected me' [10]; later: 'myself as the SA six chair' [582] listed apart from 'Sarah Lowe from unity'; 'The board six chair ... she's actually from unity' [569]; roll call has Marjorie Erickson present [5]; cluster also carries Cory LeClair, see overrides)",That would.,Speaker 1,https://reflect-claremont.cablecast.tv/internetchannel/show/9876?site=1&seekto=3851
1:04:11.88,1:04:13.32,3851.88,3853.32,Carolyn Towle,"SAU 6 Board member (Claremont) (chair 'Carolyn.' [337,414,726,751] followed by these segments; Sprague answers 'Miss Carolyn' [479] after [474])",Have to happen.,Speaker 16,https://reflect-claremont.cablecast.tv/internetchannel/show/9876?site=1&seekto=3851
1:04:13.40,1:04:21.80,3853.40,3861.80,Marjorie Erickson,"SAU 6 Board Chair (Unity member) (calls to order [0], asks 'Mary' to call roll [2], opening statement on 'my tenure as chairman ... before you elected me' [10]; later: 'myself as the SA six chair' [582] listed apart from 'Sarah Lowe from unity'; 'The board six chair ... she's actually from unity' [569]; roll call has Marjorie Erickson present [5]; cluster also carries Cory LeClair, see overrides)","That is certainly what we had wanted to happen. And I think we have applicants, hopefully, who have that. Steve.",Speaker 1,https://reflect-claremont.cablecast.tv/internetchannel/show/9876?site=1&seekto=3853
1:04:21.92,1:04:36.89,3861.92,3876.89,Steven Horsky,"SAU 6 Board member (Claremont) ('is Steve.' [53] -> [55]; 'Steve.' [299,360,420,647,681] each followed by this cluster; chair 'Steve, if you would make [the motion]' [620] -> [621])","Just so everybody's aware, I did hand another handwritten draft over to Corey that slightly worded differently, that maybe could, seek everybody's approval because I think it handled everything that we just discussed.",Speaker 8,https://reflect-claremont.cablecast.tv/internetchannel/show/9876?site=1&seekto=3861
1:04:36.97,1:04:38.20,3876.97,3878.20,Unidentified,Unidentified - one short remark,"Oh, I hope so.",Speaker 20,https://reflect-claremont.cablecast.tv/internetchannel/show/9876?site=1&seekto=3876
1:04:38.36,1:04:57.90,3878.36,3897.90,Cory LeClair,"Assistant Superintendent, SAU 6 (reads Horsky's handwritten draft he 'hand[ed] over to Corey' [421] aloud [423-432]; certification processing times at the Department of Education [408-413])","A party to fill position from higher date to June 30th, 2019. And in the event of an unsuccessful search, this position could terminate June 30th, 2020.",Speaker 19,https://reflect-claremont.cablecast.tv/internetchannel/show/9876?site=1&seekto=3878
1:04:57.98,1:04:59.38,3897.98,3899.38,Cory LeClair,"Assistant Superintendent, SAU 6 (reads Horsky's handwritten draft he 'hand[ed] over to Corey' [421] aloud [423-432]; certification processing times at the Department of Education [408-413])",And I would.,Speaker 19,https://reflect-claremont.cablecast.tv/internetchannel/show/9876?site=1&seekto=3897
1:04:59.38,1:05:00.50,3899.38,3900.50,Marjorie Erickson,"SAU 6 Board Chair (Unity member) (calls to order [0], asks 'Mary' to call roll [2], opening statement on 'my tenure as chairman ... before you elected me' [10]; later: 'myself as the SA six chair' [582] listed apart from 'Sarah Lowe from unity'; 'The board six chair ... she's actually from unity' [569]; roll call has Marjorie Erickson present [5]; cluster also carries Cory LeClair, see overrides)",Say extended.,Speaker 1,https://reflect-claremont.cablecast.tv/internetchannel/show/9876?site=1&seekto=3899
1:05:00.54,1:05:01.42,3900.54,3901.42,Unidentified,"Unidentified - cluster mixes short remarks, seconds, 'aye' and recognitions from several voices","I like that, as I.",Speaker 4,https://reflect-claremont.cablecast.tv/internetchannel/show/9876?site=1&seekto=3900
1:05:01.42,1:05:04.78,3901.42,3904.78,Marjorie Erickson,"SAU 6 Board Chair (Unity member) (calls to order [0], asks 'Mary' to call roll [2], opening statement on 'my tenure as chairman ... before you elected me' [10]; later: 'myself as the SA six chair' [582] listed apart from 'Sarah Lowe from unity'; 'The board six chair ... she's actually from unity' [569]; roll call has Marjorie Erickson present [5]; cluster also carries Cory LeClair, see overrides)","Said, with the option to extend to 2020.",Speaker 1,https://reflect-claremont.cablecast.tv/internetchannel/show/9876?site=1&seekto=3901
1:05:04.82,1:05:05.26,3904.82,3905.26,Steven Horsky,"SAU 6 Board member (Claremont) ('is Steve.' [53] -> [55]; 'Steve.' [299,360,420,647,681] each followed by this cluster; chair 'Steve, if you would make [the motion]' [620] -> [621])",There we go.,Speaker 8,https://reflect-claremont.cablecast.tv/internetchannel/show/9876?site=1&seekto=3904
1:05:05.30,1:05:06.18,3905.30,3906.18,Unidentified,"Unidentified - cluster mixes short remarks, seconds, 'aye' and recognitions from several voices",Perfect.,Speaker 4,https://reflect-claremont.cablecast.tv/internetchannel/show/9876?site=1&seekto=3905
1:05:06.26,1:05:09.02,3906.26,3909.02,Marjorie Erickson,"SAU 6 Board Chair (Unity member) (calls to order [0], asks 'Mary' to call roll [2], opening statement on 'my tenure as chairman ... before you elected me' [10]; later: 'myself as the SA six chair' [582] listed apart from 'Sarah Lowe from unity'; 'The board six chair ... she's actually from unity' [569]; roll call has Marjorie Erickson present [5]; cluster also carries Cory LeClair, see overrides)","Be enough heads and we have a great,  great.",Speaker 1,https://reflect-claremont.cablecast.tv/internetchannel/show/9876?site=1&seekto=3906
1:05:09.06,1:05:14.22,3909.06,3914.22,Cory LeClair,"Assistant Superintendent, SAU 6 (reads Horsky's handwritten draft he 'hand[ed] over to Corey' [421] aloud [423-432]; certification processing times at the Department of Education [408-413])","How about, if it says a party to fill?",Speaker 19,https://reflect-claremont.cablecast.tv/internetchannel/show/9876?site=1&seekto=3909
1:05:14.30,1:05:25.66,3914.30,3925.66,Cory LeClair,"Assistant Superintendent, SAU 6 (reads Horsky's handwritten draft he 'hand[ed] over to Corey' [421] aloud [423-432]; certification processing times at the Department of Education [408-413])","The superintendent position from higher date to June 30th, 2019, with the option to extend just.",Speaker 19,https://reflect-claremont.cablecast.tv/internetchannel/show/9876?site=1&seekto=3914
1:05:25.66,1:05:33.66,3925.66,3933.66,Marjorie Erickson,"SAU 6 Board Chair (Unity member) (calls to order [0], asks 'Mary' to call roll [2], opening statement on 'my tenure as chairman ... before you elected me' [10]; later: 'myself as the SA six chair' [582] listed apart from 'Sarah Lowe from unity'; 'The board six chair ... she's actually from unity' [569]; roll call has Marjorie Erickson present [5]; cluster also carries Cory LeClair, see overrides)","Period as needed? Yeah, yeah, just with the option to extend. Do you want me to read it again? Are you good?",Speaker 1,https://reflect-claremont.cablecast.tv/internetchannel/show/9876?site=1&seekto=3925
1:05:33.74,1:05:37.38,3933.74,3937.38,Unidentified,"Unidentified - cluster mixes short remarks, seconds, 'aye' and recognitions from several voices",It's good okay.,Speaker 4,https://reflect-claremont.cablecast.tv/internetchannel/show/9876?site=1&seekto=3933
1:05:37.46,1:05:48.54,3937.46,3948.54,Marjorie Erickson,"SAU 6 Board Chair (Unity member) (calls to order [0], asks 'Mary' to call roll [2], opening statement on 'my tenure as chairman ... before you elected me' [10]; later: 'myself as the SA six chair' [582] listed apart from 'Sarah Lowe from unity'; 'The board six chair ... she's actually from unity' [569]; roll call has Marjorie Erickson present [5]; cluster also carries Cory LeClair, see overrides)",So that's removing x  ten and adding that in its place correct. Yes.,Speaker 1,https://reflect-claremont.cablecast.tv/internetchannel/show/9876?site=1&seekto=3937
1:05:48.62,1:05:50.98,3948.62,3950.98,Unidentified,"Unidentified - cluster mixes short remarks, seconds, 'aye' and recognitions from several voices",Yes.,Speaker 4,https://reflect-claremont.cablecast.tv/internetchannel/show/9876?site=1&seekto=3948
1:05:51.06,1:06:10.78,3951.06,3970.78,Marjorie Erickson,"SAU 6 Board Chair (Unity member) (calls to order [0], asks 'Mary' to call roll [2], opening statement on 'my tenure as chairman ... before you elected me' [10]; later: 'myself as the SA six chair' [582] listed apart from 'Sarah Lowe from unity'; 'The board six chair ... she's actually from unity' [569]; roll call has Marjorie Erickson present [5]; cluster also carries Cory LeClair, see overrides)",And then you've added valid New Hampshire superintendent certification to number two. That's a discussion on the table. I don't know if you I think experience New Hampshire superintendent with with current valid New Hampshire certification.,Speaker 1,https://reflect-claremont.cablecast.tv/internetchannel/show/9876?site=1&seekto=3951
1:06:10.86,1:06:33.70,3970.86,3993.70,Steven Horsky,"SAU 6 Board member (Claremont) ('is Steve.' [53] -> [55]; 'Steve.' [299,360,420,647,681] each followed by this cluster; chair 'Steve, if you would make [the motion]' [620] -> [621])","Does that limit it takes a few months to get the certification as my understanding correct. Now we have somebody that kind is certified to be superintendent. So my question is, is are we shortening or  restricting  our interim search too much? If they can get the certification.",Speaker 8,https://reflect-claremont.cablecast.tv/internetchannel/show/9876?site=1&seekto=3970
1:06:33.70,1:07:00.10,3993.70,4020.10,Cory LeClair,"Assistant Superintendent, SAU 6 (acting superintendent designate) (in chair's cluster: holds NH superintendent certification [467-471], will contact the credentialing office Monday [475], 'Marj. Either you or I' [561], 'you decided on Mike, Josh and myself' [600])","They won't be able to start until they have that certification. So for example, I'm a speech pathologist. When I moved here from another state, I couldn't walk in the door and start working until I had that certification and was able to hand it to the school. So there's some options. They would need a they would need a statement of eligibility.",Speaker 1,https://reflect-claremont.cablecast.tv/internetchannel/show/9876?site=1&seekto=3993
1:07:00.18,1:07:11.94,4020.18,4031.94,Cory LeClair,"Assistant Superintendent, SAU 6 (acting superintendent designate) (in chair's cluster: holds NH superintendent certification [467-471], will contact the credentialing office Monday [475], 'Marj. Either you or I' [561], 'you decided on Mike, Josh and myself' [600])",Can I look into that just so I can provide you with the with an accurate response around certification.,Speaker 1,https://reflect-claremont.cablecast.tv/internetchannel/show/9876?site=1&seekto=4020
1:07:12.02,1:07:33.18,4032.02,4053.18,Cory LeClair,"Assistant Superintendent, SAU 6 (acting superintendent designate) (in chair's cluster: holds NH superintendent certification [467-471], will contact the credentialing office Monday [475], 'Marj. Either you or I' [561], 'you decided on Mike, Josh and myself' [600])","My personal opinion that I'll just put on the table is that they should have the New Hampshire certification, but I can but that's just my opinion and it's not up to me. It's up to you. But I if you don't mind, I'd like to look into that and connect with the Department of Ed credentialing office on Monday morning and just confirm what we need in that position.",Speaker 1,https://reflect-claremont.cablecast.tv/internetchannel/show/9876?site=1&seekto=4032
1:07:33.26,1:07:33.90,4053.26,4053.90,Unidentified,"Unidentified - cluster mixes short remarks, seconds, 'aye' and recognitions from several voices",I believe.,Speaker 4,https://reflect-claremont.cablecast.tv/internetchannel/show/9876?site=1&seekto=4053
1:07:33.90,1:07:40.02,4053.90,4060.02,Michael O'Neill,"Business Administrator, SAU 6 ('Now that Mike's here' [126] before his fund-balance presentation [129-243]; surname per roster and chair's list 'Mike O'Neil from the SA' [582])","You're correct in assuming it needs to be, because I had spoken to a few people over the past couple of weeks, and they indicated that they would need to be certified.",Speaker 11,https://reflect-claremont.cablecast.tv/internetchannel/show/9876?site=1&seekto=4053
1:07:40.02,1:07:43.34,4060.02,4063.34,Marjorie Erickson,SAU 6 Board Chair (Unity member) (runs the criteria vote 'I'd like a motion on it ... All those in favor say aye' [502-510] and opens the search-committee item [512]; recognizes 'Michelle.' [448]); Carolyn Towle segments overridden,So can you say that just a little?,Speaker 16,https://reflect-claremont.cablecast.tv/internetchannel/show/9876?site=1&seekto=4060
1:07:43.46,1:07:55.10,4063.46,4075.10,Michael O'Neill,"Business Administrator, SAU 6 ('Now that Mike's here' [126] before his fund-balance presentation [129-243]; surname per roster and chair's list 'Mike O'Neil from the SA' [582])","Spoke to a couple of people over the past couple of weeks that are superintendents currently or recently retired, and they did indicate that you would need because one of them certification was going to run out on June 30th. And he said that he would not be able to apply because of that.",Speaker 11,https://reflect-claremont.cablecast.tv/internetchannel/show/9876?site=1&seekto=4063
1:07:55.18,1:07:57.14,4075.18,4077.14,Marjorie Erickson,SAU 6 Board Chair (Unity member) (runs the criteria vote 'I'd like a motion on it ... All those in favor say aye' [502-510] and opens the search-committee item [512]; recognizes 'Michelle.' [448]); Carolyn Towle segments overridden,So okay.,Speaker 16,https://reflect-claremont.cablecast.tv/internetchannel/show/9876?site=1&seekto=4075
1:07:57.26,1:08:00.62,4077.26,4080.62,Michael O'Neill,"Business Administrator, SAU 6 ('Now that Mike's here' [126] before his fund-balance presentation [129-243]; surname per roster and chair's list 'Mike O'Neil from the SA' [582])",But there's exceptions to everything. But that's what I found out.,Speaker 11,https://reflect-claremont.cablecast.tv/internetchannel/show/9876?site=1&seekto=4077
1:08:00.70,1:08:01.12,4080.70,4081.12,Marjorie Erickson,SAU 6 Board Chair (Unity member) (runs the criteria vote 'I'd like a motion on it ... All those in favor say aye' [502-510] and opens the search-committee item [512]; recognizes 'Michelle.' [448]); Carolyn Towle segments overridden,Michelle.,Speaker 16,https://reflect-claremont.cablecast.tv/internetchannel/show/9876?site=1&seekto=4080
1:08:01.34,1:08:12.90,4081.34,4092.90,Michelle Pierce,SAU 6 Board member (Claremont) (chair 'Michelle.' [342] -> [343-345]; 'Michelle.' [448] -> [449-454]; volunteers for the search committee [541]); Carolyn Towle segments overridden,I so I had read on some of the stuff that said that an interim didn't necessarily need the certification.,Speaker 17,https://reflect-claremont.cablecast.tv/internetchannel/show/9876?site=1&seekto=4081
1:08:12.98,1:08:23.42,4092.98,4103.42,Michelle Pierce,SAU 6 Board member (Claremont) (chair 'Michelle.' [342] -> [343-345]; 'Michelle.' [448] -> [449-454]; volunteers for the search committee [541]); Carolyn Towle segments overridden,"Didn't need to worry about the certification because of the fact that they were interim, they were moving. They were coming in for the moment. But moving back out, I don't remember where I read it.",Speaker 17,https://reflect-claremont.cablecast.tv/internetchannel/show/9876?site=1&seekto=4092
1:08:23.54,1:08:28.62,4103.54,4108.62,Marjorie Erickson,"SAU 6 Board Chair (Unity member) (calls to order [0], asks 'Mary' to call roll [2], opening statement on 'my tenure as chairman ... before you elected me' [10]; later: 'myself as the SA six chair' [582] listed apart from 'Sarah Lowe from unity'; 'The board six chair ... she's actually from unity' [569]; roll call has Marjorie Erickson present [5]; cluster also carries Cory LeClair, see overrides)",We need someone who has that certification to sign all the Department of Ed things and those pieces.,Speaker 1,https://reflect-claremont.cablecast.tv/internetchannel/show/9876?site=1&seekto=4103
1:08:28.70,1:08:30.70,4108.70,4110.70,Michelle Pierce,SAU 6 Board member (Claremont) (chair 'Michelle.' [342] -> [343-345]; 'Michelle.' [448] -> [449-454]; volunteers for the search committee [541]); Carolyn Towle segments overridden,And that's what Corey is doing right now. Correct?,Speaker 17,https://reflect-claremont.cablecast.tv/internetchannel/show/9876?site=1&seekto=4108
1:08:30.82,1:08:31.22,4110.82,4111.22,Unidentified,"Unidentified - cluster mixes short remarks, seconds, 'aye' and recognitions from several voices",No.,Speaker 4,https://reflect-claremont.cablecast.tv/internetchannel/show/9876?site=1&seekto=4110
1:08:31.46,1:08:33.62,4111.46,4113.62,Michelle Pierce,SAU 6 Board member (Claremont) (chair 'Michelle.' [342] -> [343-345]; 'Michelle.' [448] -> [449-454]; volunteers for the search committee [541]); Carolyn Towle segments overridden,When she won't be able to do that.,Speaker 17,https://reflect-claremont.cablecast.tv/internetchannel/show/9876?site=1&seekto=4111
1:08:33.86,1:08:38.62,4113.86,4118.62,Cory LeClair,"Assistant Superintendent, SAU 6 (acting superintendent designate) (in chair's cluster: holds NH superintendent certification [467-471], will contact the credentialing office Monday [475], 'Marj. Either you or I' [561], 'you decided on Mike, Josh and myself' [600])",Middleton is now. So I won't be until.,Speaker 1,https://reflect-claremont.cablecast.tv/internetchannel/show/9876?site=1&seekto=4113
1:08:38.66,1:08:39.38,4118.66,4119.38,Marjorie Erickson,SAU 6 Board Chair (Unity member) (runs the criteria vote 'I'd like a motion on it ... All those in favor say aye' [502-510] and opens the search-committee item [512]; recognizes 'Michelle.' [448]); Carolyn Towle segments overridden,Next week.,Speaker 16,https://reflect-claremont.cablecast.tv/internetchannel/show/9876?site=1&seekto=4118
1:08:39.42,1:08:47.82,4119.42,4127.82,Marjorie Erickson,"SAU 6 Board Chair (Unity member) (calls to order [0], asks 'Mary' to call roll [2], opening statement on 'my tenure as chairman ... before you elected me' [10]; later: 'myself as the SA six chair' [582] listed apart from 'Sarah Lowe from unity'; 'The board six chair ... she's actually from unity' [569]; roll call has Marjorie Erickson present [5]; cluster also carries Cory LeClair, see overrides)","Yeah, next week she will be for until we have an interim in place. But once we have an interim in place, she will not be. And part of the reason we need an.",Speaker 1,https://reflect-claremont.cablecast.tv/internetchannel/show/9876?site=1&seekto=4119
1:08:47.82,1:08:55.86,4127.82,4135.86,Marjorie Erickson,SAU 6 Board Chair (Unity member) (runs the criteria vote 'I'd like a motion on it ... All those in favor say aye' [502-510] and opens the search-committee item [512]; recognizes 'Michelle.' [448]); Carolyn Towle segments overridden,Interim is because we don't want to burden Corey with with the things that we can have an interim doing.,Speaker 16,https://reflect-claremont.cablecast.tv/internetchannel/show/9876?site=1&seekto=4127
1:08:55.94,1:08:57.18,4135.94,4137.18,Marjorie Erickson,"SAU 6 Board Chair (Unity member) (calls to order [0], asks 'Mary' to call roll [2], opening statement on 'my tenure as chairman ... before you elected me' [10]; later: 'myself as the SA six chair' [582] listed apart from 'Sarah Lowe from unity'; 'The board six chair ... she's actually from unity' [569]; roll call has Marjorie Erickson present [5]; cluster also carries Cory LeClair, see overrides)",We need her to write grants.,Speaker 1,https://reflect-claremont.cablecast.tv/internetchannel/show/9876?site=1&seekto=4135
1:08:57.34,1:08:57.78,4137.34,4137.78,Marjorie Erickson,SAU 6 Board Chair (Unity member) (runs the criteria vote 'I'd like a motion on it ... All those in favor say aye' [502-510] and opens the search-committee item [512]; recognizes 'Michelle.' [448]); Carolyn Towle segments overridden,Yes.,Speaker 16,https://reflect-claremont.cablecast.tv/internetchannel/show/9876?site=1&seekto=4137
1:08:57.94,1:09:02.14,4137.94,4142.14,Marjorie Erickson,"SAU 6 Board Chair (Unity member) (calls to order [0], asks 'Mary' to call roll [2], opening statement on 'my tenure as chairman ... before you elected me' [10]; later: 'myself as the SA six chair' [582] listed apart from 'Sarah Lowe from unity'; 'The board six chair ... she's actually from unity' [569]; roll call has Marjorie Erickson present [5]; cluster also carries Cory LeClair, see overrides)",Do.,Speaker 1,https://reflect-claremont.cablecast.tv/internetchannel/show/9876?site=1&seekto=4137
1:09:02.22,1:09:04.98,4142.22,4144.98,Marjorie Erickson,"SAU 6 Board Chair (Unity member) (calls to order [0], asks 'Mary' to call roll [2], opening statement on 'my tenure as chairman ... before you elected me' [10]; later: 'myself as the SA six chair' [582] listed apart from 'Sarah Lowe from unity'; 'The board six chair ... she's actually from unity' [569]; roll call has Marjorie Erickson present [5]; cluster also carries Cory LeClair, see overrides)",I.,Speaker 1,https://reflect-claremont.cablecast.tv/internetchannel/show/9876?site=1&seekto=4142
1:09:05.06,1:09:15.21,4145.06,4155.21,Cory LeClair,"Assistant Superintendent, SAU 6 (acting superintendent designate) (in chair's cluster: holds NH superintendent certification [467-471], will contact the credentialing office Monday [475], 'Marj. Either you or I' [561], 'you decided on Mike, Josh and myself' [600])","You can either make a decision tonight on what you'd like to explore, or I can also reach out and or I can reach out to the credentialing office on Monday to.",Speaker 1,https://reflect-claremont.cablecast.tv/internetchannel/show/9876?site=1&seekto=4145
1:09:15.29,1:09:16.93,4155.29,4156.93,Unidentified,"Unidentified - cluster mixes short remarks, seconds, 'aye' and recognitions from several voices","Oh, my.",Speaker 4,https://reflect-claremont.cablecast.tv/internetchannel/show/9876?site=1&seekto=4155
1:09:17.14,1:09:17.90,4157.14,4157.90,Marjorie Erickson,SAU 6 Board Chair (Unity member) (runs the criteria vote 'I'd like a motion on it ... All those in favor say aye' [502-510] and opens the search-committee item [512]; recognizes 'Michelle.' [448]); Carolyn Towle segments overridden,And then.,Speaker 16,https://reflect-claremont.cablecast.tv/internetchannel/show/9876?site=1&seekto=4157
1:09:17.98,1:09:42.62,4157.98,4182.62,Michael Petrin,SAU 6 Board Vice Chair (Claremont) (proposes 'preference given to those with current New Hampshire certification' [466]; Sprague: 'The way Mike suggested that preference given' [479]) (uncertain - few segments),"Can we can we add preference given to those with current New Hampshire certification? And if it comes down to it, Corey willing, if if  willing, could continue to sign. Well, the interim runs that you could sign, the things that need to be signed by someone with credentials if it's not ideal.",Speaker 12,https://reflect-claremont.cablecast.tv/internetchannel/show/9876?site=1&seekto=4157
1:09:42.74,1:09:46.34,4182.74,4186.34,Cory LeClair,"Assistant Superintendent, SAU 6 (acting superintendent designate) (in chair's cluster: holds NH superintendent certification [467-471], will contact the credentialing office Monday [475], 'Marj. Either you or I' [561], 'you decided on Mike, Josh and myself' [600])",So  I'll answer it this way. I have I hold.,Speaker 1,https://reflect-claremont.cablecast.tv/internetchannel/show/9876?site=1&seekto=4182
1:09:46.54,1:09:46.90,4186.54,4186.90,Michael Petrin,SAU 6 Board Vice Chair (Claremont) (proposes 'preference given to those with current New Hampshire certification' [466]; Sprague: 'The way Mike suggested that preference given' [479]) (uncertain - few segments),The.,Speaker 12,https://reflect-claremont.cablecast.tv/internetchannel/show/9876?site=1&seekto=4186
1:09:46.98,1:09:52.26,4186.98,4192.26,Cory LeClair,"Assistant Superintendent, SAU 6 (acting superintendent designate) (in chair's cluster: holds NH superintendent certification [467-471], will contact the credentialing office Monday [475], 'Marj. Either you or I' [561], 'you decided on Mike, Josh and myself' [600])",Hampshire Superintendent certification. I don't 100% right now know how those rules work.,Speaker 1,https://reflect-claremont.cablecast.tv/internetchannel/show/9876?site=1&seekto=4186
1:09:52.30,1:09:52.70,4192.30,4192.70,Unidentified,"Unidentified - cluster mixes short remarks, seconds, 'aye' and recognitions from several voices",Okay.,Speaker 4,https://reflect-claremont.cablecast.tv/internetchannel/show/9876?site=1&seekto=4192
1:09:52.86,1:09:57.46,4192.86,4197.46,Cory LeClair,"Assistant Superintendent, SAU 6 (acting superintendent designate) (in chair's cluster: holds NH superintendent certification [467-471], will contact the credentialing office Monday [475], 'Marj. Either you or I' [561], 'you decided on Mike, Josh and myself' [600])",So I need to confirm how those rules work for me to be able to answer whether or not I can do that.,Speaker 1,https://reflect-claremont.cablecast.tv/internetchannel/show/9876?site=1&seekto=4192
1:09:57.50,1:10:02.14,4197.50,4202.14,Michael Petrin,SAU 6 Board Vice Chair (Claremont) (proposes 'preference given to those with current New Hampshire certification' [466]; Sprague: 'The way Mike suggested that preference given' [479]) (uncertain - few segments),So could you turn it that with preference given to.,Speaker 12,https://reflect-claremont.cablecast.tv/internetchannel/show/9876?site=1&seekto=4197
1:10:02.22,1:10:04.10,4202.22,4204.10,Michael Petrin,SAU 6 Board Vice Chair (Claremont) (proposes 'preference given to those with current New Hampshire certification' [466]; Sprague: 'The way Mike suggested that preference given' [479]) (uncertain - few segments),I don't know.,Speaker 12,https://reflect-claremont.cablecast.tv/internetchannel/show/9876?site=1&seekto=4202
1:10:04.18,1:10:21.50,4204.18,4221.50,Carolyn Towle,"SAU 6 Board member (Claremont) (chair 'Carolyn.' [337,414,726,751] followed by these segments; Sprague answers 'Miss Carolyn' [479] after [474])","Carolyn person  and I, I'd like to wait  on this one until Corey,  does her search and comes back with a positive, you know, answer. So what you think you can do?",Speaker 16,https://reflect-claremont.cablecast.tv/internetchannel/show/9876?site=1&seekto=4204
1:10:21.54,1:10:26.42,4221.54,4226.42,Cory LeClair,"Assistant Superintendent, SAU 6 (acting superintendent designate) (in chair's cluster: holds NH superintendent certification [467-471], will contact the credentialing office Monday [475], 'Marj. Either you or I' [561], 'you decided on Mike, Josh and myself' [600])",Monday I will reach out to the Department of Credentialing Monday morning.,Speaker 1,https://reflect-claremont.cablecast.tv/internetchannel/show/9876?site=1&seekto=4221
1:10:26.50,1:10:26.90,4226.50,4226.90,Unidentified,"Unidentified - cluster mixes short remarks, seconds, 'aye' and recognitions from several voices",Okay?,Speaker 4,https://reflect-claremont.cablecast.tv/internetchannel/show/9876?site=1&seekto=4226
1:10:27.02,1:10:27.42,4227.02,4227.42,Marjorie Erickson,SAU 6 Board Chair (Unity member) (runs the criteria vote 'I'd like a motion on it ... All those in favor say aye' [502-510] and opens the search-committee item [512]; recognizes 'Michelle.' [448]); Carolyn Towle segments overridden,Okay.,Speaker 16,https://reflect-claremont.cablecast.tv/internetchannel/show/9876?site=1&seekto=4227
1:10:27.46,1:10:28.42,4227.46,4228.42,Unidentified,"Unidentified - cluster mixes short remarks, seconds, 'aye' and recognitions from several voices",Thank you.,Speaker 4,https://reflect-claremont.cablecast.tv/internetchannel/show/9876?site=1&seekto=4227
1:10:28.50,1:10:55.34,4228.50,4255.34,Frank Sprague,"SAU 6 Board member (Claremont), Claremont School Board Chair ('Frank.' [287] -> [288]; 'did you have something, Frank?' [318] -> [320]; 'Frank.' [347] -> [348]; Pierce: 'What are you saying, Frank?' [552] after [542-546])","I miss Carolyn, I don't think it needs to hold us up. I think we could just leave that. No. The way Mike suggested that preference given. And go do this tonight. And I think that, because what's going to happen is we're going to be looking at these resumes and we're going to see someone there that's could may not be certified, but could be could get a statement of eligibility.",Speaker 9,https://reflect-claremont.cablecast.tv/internetchannel/show/9876?site=1&seekto=4228
1:10:55.42,1:11:11.18,4255.42,4271.18,Frank Sprague,"SAU 6 Board member (Claremont), Claremont School Board Chair ('Frank.' [287] -> [288]; 'did you have something, Frank?' [318] -> [320]; 'Frank.' [347] -> [348]; Pierce: 'What are you saying, Frank?' [552] after [542-546])",And then we're going to ask the question then. So I'd like to have Corey answer. Dig into it. Find the answer to the the requirements about certification. And then but go ahead and move forward on this and just leave ourselves the room.,Speaker 9,https://reflect-claremont.cablecast.tv/internetchannel/show/9876?site=1&seekto=4255
1:11:11.42,1:11:11.62,4271.42,4271.62,Marjorie Erickson,SAU 6 Board Chair (Unity member) (runs the criteria vote 'I'd like a motion on it ... All those in favor say aye' [502-510] and opens the search-committee item [512]; recognizes 'Michelle.' [448]); Carolyn Towle segments overridden,Well.,Speaker 16,https://reflect-claremont.cablecast.tv/internetchannel/show/9876?site=1&seekto=4271
1:11:11.66,1:11:12.10,4271.66,4272.10,Marjorie Erickson,"SAU 6 Board Chair (Unity member) (calls to order [0], asks 'Mary' to call roll [2], opening statement on 'my tenure as chairman ... before you elected me' [10]; later: 'myself as the SA six chair' [582] listed apart from 'Sarah Lowe from unity'; 'The board six chair ... she's actually from unity' [569]; roll call has Marjorie Erickson present [5]; cluster also carries Cory LeClair, see overrides)",I think.,Speaker 1,https://reflect-claremont.cablecast.tv/internetchannel/show/9876?site=1&seekto=4271
1:11:12.10,1:11:39.54,4272.10,4299.54,Marjorie Erickson,SAU 6 Board Chair (Unity member) (runs the criteria vote 'I'd like a motion on it ... All those in favor say aye' [502-510] and opens the search-committee item [512]; recognizes 'Michelle.' [448]); Carolyn Towle segments overridden,"The first thing we need to agree on is that this is for our benefit in doing the. Search and conducting interviews. This is not necessarily something that we're going to publish and give to the applicants. This is for us  so that we are all on the same page on what we're looking for. So  I, I'm not I think as long as we have all of the ideas in there that we.",Speaker 16,https://reflect-claremont.cablecast.tv/internetchannel/show/9876?site=1&seekto=4272
1:11:39.54,1:11:39.98,4299.54,4299.98,Marjorie Erickson,"SAU 6 Board Chair (Unity member) (calls to order [0], asks 'Mary' to call roll [2], opening statement on 'my tenure as chairman ... before you elected me' [10]; later: 'myself as the SA six chair' [582] listed apart from 'Sarah Lowe from unity'; 'The board six chair ... she's actually from unity' [569]; roll call has Marjorie Erickson present [5]; cluster also carries Cory LeClair, see overrides)",Want.,Speaker 1,https://reflect-claremont.cablecast.tv/internetchannel/show/9876?site=1&seekto=4299
1:11:40.18,1:11:50.58,4300.18,4310.58,Marjorie Erickson,SAU 6 Board Chair (Unity member) (runs the criteria vote 'I'd like a motion on it ... All those in favor say aye' [502-510] and opens the search-committee item [512]; recognizes 'Michelle.' [448]); Carolyn Towle segments overridden,"Including that the preferences for New Hampshire certification, so that if that's something we all agree to, then we are on the same page in doing the search.",Speaker 16,https://reflect-claremont.cablecast.tv/internetchannel/show/9876?site=1&seekto=4300
1:11:50.66,1:11:51.70,4310.66,4311.70,Unidentified,"Unidentified - cluster mixes short remarks, seconds, 'aye' and recognitions from several voices",Okay.,Speaker 4,https://reflect-claremont.cablecast.tv/internetchannel/show/9876?site=1&seekto=4310
1:11:51.78,1:11:58.14,4311.78,4318.14,Marjorie Erickson,SAU 6 Board Chair (Unity member) (runs the criteria vote 'I'd like a motion on it ... All those in favor say aye' [502-510] and opens the search-committee item [512]; recognizes 'Michelle.' [448]); Carolyn Towle segments overridden,And I think that's the only purpose of this document.  Does anybody have any other thoughts on what this document is for?,Speaker 16,https://reflect-claremont.cablecast.tv/internetchannel/show/9876?site=1&seekto=4311
1:11:58.38,1:12:00.77,4318.38,4320.77,Marjorie Erickson,"SAU 6 Board Chair (Unity member) (calls to order [0], asks 'Mary' to call roll [2], opening statement on 'my tenure as chairman ... before you elected me' [10]; later: 'myself as the SA six chair' [582] listed apart from 'Sarah Lowe from unity'; 'The board six chair ... she's actually from unity' [569]; roll call has Marjorie Erickson present [5]; cluster also carries Cory LeClair, see overrides)","Because the ad already went out, because you've already collected.",Speaker 1,https://reflect-claremont.cablecast.tv/internetchannel/show/9876?site=1&seekto=4318
1:12:00.78,1:12:01.82,4320.78,4321.82,Marjorie Erickson,SAU 6 Board Chair (Unity member) (runs the criteria vote 'I'd like a motion on it ... All those in favor say aye' [502-510] and opens the search-committee item [512]; recognizes 'Michelle.' [448]); Carolyn Towle segments overridden,It's already yeah.,Speaker 16,https://reflect-claremont.cablecast.tv/internetchannel/show/9876?site=1&seekto=4320
1:12:01.98,1:12:03.14,4321.98,4323.14,Michelle Pierce,SAU 6 Board member (Claremont) (chair 'Michelle.' [342] -> [343-345]; 'Michelle.' [448] -> [449-454]; volunteers for the search committee [541]); Carolyn Towle segments overridden,You know.,Speaker 17,https://reflect-claremont.cablecast.tv/internetchannel/show/9876?site=1&seekto=4321
1:12:03.22,1:12:05.82,4323.22,4325.82,Marjorie Erickson,"SAU 6 Board Chair (Unity member) (calls to order [0], asks 'Mary' to call roll [2], opening statement on 'my tenure as chairman ... before you elected me' [10]; later: 'myself as the SA six chair' [582] listed apart from 'Sarah Lowe from unity'; 'The board six chair ... she's actually from unity' [569]; roll call has Marjorie Erickson present [5]; cluster also carries Cory LeClair, see overrides)",Collected resumes. So this is for our.,Speaker 1,https://reflect-claremont.cablecast.tv/internetchannel/show/9876?site=1&seekto=4323
1:12:05.90,1:12:13.62,4325.90,4333.62,Marjorie Erickson,SAU 6 Board Chair (Unity member) (runs the criteria vote 'I'd like a motion on it ... All those in favor say aye' [502-510] and opens the search-committee item [512]; recognizes 'Michelle.' [448]); Carolyn Towle segments overridden,This is for us in conducting the search and in making decisions so that we're all on the same page on what our criteria are.,Speaker 16,https://reflect-claremont.cablecast.tv/internetchannel/show/9876?site=1&seekto=4325
1:12:13.82,1:12:19.06,4333.82,4339.06,Frank Sprague,"SAU 6 Board member (Claremont), Claremont School Board Chair ('Frank.' [287] -> [288]; 'did you have something, Frank?' [318] -> [320]; 'Frank.' [347] -> [348]; Pierce: 'What are you saying, Frank?' [552] after [542-546])",I just don't want to close the door on on a potential candidate that might be eligible for licensure.,Speaker 9,https://reflect-claremont.cablecast.tv/internetchannel/show/9876?site=1&seekto=4333
1:12:19.10,1:12:20.70,4339.10,4340.70,Carolyn Towle,SAU 6 Board member (Claremont) (chair 'Carolyn.' [519] -> 'I just wanted to put my name out.' [520]; chair then lists 'Michelle and Carolyn' as volunteers [521]) (uncertain - short remarks),Point well taken.,Speaker 13,https://reflect-claremont.cablecast.tv/internetchannel/show/9876?site=1&seekto=4339
1:12:20.78,1:12:33.84,4340.78,4353.84,Marjorie Erickson,SAU 6 Board Chair (Unity member) (runs the criteria vote 'I'd like a motion on it ... All those in favor say aye' [502-510] and opens the search-committee item [512]; recognizes 'Michelle.' [448]); Carolyn Towle segments overridden,And so I think preference is a good word and that doesn't lock any doors or constrain us.,Speaker 16,https://reflect-claremont.cablecast.tv/internetchannel/show/9876?site=1&seekto=4340
1:12:33.92,1:12:34.76,4353.92,4354.76,Marjorie Erickson,SAU 6 Board Chair (Unity member) (runs the criteria vote 'I'd like a motion on it ... All those in favor say aye' [502-510] and opens the search-committee item [512]; recognizes 'Michelle.' [448]); Carolyn Towle segments overridden,Are there any other.,Speaker 16,https://reflect-claremont.cablecast.tv/internetchannel/show/9876?site=1&seekto=4353
1:12:34.80,1:13:03.40,4354.80,4383.40,Marjorie Erickson,"SAU 6 Board Chair (Unity member) (calls to order [0], asks 'Mary' to call roll [2], opening statement on 'my tenure as chairman ... before you elected me' [10]; later: 'myself as the SA six chair' [582] listed apart from 'Sarah Lowe from unity'; 'The board six chair ... she's actually from unity' [569]; roll call has Marjorie Erickson present [5]; cluster also carries Cory LeClair, see overrides)","Can I just read that then as I think I understand it to for your for your preference experience. New Hampshire superintendent able to employ vast knowledge and meeting district critical needs while maintaining the course of a district as it prepares for the next superintendent. And maybe we just add a new bullet that says holds valid New Hampshire, or preference given to those who hold valid New Hampshire certification.",Speaker 1,https://reflect-claremont.cablecast.tv/internetchannel/show/9876?site=1&seekto=4354
1:13:03.44,1:13:04.24,4383.44,4384.24,Marjorie Erickson,SAU 6 Board Chair (Unity member) (runs the criteria vote 'I'd like a motion on it ... All those in favor say aye' [502-510] and opens the search-committee item [512]; recognizes 'Michelle.' [448]); Carolyn Towle segments overridden,"Yes, yes.",Speaker 16,https://reflect-claremont.cablecast.tv/internetchannel/show/9876?site=1&seekto=4383
1:13:04.28,1:13:05.80,4384.28,4385.80,Marjorie Erickson,"SAU 6 Board Chair (Unity member) (calls to order [0], asks 'Mary' to call roll [2], opening statement on 'my tenure as chairman ... before you elected me' [10]; later: 'myself as the SA six chair' [582] listed apart from 'Sarah Lowe from unity'; 'The board six chair ... she's actually from unity' [569]; roll call has Marjorie Erickson present [5]; cluster also carries Cory LeClair, see overrides)",Just add a bullet. Is that okay?,Speaker 1,https://reflect-claremont.cablecast.tv/internetchannel/show/9876?site=1&seekto=4384
1:13:05.88,1:13:20.76,4385.88,4400.76,Marjorie Erickson,SAU 6 Board Chair (Unity member) (runs the criteria vote 'I'd like a motion on it ... All those in favor say aye' [502-510] and opens the search-committee item [512]; recognizes 'Michelle.' [448]); Carolyn Towle segments overridden,Yes.,Speaker 16,https://reflect-claremont.cablecast.tv/internetchannel/show/9876?site=1&seekto=4385
1:13:20.84,1:13:25.44,4400.84,4405.44,Frank Sprague,"SAU 6 Board member (Claremont), Claremont School Board Chair ('Frank.' [287] -> [288]; 'did you have something, Frank?' [318] -> [320]; 'Frank.' [347] -> [348]; Pierce: 'What are you saying, Frank?' [552] after [542-546])",So this this we do need a motion on. Correct that.,Speaker 9,https://reflect-claremont.cablecast.tv/internetchannel/show/9876?site=1&seekto=4400
1:13:25.52,1:13:31.56,4405.52,4411.56,Marjorie Erickson,SAU 6 Board Chair (Unity member) (runs the criteria vote 'I'd like a motion on it ... All those in favor say aye' [502-510] and opens the search-committee item [512]; recognizes 'Michelle.' [448]); Carolyn Towle segments overridden,"Yes. Because I'd like to know we're all on the same page. So  yes, I'd like a motion on it. I'll make a.",Speaker 16,https://reflect-claremont.cablecast.tv/internetchannel/show/9876?site=1&seekto=4405
1:13:31.56,1:13:31.88,4411.56,4411.88,Marjorie Erickson,"SAU 6 Board Chair (Unity member) (calls to order [0], asks 'Mary' to call roll [2], opening statement on 'my tenure as chairman ... before you elected me' [10]; later: 'myself as the SA six chair' [582] listed apart from 'Sarah Lowe from unity'; 'The board six chair ... she's actually from unity' [569]; roll call has Marjorie Erickson present [5]; cluster also carries Cory LeClair, see overrides)",Motion.,Speaker 1,https://reflect-claremont.cablecast.tv/internetchannel/show/9876?site=1&seekto=4411
1:13:31.88,1:13:32.04,4411.88,4412.04,Marjorie Erickson,SAU 6 Board Chair (Unity member) (runs the criteria vote 'I'd like a motion on it ... All those in favor say aye' [502-510] and opens the search-committee item [512]; recognizes 'Michelle.' [448]); Carolyn Towle segments overridden,That.,Speaker 16,https://reflect-claremont.cablecast.tv/internetchannel/show/9876?site=1&seekto=4411
1:13:32.04,1:13:34.00,4412.04,4414.00,Marjorie Erickson,"SAU 6 Board Chair (Unity member) (calls to order [0], asks 'Mary' to call roll [2], opening statement on 'my tenure as chairman ... before you elected me' [10]; later: 'myself as the SA six chair' [582] listed apart from 'Sarah Lowe from unity'; 'The board six chair ... she's actually from unity' [569]; roll call has Marjorie Erickson present [5]; cluster also carries Cory LeClair, see overrides)",We accept the superintendent.,Speaker 1,https://reflect-claremont.cablecast.tv/internetchannel/show/9876?site=1&seekto=4412
1:13:34.00,1:13:37.72,4414.00,4417.72,Unidentified,Unidentified - point of order and a motion fragment,Criteria as amended.,Speaker 21,https://reflect-claremont.cablecast.tv/internetchannel/show/9876?site=1&seekto=4414
1:13:37.80,1:13:38.09,4417.80,4418.09,Marjorie Erickson,SAU 6 Board Chair (Unity member) (runs the criteria vote 'I'd like a motion on it ... All those in favor say aye' [502-510] and opens the search-committee item [512]; recognizes 'Michelle.' [448]); Carolyn Towle segments overridden,Okay.,Speaker 16,https://reflect-claremont.cablecast.tv/internetchannel/show/9876?site=1&seekto=4417
1:13:38.12,1:13:40.36,4418.12,4420.36,Unidentified,"Unidentified - cluster mixes short remarks, seconds, 'aye' and recognitions from several voices",Okay.,Speaker 4,https://reflect-claremont.cablecast.tv/internetchannel/show/9876?site=1&seekto=4418
1:13:40.44,1:13:43.96,4420.44,4423.96,Marjorie Erickson,SAU 6 Board Chair (Unity member) (runs the criteria vote 'I'd like a motion on it ... All those in favor say aye' [502-510] and opens the search-committee item [512]; recognizes 'Michelle.' [448]); Carolyn Towle segments overridden,Any further discussion?,Speaker 16,https://reflect-claremont.cablecast.tv/internetchannel/show/9876?site=1&seekto=4420
1:13:44.04,1:13:51.60,4424.04,4431.60,Marjorie Erickson,SAU 6 Board Chair (Unity member) (runs the criteria vote 'I'd like a motion on it ... All those in favor say aye' [502-510] and opens the search-committee item [512]; recognizes 'Michelle.' [448]); Carolyn Towle segments overridden,All those in favor say aye. Any opposed? Good.,Speaker 16,https://reflect-claremont.cablecast.tv/internetchannel/show/9876?site=1&seekto=4424
1:13:51.68,1:13:52.76,4431.68,4432.76,Michael Petrin,SAU 6 Board Vice Chair (Claremont) (proposes 'preference given to those with current New Hampshire certification' [466]; Sprague: 'The way Mike suggested that preference given' [479]) (uncertain - few segments),"Thank you, everyone, for.",Speaker 12,https://reflect-claremont.cablecast.tv/internetchannel/show/9876?site=1&seekto=4431
1:13:52.80,1:14:07.84,4432.80,4447.84,Marjorie Erickson,SAU 6 Board Chair (Unity member) (runs the criteria vote 'I'd like a motion on it ... All those in favor say aye' [502-510] and opens the search-committee item [512]; recognizes 'Michelle.' [448]); Carolyn Towle segments overridden,Yes. This has been a great discussion. Okay. That brings us to identifying and interim search committee. We have three people who have been identified from the Saw offices.,Speaker 16,https://reflect-claremont.cablecast.tv/internetchannel/show/9876?site=1&seekto=4432
1:14:07.92,1:14:23.88,4447.92,4463.88,Marjorie Erickson,"SAU 6 Board Chair (Unity member) (calls to order [0], asks 'Mary' to call roll [2], opening statement on 'my tenure as chairman ... before you elected me' [10]; later: 'myself as the SA six chair' [582] listed apart from 'Sarah Lowe from unity'; 'The board six chair ... she's actually from unity' [569]; roll call has Marjorie Erickson present [5]; cluster also carries Cory LeClair, see overrides)","Corey, Mike and Josh.  Correct, correct. And we had agreed that we would do one from the Claremont School Board, one from the Unity School Board, and then I will also sit on that. Michelle.",Speaker 1,https://reflect-claremont.cablecast.tv/internetchannel/show/9876?site=1&seekto=4447
1:14:23.96,1:14:33.68,4463.96,4473.68,Marjorie Erickson,"SAU 6 Board Chair (Unity member) (calls to order [0], asks 'Mary' to call roll [2], opening statement on 'my tenure as chairman ... before you elected me' [10]; later: 'myself as the SA six chair' [582] listed apart from 'Sarah Lowe from unity'; 'The board six chair ... she's actually from unity' [569]; roll call has Marjorie Erickson present [5]; cluster also carries Cory LeClair, see overrides)","Oh, I thought at the end of last meeting the boards were to you guys had a board meeting in between, and we're supposed to come back with someone that you decided on as a board?",Speaker 1,https://reflect-claremont.cablecast.tv/internetchannel/show/9876?site=1&seekto=4463
1:14:33.76,1:14:34.64,4473.76,4474.64,Unidentified,"Unidentified - cluster mixes short remarks, seconds, 'aye' and recognitions from several voices",I don't think we did that.,Speaker 4,https://reflect-claremont.cablecast.tv/internetchannel/show/9876?site=1&seekto=4473
1:14:34.68,1:14:35.32,4474.68,4475.32,Michelle Pierce,SAU 6 Board member (Claremont) (chair 'Michelle.' [342] -> [343-345]; 'Michelle.' [448] -> [449-454]; volunteers for the search committee [541]); Carolyn Towle segments overridden,We did not.,Speaker 17,https://reflect-claremont.cablecast.tv/internetchannel/show/9876?site=1&seekto=4474
1:14:35.32,1:14:36.56,4475.32,4476.56,Carolyn Towle,SAU 6 Board member (Claremont) (chair 'Carolyn.' [519] -> 'I just wanted to put my name out.' [520]; chair then lists 'Michelle and Carolyn' as volunteers [521]) (uncertain - short remarks),Do that.,Speaker 13,https://reflect-claremont.cablecast.tv/internetchannel/show/9876?site=1&seekto=4475
1:14:36.64,1:14:37.92,4476.64,4477.92,Unidentified,"Unidentified - cluster mixes short remarks, seconds, 'aye' and recognitions from several voices",We can do that.,Speaker 4,https://reflect-claremont.cablecast.tv/internetchannel/show/9876?site=1&seekto=4476
1:14:38.00,1:14:39.28,4478.00,4479.28,Marjorie Erickson,"SAU 6 Board Chair (Unity member) (calls to order [0], asks 'Mary' to call roll [2], opening statement on 'my tenure as chairman ... before you elected me' [10]; later: 'myself as the SA six chair' [582] listed apart from 'Sarah Lowe from unity'; 'The board six chair ... she's actually from unity' [569]; roll call has Marjorie Erickson present [5]; cluster also carries Cory LeClair, see overrides)",Okay. Carolyn.,Speaker 1,https://reflect-claremont.cablecast.tv/internetchannel/show/9876?site=1&seekto=4478
1:14:39.36,1:14:40.92,4479.36,4480.92,Carolyn Towle,SAU 6 Board member (Claremont) (chair 'Carolyn.' [519] -> 'I just wanted to put my name out.' [520]; chair then lists 'Michelle and Carolyn' as volunteers [521]) (uncertain - short remarks),I just wanted to put my name out.,Speaker 13,https://reflect-claremont.cablecast.tv/internetchannel/show/9876?site=1&seekto=4479
1:14:40.96,1:15:09.46,4480.96,4509.46,Marjorie Erickson,"SAU 6 Board Chair (Unity member) (calls to order [0], asks 'Mary' to call roll [2], opening statement on 'my tenure as chairman ... before you elected me' [10]; later: 'myself as the SA six chair' [582] listed apart from 'Sarah Lowe from unity'; 'The board six chair ... she's actually from unity' [569]; roll call has Marjorie Erickson present [5]; cluster also carries Cory LeClair, see overrides)","Okay. So I see Michelle and Carolyn, from the Claremont School Board.  We have a one one volunteer from unity who's who said she would willingly do it. Sarah. So Sarah and I will be on it, and then. I don't know how we want to do this. If you all want to vote your representative, is that appropriate here?",Speaker 1,https://reflect-claremont.cablecast.tv/internetchannel/show/9876?site=1&seekto=4480
1:15:09.54,1:15:11.66,4509.54,4511.66,Unidentified,"Unidentified - cluster mixes short remarks, seconds, 'aye' and recognitions from several voices","Yeah, I do that.",Speaker 4,https://reflect-claremont.cablecast.tv/internetchannel/show/9876?site=1&seekto=4509
1:15:11.74,1:15:16.14,4511.74,4516.14,Frank Sprague,"SAU 6 Board member (Claremont), Claremont School Board Chair ('Frank.' [287] -> [288]; 'did you have something, Frank?' [318] -> [320]; 'Frank.' [347] -> [348]; Pierce: 'What are you saying, Frank?' [552] after [542-546])",So  who wants to? Carolyn and  Michelle.,Speaker 9,https://reflect-claremont.cablecast.tv/internetchannel/show/9876?site=1&seekto=4511
1:15:16.22,1:15:23.54,4516.22,4523.54,Marjorie Erickson,"SAU 6 Board Chair (Unity member) (calls to order [0], asks 'Mary' to call roll [2], opening statement on 'my tenure as chairman ... before you elected me' [10]; later: 'myself as the SA six chair' [582] listed apart from 'Sarah Lowe from unity'; 'The board six chair ... she's actually from unity' [569]; roll call has Marjorie Erickson present [5]; cluster also carries Cory LeClair, see overrides)",Have volunteered for Claremont. Are there any other interested parties? And I thought.,Speaker 1,https://reflect-claremont.cablecast.tv/internetchannel/show/9876?site=1&seekto=4516
1:15:23.62,1:15:27.70,4523.62,4527.70,Frank Sprague,"SAU 6 Board member (Claremont), Claremont School Board Chair ('Frank.' [287] -> [288]; 'did you have something, Frank?' [318] -> [320]; 'Frank.' [347] -> [348]; Pierce: 'What are you saying, Frank?' [552] after [542-546])","Also no, I was going to nominate Colin.",Speaker 9,https://reflect-claremont.cablecast.tv/internetchannel/show/9876?site=1&seekto=4523
1:15:27.78,1:15:34.42,4527.78,4534.42,Marjorie Erickson,"SAU 6 Board Chair (Unity member) (calls to order [0], asks 'Mary' to call roll [2], opening statement on 'my tenure as chairman ... before you elected me' [10]; later: 'myself as the SA six chair' [582] listed apart from 'Sarah Lowe from unity'; 'The board six chair ... she's actually from unity' [569]; roll call has Marjorie Erickson present [5]; cluster also carries Cory LeClair, see overrides)",Okay. There's been a nomination. Is there a second?,Speaker 1,https://reflect-claremont.cablecast.tv/internetchannel/show/9876?site=1&seekto=4527
1:15:34.50,1:15:35.70,4534.50,4535.70,Unidentified,"Unidentified - cluster mixes short remarks, seconds, 'aye' and recognitions from several voices",Carolyn I'll second.,Speaker 4,https://reflect-claremont.cablecast.tv/internetchannel/show/9876?site=1&seekto=4534
1:15:35.86,1:15:38.94,4535.86,4538.94,Marjorie Erickson,"SAU 6 Board Chair (Unity member) (calls to order [0], asks 'Mary' to call roll [2], opening statement on 'my tenure as chairman ... before you elected me' [10]; later: 'myself as the SA six chair' [582] listed apart from 'Sarah Lowe from unity'; 'The board six chair ... she's actually from unity' [569]; roll call has Marjorie Erickson present [5]; cluster also carries Cory LeClair, see overrides)",And Steve seconds. We'll hold on a second.,Speaker 1,https://reflect-claremont.cablecast.tv/internetchannel/show/9876?site=1&seekto=4535
1:15:38.94,1:15:43.66,4538.94,4543.66,Unidentified,Unidentified - point of order and a motion fragment,"Just as a point of order, are you going to make this decision by.",Speaker 21,https://reflect-claremont.cablecast.tv/internetchannel/show/9876?site=1&seekto=4538
1:15:43.74,1:15:55.86,4543.74,4555.86,Marjorie Erickson,"SAU 6 Board Chair (Unity member) (calls to order [0], asks 'Mary' to call roll [2], opening statement on 'my tenure as chairman ... before you elected me' [10]; later: 'myself as the SA six chair' [582] listed apart from 'Sarah Lowe from unity'; 'The board six chair ... she's actually from unity' [569]; roll call has Marjorie Erickson present [5]; cluster also carries Cory LeClair, see overrides)","Taking nominations, or are you going to make this like you have to decide how you're going to? I'm just. Yeah. Because two people on here and then somebody else got nominated. So if you're going to do a by nomination, I think you have to ask if there's other nominations. And I don't know.",Speaker 1,https://reflect-claremont.cablecast.tv/internetchannel/show/9876?site=1&seekto=4543
1:15:55.86,1:15:56.06,4555.86,4556.06,Unidentified,"Unidentified - cluster mixes short remarks, seconds, 'aye' and recognitions from several voices",That.,Speaker 4,https://reflect-claremont.cablecast.tv/internetchannel/show/9876?site=1&seekto=4555
1:15:56.26,1:15:56.42,4556.26,4556.42,Frank Sprague,"SAU 6 Board member (Claremont), Claremont School Board Chair ('Frank.' [287] -> [288]; 'did you have something, Frank?' [318] -> [320]; 'Frank.' [347] -> [348]; Pierce: 'What are you saying, Frank?' [552] after [542-546])",That's.,Speaker 9,https://reflect-claremont.cablecast.tv/internetchannel/show/9876?site=1&seekto=4556
1:15:56.42,1:15:56.78,4556.42,4556.78,Unidentified,"Unidentified - cluster mixes short remarks, seconds, 'aye' and recognitions from several voices",A good point.,Speaker 4,https://reflect-claremont.cablecast.tv/internetchannel/show/9876?site=1&seekto=4556
1:15:56.82,1:16:04.46,4556.82,4564.46,Marjorie Erickson,"SAU 6 Board Chair (Unity member) (calls to order [0], asks 'Mary' to call roll [2], opening statement on 'my tenure as chairman ... before you elected me' [10]; later: 'myself as the SA six chair' [582] listed apart from 'Sarah Lowe from unity'; 'The board six chair ... she's actually from unity' [569]; roll call has Marjorie Erickson present [5]; cluster also carries Cory LeClair, see overrides)","You should be running that or that if the Claremont board should be running that, because, yeah, it was a task that was given to take back to your board and decide.",Speaker 1,https://reflect-claremont.cablecast.tv/internetchannel/show/9876?site=1&seekto=4556
1:16:04.50,1:16:04.62,4564.50,4564.62,Frank Sprague,"SAU 6 Board member (Claremont), Claremont School Board Chair ('Frank.' [287] -> [288]; 'did you have something, Frank?' [318] -> [320]; 'Frank.' [347] -> [348]; Pierce: 'What are you saying, Frank?' [552] after [542-546])",We.,Speaker 9,https://reflect-claremont.cablecast.tv/internetchannel/show/9876?site=1&seekto=4564
1:16:04.62,1:16:10.26,4564.62,4570.26,Marjorie Erickson,"SAU 6 Board Chair (Unity member) (calls to order [0], asks 'Mary' to call roll [2], opening statement on 'my tenure as chairman ... before you elected me' [10]; later: 'myself as the SA six chair' [582] listed apart from 'Sarah Lowe from unity'; 'The board six chair ... she's actually from unity' [569]; roll call has Marjorie Erickson present [5]; cluster also carries Cory LeClair, see overrides)","Didn't do it. And it wasn't an essay board decision. I'm just I agree, I think.",Speaker 1,https://reflect-claremont.cablecast.tv/internetchannel/show/9876?site=1&seekto=4564
1:16:10.50,1:16:11.26,4570.50,4571.26,Michelle Pierce,SAU 6 Board member (Claremont) (chair 'Michelle.' [342] -> [343-345]; 'Michelle.' [448] -> [449-454]; volunteers for the search committee [541]); Carolyn Towle segments overridden,Which I reached.,Speaker 17,https://reflect-claremont.cablecast.tv/internetchannel/show/9876?site=1&seekto=4570
1:16:11.26,1:16:11.94,4571.26,4571.94,Marjorie Erickson,"SAU 6 Board Chair (Unity member) (calls to order [0], asks 'Mary' to call roll [2], opening statement on 'my tenure as chairman ... before you elected me' [10]; later: 'myself as the SA six chair' [582] listed apart from 'Sarah Lowe from unity'; 'The board six chair ... she's actually from unity' [569]; roll call has Marjorie Erickson present [5]; cluster also carries Cory LeClair, see overrides)",Out to.,Speaker 1,https://reflect-claremont.cablecast.tv/internetchannel/show/9876?site=1&seekto=4571
1:16:12.06,1:16:15.30,4572.06,4575.30,Michelle Pierce,SAU 6 Board member (Claremont) (chair 'Michelle.' [342] -> [343-345]; 'Michelle.' [448] -> [449-454]; volunteers for the search committee [541]); Carolyn Towle segments overridden,You and you on and the board.,Speaker 17,https://reflect-claremont.cablecast.tv/internetchannel/show/9876?site=1&seekto=4572
1:16:15.38,1:16:25.22,4575.38,4585.22,Marjorie Erickson,"SAU 6 Board Chair (Unity member) (calls to order [0], asks 'Mary' to call roll [2], opening statement on 'my tenure as chairman ... before you elected me' [10]; later: 'myself as the SA six chair' [582] listed apart from 'Sarah Lowe from unity'; 'The board six chair ... she's actually from unity' [569]; roll call has Marjorie Erickson present [5]; cluster also carries Cory LeClair, see overrides)",Right. It's Claremont board decision decision that you guys were supposed to do in your last board meeting. That was the directive each board had. When we left our last meeting.,Speaker 1,https://reflect-claremont.cablecast.tv/internetchannel/show/9876?site=1&seekto=4575
1:16:25.30,1:16:26.98,4585.30,4586.98,Michelle Pierce,SAU 6 Board member (Claremont) (chair 'Michelle.' [342] -> [343-345]; 'Michelle.' [448] -> [449-454]; volunteers for the search committee [541]); Carolyn Towle segments overridden,I volunteered.,Speaker 17,https://reflect-claremont.cablecast.tv/internetchannel/show/9876?site=1&seekto=4585
1:16:27.06,1:16:27.82,4587.06,4587.82,Frank Sprague,"SAU 6 Board member (Claremont), Claremont School Board Chair ('Frank.' [287] -> [288]; 'did you have something, Frank?' [318] -> [320]; 'Frank.' [347] -> [348]; Pierce: 'What are you saying, Frank?' [552] after [542-546])","Well, we'll figure.",Speaker 9,https://reflect-claremont.cablecast.tv/internetchannel/show/9876?site=1&seekto=4587
1:16:27.86,1:16:28.42,4587.86,4588.42,Unidentified,"Unidentified - cluster mixes short remarks, seconds, 'aye' and recognitions from several voices",Well.,Speaker 4,https://reflect-claremont.cablecast.tv/internetchannel/show/9876?site=1&seekto=4587
1:16:28.50,1:16:32.18,4588.50,4592.18,Frank Sprague,"SAU 6 Board member (Claremont), Claremont School Board Chair ('Frank.' [287] -> [288]; 'did you have something, Frank?' [318] -> [320]; 'Frank.' [347] -> [348]; Pierce: 'What are you saying, Frank?' [552] after [542-546])",I'll get something out through the email.,Speaker 9,https://reflect-claremont.cablecast.tv/internetchannel/show/9876?site=1&seekto=4588
1:16:32.26,1:16:33.30,4592.26,4593.30,Carolyn Towle,SAU 6 Board member (Claremont) (chair 'Carolyn.' [519] -> 'I just wanted to put my name out.' [520]; chair then lists 'Michelle and Carolyn' as volunteers [521]) (uncertain - short remarks),Okay. So you'll.,Speaker 13,https://reflect-claremont.cablecast.tv/internetchannel/show/9876?site=1&seekto=4592
1:16:33.38,1:16:33.86,4593.38,4593.86,Frank Sprague,"SAU 6 Board member (Claremont), Claremont School Board Chair ('Frank.' [287] -> [288]; 'did you have something, Frank?' [318] -> [320]; 'Frank.' [347] -> [348]; Pierce: 'What are you saying, Frank?' [552] after [542-546])",We'll take care.,Speaker 9,https://reflect-claremont.cablecast.tv/internetchannel/show/9876?site=1&seekto=4593
1:16:33.86,1:16:33.94,4593.86,4593.94,Unidentified,"Unidentified - cluster mixes short remarks, seconds, 'aye' and recognitions from several voices",Of.,Speaker 4,https://reflect-claremont.cablecast.tv/internetchannel/show/9876?site=1&seekto=4593
1:16:33.94,1:16:36.46,4593.94,4596.46,Marjorie Erickson,"SAU 6 Board Chair (Unity member) (calls to order [0], asks 'Mary' to call roll [2], opening statement on 'my tenure as chairman ... before you elected me' [10]; later: 'myself as the SA six chair' [582] listed apart from 'Sarah Lowe from unity'; 'The board six chair ... she's actually from unity' [569]; roll call has Marjorie Erickson present [5]; cluster also carries Cory LeClair, see overrides)",It  before you name. And right now.,Speaker 1,https://reflect-claremont.cablecast.tv/internetchannel/show/9876?site=1&seekto=4593
1:16:36.54,1:16:37.50,4596.54,4597.50,Unidentified,"Unidentified - cluster mixes short remarks, seconds, 'aye' and recognitions from several voices",Can you do.,Speaker 4,https://reflect-claremont.cablecast.tv/internetchannel/show/9876?site=1&seekto=4596
1:16:37.50,1:16:38.40,4597.50,4598.40,Carolyn Towle,SAU 6 Board member (Claremont) (chair 'Carolyn.' [519] -> 'I just wanted to put my name out.' [520]; chair then lists 'Michelle and Carolyn' as volunteers [521]) (uncertain - short remarks),That without paying.,Speaker 13,https://reflect-claremont.cablecast.tv/internetchannel/show/9876?site=1&seekto=4597
1:16:38.46,1:16:40.34,4598.46,4600.34,Marjorie Erickson,"SAU 6 Board Chair (Unity member) (calls to order [0], asks 'Mary' to call roll [2], opening statement on 'my tenure as chairman ... before you elected me' [10]; later: 'myself as the SA six chair' [582] listed apart from 'Sarah Lowe from unity'; 'The board six chair ... she's actually from unity' [569]; roll call has Marjorie Erickson present [5]; cluster also carries Cory LeClair, see overrides)",Any session?,Speaker 1,https://reflect-claremont.cablecast.tv/internetchannel/show/9876?site=1&seekto=4598
1:16:40.42,1:16:43.02,4600.42,4603.02,Michelle Pierce,SAU 6 Board member (Claremont) (chair 'Michelle.' [342] -> [343-345]; 'Michelle.' [448] -> [449-454]; volunteers for the search committee [541]); Carolyn Towle segments overridden,"What are you saying, Frank? That you're going to make a choice without.",Speaker 17,https://reflect-claremont.cablecast.tv/internetchannel/show/9876?site=1&seekto=4600
1:16:43.22,1:16:46.30,4603.22,4606.30,Unidentified,"Unidentified - cluster mixes short remarks, seconds, 'aye' and recognitions from several voices","No, no, I didn't say that. This one. Another meeting. Yeah.",Speaker 4,https://reflect-claremont.cablecast.tv/internetchannel/show/9876?site=1&seekto=4603
1:16:46.30,1:16:48.62,4606.30,4608.62,Marjorie Erickson,"SAU 6 Board Chair (Unity member) (calls to order [0], asks 'Mary' to call roll [2], opening statement on 'my tenure as chairman ... before you elected me' [10]; later: 'myself as the SA six chair' [582] listed apart from 'Sarah Lowe from unity'; 'The board six chair ... she's actually from unity' [569]; roll call has Marjorie Erickson present [5]; cluster also carries Cory LeClair, see overrides)","Yeah, you have to do that in an open meeting.",Speaker 1,https://reflect-claremont.cablecast.tv/internetchannel/show/9876?site=1&seekto=4606
1:16:48.78,1:16:50.62,4608.78,4610.62,Steven Horsky,"SAU 6 Board member (Claremont) ('is Steve.' [53] -> [55]; 'Steve.' [299,360,420,647,681] each followed by this cluster; chair 'Steve, if you would make [the motion]' [620] -> [621])",Scheduled meeting and just get it handled.,Speaker 8,https://reflect-claremont.cablecast.tv/internetchannel/show/9876?site=1&seekto=4608
1:16:50.82,1:16:55.42,4610.82,4615.42,Marjorie Erickson,"SAU 6 Board Chair (Unity member) (calls to order [0], asks 'Mary' to call roll [2], opening statement on 'my tenure as chairman ... before you elected me' [10]; later: 'myself as the SA six chair' [582] listed apart from 'Sarah Lowe from unity'; 'The board six chair ... she's actually from unity' [569]; roll call has Marjorie Erickson present [5]; cluster also carries Cory LeClair, see overrides)",Because we need to have a search committee in place.,Speaker 1,https://reflect-claremont.cablecast.tv/internetchannel/show/9876?site=1&seekto=4610
1:16:55.50,1:16:56.74,4615.50,4616.74,Carolyn Towle,SAU 6 Board member (Claremont) (chair 'Carolyn.' [519] -> 'I just wanted to put my name out.' [520]; chair then lists 'Michelle and Carolyn' as volunteers [521]) (uncertain - short remarks),So soon.,Speaker 13,https://reflect-claremont.cablecast.tv/internetchannel/show/9876?site=1&seekto=4615
1:16:56.94,1:17:02.10,4616.94,4622.10,Marjorie Erickson,"SAU 6 Board Chair (Unity member) (calls to order [0], asks 'Mary' to call roll [2], opening statement on 'my tenure as chairman ... before you elected me' [10]; later: 'myself as the SA six chair' [582] listed apart from 'Sarah Lowe from unity'; 'The board six chair ... she's actually from unity' [569]; roll call has Marjorie Erickson present [5]; cluster also carries Cory LeClair, see overrides)","Like by next week. If we can't, we're going to start reviewing applications. I thought so too. We are.",Speaker 1,https://reflect-claremont.cablecast.tv/internetchannel/show/9876?site=1&seekto=4616
1:17:02.26,1:17:04.36,4622.26,4624.36,Unidentified,"Unidentified - cluster mixes short remarks, seconds, 'aye' and recognitions from several voices",We can do.,Speaker 4,https://reflect-claremont.cablecast.tv/internetchannel/show/9876?site=1&seekto=4622
1:17:04.40,1:17:06.80,4624.40,4626.80,Unidentified,"Unidentified - cluster mixes short remarks, seconds, 'aye' and recognitions from several voices",Okay.,Speaker 4,https://reflect-claremont.cablecast.tv/internetchannel/show/9876?site=1&seekto=4624
1:17:06.88,1:17:41.66,4626.88,4661.66,Cory LeClair,"Assistant Superintendent, SAU 6 (acting superintendent designate) (in chair's cluster: holds NH superintendent certification [467-471], will contact the credentialing office Monday [475], 'Marj. Either you or I' [561], 'you decided on Mike, Josh and myself' [600])","Okay. So Claremont board has the action to identify somebody for the interim search committee. So then I'm Marj. Either you or I can reach out to the committee once we get the name from Claremont and start setting up dates. Yes. If that works, yes, I will. We? Yes.",Speaker 1,https://reflect-claremont.cablecast.tv/internetchannel/show/9876?site=1&seekto=4626
1:17:41.74,1:17:42.94,4661.74,4662.94,Michelle Pierce,SAU 6 Board member (Claremont) (chair 'Michelle.' [342] -> [343-345]; 'Michelle.' [448] -> [449-454]; volunteers for the search committee [541]); Carolyn Towle segments overridden,One person.,Speaker 17,https://reflect-claremont.cablecast.tv/internetchannel/show/9876?site=1&seekto=4661
1:17:43.02,1:17:45.30,4663.02,4665.30,Marjorie Erickson,"SAU 6 Board Chair (Unity member) (calls to order [0], asks 'Mary' to call roll [2], opening statement on 'my tenure as chairman ... before you elected me' [10]; later: 'myself as the SA six chair' [582] listed apart from 'Sarah Lowe from unity'; 'The board six chair ... she's actually from unity' [569]; roll call has Marjorie Erickson present [5]; cluster also carries Cory LeClair, see overrides)",You're not in a warranted Claremont board meeting.,Speaker 1,https://reflect-claremont.cablecast.tv/internetchannel/show/9876?site=1&seekto=4663
1:17:45.30,1:17:46.74,4665.30,4666.74,Michelle Pierce,SAU 6 Board member (Claremont) (chair 'Michelle.' [342] -> [343-345]; 'Michelle.' [448] -> [449-454]; volunteers for the search committee [541]); Carolyn Towle segments overridden,I understand that that's.,Speaker 17,https://reflect-claremont.cablecast.tv/internetchannel/show/9876?site=1&seekto=4665
1:17:46.74,1:17:51.46,4666.74,4671.46,Unidentified,"Unidentified - cluster mixes short remarks, seconds, 'aye' and recognitions from several voices",Why can't we. Can't you?,Speaker 4,https://reflect-claremont.cablecast.tv/internetchannel/show/9876?site=1&seekto=4666
1:17:51.54,1:17:52.66,4671.54,4672.66,Marjorie Erickson,"SAU 6 Board Chair (Unity member) (calls to order [0], asks 'Mary' to call roll [2], opening statement on 'my tenure as chairman ... before you elected me' [10]; later: 'myself as the SA six chair' [582] listed apart from 'Sarah Lowe from unity'; 'The board six chair ... she's actually from unity' [569]; roll call has Marjorie Erickson present [5]; cluster also carries Cory LeClair, see overrides)",Does that make sense?,Speaker 1,https://reflect-claremont.cablecast.tv/internetchannel/show/9876?site=1&seekto=4671
1:17:52.74,1:17:56.02,4672.74,4676.02,Michelle Pierce,SAU 6 Board member (Claremont) (chair 'Michelle.' [342] -> [343-345]; 'Michelle.' [448] -> [449-454]; volunteers for the search committee [541]); Carolyn Towle segments overridden,Not a bit business.,Speaker 17,https://reflect-claremont.cablecast.tv/internetchannel/show/9876?site=1&seekto=4672
1:17:56.10,1:18:01.42,4676.10,4681.42,Unidentified,Unidentified - cluster mixes several board members' short remarks,This is an essay. You both boards. This is so great. Elected as a candidate. School board.,Speaker 22,https://reflect-claremont.cablecast.tv/internetchannel/show/9876?site=1&seekto=4676
1:18:01.42,1:18:06.34,4681.42,4686.34,Michelle Pierce,SAU 6 Board member (Claremont) (chair 'Michelle.' [342] -> [343-345]; 'Michelle.' [448] -> [449-454]; volunteers for the search committee [541]); Carolyn Towle segments overridden,The board six chair is going to be part of it. But she's actually from unity.,Speaker 17,https://reflect-claremont.cablecast.tv/internetchannel/show/9876?site=1&seekto=4681
1:18:06.46,1:18:09.10,4686.46,4689.10,Marjorie Erickson,"SAU 6 Board Chair (Unity member) (calls to order [0], asks 'Mary' to call roll [2], opening statement on 'my tenure as chairman ... before you elected me' [10]; later: 'myself as the SA six chair' [582] listed apart from 'Sarah Lowe from unity'; 'The board six chair ... she's actually from unity' [569]; roll call has Marjorie Erickson present [5]; cluster also carries Cory LeClair, see overrides)",Right. And then I'm going to be the unity representative.,Speaker 1,https://reflect-claremont.cablecast.tv/internetchannel/show/9876?site=1&seekto=4686
1:18:09.14,1:18:11.38,4689.14,4691.38,Michelle Pierce,SAU 6 Board member (Claremont) (chair 'Michelle.' [342] -> [343-345]; 'Michelle.' [448] -> [449-454]; volunteers for the search committee [541]); Carolyn Towle segments overridden,Right. So you have two unity people already. And then.,Speaker 17,https://reflect-claremont.cablecast.tv/internetchannel/show/9876?site=1&seekto=4689
1:18:11.42,1:18:12.02,4691.42,4692.02,Marjorie Erickson,"SAU 6 Board Chair (Unity member) (calls to order [0], asks 'Mary' to call roll [2], opening statement on 'my tenure as chairman ... before you elected me' [10]; later: 'myself as the SA six chair' [582] listed apart from 'Sarah Lowe from unity'; 'The board six chair ... she's actually from unity' [569]; roll call has Marjorie Erickson present [5]; cluster also carries Cory LeClair, see overrides)",A Claremont.,Speaker 1,https://reflect-claremont.cablecast.tv/internetchannel/show/9876?site=1&seekto=4691
1:18:12.06,1:18:13.18,4692.06,4693.18,Michelle Pierce,SAU 6 Board member (Claremont) (chair 'Michelle.' [342] -> [343-345]; 'Michelle.' [448] -> [449-454]; volunteers for the search committee [541]); Carolyn Towle segments overridden,Person and one Claremont.,Speaker 17,https://reflect-claremont.cablecast.tv/internetchannel/show/9876?site=1&seekto=4692
1:18:13.18,1:18:32.42,4693.18,4712.42,Marjorie Erickson,"SAU 6 Board Chair (Unity member) (calls to order [0], asks 'Mary' to call roll [2], opening statement on 'my tenure as chairman ... before you elected me' [10]; later: 'myself as the SA six chair' [582] listed apart from 'Sarah Lowe from unity'; 'The board six chair ... she's actually from unity' [569]; roll call has Marjorie Erickson present [5]; cluster also carries Cory LeClair, see overrides)","Person, which is what we as a board decided would happen in our last meeting and took a vote on that. And then at the end of our last meeting,  Claremont was supposed to go back and make a decision about who you guys were going to send to be that representative immunity was doing the same thing.",Speaker 1,https://reflect-claremont.cablecast.tv/internetchannel/show/9876?site=1&seekto=4693
1:18:32.50,1:18:33.06,4712.50,4713.06,Marjorie Erickson,"SAU 6 Board Chair (Unity member) (calls to order [0], asks 'Mary' to call roll [2], opening statement on 'my tenure as chairman ... before you elected me' [10]; later: 'myself as the SA six chair' [582] listed apart from 'Sarah Lowe from unity'; 'The board six chair ... she's actually from unity' [569]; roll call has Marjorie Erickson present [5]; cluster also carries Cory LeClair, see overrides)",Carolyn.,Speaker 1,https://reflect-claremont.cablecast.tv/internetchannel/show/9876?site=1&seekto=4712
1:18:33.22,1:18:33.58,4713.22,4713.58,Unidentified,"Unidentified - cluster mixes short remarks, seconds, 'aye' and recognitions from several voices",Why don't.,Speaker 4,https://reflect-claremont.cablecast.tv/internetchannel/show/9876?site=1&seekto=4713
1:18:33.58,1:18:38.02,4713.58,4718.02,Michelle Pierce,SAU 6 Board member (Claremont) (chair 'Michelle.' [342] -> [343-345]; 'Michelle.' [448] -> [449-454]; volunteers for the search committee [541]); Carolyn Towle segments overridden,I can see. That way.,Speaker 17,https://reflect-claremont.cablecast.tv/internetchannel/show/9876?site=1&seekto=4713
1:18:38.10,1:18:38.54,4718.10,4718.54,Unidentified,"Unidentified - cluster mixes short remarks, seconds, 'aye' and recognitions from several voices",We can't.,Speaker 4,https://reflect-claremont.cablecast.tv/internetchannel/show/9876?site=1&seekto=4718
1:18:38.54,1:18:38.98,4718.54,4718.98,Steven Horsky,"SAU 6 Board member (Claremont) ('is Steve.' [53] -> [55]; 'Steve.' [299,360,420,647,681] each followed by this cluster; chair 'Steve, if you would make [the motion]' [620] -> [621])",Do anything.,Speaker 8,https://reflect-claremont.cablecast.tv/internetchannel/show/9876?site=1&seekto=4718
1:18:39.18,1:18:42.10,4719.18,4722.10,Marjorie Erickson,"SAU 6 Board Chair (Unity member) (calls to order [0], asks 'Mary' to call roll [2], opening statement on 'my tenure as chairman ... before you elected me' [10]; later: 'myself as the SA six chair' [582] listed apart from 'Sarah Lowe from unity'; 'The board six chair ... she's actually from unity' [569]; roll call has Marjorie Erickson present [5]; cluster also carries Cory LeClair, see overrides)",I'm gonna let you do that as your board.,Speaker 1,https://reflect-claremont.cablecast.tv/internetchannel/show/9876?site=1&seekto=4719
1:18:42.10,1:18:44.18,4722.10,4724.18,Unidentified,"Unidentified - cluster mixes short remarks, seconds, 'aye' and recognitions from several voices","So, so so take care.",Speaker 4,https://reflect-claremont.cablecast.tv/internetchannel/show/9876?site=1&seekto=4722
1:18:44.18,1:19:24.98,4724.18,4764.98,Marjorie Erickson,"SAU 6 Board Chair (Unity member) (calls to order [0], asks 'Mary' to call roll [2], opening statement on 'my tenure as chairman ... before you elected me' [10]; later: 'myself as the SA six chair' [582] listed apart from 'Sarah Lowe from unity'; 'The board six chair ... she's actually from unity' [569]; roll call has Marjorie Erickson present [5]; cluster also carries Cory LeClair, see overrides)","Of that. Get the name  to Corey and I next week, and we'll start convening meetings of that group. Okay. So we have five names. We're waiting for the last.  So let's move on to what is now. Oh, Corey  LeClair. Yeah. Josh Malloy, Mike O'Neil from the SA. Sarah Lowe from unity. And then myself is the SA six chair.",Speaker 1,https://reflect-claremont.cablecast.tv/internetchannel/show/9876?site=1&seekto=4724
1:19:25.06,1:19:51.82,4765.06,4791.82,Marjorie Erickson,"SAU 6 Board Chair (Unity member) (calls to order [0], asks 'Mary' to call roll [2], opening statement on 'my tenure as chairman ... before you elected me' [10]; later: 'myself as the SA six chair' [582] listed apart from 'Sarah Lowe from unity'; 'The board six chair ... she's actually from unity' [569]; roll call has Marjorie Erickson present [5]; cluster also carries Cory LeClair, see overrides)","Went by quickly, so I'm going to I'm just as a interesting just so that we can I want to go backwards because I may have just misspoke under number five of our meeting minutes from our last meeting. I just want us to look at that for a second. I'm sorry. If everyone could just read that because we talked a little bit about.",Speaker 1,https://reflect-claremont.cablecast.tv/internetchannel/show/9876?site=1&seekto=4765
1:19:57.96,1:20:20.40,4797.96,4820.40,Marjorie Erickson,"SAU 6 Board Chair (Unity member) (calls to order [0], asks 'Mary' to call roll [2], opening statement on 'my tenure as chairman ... before you elected me' [10]; later: 'myself as the SA six chair' [582] listed apart from 'Sarah Lowe from unity'; 'The board six chair ... she's actually from unity' [569]; roll call has Marjorie Erickson present [5]; cluster also carries Cory LeClair, see overrides)","Who should be on that committee. I'm just putting it out there that what we just talked about is different, and. I'm sorry. I'm just. I gave my minutes away, so I've got it. Pulled them up again. You can, you can. That's okay. So which one are you talking about? Five. Time to secure an interim superintendent of schools.",Speaker 1,https://reflect-claremont.cablecast.tv/internetchannel/show/9876?site=1&seekto=4797
1:20:20.48,1:20:26.96,4820.48,4826.96,Steven Horsky,"SAU 6 Board member (Claremont) ('is Steve.' [53] -> [55]; 'Steve.' [299,360,420,647,681] each followed by this cluster; chair 'Steve, if you would make [the motion]' [620] -> [621])","Plus one member from each board, which. Means wouldn't have anybody.",Speaker 8,https://reflect-claremont.cablecast.tv/internetchannel/show/9876?site=1&seekto=4820
1:20:26.96,1:20:28.84,4826.96,4828.84,Unidentified,"Unidentified - cluster mixes short remarks, seconds, 'aye' and recognitions from several voices",From the essay.,Speaker 4,https://reflect-claremont.cablecast.tv/internetchannel/show/9876?site=1&seekto=4826
1:20:28.92,1:20:30.04,4828.92,4830.04,Steven Horsky,"SAU 6 Board member (Claremont) ('is Steve.' [53] -> [55]; 'Steve.' [299,360,420,647,681] each followed by this cluster; chair 'Steve, if you would make [the motion]' [620] -> [621])",And then it would also.,Speaker 8,https://reflect-claremont.cablecast.tv/internetchannel/show/9876?site=1&seekto=4828
1:20:30.08,1:20:30.60,4830.08,4830.60,Unidentified,"Unidentified - cluster mixes short remarks, seconds, 'aye' and recognitions from several voices",It says.,Speaker 4,https://reflect-claremont.cablecast.tv/internetchannel/show/9876?site=1&seekto=4830
1:20:30.84,1:20:32.76,4830.84,4832.76,Steven Horsky,"SAU 6 Board member (Claremont) ('is Steve.' [53] -> [55]; 'Steve.' [299,360,420,647,681] each followed by this cluster; chair 'Steve, if you would make [the motion]' [620] -> [621])",It would include chair and vice chair.,Speaker 8,https://reflect-claremont.cablecast.tv/internetchannel/show/9876?site=1&seekto=4830
1:20:32.84,1:20:40.12,4832.84,4840.12,Marjorie Erickson,"SAU 6 Board Chair (Unity member) (calls to order [0], asks 'Mary' to call roll [2], opening statement on 'my tenure as chairman ... before you elected me' [10]; later: 'myself as the SA six chair' [582] listed apart from 'Sarah Lowe from unity'; 'The board six chair ... she's actually from unity' [569]; roll call has Marjorie Erickson present [5]; cluster also carries Cory LeClair, see overrides)",So it said chairs of the you the second page which and I maybe we may not.,Speaker 1,https://reflect-claremont.cablecast.tv/internetchannel/show/9876?site=1&seekto=4832
1:20:40.20,1:20:53.28,4840.20,4853.28,Steven Horsky,"SAU 6 Board member (Claremont) ('is Steve.' [53] -> [55]; 'Steve.' [299,360,420,647,681] each followed by this cluster; chair 'Steve, if you would make [the motion]' [620] -> [621])","And that actually makes sense due to balance because that gives you a position of seven. Therefore you could if there's deliberations on who the candidates are, at least you have an odd number.",Speaker 8,https://reflect-claremont.cablecast.tv/internetchannel/show/9876?site=1&seekto=4840
1:20:53.36,1:20:57.12,4853.36,4857.12,Marjorie Erickson,"SAU 6 Board Chair (Unity member) (calls to order [0], asks 'Mary' to call roll [2], opening statement on 'my tenure as chairman ... before you elected me' [10]; later: 'myself as the SA six chair' [582] listed apart from 'Sarah Lowe from unity'; 'The board six chair ... she's actually from unity' [569]; roll call has Marjorie Erickson present [5]; cluster also carries Cory LeClair, see overrides)",Well that's a big committee.,Speaker 1,https://reflect-claremont.cablecast.tv/internetchannel/show/9876?site=1&seekto=4853
1:20:57.20,1:21:07.72,4857.20,4867.72,Marjorie Erickson,"SAU 6 Board Chair (Unity member) (calls to order [0], asks 'Mary' to call roll [2], opening statement on 'my tenure as chairman ... before you elected me' [10]; later: 'myself as the SA six chair' [582] listed apart from 'Sarah Lowe from unity'; 'The board six chair ... she's actually from unity' [569]; roll call has Marjorie Erickson present [5]; cluster also carries Cory LeClair, see overrides)",Okay. So and I don't know I mean I think this is just it's just important to note that that was kind of a discussion. I don't know that we made a final decision.,Speaker 1,https://reflect-claremont.cablecast.tv/internetchannel/show/9876?site=1&seekto=4857
1:21:07.80,1:21:14.92,4867.80,4874.92,Marjorie Erickson,"SAU 6 Board Chair (Unity member) (calls to order [0], asks 'Mary' to call roll [2], opening statement on 'my tenure as chairman ... before you elected me' [10]; later: 'myself as the SA six chair' [582] listed apart from 'Sarah Lowe from unity'; 'The board six chair ... she's actually from unity' [569]; roll call has Marjorie Erickson present [5]; cluster also carries Cory LeClair, see overrides)","So the way it reads right now, we had.",Speaker 1,https://reflect-claremont.cablecast.tv/internetchannel/show/9876?site=1&seekto=4867
1:21:15.00,1:21:38.40,4875.00,4898.40,Marjorie Erickson,"SAU 6 Board Chair (Unity member) (calls to order [0], asks 'Mary' to call roll [2], opening statement on 'my tenure as chairman ... before you elected me' [10]; later: 'myself as the SA six chair' [582] listed apart from 'Sarah Lowe from unity'; 'The board six chair ... she's actually from unity' [569]; roll call has Marjorie Erickson present [5]; cluster also carries Cory LeClair, see overrides)","Talked about Corey, Nate, Josh, plus one member from each board. It was also stated that the chairs of the of each board, the saw six. The Claremont Board and the Unity Board should be on the committee. So now we're talking eight when I do an eight. Yeah that's eight people.",Speaker 1,https://reflect-claremont.cablecast.tv/internetchannel/show/9876?site=1&seekto=4875
1:21:38.48,1:21:39.24,4898.48,4899.24,Unidentified,"Unidentified - cluster mixes short remarks, seconds, 'aye' and recognitions from several voices",I just.,Speaker 4,https://reflect-claremont.cablecast.tv/internetchannel/show/9876?site=1&seekto=4898
1:21:39.32,1:21:40.32,4899.32,4900.32,Steven Horsky,"SAU 6 Board member (Claremont) ('is Steve.' [53] -> [55]; 'Steve.' [299,360,420,647,681] each followed by this cluster; chair 'Steve, if you would make [the motion]' [620] -> [621])",The expectations.,Speaker 8,https://reflect-claremont.cablecast.tv/internetchannel/show/9876?site=1&seekto=4899
1:21:40.40,1:21:43.12,4900.40,4903.12,Unidentified,"Unidentified - cluster mixes short remarks, seconds, 'aye' and recognitions from several voices",Excuse me.,Speaker 4,https://reflect-claremont.cablecast.tv/internetchannel/show/9876?site=1&seekto=4900
1:21:43.20,1:22:04.08,4903.20,4924.08,Cory LeClair,"Assistant Superintendent, SAU 6 (acting superintendent designate) (in chair's cluster: holds NH superintendent certification [467-471], will contact the credentialing office Monday [475], 'Marj. Either you or I' [561], 'you decided on Mike, Josh and myself' [600])","I think  I think we had talked about Nate at that time, but when we got together as a cabinet, you decided on Mike sided Mike, Josh and myself, right. But basically three from the same administrative offices, one from each of the school boards, plus.",Speaker 1,https://reflect-claremont.cablecast.tv/internetchannel/show/9876?site=1&seekto=4903
1:22:04.16,1:22:25.92,4924.16,4945.92,Cory LeClair,"Assistant Superintendent, SAU 6 (acting superintendent designate) (in chair's cluster: holds NH superintendent certification [467-471], will contact the credentialing office Monday [475], 'Marj. Either you or I' [561], 'you decided on Mike, Josh and myself' [600])","Had been the chair of each board plus myself, which is eight people. And we don't have to keep it that way. I just wanted to  refer us back to it. It's a good point. Discussion. It won't be eight people. It will be three seven. It will be seven people. Functionally. Because right. That you need the chair to represent them.",Speaker 1,https://reflect-claremont.cablecast.tv/internetchannel/show/9876?site=1&seekto=4924
1:22:26.00,1:22:28.96,4946.00,4948.96,Marjorie Erickson,"SAU 6 Board Chair (Unity member) (calls to order [0], asks 'Mary' to call roll [2], opening statement on 'my tenure as chairman ... before you elected me' [10]; later: 'myself as the SA six chair' [582] listed apart from 'Sarah Lowe from unity'; 'The board six chair ... she's actually from unity' [569]; roll call has Marjorie Erickson present [5]; cluster also carries Cory LeClair, see overrides)",Yeah. If I'm understanding that correctly.,Speaker 1,https://reflect-claremont.cablecast.tv/internetchannel/show/9876?site=1&seekto=4946
1:22:29.04,1:22:29.88,4949.04,4949.88,Unidentified,"Unidentified - cluster mixes short remarks, seconds, 'aye' and recognitions from several voices",Right.,Speaker 4,https://reflect-claremont.cablecast.tv/internetchannel/show/9876?site=1&seekto=4949
1:22:29.96,1:22:31.68,4949.96,4951.68,Michelle Pierce,SAU 6 Board member (Claremont) (chair 'Michelle.' [342] -> [343-345]; 'Michelle.' [448] -> [449-454]; volunteers for the search committee [541]); Carolyn Towle segments overridden,That's right.,Speaker 17,https://reflect-claremont.cablecast.tv/internetchannel/show/9876?site=1&seekto=4949
1:22:31.76,1:22:38.84,4951.76,4958.84,Marjorie Erickson,"SAU 6 Board Chair (Unity member) (calls to order [0], asks 'Mary' to call roll [2], opening statement on 'my tenure as chairman ... before you elected me' [10]; later: 'myself as the SA six chair' [582] listed apart from 'Sarah Lowe from unity'; 'The board six chair ... she's actually from unity' [569]; roll call has Marjorie Erickson present [5]; cluster also carries Cory LeClair, see overrides)",So then this would potentially read that it would be adding Frank and one other person from Claremont.,Speaker 1,https://reflect-claremont.cablecast.tv/internetchannel/show/9876?site=1&seekto=4951
1:22:38.92,1:22:47.20,4958.92,4967.20,Unidentified,Unidentified - cluster mixes several board members' short remarks,I don't think it's the the chairs before it was the essay chairs that were going the one member from each.,Speaker 22,https://reflect-claremont.cablecast.tv/internetchannel/show/9876?site=1&seekto=4958
1:22:47.28,1:22:48.28,4967.28,4968.28,Marjorie Erickson,"SAU 6 Board Chair (Unity member) (calls to order [0], asks 'Mary' to call roll [2], opening statement on 'my tenure as chairman ... before you elected me' [10]; later: 'myself as the SA six chair' [582] listed apart from 'Sarah Lowe from unity'; 'The board six chair ... she's actually from unity' [569]; roll call has Marjorie Erickson present [5]; cluster also carries Cory LeClair, see overrides)",That's what the not.,Speaker 1,https://reflect-claremont.cablecast.tv/internetchannel/show/9876?site=1&seekto=4967
1:22:48.36,1:22:48.88,4968.36,4968.88,Unidentified,"Unidentified - cluster mixes short remarks, seconds, 'aye' and recognitions from several voices",Know.,Speaker 4,https://reflect-claremont.cablecast.tv/internetchannel/show/9876?site=1&seekto=4968
1:22:48.96,1:22:52.24,4968.96,4972.24,Marjorie Erickson,"SAU 6 Board Chair (Unity member) (calls to order [0], asks 'Mary' to call roll [2], opening statement on 'my tenure as chairman ... before you elected me' [10]; later: 'myself as the SA six chair' [582] listed apart from 'Sarah Lowe from unity'; 'The board six chair ... she's actually from unity' [569]; roll call has Marjorie Erickson present [5]; cluster also carries Cory LeClair, see overrides)",The minutes say the chairs of each of the boards.,Speaker 1,https://reflect-claremont.cablecast.tv/internetchannel/show/9876?site=1&seekto=4968
1:22:52.32,1:22:54.16,4972.32,4974.16,Unidentified,Unidentified - cluster mixes several board members' short remarks,Steve I don't see that statement.,Speaker 22,https://reflect-claremont.cablecast.tv/internetchannel/show/9876?site=1&seekto=4972
1:22:54.24,1:22:55.04,4974.24,4975.04,Steven Horsky,"SAU 6 Board member (Claremont) ('is Steve.' [53] -> [55]; 'Steve.' [299,360,420,647,681] each followed by this cluster; chair 'Steve, if you would make [the motion]' [620] -> [621])",I got a quick.,Speaker 8,https://reflect-claremont.cablecast.tv/internetchannel/show/9876?site=1&seekto=4974
1:22:55.04,1:22:55.32,4975.04,4975.32,Unidentified,"Unidentified - cluster mixes short remarks, seconds, 'aye' and recognitions from several voices",Idea.,Speaker 4,https://reflect-claremont.cablecast.tv/internetchannel/show/9876?site=1&seekto=4975
1:22:55.36,1:22:56.20,4975.36,4976.20,Marjorie Erickson,"SAU 6 Board Chair (Unity member) (calls to order [0], asks 'Mary' to call roll [2], opening statement on 'my tenure as chairman ... before you elected me' [10]; later: 'myself as the SA six chair' [582] listed apart from 'Sarah Lowe from unity'; 'The board six chair ... she's actually from unity' [569]; roll call has Marjorie Erickson present [5]; cluster also carries Cory LeClair, see overrides)",On the next page.,Speaker 1,https://reflect-claremont.cablecast.tv/internetchannel/show/9876?site=1&seekto=4975
1:22:56.40,1:22:57.00,4976.40,4977.00,Unidentified,"Unidentified - cluster mixes short remarks, seconds, 'aye' and recognitions from several voices",It's on the next.,Speaker 4,https://reflect-claremont.cablecast.tv/internetchannel/show/9876?site=1&seekto=4976
1:22:57.00,1:23:03.80,4977.00,4983.80,Steven Horsky,"SAU 6 Board member (Claremont) ('is Steve.' [53] -> [55]; 'Steve.' [299,360,420,647,681] each followed by this cluster; chair 'Steve, if you would make [the motion]' [620] -> [621])",Page balance. It makes the most sense. Claremont unity chair and vice chair. Say you business.,Speaker 8,https://reflect-claremont.cablecast.tv/internetchannel/show/9876?site=1&seekto=4977
1:23:03.84,1:23:05.00,4983.84,4985.00,Unidentified,"Unidentified - cluster mixes short remarks, seconds, 'aye' and recognitions from several voices",Say you  chair.,Speaker 4,https://reflect-claremont.cablecast.tv/internetchannel/show/9876?site=1&seekto=4983
1:23:05.00,1:23:26.24,4985.00,5006.24,Steven Horsky,"SAU 6 Board member (Claremont) ('is Steve.' [53] -> [55]; 'Steve.' [299,360,420,647,681] each followed by this cluster; chair 'Steve, if you would make [the motion]' [620] -> [621])","Vice chair. We got three over here. We're up to five. And then the elected rep from each. That gives us seven. Very simple. Or we can cut to the chase and we can eliminate needing to come back to another deliberation for Claremont and just make it chairs right now, because we already have Sarah, the chair of unity. We have Frank, the chair of Claremont.",Speaker 8,https://reflect-claremont.cablecast.tv/internetchannel/show/9876?site=1&seekto=4985
1:23:26.24,1:23:34.40,5006.24,5014.40,Steven Horsky,"SAU 6 Board member (Claremont) ('is Steve.' [53] -> [55]; 'Steve.' [299,360,420,647,681] each followed by this cluster; chair 'Steve, if you would make [the motion]' [620] -> [621])",Let's get the ball rolling. I think it's very simple.,Speaker 8,https://reflect-claremont.cablecast.tv/internetchannel/show/9876?site=1&seekto=5006
1:23:34.48,1:23:35.68,5014.48,5015.68,Steven Horsky,"SAU 6 Board member (Claremont) ('is Steve.' [53] -> [55]; 'Steve.' [299,360,420,647,681] each followed by this cluster; chair 'Steve, if you would make [the motion]' [620] -> [621])",It's an essay decision.,Speaker 8,https://reflect-claremont.cablecast.tv/internetchannel/show/9876?site=1&seekto=5014
1:23:35.68,1:23:47.44,5015.68,5027.44,Marjorie Erickson,"SAU 6 Board Chair (Unity member) (calls to order [0], asks 'Mary' to call roll [2], opening statement on 'my tenure as chairman ... before you elected me' [10]; later: 'myself as the SA six chair' [582] listed apart from 'Sarah Lowe from unity'; 'The board six chair ... she's actually from unity' [569]; roll call has Marjorie Erickson present [5]; cluster also carries Cory LeClair, see overrides)","So it is an essay decision. So I guess I need a specific motion. So, Steve, if you would make successful.",Speaker 1,https://reflect-claremont.cablecast.tv/internetchannel/show/9876?site=1&seekto=5015
1:23:47.52,1:24:11.64,5027.52,5051.64,Steven Horsky,"SAU 6 Board member (Claremont) ('is Steve.' [53] -> [55]; 'Steve.' [299,360,420,647,681] each followed by this cluster; chair 'Steve, if you would make [the motion]' [620] -> [621])","Okay, I'm going to make the motion that the representation representatives from, say you six being the board would be the  chair and vice chair, then my recommendation from there would be that it would be the chair from each of the school boards, from each district unity in Claremont.",Speaker 8,https://reflect-claremont.cablecast.tv/internetchannel/show/9876?site=1&seekto=5027
1:24:11.72,1:24:14.12,5051.72,5054.12,Michael Petrin,SAU 6 Board Vice Chair (Claremont) (proposes 'preference given to those with current New Hampshire certification' [466]; Sprague: 'The way Mike suggested that preference given' [479]) (uncertain - few segments),I think.,Speaker 12,https://reflect-claremont.cablecast.tv/internetchannel/show/9876?site=1&seekto=5051
1:24:14.20,1:24:17.28,5054.20,5057.28,Michelle Pierce,SAU 6 Board member (Claremont) (chair 'Michelle.' [342] -> [343-345]; 'Michelle.' [448] -> [449-454]; volunteers for the search committee [541]); Carolyn Towle segments overridden,And then one from each.,Speaker 17,https://reflect-claremont.cablecast.tv/internetchannel/show/9876?site=1&seekto=5054
1:24:17.36,1:24:37.72,5057.36,5077.72,Marjorie Erickson,"SAU 6 Board Chair (Unity member) (calls to order [0], asks 'Mary' to call roll [2], opening statement on 'my tenure as chairman ... before you elected me' [10]; later: 'myself as the SA six chair' [582] listed apart from 'Sarah Lowe from unity'; 'The board six chair ... she's actually from unity' [569]; roll call has Marjorie Erickson present [5]; cluster also carries Cory LeClair, see overrides)","That's not what he said. It's not the most. No, I,  I'm going to  the motion was to have the the  essay six chair person and vice chairperson. Correct that the unity chairperson and the Claremont chairperson. So now we're up to four.",Speaker 1,https://reflect-claremont.cablecast.tv/internetchannel/show/9876?site=1&seekto=5057
1:24:37.92,1:24:38.36,5077.92,5078.36,Steven Horsky,"SAU 6 Board member (Claremont) ('is Steve.' [53] -> [55]; 'Steve.' [299,360,420,647,681] each followed by this cluster; chair 'Steve, if you would make [the motion]' [620] -> [621])",Along.,Speaker 8,https://reflect-claremont.cablecast.tv/internetchannel/show/9876?site=1&seekto=5077
1:24:38.36,1:24:49.08,5078.36,5089.08,Marjorie Erickson,"SAU 6 Board Chair (Unity member) (calls to order [0], asks 'Mary' to call roll [2], opening statement on 'my tenure as chairman ... before you elected me' [10]; later: 'myself as the SA six chair' [582] listed apart from 'Sarah Lowe from unity'; 'The board six chair ... she's actually from unity' [569]; roll call has Marjorie Erickson present [5]; cluster also carries Cory LeClair, see overrides)",With and then the reps which are three. So that would be seven. So that's the motion that that comprised the board.,Speaker 1,https://reflect-claremont.cablecast.tv/internetchannel/show/9876?site=1&seekto=5078
1:24:49.16,1:24:51.68,5089.16,5091.68,Unidentified,"Unidentified - cluster mixes short remarks, seconds, 'aye' and recognitions from several voices",I'll second that.,Speaker 4,https://reflect-claremont.cablecast.tv/internetchannel/show/9876?site=1&seekto=5089
1:24:51.76,1:25:08.10,5091.76,5108.10,Marjorie Erickson,"SAU 6 Board Chair (Unity member) (calls to order [0], asks 'Mary' to call roll [2], opening statement on 'my tenure as chairman ... before you elected me' [10]; later: 'myself as the SA six chair' [582] listed apart from 'Sarah Lowe from unity'; 'The board six chair ... she's actually from unity' [569]; roll call has Marjorie Erickson present [5]; cluster also carries Cory LeClair, see overrides)","Discussion. All those in favor. I say I, I all those opposed.",Speaker 1,https://reflect-claremont.cablecast.tv/internetchannel/show/9876?site=1&seekto=5091
1:25:08.18,1:25:18.28,5108.18,5118.28,Marjorie Erickson,"SAU 6 Board Chair (Unity member) (calls to order [0], asks 'Mary' to call roll [2], opening statement on 'my tenure as chairman ... before you elected me' [10]; later: 'myself as the SA six chair' [582] listed apart from 'Sarah Lowe from unity'; 'The board six chair ... she's actually from unity' [569]; roll call has Marjorie Erickson present [5]; cluster also carries Cory LeClair, see overrides)",Okay then that's the I'm sorry ask if anyone. Oh did anybody abstain I'm sorry.,Speaker 1,https://reflect-claremont.cablecast.tv/internetchannel/show/9876?site=1&seekto=5108
1:25:18.36,1:25:24.48,5118.36,5124.48,Marjorie Erickson,"SAU 6 Board Chair (Unity member) (calls to order [0], asks 'Mary' to call roll [2], opening statement on 'my tenure as chairman ... before you elected me' [10]; later: 'myself as the SA six chair' [582] listed apart from 'Sarah Lowe from unity'; 'The board six chair ... she's actually from unity' [569]; roll call has Marjorie Erickson present [5]; cluster also carries Cory LeClair, see overrides)",Okay then that's the the board for what.,Speaker 1,https://reflect-claremont.cablecast.tv/internetchannel/show/9876?site=1&seekto=5118
1:25:24.56,1:25:28.84,5124.56,5128.84,Michelle Pierce,SAU 6 Board member (Claremont) (chair 'Michelle.' [342] -> [343-345]; 'Michelle.' [448] -> [449-454]; volunteers for the search committee [541]); Carolyn Towle segments overridden,The motion didn't have a choice today.,Speaker 17,https://reflect-claremont.cablecast.tv/internetchannel/show/9876?site=1&seekto=5124
1:25:28.92,1:25:33.59,5128.92,5133.59,Marjorie Erickson,"SAU 6 Board Chair (Unity member) (calls to order [0], asks 'Mary' to call roll [2], opening statement on 'my tenure as chairman ... before you elected me' [10]; later: 'myself as the SA six chair' [582] listed apart from 'Sarah Lowe from unity'; 'The board six chair ... she's actually from unity' [569]; roll call has Marjorie Erickson present [5]; cluster also carries Cory LeClair, see overrides)",You could have voted no and you could have. Oh well I didn't I.,Speaker 1,https://reflect-claremont.cablecast.tv/internetchannel/show/9876?site=1&seekto=5128
1:25:33.59,1:25:46.48,5133.59,5146.48,Michelle Pierce,SAU 6 Board member (Claremont) (chair 'Michelle.' [342] -> [343-345]; 'Michelle.' [448] -> [449-454]; volunteers for the search committee [541]); Carolyn Towle segments overridden,"Just felt it was unfair personally, because I feel like some of the people that have been on this board haven't been on this board for very long.  Some of those people have been on our board, have been on our board a little bit longer. I was an experience I was hoping to learn.",Speaker 17,https://reflect-claremont.cablecast.tv/internetchannel/show/9876?site=1&seekto=5133
1:25:46.56,1:25:49.68,5146.56,5149.68,Marjorie Erickson,"SAU 6 Board Chair (Unity member) (calls to order [0], asks 'Mary' to call roll [2], opening statement on 'my tenure as chairman ... before you elected me' [10]; later: 'myself as the SA six chair' [582] listed apart from 'Sarah Lowe from unity'; 'The board six chair ... she's actually from unity' [569]; roll call has Marjorie Erickson present [5]; cluster also carries Cory LeClair, see overrides)",I asked for discussion. At the time.,Speaker 1,https://reflect-claremont.cablecast.tv/internetchannel/show/9876?site=1&seekto=5146
1:25:49.76,1:25:55.16,5149.76,5155.16,Michelle Pierce,SAU 6 Board member (Claremont) (chair 'Michelle.' [342] -> [343-345]; 'Michelle.' [448] -> [449-454]; volunteers for the search committee [541]); Carolyn Towle segments overridden,I didn't know that was and very confused.,Speaker 17,https://reflect-claremont.cablecast.tv/internetchannel/show/9876?site=1&seekto=5149
1:25:55.24,1:25:57.52,5155.24,5157.52,Marjorie Erickson,"SAU 6 Board Chair (Unity member) (calls to order [0], asks 'Mary' to call roll [2], opening statement on 'my tenure as chairman ... before you elected me' [10]; later: 'myself as the SA six chair' [582] listed apart from 'Sarah Lowe from unity'; 'The board six chair ... she's actually from unity' [569]; roll call has Marjorie Erickson present [5]; cluster also carries Cory LeClair, see overrides)","Okay, well, we've had the motion.",Speaker 1,https://reflect-claremont.cablecast.tv/internetchannel/show/9876?site=1&seekto=5155
1:25:57.60,1:26:03.76,5157.60,5163.76,Michelle Pierce,SAU 6 Board member (Claremont) (chair 'Michelle.' [342] -> [343-345]; 'Michelle.' [448] -> [449-454]; volunteers for the search committee [541]); Carolyn Towle segments overridden,He took and started talking about how it was going to be  handled by him for our people.,Speaker 17,https://reflect-claremont.cablecast.tv/internetchannel/show/9876?site=1&seekto=5157
1:26:03.84,1:26:11.32,5163.84,5171.32,Marjorie Erickson,"SAU 6 Board Chair (Unity member) (calls to order [0], asks 'Mary' to call roll [2], opening statement on 'my tenure as chairman ... before you elected me' [10]; later: 'myself as the SA six chair' [582] listed apart from 'Sarah Lowe from unity'; 'The board six chair ... she's actually from unity' [569]; roll call has Marjorie Erickson present [5]; cluster also carries Cory LeClair, see overrides)","I understand, but we had a motion on the table that was seconded and we discussed it. Nobody discussed and now it's passed.",Speaker 1,https://reflect-claremont.cablecast.tv/internetchannel/show/9876?site=1&seekto=5163
1:26:11.40,1:26:13.12,5171.40,5173.12,Michelle Pierce,SAU 6 Board member (Claremont) (chair 'Michelle.' [342] -> [343-345]; 'Michelle.' [448] -> [449-454]; volunteers for the search committee [541]); Carolyn Towle segments overridden,"Okay, great.",Speaker 17,https://reflect-claremont.cablecast.tv/internetchannel/show/9876?site=1&seekto=5171
1:26:13.20,1:26:26.10,5173.20,5186.10,Marjorie Erickson,"SAU 6 Board Chair (Unity member) (calls to order [0], asks 'Mary' to call roll [2], opening statement on 'my tenure as chairman ... before you elected me' [10]; later: 'myself as the SA six chair' [582] listed apart from 'Sarah Lowe from unity'; 'The board six chair ... she's actually from unity' [569]; roll call has Marjorie Erickson present [5]; cluster also carries Cory LeClair, see overrides)","So can I just then connect with those individuals at the end of this meeting to set a date to meet? Yes, yes. And we,",Speaker 1,https://reflect-claremont.cablecast.tv/internetchannel/show/9876?site=1&seekto=5173
1:26:26.18,1:26:33.26,5186.18,5193.26,Marjorie Erickson,"SAU 6 Board Chair (Unity member) (calls to order [0], asks 'Mary' to call roll [2], opening statement on 'my tenure as chairman ... before you elected me' [10]; later: 'myself as the SA six chair' [582] listed apart from 'Sarah Lowe from unity'; 'The board six chair ... she's actually from unity' [569]; roll call has Marjorie Erickson present [5]; cluster also carries Cory LeClair, see overrides)","We'll, we'll need to  define whether or not we have to warn those.",Speaker 1,https://reflect-claremont.cablecast.tv/internetchannel/show/9876?site=1&seekto=5186
1:26:33.34,1:26:44.02,5193.34,5204.02,Marjorie Erickson,"SAU 6 Board Chair (Unity member) (calls to order [0], asks 'Mary' to call roll [2], opening statement on 'my tenure as chairman ... before you elected me' [10]; later: 'myself as the SA six chair' [582] listed apart from 'Sarah Lowe from unity'; 'The board six chair ... she's actually from unity' [569]; roll call has Marjorie Erickson present [5]; cluster also carries Cory LeClair, see overrides)","Or not. We'll have. Yeah, we'll have to talk about that. I'm not saying that we do. I just we wanted to. I think that we want open meetings. We probably should. Steve.",Speaker 1,https://reflect-claremont.cablecast.tv/internetchannel/show/9876?site=1&seekto=5193
1:26:44.10,1:26:49.70,5204.10,5209.70,Steven Horsky,"SAU 6 Board member (Claremont) ('is Steve.' [53] -> [55]; 'Steve.' [299,360,420,647,681] each followed by this cluster; chair 'Steve, if you would make [the motion]' [620] -> [621])","Well, you don't have a quorum at those, so I don't know if you'd necessarily need to warn it.",Speaker 8,https://reflect-claremont.cablecast.tv/internetchannel/show/9876?site=1&seekto=5204
1:26:49.78,1:27:06.78,5209.78,5226.78,Marjorie Erickson,"SAU 6 Board Chair (Unity member) (calls to order [0], asks 'Mary' to call roll [2], opening statement on 'my tenure as chairman ... before you elected me' [10]; later: 'myself as the SA six chair' [582] listed apart from 'Sarah Lowe from unity'; 'The board six chair ... she's actually from unity' [569]; roll call has Marjorie Erickson present [5]; cluster also carries Cory LeClair, see overrides)",And I think it's a it's a hiring committee. And we would be looking at people's resumes. And I don't think that's  something that would be published. Yeah. That would not be published.  I do not think that that's what we do know. And it's just a question of whether it actually needs to be warned as a non forum. Okay.,Speaker 1,https://reflect-claremont.cablecast.tv/internetchannel/show/9876?site=1&seekto=5209
1:27:06.86,1:27:11.82,5226.86,5231.82,Marjorie Erickson,"SAU 6 Board Chair (Unity member) (calls to order [0], asks 'Mary' to call roll [2], opening statement on 'my tenure as chairman ... before you elected me' [10]; later: 'myself as the SA six chair' [582] listed apart from 'Sarah Lowe from unity'; 'The board six chair ... she's actually from unity' [569]; roll call has Marjorie Erickson present [5]; cluster also carries Cory LeClair, see overrides)",Okay.,Speaker 1,https://reflect-claremont.cablecast.tv/internetchannel/show/9876?site=1&seekto=5226
1:27:11.90,1:27:44.90,5231.90,5264.90,Marjorie Erickson,"SAU 6 Board Chair (Unity member) (calls to order [0], asks 'Mary' to call roll [2], opening statement on 'my tenure as chairman ... before you elected me' [10]; later: 'myself as the SA six chair' [582] listed apart from 'Sarah Lowe from unity'; 'The board six chair ... she's actually from unity' [569]; roll call has Marjorie Erickson present [5]; cluster also carries Cory LeClair, see overrides)","I'm sorry, the press release, we're at the press release. You all have a draft  again clearly labeled draft because this is words that I put together as a, as my favorite thing a straw man. And I'm hoping it  it basically says what we are going to do or what we where we are in the process. If anybody has thoughts on wordsmithing it or.",Speaker 1,https://reflect-claremont.cablecast.tv/internetchannel/show/9876?site=1&seekto=5231
1:27:44.98,1:27:53.86,5264.98,5273.86,Marjorie Erickson,"SAU 6 Board Chair (Unity member) (calls to order [0], asks 'Mary' to call roll [2], opening statement on 'my tenure as chairman ... before you elected me' [10]; later: 'myself as the SA six chair' [582] listed apart from 'Sarah Lowe from unity'; 'The board six chair ... she's actually from unity' [569]; roll call has Marjorie Erickson present [5]; cluster also carries Cory LeClair, see overrides)","We've decided we do want to make press releases, and so now we have to make sure that we're all on the same page with what the press release says. Steve.",Speaker 1,https://reflect-claremont.cablecast.tv/internetchannel/show/9876?site=1&seekto=5264
1:27:53.90,1:27:58.98,5273.90,5278.98,Steven Horsky,"SAU 6 Board member (Claremont) ('is Steve.' [53] -> [55]; 'Steve.' [299,360,420,647,681] each followed by this cluster; chair 'Steve, if you would make [the motion]' [620] -> [621])",We obviously have some corrections because it's speaking as though it was released before tonight's meeting.,Speaker 8,https://reflect-claremont.cablecast.tv/internetchannel/show/9876?site=1&seekto=5273
1:27:59.06,1:28:00.38,5279.06,5280.38,Unidentified,"Unidentified - cluster mixes short remarks, seconds, 'aye' and recognitions from several voices",True. So we.,Speaker 4,https://reflect-claremont.cablecast.tv/internetchannel/show/9876?site=1&seekto=5279
1:28:00.46,1:28:02.10,5280.46,5282.10,Marjorie Erickson,"SAU 6 Board Chair (Unity member) (calls to order [0], asks 'Mary' to call roll [2], opening statement on 'my tenure as chairman ... before you elected me' [10]; later: 'myself as the SA six chair' [582] listed apart from 'Sarah Lowe from unity'; 'The board six chair ... she's actually from unity' [569]; roll call has Marjorie Erickson present [5]; cluster also carries Cory LeClair, see overrides)",So we need to change that.,Speaker 1,https://reflect-claremont.cablecast.tv/internetchannel/show/9876?site=1&seekto=5280
1:28:02.22,1:28:03.62,5282.22,5283.62,Michelle Pierce,SAU 6 Board member (Claremont) (chair 'Michelle.' [342] -> [343-345]; 'Michelle.' [448] -> [449-454]; volunteers for the search committee [541]); Carolyn Towle segments overridden,So you could say.,Speaker 17,https://reflect-claremont.cablecast.tv/internetchannel/show/9876?site=1&seekto=5282
1:28:03.70,1:28:13.22,5283.70,5293.22,Marjorie Erickson,"SAU 6 Board Chair (Unity member) (calls to order [0], asks 'Mary' to call roll [2], opening statement on 'my tenure as chairman ... before you elected me' [10]; later: 'myself as the SA six chair' [582] listed apart from 'Sarah Lowe from unity'; 'The board six chair ... she's actually from unity' [569]; roll call has Marjorie Erickson present [5]; cluster also carries Cory LeClair, see overrides)",As the succession plan has was approved. Yep. Was by the board.,Speaker 1,https://reflect-claremont.cablecast.tv/internetchannel/show/9876?site=1&seekto=5283
1:28:13.30,1:28:13.92,5293.30,5293.92,Marjorie Erickson,"SAU 6 Board Chair (Unity member) (calls to order [0], asks 'Mary' to call roll [2], opening statement on 'my tenure as chairman ... before you elected me' [10]; later: 'myself as the SA six chair' [582] listed apart from 'Sarah Lowe from unity'; 'The board six chair ... she's actually from unity' [569]; roll call has Marjorie Erickson present [5]; cluster also carries Cory LeClair, see overrides)",That's been.,Speaker 1,https://reflect-claremont.cablecast.tv/internetchannel/show/9876?site=1&seekto=5293
1:28:13.92,1:28:15.08,5293.92,5295.08,Michael Petrin,SAU 6 Board Vice Chair (Claremont) (proposes 'preference given to those with current New Hampshire certification' [466]; Sprague: 'The way Mike suggested that preference given' [479]) (uncertain - few segments),A approved.,Speaker 12,https://reflect-claremont.cablecast.tv/internetchannel/show/9876?site=1&seekto=5293
1:28:15.16,1:28:25.53,5295.16,5305.53,Marjorie Erickson,"SAU 6 Board Chair (Unity member) (calls to order [0], asks 'Mary' to call roll [2], opening statement on 'my tenure as chairman ... before you elected me' [10]; later: 'myself as the SA six chair' [582] listed apart from 'Sarah Lowe from unity'; 'The board six chair ... she's actually from unity' [569]; roll call has Marjorie Erickson present [5]; cluster also carries Cory LeClair, see overrides)",Yes.,Speaker 1,https://reflect-claremont.cablecast.tv/internetchannel/show/9876?site=1&seekto=5295
1:28:25.61,1:28:39.50,5305.61,5319.50,Steven Horsky,"SAU 6 Board member (Claremont) ('is Steve.' [53] -> [55]; 'Steve.' [299,360,420,647,681] each followed by this cluster; chair 'Steve, if you would make [the motion]' [620] -> [621])",And the  other piece of that was that we put defined in the s a strategic plan. We also discussed creating one of those tonight. So that might need some deletion or correction.,Speaker 8,https://reflect-claremont.cablecast.tv/internetchannel/show/9876?site=1&seekto=5305
1:28:39.58,1:28:40.01,5319.58,5320.01,Unidentified,"Unidentified - cluster mixes short remarks, seconds, 'aye' and recognitions from several voices",Maybe one.,Speaker 4,https://reflect-claremont.cablecast.tv/internetchannel/show/9876?site=1&seekto=5319
1:28:40.14,1:28:41.45,5320.14,5321.45,Frank Sprague,"SAU 6 Board member (Claremont), Claremont School Board Chair ('Frank.' [287] -> [288]; 'did you have something, Frank?' [318] -> [320]; 'Frank.' [347] -> [348]; Pierce: 'What are you saying, Frank?' [552] after [542-546])",Use the word like in sync.,Speaker 9,https://reflect-claremont.cablecast.tv/internetchannel/show/9876?site=1&seekto=5320
1:28:41.50,1:28:44.18,5321.50,5324.18,Unidentified,"Unidentified - cluster mixes short remarks, seconds, 'aye' and recognitions from several voices",Isn't it kind of slinky?,Speaker 4,https://reflect-claremont.cablecast.tv/internetchannel/show/9876?site=1&seekto=5321
1:28:44.26,1:28:49.78,5324.26,5329.78,Frank Sprague,"SAU 6 Board member (Claremont), Claremont School Board Chair ('Frank.' [287] -> [288]; 'did you have something, Frank?' [318] -> [320]; 'Frank.' [347] -> [348]; Pierce: 'What are you saying, Frank?' [552] after [542-546])",I don't know. It seemed was teaching me I can't help it so well.,Speaker 9,https://reflect-claremont.cablecast.tv/internetchannel/show/9876?site=1&seekto=5324
1:28:49.78,1:28:56.10,5329.78,5336.10,Marjorie Erickson,"SAU 6 Board Chair (Unity member) (calls to order [0], asks 'Mary' to call roll [2], opening statement on 'my tenure as chairman ... before you elected me' [10]; later: 'myself as the SA six chair' [582] listed apart from 'Sarah Lowe from unity'; 'The board six chair ... she's actually from unity' [569]; roll call has Marjorie Erickson present [5]; cluster also carries Cory LeClair, see overrides)","It should be hyphenated. In any event, I'm happy with any wordsmithing you would like to do.",Speaker 1,https://reflect-claremont.cablecast.tv/internetchannel/show/9876?site=1&seekto=5329
1:28:56.18,1:29:00.10,5336.18,5340.10,Frank Sprague,"SAU 6 Board member (Claremont), Claremont School Board Chair ('Frank.' [287] -> [288]; 'did you have something, Frank?' [318] -> [320]; 'Frank.' [347] -> [348]; Pierce: 'What are you saying, Frank?' [552] after [542-546])",I'd be okay with it if it was in sort of in parentheses or something like that.,Speaker 9,https://reflect-claremont.cablecast.tv/internetchannel/show/9876?site=1&seekto=5336
1:29:01.18,1:29:25.98,5341.18,5365.98,Marjorie Erickson,"SAU 6 Board Chair (Unity member) (calls to order [0], asks 'Mary' to call roll [2], opening statement on 'my tenure as chairman ... before you elected me' [10]; later: 'myself as the SA six chair' [582] listed apart from 'Sarah Lowe from unity'; 'The board six chair ... she's actually from unity' [569]; roll call has Marjorie Erickson present [5]; cluster also carries Cory LeClair, see overrides)","What I was trying to convey is that we're looking for someone who, fits with, I'm sorry, who fits with the. Yeah. Who fits with with our vision and our goals and our values. I mean, so  aligned with I'm.  I like okay aligned I like that. Does that work better?",Speaker 1,https://reflect-claremont.cablecast.tv/internetchannel/show/9876?site=1&seekto=5341
1:29:26.02,1:29:26.46,5366.02,5366.46,Unidentified,"Unidentified - cluster mixes short remarks, seconds, 'aye' and recognitions from several voices",Yes.,Speaker 4,https://reflect-claremont.cablecast.tv/internetchannel/show/9876?site=1&seekto=5366
1:29:26.50,1:29:29.30,5366.50,5369.30,Marjorie Erickson,"SAU 6 Board Chair (Unity member) (calls to order [0], asks 'Mary' to call roll [2], opening statement on 'my tenure as chairman ... before you elected me' [10]; later: 'myself as the SA six chair' [582] listed apart from 'Sarah Lowe from unity'; 'The board six chair ... she's actually from unity' [569]; roll call has Marjorie Erickson present [5]; cluster also carries Cory LeClair, see overrides)","Perfect. That's not a boy band. No, I.",Speaker 1,https://reflect-claremont.cablecast.tv/internetchannel/show/9876?site=1&seekto=5366
1:29:29.30,1:29:31.78,5369.30,5371.78,Unidentified,"Unidentified - cluster mixes short remarks, seconds, 'aye' and recognitions from several voices",Might be.,Speaker 4,https://reflect-claremont.cablecast.tv/internetchannel/show/9876?site=1&seekto=5369
1:29:31.86,1:29:34.70,5371.86,5374.70,Marjorie Erickson,"SAU 6 Board Chair (Unity member) (calls to order [0], asks 'Mary' to call roll [2], opening statement on 'my tenure as chairman ... before you elected me' [10]; later: 'myself as the SA six chair' [582] listed apart from 'Sarah Lowe from unity'; 'The board six chair ... she's actually from unity' [569]; roll call has Marjorie Erickson present [5]; cluster also carries Cory LeClair, see overrides)",A boy band.,Speaker 1,https://reflect-claremont.cablecast.tv/internetchannel/show/9876?site=1&seekto=5371
1:29:34.78,1:29:36.86,5374.78,5376.86,Unidentified,"Unidentified - cluster mixes short remarks, seconds, 'aye' and recognitions from several voices","All your time, but.",Speaker 4,https://reflect-claremont.cablecast.tv/internetchannel/show/9876?site=1&seekto=5374
1:29:36.94,1:29:46.94,5376.94,5386.94,Marjorie Erickson,"SAU 6 Board Chair (Unity member) (calls to order [0], asks 'Mary' to call roll [2], opening statement on 'my tenure as chairman ... before you elected me' [10]; later: 'myself as the SA six chair' [582] listed apart from 'Sarah Lowe from unity'; 'The board six chair ... she's actually from unity' [569]; roll call has Marjorie Erickson present [5]; cluster also carries Cory LeClair, see overrides)","I think that was the first concert I went to with the girls when they were a little, Which tells you how long they've been around.",Speaker 1,https://reflect-claremont.cablecast.tv/internetchannel/show/9876?site=1&seekto=5376
1:29:47.02,1:30:20.06,5387.02,5420.06,Marjorie Erickson,"SAU 6 Board Chair (Unity member) (calls to order [0], asks 'Mary' to call roll [2], opening statement on 'my tenure as chairman ... before you elected me' [10]; later: 'myself as the SA six chair' [582] listed apart from 'Sarah Lowe from unity'; 'The board six chair ... she's actually from unity' [569]; roll call has Marjorie Erickson present [5]; cluster also carries Cory LeClair, see overrides)","Is there any other. I mean, do we want the rest of it in  in here as far as evaluating strengths, weaknesses and gaps? I mean, my concern is that we just talked about we don't have a say G plan on which line so that you. Oh, okay. So you might need to say something along the lines of well we're going to formulate a strategic plan in this superintendent.",Speaker 1,https://reflect-claremont.cablecast.tv/internetchannel/show/9876?site=1&seekto=5387
1:30:20.14,1:30:31.90,5420.14,5431.90,Marjorie Erickson,"SAU 6 Board Chair (Unity member) (calls to order [0], asks 'Mary' to call roll [2], opening statement on 'my tenure as chairman ... before you elected me' [10]; later: 'myself as the SA six chair' [582] listed apart from 'Sarah Lowe from unity'; 'The board six chair ... she's actually from unity' [569]; roll call has Marjorie Erickson present [5]; cluster also carries Cory LeClair, see overrides)",Interim superintendent will help us to to implement the strategic plan. Or maybe no  interim is a placeholder. So how do we want to just I would.,Speaker 1,https://reflect-claremont.cablecast.tv/internetchannel/show/9876?site=1&seekto=5420
1:30:31.90,1:30:41.62,5431.90,5441.62,Unidentified,Unidentified - board member editing the press release [673-698],"Just end that sentence with, say, six core values and cross the rest off because they're not going to lead us in doing anything new.",Speaker 23,https://reflect-claremont.cablecast.tv/internetchannel/show/9876?site=1&seekto=5431
1:30:41.70,1:30:45.30,5441.70,5445.30,Unidentified,"Unidentified - cluster mixes short remarks, seconds, 'aye' and recognitions from several voices",What I was thinking.,Speaker 4,https://reflect-claremont.cablecast.tv/internetchannel/show/9876?site=1&seekto=5441
1:30:45.38,1:30:52.38,5445.38,5452.38,Marjorie Erickson,"SAU 6 Board Chair (Unity member) (calls to order [0], asks 'Mary' to call roll [2], opening statement on 'my tenure as chairman ... before you elected me' [10]; later: 'myself as the SA six chair' [582] listed apart from 'Sarah Lowe from unity'; 'The board six chair ... she's actually from unity' [569]; roll call has Marjorie Erickson present [5]; cluster also carries Cory LeClair, see overrides)",Okay.,Speaker 1,https://reflect-claremont.cablecast.tv/internetchannel/show/9876?site=1&seekto=5445
1:30:52.46,1:30:55.22,5452.46,5455.22,Marjorie Erickson,"SAU 6 Board Chair (Unity member) (calls to order [0], asks 'Mary' to call roll [2], opening statement on 'my tenure as chairman ... before you elected me' [10]; later: 'myself as the SA six chair' [582] listed apart from 'Sarah Lowe from unity'; 'The board six chair ... she's actually from unity' [569]; roll call has Marjorie Erickson present [5]; cluster also carries Cory LeClair, see overrides)",Agreed.,Speaker 1,https://reflect-claremont.cablecast.tv/internetchannel/show/9876?site=1&seekto=5452
1:30:55.30,1:31:04.98,5455.30,5464.98,Marjorie Erickson,"SAU 6 Board Chair (Unity member) (calls to order [0], asks 'Mary' to call roll [2], opening statement on 'my tenure as chairman ... before you elected me' [10]; later: 'myself as the SA six chair' [582] listed apart from 'Sarah Lowe from unity'; 'The board six chair ... she's actually from unity' [569]; roll call has Marjorie Erickson present [5]; cluster also carries Cory LeClair, see overrides)",We want to leave the rest. Are there any other changes? I'm not sure I really like.,Speaker 1,https://reflect-claremont.cablecast.tv/internetchannel/show/9876?site=1&seekto=5455
1:31:05.10,1:31:14.74,5465.10,5474.74,Unidentified,Unidentified - board member editing the press release [673-698],"I'm just gonna. It is expected that the superintendent search process will begin with an evaluation of the strengths, weaknesses, gaps, and desired outcomes of the current educational process.",Speaker 23,https://reflect-claremont.cablecast.tv/internetchannel/show/9876?site=1&seekto=5465
1:31:14.82,1:31:33.06,5474.82,5493.06,Marjorie Erickson,"SAU 6 Board Chair (Unity member) (calls to order [0], asks 'Mary' to call roll [2], opening statement on 'my tenure as chairman ... before you elected me' [10]; later: 'myself as the SA six chair' [582] listed apart from 'Sarah Lowe from unity'; 'The board six chair ... she's actually from unity' [569]; roll call has Marjorie Erickson present [5]; cluster also carries Cory LeClair, see overrides)","No, I didn't really care for that either. But I want to convey that we are going to, the point I want to get across is that we are going to assess where we are and create a plan for moving forward. And I need it needs.",Speaker 1,https://reflect-claremont.cablecast.tv/internetchannel/show/9876?site=1&seekto=5474
1:31:33.06,1:31:37.82,5493.06,5497.82,Unidentified,Unidentified - board member editing the press release [673-698],To say the board is in the process of completing a self-evaluation.,Speaker 23,https://reflect-claremont.cablecast.tv/internetchannel/show/9876?site=1&seekto=5493
1:31:37.90,1:31:51.42,5497.90,5511.42,Marjorie Erickson,"SAU 6 Board Chair (Unity member) (calls to order [0], asks 'Mary' to call roll [2], opening statement on 'my tenure as chairman ... before you elected me' [10]; later: 'myself as the SA six chair' [582] listed apart from 'Sarah Lowe from unity'; 'The board six chair ... she's actually from unity' [569]; roll call has Marjorie Erickson present [5]; cluster also carries Cory LeClair, see overrides)","And because it's more than that, it's also  evaluating the, where we are from an educational standpoint within the entire district. Steve.",Speaker 1,https://reflect-claremont.cablecast.tv/internetchannel/show/9876?site=1&seekto=5497
1:31:51.50,1:31:52.90,5511.50,5512.90,Steven Horsky,"SAU 6 Board member (Claremont) ('is Steve.' [53] -> [55]; 'Steve.' [299,360,420,647,681] each followed by this cluster; chair 'Steve, if you would make [the motion]' [620] -> [621])",I would basically.,Speaker 8,https://reflect-claremont.cablecast.tv/internetchannel/show/9876?site=1&seekto=5511
1:31:52.98,1:31:53.74,5512.98,5513.74,Unidentified,"Unidentified - cluster mixes short remarks, seconds, 'aye' and recognitions from several voices",It.,Speaker 4,https://reflect-claremont.cablecast.tv/internetchannel/show/9876?site=1&seekto=5512
1:31:53.82,1:32:09.62,5513.82,5529.62,Steven Horsky,"SAU 6 Board member (Claremont) ('is Steve.' [53] -> [55]; 'Steve.' [299,360,420,647,681] each followed by this cluster; chair 'Steve, if you would make [the motion]' [620] -> [621])","Was me. I would get rid of a to begin with, an evaluation of strength, weaknesses, gaps and desired outcomes of the current educational process, identification and so on and so forth. And go right to the word involve input from all stakeholders, because I think we want to keep it short and sweet to the point, hey, we're moving forward.",Speaker 8,https://reflect-claremont.cablecast.tv/internetchannel/show/9876?site=1&seekto=5513
1:32:09.74,1:32:15.50,5529.74,5535.50,Steven Horsky,"SAU 6 Board member (Claremont) ('is Steve.' [53] -> [55]; 'Steve.' [299,360,420,647,681] each followed by this cluster; chair 'Steve, if you would make [the motion]' [620] -> [621])","This is what we're doing, and we value everybody's opinion in this process. Yeah, essentially, that's all we need to say.",Speaker 8,https://reflect-claremont.cablecast.tv/internetchannel/show/9876?site=1&seekto=5529
1:32:15.74,1:32:16.02,5535.74,5536.02,Unidentified,"Unidentified - cluster mixes short remarks, seconds, 'aye' and recognitions from several voices",At.,Speaker 4,https://reflect-claremont.cablecast.tv/internetchannel/show/9876?site=1&seekto=5535
1:32:16.02,1:32:17.54,5536.02,5537.54,Steven Horsky,"SAU 6 Board member (Claremont) ('is Steve.' [53] -> [55]; 'Steve.' [299,360,420,647,681] each followed by this cluster; chair 'Steve, if you would make [the motion]' [620] -> [621])",This point in time.,Speaker 8,https://reflect-claremont.cablecast.tv/internetchannel/show/9876?site=1&seekto=5536
1:32:17.62,1:32:25.42,5537.62,5545.42,Marjorie Erickson,"SAU 6 Board Chair (Unity member) (calls to order [0], asks 'Mary' to call roll [2], opening statement on 'my tenure as chairman ... before you elected me' [10]; later: 'myself as the SA six chair' [582] listed apart from 'Sarah Lowe from unity'; 'The board six chair ... she's actually from unity' [569]; roll call has Marjorie Erickson present [5]; cluster also carries Cory LeClair, see overrides)","Okay, so you're saying it is expected that the superintendent search process will begin? Well, no, we're going.",Speaker 1,https://reflect-claremont.cablecast.tv/internetchannel/show/9876?site=1&seekto=5537
1:32:25.42,1:32:25.54,5545.42,5545.54,Unidentified,Unidentified - board member editing the press release [673-698],To.,Speaker 23,https://reflect-claremont.cablecast.tv/internetchannel/show/9876?site=1&seekto=5545
1:32:25.70,1:32:42.98,5545.70,5562.98,Marjorie Erickson,"SAU 6 Board Chair (Unity member) (calls to order [0], asks 'Mary' to call roll [2], opening statement on 'my tenure as chairman ... before you elected me' [10]; later: 'myself as the SA six chair' [582] listed apart from 'Sarah Lowe from unity'; 'The board six chair ... she's actually from unity' [569]; roll call has Marjorie Erickson present [5]; cluster also carries Cory LeClair, see overrides)","Involve will involve okay. We'll involve input from stakeholders, the district staff students parents and the greater Claremont Unity communities. Okay.",Speaker 1,https://reflect-claremont.cablecast.tv/internetchannel/show/9876?site=1&seekto=5545
1:32:43.06,1:32:46.98,5563.06,5566.98,Marjorie Erickson,"SAU 6 Board Chair (Unity member) (calls to order [0], asks 'Mary' to call roll [2], opening statement on 'my tenure as chairman ... before you elected me' [10]; later: 'myself as the SA six chair' [582] listed apart from 'Sarah Lowe from unity'; 'The board six chair ... she's actually from unity' [569]; roll call has Marjorie Erickson present [5]; cluster also carries Cory LeClair, see overrides)",Do you want me to read it now has its.,Speaker 1,https://reflect-claremont.cablecast.tv/internetchannel/show/9876?site=1&seekto=5563
1:32:47.06,1:32:48.06,5567.06,5568.06,Unidentified,Unidentified - board member editing the press release [673-698],I have one more.,Speaker 23,https://reflect-claremont.cablecast.tv/internetchannel/show/9876?site=1&seekto=5567
1:32:48.10,1:32:50.42,5568.10,5570.42,Marjorie Erickson,"SAU 6 Board Chair (Unity member) (calls to order [0], asks 'Mary' to call roll [2], opening statement on 'my tenure as chairman ... before you elected me' [10]; later: 'myself as the SA six chair' [582] listed apart from 'Sarah Lowe from unity'; 'The board six chair ... she's actually from unity' [569]; roll call has Marjorie Erickson present [5]; cluster also carries Cory LeClair, see overrides)",Sure question.,Speaker 1,https://reflect-claremont.cablecast.tv/internetchannel/show/9876?site=1&seekto=5568
1:32:50.50,1:32:52.22,5570.50,5572.22,Unidentified,Unidentified - board member editing the press release [673-698],Pursuant.,Speaker 23,https://reflect-claremont.cablecast.tv/internetchannel/show/9876?site=1&seekto=5570
1:32:52.30,1:32:52.74,5572.30,5572.74,Unidentified,Unidentified - cluster mixes several board members' short remarks,Okay.,Speaker 22,https://reflect-claremont.cablecast.tv/internetchannel/show/9876?site=1&seekto=5572
1:32:52.94,1:32:53.30,5572.94,5573.30,Unidentified,Unidentified - board member editing the press release [673-698],Thank you.,Speaker 23,https://reflect-claremont.cablecast.tv/internetchannel/show/9876?site=1&seekto=5572
1:32:53.34,1:32:54.18,5573.34,5574.18,Marjorie Erickson,"SAU 6 Board Chair (Unity member) (calls to order [0], asks 'Mary' to call roll [2], opening statement on 'my tenure as chairman ... before you elected me' [10]; later: 'myself as the SA six chair' [582] listed apart from 'Sarah Lowe from unity'; 'The board six chair ... she's actually from unity' [569]; roll call has Marjorie Erickson present [5]; cluster also carries Cory LeClair, see overrides)",I don't.,Speaker 1,https://reflect-claremont.cablecast.tv/internetchannel/show/9876?site=1&seekto=5573
1:32:54.26,1:32:56.54,5574.26,5576.54,Unidentified,Unidentified - board member editing the press release [673-698],It makes it sound like you're.,Speaker 23,https://reflect-claremont.cablecast.tv/internetchannel/show/9876?site=1&seekto=5574
1:32:56.62,1:33:03.38,5576.62,5583.38,Marjorie Erickson,"SAU 6 Board Chair (Unity member) (calls to order [0], asks 'Mary' to call roll [2], opening statement on 'my tenure as chairman ... before you elected me' [10]; later: 'myself as the SA six chair' [582] listed apart from 'Sarah Lowe from unity'; 'The board six chair ... she's actually from unity' [569]; roll call has Marjorie Erickson present [5]; cluster also carries Cory LeClair, see overrides)","Referencing an RSA. Based on other language that is out there. And maybe you want to keep pursuant, or maybe you want to.",Speaker 1,https://reflect-claremont.cablecast.tv/internetchannel/show/9876?site=1&seekto=5576
1:33:03.50,1:33:04.74,5583.50,5584.74,Cory LeClair,"Assistant Superintendent, SAU 6 (offers to distribute the press release to newspapers and school messenger [715-721]; after chair says 'let Corey or I know' of absences [748], asks members to tell her which dates they will miss [749]) (uncertain - could be an SAU assistant)",Change pursuant.,Speaker 24,https://reflect-claremont.cablecast.tv/internetchannel/show/9876?site=1&seekto=5583
1:33:04.86,1:33:35.22,5584.86,5615.22,Marjorie Erickson,"SAU 6 Board Chair (Unity member) (calls to order [0], asks 'Mary' to call roll [2], opening statement on 'my tenure as chairman ... before you elected me' [10]; later: 'myself as the SA six chair' [582] listed apart from 'Sarah Lowe from unity'; 'The board six chair ... she's actually from unity' [569]; roll call has Marjorie Erickson present [5]; cluster also carries Cory LeClair, see overrides)","Pursuant means what I wanted it to say right there. So I understand that it's also used as legal jargon. And so if anybody wants to change that, it's basically based on recent decisions. We're going to do this. And that's instead of saying based on recent decisions I liked pursuant to but I'm open to change. Steve.",Speaker 1,https://reflect-claremont.cablecast.tv/internetchannel/show/9876?site=1&seekto=5584
1:33:35.30,1:33:41.66,5615.30,5621.66,Steven Horsky,"SAU 6 Board member (Claremont) ('is Steve.' [53] -> [55]; 'Steve.' [299,360,420,647,681] each followed by this cluster; chair 'Steve, if you would make [the motion]' [620] -> [621])",I make a motion to accept the press release as amended.,Speaker 8,https://reflect-claremont.cablecast.tv/internetchannel/show/9876?site=1&seekto=5615
1:33:41.74,1:33:43.86,5621.74,5623.86,Marjorie Erickson,"SAU 6 Board Chair (Unity member) (calls to order [0], asks 'Mary' to call roll [2], opening statement on 'my tenure as chairman ... before you elected me' [10]; later: 'myself as the SA six chair' [582] listed apart from 'Sarah Lowe from unity'; 'The board six chair ... she's actually from unity' [569]; roll call has Marjorie Erickson present [5]; cluster also carries Cory LeClair, see overrides)",Okay. Do you want me to read it first?,Speaker 1,https://reflect-claremont.cablecast.tv/internetchannel/show/9876?site=1&seekto=5621
1:33:43.94,1:33:45.34,5623.94,5625.34,Unidentified,"Unidentified - cluster mixes short remarks, seconds, 'aye' and recognitions from several voices",You can.,Speaker 4,https://reflect-claremont.cablecast.tv/internetchannel/show/9876?site=1&seekto=5623
1:33:45.42,1:34:08.18,5625.42,5648.18,Marjorie Erickson,"SAU 6 Board Chair (Unity member) (calls to order [0], asks 'Mary' to call roll [2], opening statement on 'my tenure as chairman ... before you elected me' [10]; later: 'myself as the SA six chair' [582] listed apart from 'Sarah Lowe from unity'; 'The board six chair ... she's actually from unity' [569]; roll call has Marjorie Erickson present [5]; cluster also carries Cory LeClair, see overrides)","And do we like pursuant. Was there any. I'll read it and then you can decide. Pursuant to recent decisions, the essay you six school board is beginning the process of transitioning district leadership to a new superintendent. A succession plan defining the transition process was approved, was presented and approved.",Speaker 1,https://reflect-claremont.cablecast.tv/internetchannel/show/9876?site=1&seekto=5625
1:34:08.26,1:34:17.46,5648.26,5657.46,Marjorie Erickson,"SAU 6 Board Chair (Unity member) (calls to order [0], asks 'Mary' to call roll [2], opening statement on 'my tenure as chairman ... before you elected me' [10]; later: 'myself as the SA six chair' [582] listed apart from 'Sarah Lowe from unity'; 'The board six chair ... she's actually from unity' [569]; roll call has Marjorie Erickson present [5]; cluster also carries Cory LeClair, see overrides)","At a public. Sorry, I'm. I've got to cross them out. At a public meeting held June 28th.",Speaker 1,https://reflect-claremont.cablecast.tv/internetchannel/show/9876?site=1&seekto=5648
1:34:17.54,1:34:44.38,5657.54,5684.38,Marjorie Erickson,"SAU 6 Board Chair (Unity member) (calls to order [0], asks 'Mary' to call roll [2], opening statement on 'my tenure as chairman ... before you elected me' [10]; later: 'myself as the SA six chair' [582] listed apart from 'Sarah Lowe from unity'; 'The board six chair ... she's actually from unity' [569]; roll call has Marjorie Erickson present [5]; cluster also carries Cory LeClair, see overrides)","2018. This plan includes the key transition elements of appointing and acting superintendent, hiring an interim superintendent to support the district through the transition, and then defining the process to be used to identify and hire a superintendent who is aligned with the, say, core values. See six core values. It is expected that the superintendent search process will involve input from all stakeholders.",Speaker 1,https://reflect-claremont.cablecast.tv/internetchannel/show/9876?site=1&seekto=5657
1:34:44.42,1:35:04.38,5684.42,5704.38,Marjorie Erickson,"SAU 6 Board Chair (Unity member) (calls to order [0], asks 'Mary' to call roll [2], opening statement on 'my tenure as chairman ... before you elected me' [10]; later: 'myself as the SA six chair' [582] listed apart from 'Sarah Lowe from unity'; 'The board six chair ... she's actually from unity' [569]; roll call has Marjorie Erickson present [5]; cluster also carries Cory LeClair, see overrides)","The Saw six district staff, students, parents, and the Greater Claremont and Unity communities to ensure a transparent and deliberate process. All aspects of the succession plan will be followed in sequence and open meetings where  citizen comments and feedback will be welcomed.",Speaker 1,https://reflect-claremont.cablecast.tv/internetchannel/show/9876?site=1&seekto=5684
1:35:04.46,1:35:05.94,5704.46,5705.94,Marjorie Erickson,"SAU 6 Board Chair (Unity member) (calls to order [0], asks 'Mary' to call roll [2], opening statement on 'my tenure as chairman ... before you elected me' [10]; later: 'myself as the SA six chair' [582] listed apart from 'Sarah Lowe from unity'; 'The board six chair ... she's actually from unity' [569]; roll call has Marjorie Erickson present [5]; cluster also carries Cory LeClair, see overrides)",So we have a motion on.,Speaker 1,https://reflect-claremont.cablecast.tv/internetchannel/show/9876?site=1&seekto=5704
1:35:05.94,1:35:07.42,5705.94,5707.42,Unidentified,"Unidentified - cluster mixes short remarks, seconds, 'aye' and recognitions from several voices",The table.,Speaker 4,https://reflect-claremont.cablecast.tv/internetchannel/show/9876?site=1&seekto=5705
1:35:07.66,1:35:15.38,5707.66,5715.38,Marjorie Erickson,"SAU 6 Board Chair (Unity member) (calls to order [0], asks 'Mary' to call roll [2], opening statement on 'my tenure as chairman ... before you elected me' [10]; later: 'myself as the SA six chair' [582] listed apart from 'Sarah Lowe from unity'; 'The board six chair ... she's actually from unity' [569]; roll call has Marjorie Erickson present [5]; cluster also carries Cory LeClair, see overrides)",We have a second. Do we have any further discussion? All those in favor say aye.,Speaker 1,https://reflect-claremont.cablecast.tv/internetchannel/show/9876?site=1&seekto=5707
1:35:15.46,1:35:16.70,5715.46,5716.70,Unidentified,"Unidentified - cluster mixes short remarks, seconds, 'aye' and recognitions from several voices",Aye.,Speaker 4,https://reflect-claremont.cablecast.tv/internetchannel/show/9876?site=1&seekto=5715
1:35:16.78,1:35:23.26,5716.78,5723.26,Marjorie Erickson,"SAU 6 Board Chair (Unity member) (calls to order [0], asks 'Mary' to call roll [2], opening statement on 'my tenure as chairman ... before you elected me' [10]; later: 'myself as the SA six chair' [582] listed apart from 'Sarah Lowe from unity'; 'The board six chair ... she's actually from unity' [569]; roll call has Marjorie Erickson present [5]; cluster also carries Cory LeClair, see overrides)",All those opposed? Any abstentions?,Speaker 1,https://reflect-claremont.cablecast.tv/internetchannel/show/9876?site=1&seekto=5716
1:35:23.34,1:35:31.34,5723.34,5731.34,Marjorie Erickson,"SAU 6 Board Chair (Unity member) (calls to order [0], asks 'Mary' to call roll [2], opening statement on 'my tenure as chairman ... before you elected me' [10]; later: 'myself as the SA six chair' [582] listed apart from 'Sarah Lowe from unity'; 'The board six chair ... she's actually from unity' [569]; roll call has Marjorie Erickson present [5]; cluster also carries Cory LeClair, see overrides)",Okay. The last thing I need as far as this goes is now what do I do? We have a statement.,Speaker 1,https://reflect-claremont.cablecast.tv/internetchannel/show/9876?site=1&seekto=5723
1:35:31.38,1:35:41.66,5731.38,5741.66,Cory LeClair,"Assistant Superintendent, SAU 6 (offers to distribute the press release to newspapers and school messenger [715-721]; after chair says 'let Corey or I know' of absences [748], asks members to tell her which dates they will miss [749]) (uncertain - could be an SAU assistant)","If you wouldn't mind sending me the edited version, and then I can distribute it to.",Speaker 24,https://reflect-claremont.cablecast.tv/internetchannel/show/9876?site=1&seekto=5731
1:35:41.74,1:35:44.30,5741.74,5744.30,Cory LeClair,"Assistant Superintendent, SAU 6 (offers to distribute the press release to newspapers and school messenger [715-721]; after chair says 'let Corey or I know' of absences [748], asks members to tell her which dates they will miss [749]) (uncertain - could be an SAU assistant)",People.,Speaker 24,https://reflect-claremont.cablecast.tv/internetchannel/show/9876?site=1&seekto=5741
1:35:44.38,1:35:45.30,5744.38,5745.30,Marjorie Erickson,"SAU 6 Board Chair (Unity member) (calls to order [0], asks 'Mary' to call roll [2], opening statement on 'my tenure as chairman ... before you elected me' [10]; later: 'myself as the SA six chair' [582] listed apart from 'Sarah Lowe from unity'; 'The board six chair ... she's actually from unity' [569]; roll call has Marjorie Erickson present [5]; cluster also carries Cory LeClair, see overrides)",You have people?,Speaker 1,https://reflect-claremont.cablecast.tv/internetchannel/show/9876?site=1&seekto=5744
1:35:45.42,1:35:46.90,5745.42,5746.90,Unidentified,"Unidentified - cluster mixes short remarks, seconds, 'aye' and recognitions from several voices",Have people.,Speaker 4,https://reflect-claremont.cablecast.tv/internetchannel/show/9876?site=1&seekto=5745
1:35:46.98,1:36:17.38,5746.98,5777.38,Cory LeClair,"Assistant Superintendent, SAU 6 (offers to distribute the press release to newspapers and school messenger [715-721]; after chair says 'let Corey or I know' of absences [748], asks members to tell her which dates they will miss [749]) (uncertain - could be an SAU assistant)","I'll distribute it to the two newspapers, print papers, Valley and Eagle. I'll distribute it to her as the on line paper. And then it can also be distributed via our school messenger, which will email to all families of students. And if you're so inclined, I can also send it to the city. They have a listserv that they use to to distribute, and we can get it out to all those sources.",Speaker 24,https://reflect-claremont.cablecast.tv/internetchannel/show/9876?site=1&seekto=5746
1:36:17.46,1:36:23.42,5777.46,5783.42,Cory LeClair,"Assistant Superintendent, SAU 6 (offers to distribute the press release to newspapers and school messenger [715-721]; after chair says 'let Corey or I know' of absences [748], asks members to tell her which dates they will miss [749]) (uncertain - could be an SAU assistant)","We can put it,",Speaker 24,https://reflect-claremont.cablecast.tv/internetchannel/show/9876?site=1&seekto=5777
1:36:23.50,1:36:25.70,5783.50,5785.70,Cory LeClair,"Assistant Superintendent, SAU 6 (offers to distribute the press release to newspapers and school messenger [715-721]; after chair says 'let Corey or I know' of absences [748], asks members to tell her which dates they will miss [749]) (uncertain - could be an SAU assistant)",Anywhere else you'd like us to put it.,Speaker 24,https://reflect-claremont.cablecast.tv/internetchannel/show/9876?site=1&seekto=5783
1:36:25.78,1:36:56.10,5785.78,5816.10,Marjorie Erickson,"SAU 6 Board Chair (Unity member) (calls to order [0], asks 'Mary' to call roll [2], opening statement on 'my tenure as chairman ... before you elected me' [10]; later: 'myself as the SA six chair' [582] listed apart from 'Sarah Lowe from unity'; 'The board six chair ... she's actually from unity' [569]; roll call has Marjorie Erickson present [5]; cluster also carries Cory LeClair, see overrides)","I just don't want to come into any more public meetings and have the community say they don't know what we're doing, so. Yes. Why? Dissemination is good. Okay.  The last item it has been the the issue has been raised concerning time limits in the Saw six meetings.  It's now 810. So we're actually doing pretty well at this meeting.",Speaker 1,https://reflect-claremont.cablecast.tv/internetchannel/show/9876?site=1&seekto=5785
1:36:56.18,1:37:05.66,5816.18,5825.66,Marjorie Erickson,"SAU 6 Board Chair (Unity member) (calls to order [0], asks 'Mary' to call roll [2], opening statement on 'my tenure as chairman ... before you elected me' [10]; later: 'myself as the SA six chair' [582] listed apart from 'Sarah Lowe from unity'; 'The board six chair ... she's actually from unity' [569]; roll call has Marjorie Erickson present [5]; cluster also carries Cory LeClair, see overrides)","So do we want to place time limits on these meetings? We have a lot to do this summer, but we also have many meetings.",Speaker 1,https://reflect-claremont.cablecast.tv/internetchannel/show/9876?site=1&seekto=5816
1:37:05.74,1:37:45.62,5825.74,5865.62,Steven Horsky,"SAU 6 Board member (Claremont) ('is Steve.' [53] -> [55]; 'Steve.' [299,360,420,647,681] each followed by this cluster; chair 'Steve, if you would make [the motion]' [620] -> [621])","I would say the only key places that you can really put time limits in order to conduct the business that we have to conduct in the areas of citizen comments. Recently, the Claremont Board adopted,  put imposing time limits there. Obviously, we didn't have a ton of comments tonight, from citizens, but I assume that we shall if we, if the information is getting put out there and people decide they actually want to become involved, then we may start seeing that because the I think we need to have the good, hearty discussions and putting time limits, unless we're willing to sacrifice it items on the agenda as time lapses.",Speaker 8,https://reflect-claremont.cablecast.tv/internetchannel/show/9876?site=1&seekto=5825
1:37:45.70,1:37:59.18,5865.70,5879.18,Steven Horsky,"SAU 6 Board member (Claremont) ('is Steve.' [53] -> [55]; 'Steve.' [299,360,420,647,681] each followed by this cluster; chair 'Steve, if you would make [the motion]' [620] -> [621])","I don't see it being very conductive or conducive to to this board in our purpose. We're here as volunteers. I don't like being here at ten, 11, 12 midnight, but I'm not going to stop a budget debate at 830 because it's 830 and not get the budget done.",Speaker 8,https://reflect-claremont.cablecast.tv/internetchannel/show/9876?site=1&seekto=5865
1:37:59.26,1:38:00.50,5879.26,5880.50,Marjorie Erickson,"SAU 6 Board Chair (Unity member) (calls to order [0], asks 'Mary' to call roll [2], opening statement on 'my tenure as chairman ... before you elected me' [10]; later: 'myself as the SA six chair' [582] listed apart from 'Sarah Lowe from unity'; 'The board six chair ... she's actually from unity' [569]; roll call has Marjorie Erickson present [5]; cluster also carries Cory LeClair, see overrides)",Carolyn.,Speaker 1,https://reflect-claremont.cablecast.tv/internetchannel/show/9876?site=1&seekto=5879
1:38:02.62,1:38:03.34,5882.62,5883.34,Unidentified,Unidentified - cluster mixes several board members' short remarks,You read.,Speaker 22,https://reflect-claremont.cablecast.tv/internetchannel/show/9876?site=1&seekto=5882
1:38:03.34,1:38:15.90,5883.34,5895.90,Carolyn Towle,"SAU 6 Board member (Claremont) (chair 'Carolyn.' [337,414,726,751] followed by these segments; Sprague answers 'Miss Carolyn' [479] after [474])","A summation. Of where you wanted these boards to be going, and, I think I counted being prepared at least three times.",Speaker 17,https://reflect-claremont.cablecast.tv/internetchannel/show/9876?site=1&seekto=5883
1:38:15.98,1:38:18.22,5895.98,5898.22,Unidentified,Unidentified - cluster mixes several board members' short remarks,So in that.,Speaker 22,https://reflect-claremont.cablecast.tv/internetchannel/show/9876?site=1&seekto=5895
1:38:18.82,1:38:20.38,5898.82,5900.38,Marjorie Erickson,"SAU 6 Board Chair (Unity member) (calls to order [0], asks 'Mary' to call roll [2], opening statement on 'my tenure as chairman ... before you elected me' [10]; later: 'myself as the SA six chair' [582] listed apart from 'Sarah Lowe from unity'; 'The board six chair ... she's actually from unity' [569]; roll call has Marjorie Erickson present [5]; cluster also carries Cory LeClair, see overrides)",Context.,Speaker 1,https://reflect-claremont.cablecast.tv/internetchannel/show/9876?site=1&seekto=5898
1:38:20.46,1:38:29.02,5900.46,5909.02,Carolyn Towle,"SAU 6 Board member (Claremont) (chair 'Carolyn.' [337,414,726,751] followed by these segments; Sprague answers 'Miss Carolyn' [479] after [474])",We need to come prepared. But I would hate to not. Have a roundtable.,Speaker 17,https://reflect-claremont.cablecast.tv/internetchannel/show/9876?site=1&seekto=5900
1:38:29.02,1:38:29.74,5909.02,5909.74,Marjorie Erickson,"SAU 6 Board Chair (Unity member) (calls to order [0], asks 'Mary' to call roll [2], opening statement on 'my tenure as chairman ... before you elected me' [10]; later: 'myself as the SA six chair' [582] listed apart from 'Sarah Lowe from unity'; 'The board six chair ... she's actually from unity' [569]; roll call has Marjorie Erickson present [5]; cluster also carries Cory LeClair, see overrides)",Discussion.,Speaker 1,https://reflect-claremont.cablecast.tv/internetchannel/show/9876?site=1&seekto=5909
1:38:29.74,1:38:34.22,5909.74,5914.22,Carolyn Towle,"SAU 6 Board member (Claremont) (chair 'Carolyn.' [337,414,726,751] followed by these segments; Sprague answers 'Miss Carolyn' [479] after [474])",Such as an example of tonight. As a good sounding board.,Speaker 17,https://reflect-claremont.cablecast.tv/internetchannel/show/9876?site=1&seekto=5909
1:38:34.22,1:38:35.02,5914.22,5915.02,Unidentified,Unidentified - cluster mixes several board members' short remarks,Of where.,Speaker 22,https://reflect-claremont.cablecast.tv/internetchannel/show/9876?site=1&seekto=5914
1:38:35.10,1:38:51.66,5915.10,5931.66,Carolyn Towle,"SAU 6 Board member (Claremont) (chair 'Carolyn.' [337,414,726,751] followed by these segments; Sprague answers 'Miss Carolyn' [479] after [474])",We really need to propel forward. And I would say that that goes back to you keeping us on task in order for us to. So greed. Okay.  That's my opinion.,Speaker 17,https://reflect-claremont.cablecast.tv/internetchannel/show/9876?site=1&seekto=5915
1:38:51.74,1:39:17.58,5931.74,5957.58,Marjorie Erickson,"SAU 6 Board Chair (Unity member) (calls to order [0], asks 'Mary' to call roll [2], opening statement on 'my tenure as chairman ... before you elected me' [10]; later: 'myself as the SA six chair' [582] listed apart from 'Sarah Lowe from unity'; 'The board six chair ... she's actually from unity' [569]; roll call has Marjorie Erickson present [5]; cluster also carries Cory LeClair, see overrides)","Well, my thought is to make sure that you are all well informed of what we're going to be covering with documentation enough in advance so that you are well prepared. And then the discussion that we've had tonight, I think was very useful. So I thank you all for coming as prepared as you did, I appreciate that. I agree that open discussion is beneficial.",Speaker 1,https://reflect-claremont.cablecast.tv/internetchannel/show/9876?site=1&seekto=5931
1:39:17.58,1:39:52.26,5957.58,5992.26,Marjorie Erickson,"SAU 6 Board Chair (Unity member) (calls to order [0], asks 'Mary' to call roll [2], opening statement on 'my tenure as chairman ... before you elected me' [10]; later: 'myself as the SA six chair' [582] listed apart from 'Sarah Lowe from unity'; 'The board six chair ... she's actually from unity' [569]; roll call has Marjorie Erickson present [5]; cluster also carries Cory LeClair, see overrides)","I think the one thing that that one of my early mentors used to say all the time was when the merry go round has gone around, you get off. And I think once the discussion starts repeating itself, we'll start cutting it off and, and keep people on task that way. Okay. So I'm, I'm fine with, with going about just making sure that you all have the information you need well ahead of time so that you can be prepared to, to provide succinct  discussion.",Speaker 1,https://reflect-claremont.cablecast.tv/internetchannel/show/9876?site=1&seekto=5957
1:39:52.34,1:40:08.50,5992.34,6008.50,Marjorie Erickson,"SAU 6 Board Chair (Unity member) (calls to order [0], asks 'Mary' to call roll [2], opening statement on 'my tenure as chairman ... before you elected me' [10]; later: 'myself as the SA six chair' [582] listed apart from 'Sarah Lowe from unity'; 'The board six chair ... she's actually from unity' [569]; roll call has Marjorie Erickson present [5]; cluster also carries Cory LeClair, see overrides)","And I will try to keep us on task and focus, but I appreciate your willingness to read everything I send.  I'm just going to throw out there. I know that when we get some of these. Additional July meetings, there was some of us who can't be here for some of those. So I know in the past.",Speaker 1,https://reflect-claremont.cablecast.tv/internetchannel/show/9876?site=1&seekto=5992
1:40:08.58,1:40:08.82,6008.58,6008.82,Cory LeClair,"Assistant Superintendent, SAU 6 (offers to distribute the press release to newspapers and school messenger [715-721]; after chair says 'let Corey or I know' of absences [748], asks members to tell her which dates they will miss [749]) (uncertain - could be an SAU assistant)",When.,Speaker 24,https://reflect-claremont.cablecast.tv/internetchannel/show/9876?site=1&seekto=6008
1:40:08.82,1:40:29.54,6008.82,6029.54,Marjorie Erickson,"SAU 6 Board Chair (Unity member) (calls to order [0], asks 'Mary' to call roll [2], opening statement on 'my tenure as chairman ... before you elected me' [10]; later: 'myself as the SA six chair' [582] listed apart from 'Sarah Lowe from unity'; 'The board six chair ... she's actually from unity' [569]; roll call has Marjorie Erickson present [5]; cluster also carries Cory LeClair, see overrides)","We we've had difficulty getting a quorum for some summer meetings, and in the past, Middleton would send an email out saying, I need confirmation. Who's going to be here?  And if we didn't have that, you know, I just want to put that out there. My anticipation is that that's not going to happen a whole lot. But, you know, I, I  agree, Steve.",Speaker 1,https://reflect-claremont.cablecast.tv/internetchannel/show/9876?site=1&seekto=6008
1:40:29.66,1:40:54.14,6029.66,6054.14,Steven Horsky,"SAU 6 Board member (Claremont) ('is Steve.' [53] -> [55]; 'Steve.' [299,360,420,647,681] each followed by this cluster; chair 'Steve, if you would make [the motion]' [620] -> [621])","I think it's just common courtesy from a, from my perspective that as a board member, if I'm not making a meeting unless it's an emergency situation, I would be notifying you seven days in advance at minimum. That would be that would be cutting it close in my opinion. So that's kind of I think that's one of the things that we need to entertain, because at the at the end of the day, you know it.",Speaker 8,https://reflect-claremont.cablecast.tv/internetchannel/show/9876?site=1&seekto=6029
1:40:54.22,1:41:05.02,6054.22,6065.02,Steven Horsky,"SAU 6 Board member (Claremont) ('is Steve.' [53] -> [55]; 'Steve.' [299,360,420,647,681] each followed by this cluster; chair 'Steve, if you would make [the motion]' [620] -> [621])","We are an elected official and we are required to represent our constituents. And with that said, if we're not here, we do. The chairs have the power to reprimand a question.",Speaker 8,https://reflect-claremont.cablecast.tv/internetchannel/show/9876?site=1&seekto=6054
1:41:05.10,1:41:06.70,6065.10,6066.70,Unidentified,Unidentified - cluster mixes several board members' short remarks,So in.,Speaker 22,https://reflect-claremont.cablecast.tv/internetchannel/show/9876?site=1&seekto=6065
1:41:06.70,1:41:07.58,6066.70,6067.58,Unidentified,"Unidentified - cluster mixes short remarks, seconds, 'aye' and recognitions from several voices",Your.,Speaker 4,https://reflect-claremont.cablecast.tv/internetchannel/show/9876?site=1&seekto=6066
1:41:07.66,1:41:32.62,6067.66,6092.62,Marjorie Erickson,"SAU 6 Board Chair (Unity member) (calls to order [0], asks 'Mary' to call roll [2], opening statement on 'my tenure as chairman ... before you elected me' [10]; later: 'myself as the SA six chair' [582] listed apart from 'Sarah Lowe from unity'; 'The board six chair ... she's actually from unity' [569]; roll call has Marjorie Erickson present [5]; cluster also carries Cory LeClair, see overrides)","Emails you in in the succession plan, you have well in the agenda. We have a list of future meetings. And in the succession plan, the second page, you have the topics that we should be covering in each of those meetings to move forward in a timely manner. So you see what we need to be doing and the importance of it.",Speaker 1,https://reflect-claremont.cablecast.tv/internetchannel/show/9876?site=1&seekto=6067
1:41:32.70,1:41:40.74,6092.70,6100.74,Marjorie Erickson,"SAU 6 Board Chair (Unity member) (calls to order [0], asks 'Mary' to call roll [2], opening statement on 'my tenure as chairman ... before you elected me' [10]; later: 'myself as the SA six chair' [582] listed apart from 'Sarah Lowe from unity'; 'The board six chair ... she's actually from unity' [569]; roll call has Marjorie Erickson present [5]; cluster also carries Cory LeClair, see overrides)","So yes, I would strongly recommend that if you can't make a meeting that you let Corey or I know or both.",Speaker 1,https://reflect-claremont.cablecast.tv/internetchannel/show/9876?site=1&seekto=6092
1:41:40.82,1:41:52.98,6100.82,6112.98,Cory LeClair,"Assistant Superintendent, SAU 6 (offers to distribute the press release to newspapers and school messenger [715-721]; after chair says 'let Corey or I know' of absences [748], asks members to tell her which dates they will miss [749]) (uncertain - could be an SAU assistant)","And if you already know those dates, you don't need to tell me right now. But before you leave, if tonight, if you could tell me which dates, you know you won't be in attendance, that would be. I'll just mark it on here and keep track of that.",Speaker 24,https://reflect-claremont.cablecast.tv/internetchannel/show/9876?site=1&seekto=6100
1:41:53.06,1:41:55.58,6113.06,6115.58,Unidentified,"Unidentified - cluster mixes short remarks, seconds, 'aye' and recognitions from several voices",Good.,Speaker 4,https://reflect-claremont.cablecast.tv/internetchannel/show/9876?site=1&seekto=6113
1:41:55.66,1:41:57.98,6115.66,6117.98,Marjorie Erickson,"SAU 6 Board Chair (Unity member) (calls to order [0], asks 'Mary' to call roll [2], opening statement on 'my tenure as chairman ... before you elected me' [10]; later: 'myself as the SA six chair' [582] listed apart from 'Sarah Lowe from unity'; 'The board six chair ... she's actually from unity' [569]; roll call has Marjorie Erickson present [5]; cluster also carries Cory LeClair, see overrides)",Okay. Carolyn.,Speaker 1,https://reflect-claremont.cablecast.tv/internetchannel/show/9876?site=1&seekto=6115
1:41:58.06,1:42:20.82,6118.06,6140.82,Carolyn Towle,"SAU 6 Board member (Claremont) (chair 'Carolyn.' [337,414,726,751] followed by these segments; Sprague answers 'Miss Carolyn' [479] after [474])","I would like to. I would like to see something on the agenda for both boards, but particularly for, in  both boards individually. But together,  I  think we need an agenda item that says for the good of the order. Or is there anything else that anybody.",Speaker 17,https://reflect-claremont.cablecast.tv/internetchannel/show/9876?site=1&seekto=6118
1:42:20.86,1:42:21.50,6140.86,6141.50,Marjorie Erickson,"SAU 6 Board Chair (Unity member) (calls to order [0], asks 'Mary' to call roll [2], opening statement on 'my tenure as chairman ... before you elected me' [10]; later: 'myself as the SA six chair' [582] listed apart from 'Sarah Lowe from unity'; 'The board six chair ... she's actually from unity' [569]; roll call has Marjorie Erickson present [5]; cluster also carries Cory LeClair, see overrides)",Other business.,Speaker 1,https://reflect-claremont.cablecast.tv/internetchannel/show/9876?site=1&seekto=6140
1:42:21.54,1:42:22.38,6141.54,6142.38,Carolyn Towle,"SAU 6 Board member (Claremont) (chair 'Carolyn.' [337,414,726,751] followed by these segments; Sprague answers 'Miss Carolyn' [479] after [474])",Other business.,Speaker 17,https://reflect-claremont.cablecast.tv/internetchannel/show/9876?site=1&seekto=6141
1:42:22.42,1:42:25.62,6142.42,6145.62,Marjorie Erickson,"SAU 6 Board Chair (Unity member) (calls to order [0], asks 'Mary' to call roll [2], opening statement on 'my tenure as chairman ... before you elected me' [10]; later: 'myself as the SA six chair' [582] listed apart from 'Sarah Lowe from unity'; 'The board six chair ... she's actually from unity' [569]; roll call has Marjorie Erickson present [5]; cluster also carries Cory LeClair, see overrides)",New business. Okay.,Speaker 1,https://reflect-claremont.cablecast.tv/internetchannel/show/9876?site=1&seekto=6142
1:42:25.70,1:42:42.57,6145.70,6162.57,Carolyn Towle,"SAU 6 Board member (Claremont) (chair 'Carolyn.' [337,414,726,751] followed by these segments; Sprague answers 'Miss Carolyn' [479] after [474])","And I think it brings us to a point. And there may be nothing  that anybody, you know, they've had a long, long meeting. They've decided enough is enough,  that it wasn't important to bring up. But  I think we should open that up for a point.",Speaker 17,https://reflect-claremont.cablecast.tv/internetchannel/show/9876?site=1&seekto=6145
1:42:42.70,1:42:47.50,6162.70,6167.50,Unidentified,Unidentified - cluster mixes several board members' short remarks,Future agenda items. Yeah.,Speaker 22,https://reflect-claremont.cablecast.tv/internetchannel/show/9876?site=1&seekto=6162
1:42:47.58,1:42:49.86,6167.58,6169.86,Marjorie Erickson,"SAU 6 Board Chair (Unity member) (calls to order [0], asks 'Mary' to call roll [2], opening statement on 'my tenure as chairman ... before you elected me' [10]; later: 'myself as the SA six chair' [582] listed apart from 'Sarah Lowe from unity'; 'The board six chair ... she's actually from unity' [569]; roll call has Marjorie Erickson present [5]; cluster also carries Cory LeClair, see overrides)",Agreed?,Speaker 1,https://reflect-claremont.cablecast.tv/internetchannel/show/9876?site=1&seekto=6167
1:42:49.94,1:42:51.82,6169.94,6171.82,Unidentified,Unidentified - cluster mixes several board members' short remarks,"Yes, please.",Speaker 22,https://reflect-claremont.cablecast.tv/internetchannel/show/9876?site=1&seekto=6169
1:42:51.90,1:43:03.30,6171.90,6183.30,Unidentified,Unidentified - remark on warning agenda items,"As long as there will be no vote based on the topic that comes up, if a topic comes up and the board wants discuss it and make a vote,  you need to warn it.",Speaker 25,https://reflect-claremont.cablecast.tv/internetchannel/show/9876?site=1&seekto=6171
1:43:03.38,1:43:06.02,6183.38,6186.02,Marjorie Erickson,"SAU 6 Board Chair (Unity member) (calls to order [0], asks 'Mary' to call roll [2], opening statement on 'my tenure as chairman ... before you elected me' [10]; later: 'myself as the SA six chair' [582] listed apart from 'Sarah Lowe from unity'; 'The board six chair ... she's actually from unity' [569]; roll call has Marjorie Erickson present [5]; cluster also carries Cory LeClair, see overrides)","As part of the agenda. Okay, good to.",Speaker 1,https://reflect-claremont.cablecast.tv/internetchannel/show/9876?site=1&seekto=6183
1:43:06.02,1:43:06.58,6186.02,6186.58,Unidentified,"Unidentified - cluster mixes short remarks, seconds, 'aye' and recognitions from several voices",Know.,Speaker 4,https://reflect-claremont.cablecast.tv/internetchannel/show/9876?site=1&seekto=6186
1:43:06.66,1:43:06.82,6186.66,6186.82,Frank Sprague,"SAU 6 Board member (Claremont), Claremont School Board Chair ('Frank.' [287] -> [288]; 'did you have something, Frank?' [318] -> [320]; 'Frank.' [347] -> [348]; Pierce: 'What are you saying, Frank?' [552] after [542-546])",Some.,Speaker 9,https://reflect-claremont.cablecast.tv/internetchannel/show/9876?site=1&seekto=6186
1:43:06.82,1:43:09.82,6186.82,6189.82,Unidentified,"Unidentified - cluster mixes short remarks, seconds, 'aye' and recognitions from several voices","Action item, right? Yeah.",Speaker 4,https://reflect-claremont.cablecast.tv/internetchannel/show/9876?site=1&seekto=6186
1:43:09.90,1:43:25.42,6189.90,6205.42,Marjorie Erickson,"SAU 6 Board Chair (Unity member) (calls to order [0], asks 'Mary' to call roll [2], opening statement on 'my tenure as chairman ... before you elected me' [10]; later: 'myself as the SA six chair' [582] listed apart from 'Sarah Lowe from unity'; 'The board six chair ... she's actually from unity' [569]; roll call has Marjorie Erickson present [5]; cluster also carries Cory LeClair, see overrides)","So if it says other items like on the unity board at the end of our agenda, it always says other  items. I think that's what it says. But and sometimes we'll put something on there and then we'll add it to the next times agenda as something we're going to vote on. Does that make sense?",Speaker 1,https://reflect-claremont.cablecast.tv/internetchannel/show/9876?site=1&seekto=6189
1:43:25.50,1:43:27.62,6205.50,6207.62,Unidentified,"Unidentified - cluster mixes short remarks, seconds, 'aye' and recognitions from several voices",Yes. Yeah.,Speaker 4,https://reflect-claremont.cablecast.tv/internetchannel/show/9876?site=1&seekto=6205
1:43:27.70,1:43:28.42,6207.70,6208.42,Marjorie Erickson,"SAU 6 Board Chair (Unity member) (calls to order [0], asks 'Mary' to call roll [2], opening statement on 'my tenure as chairman ... before you elected me' [10]; later: 'myself as the SA six chair' [582] listed apart from 'Sarah Lowe from unity'; 'The board six chair ... she's actually from unity' [569]; roll call has Marjorie Erickson present [5]; cluster also carries Cory LeClair, see overrides)","Well, so.",Speaker 1,https://reflect-claremont.cablecast.tv/internetchannel/show/9876?site=1&seekto=6207
1:43:28.42,1:43:28.66,6208.42,6208.66,Marjorie Erickson,SAU 6 Board Chair (Unity member) (chair's recognition or procedure absorbed into another cluster),If.,Speaker 17,https://reflect-claremont.cablecast.tv/internetchannel/show/9876?site=1&seekto=6208
1:43:28.70,1:43:29.66,6208.70,6209.66,Marjorie Erickson,"SAU 6 Board Chair (Unity member) (calls to order [0], asks 'Mary' to call roll [2], opening statement on 'my tenure as chairman ... before you elected me' [10]; later: 'myself as the SA six chair' [582] listed apart from 'Sarah Lowe from unity'; 'The board six chair ... she's actually from unity' [569]; roll call has Marjorie Erickson present [5]; cluster also carries Cory LeClair, see overrides)",You have items.,Speaker 1,https://reflect-claremont.cablecast.tv/internetchannel/show/9876?site=1&seekto=6208
1:43:29.66,1:43:31.54,6209.66,6211.54,Marjorie Erickson,SAU 6 Board Chair (Unity member) (chair's recognition or procedure absorbed into another cluster),"That you'd like to add to the agenda, I'll.",Speaker 17,https://reflect-claremont.cablecast.tv/internetchannel/show/9876?site=1&seekto=6209
1:43:31.54,1:43:35.18,6211.54,6215.18,Marjorie Erickson,"SAU 6 Board Chair (Unity member) (calls to order [0], asks 'Mary' to call roll [2], opening statement on 'my tenure as chairman ... before you elected me' [10]; later: 'myself as the SA six chair' [582] listed apart from 'Sarah Lowe from unity'; 'The board six chair ... she's actually from unity' [569]; roll call has Marjorie Erickson present [5]; cluster also carries Cory LeClair, see overrides)",Get you in just a second. Please email them as soon as you have them.,Speaker 1,https://reflect-claremont.cablecast.tv/internetchannel/show/9876?site=1&seekto=6211
1:43:35.22,1:43:36.30,6215.22,6216.30,Michelle Pierce,SAU 6 Board member (Claremont) (chair 'Michelle.' [342] -> [343-345]; 'Michelle.' [448] -> [449-454]; volunteers for the search committee [541]); Carolyn Towle segments overridden,Steve and I will.,Speaker 17,https://reflect-claremont.cablecast.tv/internetchannel/show/9876?site=1&seekto=6215
1:43:36.38,1:43:40.06,6216.38,6220.06,Unidentified,"Unidentified - cluster mixes short remarks, seconds, 'aye' and recognitions from several voices",I'd like to make a motion to adjourn this meeting.,Speaker 4,https://reflect-claremont.cablecast.tv/internetchannel/show/9876?site=1&seekto=6216
1:43:40.14,1:43:42.66,6220.14,6222.66,Unidentified,Unidentified - cluster mixes several board members' short remarks,I'll second.,Speaker 22,https://reflect-claremont.cablecast.tv/internetchannel/show/9876?site=1&seekto=6220
1:43:42.74,1:43:44.58,6222.74,6224.58,Marjorie Erickson,"SAU 6 Board Chair (Unity member) (calls to order [0], asks 'Mary' to call roll [2], opening statement on 'my tenure as chairman ... before you elected me' [10]; later: 'myself as the SA six chair' [582] listed apart from 'Sarah Lowe from unity'; 'The board six chair ... she's actually from unity' [569]; roll call has Marjorie Erickson present [5]; cluster also carries Cory LeClair, see overrides)",Any discussion.,Speaker 1,https://reflect-claremont.cablecast.tv/internetchannel/show/9876?site=1&seekto=6222
1:43:44.66,1:43:45.22,6224.66,6225.22,Marjorie Erickson,SAU 6 Board Chair (Unity member) (chair's recognition or procedure absorbed into another cluster),All those.,Speaker 17,https://reflect-claremont.cablecast.tv/internetchannel/show/9876?site=1&seekto=6224
1:43:45.22,1:43:46.02,6225.22,6226.02,Marjorie Erickson,"SAU 6 Board Chair (Unity member) (calls to order [0], asks 'Mary' to call roll [2], opening statement on 'my tenure as chairman ... before you elected me' [10]; later: 'myself as the SA six chair' [582] listed apart from 'Sarah Lowe from unity'; 'The board six chair ... she's actually from unity' [569]; roll call has Marjorie Erickson present [5]; cluster also carries Cory LeClair, see overrides)",In favor.,Speaker 1,https://reflect-claremont.cablecast.tv/internetchannel/show/9876?site=1&seekto=6225
1:43:46.10,1:43:47.94,6226.10,6227.94,Unidentified,Unidentified - cluster mixes several board members' short remarks,Say aye.,Speaker 22,https://reflect-claremont.cablecast.tv/internetchannel/show/9876?site=1&seekto=6226
1:43:48.02,1:43:49.94,6228.02,6229.94,Marjorie Erickson,SAU 6 Board Chair (Unity member) (chair's recognition or procedure absorbed into another cluster),Any opposed?,Speaker 17,https://reflect-claremont.cablecast.tv/internetchannel/show/9876?site=1&seekto=6228
1:43:50.02,1:44:02.24,6230.02,6242.24,Marjorie Erickson,"SAU 6 Board Chair (Unity member) (calls to order [0], asks 'Mary' to call roll [2], opening statement on 'my tenure as chairman ... before you elected me' [10]; later: 'myself as the SA six chair' [582] listed apart from 'Sarah Lowe from unity'; 'The board six chair ... she's actually from unity' [569]; roll call has Marjorie Erickson present [5]; cluster also carries Cory LeClair, see overrides)","Any abstentions. Good. Well, thank you very much.",Speaker 1,https://reflect-claremont.cablecast.tv/internetchannel/show/9876?site=1&seekto=6230
